{"type":"FeatureCollection","features":[{"type":"Feature","properties":{"shapeName":"Tongren County","shapeISO":"","shapeID":"62558664B10004197600663","shapeGroup":"CHN","shapeType":"ADM3"},"geometry":{"type":"Polygon","coordinates":[[[101.63389760029406,35.51130220033633],[101.63799780015842,35.507807399791716],[101.64399310000164,35.50710050028789],[101.6668952999782,35.51619050039136],[101.69001330037355,35.51594230009715],[101.69783280034352,35.50710279985441],[101.71939560042665,35.4889317002378],[101.72183010027896,35.48060239978099],[101.71921539967104,35.4785915003975],[101.7198642002727,35.473782900060826],[101.72270570000813,35.470371499944804],[101.73670259994509,35.474299500321706],[101.74180959983323,35.472682100198824],[101.74805150007671,35.47560879990624],[101.74587629995136,35.481076900078904],[101.74994300006944,35.48839269966339],[101.74672750017407,35.49347489984683],[101.75253940037311,35.49677199972808],[101.75504999995758,35.49447590014273],[101.76214299969973,35.49347489984683],[101.7689707003376,35.489871300220386],[101.78569190036097,35.48538940020069],[101.79628419995595,35.484465300033605],[101.80053999962132,35.48261709969944],[101.80602530022747,35.4833102000058],[101.81160519962032,35.47722620002918],[101.82176990036066,35.479430899716306],[101.82842589973552,35.474231400059125],[101.83158179976033,35.46779409961806],[101.83666719973155,35.46798370008776],[101.84196339989103,35.46528779969225],[101.84224710002371,35.46028089974379],[101.84981300016989,35.458277999829875],[101.84899019963808,35.45126250006439],[101.85520370019066,35.447492499779116],[101.85737890031606,35.43200510035513],[101.85299219983023,35.42441119981709],[101.85397420014925,35.412506800148776],[101.85633859964673,35.407496599688386],[101.85529829987672,35.4051070002879],[101.85142080002998,35.40294860039762],[101.85017320023309,35.392222700217474],[101.84461139969642,35.38567919973531],[101.84432769956373,35.37673470004643],[101.84801609986317,35.370257100085155],[101.84272000042773,35.366169700271485],[101.83723469982158,35.36601549981549],[101.8317494001148,35.371413800006906],[101.81878839956505,35.37181810012527],[101.81496529970889,35.36604750039186],[101.7870504998807,35.35748760027258],[101.78956940020771,35.35352069972055],[101.7899183002894,35.347533900269354],[101.79373070001185,35.34287550020423],[101.79704079959328,35.33076290028765],[101.79514929960055,35.32705929964703],[101.79675710035997,35.32443589989691],[101.79581129955187,35.32134929983039],[101.798932299586,35.31695080023928],[101.79798649967728,35.310699899580754],[101.79240670010915,35.30807589998284],[101.78890740025639,35.302055800434914],[101.77613989963675,35.30082080013989],[101.7699925999786,35.303985300381385],[101.75731969994428,35.301129600350805],[101.7606141000607,35.293683399968984],[101.74190420041856,35.28530529959994],[101.73112280037702,35.28762119955877],[101.72904219993762,35.29009149962309],[101.72043590019672,35.29248450025955],[101.71665300003599,35.291944100340004],[101.71391029982055,35.28407009965542],[101.71012739965983,35.28082760031356],[101.71116770032916,35.27727610021191],[101.71599100008467,35.271717100164096],[101.72090879970142,35.27025000013742],[101.72613739962134,35.26451829967982],[101.73944530016053,35.24337519970578],[101.74483600018135,35.229625400192106],[101.75051040033475,35.222981500296044],[101.75032129988813,35.22522190037046],[101.75315849996485,35.225994499846365],[101.75533370009026,35.231402199751756],[101.77339730014535,35.23464670008519],[101.78162520024284,35.2432980001027],[101.78692140040238,35.24615580005019],[101.78711049994968,35.24924519970625],[101.79183130037427,35.25502040037122],[101.81236170033225,35.24661920001614],[101.83647810018425,35.24700540037895],[101.83874789999567,35.24283450031197],[101.84801609986317,35.24322069977552],[101.85160989957728,35.24909069977605],[101.85387970028802,35.2497085996722],[101.86201299980019,35.248472799879835],[101.86730919995966,35.25272060007569],[101.86524069989844,35.25663469963172],[101.86948440008507,35.28291210021331],[101.8788335002659,35.30361619972791],[101.88630670009417,35.30573740006099],[101.88821040028978,35.30437020032451],[101.89596380008936,35.308734299948014],[101.89871919963144,35.31439220023992],[101.90267869966232,35.314188400374405],[101.90526770034415,35.31567970025799],[101.90458239985793,35.318413599707924],[101.90854210043767,35.31586610004052],[101.91219729956578,35.307974499623526],[101.91379640028373,35.30710449997275],[101.91509089972533,35.30809880031944],[101.92217280003473,35.314934100228584],[101.92483800027355,35.330839400218224],[101.92986380037416,35.33326219989067],[101.92826469965621,35.34096500023463],[101.93131060000422,35.34133769997493],[101.93443269990922,35.34388449996976],[101.93283360009065,35.34525100003367],[101.93351889967755,35.34723859978163],[101.93694559995953,35.348294500091185],[101.93862090023441,35.3468038000554],[101.9412099998417,35.334007700095356],[101.95902879993923,35.32232799963754],[101.96108480032336,35.318351499721985],[101.96451149970602,35.316487500098106],[101.97669529984825,35.315244799807715],[101.98979290022226,35.30275440009552],[101.99070669955461,35.2932456001044],[101.98225420007134,35.28124909996603],[101.9900213999677,35.26838050025992],[101.9917727999748,35.26396619958052],[101.99063049999762,35.26154129999105],[101.99832160016177,35.256566899742666],[102.00075829975577,35.24748799997127],[102.00593649986962,35.25084609996759],[102.01377980039751,35.24823419984847],[102.01553120040461,35.23803479966631],[102.01834869993263,35.23536040026232],[102.0230698996562,35.223293100096555],[102.03098939974109,35.21999610004002],[102.03746210019585,35.2147081997237],[102.03670060015264,35.20767770016579],[102.04119339995549,35.20568670008117],[102.04789439960689,35.19790880005115],[102.05071199985895,35.18434240018166],[102.0491128002156,35.18197730011235],[102.03441610002307,35.178243000214366],[102.02992330022016,35.17444610030731],[102.0266489001267,35.174944099890354],[102.01781569963487,35.17176960008703],[102.01827260020042,35.16977769978109],[102.01400820031824,35.16678980030906],[102.01294209989805,35.16349039996203],[102.02253690025782,35.165918199865075],[102.01994779975121,35.16286790003363],[102.0212423999169,35.15720269994472],[102.01903410024357,35.14829939999737],[102.03890889982591,35.14070279969451],[102.04324940033962,35.12806100001518],[102.04347780026035,35.11224039997455],[102.044467800049,35.11049629976446],[102.04949360014956,35.10856510009933],[102.05383409976395,35.099095800131124],[102.04972200007029,35.08925149995679],[102.0516257002659,35.07847129961084],[102.05878370030757,35.07753650020936],[102.06700779987011,35.07354809956519],[102.07142440011603,35.073485799929756],[102.07515569987572,35.0707435997374],[102.07964849967857,35.07049429957232],[102.08520739990166,35.06638079963426],[102.0961728003345,35.067315699759774],[102.09723889985543,35.06320209999694],[102.1049299001948,35.05703130015445],[102.10713819986807,35.05285480000907],[102.10652900001338,35.0478677004341],[102.10409230041938,35.04493760038997],[102.10698589967961,35.03976290043755],[102.10317850018771,35.033029199637895],[102.10394000023086,35.031782099864074],[102.108432700209,35.02835259999256],[102.11056490015011,35.02380049979331],[102.11977889967653,35.01899870012994],[102.13082089986472,35.01595439967588],[102.1353653000686,35.01016899979953],[102.13804679962016,35.009170600343],[102.14511630007723,35.013895900075795],[102.15502980038502,35.01096759957511],[102.15974270026544,35.0218816999805],[102.1674622001205,35.02647320037795],[102.17217519982569,35.0329273999796],[102.18907690007893,35.032794300316766],[102.19639009972337,35.036919500434635],[102.20914759988187,35.035256099989056],[102.21191039994505,35.03678639987248],[102.21069150021265,35.04716490004017],[102.21711089964833,35.059803499931604],[102.22320530028446,35.05927139985528],[102.22694310034387,35.055546499671266],[102.23393130028933,35.05614519994106],[102.2382379997839,35.052353599738865],[102.24628260006199,35.051422299599494],[102.24937039982416,35.049227100350436],[102.25270200039705,35.05022489995923],[102.25595229955906,35.05375049958593],[102.26643460037656,35.05341789971635],[102.27033499966058,35.05581260007148],[102.27756689969272,35.05707640025571],[102.28593649966979,35.06266360034493],[102.2927622002154,35.070910600244076],[102.29479359964495,35.086338299972624],[102.29828769961773,35.09092609965984],[102.29983159994845,35.1065494999595],[102.3055197003739,35.110737300086384],[102.30820119992552,35.11592199960063],[102.30925760025809,35.1302115002606],[102.31437680034912,35.13193930025858],[102.32095870008402,35.13160699986321],[102.33282240003382,35.1373219999104],[102.3374541001267,35.14150829996811],[102.33972930036697,35.16017790009005],[102.34289839974139,35.16403089970629],[102.34801769965719,35.16602370023361],[102.35533090020095,35.16290160032867],[102.35866249987453,35.16296799997326],[102.36426929978842,35.16516010015857],[102.37085120042263,35.16144010038039],[102.37954580009864,35.16369870003501],[102.3915720003476,35.17073989972664],[102.3947409998973,35.17545579974541],[102.40164800005522,35.179241700044486],[102.40237929996476,35.18282810013676],[102.39750379996048,35.19670740022639],[102.3938471996886,35.19790260012496],[102.37832690036623,35.21410290022874],[102.37499529979328,35.229968100347605],[102.36768210014884,35.2314282998762],[102.36313169966826,35.2368044003029],[102.36345670026657,35.23959190024607],[102.367844600448,35.2446357002774],[102.36597570041829,35.25332879988429],[102.36865719996985,35.26215359980881],[102.36719460015075,35.2642768002342],[102.35468080007894,35.27044679968009],[102.33704779991609,35.28397940032909],[102.33379749985477,35.284311099977344],[102.32429029975759,35.27907079987756],[102.31982109996386,35.28238749958348],[102.30828250043709,35.2829845001346],[102.2996690996493,35.28948470005889],[102.28878050041982,35.293928500300126],[102.28674910009096,35.29936669981339],[102.27732309978131,35.304937300216295],[102.28073599996651,35.31276190024158],[102.29170579988283,35.316740300424556],[102.30812000013793,35.31282820006146],[102.31551439956996,35.34120270004462],[102.31470189987283,35.343854100186604],[102.30470709995274,35.35087960041329],[102.30446330004133,35.36009150002275],[102.2872366000891,35.36492890024857],[102.28431129972677,35.367314399639895],[102.2821985997856,35.38348089962386],[102.28016720035606,35.38619699969183],[102.28244239969706,35.39600100034596],[102.2874804000005,35.39898169984565],[102.28609899996894,35.405671299690766],[102.29203090030586,35.409247700221215],[102.29024320006368,35.42083680027815],[102.29146209979615,35.42533949981811],[102.30153810040309,35.42540569981327],[102.3043821002538,35.430504100383985],[102.31291419963065,35.4348738999106],[102.3227464003262,35.42871640014181],[102.32680929990931,35.42785570038035],[102.33753539973895,35.4301731004083],[102.35988129978222,35.42487600002744],[102.36248160044556,35.42216120037915],[102.38564010001068,35.41626760036951],[102.39709749974986,35.410042399637064],[102.4034357002974,35.40851919990121],[102.40562960002609,35.40904900041107],[102.40611719984895,35.41077089995713],[102.4053046003271,35.41759199957119],[102.41164270015054,35.41805560008595],[102.41538060003472,35.416797399980055],[102.44367950030875,35.43602599980011],[102.4477197999289,35.44291280028557],[102.44830320003274,35.44844120000141],[102.44178869998859,35.44880769981552],[102.41936930015316,35.45962990029972],[102.41770849964757,35.46185209989454],[102.41023539964402,35.46397769971111],[102.4021690996243,35.470836999827725],[102.40098290014078,35.47566720008126],[102.4024064001353,35.47962779998301],[102.42067410042944,35.49131509971215],[102.42174170001948,35.49739949988708],[102.41806440005206,35.50744270042031],[102.41853890035003,35.51719490012459],[102.42423269977934,35.53708199973454],[102.42423269977934,35.53997769981106],[102.4215044004078,35.54296989984107],[102.41557340029226,35.54296989984107],[102.40560909998004,35.53891599977362],[102.40371120041164,35.54046030030264],[102.40323670011367,35.54528629982292],[102.40584639959172,35.54866439984221],[102.40264359992227,35.55484100031197],[102.38734139968591,35.561210099766356],[102.35222940016672,35.59073309965288],[102.34784040011442,35.60925179983076],[102.32328570037481,35.6187023003709],[102.31806640034415,35.61899159968266],[102.30169659961842,35.62439139994319],[102.28591989998347,35.62506639959474],[102.27322740012448,35.62352360003416],[102.26599140008312,35.624680700154215],[102.25543410030355,35.6300801002165],[102.22969320018109,35.648975199945596],[102.219254500295,35.662179899682656],[102.22281320036899,35.67991120024175],[102.21996620037993,35.691954600024815],[102.21023930040343,35.70871609956839],[102.20146130029883,35.71102779969323],[102.19576740014548,35.70996830029685],[102.19007359981686,35.706789699585045],[102.17785560025578,35.6957118002594],[102.16907760015118,35.69311070009877],[102.16029960004659,35.694074099739964],[102.15721540027056,35.701973400152326],[102.15128430033025,35.70861980016372],[102.15021669984088,35.71632499989886],[102.16836580024153,35.727592600418234],[102.1649257998858,35.730577800125445],[102.13099999985019,35.73259989966567],[102.12186610024037,35.73606629962006],[102.11974849989343,35.73876920033837],[102.12026429975771,35.74129319982137],[102.12374690009943,35.74382009961795],[102.1356607003811,35.74564310004911],[102.13985979959011,35.747862300404904],[102.13740760018067,35.754279699748395],[102.13003029955871,35.7605421998627],[102.12719909975868,35.76821840005914],[102.12191909998654,35.77316739985565],[102.11435550030615,35.77079559983713],[102.10855509973811,35.77068360006814],[102.09964740030733,35.76524879999215],[102.08783949969319,35.76300760042045],[102.08045099981388,35.75762840003068],[102.08038190040446,35.75331349961834],[102.08279869980021,35.750119300165636],[102.07692929964753,35.74838199972953],[102.07347669978992,35.74524359961248],[102.064085700195,35.74288969969996],[102.06463809976856,35.74120830022292],[102.07016219982575,35.738349900427636],[102.07962229972941,35.73778939976103],[102.07879370036903,35.73571550017027],[102.08328209978913,35.73582759976398],[102.08487029982456,35.734482400142724],[102.07244090022743,35.734146099562906],[102.06401659988626,35.72842860029971],[102.05462549956724,35.72674690044914],[102.05545419965165,35.725569699582024],[102.05718049958045,35.72719540044744],[102.05904490030196,35.72624239966706],[102.05697330027766,35.72321519982165],[102.06049500044395,35.72046829977228],[102.05897579999322,35.71637570007857],[102.06159979959114,35.712675300125056],[102.05931149982592,35.71101530001613],[102.05439549975256,35.71032440035083],[102.04796680042756,35.70341540010071],[102.04295629959358,35.7024173999431],[102.03936380029921,35.697273499972084],[102.03406960023193,35.69520060042743],[102.03038250035218,35.69143830013752],[102.02489929966299,35.692129400351575],[102.00551870002806,35.679382700151564],[102.00126450025653,35.67830750039087],[101.98632729976515,35.67861469980858],[101.98093859983658,35.67585010020201],[101.97658980037903,35.67692520013793],[101.97498260036679,35.6749285001502],[101.96789219966536,35.672163699994826],[101.96711069959917,35.66974670005021],[101.96568039983066,35.67033449963748],[101.963267200421,35.66875089963435],[101.9623201000926,35.661739200403815],[101.95456210026077,35.66617310000862],[101.95238769963271,35.6699365001694],[101.94614819967973,35.671242099943015],[101.93943590004682,35.676464400112025],[101.93291269996121,35.68606340030573],[101.92676760004474,35.688520599945775],[101.91258680044052,35.68898130014696],[101.90899430024683,35.690363399851094],[101.90823800008371,35.683913300258666],[101.90975060040995,35.68038099978338],[101.90852160039162,35.67823070008677],[101.91050689967375,35.677386000163835],[101.91041239981246,35.66479050028141],[101.90908880010812,35.66417609964731],[101.91107410028957,35.659260200298036],[101.90976689972268,35.65862440029588],[101.89645309963089,35.65998769967263],[101.89545530002215,35.66188100010811],[101.89122859972014,35.662786399772585],[101.89149370007425,35.66442859960023],[101.88228529972685,35.66377069965813],[101.8715474997174,35.66992179985124],[101.87111970031395,35.6724435995925],[101.86875110008327,35.67243440042728],[101.86640659988473,35.67662380044811],[101.86149590041555,35.677673499932155],[101.86130820021333,35.67912340042466],[101.85923529976935,35.6781559996997],[101.85738529989175,35.68066119975464],[101.83818750005315,35.67952399983278],[101.83778140039135,35.682143000099416],[101.8417923002745,35.688441500075214],[101.84192599978513,35.698214000175994],[101.84486739981071,35.7008198001937],[101.850215300196,35.71417320013313],[101.8312301000891,35.72046919999366],[101.827219200206,35.71818960026991],[101.82414409977042,35.722531500128696],[101.81759290019227,35.72665610039877],[101.80876879994025,35.72546210019584],[101.80047950042865,35.72839270026299],[101.79954360025698,35.73121450034898],[101.79620109990088,35.73023769990999],[101.79419560004698,35.73273400027392],[101.78938250040216,35.730671899788376],[101.78563889971554,35.7268730996139],[101.7829414003254,35.71425940015126],[101.77020400001464,35.716889700399406],[101.77227829980376,35.70497030003935],[101.76751760005726,35.69582549974706],[101.76834160028466,35.68734900005637],[101.76225000013744,35.68174000040074],[101.75753839977739,35.66317830003857],[101.74005190007517,35.651201899747946],[101.72512889987888,35.64428299976066],[101.71945270018205,35.63408950003043],[101.7139567003415,35.63288319979989],[101.70944600043265,35.62816650028384],[101.71011430013488,35.62337379996097],[101.6989450000118,35.61049819993201],[101.69299409969801,35.605957799912574],[101.68736819998253,35.60468839965],[101.69081769987702,35.59148500033257],[101.69336030003785,35.58801679993542],[101.69354340020783,35.582581599661125],[101.68841650012143,35.58280500025063],[101.68850799984438,35.5845175000826],[101.6831064000404,35.57967769956622],[101.67770480023643,35.57975220030386],[101.67279619978484,35.58276059982188],[101.67569070016572,35.5780395997478],[101.66690169955388,35.55256959970734],[101.65487929983988,35.53777950042365],[101.66650479995661,35.532933499981084],[101.66552839971592,35.528730799886546],[101.64785879984379,35.520310999752894],[101.64062620013908,35.51390250010036],[101.6353618000071,35.51356099964045],[101.63389760029406,35.51130220033633]]]}},{"type":"Feature","properties":{"shapeName":"Amdo County","shapeISO":"","shapeID":"62558664B86506123144971","shapeGroup":"CHN","shapeType":"ADM3"},"geometry":{"type":"Polygon","coordinates":[[[89.28795960005556,36.23384590036807],[89.28592559978665,36.22596140009858],[89.28691079989358,36.21317769999092],[89.29339690024682,36.20463190034195],[89.29347900025573,36.19959680035208],[89.29791249966217,36.19343490020054],[89.29865149956709,36.18886289980304],[89.2944642003626,36.18356170031228],[89.2828877996323,36.17627190012814],[89.28296989964122,36.16878269956197],[89.2800142003951,36.16294980019319],[89.26843769984004,36.15274129977121],[89.26359370038904,36.15194570013398],[89.25538340002396,36.157447999725434],[89.2479941995727,36.15956920005857],[89.24183650015442,36.163413800006936],[89.23075259965282,36.162750999658954],[89.21359319956656,36.16778849993938],[89.19897889975647,36.169975699718805],[89.19470960036784,36.174283699633065],[89.18436459994638,36.178392700262975],[89.18066999972075,36.18210380035015],[89.17229550023723,36.18634489969742],[89.1704893000412,36.18859790017302],[89.1700787999967,36.19462759998379],[89.16326130036879,36.19538390014691],[89.157144699968,36.19372740019941],[89.12906560029728,36.1936612002043],[89.11991119974215,36.187664500116625],[89.10427059990832,36.190513799672146],[89.09640049958347,36.18935680027619],[89.08444110007679,36.180360200163136],[89.08629889977448,36.17642380011836],[89.10800160019375,36.16560590019219],[89.1401643000425,36.15276279986335],[89.14968540006123,36.14169909993359],[89.16698580035444,36.13551030016026],[89.20635509960823,36.1121638000194],[89.21210379995046,36.08584240010674],[89.23941020032055,36.07809909969376],[89.24324260006603,36.07074230001717],[89.23030800001425,36.054477399812185],[89.26336309982725,36.05176620015004],[89.27965119984304,36.03975859967966],[89.29162760013372,36.01496289961818],[89.29066950019734,35.999849199980645],[89.29450199976753,35.98473260002953],[89.28539990018533,35.97736710031148],[89.29498110009774,35.97155169995102],[89.32899429984712,35.96302169959182],[89.340345200071,35.936556700431424],[89.31407229969693,35.91368569973531],[89.30914620023702,35.88575289997641],[89.32786560031724,35.87617370015619],[89.31013140034389,35.83731259969676],[89.26973690003797,35.838111300196374],[89.24444929959554,35.82559740029984],[89.28188809975603,35.80615679969662],[89.28822780037274,35.787294699690676],[89.27786499967004,35.78481490008761],[89.26579599978561,35.785379499864064],[89.27663350043576,35.74647399987526],[89.27400620032597,35.73314579983884],[89.25857090042678,35.72141519955187],[89.25167430002898,35.70141579979935],[89.25889940028713,35.6888802999859],[89.2559437001417,35.66967310043327],[89.26218349956889,35.65339680042206],[89.23459699995163,35.65473100043539],[89.22999919980327,35.64112060033551],[89.24904699991919,35.591997100385925],[89.2290139996964,35.560210999737876],[89.20996619958049,35.53990400036935],[89.21259349969034,35.51130519957536],[89.15183750020054,35.496066100270355],[89.11209989979062,35.47654520010093],[89.12063860019128,35.43320790042429],[89.11439879986477,35.41393940038307],[89.06480879998617,35.39038269990175],[89.0503587001939,35.39493399970439],[89.03919280040748,35.39225679981149],[89.03853589961216,35.38449250022876],[89.01948810039556,35.375120800084915],[89.0066800997069,35.378869599752306],[88.974495899766,35.3657480000702],[88.9383707995728,35.36146289959322],[88.8533123997475,35.36708699976526],[88.8276964001688,35.32529849992591],[88.85068520036174,35.22743969958253],[88.83984759988687,35.20141350033282],[88.81718729955429,35.17833180017249],[88.81751569958993,35.158733999874244],[88.82572599995501,35.14772489958449],[88.85462609971478,35.137520099872745],[88.85889540000278,35.110121799581464],[88.85035680032615,35.09588180030488],[88.85298399971185,35.074382799926354],[88.87630119994049,35.02679610015997],[88.78767699989368,34.95336109963512],[88.77322699992618,34.91512979980047],[88.7725701998549,34.86879770015378],[88.74367000027036,34.8197434003377],[88.73119039961733,34.77713410005873],[88.7156521003642,34.75955130005252],[88.71054320020858,34.73531850004878],[88.73910650026482,34.73150169994352],[88.72819210038517,34.71642340031974],[88.7442152996964,34.7105058999274],[88.7328364998047,34.68740429956881],[88.74305420029117,34.677474400123515],[88.78485409993681,34.67575570036536],[88.79071759963756,34.6652514003319],[88.8207903002322,34.653655499601655],[88.8315886003337,34.64658719973954],[88.83369649969376,34.64165500017816],[88.84122580013064,34.63884969995377],[88.84319959978177,34.636747999620525],[88.85179179995168,34.635315000087246],[88.85341740009301,34.62910499969604],[88.8637736995966,34.62039900021375],[88.86131289997041,34.606076300181144],[88.86421570019445,34.5942250999085],[88.875478400308,34.58304130001602],[88.89568159992598,34.57539339968571],[88.90183549970862,34.575775800412885],[88.90438989987405,34.57223839988228],[88.91193710041694,34.57013499983043],[88.92366430036725,34.553114900232515],[88.9292375996356,34.55072410023706],[88.92877319962355,34.54670749955153],[88.93121150001076,34.54326449995676],[88.92540600028673,34.519350999748895],[88.94983059960254,34.47393370038003],[88.94851700035935,34.407306000271774],[88.94359080017534,34.38969219973529],[88.95278629974797,34.3726168997502],[88.99416600016082,34.33547280022958],[89.01091490020252,34.301839199819256],[89.03226160039259,34.28773070031161],[89.03291839956455,34.26629220002508],[89.02437979988792,34.25733529958444],[89.027663900069,34.243762299590514],[89.07101409962104,34.22448499968306],[89.10845289978158,34.20194389999102],[89.11272220006953,34.176951600036375],[89.12145700034034,34.15896730040066],[89.11764830042875,34.140944200414594],[89.12536599984105,34.13170199994738],[89.13052240038854,34.116907500280945],[89.13456150031305,34.111175500349134],[89.13458620019304,34.10623669976394],[89.1451522998388,34.095708799721365],[89.14973870018093,34.086525799825836],[89.15206089989067,34.07561070027367],[89.15972420021171,34.07181180027442],[89.16843250015984,34.060942899795066],[89.17830190041241,34.053968699595885],[89.18399130035829,34.052044699903036],[89.19682149991235,34.05348769989746],[89.20698120042209,34.05242950002145],[89.2150508998792,34.05483450031198],[89.21824389963632,34.05743179993766],[89.21708280023108,34.06180859978713],[89.21998559955586,34.07426430005745],[89.22788110033258,34.08469870028483],[89.24076939968808,34.095997199711064],[89.24936049998712,34.11719340015537],[89.25436880018003,34.12195130031233],[89.25995169971122,34.13343709974242],[89.26101739993311,34.14338960005006],[89.26472470038465,34.14864949997451],[89.26476569957742,34.1653287996844],[89.27285280001678,34.17276720024614],[89.2721959999455,34.17918609965881],[89.2660382996279,34.18414419969508],[89.25996270021852,34.200205399859385],[89.28022460038505,34.17312130020787],[89.28138569979029,34.16831799957606],[89.33176320001172,34.1488636996001],[89.33833140037387,34.14315600024929],[89.35475190037994,34.14043790008907],[89.35984229968244,34.12331189992432],[89.37199350029988,34.11311619955302],[89.38611510023173,34.1116206998355],[89.39399699966185,34.10047179993364],[89.39465379973313,34.093672999909074],[89.40535960006554,34.06385769967318],[89.40446570003206,34.04904550044955],[89.39552640022328,34.037934599602124],[89.4032737997461,33.994464899935224],[89.45386589979148,33.96883119990002],[89.47442630023363,33.96932539984738],[89.47681009990623,33.96240570036281],[89.48306759978993,33.958327700263226],[89.48411050039931,33.95400240009076],[89.49319879988474,33.947699399907435],[89.48962309992618,33.93422670040195],[89.4787470003738,33.926315099961926],[89.47755500026312,33.92211180001959],[89.46787080009739,33.91902100011913],[89.4739793003045,33.90826410030803],[89.48500450025756,33.89614550011481],[89.48753729960674,33.88736459969658],[89.4848554996816,33.8843962002245],[89.48768630018265,33.87808809998586],[89.48411050039931,33.87338750013305],[89.47949189983137,33.87215049974583],[89.48068380011733,33.868934200353124],[89.4777039999397,33.848643799771594],[89.47293639969513,33.84307549983453],[89.46876470013086,33.8326803001558],[89.46414609956292,33.83008129991214],[89.46355009995722,33.82649210023027],[89.45535580032998,33.82166490011508],[89.44626749994524,33.82352150011718],[89.4459694996927,33.82005579983536],[89.45490880040086,33.80458219960889],[89.45490880040086,33.789724799559906],[89.46280519960033,33.7718925995639],[89.46787080009739,33.76817709999324],[89.50720380001542,33.75802050034588],[89.52567830031336,33.76334670009021],[89.55756190006167,33.77659869967033],[89.56292549991196,33.773502600065],[89.56158459994941,33.761364900070134],[89.56262749965941,33.75071199965913],[89.56873599986653,33.74637619990176],[89.58676360006018,33.74402229998918],[89.59495800041145,33.74067730041713],[89.59272309969134,33.732128200256284],[89.59749079976064,33.7178779999698],[89.59585190044493,33.71304469975314],[89.57737730032221,33.700898400440906],[89.56873599986653,33.692097499999704],[89.56530929958456,33.67908039974071],[89.60175709991029,33.65484380010133],[89.63246690002745,33.638619099591835],[89.63799779985862,33.63458440005007],[89.63963069979701,33.631119599989574],[89.64605709955555,33.628795099814056],[89.6496916997122,33.624584400249944],[89.65006040016738,33.61901379984704],[89.6546958998959,33.610942299947226],[89.65106129973924,33.60765199983996],[89.64684719983848,33.60905590000982],[89.6467946002906,33.605239099904566],[89.6435813999617,33.605107500310964],[89.64210650011495,33.61098609962886],[89.63783969994228,33.603922999646784],[89.63857719977801,33.60050079957227],[89.64389740014497,33.59589390008347],[89.64853289987349,33.5952357995925],[89.6536423998769,33.59813160039312],[89.65975269962746,33.60545850030957],[89.66259720040051,33.605414599903895],[89.65805809990144,33.59817549989947],[89.66100789959495,33.592734800270875],[89.66711820024483,33.58773250035466],[89.67923359975089,33.58492410016714],[89.68239409980794,33.587205899632636],[89.69745920008205,33.58764470044264],[89.70915319976041,33.59747349990215],[89.71210300035324,33.605283000310294],[89.71726519972924,33.610021000269],[89.71989900013881,33.615372899939416],[89.71852940011178,33.61818030008084],[89.74012629978898,33.61809259999353],[89.7812202999769,33.60868769957773],[89.87746049960242,33.5967437998865],[89.9146331004373,33.587280699844484],[89.92308819986062,33.57316150020313],[89.9272599003242,33.55764339972319],[89.93422510010834,33.543736699988756],[89.93061219969331,33.53737240021616],[89.93232549992194,33.53085239991839],[89.94782029986698,33.52672280031703],[89.96249569961691,33.517779899622724],[89.98696699982725,33.48724899984154],[89.98964879975239,33.47842620000915],[89.98916460026612,33.46975790010708],[89.986296600208,33.46568760000281],[89.98167799964006,33.46282889983394],[89.97318559993556,33.449093500264894],[89.97352079974519,33.43743839986229],[89.9607822995635,33.42727389967081],[89.9616390000399,33.41253790000411],[89.96018639978257,33.40650599955228],[89.96145279990685,33.403427700228235],[89.96506570032187,33.40103340007141],[89.9710252997778,33.400038300227436],[89.97862369962411,33.39500070012224],[90.00362669971247,33.39414599973816],[90.02066230002521,33.38264469959324],[90.01420110010076,33.37840589981249],[90.00764300002447,33.377625200142916],[90.00469320033096,33.375403800045376],[90.00188180000515,33.36929450034097],[90.00470250022028,33.36336240035456],[90.00403960004758,33.36144580028349],[90.00832319955606,33.3550992998928],[90.01974610040224,33.34572790012254],[90.02076599995098,33.33857090012697],[90.02668140042636,33.33345830016049],[90.02790530038936,33.32152790019251],[90.02076599995098,33.308743600236994],[90.02258269973186,33.293236799738565],[90.02625429979616,33.289315199836665],[90.02890610013645,33.27567339990753],[90.04073690018782,33.26782839966097],[90.03665730019429,33.258959300031734],[90.04094089970283,33.240877200022794],[90.03257770020076,33.21613620032542],[89.97607519991061,33.08617379998094],[89.93736999962584,32.94386610014044],[89.94440729985706,32.94322410021209],[89.95399440022146,32.93594860014781],[89.9541982999117,32.9323534001893],[89.94548260034179,32.91921839970945],[89.9632245003105,32.914075599609305],[90.00646830017195,32.91253439994267],[90.05592409961758,32.92680730001695],[90.0696927003579,32.92954669972045],[90.08850989991203,32.9305312001548],[90.09615919958748,32.92406790031339],[90.10462440019597,32.91995850038455],[90.11212060018562,32.9189739999502],[90.13496640007935,32.907286800045824],[90.14042289989698,32.903733200027204],[90.1432785999275,32.89949450007117],[90.14643580037193,32.89853909989961],[90.14875309967584,32.89191839981436],[90.1452343996479,32.89093350008102],[90.13987990003744,32.88624449968398],[90.13429599956078,32.88493839988729],[90.13253660008411,32.8824116997402],[90.12409699957692,32.8790926995685],[90.11554500000182,32.88275830025543],[90.11238330024918,32.879674800151975],[90.09810470027173,32.8773621998057],[90.0840300998093,32.8639133997836],[90.08994550028467,32.848149100001024],[90.08668180032487,32.843179299784936],[90.08790570028788,32.839066200045124],[90.09504499982694,32.83640969984782],[90.10422410026206,32.835981299697266],[90.11054749976734,32.82972529988274],[90.11146540000829,32.825440200305025],[90.09878239968805,32.81474360003716],[90.2142067996042,32.68955199972504],[90.28381269999619,32.61733060012716],[90.27453150042845,32.61184149988537],[90.2721618003269,32.60152790019248],[90.27522259974324,32.598034200418056],[90.27581500026213,32.58937690012391],[90.2786375000207,32.58713070032161],[90.2867339003493,32.58704750044183],[90.2869658004314,32.57551679966065],[90.29018099995324,32.57436099996022],[90.29146459961163,32.571108799631475],[90.29179070008081,32.56084309962938],[90.35426199989143,32.41825679971157],[90.34004380018132,32.37540499994083],[90.3751941998525,32.285967800173864],[90.36754900018627,32.22556010001864],[90.38457829984873,32.23262110008375],[90.39702840004071,32.232441099876894],[90.4050093004389,32.23019080006543],[90.41565039994606,32.2328011002906],[90.43618780022683,32.23325120018279],[90.44799949957729,32.23703160022819],[90.45725729968467,32.23667159981454],[90.45895989977959,32.23910180000814],[90.46791480012797,32.244144000145525],[90.47490789957993,32.244144000145525],[90.48903959979776,32.23909180044626],[90.49676109974502,32.23169780031327],[90.50623079991152,32.22960279992935],[90.51468070035412,32.23083520028433],[90.52575299960131,32.22479630040897],[90.53536839983184,32.22553580033696],[90.5550362995856,32.22344060030349],[90.56596289966814,32.22418010023148],[90.57077059978343,32.22713790029394],[90.57763540015367,32.227582400107735],[90.58330129991509,32.23193960013248],[90.59215699964585,32.23574589975351],[90.60125269965243,32.21133010030394],[90.62301640018677,32.19068180012505],[90.65038579986481,32.130942799870354],[90.66533459981201,32.12293740014093],[90.66533459981201,32.117072500195775],[90.67039079969572,32.109903899845165],[90.6718197001191,32.10254839968894],[90.66434540041996,32.08615940023617],[90.66509919956849,32.04616040018237],[90.65973209955683,32.04289939998739],[90.6500593000967,32.04057010013008],[90.64764109955718,32.03507260022036],[90.6444535002289,32.03227719973302],[90.64071630001729,32.01540959997311],[90.61197289992947,31.99792739992961],[90.61185930026653,31.994990599936273],[90.60760160033362,31.992583200254558],[90.60016479966583,31.971155199552868],[90.61464110030659,31.95410549966914],[90.61441399990622,31.949192300084633],[90.61935290031613,31.949240500149017],[90.6245756996089,31.946350300326174],[90.63899519996858,31.943170900117025],[90.6437070998029,31.945338699721276],[90.65963980033655,31.946667500205024],[90.67496759977496,31.913616100202887],[90.67474050027391,31.902917599667546],[90.67984979972852,31.897905200364733],[90.68087170026882,31.88922940011679],[90.6793955998271,31.868886200337954],[90.69143079959179,31.869946799605145],[90.71459280021759,31.866089799804456],[90.7310559002097,31.87370719962763],[90.73355379956826,31.8792993999474],[90.74774620042689,31.87611770017179],[90.76863740029586,31.883252200029062],[90.78180789971486,31.88392709985584],[90.7971007002372,31.871594399861692],[90.79031659963141,31.864495399842895],[90.79261830019448,31.85960809983402],[90.79891780021637,31.853537200281608],[90.79831209962373,31.841497100111155],[90.80667110019118,31.82976420025767],[90.82278330000935,31.817515100341666],[90.83332290023174,31.817617999870834],[90.85000279978942,31.809690000293358],[90.8544572003396,31.80153650020935],[90.851630400023,31.79680420015376],[90.85559030025223,31.785903899845152],[90.86302929976245,31.778692400034288],[90.88310980037704,31.771459400131278],[90.89284529967091,31.769559899769604],[90.90054330033308,31.76235390021236],[90.90420530013455,31.75508140028643],[90.9044573000644,31.744081400236496],[90.90324379986151,31.738105899867435],[90.8996198000138,31.73185740039878],[90.8933028000842,31.725566899892556],[90.89055630023313,31.716354400435307],[90.88865679987146,31.705093400040425],[90.89425730003444,31.68364340012289],[90.89395879975888,31.680639400088296],[90.88602429988157,31.673999899675664],[90.88495630009322,31.666988400094624],[90.88730629964607,31.658086899690716],[90.89318079985406,31.64809989959076],[90.91642050010603,31.62687659987523],[90.95821800036049,31.633946899829596],[90.98176980043598,31.60740339974717],[90.98665200038954,31.56300909989011],[90.99050419960918,31.550766000250746],[90.99159649997853,31.524698100337105],[90.98831949994502,31.51538640026223],[90.9759597996051,31.50137289973958],[90.97507489998668,31.488260799596276],[90.97794230019707,31.482788200115408],[90.98180020021914,31.455142099728164],[90.99092930014712,31.449733999624414],[91.00239179994168,31.445820800289766],[91.04931499968757,31.44036429957282],[91.10106569992217,31.464085200071963],[91.11105999981919,31.462245099931465],[91.13326639972462,31.463233400001457],[91.15025920040182,31.46586869958088],[91.17386860025573,31.49651169985509],[91.16601740008298,31.497443099819236],[91.16629049990672,31.499888000330998],[91.17420990016683,31.50681479996308],[91.17434649999103,31.511413000309744],[91.19195580031999,31.519285400201113],[91.19342779985311,31.54016489989027],[91.20027930014965,31.54667839988832],[91.21277629998633,31.553273900070508],[91.23548130022186,31.573756900360706],[91.25462329982548,31.569896900421668],[91.26797480039676,31.58818640028221],[91.28660529979481,31.597606400315158],[91.30816630033456,31.623334399662838],[91.31809230031945,31.624383900396765],[91.32382180013605,31.619417399793235],[91.33432030044156,31.618638399842325],[91.34175129958288,31.623777400306835],[91.35510139990976,31.64251750008259],[91.36315730016935,31.646818399849337],[91.37872309979127,31.64705089977923],[91.40685079972468,31.641587600187677],[91.42664939975003,31.647748299744308],[91.43975739988417,31.644493600199553],[91.49956279978346,31.64484239955715],[91.50202050034585,31.64612099988426],[91.52495960040528,31.645074799662325],[91.5381468002347,31.661037399956115],[91.54827130038029,31.683152899986396],[91.55329880019951,31.688253399574762],[91.56349930025254,31.689746900099408],[91.57092279994731,31.69624540030503],[91.56257629995633,31.714025400052208],[91.56248480023339,31.71975339979963],[91.5773238001533,31.734128899928862],[91.59073629994037,31.738876400325694],[91.59696929959358,31.733789399561203],[91.61932379985353,31.72218340034368],[91.63536080016087,31.71572089999961],[91.64530930028405,31.706125399967277],[91.6631852999617,31.696681899749933],[91.67203529978929,31.695346900239315],[91.6792373000614,31.689462399570118],[91.68392180025091,31.67901039961032],[91.69023930020359,31.673852900091333],[91.70086680016277,31.671048900286564],[91.71847530009506,31.67138689968573],[91.74448510020727,31.6590528003465],[91.7499530996559,31.651971700433705],[91.75301029998542,31.651085600220313],[91.7527105001895,31.638842300032195],[91.76179640028369,31.640820900264373],[91.77095649984267,31.639468099573207],[91.77291939971059,31.631669200373324],[91.78226639997445,31.632067100016684],[91.79955829987568,31.637717400137944],[91.80326279983842,31.632902699699855],[91.80812320022557,31.616188800372868],[91.8242000998548,31.61093520019938],[91.83812709998574,31.60974119999645],[91.84644589995838,31.60496489971041],[91.84653939977352,31.598516599661423],[91.8498108995534,31.592306600169536],[91.85654069999339,31.59023650021436],[91.88738580041439,31.572240799873043],[91.90851000023639,31.5695332001971],[91.91301820002997,31.57242280017215],[91.92081719995389,31.581929100048],[91.93977739980721,31.594679400234213],[91.94660070006233,31.59276859989103],[91.952956600167,31.606859700215068],[91.95108720011427,31.614342299757368],[91.9535038996853,31.619580999963205],[91.95548669975148,31.62025639981306],[91.95575110043302,31.62340810000387],[91.96341790001611,31.63792699973129],[91.95915560005096,31.66113160034314],[91.96037070014773,31.667257399909147],[91.95476249998944,31.66940540003924],[91.95262140035737,31.67219580029598],[91.95486860020577,31.67663949981312],[91.94783210037122,31.711973800050885],[91.93979370001932,31.71579039960733],[91.90491060044394,31.738492299879795],[91.90662899982851,31.748047500391863],[91.90334040033929,31.75752470000498],[91.90520980039202,31.768968500196195],[91.89950810041859,31.773656899846117],[91.89324560030428,31.788117900320913],[91.90178679992096,31.7992744003933],[91.91891289991048,31.812879400064332],[91.91187449980839,31.822448600322673],[91.9100829001058,31.829298599650713],[91.91878490030297,31.83560450014761],[91.926127800058,31.83672580005566],[91.97607740015195,31.831190599666513],[91.99055560016086,31.844566700293058],[91.99707079987758,31.848563800079376],[92.01064410024509,31.8493324002701],[92.01679730035517,31.8527143997498],[92.01951190035396,31.85747970042786],[92.0157113995615,31.865472499756095],[92.0117387001809,31.8839721999571],[92.01519389997856,31.888318500198693],[92.01647360017654,31.899944100140146],[92.01314639998645,31.90505009998219],[91.98959989961571,31.91949769965919],[91.9788587999937,31.931682400022794],[91.97553230037545,31.93967239976149],[91.96417980025763,31.94209990019027],[91.94576279991333,31.9485853997964],[91.93379230007463,31.957876400175792],[91.92077629968657,31.963722399968844],[91.90997329972805,31.96523090028586],[91.89887230041637,31.968799400272133],[91.88796980036608,31.977636400399604],[91.8745728003945,31.992179900182293],[91.87120129960033,32.000007399621836],[91.87174230026699,32.022666899557805],[91.86892679993196,32.02508140028647],[91.86704230026203,32.0300598996447],[91.85778030032066,32.03704839996374],[91.84487929983987,32.05170440043776],[91.83394630018165,32.05977640036065],[91.82871279985591,32.06692139980282],[91.8273008003917,32.07811739989813],[91.8304368002182,32.08994690042914],[91.84130080029178,32.09840390011993],[91.84297180000863,32.112472399581634],[91.8402707995578,32.117648899976814],[91.84010329992742,32.12567889976145],[91.84312429984664,32.13475039991107],[91.85301229987778,32.151431900262025],[91.85437030044909,32.171459400231186],[91.85997029968962,32.177642900299645],[91.87447380032569,32.178890400271825],[91.88025679991142,32.17658590011922],[91.89537830026842,32.17624639975162],[91.90858480044824,32.18157189982338],[91.92380529997467,32.17939390010844],[91.93428030009585,32.180251900105134],[91.95640579968796,32.18522290001687],[91.96990980009724,32.185039399648645],[91.97872930031701,32.18651939955072],[91.99058480024837,32.19201640033668],[91.99414079965823,32.19627739988215],[91.99753579973742,32.20880490022603],[92.00402829966634,32.21363840009212],[92.00989530042784,32.215003900109934],[92.0151138000619,32.214969400317614],[92.02967829991366,32.20067590037257],[92.05350479970679,32.19004840041339],[92.0571593000617,32.187179400309105],[92.07466129957936,32.18638989987403],[92.09239980011074,32.178703399742176],[92.10514829985419,32.180129899875055],[92.12069680011729,32.17778789979178],[92.13153830005257,32.18501290022522],[92.14779679978255,32.18654990005791],[92.14894269974587,32.182854799809206],[92.17335609980421,32.18394539956057],[92.18106080041565,32.18201839972943],[92.18459329964111,32.18259040002698],[92.18815110039304,32.189037600205154],[92.19204340038266,32.189973299827955],[92.19640110043048,32.18819269973335],[92.19946170019739,32.18410010003964],[92.21160329965261,32.17892159955221],[92.22056189981191,32.18339850024063],[92.22635749979884,32.18321759981245],[92.22937189959356,32.18031590035855],[92.23114639958675,32.173127200160195],[92.23358570002011,32.170902299901286],[92.2372830000105,32.17046850022115],[92.24813830004257,32.17359139962343],[92.26574729999794,32.16932689991654],[92.27202629997385,32.16498540025606],[92.2894828000912,32.16930789993967],[92.30115529967742,32.18440239995084],[92.31336929995331,32.19400790044432],[92.3196943002518,32.202720400226326],[92.33198529958196,32.210723899688276],[92.33549430042166,32.216354400335376],[92.33805829995066,32.23253640013479],[92.33458729996397,32.23908239983291],[92.33433530003413,32.2567708998572],[92.32190679975906,32.273956400067846],[92.31900780006998,32.29861839971943],[92.30771630006723,32.31140140015452],[92.30551130000657,32.316295400112665],[92.30625129995758,32.32465739991915],[92.30254329983347,32.328105899767536],[92.29809579978138,32.33698289994095],[92.29731729985355,32.35514440019398],[92.29833229989578,32.359473900200385],[92.30491630044696,32.3672863998475],[92.30423529961945,32.378906399710615],[92.31641199961416,32.382827299940004],[92.32236890020465,32.3895592002969],[92.32096729960125,32.392666000035945],[92.32648619977834,32.39540289962417],[92.32832589972054,32.39377559976418],[92.35077949987408,32.39349760043399],[92.3537578998073,32.395272899924464],[92.34692500018866,32.407550899554394],[92.3453481001348,32.42101039971021],[92.33991680022024,32.42736960032687],[92.33798959984023,32.44407910017037],[92.34272010035238,32.453245799853846],[92.34850180041781,32.459011400255974],[92.36199249985407,32.46817659987022],[92.37075269967738,32.47142859965021],[92.38214100000721,32.47261110022214],[92.38809800042242,32.47674970023854],[92.397909399799,32.489607699635656],[92.40102129959337,32.500126299788974],[92.4119256999112,32.5132497997385],[92.42121100038742,32.51203590023664],[92.43014639983653,32.51654209993802],[92.43187719997286,32.52104800016514],[92.43117639967119,32.52392870044923],[92.43380440035287,32.526661599853014],[92.45098219966883,32.53378779986713],[92.44993100011561,32.53688970009961],[92.45553749965592,32.54442230014911],[92.47149199975604,32.55297400024995],[92.47558029979103,32.5616408000829],[92.4727309004108,32.581999300027746],[92.48487190001822,32.58210369962609],[92.4918097001576,32.584504599907405],[92.49552629959908,32.59348160019573],[92.50779119970417,32.59515159986648],[92.52005609980921,32.600057100354945],[92.52703509969018,32.604761900041694],[92.52493259985965,32.60904200028813],[92.52878710044439,32.615978300358336],[92.51336909990408,32.634865899741555],[92.51284350012747,32.6434230002713],[92.52072770002337,32.6516843002903],[92.53526959991217,32.64725869962933],[92.5515636003799,32.660977299862566],[92.56540479979174,32.681035199614826],[92.5601485996782,32.684869200153514],[92.56960969962802,32.70094099972738],[92.57623740003606,32.70583160024819],[92.57238290035065,32.709959400306104],[92.55226449960702,32.722758700054044],[92.55463440025744,32.73323370017516],[92.55077099998175,32.73365839961548],[92.54837450008318,32.737402199951646],[92.54289690037172,32.73963389998454],[92.52312610018942,32.73625029971163],[92.51816199987644,32.74395329970508],[92.51234200038306,32.74438520001701],[92.50506700034185,32.747336599604466],[92.5002741003695,32.74496109977497],[92.49402619984932,32.74784049963938],[92.48461150042044,32.74654479960287],[92.4797330002778,32.751223699714046],[92.47006160016275,32.753886999685335],[92.46295769973813,32.75921339997848],[92.4586783998883,32.76576289983802],[92.45320070035211,32.76734620036689],[92.44241659964644,32.764179500383705],[92.43479929964803,32.76468329969458],[92.41579880027444,32.75446290034262],[92.41451500006724,32.750863800024376],[92.38721240023216,32.755254599620116],[92.36975249977809,32.76295599971968],[92.36076569957743,32.764251500106695],[92.35408989982909,32.76749009998815],[92.35768459976453,32.75187160009432],[92.3495536996436,32.74481710032899],[92.34133730007642,32.74085779994755],[92.3354317004127,32.74085779994755],[92.32627379969614,32.752591400372864],[92.31446260036876,32.753959000307646],[92.3005117996799,32.752807299717176],[92.29862889990386,32.748704300263284],[92.29203859960177,32.74488910005198],[92.28895739996409,32.73164250000144],[92.28082659966788,32.733442500271224],[92.27406509992448,32.73142649993309],[92.26858750021302,32.724874499958275],[92.26370900007038,32.725378499817964],[92.2544655000828,32.72336239965506],[92.2530105004343,32.726098499746],[92.23614970044838,32.73596229992023],[92.23469469990056,32.7402097997425],[92.2311856001354,32.74042579981085],[92.2204870996,32.73632230033394],[92.21595090031389,32.73898599960427],[92.20790560036323,32.751439699782395],[92.20225680031115,32.753023299785525],[92.19737830016845,32.756694200177265],[92.20550920028944,32.767993900198405],[92.20525239977849,32.77720539960956],[92.2104732997031,32.79037320016312],[92.20901830005454,32.795265700052084],[92.1918151002867,32.80512180023095],[92.21680680039356,32.822529200062604],[92.22630700016799,32.82353609991111],[92.22793320015711,32.82605340034422],[92.2259647002108,32.83382050041581],[92.22938819980561,32.84388809955618],[92.20362619978937,32.85905910039719],[92.20371179995965,32.86919570002158],[92.19772069995042,32.87092090007951],[92.18642309984625,32.86984260035575],[92.1738415997101,32.871639800136734],[92.163485499856,32.87566519978918],[92.1546859996592,32.87419129998858],[92.15227349992216,32.87609650025331],[92.14799410024762,32.885656100248866],[92.1448273004396,32.888027900267446],[92.12976380005938,32.883931099840424],[92.11624090039732,32.87810910025485],[92.1097362002655,32.869411299891624],[92.10100630040051,32.86222240004378],[92.08474459998337,32.86078459992939],[92.06638589998937,32.863660200158165],[92.05988129968227,32.862761600267675],[92.05196440043682,32.85916690033224],[92.0487119995592,32.859382600027004],[92.04374790014555,32.86351650018639],[92.03771399960146,32.86369620001966],[92.02594559990956,32.85417009977033],[92.02487579967845,32.846692399734536],[92.02680149998929,32.838458899558645],[92.0213666999133,32.832382200278346],[92.01815709957054,32.83191480012795],[91.99765880001365,32.83788359964848],[91.9938928997376,32.834863300301095],[91.99158209983409,32.827096200229505],[91.98015609992416,32.828031200179794],[91.9784442997647,32.82961339993852],[91.97497799963503,32.822960700176225],[91.97078420013077,32.82234929968047],[91.9656489003765,32.8244710998614],[91.95614859987802,32.821845899668574],[91.94913040034777,32.83062019996231],[91.94947280012968,32.834431800187474],[91.94519339955582,32.83763190009216],[91.93935390006249,32.83828739974376],[91.93361610040279,32.8526269000115],[91.92634110036153,32.85884599974315],[91.9215910000247,32.87149849955614],[91.91446580005669,32.87708740026335],[91.90622790039737,32.87408629964307],[91.89805429956635,32.88571260015641],[91.8925303002332,32.88822829979625],[91.90024660030042,32.89818850009925],[91.89531420019023,32.910180000007074],[91.88759790012307,32.90791900006184],[91.87255880014857,32.90896060025153],[91.85906280010818,32.904743400387645],[91.85656310030691,32.90515109994334],[91.85832280015717,32.907958199711175],[91.85700300008847,32.921032100251296],[91.84842419981703,32.92476189994176],[91.84459669957806,32.93876249968969],[91.8361975002145,32.95189369963458],[91.8324334003812,32.9520763996062],[91.8251539999572,32.949387700082355],[91.82030109991587,32.953694799775235],[91.8110620003111,32.957062099836094],[91.79899189965653,32.95082340027977],[91.797001000296,32.943853300089756],[91.78667299975916,32.94565459987996],[91.77995750033841,32.948207599800924],[91.7637753998149,32.963079200145046],[91.75823810040805,32.961774200219224],[91.75574940021471,32.96318359974339],[91.75077209965275,32.9719529996313],[91.738142099978,32.97106559989754],[91.73272930001724,32.973049099636285],[91.72638319982485,32.97743339983157],[91.72445450027504,32.986357900396854],[91.71350430018339,32.985575000086214],[91.70908690044018,32.98792349956989],[91.68171160031017,32.99251569963985],[91.67032599974516,32.99976899993942],[91.66354440015402,33.00211700029939],[91.66503760030508,33.00780419960415],[91.66330120009036,33.01543769998989],[91.65264109970707,33.014946699830375],[91.6434903000374,33.0171969996419],[91.63737519970579,33.02372610017943],[91.62636589976654,33.027265599727684],[91.62289039957233,33.030732700253964],[91.61343169991306,33.03110149963453],[91.60032150003724,33.03659700035132],[91.58246000012895,33.03980559974866],[91.57938050021,33.04176019977348],[91.57876460040603,33.04548490030794],[91.57559700020147,33.04917250021077],[91.56443060039197,33.05174819991953],[91.56195530009705,33.06059740024989],[91.55359650007847,33.06251469999347],[91.55258469982408,33.069999000153814],[91.55923870000606,33.078482099968994],[91.55516100028001,33.08651040003497],[91.54601319984937,33.08906520039875],[91.54236740043524,33.09611820009491],[91.53255009970741,33.10336659998865],[91.5247692004383,33.10030390030482],[91.5179256996114,33.105408400077636],[91.51094309974434,33.10124629987689],[91.50447929987985,33.10308179998515],[91.50116489974039,33.108634500281994],[91.49650620020105,33.112240000175916],[91.48306820013738,33.10802369963409],[91.47087119974611,33.096362500029386],[91.45980110024067,33.09380790021447],[91.45980110024067,33.0881987998348],[91.45535970028999,33.08153389986961],[91.45754730026778,33.07625719971003],[91.43847030006435,33.07116159962817],[91.43823589986692,33.069197699714096],[91.43606989980611,33.06831380014182],[91.42929059978144,33.07248339978912],[91.42895919960745,33.0763161997329],[91.42498789957199,33.08275410002176],[91.41439459993092,33.084717800286285],[91.40389509957924,33.08259700015151],[91.39057690000396,33.08859459956119],[91.38507499971155,33.096869400202706],[91.37917529960043,33.09975709991028],[91.36823779973474,33.10308890013266],[91.3308445996986,33.1083616001078],[91.32732920018248,33.11071729956376],[91.31092369996884,33.11036390017392],[91.29639310006155,33.11841220026287],[91.28551860040312,33.131405699613424],[91.27839389955886,33.132426199909276],[91.27380039996854,33.13050280006422],[91.26639419963266,33.13535980011471],[91.26342999999457,33.141060199668516],[91.25996429971269,33.14401870030281],[91.254414800103,33.142836299555654],[91.2512993003225,33.1450010000961],[91.22971440029937,33.14479999982018],[91.22427879982683,33.143800899791756],[91.22076550022769,33.14080370043047],[91.2240523999983,33.13563289993846],[91.21337999958735,33.129582200058564],[91.20171329972908,33.13096999966581],[91.19395760036303,33.127694800075005],[91.19568109980298,33.11714659963593],[91.18573790028393,33.10837399996018],[91.17798210019384,33.11092819957679],[91.17765070001985,33.11387090002205],[91.17161850009376,33.11653589971206],[91.16087979986293,33.11164999994759],[91.15895740006403,33.108651699816164],[91.15975289987648,33.10026690039717],[91.14934559981964,33.094047299743124],[91.14457290041906,33.0817176997121],[91.14715809966663,33.07460799955959],[91.13383420018823,33.0758855998406],[91.11335110007326,33.089659899584774],[91.09313320013712,33.098823100006086],[91.0727164996668,33.11448159994592],[91.06801000026138,33.11598069964964],[91.06237550032915,33.11536999972577],[91.04248899966768,33.103321099689026],[91.03581229969791,33.10080969970795],[91.03042459981549,33.10926239974003],[91.0218070999178,33.11564759975698],[91.01650400015956,33.11759079997552],[91.01100209986708,33.12425290035111],[91.00264980014822,33.12303160032815],[91.00066120035416,33.11797939972956],[90.98826529960394,33.122476400265725],[90.96977090000706,33.121421599827045],[90.96605870004902,33.12242090040428],[90.95644689980463,33.12097740038678],[90.9518067002191,33.118534599791985],[90.94186349980072,33.11925640016278],[90.93622899986849,33.12292049988122],[90.92489370018416,33.122531900127115],[90.90991260018643,33.11242730017983],[90.90885200001986,33.10215490022853],[90.90069849993586,33.08543899990997],[90.89745039961633,33.093658500339586],[90.89373830038232,33.0962131001545],[90.89234620021705,33.09987819991903],[90.88843519972477,33.09993369978048],[90.8874409002774,33.111039200199],[90.88174009962597,33.12303160032815],[90.87915490037841,33.121643600172035],[90.86430630019566,33.121477099688434],[90.86052790024246,33.118923300270126],[90.85681570028441,33.11997809980949],[90.84309409991283,33.11331569995963],[90.83673039998803,33.11731319994425],[90.8273175001026,33.117368699805695],[90.81830230021103,33.12020019997931],[90.8038664996393,33.11689239996434],[90.7966039003498,33.117946700379946],[90.78906489982535,33.12405740032881],[90.78189759989436,33.12498940014075],[90.76957789960045,33.13215250023774],[90.76212159983203,33.13855839995023],[90.74904899971165,33.14374770039609],[90.74023699983775,33.144639600337314],[90.73171559969524,33.14074769964668],[90.71980490027596,33.141315299561484],[90.70440820017836,33.13823409992381],[90.69549949980211,33.14301800038044],[90.69385329979002,33.146828700384276],[90.6871717003138,33.14828799969149],[90.66877310009858,33.15898939964114],[90.66325360007363,33.159718900007306],[90.65250490028097,33.16831139965143],[90.64262780003298,33.173660999755384],[90.62955510008788,33.177713499578374],[90.62297039986413,33.18598000037679],[90.60593309983273,33.1979676997496],[90.59452469965521,33.20960950007844],[90.59180169998854,33.20972779959834],[90.58692140030246,33.21318960041975],[90.57571589976902,33.21526939956317],[90.56856409965354,33.221712800105706],[90.56256259988413,33.22376280021314],[90.56311279971601,33.23028920008659],[90.55881170029977,33.23325940000137],[90.5434129002852,33.24045580019509],[90.51792259984819,33.24524879999217],[90.50132709986582,33.254334799911135],[90.48819399965345,33.267776999808746],[90.48341830011452,33.269523899608316],[90.48013500033005,33.268246900074416],[90.40347749958698,33.26338239967805],[90.40339140029295,33.26687449955858],[90.39942360041886,33.269839200119065],[90.39334509979659,33.27174500023165],[90.39241639959721,33.27626220044027],[90.38768880029795,33.27915600024926],[90.36784939982999,33.284025800350435],[90.36160210005693,33.281414500079165],[90.35991360043238,33.28875410022158],[90.33272939994191,33.311968700395255],[90.32209210007039,33.32290349959686],[90.26318050037986,33.40267690031874],[90.25751220032782,33.40740880017603],[90.244518700078,33.427643899646284],[90.23858879983328,33.43106440000213],[90.2294323002605,33.43353880007561],[90.22360530044432,33.439299599896685],[90.21891899981205,33.44048309961539],[90.19715189984038,33.438424900388895],[90.18753250032466,33.44310729976212],[90.1060245996556,33.46353199970207],[90.09111259996655,33.47131580018407],[90.08875810020623,33.47488010033641],[90.08797329962812,33.48193560014789],[90.09177159977958,33.491742500216276],[90.08505029973162,33.49935310026541],[90.08351160018026,33.51879069983096],[90.08098060037446,33.53133060002722],[90.07913070032163,33.5334894001158],[90.07234769958671,33.53600800006922],[90.06389989996046,33.536367799934055],[90.05014910040074,33.540119699564514],[90.04694260002105,33.54443690044263],[90.02628549997593,33.54865110016817],[90.01413790024395,33.55363580035197],[90.0067999998202,33.55898000002702],[89.99607060037795,33.58076450008167],[89.98669780036323,33.58615830006556],[89.9881778002653,33.60336509981954],[89.98250480035631,33.61491999955837],[89.98540289982401,33.62303310029739],[89.98503289984853,33.63094019963057],[89.98978100009316,33.645211999833975],[89.99637889966652,33.64839469965574],[89.99742719980549,33.653732999778185],[89.99995540002175,33.656350699625136],[90.00014039955983,33.66138059973497],[89.99576230019005,33.66369010011806],[89.99582399997769,33.667744500208585],[89.99229600006043,33.668680199831385],[89.9914042997687,33.67228480040325],[90.00127699963389,33.68659580025604],[90.00720060012765,33.69078270016155],[90.00057630005625,33.69783090017597],[89.99720049960342,33.69714199970355],[89.99286929987835,33.70148729989904],[89.97981190009915,33.70551449999425],[89.98114950044913,33.710601200385156],[89.97923860028123,33.71854850031309],[89.983060299893,33.721939100009536],[89.98204119984155,33.728878900241114],[89.947900799982,33.738943199768926],[89.93815549987647,33.74365709969544],[89.92267769981606,33.745457900361885],[89.91229549983751,33.74148560028027],[89.90605339994448,33.74307449998821],[89.90344190002372,33.74784120001141],[89.90471579959456,33.75329609993514],[89.90095779986262,33.761080600089656],[89.90274130027086,33.76484019971548],[89.91006620009512,33.768228999868484],[89.9182828002111,33.77558860003393],[89.93201609986318,33.79913100039539],[89.9413402996152,33.80385620030347],[89.92336860038068,33.811817800351264],[89.89918270002164,33.809460199728505],[89.89425720040953,33.82332349997961],[89.87128940028566,33.83073910002952],[89.87017359973191,33.8400077999201],[89.86781790027595,33.84240200025215],[89.86171180035933,33.84366340014583],[89.8604409998523,33.8462119996841],[89.85969710044088,33.85161790004611],[89.8613398002916,33.85527310007359],[89.8462449999069,33.86731869959834],[89.83663350003604,33.8711230000265],[89.83255690018086,33.8713778004452],[89.81813539972899,33.86493559959831],[89.80919319960651,33.86737420035911],[89.80051399992124,33.86639150036751],[89.79345659984227,33.86788380029719],[89.7814897998145,33.880621699731705],[89.78298020037602,33.88524330043799],[89.76426290021271,33.89761479988317],[89.76844789985074,33.90261080004842],[89.72991670039545,33.92475919997713],[89.728043399983,33.92890409974444],[89.72320410038895,33.93352380018331],[89.72049820043168,33.942762399765],[89.71498240021765,33.95195680036608],[89.7075934003152,33.958128999553765],[89.70124499965709,33.95981230019754],[89.69052559977666,33.95994179987423],[89.68677909967579,33.96209969974143],[89.68787180024344,33.97215509957823],[89.68464560021431,33.97931840022403],[89.67980629972101,33.98510029993895],[89.67965019989686,33.988595099584245],[89.68402120001844,33.9917877998671],[89.68339669999779,33.99342729992998],[89.6774646998361,33.99843169976316],[89.67184480039725,34.00951810038009],[89.66580870011148,34.015513599872804],[89.66492409996732,34.02150870006653],[89.65685849962011,34.022026199649474],[89.65123870000605,34.027072099597774],[89.65118659958199,34.03638669998628],[89.6480124001522,34.04216480006551],[89.63984280040495,34.042639099814664],[89.63541979968409,34.043846400091354],[89.63453520043919,34.04570040015341],[89.63365060029503,34.051865799567054],[89.63562790010758,34.05367649997055],[89.6500938999136,34.05544410036498],[89.65503729963172,34.06053110023015],[89.65259159962267,34.06604889963705],[89.65014589961362,34.0859184004139],[89.65555759970351,34.08876269973888],[89.6545168997352,34.098803099783254],[89.66247839995827,34.09923400004914],[89.6647679003184,34.10332740013945],[89.67449859993047,34.104576900203824],[89.68126330036108,34.10944549971009],[89.69130619962147,34.1217235002394],[89.69172930006721,34.1284824000428],[89.70094729977814,34.13174569980424],[89.70541129969178,34.13112179963139],[89.71086089991064,34.13433700005254],[89.72060069976254,34.13059400011309],[89.74431230037243,34.13035399983727],[89.75208089961387,34.125411000317456],[89.75532740003956,34.12622679962715],[89.75561730009838,34.13524880019202],[89.75312440007104,34.138031899752434],[89.75277650003551,34.14220649963033],[89.75932769961372,34.15487300008891],[89.77434309975433,34.15520879974639],[89.78448490015808,34.152088199910565],[89.79074990038765,34.15424929956555],[89.79718510001243,34.160006199926215],[89.8158528996916,34.17180650036977],[89.81707040007893,34.18024810006983],[89.80466380009437,34.18926420018272],[89.80304050041883,34.19199770033367],[89.81031040040472,34.19487379968615],[89.81341799964105,34.19789579965146],[89.81442109985392,34.20398110004777],[89.81833609963132,34.20476079967119],[89.82522309976628,34.202811400425844],[89.8221280002071,34.21581269959648],[89.8248540998369,34.222202499645675],[89.82030380008035,34.226219100331264],[89.82790820020335,34.23659029980257],[89.83368840019955,34.2585317999027],[89.83711139977135,34.264020499946184],[89.83065479987914,34.276927700353156],[89.8261250001687,34.28165300008595],[89.82712930007722,34.28478620032291],[89.824198199987,34.296132299965734],[89.82790820020335,34.30090739965681],[89.84615059987033,34.30933939999335],[89.85395999955438,34.31616220022539],[89.85713710019706,34.32157939966959],[89.86498749997321,34.326776199562005],[89.87060369960113,34.33835360033845],[89.87028039962081,34.343879599763795],[89.86587799967003,34.34580389983017],[89.8602325999546,34.34571840038393],[89.8614755997192,34.356151799665895],[89.85837630032609,34.36187609960234],[89.83988950000048,34.35861110012223],[89.82491069956922,34.364929600121],[89.81923409967402,34.371761399868774],[89.82172449958603,34.3774441996901],[89.8226766999698,34.38675329982499],[89.80205800007673,34.392283900181894],[89.79850549992892,34.39539660037286],[89.79791959970981,34.397935099625215],[89.8068524001182,34.40875079980964],[89.80762930015214,34.414305600023454],[89.81850579990282,34.423277899555444],[89.82005950014587,34.428404500167574],[89.81767709981835,34.43468419981605],[89.82016310024693,34.443654299606294],[89.81840219980171,34.450530700331626],[89.82182050041581,34.45843149991384],[89.8154499998177,34.463598700419766],[89.81493210003646,34.47166899972461],[89.8071114003709,34.477048799962176],[89.81726270031345,34.486313200194104],[89.81633049995264,34.490966400379136],[89.81068510023727,34.49638760000778],[89.81187629995134,34.49980239956113],[89.81001180030438,34.50594870007251],[89.81353370012022,34.509491099934394],[89.81363730022127,34.5146550997531],[89.81814320044839,34.51964799995528],[89.81731450036398,34.523957999961794],[89.81052970008562,34.52890770033014],[89.81052970008562,34.53138249970266],[89.81648580027951,34.53628910006199],[89.80990820020332,34.541750100087086],[89.81329619995972,34.55204869998755],[89.77641970000923,34.57738320007468],[89.78022970034044,34.584120999984236],[89.77712220002957,34.58864080013285],[89.77691499982745,34.59802070029514],[89.78142099987929,34.59976860014086],[89.78344089967783,34.60283809959867],[89.79095079993954,34.603136500049516],[89.79317789994019,34.604713900126455],[89.79162409987237,34.614859199792306],[89.79847150015968,34.6308230996064],[89.78616669983342,34.63553319989728],[89.78450819979366,34.643808200188346],[89.7809755000194,34.64560299967877],[89.7728043003782,34.63894259992111],[89.76486010041339,34.64295759981343],[89.74526430020734,34.64504280028507],[89.74029540021263,34.649025000103734],[89.73482329985546,34.6610380001037],[89.72706820033721,34.66172260001804],[89.72434440027394,34.664211800234455],[89.73206170038725,34.671399000363635],[89.73656339988105,34.68206979998132],[89.73550419995894,34.69224159996992],[89.73285329983997,34.69674109972203],[89.72261529985627,34.703294800314836],[89.72300610025138,34.70824189984387],[89.72832049999113,34.71344570005908],[89.73519789986324,34.71685050005061],[89.72636670036297,34.72584350017746],[89.72933640025474,34.729954300350755],[89.73016360026998,34.73450849956765],[89.74543580002222,34.73618429986561],[89.7466080995842,34.74132199991044],[89.76208229965846,34.74189999958537],[89.76536470012087,34.74928500020263],[89.76888149988139,34.75191769984201],[89.79818860042366,34.74581729982856],[89.80240890025061,34.75044079990306],[89.80733249959525,34.75172510013334],[89.80553500034006,34.75827450016811],[89.8083483998588,34.76373190020706],[89.80530050031791,34.76925319977539],[89.80623829985768,34.77124329963863],[89.82265030037115,34.78023040021287],[89.82710500039553,34.78517289970961],[89.82835539978191,34.78998669992632],[89.82616719995639,34.79281069975406],[89.82499490039442,34.79961349996313],[89.83847140043486,34.8072035001415],[89.84814970014861,34.8070563000083],[89.85470949994351,34.81085300026581],[89.86442359986927,34.81267770041558],[89.86564239977696,34.817739500377684],[89.86381430018986,34.81962290017674],[89.84850819959377,34.82338959995013],[89.8481138999366,34.84083749985081],[89.84176919998862,34.85413430005798],[89.8428803996108,34.85945830006057],[89.83890150030408,34.86581129985166],[89.83732429987657,34.86748769999741],[89.8258536998884,34.86834059993879],[89.82244839987379,34.870899299762925],[89.81101360009762,34.8707816999156],[89.80811010020102,34.87384019976548],[89.81316429999254,34.87957459998785],[89.82022589990544,34.881662400399534],[89.8200825003072,34.8842793996746],[89.81241159981556,34.89554059971897],[89.81327190027804,34.9005678998887],[89.81796759972502,34.90524219996763],[89.79412080043465,34.92052459983046],[89.74062349987469,34.90827940027418],[89.70559689997702,34.91794969961899],[89.66007229979687,34.888736699639026],[89.63449859983058,34.88370130017489],[89.62066649975924,34.88636400029844],[89.6166611001297,34.89792250002341],[89.58656309980728,34.89826580002671],[89.56395720036454,34.93367390043022],[89.57617949958427,34.996555300087095],[89.56881709982935,35.015300800291755],[89.5896378000445,35.03352739976975],[89.58807370004126,35.11440280004922],[89.51874539968048,35.136371599969436],[89.45188140000664,35.231731400184],[89.52862550006682,35.28334050036386],[89.4977646003561,35.28940579983782],[89.51116179997717,35.33187479958241],[89.49705510001291,35.36589429998202],[89.58247379972613,35.3845061996015],[89.6337891003867,35.419319199721315],[89.68804170016438,35.42174910044071],[89.7344131001845,35.47107700010355],[89.76174159959521,35.480167400405264],[89.74235530005711,35.50703049975783],[89.70573430019783,35.51124189989383],[89.69962310022595,35.5473517997458],[89.71098330033908,35.577720600325506],[89.76136019981345,35.59236150028306],[89.72285459956021,35.65431590035854],[89.74301909955187,35.65879819967722],[89.75068459961466,35.74018479978872],[89.74477320022305,35.75317860041213],[89.74699000028835,35.757842499831554],[89.75684229993226,35.761640100310444],[89.76216439966737,35.76583410036352],[89.76889889996431,35.76178280023612],[89.77714270007561,35.7628191996464],[89.77989200041554,35.76628489992822],[89.78132270038236,35.77704479987767],[89.77307880044634,35.78279079955581],[89.76611220041775,35.79936709991176],[89.76762160005683,35.802098099947386],[89.77981320001925,35.8071832004444],[89.78283210002144,35.82149489996971],[89.78167099971694,35.82836740033531],[89.78550269978984,35.83429319967149],[89.79844900002138,35.84398829962038],[89.79990039968374,35.848976499965545],[89.79183070022668,35.85485849962009],[89.78974070007331,35.85895210025927],[89.77273050021245,35.86205739992914],[89.7639060995869,35.85805810040108],[89.74794090025239,35.85443499987542],[89.73807149999976,35.85914029958519],[89.73017600012236,35.85749349972531],[89.72582180023596,35.85316449974192],[89.70695379977809,35.84963530012902],[89.68448640042709,35.85005879987375],[89.67345589986996,35.85203520036424],[89.66660539961953,35.851423500394276],[89.65911619995273,35.84855300022082],[89.65232380040311,35.84859999969029],[89.64309299974218,35.85372920024247],[89.63293330013175,35.85415269998714],[89.6213221999596,35.859704900260965],[89.60495059969048,35.8612575995586],[89.60036430007244,35.857540500094046],[89.59461680032513,35.85561129962184],[89.5868954002026,35.85636420034763],[89.57586489964547,35.86168100037793],[89.56442799995227,35.86017540037449],[89.55641640029671,35.86182220023443],[89.55270089982673,35.85791689964526],[89.54799839970644,35.85739940006232],[89.54480530012455,35.86525670033649],[89.53998670022611,35.86826769979456],[89.52872400011256,35.87038480011847],[89.5279112000419,35.872737000312384],[89.52895619966893,35.874712800055704],[89.53888369972304,35.875418400039166],[89.55281699960489,35.87372490018407],[89.55415219966432,35.87485390008749],[89.55252670024709,35.87988730035869],[89.5485209004193,35.88167470022728],[89.5398706004479,35.88228619964843],[89.48895609974426,35.90349739988517],[89.47136540009319,35.9008639996739],[89.46625649993757,35.90180449987781],[89.44889799984287,35.910644900341936],[89.42579190017614,35.91802680009681],[89.42065429995603,35.92338179973035],[89.41992839957607,35.93433990036618],[89.43026219984068,35.9424247003397],[89.43310690026328,35.9484877002472],[89.43078469965423,35.95995449970047],[89.42735939961665,35.9626798996577],[89.42503719990691,35.97071479984817],[89.42637249979111,35.97306399990373],[89.4252694003626,35.98438629988789],[89.42686910002902,35.99103229970092],[89.43198379991247,35.99191270001114],[89.43279559993704,35.993196299669535],[89.41922440038581,36.006857399949126],[89.4043158001341,36.01400970008763],[89.4023570002754,36.01735450001024],[89.40241140026598,36.021733299951904],[89.40858709961503,36.0350664003941],[89.41602269968791,36.045791900375946],[89.41917849988789,36.0467157001695],[89.43060480017147,36.043108200183326],[89.4321828000962,36.03677259957584],[89.43871210028328,36.03202059987086],[89.44447960005357,36.03162459959566],[89.45019279965805,36.02775229962896],[89.46107500021117,36.03026049982225],[89.47065129971776,36.02304380013135],[89.47527629986143,36.02163549957868],[89.48131590030863,36.023395800176104],[89.4847438002862,36.02757629960661],[89.50487579967847,36.02889640004889],[89.50814049968437,36.02603609998607],[89.51396250016933,36.0255961003798],[89.52494410009018,36.02876440025693],[89.53564259972626,36.028875900002845],[89.54307369959162,36.031270299984385],[89.55033059987733,36.02882889963405],[89.56020000012995,36.03577730008237],[89.5765136004224,36.03831230007262],[89.58046140027346,36.03695090006403],[89.60408989992902,36.038828699784744],[89.60815369973352,36.04159840034595],[89.61500429980867,36.04300669999924],[89.62150649982516,36.05061089957343],[89.62848620027796,36.04804539997531],[89.63603959984772,36.0505679002884],[89.64159220031985,36.05816980029607],[89.64185340031423,36.06323840003216],[89.63961829994463,36.06591340018332],[89.6418895000005,36.06841279961105],[89.64461940016525,36.06710209978212],[89.65055129960285,36.069590799975515],[89.65722069977551,36.0696882999751],[89.66012249995345,36.073586500416695],[89.67844210012288,36.08346580040643],[89.68706939993291,36.091300599643034],[89.70602919958793,36.08928749961848],[89.70851310009954,36.0906363001252],[89.70928800004123,36.09317060044293],[89.70637480005706,36.09757160014925],[89.69241740014297,36.09883199999683],[89.68383759982544,36.09252959966136],[89.67969150036254,36.0911695000724],[89.67657160019922,36.09243009956947],[89.67464210025281,36.09634429984959],[89.67053699998263,36.09568089965387],[89.66626769969463,36.09694140022549],[89.66573399972435,36.10082219968484],[89.66257310036832,36.1031440000956],[89.65493750006561,36.09767110024114],[89.6485745996381,36.09803600016136],[89.64171900023172,36.10500129977021],[89.63642339992003,36.10592999996959],[89.63572549993194,36.10878229966346],[89.63391919991119,36.1095451001263],[89.62850050039782,36.108019500099886],[89.61306519959936,36.10994309959443],[89.60990420041855,36.113425299737855],[89.59849199970608,36.118963400440634],[89.59295000044222,36.124235800042186],[89.59217010026998,36.1271206003355],[89.56773029971362,36.13347510019577],[89.51130049971835,36.14322729990005],[89.48501590006379,36.15376280011321],[89.41125570019045,36.20500629980097],[89.38711749987277,36.21759270034289],[89.37350259956537,36.22825639981306],[89.34604509960172,36.23141289968561],[89.33414379989648,36.237125799815885],[89.32084909960633,36.236891699991986],[89.30505809985146,36.229727000001105],[89.29698840039441,36.22855619960899],[89.28795960005556,36.23384590036807]]]}},{"type":"Feature","properties":{"shapeName":"Haiyan County","shapeISO":"","shapeID":"62558664B53984931937226","shapeGroup":"CHN","shapeType":"ADM3"},"geometry":{"type":"Polygon","coordinates":[[[100.27198959974032,36.84300289966416],[100.61959889976947,36.74124219996759],[100.7225279995676,36.74413010022403],[100.77374359958753,36.74413010022403],[100.86050420020871,36.763728700019556],[100.89681379991697,36.759441899823855],[100.91268000008199,36.74602899983853],[100.91379000000853,36.76776100017008],[100.89934999960286,36.7927590000279],[100.90601000006149,36.80010199960765],[100.96175000026238,36.81727600018729],[101.02242000028286,36.78659099977489],[101.06544000025588,36.795207999649506],[101.12545000041723,36.832786999620396],[101.12687000025039,36.85382500032358],[101.17603999964632,36.86952200024018],[101.18937999968728,36.8676759996477],[101.23274999961285,36.82969700011654],[101.27052000029784,36.8168369997278],[101.29714000031083,36.846404999890865],[101.28916000013396,36.87236399999864],[101.3355200003478,36.87778499997779],[101.3631700001954,36.896255000068265],[101.337660000109,36.95104999985767],[101.33181000013144,37.00948300014039],[101.26562999962482,37.050610000051506],[101.26313000034929,37.08805800027653],[101.179560000094,37.117381999979386],[101.12373000023939,37.209853999762345],[101.07919999988013,37.226051000253506],[101.03375999982421,37.21980299990855],[100.99976999988564,37.26747100018656],[100.96842999984466,37.283871000146576],[100.96446999979071,37.323875000430974],[100.91397000021539,37.337684999663054],[100.95972000017792,37.35428599989905],[100.98535999996409,37.38780999993162],[101.03088000011195,37.40927499964158],[101.01049649991359,37.41461899966714],[100.99647709983833,37.43178359963349],[100.97661620017755,37.43131969964446],[100.96752910038771,37.4447663997496],[100.95348529990673,37.451652800036754],[100.94144130027587,37.45200670034899],[100.92958349987867,37.44729979984595],[100.92183029972858,37.43679869960033],[100.9081482002793,37.43571229968296],[100.90130719956767,37.439695700096536],[100.8889932999009,37.43498809992093],[100.88078399958198,37.42267430007894],[100.84110590011727,37.44150629977594],[100.82331920042083,37.47046929991831],[100.81465389975773,37.475174800176944],[100.80598850016924,37.492908000104194],[100.7790803996408,37.508466300279565],[100.76083759977547,37.515339799792],[100.74533120037466,37.5319784996081],[100.68239360028451,37.531255200067505],[100.67509639957922,37.54897500009622],[100.64773219978127,37.55476020032302],[100.61671949990506,37.56777519976572],[100.5902673997208,37.571390100272936],[100.55339299968722,37.58829820010192],[100.541901899653,37.57919199961117],[100.53679470011537,37.56806059961701],[100.52275000031233,37.561482100218825],[100.5189196995845,37.54731120035166],[100.52913399973437,37.54073100033543],[100.55700320033748,37.50963619955104],[100.55081250029673,37.49280880038589],[100.56780289978406,37.46411499970753],[100.5764113003413,37.453521600241686],[100.57530529969989,37.44388140030645],[100.58901300014992,37.42335439978575],[100.57774200019321,37.41384259965628],[100.58224810006982,37.40571459984898],[100.59280270008458,37.402068599886036],[100.60141400005614,37.38148639987753],[100.60211790032088,37.37285230029346],[100.59999579976642,37.36436670036301],[100.60701810020521,37.34203820040267],[100.60701810020521,37.317672200012055],[100.62233959989265,37.29075889960359],[100.62289250038862,37.26634370000181],[100.57126800021808,37.23944469971315],[100.50423659983926,37.24554320035844],[100.48459239991939,37.22153570031236],[100.48025490044336,37.22050039987363],[100.47485679990143,37.21589880008963],[100.46326169956785,37.20211349983822],[100.44986719971155,37.16050839964299],[100.435822699558,37.144963600090136],[100.43454160001488,37.133957900137034],[100.40720060002775,37.11380620019605],[100.38230320013264,37.108715200146435],[100.27198959974032,36.84300289966416]]]}},{"type":"Feature","properties":{"shapeName":"Banma County","shapeISO":"","shapeID":"62558664B8811207806607","shapeGroup":"CHN","shapeType":"ADM3"},"geometry":{"type":"Polygon","coordinates":[[[100.66542980004527,32.52626039969772],[100.65566010043335,32.547733100302366],[100.65994799960055,32.56018409981641],[100.6591354000787,32.571596900376676],[100.660760500197,32.58631719967906],[100.65770760042545,32.60934020019016],[100.66453730025626,32.625352700266944],[100.67379000030832,32.62796399963895],[100.69163610022588,32.62031310006955],[100.7093760001024,32.60959089970032],[100.71622090027438,32.61726369956011],[100.72007410043943,32.625217399963105],[100.7122097000177,32.64292749990426],[100.70571970020404,32.653269900385624],[100.69583409956408,32.66341679994542],[100.6843889998525,32.670991800331365],[100.68364630013673,32.67572830022095],[100.69082619956953,32.67779389996855],[100.70084460039806,32.67276459970657],[100.70802180006609,32.671966599778784],[100.7157407000733,32.669002800339],[100.7210221000899,32.66398680015078],[100.75081430033975,32.65155960029534],[100.75636649971426,32.65372589983048],[100.76028379995745,32.66290119973064],[100.76787709974843,32.66638079993402],[100.76691119999197,32.659237100012206],[100.76950219986668,32.65589220026487],[100.76799929962806,32.650326000244775],[100.76951280017568,32.64445640044255],[100.7777627003884,32.63981490043733],[100.783044100405,32.6417534997243],[100.7963151997867,32.657602399631116],[100.79983609955639,32.65794440011405],[100.802544499629,32.65144560043416],[100.8066070997379,32.64699880005463],[100.81527389957085,32.64859510028373],[100.82258650026682,32.644262100115895],[100.82734899955676,32.64924330013827],[100.83795019974201,32.65091119989199],[100.84594530043535,32.64832709961598],[100.84403230035042,32.64639279998778],[100.84891279968599,32.64216370029459],[100.85628949956083,32.642696500043485],[100.86080659994468,32.63738549974107],[100.86968520001204,32.64141400025596],[100.87205919977231,32.63475029998642],[100.87908229970844,32.63674950008942],[100.89212380037316,32.62899889987938],[100.89263379961022,32.62258769956276],[100.89801509991696,32.615750600110175],[100.91426539962856,32.61917249981104],[100.9213072000673,32.61472399971285],[100.92553700033238,32.603659000262724],[100.9309119999889,32.60290720030707],[100.95652009992273,32.624278999676164],[100.97222489965947,32.62590180022795],[100.98183960021743,32.62966540003822],[100.99186069991146,32.6293231999058],[100.99957959991866,32.63080579974792],[101.00110629981594,32.634433699955366],[101.01790349974675,32.64530909983512],[101.02307940029414,32.653907400106505],[101.03124609972775,32.6623726996404],[101.04508460027415,32.6697536002485],[101.0499380003385,32.67511090034782],[101.07482889993383,32.68448320033946],[101.07672559980665,32.68257530030991],[101.07681809957569,32.679421500202125],[101.08371090033785,32.67365849974004],[101.08916950007244,32.675177200167695],[101.08972470013487,32.67159470043515],[101.09153389956987,32.6709533003546],[101.09513709989733,32.67330809958918],[101.09638609993863,32.6768516002212],[101.09832899978358,32.67661789969634],[101.09953179985274,32.67420370024064],[101.09948550005583,32.66894669973044],[101.106733200277,32.67080319990782],[101.10526799961855,32.674437300041404],[101.10862110028359,32.675509800037275],[101.11074670010021,32.67439400038285],[101.11287150041949,32.66805749955404],[101.10822869999458,32.656718099860484],[101.1100370999323,32.63961629955264],[101.1144738000259,32.635840000415726],[101.11940429986862,32.63500770034517],[101.11994169964976,32.655319199921166],[101.13469000024338,32.662636600298924],[101.15711540035551,32.66525230005368],[101.21690369964608,32.716075899982854],[101.23040009988478,32.74345020006672],[101.23708339997899,32.8152312996848],[101.2217636000102,32.858024600355066],[101.1861801003314,32.890571600299154],[101.11995699981577,32.91265109956862],[101.13397980022768,32.95492169987659],[101.11609649985365,33.03580859978712],[101.13098140027148,33.0540085001922],[101.11135699982572,33.06115399965739],[101.07278499992788,33.052674499828356],[101.05887379998592,33.05850430013339],[101.0455948998848,33.05373450014713],[101.03168369994285,33.04366399979381],[101.01461090007302,33.03836340015084],[100.97034790033541,33.051084500249544],[100.93746690027729,33.0447240999373],[100.9311435996974,33.029881599856026],[100.9033211998136,33.03200209961727],[100.86411690007492,33.07016270014856],[100.83819150043746,33.0744016995788],[100.82111859984354,33.10089100021952],[100.78191430010492,33.10089100021952],[100.76990010040936,33.11519199961117],[100.75788589981448,33.107777000308374],[100.73006349993062,33.10565830009051],[100.72690180017798,33.115721599572225],[100.73575439994568,33.12949059961153],[100.71615229998872,33.15702210028974],[100.70034409980042,33.16072760029857],[100.67505100000369,33.13637430013392],[100.660507500221,33.13637430013392],[100.64912560036623,33.118899200237934],[100.62383249967019,33.119428800199046],[100.60612730013486,33.13902170009146],[100.59221610019296,33.17237239986639],[100.5624967000627,33.21946529988372],[100.5397329003531,33.23268910032175],[100.53530660001962,33.266532900173274],[100.51443979965711,33.27974959956441],[100.50874879981734,33.300892099690714],[100.49483449991232,33.30889619989978],[100.4776917004117,33.30575519984262],[100.48544779997604,33.29490199972753],[100.4755537996682,33.28535919996716],[100.47518419989098,33.2730722997469],[100.46033230009562,33.255345600119426],[100.4528629997277,33.23596520013393],[100.45154840043841,33.21122859991999],[100.43304319998373,33.21144979986843],[100.39233180017249,33.207910900167974],[100.35611449968445,33.20061139989622],[100.32571309957996,33.226709699593016],[100.30535740012397,33.20525659971236],[100.30667920028492,33.178488100045854],[100.30165640032266,33.16454750036689],[100.29055330019469,33.149276699959785],[100.26438170035527,33.13223229978087],[100.23371589956918,33.13865199959014],[100.20701559999003,33.11739870028981],[100.17529239972453,33.12249109968457],[100.12506409972849,33.15259670017764],[100.12162739988463,33.1736202002121],[100.1292938001688,33.19065660002212],[100.12109870014496,33.207026100374264],[100.09809940036712,33.211007399971606],[100.0819733995528,33.2410825997822],[100.03941149984092,33.24285139987228],[100.00002190019057,33.21344039975469],[99.97332159971211,33.20768970021953],[99.97226410040798,33.18136439994714],[99.95640260009998,33.17317759976646],[99.93604689974467,33.189771700403696],[99.93075970000024,33.20459299986709],[99.90855339991953,33.20857440018847],[99.8961284996306,33.2324592003319],[99.88238180008005,33.247936500369235],[99.81814239985192,33.28352410005721],[99.80545309978078,33.27158950025529],[99.79620049955349,33.23046899974457],[99.77055760035302,33.19154149964055],[99.76421300022986,33.16808819961079],[99.76844279959556,33.148612699916214],[99.77108639991746,33.12226970008663],[99.78932719969055,33.09591879971288],[99.79937290033916,33.09281819990008],[99.8162918999513,33.107877299897496],[99.82950989976212,33.10765590029962],[99.83770499978596,33.10079100010461],[99.84880809991392,33.08152209986508],[99.87811239996734,33.04757650035526],[99.88387319978841,33.05043900015977],[99.88948320038946,33.04495280023161],[99.89378419998093,33.04887149981994],[99.90238620006312,33.047931100340065],[99.90687420018423,33.0440123000277],[99.90650020002425,33.03021700021446],[99.90799619976485,33.022064199803026],[99.91653740028084,33.01861429971024],[99.9214602001282,33.00795170011094],[99.93137120032071,33.002933500180916],[99.93211919974135,32.9993264003931],[99.93959920024298,32.99242550033665],[99.94502220031433,32.991013900171424],[99.94820120032517,32.98630830008801],[99.94745320000521,32.975641499755454],[99.94876220011548,32.9692094000938],[99.95231520028631,32.96324750017203],[99.95624219971779,32.94943950013288],[99.9710152001914,32.94049460024564],[99.98260919975485,32.941906999908156],[99.99607320011813,32.94018069997935],[100.00205719997984,32.94347629979143],[100.01383040025286,32.93451430019485],[100.02169219983523,32.9323334999911],[100.02917220033686,32.93421689979016],[100.04001819958029,32.932804299578834],[100.0345952004082,32.91506710036646],[100.02625269970241,32.89930340043162],[100.02973320012717,32.89795440027541],[100.04319719959113,32.89952449965597],[100.05423020026359,32.892144799642836],[100.06601120035668,32.896855300132074],[100.07183839982235,32.89282989958025],[100.07835320024003,32.884293299995875],[100.0817191998812,32.87518470011389],[100.08732919958294,32.86623220005606],[100.09667919998515,32.87000180014303],[100.11029100032948,32.86283140024898],[100.10752520012795,32.855865099694654],[100.10864719970857,32.84659649962879],[100.12248510040712,32.837169799646574],[100.11687519963084,32.809040800192804],[100.11852770029321,32.786062299935224],[100.13501409992085,32.745678800136545],[100.13725809998141,32.71783550000839],[100.12510309972834,32.71673420012331],[100.1052812000674,32.69187210041713],[100.09443519992459,32.68573419957369],[100.08744809985001,32.67241290003534],[100.1037852003268,32.659918900337004],[100.10902119986855,32.65188950040016],[100.10883420023822,32.64118239964807],[100.12181240032209,32.6423395995929],[100.12903010005914,32.633781200442115],[100.14511209974364,32.63756060044142],[100.15988510021725,32.631103999649895],[100.17503209995152,32.62952920041232],[100.19026250011433,32.631817199804004],[100.19261010027594,32.625591900146105],[100.19859410013765,32.620394500405894],[100.1969110998674,32.61299159968263],[100.21238710038443,32.607029000088346],[100.21804210036271,32.61157390031531],[100.2135541002416,32.61740190017758],[100.22271710011415,32.624961899871835],[100.22066009968393,32.632206400305165],[100.22963609992615,32.655038400102114],[100.2288880996062,32.663854699634726],[100.23188009998671,32.68494729997798],[100.22944910029582,32.69486219963085],[100.23711610042773,32.709024600005364],[100.23810660023946,32.724148200279274],[100.26123910040423,32.72853339979662],[100.2576861002334,32.74111749987276],[100.26085659985227,32.74384690001449],[100.30948510035716,32.72916259967428],[100.32182710024057,32.728376100276876],[100.33663339991153,32.71972349983969],[100.37158309968038,32.745152999811125],[100.37618160040057,32.747569700281474],[100.3824870997999,32.74746920014354],[100.39100189981787,32.75096580023154],[100.39323509991999,32.75600629975099],[100.39884149963558,32.758453800202744],[100.40151639996196,32.75658740028837],[100.39963889971551,32.74868669963155],[100.4050577997777,32.74413580002721],[100.40176179976731,32.741000599698],[100.39736340000098,32.74062599969017],[100.39176499975497,32.73136499979495],[100.38970800022412,32.72051009996119],[100.38423060016214,32.71457859982257],[100.38110600014187,32.70603490009063],[100.37717909963578,32.70398930036595],[100.37792709995574,32.69848170017036],[100.38858599974418,32.69659330014076],[100.39213899991495,32.69800960016295],[100.3938220001852,32.706192300334465],[100.39718799982637,32.71248609955393],[100.42014819977965,32.731976900313725],[100.42566070038106,32.72904189986383],[100.42723830010755,32.72792799957756],[100.42705059990533,32.724320700140254],[100.43379170032676,32.721266900147384],[100.43659529993323,32.71518540028603],[100.44078889978795,32.710726899726694],[100.44079850005079,32.70425170005598],[100.44816670043292,32.7006015002591],[100.4435598000448,32.69972290039158],[100.44351560016486,32.69724550017975],[100.44857349976724,32.69617040024383],[100.4555405998189,32.70377440016847],[100.4619414003754,32.69844399969088],[100.46668529988676,32.69763040012293],[100.47060649959036,32.69482719981545],[100.4730607998161,32.68907629973148],[100.47198500020767,32.68522309956643],[100.47615419965666,32.67337469978264],[100.48753670025854,32.66960180008306],[100.49263230034046,32.659785699950135],[100.49657250002093,32.65881720025362],[100.4965685996612,32.65519299985709],[100.50033299986814,32.652771899903314],[100.50054079991804,32.65036250012935],[100.50830329995739,32.641496999586934],[100.50930649999503,32.63590130000506],[100.51561599957876,32.63425340027425],[100.5154700998653,32.632531599653646],[100.51081229964797,32.62979439969183],[100.50489790011807,32.6306190995918],[100.50320729967717,32.62964540001525],[100.50584060006372,32.62576540005324],[100.51446269999366,32.624630200223635],[100.51585709972545,32.623107399786704],[100.51480559979865,32.61897699978874],[100.50697100021154,32.61606379980458],[100.50734699956445,32.61212439962139],[100.52419169988713,32.61316280002325],[100.52435520023238,32.60563789996917],[100.53236739973579,32.604574400388344],[100.52337660024995,32.59789410043243],[100.52298710027452,32.59380199986248],[100.52681139982633,32.59154900028619],[100.53647030026423,32.59833179957292],[100.53816480016548,32.597713100179476],[100.53856669999328,32.59454049974431],[100.53467880038642,32.592090900274854],[100.53393249978512,32.58912800015713],[100.53752890033854,32.5839251001633],[100.54430809963912,32.58360440012302],[100.54193529957445,32.576070499653895],[100.54349450007118,32.57273139963445],[100.55066919962394,32.57323030033814],[100.55518250037215,32.56743499982542],[100.5637796998733,32.57217890023611],[100.56689809996737,32.56574380043611],[100.57591810044005,32.56396110042448],[100.57070400028942,32.558305100400105],[100.57417839971345,32.55505559983612],[100.57643839961253,32.55545930010669],[100.57710429992358,32.55857229977187],[100.58690090005655,32.561114599559176],[100.58814890005175,32.55984789996069],[100.587684900238,32.55392890039849],[100.59247620031647,32.55324159982001],[100.5982217997963,32.5567550001432],[100.60136270002863,32.556515599715226],[100.60097889995632,32.548532600299325],[100.61434269965594,32.54753579983736],[100.61454799959057,32.54140009963493],[100.61680219976176,32.539474500048186],[100.62096520018389,32.54218979971955],[100.62322439968636,32.54185309984075],[100.63090040023332,32.53634399957599],[100.63908630019267,32.53588130018193],[100.64342920009756,32.532348499683565],[100.64531829979978,32.52791319983436],[100.65679800002772,32.52699309985172],[100.66217349970731,32.52459950026679],[100.66542980004527,32.52626039969772]]]}},{"type":"Feature","properties":{"shapeName":"Chengbei District","shapeISO":"","shapeID":"62558664B11502222494460","shapeGroup":"CHN","shapeType":"ADM3"},"geometry":{"type":"MultiPolygon","coordinates":[[[[101.72366720028111,36.75647539971999],[101.71566079960627,36.75426350006052],[101.71686549994291,36.74617920011002],[101.7233409001625,36.743343500102526],[101.72331580008415,36.73809409976292],[101.72052990003493,36.73755100007867],[101.71884830000909,36.73181850012372],[101.72600129982021,36.716449199670876],[101.72798409988638,36.71570480023638],[101.73142260017289,36.70978949958578],[101.73092060040545,36.708481600245705],[101.72447030026422,36.707093299716064],[101.7287118996345,36.702445099761576],[101.72434479987265,36.69946690037722],[101.72695500027311,36.69544209967319],[101.72431969979436,36.69501950014984],[101.7269801003514,36.68960579996775],[101.7244954003425,36.68811650017642],[101.72637780009546,36.68578179989021],[101.72512289960218,36.68407099977685],[101.73084530017053,36.68254129974122],[101.72113220029087,36.677327999987256],[101.71980199956266,36.67781109960259],[101.72201070033361,36.68143420012831],[101.7156357004273,36.68344699977928],[101.7143054996991,36.68725099983385],[101.71194620025699,36.68421190015914],[101.70820659975482,36.686204400312874],[101.71044029988002,36.688659900234256],[101.70835720022467,36.68920330029215],[101.70931089977825,36.69258439955047],[101.7032873000689,36.69910470022177],[101.70168100027797,36.69751490029245],[101.69977350044672,36.6978771004479],[101.70002450033047,36.695039599997585],[101.69610920017948,36.69507990041711],[101.6964604996524,36.69389250033868],[101.69445270023198,36.693449800068265],[101.68855460001481,36.695522599788205],[101.68624549983002,36.6943755001293],[101.66879740027986,36.6955420997881],[101.66415349998408,36.69093270018402],[101.66500689994854,36.689503600111095],[101.65597019996483,36.689543799806586],[101.65273200028167,36.69336829990715],[101.63779620003464,36.700050500130544],[101.63189719959615,36.71186370044944],[101.62993920013406,36.70695350010402],[101.62634960025389,36.70659120012385],[101.62139589970104,36.70972989971517],[101.61923680013825,36.70757340009237],[101.61529019998278,36.70713350031082],[101.61946689977765,36.704309999606835],[101.62134280013021,36.699897100071155],[101.6161042995738,36.69353979972203],[101.61753780002948,36.69108479982373],[101.61553790025397,36.689537900253924],[101.61758960008007,36.68720679995391],[101.61357510021077,36.68554390043073],[101.60946499971004,36.68605889989834],[101.6089191004362,36.68343230036044],[101.6034281997517,36.683046000172794],[101.60268969986981,36.680960199853416],[101.6007630004122,36.68088290042556],[101.60034559986957,36.6836640997185],[101.59806569977229,36.6847713000555],[101.59622210036969,36.68397549986946],[101.59699669993779,36.684945100336165],[101.59507950001898,36.68603310014748],[101.5984971000612,36.686085900244166],[101.59568960009506,36.68747510009587],[101.59565579997525,36.6897968996073],[101.5854142000054,36.69795449970047],[101.58226730039564,36.69785150034653],[101.58117559987409,36.69615219986417],[101.57118919962193,36.70614129988115],[101.56756069956668,36.69574029957522],[101.5578311996502,36.696358200370696],[101.55670739962687,36.69167220011201],[101.55484490007211,36.691028499565675],[101.55966149987836,36.68932910015792],[101.56393220041076,36.68536359985029],[101.56894149975045,36.67485669987684],[101.57064330034808,36.67583539968399],[101.57080390037976,36.67174050042382],[101.56845980037957,36.669113399963464],[101.5671112004216,36.66254540015012],[101.56812859985507,36.65415160031614],[101.57090019978443,36.65280830006304],[101.57121949958031,36.647587599787926],[101.5783819998295,36.64726939986298],[101.59655649978271,36.64193629962057],[101.63512129970826,36.64309570020646],[101.65127289972457,36.652138500291585],[101.66710340040169,36.650026],[101.6760623000352,36.654379699863284],[101.69112209970518,36.65494639955676],[101.69686989982608,36.653761399768825],[101.70756269955899,36.65497220020694],[101.71507660000515,36.652833999989184],[101.71905829980074,36.653246199752346],[101.72294370019165,36.64992299974671],[101.73578790039136,36.64902129989315],[101.7377786999271,36.64665109976852],[101.74381549988544,36.64546600015581],[101.74827889995134,36.64167859978761],[101.75518259959733,36.64033879969588],[101.76160469969722,36.64103449994229],[101.76600389986015,36.636654299756174],[101.77204069981849,36.63619049959192],[101.78030199983749,36.633331400124064],[101.79224939969009,36.62924090034733],[101.80177239997636,36.64948300014038],[101.79967230043638,36.65305889974849],[101.80087049957393,36.66240220020143],[101.80388030023573,36.66481650038122],[101.80201219970331,36.670643799671666],[101.79901329972404,36.67165459987996],[101.79547380017578,36.66914539964051],[101.79394279972047,36.665771399630444],[101.78783819987308,36.66194099997722],[101.7747362000157,36.67262409962257],[101.77316020018316,36.677386199613466],[101.77886829973232,36.68512670043691],[101.78269799971298,36.698469699716895],[101.78937640030068,36.705659399961405],[101.78725629983842,36.71214569996414],[101.78250430013338,36.71789400010806],[101.77810500014567,36.71907349964232],[101.76876760014471,36.71724840019357],[101.76809320034096,36.720264300057465],[101.76621200028364,36.7185287002394],[101.76237859959275,36.71869939965762],[101.76169120008888,36.72019119956428],[101.76661039995008,36.738959000257694],[101.76696180014704,36.750482900365625],[101.76917050001862,36.75448470000896],[101.75888019996131,36.757521099918904],[101.74710899978055,36.7554699999406],[101.7439466003554,36.75353949994803],[101.72979120030374,36.75794330014321],[101.72366720028111,36.75647539971999]]],[[[101.81086569969233,36.601598599595775],[101.81235450035996,36.59950689972368],[101.81418900042212,36.602502099892035],[101.81216840005169,36.60420960039278],[101.81299259992858,36.60297169978418],[101.81086569969233,36.601598599595775]]],[[[101.81731549981055,36.60184150018512],[101.81848530015651,36.59999169995706],[101.82275859972964,36.600090299827514],[101.81731549981055,36.60184150018512]]],[[[101.80608449989978,36.59962660038735],[101.80724379976164,36.59862040021136],[101.80927410021962,36.59946560015737],[101.80757589960814,36.60103020018363],[101.80608449989978,36.59962660038735]]]]}},{"type":"Feature","properties":{"shapeName":"Chengzhong District","shapeISO":"","shapeID":"62558664B19613584356543","shapeGroup":"CHN","shapeType":"ADM3"},"geometry":{"type":"Polygon","coordinates":[[[101.78030199983749,36.633331400124064],[101.76883890019514,36.62089460000584],[101.7640557003104,36.61183920041884],[101.75876789981879,36.61297319965348],[101.75792029958222,36.61932339985509],[101.75521579986935,36.61729849982595],[101.75212790028246,36.61932339985509],[101.75325819970624,36.615467999948294],[101.74887860026723,36.616601900257535],[101.7527535999987,36.615095400032715],[101.75079470031523,36.61309560008192],[101.7486539999822,36.61362250027821],[101.7486254995672,36.61192719998036],[101.7336980000627,36.617081899909806],[101.72350839979288,36.61884590031809],[101.72213779971975,36.61273819960826],[101.71655779960281,36.607308299938154],[101.7137891998118,36.60682720041501],[101.71110630001579,36.60943909963481],[101.71027859997747,36.60423800008368],[101.69917570039831,36.59999909957884],[101.69829089970534,36.5951869001554],[101.69172620040388,36.5940869996154],[101.68858659969186,36.589870399599306],[101.6853898002991,36.588930699792],[101.68079460009079,36.589916200272455],[101.67768349979372,36.595989000092345],[101.67394900024624,36.59494029975508],[101.67523340030124,36.5929465999057],[101.67768800000124,36.593015300016134],[101.67537610022691,36.59175490016855],[101.67677469979265,36.59109030027719],[101.67566159990298,36.59040280004922],[101.67857279979495,36.589875700203436],[101.67337819964428,36.58664440011904],[101.67527579973842,36.58120280026907],[101.67256920010857,36.579005199830135],[101.67279750020452,36.57487939986447],[101.67627970034795,36.5740084001676],[101.67519509997396,36.57176199981649],[101.67277879970192,36.57027909960084],[101.6702385000068,36.57202119971862],[101.66687060009815,36.56998110024762],[101.66550059987287,36.56670310016801],[101.66695620026849,36.56415849991487],[101.65716630008473,36.56661139989626],[101.65885019967703,36.56425020018662],[101.65845070013978,36.56037580030301],[101.65231409971597,36.56319560029675],[101.65585329979001,36.55780800023905],[101.65045889995832,36.55858750021304],[101.64900319973793,36.557509999986564],[101.65180029994394,36.55466700018195],[101.6489460999826,36.5538415997101],[101.6466912999636,36.555377800045505],[101.64589210034023,36.55365820006591],[101.64340900022523,36.55322259994307],[101.64466480004057,36.54402789986773],[101.63912759955912,36.54253740038075],[101.63966989974614,36.54049649961382],[101.6381287000795,36.54109269976834],[101.63658739968878,36.53886830043177],[101.63598799974648,36.53359370018916],[101.63296249961974,36.53492390001804],[101.63202069989546,36.52921319962951],[101.62868119967766,36.52960309980324],[101.626626200239,36.52269940015725],[101.62382910003299,36.5227682000924],[101.62328679984597,36.52763070039657],[101.62171699993968,36.52847929977992],[101.61997589986794,36.5252223995941],[101.61609420018726,36.5252223995941],[101.61980459970255,36.523043399833114],[101.61852019964755,36.520795600136864],[101.62011859979361,36.51916699985719],[101.62000440028288,36.51508389970223],[101.61535210031923,36.51875410042146],[101.61637960003856,36.512881700130436],[101.63193499990041,36.51028949966076],[101.63330509995046,36.5125605998918],[101.63501759978249,36.51127590036259],[101.63650180041782,36.51265230016355],[101.6351602997081,36.51377639966114],[101.63653029993344,36.51480860013686],[101.6395842995758,36.51343230016056],[101.64178209966423,36.51689610017496],[101.64089729987057,36.518364200247674],[101.65259949956732,36.528685699585424],[101.63427549991445,36.504049300035206],[101.63964140023052,36.49881819999996],[101.64951210000345,36.49330980030709],[101.65174890009172,36.49762560004149],[101.65574499983194,36.49749579999121],[101.65739989988555,36.500870399849134],[101.66123450027203,36.496652100114375],[101.66018510026225,36.49941020032054],[101.66268770037715,36.50074059979892],[101.66147670028954,36.504309699632984],[101.66510959982821,36.50489369958461],[101.665513200274,36.507489300390944],[101.67067989985753,36.509792799598074],[101.67346500040952,36.51319920038287],[101.67540249982557,36.504439399858484],[101.68222420018674,36.49090849982747],[101.69384920028045,36.48191899986199],[101.69958099966345,36.48065319958556],[101.70466689965775,36.472571399750336],[101.7098336001406,36.47484350002753],[101.71229580001125,36.48133480026087],[101.71487919971537,36.483671499739955],[101.71778540027606,36.483898699965096],[101.7206916997622,36.48779309987174],[101.72775550031616,36.487987800396695],[101.73187270006514,36.48970779967527],[101.73829060033103,36.48126989978607],[101.74293260035927,36.483314500363974],[101.7522972003556,36.492563499705795],[101.7640432995587,36.499507599596086],[101.77473989982656,36.5089167996706],[101.77611230034245,36.51258279965651],[101.78293389997958,36.51676780019386],[101.78515399965744,36.52357990029219],[101.79003809987847,36.52753719968206],[101.78931159965066,36.53126729974616],[101.79508370035256,36.534834900410374],[101.79746519955938,36.53749439984671],[101.7967789997511,36.54005640018278],[101.79906109959012,36.54138240017767],[101.79886580011663,36.543736599564454],[101.80096519998403,36.54401240005228],[101.80055079957981,36.54673129970979],[101.78473450009716,36.5518359002067],[101.78135020015168,36.55427710000822],[101.77934730023776,36.578130199948816],[101.77461579967945,36.5864392998339],[101.77647160018427,36.58832159976208],[101.78760660016451,36.59196840012163],[101.7879903004121,36.59419209978563],[101.7820160995634,36.599404400392814],[101.78892270042235,36.60777670013465],[101.78464060008366,36.60957849994787],[101.78633269969441,36.61135259974276],[101.78380050019297,36.61385619990375],[101.79591229971294,36.62753599978663],[101.79224939969009,36.62924090034733],[101.78030199983749,36.633331400124064]]]}},{"type":"Feature","properties":{"shapeName":"Chindu County","shapeISO":"","shapeID":"62558664B32630744379818","shapeGroup":"CHN","shapeType":"ADM3"},"geometry":{"type":"Polygon","coordinates":[[[97.65835300039072,34.12588170008047],[97.6371989997341,34.1602709999068],[97.61976599980113,34.21402700034582],[97.60674299998954,34.21947499977148],[97.58828699964539,34.20726399963394],[97.57552300008643,34.171028000441936],[97.5467529998511,34.175720000078],[97.52640500039053,34.201049999957604],[97.49095899985804,34.21073499962057],[97.4677960000854,34.27658100001321],[97.43544939967012,34.29705259959786],[97.41230000034477,34.29622300019133],[97.3995820002092,34.328902999973536],[97.34825100008362,34.37258099971342],[97.3170725002957,34.366079799743034],[97.30258200025918,34.398411000167584],[97.33008010011656,34.4217464998012],[97.32165059989535,34.45278469995401],[97.29698910026684,34.46951710013411],[97.22327079980761,34.49034849958366],[97.16563399990923,34.48083899991997],[97.15877180037836,34.49237069984798],[97.14600949963875,34.50592000000802],[97.1577633995613,34.52147410034951],[97.16685820024583,34.521324199552225],[97.17013239979048,34.525820100217516],[97.1823193997206,34.52686910002899],[97.19445049959097,34.54653809965362],[97.19305130017744,34.55638570033983],[97.19959960034134,34.56597260015542],[97.19214179960443,34.57391089966836],[97.19711719989891,34.59528329978451],[97.15806659969388,34.608734199723585],[97.12627849985296,34.62431309976978],[97.09877639981107,34.62166779972921],[97.06722229996922,34.640797900402845],[97.06841690002,34.675144600243186],[97.10270530040935,34.67984420004984],[97.13413620032543,34.7133210998889],[97.10949150003273,34.71361469975864],[97.07806050029194,34.730348099984894],[97.04843719991692,34.734341199586765],[97.00662650031279,34.74913229981581],[97.002350199702,34.74013349996113],[96.9979969998617,34.714269999760745],[96.9898394995933,34.69012360032394],[96.99019670041747,34.677788099840996],[97.00555500036302,34.663982000069325],[97.00805520018741,34.64194600010785],[96.99805439999062,34.618728600344696],[96.99948309986524,34.604030599732425],[96.9909110004424,34.56139170006696],[96.97090949987358,34.53285560000597],[96.9717540999718,34.51915770036766],[96.96198019962657,34.516081199687676],[96.95285530043185,34.52049579984134],[96.94069439972685,34.51807360001669],[96.88911749977285,34.50077760010623],[96.85090030040857,34.50607569963387],[96.83125589993989,34.50342669978244],[96.8119688001201,34.51166789995369],[96.77053700018246,34.50136629991488],[96.76196489986029,34.522851000173546],[96.7555359001617,34.52667639959623],[96.73231979991891,34.52903050005756],[96.70803219972629,34.54550690012337],[96.69231679968061,34.54521270040584],[96.68195879955903,34.55256719961665],[96.66195729988954,34.54874290006484],[96.65802840019057,34.541093899863654],[96.63071899968213,34.55144369996685],[96.59659509968418,34.54580109984096],[96.5873087002364,34.548154599555176],[96.58230829968835,34.55962690016139],[96.5608781001443,34.55962690016139],[96.5430196003743,34.583448999571715],[96.49730179973835,34.590800200069225],[96.48265789964239,34.60491250011182],[96.4569415995752,34.6107919996511],[96.4569415995752,34.616671000066674],[96.46479939987245,34.626076600155045],[96.45587009962543,34.64194600010785],[96.4412260997048,34.6425336998704],[96.43408270015652,34.649879699588496],[96.40836649991411,34.66045660009206],[96.39586549989298,34.660162799673515],[96.38300739977171,34.66662589986544],[96.37336380039915,34.68777419971957],[96.3701492996505,34.71655060042991],[96.34586170035726,34.72653199955221],[96.33407510018577,34.737686200058135],[96.31550219966687,34.74062119960871],[96.29228620014806,34.75206699989218],[96.27692790020251,34.73944720032807],[96.25228310008504,34.743849700103624],[96.20763680029813,34.78287460038257],[96.19799320002625,34.7822878997668],[96.19227850035259,34.76937930001475],[96.1601331996875,34.74003420041805],[96.14906090044025,34.72682549959717],[96.15263260021436,34.712440300279695],[96.14727509956623,34.703925500261676],[96.1576329998631,34.67808190025954],[96.15298980013921,34.66427569976378],[96.16227619958698,34.636950400140904],[96.16156189956206,34.61373150030852],[96.15227550011429,34.59609259969375],[96.14298899994247,34.586683600168044],[96.14656069971659,34.56639190006621],[96.16084749971242,34.55903859965173],[96.16870530000966,34.56668599995896],[96.18370640003042,34.572862300055135],[96.2176375995956,34.57168589958462],[96.21906630036955,34.557862000431044],[96.21728039967076,34.54580109984096],[96.21906630036955,34.539328599935004],[96.23585330018972,34.536092199795235],[96.23585330018972,34.52491080019331],[96.24478249971264,34.51519949985709],[96.23371030029017,34.50342669978244],[96.225138199968,34.49783400033891],[96.20692250027321,34.46839270026294],[96.19156420032766,34.459558300075514],[96.162990600336,34.459263799984456],[96.15013240039002,34.442770400033965],[96.16799099998474,34.413015000042265],[96.16799099998474,34.3968070997679],[96.19258350002855,34.38940550036358],[96.20836960027691,34.38291580002419],[96.2149186999381,34.38223499974549],[96.2186138001868,34.38032499979897],[96.22081680015526,34.38096859962121],[96.22565490005366,34.37657870024685],[96.22867430007892,34.37575000016244],[96.2323767999494,34.37755919959744],[96.23783849964713,34.37201170007995],[96.23784669966551,34.36852859971515],[96.24045459960013,34.36661790009606],[96.24813079979663,34.36688120000741],[96.25620879999616,34.36143219963634],[96.26043080044116,34.36389179956694],[96.26578849983946,34.361515299691405],[96.27070769970067,34.36160819965875],[96.2769176002671,34.35774380023622],[96.27495170026083,34.35558629966806],[96.27645980037954,34.35202499965408],[96.28498619985328,34.344511000282466],[96.28595270035692,34.33975529986725],[96.29029229974986,34.34082209996001],[96.29106569962238,34.344972800354526],[96.2940621003857,34.34646549958319],[96.29584090003755,34.34441629987242],[96.3004807003241,34.34346709962699],[96.30971739963832,34.34254090044226],[96.3138029999086,34.34343130031431],[96.31939189971644,34.3420881997107],[96.32044849969856,34.34015070029466],[96.31844030007983,34.33720170009843],[96.32161560027981,34.333968200272295],[96.3212551996678,34.33181309999463],[96.33133299981813,34.32585949991602],[96.33583949989304,34.31811859979359],[96.34396899976957,34.315730200088694],[96.34968020018113,34.31891859981357],[96.354329300357,34.31418879987325],[96.35797189998328,34.314882400202634],[96.36004319963399,34.31104960025891],[96.36597939962962,34.30950700034782],[96.37148759967306,34.305434899800844],[96.37432450027552,34.30532120031319],[96.3758039003298,34.304151200317676],[96.37580889966102,34.29992159970209],[96.3811267995622,34.296648199654726],[96.37822069972555,34.29342430009143],[96.37924110019668,34.291729300167106],[96.38846789977379,34.29434060043843],[96.39034070016322,34.297563400130855],[96.39585870011899,34.29939390000851],[96.4106098003021,34.292965400333],[96.41487570025345,34.292383899597326],[96.41710569966835,34.2941128003655],[96.42017720011773,34.29272930041691],[96.42084420029965,34.290010499684854],[96.41730550024869,34.28595699981577],[96.41819859988556,34.28076479995559],[96.42546220012048,34.27770060020259],[96.43270320039244,34.271243100089066],[96.43874320013862,34.269908200403165],[96.4436876997276,34.264323899728254],[96.45148840026951,34.25988060040942],[96.45653289997341,34.25373250035466],[96.46434240038155,34.25069730014036],[96.46868459971455,34.247350400300775],[96.47436040011246,34.247418899862396],[96.47819069994091,34.24452140024249],[96.47904359988229,34.238802200361306],[96.47686179963239,34.230595900180674],[96.47842229964948,34.22745869975921],[96.48801149993085,34.22411480005803],[96.49685610022891,34.21406450027649],[96.50363299996303,34.214836800278135],[96.50784519959632,34.21231699972981],[96.50832529997268,34.20916750018006],[96.5055500002324,34.20304579972395],[96.50700549990398,34.19965960041026],[96.50374339983807,34.18829049970685],[96.5051539999572,34.18255010010711],[96.50017170006396,34.17628240011271],[96.50501669956111,34.172059799819976],[96.50471060001422,34.162526799971886],[96.50876590032613,34.15960060028755],[96.51696570020698,34.15794379996646],[96.52568649983215,34.15883970009213],[96.52998180041982,34.161426199759376],[96.53859980034059,34.1602374003358],[96.54591030022021,34.15716620026001],[96.54855250029772,34.148576500205365],[96.55243710029202,34.14486819970773],[96.55009520003352,34.138687900326374],[96.55140019995935,34.135582099734165],[96.5456188002675,34.132178699987094],[96.54474290016475,34.12589479960536],[96.54791339978362,34.12219860038516],[96.54840470031672,34.11724339976314],[96.54656160003788,34.11414270012557],[96.55418049993017,34.11024770037113],[96.55690139967993,34.10407920009504],[96.55413549965363,34.08977679955973],[96.56658990040364,34.08275040001098],[96.57091140004115,34.07544259989612],[96.57055129980273,34.07156469985108],[96.57451270010108,34.05754310003408],[96.58981810012529,34.05112819990654],[96.59449970000122,34.04695069971507],[96.59323930015364,34.03650629992586],[96.5946798000328,34.016807600190646],[96.60188230032793,34.008299900320196],[96.60026180024192,33.995909999846674],[96.59612029991195,33.98904260043571],[96.59558009964195,33.980382800026234],[96.59990160017878,33.94976789996866],[96.61556720026613,33.93273829993262],[96.61178580017457,33.92586579956702],[96.61430669969451,33.91929150000277],[96.62078900041212,33.91645239965857],[96.62493049984278,33.901359000417585],[96.63069250025876,33.89597860033217],[96.62907190034798,33.890747199923396],[96.63429380031869,33.882525899950394],[96.62439029957272,33.87609779957387],[96.62763139956951,33.87071579959451],[96.62565070031962,33.86787510025573],[96.62655099992878,33.86338960024989],[96.61556720026613,33.84798780009697],[96.61736780038376,33.83647190035799],[96.62781149960108,33.81792369971902],[96.61898840029448,33.814782099814124],[96.61340640008535,33.80849849980598],[96.60260259973023,33.8043090997852],[96.58639690009693,33.78710079996199],[96.57379239979946,33.783808399937755],[96.57127150027958,33.773481400346384],[96.55956740031536,33.768242499591736],[96.56316870037529,33.76554810016472],[96.56226830004209,33.76150640030016],[96.56370879992124,33.75836269957898],[96.55596610025538,33.743840299690135],[96.56731009998117,33.723624600395055],[96.57091140004115,33.720329800080265],[96.57145160031115,33.71104360028198],[96.57757370006624,33.70295480012396],[96.5813551001578,33.69261799972094],[96.58207529973538,33.68632540019712],[96.57739369985944,33.67898349958887],[96.57775380009787,33.67358909975718],[96.58765729994451,33.6704421003227],[96.58945790006209,33.667295099988905],[96.57811390033629,33.656504400058054],[96.56713009977432,33.656054700364166],[96.56172809977204,33.65305709990531],[96.56442910022287,33.64676160006786],[96.56388889995281,33.64046570003211],[96.55830689974368,33.63237019992482],[96.55722659992773,33.620975400194595],[96.55317510015084,33.61677689993405],[96.55213979971205,33.61254070009329],[96.55479570006156,33.60433020007872],[96.56126379958476,33.59866950019733],[96.55904720006828,33.60220060007771],[96.55825270030192,33.60895120003789],[96.56362040016137,33.61061010027595],[96.56485729982461,33.60710439994813],[96.569590199728,33.60441759979244],[96.57486580001671,33.60286879995522],[96.58621780011146,33.6028697001766],[96.59089179981675,33.5970430996594],[96.59648979986446,33.594469099669254],[96.6011084004324,33.590017299958504],[96.61324560040418,33.587751500331535],[96.62660360037592,33.580586099768766],[96.62973540036847,33.574698000012745],[96.62303079983161,33.5634347000514],[96.6231970997664,33.557507799945085],[96.62130459972758,33.55291860001341],[96.62424220011752,33.545270199660024],[96.62808239968308,33.54419299980714],[96.63353430036773,33.54663990041115],[96.63168080032875,33.553577500001666],[96.63283869994609,33.555163600120125],[96.6370835000036,33.5530251004281],[96.64182569979624,33.544697899888206],[96.6482965998083,33.53794439961439],[96.65407429968923,33.53827879992673],[96.65762200015524,33.54483160029815],[96.66278320038447,33.54276050029688],[96.66776639959971,33.54335890019314],[96.68155570003557,33.54880939973407],[96.68702690017136,33.54904069996837],[96.70221049961492,33.54598899989247],[96.71071439984973,33.5385697000317],[96.70994879979736,33.53228240021264],[96.70290719990743,33.53025269960244],[96.70357189962351,33.52286030026272],[96.69277620036144,33.51220420006382],[96.68532840008567,33.51053339999646],[96.68507499991136,33.50822550040658],[96.6938837001727,33.50648610005351],[96.69468559956084,33.502414299880115],[96.68915710002022,33.500980699599666],[96.68325139963247,33.50521709998924],[96.68002170034123,33.50301390037123],[96.6871377002447,33.492593099691874],[96.68746119987452,33.48525599966473],[96.69905270022201,33.47677749988179],[96.70302050009604,33.47199870037974],[96.7030333999715,33.469064199952925],[96.69821539992085,33.46544630020662],[96.69310430002349,33.44800660032439],[96.69469850033556,33.44595419992646],[96.70778870018842,33.44716960039682],[96.71272649982814,33.44571580044391],[96.72000359978637,33.438870199700034],[96.71518509971264,33.42719689971722],[96.71312579971595,33.42627700028339],[96.7065770004283,33.431639699912296],[96.70080069989245,33.431931199865005],[96.7001890997472,33.42824259991613],[96.70234870023239,33.42335000020239],[96.7207949995896,33.40914740013244],[96.7251954003475,33.398915000227134],[96.73138320007467,33.39394579985884],[96.73635660027696,33.394137799719715],[96.7365907001008,33.397565099849544],[96.73101089963336,33.400196400143784],[96.72780680044355,33.403041300215875],[96.72777710033296,33.40532380025326],[96.73174390016095,33.41018199999934],[96.73448400043634,33.410964299562806],[96.73929350009502,33.40888420004586],[96.74387430035875,33.402140100385395],[96.74707380041559,33.402792599898646],[96.74716520031382,33.404654999628576],[96.75078129961736,33.40613620012556],[96.75547990027724,33.406739799901914],[96.75883309986773,33.40598809977104],[96.76091890018716,33.40344329986846],[96.75906850011125,33.4002250003835],[96.75366750015507,33.40168490043783],[96.7449377001148,33.398174400428275],[96.74807960039328,33.38997769961122],[96.75480019986941,33.39101069958417],[96.7668778997953,33.390087800012],[96.76383339969169,33.399296099635364],[96.7703191996714,33.401392199890154],[96.77546819969774,33.39978470040364],[96.77658489957349,33.396326700117186],[96.77354439965438,33.39252019994734],[96.77192689970673,33.38504390015589],[96.76767129969079,33.38274550010482],[96.76738010011161,33.38118900027217],[96.77162950020136,33.372009600362844],[96.77621889978246,33.367987699972446],[96.7733493996551,33.353793399745655],[96.77377870002704,33.350389699625],[96.7762761002619,33.348226300403496],[96.78133709982734,33.34952570025092],[96.78702859969019,33.356135300004155],[96.78744109982694,33.37578059979489],[96.79150700044778,33.37837049979879],[96.79715409988188,33.386735300094074],[96.7998496999038,33.38721190030901],[96.8024520995848,33.3855690997342],[96.79980840033744,33.375845400444916],[96.8020974996,33.36885490003368],[96.8164220000753,33.35798250029222],[96.81289109984442,33.353349499779654],[96.80231199959917,33.35222490025899],[96.80052230016406,33.350720999974214],[96.80108940005584,33.346738499781964],[96.81132189978592,33.34018389986716],[96.81382869973476,33.327514099795906],[96.81934340007791,33.32258119966269],[96.82391279963605,33.32077550038906],[96.82736679973806,33.30851640001191],[96.83218329971959,33.30919949985707],[96.83654690021933,33.31331530026097],[96.83662679958718,33.3176183997694],[96.83179169982714,33.32713859956675],[96.83617719971807,33.33174969978887],[96.84301840007913,33.330269299688496],[96.84978209956432,33.321519899823556],[96.8528196002444,33.322275899613146],[96.85547759961162,33.32750400040936],[96.86536849995639,33.333165399963264],[96.88165609994911,33.325730000439194],[96.89476129959434,33.32498779984712],[96.90402269968791,33.319630700296614],[96.90848270031643,33.32401970034897],[96.92848880001816,33.32588410017115],[96.93176680009782,33.32400829964337],[96.95308490004817,33.32961940011529],[96.95713339968671,33.33473219973126],[96.95196300029227,33.339067000341856],[96.95078259963731,33.344861600282684],[96.9539058003125,33.34588180020495],[96.95674069992344,33.34291749984277],[96.96177629993633,33.343050700229696],[96.97524779974623,33.35100329986244],[96.97870789994965,33.35111109979749],[96.98020439971333,33.349375699628865],[96.98088650041171,33.342664099668525],[96.97973029961372,33.33953829995261],[96.96965839991526,33.33677649993558],[96.96958599999397,33.33475619993874],[96.97831970039391,33.32857689970422],[96.97591010007113,33.32380079996699],[96.9766923996346,33.32180819998848],[96.98238209995401,33.32050820029326],[96.98688319960002,33.32232120026322],[96.98760359972641,33.32706480030032],[96.98188480004353,33.33009550030715],[96.98522109957412,33.33246709977686],[97.003746200227,33.33188459989441],[97.01058619999321,33.329132900163245],[97.0125218000411,33.32689750031943],[97.01257400028993,33.32352219988968],[97.01061309961489,33.32202410023211],[96.99985430043569,33.3199746001477],[96.99862800018212,33.318055800334946],[96.99902830011604,33.308302900058834],[97.0013026999597,33.30639709994625],[97.00407610033182,33.30629380021878],[97.01436169963279,33.31472789957297],[97.01883600038116,33.31498029970112],[97.02383570035732,33.3129988998794],[97.03117109976648,33.30707919974532],[97.03263409978393,33.30280149978944],[97.03718229962351,33.29766079960626],[97.03879089988021,33.29081519976171],[97.03385930016663,33.28691259983668],[97.02645059971547,33.28855750032841],[97.02185819999602,33.28757320044292],[97.01926439963239,33.28530179983824],[97.01801629981247,33.27711820034472],[97.02113899956521,33.27102419990695],[97.01163040012295,33.25608870003356],[97.0117412001963,33.25008539982139],[97.01365349970928,33.24810030018875],[97.0258933995608,33.24271499969751],[97.02941959993467,33.23969849998582],[97.02173810003336,33.23146199967158],[97.0213748000071,33.22298900014232],[97.02464300017436,33.218924300116385],[97.02611060022406,33.21339650024834],[97.02274609975274,33.209358600019414],[97.02326620017504,33.2072833001842],[97.02703449984233,33.20505710040493],[97.03370480023642,33.20417529985025],[97.03690940034863,33.1977665996489],[97.04446520020889,33.191442200097526],[97.04738999964883,33.18051219967833],[97.04871410027556,33.17835710029999],[97.05267709956854,33.17676869971575],[97.05611640025171,33.1706383001175],[97.07157010027998,33.1679757996435],[97.07434670043995,33.16515760044297],[97.07712510014329,33.1569151996768],[97.08468630043245,33.155954200326164],[97.10915220021394,33.14289340021031],[97.11384949955482,33.138685900433984],[97.12015349978424,33.1384591004072],[97.13271880043237,33.12960379997543],[97.13565289976157,33.12017219958739],[97.15812919970284,33.10172650007797],[97.15845210038418,33.0954136001576],[97.16465330000983,33.09220239992089],[97.16585860019433,33.08792250022327],[97.1705084000427,33.08188249957777],[97.16983760022515,33.07552520012791],[97.17907430043869,33.059015099767066],[97.17565699987068,33.055833200341965],[97.17348639977757,33.05060000038975],[97.17428279981141,33.04876750041984],[97.17904439977929,33.046289600184934],[97.18427449976843,33.04623449962253],[97.18945710026503,33.04269219958542],[97.19821849978399,33.04096279969349],[97.20018260024688,33.038276399736105],[97.20384910025581,33.03704069976851],[97.206166299735,33.0314583002604],[97.20620879989627,33.02610799958455],[97.21521920010605,33.02732149978743],[97.22159260011847,33.02642859980011],[97.22792590026017,33.017611999893916],[97.24266649995906,33.00896620013009],[97.24832300000651,33.00738329979947],[97.24951839955457,33.00320790042434],[97.24748779962232,32.999253600273505],[97.24908819986058,32.996356699602075],[97.25831410011568,32.989903400221806],[97.25732029979207,32.98847220023191],[97.25253550001338,32.98792990004489],[97.24952299958682,32.98027550031412],[97.24408780021184,32.97747959980376],[97.24888330012425,32.967339699667434],[97.2502217997963,32.95256140038839],[97.25673739971131,32.932802900233696],[97.2557992997979,32.92835099979885],[97.25919069989095,32.92785999963934],[97.26336150013316,32.924127500184056],[97.27653549971359,32.926602400280615],[97.27885029980155,32.92523509982004],[97.28145809991145,32.91644939972008],[97.28324520030583,32.915955199772725],[97.28875240030311,32.9206184004189],[97.29235139989726,32.92147889963155],[97.31223490042038,32.91609770004885],[97.31354749961747,32.92022609995462],[97.316757199785,32.92326430030727],[97.32092840022557,32.92427089978224],[97.32671830030938,32.92152580017557],[97.3252753003149,32.911135500003354],[97.3263274000895,32.90812370014868],[97.3310341998685,32.90622769994843],[97.33606610007052,32.909025200352744],[97.34508819956085,32.909214000425834],[97.34927510036567,32.90726620017506],[97.35620879959646,32.91199490024451],[97.37114759998184,32.93251929992579],[97.36468409959156,32.94427240035105],[97.36810300005345,32.95536039996256],[97.43603520006451,32.9795531999203],[97.49351499991735,32.98304750044184],[97.52328810036562,32.988724200161755],[97.52417030021923,32.996085099847505],[97.50272140017256,33.01172240006878],[97.50139619967496,33.026607500136095],[97.52024119997145,33.0257738996458],[97.53950500015571,33.037773100448305],[97.54296880017006,33.05015949986108],[97.51729579976143,33.09700390010994],[97.4890746998376,33.11245350012899],[97.49570469981211,33.140659299886806],[97.4848938002088,33.164203599616485],[97.5264129998601,33.20471190013416],[97.55805210002444,33.214927700353144],[97.59934229990728,33.25838850032909],[97.61968990006892,33.337726600402334],[97.6305923002945,33.34715650017239],[97.67628719969457,33.342631900341985],[97.67891869963836,33.346505700377804],[97.67490529963993,33.35643840031196],[97.67618520038673,33.35894930027007],[97.68561560017986,33.364542700285426],[97.68998910041671,33.36488510006734],[97.68957910039524,33.362145599639746],[97.69313249986504,33.36442859970015],[97.69709600008042,33.36431440018947],[97.7013328995937,33.361689000347155],[97.70297289967965,33.36305880002368],[97.70092279974745,33.367168000303025],[97.70201619998772,33.36888019976146],[97.70585119967319,33.36689949961226],[97.70994320041842,33.36739630039898],[97.71130990013182,33.37002160041658],[97.7085764998057,33.37424460000835],[97.70953320039695,33.37652729969517],[97.70707310044327,33.37789679989743],[97.71007980024262,33.3794946001957],[97.71431669975595,33.376298999599214],[97.71582010001765,33.377326199844276],[97.7137700000855,33.38154889996184],[97.71708590029414,33.38208369980293],[97.72003390044421,33.388480799649244],[97.73181069980399,33.38828200001433],[97.73700420008385,33.38953719998187],[97.73973760040997,33.396269700186565],[97.74985129969781,33.39935049962588],[97.7479379003139,33.40311570022942],[97.74848459998435,33.40585400006211],[97.75225089955944,33.40722899961867],[97.75779260024837,33.404867100236515],[97.75422909959332,33.41177010020999],[97.73960099968644,33.413840100340394],[97.72384410042497,33.42236139975887],[97.7154100001714,33.42296620013008],[97.71089990011035,33.42798509973261],[97.70324629987692,33.43049449962149],[97.685478199959,33.43232729996498],[97.68193420020322,33.436313699617585],[97.67498100007316,33.43449330002585],[97.6708908995954,33.43893050014253],[97.6721179004208,33.44404999970777],[97.66611910041621,33.44939670039747],[97.64689549992744,33.449965400183146],[97.62736550041757,33.46269840011115],[97.61212940035159,33.46134029971512],[97.6031312003447,33.45315050029541],[97.59045180001061,33.461454000102094],[97.58193969975741,33.470134400382335],[97.57559099962498,33.47032530037234],[97.57000119959577,33.46497990010238],[97.55500020029905,33.46475560019087],[97.55200459993239,33.46850559955385],[97.55514040010945,33.475442899670156],[97.54518770015233,33.48306200011126],[97.54137030019928,33.495569399708074],[97.52569149986289,33.50523300000299],[97.51364140013055,33.522388499729516],[97.51669320003123,33.53183080025127],[97.51628420005585,33.546376499775704],[97.52201040025983,33.56148780002201],[97.52487349991213,33.57580139981479],[97.52090789977979,33.58142020028208],[97.48574460023315,33.589203999864765],[97.47006579989682,33.588976799639624],[97.46052219973978,33.582957299939494],[97.4497514998319,33.58329800000274],[97.44566350017044,33.590557100030196],[97.43570870029635,33.60169610019494],[97.4160760998322,33.606805899672565],[97.40809630020414,33.61991499967752],[97.40496829984721,33.633644100394974],[97.42877200002783,33.68050000027483],[97.42749789990819,33.70409009977834],[97.4058913999682,33.79354480035232],[97.3708725000659,33.83550260026482],[97.39578250036215,33.853050199906875],[97.39076230033993,33.89494320006867],[97.45413970038692,33.892066999992096],[97.50688169993055,33.91316599991103],[97.53282170006145,33.9066391000145],[97.59906009984377,33.933479299929786],[97.6382446001083,33.92399979985095],[97.6601027996046,33.96232990010486],[97.6568221995849,34.011341099911874],[97.68378210016385,34.01568049965539],[97.69914040010946,34.04676039957286],[97.6934255997117,34.07191190021405],[97.67520999984168,34.089957199964886],[97.65835300039072,34.12588170008047]]]}},{"type":"Feature","properties":{"shapeName":"Darlag County","shapeISO":"","shapeID":"62558664B64130843217960","shapeGroup":"CHN","shapeType":"ADM3"},"geometry":{"type":"Polygon","coordinates":[[[99.87811239996734,33.04757650035526],[99.84880809991392,33.08152209986508],[99.83770499978596,33.10079100010461],[99.82950989976212,33.10765590029962],[99.8162918999513,33.107877299897496],[99.79937290033916,33.09281819990008],[99.78932719969055,33.09591879971288],[99.77108639991746,33.12226970008663],[99.76844279959556,33.148612699916214],[99.76421300022986,33.16808819961079],[99.77055760035302,33.19154149964055],[99.79620049955349,33.23046899974457],[99.80545309978078,33.27158950025529],[99.81814239985192,33.28352410005721],[99.88238180008005,33.247936500369235],[99.8961284996306,33.2324592003319],[99.90855339991953,33.20857440018847],[99.93075970000024,33.20459299986709],[99.93604689974467,33.189771700403696],[99.95640260009998,33.17317759976646],[99.97226410040798,33.18136439994714],[99.97332159971211,33.20768970021953],[100.00002190019057,33.21344039975469],[100.03941149984092,33.24285139987228],[100.0819733995528,33.2410825997822],[100.09809940036712,33.211007399971606],[100.12109870014496,33.207026100374264],[100.1292938001688,33.19065660002212],[100.12162739988463,33.1736202002121],[100.12506409972849,33.15259670017764],[100.17529239972453,33.12249109968457],[100.20701559999003,33.11739870028981],[100.23371589956918,33.13865199959014],[100.26438170035527,33.13223229978087],[100.29055330019469,33.149276699959785],[100.30165640032266,33.16454750036689],[100.30667920028492,33.178488100045854],[100.30535740012397,33.20525659971236],[100.32571309957996,33.226709699593016],[100.35611449968445,33.20061139989622],[100.39233180017249,33.207910900167974],[100.43304319998373,33.21144979986843],[100.45154840043841,33.21122859991999],[100.4528629997277,33.23596520013393],[100.46033230009562,33.255345600119426],[100.47518419989098,33.2730722997469],[100.4755537996682,33.28535919996716],[100.48544779997604,33.29490199972753],[100.4776917004117,33.30575519984262],[100.47593439995268,33.31271240015718],[100.47098730042364,33.31515049999564],[100.46895780036226,33.32617379968116],[100.46050699969834,33.32547729993752],[100.44764760005677,33.3317910002545],[100.44623990025127,33.35542590038506],[100.43788050038484,33.35573929972895],[100.4345825002822,33.363473400077396],[100.43559719995085,33.36813469955678],[100.40660720036209,33.39417259988562],[100.38757330016773,33.41888910025182],[100.38625150000678,33.426611600245224],[100.37012559991655,33.443157499918755],[100.36298790027143,33.471608999855505],[100.35214910010097,33.490350999898794],[100.355850199727,33.51856659956894],[100.36378089996862,33.53972229994423],[100.37435530035691,33.55117940020921],[100.3524134998832,33.57320820019834],[100.35188480014347,33.58972599965523],[100.36140170032826,33.613506199651454],[100.36140170032826,33.64058119996247],[100.37620590008225,33.646523300410024],[100.42749159955775,33.63551899980206],[100.44996219959592,33.61746890036949],[100.4584217003013,33.596552499698134],[100.484857699923,33.58972599965523],[100.50741969985933,33.594476199816825],[100.51440000015992,33.59951520016642],[100.51936380009937,33.601065599897595],[100.52231099985283,33.606620999959205],[100.52975670021158,33.611530200258585],[100.53828819974069,33.612434400227414],[100.54077010016005,33.623543399908044],[100.53828819974069,33.62987229966694],[100.54185590022968,33.63284279995531],[100.53797790035986,33.64123730036118],[100.54154559994953,33.65040569976327],[100.52680939973408,33.66615759969352],[100.51284880003215,33.67429059973142],[100.50602360040887,33.68242280027209],[100.50338660021151,33.693909999946584],[100.49423469977165,33.69636210043063],[100.48011889956763,33.708621600106824],[100.46631339964375,33.71042809977706],[100.46336619989029,33.722556499882614],[100.45467959968386,33.7281041001242],[100.45436940012775,33.74422869979469],[100.46181499976251,33.75029069965609],[100.44894020013021,33.755707499801304],[100.45530010041938,33.776855600006],[100.45002610002456,33.79129510038865],[100.43986459997137,33.80316669998325],[100.43366879987525,33.798672099737644],[100.42495649974273,33.795416300322074],[100.42463080037118,33.79085800019658],[100.41881020013068,33.784674099929816],[100.40570089957691,33.78905539998675],[100.40030289975908,33.78838059998475],[100.3975943998617,33.78153829975281],[100.38954640014629,33.78140989994699],[100.38799260007846,33.77990260022489],[100.38942410044194,33.7741759998226],[100.38823599979162,33.773109199729845],[100.3758943002818,33.773138200167864],[100.37523419969864,33.77164950022433],[100.37735830034535,33.76914799998025],[100.38366949964774,33.76491440007953],[100.38317140023997,33.762981800169996],[100.38116719990643,33.761593299990864],[100.37676799974344,33.761593299990864],[100.36928619969842,33.7638327998439],[100.36125939970157,33.75181269969636],[100.34666769985455,33.74654990035765],[100.33697019961505,33.7470258000007],[100.33496119959972,33.74930550044854],[100.33607130025035,33.75701580023906],[100.32863100032046,33.7607171004139],[100.32555019998182,33.758329699855835],[100.31927039960931,33.75794810042453],[100.31599920020301,33.755948000100204],[100.31622459998533,33.75347610014194],[100.32337309958893,33.7461309997459],[100.3200342001183,33.741628300205946],[100.31435050007559,33.74232589982046],[100.30627020030954,33.74736859998097],[100.29096320039145,33.746449699693926],[100.28090629958609,33.748316700355474],[100.27838509969268,33.7516617997523],[100.28382480017444,33.758675900172705],[100.28542389999308,33.763350999748866],[100.27930020034404,33.769298899924365],[100.27565649994756,33.768071800173516],[100.26994319961904,33.7580964004286],[100.26169829963686,33.75381780025134],[100.25903840000223,33.754158100116285],[100.25060300022835,33.76059250024372],[100.24545350017894,33.76194439981424],[100.24253909959981,33.76087289986447],[100.24130090041626,33.75433469998649],[100.24450649967525,33.744768599691156],[100.23844730030271,33.73654939963512],[100.23948629965304,33.72978040044518],[100.24125559976619,33.72830899986053],[100.24751049970985,33.72802000002304],[100.25218749955354,33.73331760042697],[100.25449509966916,33.733865899991315],[100.26405530041183,33.72147920020495],[100.26736749991028,33.719594199612686],[100.27369360007964,33.72030529984977],[100.27552889963908,33.717946000407665],[100.27501450001921,33.70582249980856],[100.27850490018108,33.69989089984523],[100.29327100015661,33.699182400447455],[100.29632830031085,33.69550280001425],[100.28875170003101,33.68886030036265],[100.28504050011907,33.68255539991185],[100.26925840005515,33.67117519977569],[100.26533129989963,33.66480889991084],[100.25587349956243,33.660438100338126],[100.25576669967353,33.658243699687034],[100.25976330033609,33.653417499617944],[100.25942520021289,33.65073159968364],[100.24673120028473,33.64441440010455],[100.2404458996586,33.63073989992648],[100.23933029965366,33.62058960003009],[100.22742280002228,33.6214762002665],[100.22169540012266,33.62336589981646],[100.21294619990726,33.621774400168476],[100.20796280014315,33.61891939981052],[100.2070889001327,33.61037980008774],[100.19920609958189,33.60806530037337],[100.19526799981838,33.60143769979004],[100.1901399000364,33.599074699637754],[100.18139329976106,33.59985359976389],[100.17622939976707,33.595486099803736],[100.17378469980412,33.591150100396874],[100.17425179958093,33.586633400211326],[100.18111109969755,33.57304209991304],[100.18175740018393,33.5683486002078],[100.17562520014292,33.562449499944535],[100.17303470029123,33.5619250000388],[100.16203549973858,33.56799510009387],[100.15089930006269,33.56884790021047],[100.14747969992828,33.573264100258086],[100.14429879964996,33.57458610006853],[100.14042990001991,33.57282790028739],[100.14060249970566,33.569377299622715],[100.13879030013231,33.56773009956447],[100.13177459981796,33.56986690043715],[100.12086370009973,33.56798609967882],[100.11952339998498,33.571755799590505],[100.12244160019975,33.57880320010764],[100.12035040035073,33.58272329994037],[100.11206960033184,33.58387300043864],[100.09816809957817,33.58916289994795],[100.07808730038869,33.5910249003789],[100.07436059976192,33.59342360001915],[100.07300400033444,33.600784300055466],[100.0771229996268,33.606501999867476],[100.0771229996268,33.609537200081775],[100.07625369964859,33.612867500234984],[100.07243040014293,33.61503849962713],[100.06670290041859,33.61648380008734],[100.05706960008206,33.61089669982289],[100.04225709958553,33.611308699936615],[100.0409053996645,33.61510779958536],[100.04279200015077,33.623391800291415],[100.0420998998905,33.627857900122024],[100.03983250036964,33.63047199998289],[100.03683509956028,33.6312059996572],[100.03132080031475,33.62819300010693],[100.02584600019281,33.62748819962076],[100.02008580021959,33.630385600315265],[100.02027589981299,33.6348827996016],[100.02393900038464,33.6415980004474],[100.02250759984594,33.6469304999427],[100.01800159979405,33.6471863004075],[100.0071461001125,33.64442200027514],[99.99597420004937,33.650398899989284],[99.99696190027151,33.65551860010339],[100.00481089980326,33.65738309975029],[100.01324729962323,33.66163730042115],[100.01498970011465,33.66584270028045],[100.01169310025642,33.67161870044271],[100.00868900039711,33.67264810042957],[100.00300449995774,33.6696376000952],[99.99580470032674,33.67135589965511],[99.98858019991633,33.66720889997083],[99.98056269980879,33.66608259983218],[99.97475190037994,33.670349800203155],[99.96714579963901,33.66906790026343],[99.95950520000503,33.6696376000952],[99.95535610040378,33.6746342001083],[99.95071609956841,33.67506329993142],[99.94425579986535,33.68043569964789],[99.94597139966044,33.68915779969274],[99.94218390036679,33.692595700131506],[99.93650099982136,33.70318599963423],[99.92117709984336,33.70791609994808],[99.91289639964918,33.70820309969332],[99.90568599970919,33.70606090019044],[99.89583680002835,33.707605400369005],[99.8963545001601,33.71720789982476],[99.90478860041361,33.723505499579176],[99.89904919996064,33.7289514998119],[99.89954480015246,33.733700199904376],[99.89800430015839,33.73637939988947],[99.89366209992602,33.736615599630284],[99.88868599995897,33.73447509984601],[99.88169599957081,33.73661539998079],[99.87415380015779,33.73653749980582],[99.87246469978612,33.739473199928284],[99.8633289997336,33.74229759995433],[99.86368840029951,33.74663220001605],[99.86097380030071,33.75110749991126],[99.84754519995107,33.75473869973126],[99.83436539974349,33.76100019979941],[99.8307596003753,33.765996299789435],[99.80446490043488,33.77956700021696],[99.79313619997572,33.78184969990377],[99.78455879994874,33.78698250044209],[99.77292399994269,33.790745100206266],[99.76964199967858,33.79306269988376],[99.7681269001364,33.79907079977767],[99.7613416996598,33.805864100447934],[99.75782649979317,33.80730660041934],[99.75167379970617,33.80746969966697],[99.73974260024085,33.80344999991763],[99.73355309989569,33.803165000264585],[99.73001360034743,33.80462789955794],[99.72520309974334,33.81309830004653],[99.71602090024442,33.81434520017092],[99.71146200027118,33.812207400151465],[99.71125790003214,33.808555599561316],[99.70010630036552,33.80131600043313],[99.68964570018898,33.79819539969799],[99.68247819970918,33.79417240033604],[99.68067830016349,33.787349600103994],[99.6765848002484,33.783143399848086],[99.67540350027139,33.772893900233385],[99.67307909992059,33.77105659968237],[99.66661920041582,33.772990699661136],[99.66149729966071,33.76887890034101],[99.65076719964662,33.76670780022488],[99.64384140006064,33.75908109961313],[99.62931059960454,33.754885600390196],[99.62095269980733,33.754885600390196],[99.61528670022108,33.75873990042612],[99.60909369971455,33.75859690012692],[99.59916569963741,33.76444010033043],[99.59001110033205,33.766163300296114],[99.58024969966397,33.763335800307004],[99.57449740023492,33.758719600029565],[99.54801519974171,33.7588826003518],[99.54584590006829,33.76331080005343],[99.54010629996583,33.76264239962711],[99.53805240039804,33.76524559970471],[99.54140619983633,33.77552690024629],[99.5401902004175,33.780519800448474],[99.53478199958965,33.783981100347546],[99.52263279996379,33.786651299917594],[99.5195214001925,33.78906250013432],[99.51187399988527,33.78750400020948],[99.5105788996965,33.791598000147644],[99.50816980029612,33.79260099963648],[99.503825400322,33.789082699806784],[99.50161749994771,33.78931919992118],[99.496720599676,33.79741789981625],[99.49573360002569,33.805628300006106],[99.49017500017618,33.81094230044687],[99.48343220003608,33.813240599773906],[99.46470240019568,33.8105325998996],[99.43897039976417,33.81651990027325],[99.42585910001753,33.8168077004151],[99.41830509970066,33.80994950016935],[99.41079720043052,33.807822799582596],[99.40638699976029,33.808668499551686],[99.40038330024919,33.81294430013941],[99.39586839960702,33.81424269994068],[99.38810340035172,33.81205219964937],[99.3812334001014,33.812484799633864],[99.3732180997356,33.80763179976782],[99.37279910019839,33.800098500045806],[99.36996500008473,33.79561309986474],[99.37026910043869,33.79273980010174],[99.37346799974847,33.790885399841386],[99.37355180037537,33.788015700064534],[99.38385960034032,33.78483250021975],[99.3834096002729,33.77622930044191],[99.37465060014512,33.762089800404],[99.37482400022748,33.757477100287986],[99.38091170001502,33.750779099875615],[99.38025589998983,33.74794609963283],[99.37585259981768,33.74573400032392],[99.37273519976969,33.74671339980358],[99.36566479999061,33.74084870040724],[99.35986679971307,33.74251229960299],[99.35349370007424,33.741838100348104],[99.34774120009638,33.73693590037158],[99.35061730034818,33.7262121001084],[99.34953730000643,33.72261919971635],[99.34539800031752,33.722272000252644],[99.34118550031064,33.725732200280845],[99.33437690037374,33.736467000152004],[99.328489600115,33.73874209966823],[99.32596640012935,33.73575210027923],[99.32847160018429,33.727252100404144],[99.32612120043314,33.72361280039047],[99.31672070040008,33.72928159956621],[99.28796529975881,33.73033659965438],[99.28817419967964,33.73360310010304],[99.28544500008672,33.735938699711255],[99.28609369996434,33.74040579958802],[99.26649350027486,33.750201100200684],[99.26511379996197,33.75972249969368],[99.2602032003175,33.76272759959909],[99.25978529975185,33.76635239984341],[99.25248109962308,33.76939520022836],[99.24875120010785,33.774234599647116],[99.24677529964043,33.786659800309565],[99.24398300001548,33.787831699673234],[99.23974310036385,33.794618599868556],[99.23404000014597,33.79578880041288],[99.2304013998048,33.801113300438544],[99.22689969966149,33.802743600436884],[99.22597320010317,33.80586670038798],[99.2323703997742,33.81430310020795],[99.2293903001223,33.820092899567726],[99.21999480031985,33.8224670998768],[99.21902419980705,33.82612720031011],[99.21316949997248,33.82371359980283],[99.20249970040089,33.83263060002224],[99.20332359990425,33.836165999561274],[99.20109890019415,33.839029299762444],[99.20260019963956,33.84921310030438],[99.2002545995702,33.851345700443744],[99.1928761999767,33.850660899980596],[99.18918569976029,33.85334200023317],[99.19027990039717,33.858057000030556],[99.18560629999081,33.862251400281934],[99.18342899994843,33.873352600142425],[99.17187400038489,33.87510560004347],[99.15276610037529,33.88274080014787],[99.14980359955655,33.88920169969873],[99.15226230016509,33.890626500112944],[99.15184600039265,33.89316929992333],[99.14653059970749,33.89911949966523],[99.1466012000854,33.90304139994072],[99.1432780000797,33.904215900143754],[99.14299680006235,33.90665679957169],[99.14066409986839,33.90846049965239],[99.12386480002056,33.906188199725705],[99.12068200037407,33.90817740026688],[99.11967599984757,33.91505690005596],[99.10348370011275,33.92073819980811],[99.10170870009648,33.9248551999076],[99.10486999965082,33.92991869958837],[99.10394419976507,33.93763379995994],[99.09800429995852,33.957648300228925],[99.09542440041582,33.96102049979629],[99.09038530024145,33.96164930037497],[99.08692550041155,33.966517499682936],[99.08052019964754,33.96900560002848],[99.07764379992147,33.96786680021273],[99.0775180000557,33.964494900119576],[99.07083670005375,33.95922470025977],[99.06513910008948,33.962084699949],[99.06493089984122,33.964608099584154],[99.06860330030213,33.96896600018084],[99.06909230036945,33.975861300158954],[99.0788194998201,33.98624059982387],[99.08246799989831,33.992751800255405],[99.0810666996685,33.99471370007723],[99.07305469981458,33.99509629955463],[99.07127769970612,33.996665600337224],[99.07156659971884,34.000773699846434],[99.06592489981432,34.00369140003812],[99.06302430023135,34.01180370038054],[99.0499564997927,34.02192909984814],[99.04911289974058,34.02961199999385],[99.05239409960808,34.033046699745455],[99.04620460016224,34.044475000121224],[99.04670750015106,34.04766959977229],[99.04946789992368,34.050099600316344],[99.04894180012406,34.05663739999608],[99.04637309983872,34.05805610030882],[99.04637309983872,34.0624744002734],[99.04793119956526,34.06405199999983],[99.04724570032886,34.0668913998183],[99.0506543997808,34.069997400060004],[99.05251370044698,34.080077599601566],[99.05680139996468,34.07830199973756],[99.0613077003901,34.07860059983784],[99.0613077003901,34.088620599661],[99.06662920027742,34.09231679978052],[99.06662920027742,34.0967185998835],[99.06940059965802,34.09843979975699],[99.06853899967513,34.101150899594415],[99.07074089977277,34.10283389986466],[99.07159469993553,34.10947869998205],[99.07571620024248,34.11075840018009],[99.07319210003544,34.11514330022317],[99.0774632996916,34.12438160033065],[99.07610050033787,34.12621470014835],[99.0777186999581,34.12849189958155],[99.08019040026682,34.12878419993092],[99.07677309969887,34.13405539983688],[99.07690129985514,34.13852940021172],[99.07119759978946,34.14054610022242],[99.06600780021984,34.14834179963441],[99.0678590996178,34.14945600029421],[99.06796800032299,34.15771630026711],[99.06469449955159,34.15914190017861],[99.0585223003639,34.16765830009052],[99.05359920014303,34.17155599960972],[99.0552793000997,34.17628199991441],[99.05890439981823,34.1792809997184],[99.05890439981823,34.18610310027793],[99.06250929986436,34.18951100023253],[99.06250929986436,34.19154830011399],[99.07328390013197,34.192854200261195],[99.07794730042764,34.19901069998389],[99.07881980019368,34.20609039965228],[99.07480990035668,34.21056540007322],[99.06017869958737,34.21525479976924],[99.05490689983361,34.217786099948626],[99.05283870014597,34.220636400449564],[99.0439468000049,34.224530599807395],[99.01828389988214,34.2162318996825],[98.95226779991907,34.211571600249215],[98.92811559985512,34.198255200217375],[98.8403624004045,34.176278399928265],[98.67854239971206,34.05163539955407],[98.61494150015017,34.0396279996325],[98.59561969998924,34.09898140027144],[98.5481203001118,34.088980900448234],[98.53845939958171,34.10964719965858],[98.51591729984358,34.11497970005314],[98.4821042001488,34.0963146999635],[98.4563417999342,34.12031180024945],[98.41852539962753,34.10653899967514],[98.41984669976546,34.10361339983859],[98.41920639955578,34.101704800136474],[98.41619709981637,34.10128059981986],[98.41734959990418,34.09815249963822],[98.40686660031344,34.09237290038908],[98.4064917997568,34.08566200010125],[98.40051030001041,34.08701749965792],[98.39922969959105,34.08590399956995],[98.40121459957419,34.082138899690506],[98.39724479960785,34.08060099963649],[98.39788509981759,34.0771539000325],[98.39103410044345,34.07556290040759],[98.39333909971975,34.072699000358625],[98.39615639959823,34.07402489962948],[98.39769300013194,34.0725929001423],[98.3975649996251,34.07084269983079],[98.39301900042659,34.06797869995711],[98.39461970013912,34.06309890029405],[98.4101987998348,34.04255430004099],[98.42616330039607,34.029182400147704],[98.42667829986368,34.02534119963673],[98.41878179994018,34.01666219960089],[98.41104849998834,34.00079589961115],[98.38495600001943,33.99282599972014],[98.37156639966969,33.98343199998686],[98.36761819962027,33.97047789993519],[98.3755231999358,33.94962629991386],[98.40573560031777,33.90490150010419],[98.40783689955333,33.871269200113545],[98.43280789996464,33.84943769969016],[98.46803280037352,33.84794999979272],[98.5244674998753,33.79666900017429],[98.52816770017927,33.76733779959983],[98.55481719975404,33.76173399982429],[98.56871029994045,33.738773299847935],[98.60379029978259,33.72098159992095],[98.61538700001012,33.68496700032688],[98.66213230036544,33.650844600398045],[98.62115480015399,33.640273999645444],[98.6234893997161,33.61781309969484],[98.65353390026934,33.59568019958158],[98.65019990030521,33.54668039958085],[98.72617340008242,33.509868599556285],[98.72574619962745,33.48902509972862],[98.74185180022045,33.48000340043666],[98.73343660011903,33.41705319994526],[98.78175349992415,33.363636000201325],[98.76143650009448,33.28518300029526],[98.79064940024966,33.279056500157424],[98.80912019983742,33.26428220016345],[98.80415339975963,33.22560119973565],[98.84461209996851,33.16533280006871],[98.91737369983645,33.121547700066344],[98.96726989998598,33.1170653998484],[98.97285459995987,33.10213090002105],[98.99483490041041,33.0905113003563],[99.01579280029756,33.08622739957491],[99.0328063995957,33.09548569970531],[99.09258270013157,33.07414630021162],[99.12965389970776,33.04908749988829],[99.1691817998003,33.04758830035985],[99.18705750000368,33.03826139994368],[99.21113589990193,33.00252910023784],[99.23328400035638,32.987659499985966],[99.23001859977859,32.96684270013054],[99.24533079957678,32.95088960027488],[99.24499509974413,32.925464599611644],[99.27090450044238,32.88833239992039],[99.31355289964665,32.88217159963966],[99.34242540011218,32.899316099758266],[99.35951390034626,32.901011300231346],[99.37079620028447,32.90210719968758],[99.41936490036994,32.88357930034448],[99.45003509974015,32.863769500162334],[99.50115200006479,32.856102000007354],[99.51521300007994,32.8484344000276],[99.5677794996243,32.831119499964984],[99.58747839990826,32.80605449971546],[99.58654339995797,32.79285080002444],[99.5970153999408,32.79112159978206],[99.60617829998858,32.78310399984974],[99.61202129964335,32.78307119977609],[99.62282130036277,32.78546220032035],[99.63104930028504,32.79332240000883],[99.63703330014675,32.79332240000883],[99.64058630031758,32.7923792000401],[99.64918830039983,32.772569899881034],[99.66567970025801,32.78106810021268],[99.66839759986942,32.77260820020831],[99.67761229996773,32.76769549974756],[99.68120339991702,32.76958239970804],[99.70098729962422,32.76722379993845],[99.70711109999735,32.76352020019715],[99.71061440003461,32.7521852998118],[99.71332930040694,32.74866709980688],[99.71183329976702,32.74552149971748],[99.7165538996428,32.73475410032154],[99.72230529974985,32.732308799611474],[99.72705540008673,32.725885499816],[99.73221629994237,32.72711759979745],[99.73838730033373,32.73325260032732],[99.73745230038344,32.74882430040117],[99.7488593003165,32.75668779970226],[99.75390830022792,32.76800999986165],[99.75895730013934,32.770211399936215],[99.76003240007526,32.777979199680374],[99.7626972999405,32.77948789964688],[99.76176229999021,32.795837499800825],[99.76980330028215,32.80401119955724],[99.76512829963139,32.8131271001356],[99.76868129980221,32.817999000153804],[99.76849430017188,32.83009910039323],[99.77410429987361,32.8376411001567],[99.77260830013302,32.85020980024211],[99.78790369969602,32.866218499784],[99.78700730044665,32.8734570997654],[99.79186929982836,32.88649179975681],[99.78607229959698,32.89230179968837],[99.78495030001642,32.903606699589545],[99.77952729994502,32.91365429960632],[99.77915329978504,32.92009040035174],[99.77485230019357,32.92511339996349],[99.76105700038033,32.9286269001114],[99.76793330038157,32.937041899663996],[99.7720473003427,32.950381100207665],[99.7789663001547,32.95587309986371],[99.78641120011685,32.958485599830624],[99.80346330029113,32.94331939957067],[99.81561829964488,32.9430055002037],[99.82197629966657,32.949125699691365],[99.8317003002287,32.952421000029176],[99.84295990037919,32.94463730027127],[99.8504107997187,32.942616299702536],[99.8558233002052,32.95006719994137],[99.85806730026576,32.95728529987673],[99.85694529978582,32.96669919980826],[99.86386419977305,32.97407269989526],[99.864612200093,32.982386800010886],[99.87714119960674,32.994621300332824],[99.87545820023581,33.003874399683866],[99.88027909970077,33.00728639964768],[99.88200319988783,33.02739489975488],[99.87811239996734,33.04757650035526]]]}},{"type":"Feature","properties":{"shapeName":"Delingha","shapeISO":"","shapeID":"62558664B90522695983520","shapeGroup":"CHN","shapeType":"ADM3"},"geometry":{"type":"Polygon","coordinates":[[[95.93222360013908,38.24770729995197],[95.91950500015571,38.22395379992798],[95.91878100004317,38.20546689977766],[95.87642839955106,38.19038960019992],[95.84927929960003,38.168479099730746],[95.84457349986718,38.15538670013615],[95.82611209999345,38.13944480043722],[95.80547879960699,38.13659769972412],[95.7877413998458,38.09758089963884],[95.78701749955803,38.06908829978528],[95.77398590042901,38.06253350022092],[95.7790536997685,38.04429070035559],[95.77289989981057,38.019769899661185],[95.70991409965603,37.99581149990087],[95.70339830009152,37.96442550043656],[95.71498189989484,37.88733010000419],[95.73054740004255,37.853897099671485],[95.74502689957183,37.843606900338216],[95.74104500012669,37.8047200999527],[95.72873740021089,37.79242070005529],[95.70810409982442,37.7898461002174],[95.73289810016723,37.774088799858305],[95.7446756000989,37.73120639975559],[95.6954452004357,37.70343090041575],[95.6968931997614,37.67707740010201],[95.72404229971244,37.67850989961221],[95.7530012996703,37.66361060014913],[95.8373444003239,37.64068270024649],[95.84820400001468,37.63007620035643],[95.88548880026798,37.6171744003783],[95.90250219991663,37.621475200320276],[95.94449279990283,37.61172620040389],[95.96729799990283,37.61172620040389],[96.04584930020508,37.56956149976344],[96.05345110038803,37.54861360033743],[96.0516410996571,37.54258639974262],[96.03498969961498,37.53655879984876],[96.05924289984,37.53081769967713],[96.06575859957974,37.50698740024836],[96.15878950013536,37.47941529967642],[96.1768889004025,37.486883699822954],[96.19245429982612,37.485734799721286],[96.20114199990343,37.47108419967611],[96.19788409967151,37.449246500225854],[96.16747720021266,37.44666010038338],[96.15335970028997,37.42194050005406],[96.16566720038105,37.40900260038973],[96.17145899983302,37.3920362002105],[96.1560768004041,37.34864949987457],[96.11596379958974,37.19603960014746],[96.1283090001603,37.193576300405994],[96.13969819981213,37.19461319983935],[96.17573619976588,37.17975009988726],[96.20285339986458,37.17612030031165],[96.21001230012763,37.16540269997466],[96.23170609995663,37.15658550022073],[96.26685000022741,37.13358680029063],[96.27552750019402,37.122517199908884],[96.29852289961218,37.10798600015386],[96.31175609976424,37.10850499980597],[96.34841849991392,37.10106540044791],[96.37727120000591,37.086183900366734],[96.41892319984584,37.08566470016581],[96.46643250035964,37.07493429977819],[96.4770625004341,37.06749139990825],[96.48747550039411,37.05035249986804],[96.51133859989653,37.02316480011547],[96.53737109979647,37.00861449965947],[96.57273190035698,36.98591739996806],[96.61264850002829,36.97083999966628],[96.6434536004034,36.95315930036145],[96.64779229957503,36.94761149957111],[96.66015779964277,36.941023100435814],[96.66905219989917,36.93963589977699],[96.67599419987249,36.941716600041104],[96.68033299976821,36.93547440032336],[96.692264499607,36.933220200152164],[96.68944430031428,36.926110199626066],[96.69443390000453,36.92350879999117],[96.757562699559,36.94813159999342],[96.78793400025398,36.95194570033385],[96.84535079989956,36.93141719974403],[96.91642490018904,36.93234029986502],[96.944644900242,36.938426999606406],[96.99929319992128,36.9692110999124],[97.0082518999053,36.96062149968253],[97.04453479964133,36.96133729977663],[97.06648370026261,36.9505989997441],[97.17114560028926,36.95694469973813],[97.18982550034661,36.951562699758824],[97.20997940002934,36.94313349991114],[97.25039700032136,36.93336399994871],[97.26693100016558,36.932419999583374],[97.31259630017917,36.94374750034689],[97.37085900034265,36.94406210028575],[97.47721309980477,36.95674160044456],[97.49321909958184,36.95974439988419],[97.5011523997635,36.95640789980479],[97.5134004996334,36.945062700383346],[97.52119469987554,36.94962320025053],[97.52592690010641,36.94940079970718],[97.52662280000226,36.9442839999067],[97.53413859981657,36.94372779979818],[97.53928840023951,36.94650869961686],[97.54276789971885,36.94150310008803],[97.54666500028958,36.94172549973206],[97.55042290019674,36.9477323001056],[97.55445919963239,36.94695370035305],[97.55946980029108,36.94128059971996],[97.55933059962751,36.93794330014322],[97.56754230023705,36.93616329989641],[97.56963009974936,36.939389400100765],[97.58521850023368,36.93493949975817],[97.61027130028032,36.91235229991878],[97.61639530030294,36.9135764004306],[97.63323629991538,36.90411679965064],[97.64033460026167,36.89610310007805],[97.64812879960448,36.89131670040547],[97.67106979993139,36.90372020042696],[97.6787217004462,36.9055868998156],[97.68298350038827,36.91181730042814],[97.7423133999435,36.93441859983858],[97.75704629964707,36.948103399952004],[97.79487409975997,36.940783899657276],[97.80204150041499,36.94523930025355],[97.81119980043053,36.9398292000576],[97.83429460011575,36.94873989962673],[97.82433999989115,36.96751259982665],[97.83548920016653,36.98182759986389],[97.86893689991808,36.977692400184196],[97.92866500038951,36.99073339992651],[97.92428490002817,37.061942099948],[97.94180519985014,37.11562239995385],[97.9469816004206,37.13689339971069],[97.97326200024116,37.16545700014052],[97.98839309996163,37.195912900060364],[98.00551509994199,37.205427800152904],[98.01029340032022,37.24157369986642],[98.03099909972872,37.24949820018185],[98.0681072002871,37.24810479959689],[98.08657539993482,37.250998600305195],[98.0987905999063,37.250072599870634],[98.10169900020873,37.25655450038994],[98.09980850026216,37.26592919977281],[98.08802960008603,37.27032680004186],[98.111587500263,37.29902049999612],[98.12293019956911,37.29751670043544],[98.13281869962333,37.29936749981033],[98.12903779955485,37.30977780000552],[98.12060349965185,37.32330910023484],[98.10184439989922,37.33521909998154],[98.10955159972661,37.346086899690704],[98.12860149975944,37.35441010004615],[98.14663350033584,37.374520600245546],[98.14794220007252,37.38561379973714],[98.14241629957263,37.39566549976308],[98.14416130000404,37.411606900338256],[98.12293019956911,37.41068289999589],[98.11536840033148,37.415187499803324],[98.11488009993673,37.42768170005047],[98.11086040018739,37.43886109956014],[98.0935554996866,37.44625039983612],[98.0970456003742,37.45329259957384],[98.10896990024077,37.45975700018545],[98.11289629982446,37.47199170015688],[98.11129660015803,37.49207069980298],[98.100390199748,37.49333990041612],[98.10780660019452,37.5047614999433],[98.11420499956114,37.50776080012088],[98.10707950011891,37.51571999987817],[98.10649779973375,37.5210256995764],[98.11542940044654,37.52620899974562],[98.11624090009752,37.53336560044215],[98.11027869980222,37.54847060003823],[98.05501949965026,37.56011439955995],[98.0502207001253,37.55942270039736],[98.04105930014663,37.56703059978241],[98.03902339961024,37.57659699955195],[98.04309509995898,37.5820135002229],[98.0393141998905,37.59480429957881],[98.04566230017508,37.59849579984132],[98.04324060037345,37.60436710026153],[98.03577399977036,37.60676510022927],[98.05589200031562,37.62003359967093],[98.05080229978637,37.622797999628006],[98.04992980002032,37.63155100037841],[98.0374220002252,37.63548290021572],[98.04702139971789,37.649975199795676],[98.04511289984049,37.65636170023231],[98.06316300017238,37.66148789974682],[98.06796179969734,37.66689830031635],[98.06665300013589,37.674495200093475],[98.0755235998343,37.678868800155044],[98.06694390024086,37.68048010017651],[98.06447169990906,37.688305700247895],[98.05312899970363,37.68807559970924],[98.04818479958891,37.68024989981308],[98.03015279991183,37.67322910034278],[98.01984290002986,37.67940850040202],[98.02313899986501,37.690711800409304],[98.01677429989411,37.69359909991857],[98.01619260040826,37.69716609983567],[98.00455909992257,37.7000427001106],[98.00543159968862,37.70752109981896],[97.99379810010231,37.71810470027174],[97.97343939960865,37.72190060013264],[97.96762269972788,37.72995190035999],[97.95540749975635,37.733517199659104],[97.94566440029189,37.72926190001675],[97.94101099955805,37.729836899553334],[97.92894120017633,37.74133730037619],[97.93592129992811,37.75559529958343],[97.94231980001882,37.76007909987061],[97.9308486001828,37.779774099794906],[97.90756460022618,37.78065509995298],[97.90392909984814,37.78651639991199],[97.90640130017994,37.792147500406884],[97.88909639967915,37.81099130010847],[97.87237319956358,37.809957300089366],[97.86742900034812,37.81707999994211],[97.86801069983397,37.823053400394144],[97.86190309984823,37.82833709997726],[97.86655649968276,37.84108540007122],[97.86582939960715,37.850386800210686],[97.84997870015695,37.86473859960677],[97.84852450000574,37.87151159988048],[97.82903840000222,37.88230129976523],[97.81900440043279,37.895958300035545],[97.82205820042566,37.89963040012293],[97.81740479969181,37.91041590017369],[97.8123151998866,37.91500500028059],[97.76604420017975,37.935483399639224],[97.76604420017975,37.951079599943625],[97.75285989976464,37.9701371001471],[97.77208710023956,38.02944339969321],[97.79186360032497,38.041558499725056],[97.78417269981031,38.07486470014584],[97.7935115998805,38.09821330020367],[97.8110907000758,38.1142070997779],[97.75560660016453,38.19455519966277],[97.78615099966896,38.281353099665864],[97.63304010022051,38.401442300122085],[97.4812104001399,38.41451319962454],[97.46906550017275,38.42124500015666],[97.41719949965722,38.43625669958709],[97.40555939994641,38.445683899592325],[97.39835350021394,38.46552680022171],[97.40009560033172,38.474268300441736],[97.42298560010539,38.49811730037317],[97.41475479969432,38.502762099990946],[97.41100330026217,38.50867739974228],[97.40540409961955,38.510736599914196],[97.37584030018974,38.51213859981658],[97.37011440035934,38.514275200140446],[97.36788940027566,38.51739589980099],[97.36167429982913,38.520637700369605],[97.34056530034837,38.52230240033555],[97.3346301003989,38.533428300076025],[97.3270711996762,38.53513650024934],[97.32399159993247,38.53758919968186],[97.32712719956066,38.55817079984257],[97.33843759971552,38.56605160030119],[97.34213300033775,38.572793299671105],[97.3541713000655,38.57528850016422],[97.35652300023634,38.57695189971048],[97.35669099988979,38.57940309997315],[97.35321949988008,38.58124150039498],[97.3559631003169,38.591351800245434],[97.34969199998585,38.59769729969071],[97.34896410041296,38.61323059961251],[97.33860550044358,38.61515560025083],[97.3376537002581,38.61638060008465],[97.3440928002426,38.63046629997979],[97.34308490034795,38.63973869968129],[97.33009469971068,38.64113820036772],[97.33087860006742,38.647566799867946],[97.31783250026973,38.65263929996377],[97.31032949960678,38.65163359981085],[97.29823519999456,38.65277050025844],[97.28446119972466,38.66317670044441],[97.28054169973973,38.67126449965701],[97.28334139988573,38.679832199596376],[97.28255750042837,38.68385350013898],[97.28958270028147,38.693152300338454],[97.29289139961844,38.70280890031057],[97.25974410040999,38.70525589983998],[97.23241989975861,38.69232110013871],[97.19792880027398,38.70455670033152],[97.19344940036962,38.711198100112256],[97.17732369992888,38.714693299955854],[97.15492690005647,38.73216670013318],[97.15985420011128,38.74719049994167],[97.14775989959975,38.75382790043733],[97.13654560009945,38.810043499907636],[97.1629932999009,38.83361019995084],[97.17241630007226,38.86567529997518],[97.16315160036612,38.865243700036785],[97.15673770028468,38.867463299691565],[97.14200929988931,38.863270699882946],[97.12831030038012,38.86660009981483],[97.1167494003646,38.873320100342426],[97.10946439986225,38.86949779998355],[97.0958703997992,38.868403299872455],[97.08365009977234,38.87510790040932],[97.07493979973202,38.87504619972242],[97.05451009956153,38.88534049996417],[97.04477040043372,38.88238179968039],[97.0338429001298,38.88681980019368],[97.01198790042133,38.87837509963117],[97.00034769998643,38.88472410013719],[96.99282520022285,38.88373789998417],[96.98252019984739,38.870251600031395],[96.98926819986758,38.86044379974163],[96.98857289981953,38.85063479975628],[96.99106760028957,38.84604819976465],[96.99298980043898,38.83515410028156],[96.99090409994432,38.831777199957855],[96.98997749966196,38.823162300000206],[96.98725910002753,38.81955739995408],[96.98947680031415,38.799227900447306],[96.9863686003307,38.79125930007672],[96.99217600032222,38.78080299955883],[96.99487520033028,38.76626380033417],[96.9974925998037,38.76454180006408],[96.99888310007509,38.76084269963093],[97.01008880025796,38.76001350042276],[97.02252150036702,38.7548471003135],[97.02104919956099,38.730923599644484],[97.01237900029071,38.72013940001335],[97.01401490036744,38.71318309992017],[97.0131970002414,38.70724739994762],[97.00837109964658,38.7024601000536],[97.01802280011219,38.68624489998223],[97.02456629969504,38.68535099994875],[97.02800160019376,38.679987699572735],[97.03667180036337,38.67839130041824],[97.04362429992159,38.684776399711154],[97.05147650014044,38.68049850010573],[97.05065850018968,38.67513469970669],[97.05687490015657,38.67219729986556],[97.05221259973177,38.66874880001717],[97.04697779988561,38.65469769973913],[97.04280629997083,38.65188719963459],[97.0353630997273,38.65144000005603],[97.03405439999062,38.64990689968374],[97.03879840022603,38.64594629978194],[97.0488590997677,38.646201899697985],[97.05172180012102,38.644796399634174],[97.05204899956175,38.63885499975851],[97.04967699989368,38.63182689959177],[97.05507539990981,38.59379919997315],[96.98677760030608,38.56566489991525],[96.97557180029838,38.55971689991503],[96.96117609959737,38.55722249981858],[96.9243688996051,38.56393809996342],[96.91627129958084,38.56892649995808],[96.9099731998034,38.575449200020614],[96.8993399999411,38.57998919984175],[96.88649839968144,38.57928579960003],[96.87651949977516,38.58037280026457],[96.84625580026506,38.59891330000886],[96.83472289974208,38.59827409966999],[96.8127204004262,38.60786220008055],[96.793907800005,38.60767039986911],[96.7973432003285,38.597698799759826],[96.79791569974981,38.58970760032554],[96.80732200041007,38.58190739980671],[96.81092090017944,38.57685599960473],[96.81026660022349,38.57308319972992],[96.81402910016288,38.56464160002986],[96.80388669991135,38.570205499584176],[96.79472579995576,38.57014150023008],[96.78188409987138,38.56656020019312],[96.7714145001791,38.559013399848595],[96.76634329960365,38.55204140029042],[96.7710056000285,38.543149500149354],[96.79393709991729,38.53311270009107],[96.79937370043598,38.526506999798244],[96.79925809978153,38.51881460011373],[96.79416840015159,38.509129999749746],[96.78028750016807,38.50397050013851],[96.74905560043567,38.50297469972264],[96.71123019971401,38.50623350017594],[96.70625619966393,38.504694600075766],[96.70139790009307,38.50062100035893],[96.7004726002304,38.4968187998478],[96.67988260040175,38.49835779977269],[96.66634880005711,38.48993810036308],[96.6656546997047,38.483056800131294],[96.69908450024957,38.465306999618406],[96.70764429964476,38.45914799978044],[96.70035689975117,38.445650499670876],[96.70105090027886,38.43396269991871],[96.6981590996628,38.422272999899064],[96.68793570017249,38.41292169997655],[96.68482910008294,38.41310890015569],[96.67939000034829,38.4112704997338],[96.66891560007497,38.399362099881046],[96.66198540010618,38.3872813998168],[96.65111229979289,38.37960120033517],[96.62566189957704,38.35496279979344],[96.62363069979699,38.34128159966616],[96.63068030005587,38.3283476003615],[96.62960489974637,38.32291090001809],[96.63796889964505,38.30734849983344],[96.65493579984735,38.29619020021761],[96.64657189977339,38.29168890002279],[96.64967849986294,38.29065740011896],[96.65039539982791,38.28531159965064],[96.65768400031641,38.28137240001632],[96.65636959977729,38.276682600121944],[96.66102959973631,38.264300000344804],[96.66437520005547,38.22986160023271],[96.49396219969583,38.27101940012528],[96.45363879979084,38.27926310041181],[96.4214083998778,38.28321150011067],[96.39651400012104,38.28256030011784],[96.37251050025947,38.27513039994807],[96.33560890023062,38.24859190009619],[96.30914659993567,38.2007453996805],[96.31544719982844,38.1611244997959],[96.26126259958937,38.14659139977334],[96.25244189967401,38.15683089982622],[96.25412199963063,38.16772950041616],[96.22639969968645,38.17169220023493],[96.22753250012482,38.15043389980468],[96.1995173998082,38.15352800021708],[96.16465449990528,38.16971080041316],[96.15547240023113,38.17539029972261],[96.0743467995652,38.18952159974208],[96.06594610013246,38.17499419962269],[96.04956469995102,38.17994709977887],[95.998740500174,38.209987100124636],[95.93604739966781,38.238735799917265],[95.93222360013908,38.24770729995197]]]}},{"type":"Feature","properties":{"shapeName":"Dulan County","shapeISO":"","shapeID":"62558664B34531540559589","shapeGroup":"CHN","shapeType":"ADM3"},"geometry":{"type":"Polygon","coordinates":[[[96.11596379958974,37.19603960014746],[96.11097250018082,37.197313899916594],[96.07974549995492,37.19334819995953],[96.0440897001796,37.21958430007544],[96.02671430002499,37.219440199905364],[96.0089769002638,37.229384500194556],[95.98363780014444,37.22765520012746],[95.98345679989148,37.23615739974423],[95.9687963001092,37.25762489956952],[95.92784210043266,37.29510140020949],[95.90267860013734,37.30659889981945],[95.8838551997577,37.32559959974179],[95.84258859988404,37.31408460022419],[95.82159339971571,37.31379670025757],[95.7712771001581,37.2939290997482],[95.76548529980681,37.280681100352524],[95.72602859993998,37.27031140005113],[95.70203389994458,37.27521560011991],[95.68199509999391,37.27638589958963],[95.67914450001871,37.275125700290914],[95.68072819984661,37.270480799948984],[95.67380510002539,37.27429750022952],[95.67335269966742,37.26940050013303],[95.64966269987377,37.25760560011838],[95.6500465997708,37.25353089963136],[95.64107630033106,37.248363399651225],[95.63814430001946,37.243343300353104],[95.63122170022137,37.23837889966654],[95.62354280026011,37.229412100388174],[95.61599180008159,37.225132099966515],[95.6074169999946,37.210048300089056],[95.5911632999464,37.18731490016256],[95.58271650036625,37.1711018000081],[95.49948610030333,37.15816829982725],[95.4393961998748,37.15759130019842],[95.42294470023779,37.152451299687755],[95.38227419979455,37.1624247002398],[95.35432900018327,37.16047620031645],[95.32160769993544,37.170368500006305],[95.30381829957491,37.19337050044828],[95.3016136997125,37.18816759955513],[95.3284398000568,37.054709600068065],[95.33650409998427,37.018975999942484],[95.34177060003321,37.005440099680925],[95.42060310035288,36.91877980044751],[95.4293257004208,36.91443760021514],[95.44792300044617,36.89482890013369],[95.4492395998277,36.86850059972295],[95.4454543002758,36.82279939967259],[95.44197970030297,36.73908790008659],[95.46618540013617,36.737595699981625],[95.47118949959577,36.735357499648956],[95.47386609964087,36.71726239993984],[95.47887019999979,36.70326840031646],[95.52828679979604,36.46618430036523],[95.53470780002499,36.44144210007289],[95.54008350025339,36.436757000035584],[95.61056510019927,36.43903950007291],[95.64147550039411,36.447207999949285],[95.65177899980108,36.4475682998372],[95.70508819996053,36.45753739983121],[95.80185109994835,36.45537559960428],[95.8043896999248,36.45321359972792],[95.80379239989941,36.42882770003837],[95.77825769993296,36.37233830017249],[95.73360940005381,36.34732559999651],[95.72433839969744,36.339035599913075],[95.71782570009606,36.315889000177265],[95.71685509958326,36.30704489990228],[95.71875900032768,36.29543169981315],[95.71685509958326,36.2761427995506],[95.70961279979093,36.26286950042714],[95.7072608999706,36.24835960021545],[95.69658410007622,36.21918110002781],[95.69557620018156,36.21472360041389],[95.69792810000189,36.21095860035916],[95.68863249959026,36.19550509998044],[95.68855789992722,36.18893719999181],[95.68519810021223,36.18110320025255],[95.6823609001355,36.17986779975922],[95.68411549993044,36.173178100089274],[95.67921010016607,36.16530649969525],[95.68100510020525,36.16409179979678],[95.66750369973602,36.137363400000936],[95.65787219984219,36.1276548003288],[95.65473639966518,36.120116200002656],[95.65331780007648,36.11637689987407],[95.65600560027826,36.106484700008934],[95.65227250007587,36.10171909985661],[95.64965930043644,36.08892909999804],[95.6471953999478,36.08579160010231],[95.63905720002981,36.08440379959575],[95.6342787998268,36.086274300418665],[95.62957500018615,36.08452450030552],[95.62561790044583,36.08506759998983],[95.62203410029355,36.07818870004854],[95.61553839967746,36.072878299593924],[95.6106107003236,36.07233519990962],[95.60642950032127,36.06877449974343],[95.60289779969378,36.063925099863525],[95.60463999963633,36.0602548002189],[95.60025799990683,36.05777930027455],[95.60083880007062,36.05573070041157],[95.59798879994321,36.0525138002717],[95.59253840022706,36.05148760007273],[95.58501669996082,36.04496799997327],[95.57224930006521,36.02830439972831],[95.55253730025623,36.011811099602596],[95.5477952002883,36.00242279977243],[95.54012699956144,36.00030260038477],[95.53847690008894,35.99311700014948],[95.5414373999161,35.98903309959792],[95.55274549960518,35.981453799553265],[95.55759870002004,35.96495750018852],[95.56186960020193,35.957375899678084],[95.56745089983923,35.953329400131736],[95.57075109968355,35.946061000215025],[95.57079960012152,35.93513750009561],[95.57405130042724,35.931679399984375],[95.57890449994278,35.929675199650774],[95.58070019965453,35.920793200146136],[95.57371160041009,35.91206740029037],[95.5713820001792,35.90644630025662],[95.57604109991689,35.8987410996221],[95.58977579981337,35.89567449957855],[95.59812339967522,35.88965900006286],[95.60700490005615,35.8884401003304],[95.61117870043671,35.88360370015067],[95.62083669975397,35.88187359968691],[95.62559290019226,35.88226680037258],[95.63714360009715,35.879592800267574],[95.64471470012336,35.88474409986037],[95.66695990037914,35.88100679982398],[95.68865389985763,35.88041700014452],[95.70689600005045,35.87630469990205],[95.70514889970201,35.8674952999682],[95.70864320022355,35.86104499982696],[95.70689600005045,35.85585289979156],[95.6985484001886,35.849716400091836],[95.6985484001886,35.84373669988884],[95.68418279979642,35.823591400422856],[95.67971779983668,35.81084060021357],[95.68534759991189,35.79572579980589],[95.67467039981915,35.78328550042556],[95.6562279999223,35.72546739990065],[95.65021000029134,35.68731920012107],[95.65176299996256,35.67296939991792],[95.6486569997208,35.64631309966984],[95.64050349963685,35.64946820019736],[95.63565020029654,35.65751300012488],[95.62982630044348,35.66035220029386],[95.62536129958437,35.658301700163406],[95.60963680019825,35.658301700163406],[95.6036186998432,35.65609339959076],[95.59624180031886,35.65609339959076],[95.59119440030139,35.658774900041635],[95.57314029978505,35.65451600041314],[95.56188069963463,35.653885000092714],[95.55411549983052,35.661298500225655],[95.53838760010774,35.655921700126385],[95.49645550012127,35.655606299790975],[95.48655479986417,35.66018049993016],[95.47898379966267,35.65891869983818],[95.4685007002472,35.650873999735325],[95.46636529961893,35.63509770029867],[95.46112379982355,35.62705059990532],[95.45704700031888,35.61411049959992],[95.44928179961539,35.61253220020092],[95.43122769999843,35.60116819955283],[95.39686670003823,35.59801119965721],[95.37143560017284,35.60290449994278],[95.3568758001781,35.6268928003625],[95.34794580025851,35.62499930027752],[95.34289840024104,35.627208400347456],[95.33746279976845,35.63430879971139],[95.31882630009375,35.64156639966967],[95.27786479972082,35.639199800430504],[95.24127130023038,35.64827110003131],[95.22312009991276,35.64472160002185],[95.2214700004402,35.642118499769026],[95.2115693001831,35.640146499661284],[95.2009891998917,35.64535260034228],[95.19613600037616,35.64298619985328],[95.18691479997807,35.64590480026635],[95.17478160019078,35.64708799961153],[95.17575229962898,35.657656799921426],[95.17458750041288,35.6614423000222],[95.1658516002712,35.67334979965358],[95.16051309959994,35.66230979955765],[95.15439800016765,35.65671040016491],[95.17390810037858,35.637227699598725],[95.14367569997364,35.63019450027599],[95.1498650995947,35.612881600305684],[95.14547249955626,35.60439980001081],[95.1575523002985,35.594354399735835],[95.14217799961506,35.57358980012924],[95.11692010018254,35.58051189990431],[95.1171947000754,35.56800700042277],[95.12433279991882,35.55862710026054],[95.11966550016274,35.5476824004225],[95.12817629999631,35.53874690024929],[95.11554740019244,35.513275099766076],[95.1009967004374,35.51640369997085],[95.09621580011913,35.52017399973033],[95.08948949984062,35.534920499881196],[95.09594120022626,35.54005879977382],[95.09456850023616,35.54340969979785],[95.08248870039324,35.547542300436874],[95.05050459960762,35.547542300436874],[95.04666099970541,35.55133959964286],[95.02963940003832,35.54910590041703],[95.02099139963343,35.552232999653256],[95.01618690020535,35.547765600302284],[95.01028429978066,35.54631369971753],[94.9969689996197,35.552009699787845],[94.99545900013283,35.56038539986639],[94.98379099985482,35.565968699595885],[94.97679020040749,35.5732264002782],[94.96251399982128,35.56485199972008],[94.95125780000751,35.56719699994164],[94.94700239964106,35.566080300065835],[94.93560890033052,35.56998840024454],[94.92750990006192,35.57478950023528],[94.93066720033107,35.5795902998525],[94.91941099961798,35.583944300089456],[94.90993930025854,35.58238139978181],[94.89511399971138,35.59064229960251],[94.88166149987836,35.586735200369276],[94.87658250038214,35.589525999925],[94.87150340016183,35.58986090026042],[94.86038449984483,35.58628869956391],[94.85571729991352,35.58896779972423],[94.8513246000503,35.586846799939906],[94.8528346004365,35.57713410025855],[94.84267659964542,35.576575900057776],[94.8375976001492,35.57445459989992],[94.83004769984154,35.5770224997886],[94.82332139956299,35.59979529991324],[94.82455680005631,35.60325530029195],[94.81563419975856,35.6106212002083],[94.81522240019365,35.61720540040898],[94.80341710041893,35.61262999967482],[94.80163259996459,35.60258560034521],[94.79216089970583,35.59979529991324],[94.7859837002876,35.591200399978504],[94.76388310022497,35.61296480018541],[94.75894140022552,35.606826699692476],[94.74137069969811,35.606268700040516],[94.72352550000187,35.60983999961633],[94.71679919972337,35.60838919980176],[94.71268109975301,35.60169270035789],[94.712131999792,35.59533049960294],[94.69758130003703,35.59521890003225],[94.69607129965084,35.59030740016641],[94.68248150032105,35.588074799912135],[94.6789125003117,35.59131200044851],[94.66587180004359,35.5920933997906],[94.65845910030731,35.59990690038319],[94.6483011004155,35.59789779964382],[94.64281029955572,35.6063802996112],[94.63395009961744,35.60008689969072],[94.62753320029702,35.59910860008188],[94.62482609974478,35.595725200357776],[94.60153200040156,35.52826699972229],[94.6274410000022,35.49792900002336],[94.62730399997969,35.46673999975121],[94.75395999965434,35.450447000228905],[94.80277999999709,35.41809100009965],[94.85451499986743,35.42061599962875],[94.90184799998525,35.39004099979235],[94.93191499977746,35.397987000199976],[94.96751400017104,35.42502599975012],[95.06291199998884,35.395882000254176],[95.11879000025834,35.40086699991218],[95.15950800019414,35.374476999713806],[95.26557900027069,35.33382800026203],[95.39622499958415,35.244460999775356],[95.51403799975395,35.224803999804806],[95.5259250002386,35.21159400036288],[95.58070400018954,35.206046999969146],[95.59675600028925,35.19355000013246],[95.66263599955181,35.110531000105595],[95.7457500003623,35.07757200004784],[95.82976499955515,35.028740000051016],[95.84902199996537,35.024944000365394],[95.86478400018154,35.03947400042483],[95.91206399965392,35.01217999990712],[95.93324299966474,35.01090200032712],[95.95934299997953,35.02271300000501],[95.96599600011535,35.07136199965663],[95.9961779998149,35.102444000390335],[95.97248800002126,35.18834300012941],[95.98672500005875,35.187713999901234],[95.99986299977769,35.173386000163816],[96.09045400005215,35.1622619997915],[96.12800599967721,35.17063500010522],[96.11505899977305,35.25743500002528],[96.17862700033584,35.29320900039511],[96.18069500037404,35.32506199981151],[96.33764599956328,35.322067000191964],[96.43745400040183,35.34629799975295],[96.45130199958766,35.29748899991745],[96.46935300014093,35.27642799995226],[96.62743400017905,35.21814300019935],[96.70922100004918,35.331001000296],[96.757911999839,35.334495999590786],[96.78011300021484,35.366085000322585],[96.83436600019081,35.41080899973559],[96.86234299982965,35.415203000018494],[96.91348999956386,35.46695299968127],[96.93304400018053,35.49391200003885],[96.94575499999331,35.46724699974931],[96.9631730001339,35.48662899962869],[96.9967190002817,35.47524599990305],[97.04411299961532,35.43329999999503],[97.04676799974345,35.400359999914144],[97.1104740003749,35.347529999909625],[97.18320499991086,35.33272899994347],[97.21735399998715,35.335025999750144],[97.26122300044119,35.31837800004473],[97.27745799998678,35.31939700027141],[97.30248300019036,35.338779000150794],[97.32520300021832,35.29892699968133],[97.36355599990952,35.3070910002495],[97.37934899975659,35.294360999560524],[97.41204100009213,35.30277600001244],[97.53044899982154,35.26785999963931],[97.56037100012162,35.27210600029173],[97.58648700027493,35.25893399990423],[97.6091539996574,35.25924699994914],[97.61886599966618,35.27416199977654],[97.60875700023541,35.32814399984579],[97.61382300003146,35.37210800018414],[97.6252439997109,35.38405199970009],[97.64653000015943,35.3873289997336],[97.66676299971272,35.37755200032461],[97.66690800010417,35.350085999969],[97.75012200013026,35.3491819996496],[97.77570299989361,35.32727100005667],[97.86677599991253,35.31577699970882],[97.8939900003383,35.29681799955108],[97.91720599985706,35.307376999948644],[97.9533690001793,35.28658299970573],[98.07235000025236,35.293961000000195],[98.0768130001199,35.37636200030613],[98.18416599996101,35.38179800007771],[98.23163600010139,35.44445800013665],[98.23089600015032,35.47514000041076],[98.27350600010186,35.50538600036367],[98.3118969997468,35.5001560001993],[98.31020399991473,35.466723999912745],[98.32088499964306,35.46375999992409],[98.33073399967441,35.473582999655775],[98.35622399973784,35.460250999983714],[98.39607200002285,35.46198299981563],[98.43651599991352,35.47354499970203],[98.5003740003599,35.44839099984483],[98.59836600019082,35.463120000088],[98.63956499982493,35.500473000428656],[98.67784899993148,35.51562500039353],[98.72419699959192,35.519507999594566],[98.75605800027654,35.536278000429434],[98.7683489996067,35.562983999911694],[98.76494600005793,35.59435999981417],[98.78102899978859,35.602508999690656],[98.81390399956996,35.60139799971796],[98.83571599999345,35.58913800001875],[98.83132199971055,35.53652600017483],[98.85977899990098,35.54779399999313],[98.89559899969413,35.53360000013993],[98.98793799963903,35.555382000079305],[98.98014800013016,35.589541999763526],[99.01046799989831,35.5870289998885],[99.04786699966235,35.613975999692684],[99.11978899966266,35.61087399963543],[99.13111100017255,35.61741600004842],[99.17563600030121,35.60467099956702],[99.20000499993085,35.6191019995577],[99.234618999867,35.620087000015076],[99.24338500031757,35.66722099994922],[99.27379599978565,35.68912900030318],[99.27912900020328,35.70853400034389],[99.26661699967485,35.71941000007149],[99.21495100028847,35.72835899996795],[99.16255999984418,35.79130199958769],[99.12245899958322,35.80606100031497],[99.09940300024834,35.880389999798695],[99.11557799972496,35.91160600041661],[99.06916799990336,35.97147400032492],[99.08888199980453,36.00087700007356],[99.05777699980877,36.033122999626755],[99.01316660005858,36.05879590021067],[98.9876208995849,36.084478599807596],[98.94602839979086,36.127098000372484],[98.9760234996848,36.140046899644744],[98.9981547000794,36.1418176000023],[99.01824329998834,36.16724559990456],[99.06653690015787,36.20964789963091],[99.05335249991799,36.276106699864386],[99.08521470029825,36.283192299984705],[99.03687209966773,36.359321899586064],[99.01050339991201,36.36551530029095],[98.99402299966175,36.39293690021782],[98.9631637996697,36.398968899595104],[98.94415870026387,36.43021589984397],[98.93029859980061,36.42918940017074],[98.93651149960607,36.47289259981369],[98.9278804001604,36.49506929960853],[98.9278804001604,36.52509399978834],[98.84657690010391,36.63361539973096],[98.84218210032373,36.665348899931814],[98.78417209976266,36.666621199608755],[98.7781131000396,36.60051130035629],[98.74474290026467,36.57815420015629],[98.6282811998176,36.54903279972399],[98.45908200003436,36.539323200005754],[98.42062769980856,36.56315360015856],[98.33383070002685,36.57374260014092],[98.28658680024068,36.60109070027568],[98.20308600011884,36.622256699687],[98.1734211996287,36.65311339956378],[98.14375640003789,36.66192740042925],[98.13606550042255,36.67426519957934],[98.09870990014184,36.67602760009373],[98.01740640008535,36.65311339956378],[98.00861679962566,36.61872940034158],[98.03938030006088,36.52166630035953],[97.82843080004147,36.345760499947176],[97.83392419994192,36.31478100034292],[97.8141476998565,36.30061490015754],[97.7581141996107,36.29884400015055],[97.71636380044907,36.28910310042778],[97.5669411996767,36.328944600413024],[97.48124289984003,36.33691050011953],[97.40323560034273,36.400608000359],[97.3164385996617,36.436857000150496],[97.28567510012584,36.41564010001065],[97.16262120000846,36.48634029996492],[97.02967900038561,36.6160838997522],[97.17114560028926,36.95694469973813],[97.06648370026261,36.9505989997441],[97.04453479964133,36.96133729977663],[97.0082518999053,36.96062149968253],[96.99929319992128,36.9692110999124],[96.944644900242,36.938426999606406],[96.91642490018904,36.93234029986502],[96.84535079989956,36.93141719974403],[96.78793400025398,36.95194570033385],[96.757562699559,36.94813159999342],[96.69443390000453,36.92350879999117],[96.68944430031428,36.926110199626066],[96.692264499607,36.933220200152164],[96.68033299976821,36.93547440032336],[96.67599419987249,36.941716600041104],[96.66905219989917,36.93963589977699],[96.66015779964277,36.941023100435814],[96.64779229957503,36.94761149957111],[96.6434536004034,36.95315930036145],[96.61264850002829,36.97083999966628],[96.57273190035698,36.98591739996806],[96.53737109979647,37.00861449965947],[96.51133859989653,37.02316480011547],[96.48747550039411,37.05035249986804],[96.4770625004341,37.06749139990825],[96.46643250035964,37.07493429977819],[96.41892319984584,37.08566470016581],[96.37727120000591,37.086183900366734],[96.34841849991392,37.10106540044791],[96.31175609976424,37.10850499980597],[96.29852289961218,37.10798600015386],[96.27552750019402,37.122517199908884],[96.26685000022741,37.13358680029063],[96.23170609995663,37.15658550022073],[96.21001230012763,37.16540269997466],[96.20285339986458,37.17612030031165],[96.17573619976588,37.17975009988726],[96.13969819981213,37.19461319983935],[96.1283090001603,37.193576300405994],[96.11596379958974,37.19603960014746]]]}},{"type":"Feature","properties":{"shapeName":"Gadê County","shapeISO":"","shapeID":"62558664B36291151587213","shapeGroup":"CHN","shapeType":"ADM3"},"geometry":{"type":"Polygon","coordinates":[[[100.43986459997137,33.80316669998325],[100.44555659985724,33.806733100052554],[100.44899340042514,33.81259490003464],[100.4597538003976,33.81583249987],[100.4599235995945,33.8189350997751],[100.46620580025751,33.8253771998979],[100.46916220007552,33.82209049977678],[100.4748464001413,33.81980739989166],[100.47748119969765,33.82540639998541],[100.48113839981738,33.82829969977138],[100.48890549988897,33.82976369983493],[100.49233120012485,33.82791400033091],[100.50226919976382,33.82819640004385],[100.50858059961502,33.83584800018514],[100.51643720021667,33.839038499826984],[100.53837980018767,33.83732469957528],[100.54248879991826,33.84100420018376],[100.54125259992759,33.84670609980674],[100.54675700033533,33.851136799623646],[100.55145479969929,33.851833499916154],[100.55447939960465,33.857141300430726],[100.56118800032601,33.8548533999645],[100.56804630039653,33.85471449967446],[100.57530889968604,33.86131209977361],[100.57789380035865,33.866463500090504],[100.58212969982583,33.86939450035595],[100.58422039965177,33.86939450035595],[100.59181530023596,33.860956399917995],[100.59399210025526,33.86044000020587],[100.59621479987317,33.864776100336826],[100.59571309957994,33.867553699643565],[100.58793070024166,33.8751149997575],[100.59095079993955,33.881309699982694],[100.59991109981746,33.88365289976156],[100.60453469971668,33.8825156998397],[100.61860129981022,33.88419119976413],[100.6235125002018,33.889225100058354],[100.62174949983961,33.895947199603654],[100.62590049970834,33.90304049971934],[100.62997589986793,33.904918599813584],[100.63837829991866,33.899483299714575],[100.64110899958075,33.900283299734554],[100.64592470006494,33.905694599626145],[100.65328699999509,33.908536600283924],[100.65630959980825,33.912577999774896],[100.65896559998254,33.921383799722605],[100.66856910038376,33.91956230026],[100.67217019989488,33.920512999675225],[100.67311310038934,33.92584159971011],[100.67585419981151,33.92781269959647],[100.6932673004456,33.9259610000002],[100.7090964998037,33.927817000154505],[100.71555580035994,33.926223600238984],[100.72664139968089,33.91983850004681],[100.73336819998252,33.920117600147194],[100.73819440005155,33.92297819968422],[100.74642900009832,33.922124100047256],[100.7601200999627,33.93136180030689],[100.76953690020781,33.9304322997109],[100.77580939988394,33.92380439965336],[100.78321169986015,33.92138109995784],[100.79308489974841,33.9104595001059],[100.7939438997912,33.905184100366],[100.79701180025444,33.90207200002283],[100.80063420020821,33.89264499966703],[100.8138563000283,33.880111300296335],[100.83102459980552,33.90178550030066],[100.8487704001339,33.91024660000062],[100.84959190024608,33.91804950028427],[100.85269569984672,33.92168559961078],[100.85579939962264,33.93183540038348],[100.85077859975263,33.93562229982933],[100.84703590018671,33.94667919998517],[100.85826409960856,33.95266140030344],[100.85999859955581,33.957734600071774],[100.8651105996745,33.96144470011285],[100.86091139974138,33.96719879998466],[100.8644715998845,33.97446650022886],[100.86584090043726,33.99157360024151],[100.87232220020945,34.00042849957566],[100.86985750022353,34.00617989968265],[100.87232220020945,34.01026619962545],[100.86401510041662,34.023885799789866],[100.86328490037789,34.038184100316016],[100.87145290023125,34.04879639993396],[100.87603759995534,34.06634520017093],[100.81652069987047,34.147430399693235],[100.76643369955565,34.1801604998073],[100.78576660004859,34.20585629982844],[100.76097759993633,34.2219650003845],[100.75765549980156,34.22936039986263],[100.73184490042189,34.24055790002711],[100.72034520017093,34.25766810000289],[100.70092339989503,34.27160719961262],[100.69862339995001,34.28554389983117],[100.68201269962645,34.2918781001942],[100.57187069977306,34.29462269977785],[100.5018499996778,34.299267299746134],[100.48651700035936,34.31024440035884],[100.40755200022471,34.31383269981927],[100.38557469991252,34.30750020007423],[100.33753130012946,34.30728910041171],[100.34647560016884,34.28997790016001],[100.33267589997286,34.2785757997334],[100.32986489984529,34.269706499555355],[100.33778690004544,34.2544998001257],[100.33190929987433,34.247529100087945],[100.28846580015659,34.246050399706235],[100.28003260012446,34.239290300207244],[100.27364389994608,34.22175370017317],[100.24808889958308,34.218795400087686],[100.2245783001485,34.24689540000276],[100.19442339972016,34.2509088998259],[100.18956789973885,34.25787930038945],[100.16477960019847,34.25956899970964],[100.1742349004204,34.26674990008786],[100.18982349965484,34.272240700048314],[100.23403360037042,34.310033299797],[100.23735580032996,34.33071699998959],[100.23020040022834,34.34844180024891],[100.20975639993799,34.356248000145115],[100.18547909968078,34.34337790036983],[100.14305779997756,34.31615450023003],[100.1036066003644,34.302067800288796],[100.08651330044853,34.27884309982926],[100.06204849963859,34.28554389983117],[100.01732719999035,34.309611099572635],[99.9884501003919,34.31277730043212],[99.97797250033068,34.328817700176785],[99.96008409990134,34.3328272996402],[99.94653989979662,34.349285699775294],[99.9335069004232,34.35856859996096],[99.91255180012553,34.36320959994316],[99.90999630008923,34.37628749976835],[99.8519864002522,34.38704360008211],[99.82643139988926,34.40349149973298],[99.78631010013106,34.38746540010817],[99.71526720002134,34.38240389962033],[99.68996769974962,34.396322300433894],[99.67207920039482,34.40264810022967],[99.64984639999142,34.396111400420864],[99.61969149956309,34.36468630023262],[99.62352469970517,34.340845899618614],[99.65393520004949,34.337680699704606],[99.65879060020609,34.31699879995472],[99.6575129001003,34.28364359997221],[99.66773490024553,34.26104750044186],[99.66875710026005,34.23083939971855],[99.68511229959302,34.22661359963797],[99.73111130024637,34.22640230032596],[99.7331557002754,34.20759510033366],[99.72421140023602,34.19153159970364],[99.72216700020698,34.16743059984236],[99.72497810015926,34.12386230030495],[99.71338180013004,34.11567960013349],[99.67239860001541,34.11173340017632],[99.64043590039654,34.121563300406024],[99.61679480033985,34.14204929993531],[99.58420060037747,34.14821539992084],[99.56622449986082,34.17375279965205],[99.5517886003637,34.17685949956632],[99.54815989975964,34.163827500238995],[99.5190360999361,34.17850349983672],[99.51261869969329,34.18455729967968],[99.49405400009209,34.1834040999193],[99.48915299981115,34.17428529992668],[99.48895730013936,34.15466489966542],[99.47236089993567,34.1522047997118],[99.49421650039125,34.1239061998113],[99.46521150011068,34.092273400297245],[99.45907830002358,34.0718485996332],[99.47390020023414,34.04750179976827],[99.46993920013404,34.04601960012451],[99.46636150008322,34.03818460033909],[99.46827810015424,34.02399519961881],[99.4617616000179,34.01986490034494],[99.46535570010553,34.01097550031915],[99.46086810018272,34.006961499573606],[99.4615775996266,34.0048445997985],[99.46711890011721,34.00299330040053],[99.46673560006792,33.999592600418225],[99.47879620028448,33.99925340042415],[99.4810079002944,33.99526370025961],[99.477404699967,33.99226750004516],[99.47859500035906,33.98684009959095],[99.47681710002922,33.9828386003212],[99.47821399987623,33.979258199606306],[99.4750390998746,33.97778379978257],[99.47757910009545,33.97694129960132],[99.47745209963477,33.972202099947026],[99.4758010999409,33.970201100300585],[99.47808700031487,33.96935850029462],[99.4750390998746,33.96577749973187],[99.47999200003085,33.96388160025572],[99.48088089983372,33.96230160023873],[99.47948399998666,33.96019500039898],[99.48684970025352,33.95714030018473],[99.49875490031843,33.94476350013548],[99.5009484996736,33.939195600396715],[99.50993060001724,33.9342531000006],[99.51013620032546,33.93189419985748],[99.51306340005596,33.929941099901896],[99.5268709998968,33.92411450028402],[99.53368910027183,33.92370329966758],[99.53421350035279,33.921683899892116],[99.53901139965643,33.922159800434486],[99.54376800029303,33.9202367000637],[99.54444059965402,33.91846370013968],[99.55362549981703,33.91906009994369],[99.55621379992698,33.91670939981901],[99.5606063001407,33.91664710018358],[99.57108259978219,33.91056279983337],[99.57239860021531,33.91162569956646],[99.5753083000381,33.90966760027959],[99.57650039997355,33.91120290039356],[99.57934749978733,33.90678120009238],[99.58126619977537,33.90847109996133],[99.58390570008805,33.90835390031231],[99.59098150029604,33.90502649957335],[99.58551819980516,33.894091099624575],[99.58107439956393,33.892670599768394],[99.57156539992332,33.883635700227444],[99.57190910012491,33.879640999832304],[99.56973239993039,33.87440960032285],[99.56366039960784,33.867941300250834],[99.5595360997113,33.86556309975731],[99.55220390008998,33.87146089960089],[99.53822690035122,33.83930339963223],[99.54624650037573,33.83159519975874],[99.53284230043187,33.813035700037574],[99.5195214001925,33.78906250013432],[99.52263279996379,33.786651299917594],[99.53478199958965,33.783981100347546],[99.5401902004175,33.780519800448474],[99.54140619983633,33.77552690024629],[99.53805240039804,33.76524559970471],[99.54010629996583,33.76264239962711],[99.54584590006829,33.76331080005343],[99.54801519974171,33.7588826003518],[99.57449740023492,33.758719600029565],[99.58024969966397,33.763335800307004],[99.59001110033205,33.766163300296114],[99.59916569963741,33.76444010033043],[99.60909369971455,33.75859690012692],[99.61528670022108,33.75873990042612],[99.62095269980733,33.754885600390196],[99.62931059960454,33.754885600390196],[99.64384140006064,33.75908109961313],[99.65076719964662,33.76670780022488],[99.66149729966071,33.76887890034101],[99.66661920041582,33.772990699661136],[99.67307909992059,33.77105659968237],[99.67540350027139,33.772893900233385],[99.6765848002484,33.783143399848086],[99.68067830016349,33.787349600103994],[99.68247819970918,33.79417240033604],[99.68964570018898,33.79819539969799],[99.70010630036552,33.80131600043313],[99.71125790003214,33.808555599561316],[99.71146200027118,33.812207400151465],[99.71602090024442,33.81434520017092],[99.72520309974334,33.81309830004653],[99.73001360034743,33.80462789955794],[99.73355309989569,33.803165000264585],[99.73974260024085,33.80344999991763],[99.75167379970617,33.80746969966697],[99.75782649979317,33.80730660041934],[99.7613416996598,33.805864100447934],[99.7681269001364,33.79907079977767],[99.76964199967858,33.79306269988376],[99.77292399994269,33.790745100206266],[99.78455879994874,33.78698250044209],[99.79313619997572,33.78184969990377],[99.80446490043488,33.77956700021696],[99.8307596003753,33.765996299789435],[99.83436539974349,33.76100019979941],[99.84754519995107,33.75473869973126],[99.86097380030071,33.75110749991126],[99.86368840029951,33.74663220001605],[99.8633289997336,33.74229759995433],[99.87246469978612,33.739473199928284],[99.87415380015779,33.73653749980582],[99.88169599957081,33.73661539998079],[99.88868599995897,33.73447509984601],[99.89366209992602,33.736615599630284],[99.89800430015839,33.73637939988947],[99.89954480015246,33.733700199904376],[99.89904919996064,33.7289514998119],[99.90478860041361,33.723505499579176],[99.8963545001601,33.71720789982476],[99.89583680002835,33.707605400369005],[99.90568599970919,33.70606090019044],[99.91289639964918,33.70820309969332],[99.92117709984336,33.70791609994808],[99.93650099982136,33.70318599963423],[99.94218390036679,33.692595700131506],[99.94597139966044,33.68915779969274],[99.94425579986535,33.68043569964789],[99.95071609956841,33.67506329993142],[99.95535610040378,33.6746342001083],[99.95950520000503,33.6696376000952],[99.96714579963901,33.66906790026343],[99.97475190037994,33.670349800203155],[99.98056269980879,33.66608259983218],[99.98858019991633,33.66720889997083],[99.99580470032674,33.67135589965511],[100.00300449995774,33.6696376000952],[100.00868900039711,33.67264810042957],[100.01169310025642,33.67161870044271],[100.01498970011465,33.66584270028045],[100.01324729962323,33.66163730042115],[100.00481089980326,33.65738309975029],[99.99696190027151,33.65551860010339],[99.99597420004937,33.650398899989284],[100.0071461001125,33.64442200027514],[100.01800159979405,33.6471863004075],[100.02250759984594,33.6469304999427],[100.02393900038464,33.6415980004474],[100.02027589981299,33.6348827996016],[100.02008580021959,33.630385600315265],[100.02584600019281,33.62748819962076],[100.03132080031475,33.62819300010693],[100.03683509956028,33.6312059996572],[100.03983250036964,33.63047199998289],[100.0420998998905,33.627857900122024],[100.04279200015077,33.623391800291415],[100.0409053996645,33.61510779958536],[100.04225709958553,33.611308699936615],[100.05706960008206,33.61089669982289],[100.06670290041859,33.61648380008734],[100.07243040014293,33.61503849962713],[100.07625369964859,33.612867500234984],[100.0771229996268,33.609537200081775],[100.0771229996268,33.606501999867476],[100.07300400033444,33.600784300055466],[100.07436059976192,33.59342360001915],[100.07808730038869,33.5910249003789],[100.09816809957817,33.58916289994795],[100.11206960033184,33.58387300043864],[100.12035040035073,33.58272329994037],[100.12244160019975,33.57880320010764],[100.11952339998498,33.571755799590505],[100.12086370009973,33.56798609967882],[100.13177459981796,33.56986690043715],[100.13879030013231,33.56773009956447],[100.14060249970566,33.569377299622715],[100.14042990001991,33.57282790028739],[100.14429879964996,33.57458610006853],[100.14747969992828,33.573264100258086],[100.15089930006269,33.56884790021047],[100.16203549973858,33.56799510009387],[100.17303470029123,33.5619250000388],[100.17562520014292,33.562449499944535],[100.18175740018393,33.5683486002078],[100.18111109969755,33.57304209991304],[100.17425179958093,33.586633400211326],[100.17378469980412,33.591150100396874],[100.17622939976707,33.595486099803736],[100.18139329976106,33.59985359976389],[100.1901399000364,33.599074699637754],[100.19526799981838,33.60143769979004],[100.19920609958189,33.60806530037337],[100.2070889001327,33.61037980008774],[100.20796280014315,33.61891939981052],[100.21294619990726,33.621774400168476],[100.22169540012266,33.62336589981646],[100.22742280002228,33.6214762002665],[100.23933029965366,33.62058960003009],[100.2404458996586,33.63073989992648],[100.24673120028473,33.64441440010455],[100.25942520021289,33.65073159968364],[100.25976330033609,33.653417499617944],[100.25576669967353,33.658243699687034],[100.25587349956243,33.660438100338126],[100.26533129989963,33.66480889991084],[100.26925840005515,33.67117519977569],[100.28504050011907,33.68255539991185],[100.28875170003101,33.68886030036265],[100.29632830031085,33.69550280001425],[100.29327100015661,33.699182400447455],[100.27850490018108,33.69989089984523],[100.27501450001921,33.70582249980856],[100.27552889963908,33.717946000407665],[100.27369360007964,33.72030529984977],[100.26736749991028,33.719594199612686],[100.26405530041183,33.72147920020495],[100.25449509966916,33.733865899991315],[100.25218749955354,33.73331760042697],[100.24751049970985,33.72802000002304],[100.24125559976619,33.72830899986053],[100.23948629965304,33.72978040044518],[100.23844730030271,33.73654939963512],[100.24450649967525,33.744768599691156],[100.24130090041626,33.75433469998649],[100.24253909959981,33.76087289986447],[100.24545350017894,33.76194439981424],[100.25060300022835,33.76059250024372],[100.25903840000223,33.754158100116285],[100.26169829963686,33.75381780025134],[100.26994319961904,33.7580964004286],[100.27565649994756,33.768071800173516],[100.27930020034404,33.769298899924365],[100.28542389999308,33.763350999748866],[100.28382480017444,33.758675900172705],[100.27838509969268,33.7516617997523],[100.28090629958609,33.748316700355474],[100.29096320039145,33.746449699693926],[100.30627020030954,33.74736859998097],[100.31435050007559,33.74232589982046],[100.3200342001183,33.741628300205946],[100.32337309958893,33.7461309997459],[100.31622459998533,33.75347610014194],[100.31599920020301,33.755948000100204],[100.31927039960931,33.75794810042453],[100.32555019998182,33.758329699855835],[100.32863100032046,33.7607171004139],[100.33607130025035,33.75701580023906],[100.33496119959972,33.74930550044854],[100.33697019961505,33.7470258000007],[100.34666769985455,33.74654990035765],[100.36125939970157,33.75181269969636],[100.36928619969842,33.7638327998439],[100.37676799974344,33.761593299990864],[100.38116719990643,33.761593299990864],[100.38317140023997,33.762981800169996],[100.38366949964774,33.76491440007953],[100.37735830034535,33.76914799998025],[100.37523419969864,33.77164950022433],[100.3758943002818,33.773138200167864],[100.38823599979162,33.773109199729845],[100.38942410044194,33.7741759998226],[100.38799260007846,33.77990260022489],[100.38954640014629,33.78140989994699],[100.3975943998617,33.78153829975281],[100.40030289975908,33.78838059998475],[100.40570089957691,33.78905539998675],[100.41881020013068,33.784674099929816],[100.42463080037118,33.79085800019658],[100.42495649974273,33.795416300322074],[100.43366879987525,33.798672099737644],[100.43986459997137,33.80316669998325]]]}},{"type":"Feature","properties":{"shapeName":"Gangca County","shapeISO":"","shapeID":"62558664B51398079267892","shapeGroup":"CHN","shapeType":"ADM3"},"geometry":{"type":"Polygon","coordinates":[[[100.55339299968722,37.58829820010192],[100.54055579981036,37.610058199926016],[100.53006620009512,37.61403229955101],[100.49540490031598,37.62053489976586],[100.48628350038331,37.63426079979615],[100.45618280029606,37.647984099886344],[100.45162669991231,37.65222959961636],[100.45573139998419,37.670281700040505],[100.48081519966178,37.682554599615116],[100.49312910022786,37.67786229960552],[100.49723369957565,37.69049480029486],[100.52459790027297,37.71900039984865],[100.51502049999613,37.74668369979298],[100.50846449983686,37.74866709970695],[100.5068111996772,37.75105610015896],[100.50795139973735,37.7588537996632],[100.50646920009359,37.765929599871185],[100.49176090044529,37.77651940025015],[100.4859460001079,37.7761589996382],[100.48303859985157,37.77800639957576],[100.48372269974288,37.781836300105226],[100.4873711998211,37.78526060009665],[100.48543290000839,37.789946100332315],[100.4592089002706,37.79760450024753],[100.45664349959787,37.80129830007655],[100.46012099988428,37.80985639975307],[100.45863880024052,37.81291899961218],[100.4512847003287,37.816161700402176],[100.44940340044661,37.81899889957958],[100.45008750033793,37.827194600350595],[100.43629140012808,37.82958109978796],[100.43748860011885,37.83543450010217],[100.43423909955487,37.838811199877],[100.43020289994394,37.83934249955678],[100.42190850037707,37.83438350019844],[100.41574379973662,37.83533330029161],[100.40945620044334,37.83037499970652],[100.39787829964388,37.837901100355566],[100.38874189991878,37.83569660031793],[100.38441220026289,37.8399570000156],[100.38532019986741,37.84757100040139],[100.3832344004473,37.85154550022469],[100.36857909964579,37.850976300415994],[100.3588495997293,37.86004459987845],[100.35091509985205,37.85873370040002],[100.34280569982326,37.86046019997832],[100.3369413997259,37.86293100006566],[100.3347307995868,37.866096399629214],[100.32635029982652,37.868652000389545],[100.31671779988659,37.868950099567485],[100.31252110006875,37.8720428995602],[100.30891159999038,37.87766060015662],[100.30069549989747,37.876601400234506],[100.29106290013277,37.87886900030418],[100.28095789998713,37.87225789958245],[100.27327719958316,37.8742435999622],[100.26391659977133,37.86920180002312],[100.25978419968112,37.86865160019124],[100.25364619991228,37.872780799594295],[100.2501086995569,37.872276899559324],[100.24779950044666,37.87353099965594],[100.24039890018918,37.87241319990932],[100.23674739997261,37.87383280044344],[100.23294980039304,37.872866200115084],[100.23020419986398,37.87429489998971],[100.20408070026417,37.87780470032669],[100.18598940019075,37.879157500118595],[100.1588525004426,37.88960339997698],[100.14352250036313,37.89989760039401],[100.124288599939,37.91026540042793],[100.1128625002043,37.92235939966662],[100.07353770030471,37.947667699804526],[100.05744599963322,37.95337399981031],[100.04525820020581,37.96148220014345],[100.03402250043808,37.96403460021668],[100.02192989964522,37.961632299690905],[100.01145600029423,37.96305869999907],[99.97870120030024,37.97799610013999],[99.97270250012036,37.983024600005365],[99.94404210026278,37.99908349970377],[99.90109910024336,38.005535999586755],[99.88405510026274,38.015513900346264],[99.85986989957627,38.02549039996205],[99.84844389966628,38.027365599742666],[99.83549429982213,38.026690500266454],[99.83159040037674,38.02894060042843],[99.81940260005001,38.030740699623664],[99.79083729990151,38.045889300151146],[99.78474340018784,38.050613199639486],[99.7421812999271,38.05301250002691],[99.7359166000711,38.05906999968079],[99.733250600335,38.0597071999274],[99.72325269955252,38.059969599617375],[99.70325710033495,38.05603359977084],[99.70054339965822,38.056558400050164],[99.70201929955107,38.05824529978082],[99.70120989981706,38.06169390035325],[99.68983140029894,38.0687032001926],[99.67864270000064,38.066960400402195],[99.66280800038896,38.057285699775264],[99.6578675000851,38.056188499899406],[99.65305379969317,38.051500299898976],[99.64709990014035,38.05509130002355],[99.636078999846,38.053395600426654],[99.61999090006003,38.05389429968221],[99.60200270006459,38.05000399978479],[99.57122000000305,38.032844099675515],[99.55690540016417,38.030050200156666],[99.52510939977901,38.03454030019475],[99.51155479991417,38.032245400305044],[99.49939380028371,38.032744300109414],[99.44251550029014,38.017476499840654],[99.4307345001971,38.019572299721915],[99.41718000015692,38.02575939977652],[99.41198620040291,38.02536030043757],[99.38183690005297,38.00719649971876],[99.37182939990691,37.991723699888894],[99.3606818004248,37.98034170020935],[99.3572614997185,37.969557100379916],[99.37676980038606,37.956174000329895],[99.38120350034131,37.94988110043249],[99.3923511996482,37.94768349999356],[99.39488469956927,37.941789399960896],[99.39019770016381,37.93489579970145],[99.37981009975636,37.93559519975872],[99.37503440021743,37.93079180020146],[99.37515440035537,37.923379300114675],[99.38880419975408,37.91561029977555],[99.39767159966465,37.913711499985766],[99.41383229992078,37.902782999635804],[99.44258769966268,37.89384350017747],[99.47211450008416,37.869392899662614],[99.4821468997597,37.83827339989756],[99.50585030035114,37.84027519994055],[99.51399789998317,37.856386999560414],[99.55181929962106,37.84514259975123],[99.60059019967804,37.83943970008215],[99.60674410036,37.82765560002599],[99.6258461997424,37.823439800406504],[99.66163600030126,37.80939099969493],[99.64564500031656,37.790496999836705],[99.64823200000683,37.75653800042841],[99.65950800019414,37.73132699974127],[99.68991100019258,37.715999999800204],[99.69190200027714,37.67380900028519],[99.63459000042826,37.653759000177786],[99.58953099995574,37.61074400043532],[99.5503919999909,37.605614000385856],[99.53837599985258,37.591205999657234],[99.54177900030066,37.56319000001855],[99.49961100004765,37.54367400025495],[99.4621809997534,37.482131999592184],[99.47586799960857,37.41474500008172],[99.43540039970873,37.39658199975952],[99.4047790002507,37.395195399847864],[99.41137110009623,37.345424899739385],[99.44575500039304,37.30884599984307],[99.43466799992831,37.28431990034318],[99.43706609972077,37.27935940001635],[99.43432679984198,37.27505810005135],[99.43593459970208,37.27399809973258],[99.4356263004135,37.2716851999121],[99.4309245997905,37.269520199897386],[99.43086399987374,37.258909599998105],[99.42594050035387,37.25597990015234],[99.42703859955179,37.24973029991344],[99.42362110023367,37.24873360017557],[99.42010180035788,37.244931200014946],[99.42218409961657,37.23931849964907],[99.42779389966881,37.23469959960687],[99.42779389966881,37.23147829998362],[99.43413179984276,37.22818229997324],[99.43385100002371,37.22527529991521],[99.4302801995716,37.2232303998631],[99.4354777000359,37.21656320033151],[99.43326580037643,37.206074999961345],[99.43730419972911,37.20141590022365],[99.43710740018645,37.19882879980929],[99.44332280010718,37.19803969957252],[99.44290290034866,37.19600889999077],[99.44508810003583,37.196387400358276],[99.44541249988703,37.19429750002968],[99.44855369959362,37.1951200001879],[99.44686860030572,37.18804300028427],[99.44934410025007,37.188358600269225],[99.44994390039074,37.187243500287366],[99.45132650011794,37.18850240006577],[99.45287660037485,37.18674659967587],[99.45517780001552,37.187881099832964],[99.4571015002341,37.18685939984147],[99.45722370011373,37.185806499670264],[99.45376789956896,37.18505070042954],[99.45362559984164,37.183406299960836],[99.45603060013212,37.1811668001078],[99.45849220015498,37.18060640016529],[99.4595082002433,37.18200940011377],[99.46247499982144,37.18084450017358],[99.46013439998262,37.179445399685505],[99.46279989969565,37.17824979958863],[99.46194499966208,37.17514349987266],[99.46555410044147,37.17639450000621],[99.46479780027835,37.174484199686106],[99.46656989998098,37.17377820040366],[99.46806300030727,37.1781700000455],[99.46996089987567,37.17666859987605],[99.47208599966922,37.17713600002645],[99.47678580002469,37.17314419994494],[99.47822930004224,37.17331669980592],[99.47861350031286,37.17593949970819],[99.4801370004223,37.173199900355144],[99.47835440023545,37.17144529966089],[99.48014940027468,37.17052619972441],[99.48257959956891,37.17209899976905],[99.49254139976586,37.17044220034734],[99.49336790010858,37.166755800140095],[99.49659999969032,37.16714899992644],[99.49874649975123,37.16603819960329],[99.49763620035043,37.16375750000867],[99.5018428997301,37.163344599673565],[99.51099980040055,37.14066359964545],[99.51372139982283,37.13793780038924],[99.51302750001918,37.13535429996102],[99.52214400044534,37.12907730007737],[99.53909759967456,37.122914399879676],[99.55075310027541,37.11481460011373],[99.55602740014444,37.112529900334664],[99.57836179965739,37.10780449987783],[99.58278969988481,37.10318259969728],[99.60746820029726,37.08983479983618],[99.62550499965607,37.08510800003421],[99.63214669981039,37.07944580008365],[99.6505741997396,37.06962690036124],[99.66066699968235,37.066717300363166],[99.66730879966144,37.06302830021593],[99.688796699708,37.044008600316715],[99.69995950043068,37.03892259959832],[99.70426369980999,37.041123499649814],[99.72074080044763,37.03741939988544],[99.72020279991932,37.033768799890254],[99.72242210009989,37.03162129978318],[99.73324989976311,37.03747310020344],[99.73667979983293,37.03758049994019],[99.74407770032565,37.02979580013613],[99.74427950009891,37.02786299967772],[99.73965600002447,37.02472859974512],[99.73916990027072,37.022497100261035],[99.73929150030256,37.02031210022329],[99.74392089992966,37.015925600286266],[99.7516622002504,37.01419680024219],[99.75975799983189,37.01439569970182],[99.7665247003547,37.016446799680125],[99.77424940008979,37.01598069994941],[99.77921010006611,37.010403899620314],[99.78114899972661,37.0054590996578],[99.79613879976586,36.9904382999876],[99.79958440019999,36.98876740009547],[99.80925039988608,36.99066789960392],[99.81531659958148,36.98786160023269],[99.82097030003939,36.98750640040009],[99.82471709961453,36.98329800040244],[99.82639409960808,36.977335499733556],[99.84011870011796,36.964516399612194],[99.8440177000569,36.96387360018656],[99.88150420025869,36.94625170035573],[100.14522820042117,36.880077999600076],[100.27198959974032,36.84300289966416],[100.38230320013264,37.108715200146435],[100.40720060002775,37.11380620019605],[100.43454160001488,37.133957900137034],[100.435822699558,37.144963600090136],[100.44986719971155,37.16050839964299],[100.46326169956785,37.20211349983822],[100.47485679990143,37.21589880008963],[100.48025490044336,37.22050039987363],[100.48459239991939,37.22153570031236],[100.50423659983926,37.24554320035844],[100.57126800021808,37.23944469971315],[100.62289250038862,37.26634370000181],[100.62233959989265,37.29075889960359],[100.60701810020521,37.317672200012055],[100.60701810020521,37.34203820040267],[100.59999579976642,37.36436670036301],[100.60211790032088,37.37285230029346],[100.60141400005614,37.38148639987753],[100.59280270008458,37.402068599886036],[100.58224810006982,37.40571459984898],[100.57774200019321,37.41384259965628],[100.58901300014992,37.42335439978575],[100.57530529969989,37.44388140030645],[100.5764113003413,37.453521600241686],[100.56780289978406,37.46411499970753],[100.55081250029673,37.49280880038589],[100.55700320033748,37.50963619955104],[100.52913399973437,37.54073100033543],[100.5189196995845,37.54731120035166],[100.52275000031233,37.561482100218825],[100.53679470011537,37.56806059961701],[100.541901899653,37.57919199961117],[100.55339299968722,37.58829820010192]]]}},{"type":"Feature","properties":{"shapeName":"Golmud City","shapeISO":"","shapeID":"62558664B27861883272963","shapeGroup":"CHN","shapeType":"ADM3"},"geometry":{"type":"MultiPolygon","coordinates":[[[[92.55463440025744,32.73323370017516],[92.56084110013671,32.73623510026971],[92.57139770024372,32.749424200366605],[92.57601939987546,32.751439699782395],[92.58201059970946,32.76043689974318],[92.5859475996021,32.77461479993315],[92.59424970006364,32.83382050041581],[92.59399289955275,32.86617639982103],[92.59543600027126,32.872391000244534],[92.59793000016941,32.87652779981818],[92.63789949976217,32.89499910032828],[92.64653799972893,32.90272099957451],[92.64840369997086,32.92621410000078],[92.65148229966843,32.93566370031954],[92.65541940028515,32.943133900009514],[92.67330719996738,32.954840900287365],[92.67647399977534,32.96403289969862],[92.68160930042893,32.9677669001224],[92.695988000346,32.98521420017522],[92.69316360031996,32.99361340043811],[92.68802840039041,33.00036100026],[92.69119510037365,33.00983540028352],[92.69633040012792,33.01557699957891],[92.69667279990983,33.02138999964882],[92.69932599959526,33.0247627999633],[92.716700299879,33.030790399857096],[92.72500240034054,33.03566959967236],[92.72875360029849,33.039631099795486],[92.73080770041508,33.064308899636046],[92.71722579983083,33.10416459991643],[92.70669539967304,33.114100499638425],[92.67946149994833,33.13001589991393],[92.67002040002149,33.137719099556875],[92.66759960044129,33.142989300316],[92.66965729964471,33.15028609992362],[92.69580180021296,33.18291119969217],[92.70052240008874,33.18493719959213],[92.708360599662,33.18547119993599],[92.71015790016702,33.18941069994389],[92.71050029994893,33.20688560019033],[92.70878849978948,33.22084870000754],[92.71794639960672,33.2292254999569],[92.71982940010679,33.235668699950565],[92.71863110024515,33.24361449980938],[92.71041469977865,33.250271299580845],[92.68456709959202,33.265944999861915],[92.63834959965436,33.2864812004471],[92.61549759983444,33.28733969956755],[92.6102767997346,33.29585320006521],[92.59709620002968,33.304365900166204],[92.59786649993907,33.30729860015032],[92.60839380013385,33.3143082003632],[92.60984879978236,33.31902859969017],[92.59803770027969,33.35556739971577],[92.61010560029325,33.3652894001857],[92.64998810037059,33.38384060006371],[92.67192090042926,33.38579400039288],[92.67143350025589,33.3871776999909],[92.66204299978466,33.3894838000374],[92.65967100011665,33.39241380025675],[92.65524169964476,33.41114129963131],[92.66502870041427,33.43327069958315],[92.6806878002019,33.4433680995582],[92.68513649994958,33.45539439963187],[92.68638209965422,33.470833199692436],[92.69741470012838,33.475137700344646],[92.73727439969383,33.46148120009735],[92.75862789965788,33.476176699694975],[92.7932966997829,33.47199520021837],[92.8068204996664,33.474963800239266],[92.82372529988277,33.48743090031587],[92.86468899999738,33.50737139987024],[92.85032830001109,33.536070600078176],[92.83824900019124,33.547397000071555],[92.81899759985942,33.55672960039078],[92.8062891001619,33.57266630020962],[92.80842819970172,33.586293999668385],[92.81346119977462,33.595832099571794],[92.80691820021485,33.60316830027688],[92.80656400042835,33.60959599955578],[92.81166929969851,33.61875800028156],[92.80408949963078,33.62541959973481],[92.79977899960119,33.62675799958208],[92.79572420021174,33.63265859991452],[92.7912311000353,33.63396640032914],[92.78593430002798,33.63302359965945],[92.7837790999256,33.63436179985723],[92.78271980017871,33.637889799774484],[92.79568770032716,33.66957400004014],[92.79686569979225,33.68631510026171],[92.79405030018125,33.68882209986009],[92.78377649998555,33.690671499889845],[92.77537970001322,33.70032880043385],[92.76219179961191,33.70525980029959],[92.75680790026445,33.70534200013327],[92.75344920042033,33.7094919999559],[92.75769699971681,33.711792900122305],[92.76530349975678,33.71253249987501],[92.77209680042705,33.7201928000577],[92.77331920032088,33.724840699638605],[92.76420350029139,33.73204450035348],[92.75540209982711,33.749121900255545],[92.75686900020423,33.7615212004431],[92.75641499995237,33.76474419978507],[92.75187459993288,33.76729919979829],[92.75166500033953,33.776444500113655],[92.75536719983648,33.78399229960502],[92.75561170031978,33.78907210039716],[92.76036160010784,33.79284550011977],[92.75994249984655,33.79577700040829],[92.75438930042594,33.799753299775034],[92.74478449960503,33.81801220020293],[92.74182089981474,33.8363945002061],[92.74567359995672,33.84090739985669],[92.74132700024091,33.8459943997218],[92.74114640018627,33.852369600176985],[92.74680440030289,33.86310089988666],[92.74896979961665,33.88044220044725],[92.74163530042881,33.90137460005781],[92.74761999996309,33.909912000038844],[92.73945219975928,33.91906589967158],[92.73588979987443,33.920572999744195],[92.72771700033934,33.92063089989614],[92.72450439985823,33.92238920040131],[92.7180832998045,33.938044499653984],[92.70785900009287,33.94173249975512],[92.70574199959367,33.94726200024115],[92.70840230032599,33.95115659979729],[92.71294649998106,33.951484399985134],[92.7179352003493,33.95513080014638],[92.7160088003659,33.965741499870376],[92.72460570039283,33.97761930029054],[92.72561710044886,33.98543060024207],[92.73231729970365,33.989056799831474],[92.73599509969415,33.995392699913225],[92.73881479986318,33.99684950000449],[92.74424979958866,33.99657850009777],[92.74751899980208,33.998475699993605],[92.7489492995706,34.00277830037834],[92.7552017002983,34.003455800145105],[92.75744919962091,34.005759499901046],[92.7584300002444,34.012331200424626],[92.7650909998498,34.01514269967589],[92.76603090020592,34.02161209961878],[92.77265100044337,34.022357199625105],[92.77857650030529,34.029537299606716],[92.78196829969733,34.03891790034089],[92.81012430039618,34.03631039970526],[92.81547760031106,34.038850200276556],[92.81956409990335,34.03851160013028],[92.82818660003164,34.032991699907086],[92.83525620031344,34.03349969995122],[92.84363360011059,34.03786819995753],[92.84943640006986,34.04396340009089],[92.86566269957399,34.04669790028794],[92.87587899981605,34.055839599717785],[92.87725000008749,34.06347429979917],[92.88539869959038,34.06486849988141],[92.90190100013109,34.071373000363735],[92.9038342997132,34.07293510027472],[92.90403660040886,34.077410900192945],[92.90819759983941,34.08147949967923],[92.91247419992442,34.094617600122206],[92.90961349966335,34.09611929976592],[92.89580119996549,34.094874999581634],[92.89296940031761,34.09248209966921],[92.88331819987508,34.09061559993006],[92.87672989966518,34.09248209966921],[92.86863899959025,34.09209919981828],[92.86303319972245,34.089418999787085],[92.85280410032902,34.08903619976087],[92.83303930042342,34.081521599642144],[92.83228799959159,34.0764955998921],[92.82610420004886,34.073623399999974],[92.81824450038346,34.07611260021639],[92.81668420001586,34.07955909997253],[92.80639719957117,34.08204809964013],[92.80223620014056,34.08496779992407],[92.79278109956817,34.083461400423346],[92.75633259956987,34.071768600440635],[92.73483159999842,34.07822449976089],[92.71071599964375,34.07291400038088],[92.70231139985128,34.07644360019202],[92.69102340000995,34.085125100343134],[92.68980999963185,34.095819900168294],[92.67669709999126,34.102271999852974],[92.6690952998083,34.113129399802006],[92.6552220998201,34.1147027996945],[92.65180139981481,34.12524389998606],[92.66036320020157,34.13581950006994],[92.65998309994018,34.14462789995764],[92.6539016999036,34.14903179997765],[92.6539016999036,34.15579439959191],[92.64572979969057,34.170890299847485],[92.63090640031021,34.18991369955762],[92.62178429980565,34.2202477997962],[92.61188499979295,34.241440000056],[92.57788429972072,34.291246699675526],[92.55353499974052,34.343814999662584],[92.53949549981752,34.38289100031949],[92.54576700034687,34.40500240034055],[92.53673600026627,34.41306299955784],[92.51272600010486,34.41757199974802],[92.50433749997569,34.409079100020506],[92.49015799989184,34.37988300010045],[92.43747699956396,34.38229799995281],[92.42293499985044,34.39123200005679],[92.36395300033075,34.380779000050836],[92.29833050035239,34.383675200150435],[92.23404700006904,34.37820400001465],[92.21092999971978,34.397605999917005],[92.14885699975082,34.40990399956996],[92.10196950039222,34.43666959982221],[92.08410539964456,34.43855050040531],[92.00365400003216,34.47542999959484],[91.93691299973523,34.49044000020592],[91.92788969965,34.50717229966193],[91.92953500034002,34.51932899963367],[91.96520999974177,34.55691499992736],[91.96513830039231,34.56916530043833],[91.95740500044047,34.57821300002996],[91.88798060032451,34.58543860031119],[91.85250899969066,34.594303000083414],[91.82982729998997,34.62047800025954],[91.8197249996091,34.62521400012605],[91.75942200032512,34.62659800009766],[91.73974679987498,34.643621000009205],[91.72512100043389,34.668682000074284],[91.70272099987432,34.67194699955445],[91.67405700003059,34.66326100009513],[91.57907899979608,34.701550000432235],[91.4359129995853,34.73070100025103],[91.37959229994476,34.753587900061575],[91.37237140041987,34.75443209996149],[91.36706269968391,34.75780879973638],[91.35504670044492,34.7610446000283],[91.34878549985098,34.76422169977167],[91.3151089999804,34.792312999645276],[91.25280350008154,34.79268189974994],[91.22728139961697,34.80728150014119],[91.21007550008432,34.80633959969282],[91.19000189996774,34.80045300000597],[91.15467040021883,34.800806199746376],[91.1264239996679,34.78396799972347],[91.11896810009779,34.784203499791715],[91.11825120013282,34.789855899829945],[91.09476500020463,34.797389999948564],[91.05747199993289,34.79759999974027],[91.05266179970238,34.7923822996035],[91.06158389997705,34.775395199728734],[91.05827299999902,34.7636449996171],[91.02042080037967,34.76773329965209],[91.01028209993905,34.764068600085864],[91.00217119984109,34.748075299635445],[90.99104299963477,34.74551800005571],[90.98169100003969,34.74924159982004],[90.9752022997464,34.75807149979994],[90.95289710032097,34.75973740036079],[90.93951410009572,34.774229299742444],[90.94012239972903,34.78355610033384],[90.94580010039437,34.801041099966824],[90.92597199990792,34.80876500020463],[90.91802009994774,34.82101930000073],[90.9149785001577,34.83466829990215],[90.90730299963377,34.84261299989009],[90.82758299975569,34.86994539966054],[90.80183069982701,34.88325370039803],[90.7798079999393,34.891708000324],[90.7270810001881,34.88881299992005],[90.71686849958166,34.90121630029205],[90.70429199967612,34.9042929997222],[90.677733200327,34.90537379956123],[90.65116980004632,34.898721699646785],[90.64184229978235,34.90371080021333],[90.63596180019698,34.91834369980194],[90.63129799970301,34.92366409981838],[90.60372079997501,34.92765420018122],[90.5655993001676,34.92366409981838],[90.49118140000166,34.92732170013642],[90.45549320035099,34.92732170013642],[90.43237700039833,34.93230910008498],[90.41737180036836,34.941950399891084],[90.37336989990104,34.93280780023986],[90.33692750000421,34.93930609989667],[90.32000829984321,34.93672020007722],[90.3124090996003,34.93272360031398],[90.30326800001825,34.92401499999232],[90.28975459989493,34.92943220033584],[90.27011120037167,34.92919709956652],[90.25577289979952,34.93860090011151],[90.24788690036024,34.94588799963151],[90.23899710013615,34.94776850001631],[90.21791989978362,34.944477699885965],[90.20687939966461,34.94024639955177],[90.19913679982352,34.933076300031246],[90.19612569964136,34.92602309978628],[90.18379480009003,34.916970599613535],[90.18021020044046,34.9107391000295],[90.1833647002208,34.90192009983281],[90.18236100016009,34.89556979980648],[90.16443809993842,34.881338800045626],[90.1219409999772,34.8670499999576],[90.11439759996932,34.86981099957802],[90.1054149996026,34.875621999555676],[90.09848209986905,34.88522020025209],[90.09446740035031,34.89709870034477],[90.0876539998323,34.90389300016187],[90.0774049004159,34.907446799829984],[90.05776140016854,34.90862259955338],[90.02420989976713,34.915677299867525],[90.01675400019701,34.915677299867525],[90.00370619978133,34.90921049986474],[89.96473790013403,34.90243200023667],[89.95338260042672,34.89910599974212],[89.94288899962771,34.89291080039317],[89.93579189987634,34.8841786000624],[89.92448730034869,34.874571999698105],[89.91221949993002,34.87124480040728],[89.90111760039701,34.87398980018918],[89.87475709976042,34.892328699809696],[89.86791340018334,34.89553029978356],[89.86294550023473,34.902348900181664],[89.86390970027253,34.909136599874216],[89.85874790019551,34.9091954002476],[89.84849610011497,34.906201999622624],[89.8446247003697,34.90290949977367],[89.82700080044663,34.90065609999908],[89.81796759972502,34.90524219996763],[89.81327190027804,34.9005678998887],[89.81241159981556,34.89554059971897],[89.8200825003072,34.8842793996746],[89.82022589990544,34.881662400399534],[89.81316429999254,34.87957459998785],[89.80811010020102,34.87384019976548],[89.81101360009762,34.8707816999156],[89.82244839987379,34.870899299762925],[89.8258536998884,34.86834059993879],[89.83732429987657,34.86748769999741],[89.83890150030408,34.86581129985166],[89.8428803996108,34.85945830006057],[89.84176919998862,34.85413430005798],[89.8481138999366,34.84083749985081],[89.84850819959377,34.82338959995013],[89.86381430018986,34.81962290017674],[89.86564239977696,34.817739500377684],[89.86442359986927,34.81267770041558],[89.85470949994351,34.81085300026581],[89.84814970014861,34.8070563000083],[89.83847140043486,34.8072035001415],[89.82499490039442,34.79961349996313],[89.82616719995639,34.79281069975406],[89.82835539978191,34.78998669992632],[89.82710500039553,34.78517289970961],[89.82265030037115,34.78023040021287],[89.80623829985768,34.77124329963863],[89.80530050031791,34.76925319977539],[89.8083483998588,34.76373190020706],[89.80553500034006,34.75827450016811],[89.80733249959525,34.75172510013334],[89.80240890025061,34.75044079990306],[89.79818860042366,34.74581729982856],[89.76888149988139,34.75191769984201],[89.76536470012087,34.74928500020263],[89.76208229965846,34.74189999958537],[89.7466080995842,34.74132199991044],[89.74543580002222,34.73618429986561],[89.73016360026998,34.73450849956765],[89.72933640025474,34.729954300350755],[89.72636670036297,34.72584350017746],[89.73519789986324,34.71685050005061],[89.72832049999113,34.71344570005908],[89.72300610025138,34.70824189984387],[89.72261529985627,34.703294800314836],[89.73285329983997,34.69674109972203],[89.73550419995894,34.69224159996992],[89.73656339988105,34.68206979998132],[89.73206170038725,34.671399000363635],[89.72434440027394,34.664211800234455],[89.72706820033721,34.66172260001804],[89.73482329985546,34.6610380001037],[89.74029540021263,34.649025000103734],[89.74526430020734,34.64504280028507],[89.76486010041339,34.64295759981343],[89.7728043003782,34.63894259992111],[89.7809755000194,34.64560299967877],[89.78450819979366,34.643808200188346],[89.78616669983342,34.63553319989728],[89.79847150015968,34.6308230996064],[89.79162409987237,34.614859199792306],[89.79317789994019,34.604713900126455],[89.79095079993954,34.603136500049516],[89.78344089967783,34.60283809959867],[89.78142099987929,34.59976860014086],[89.77691499982745,34.59802070029514],[89.77712220002957,34.58864080013285],[89.78022970034044,34.584120999984236],[89.77641970000923,34.57738320007468],[89.81329619995972,34.55204869998755],[89.80990820020332,34.541750100087086],[89.81648580027951,34.53628910006199],[89.81052970008562,34.53138249970266],[89.81052970008562,34.52890770033014],[89.81731450036398,34.523957999961794],[89.81814320044839,34.51964799995528],[89.81363730022127,34.5146550997531],[89.81353370012022,34.509491099934394],[89.81001180030438,34.50594870007251],[89.81187629995134,34.49980239956113],[89.81068510023727,34.49638760000778],[89.81633049995264,34.490966400379136],[89.81726270031345,34.486313200194104],[89.8071114003709,34.477048799962176],[89.81493210003646,34.47166899972461],[89.8154499998177,34.463598700419766],[89.82182050041581,34.45843149991384],[89.81840219980171,34.450530700331626],[89.82016310024693,34.443654299606294],[89.81767709981835,34.43468419981605],[89.82005950014587,34.428404500167574],[89.81850579990282,34.423277899555444],[89.80762930015214,34.414305600023454],[89.8068524001182,34.40875079980964],[89.79791959970981,34.397935099625215],[89.79850549992892,34.39539660037286],[89.80205800007673,34.392283900181894],[89.8226766999698,34.38675329982499],[89.82172449958603,34.3774441996901],[89.81923409967402,34.371761399868774],[89.82491069956922,34.364929600121],[89.83988950000048,34.35861110012223],[89.85837630032609,34.36187609960234],[89.8614755997192,34.356151799665895],[89.8602325999546,34.34571840038393],[89.86587799967003,34.34580389983017],[89.87028039962081,34.343879599763795],[89.87060369960113,34.33835360033845],[89.86498749997321,34.326776199562005],[89.85713710019706,34.32157939966959],[89.85395999955438,34.31616220022539],[89.84615059987033,34.30933939999335],[89.82790820020335,34.30090739965681],[89.824198199987,34.296132299965734],[89.82712930007722,34.28478620032291],[89.8261250001687,34.28165300008595],[89.83065479987914,34.276927700353156],[89.83711139977135,34.264020499946184],[89.83368840019955,34.2585317999027],[89.82790820020335,34.23659029980257],[89.82030380008035,34.226219100331264],[89.8248540998369,34.222202499645675],[89.8221280002071,34.21581269959648],[89.82522309976628,34.202811400425844],[89.81833609963132,34.20476079967119],[89.81442109985392,34.20398110004777],[89.81341799964105,34.19789579965146],[89.81031040040472,34.19487379968615],[89.80304050041883,34.19199770033367],[89.80466380009437,34.18926420018272],[89.81707040007893,34.18024810006983],[89.8158528996916,34.17180650036977],[89.79718510001243,34.160006199926215],[89.79074990038765,34.15424929956555],[89.78448490015808,34.152088199910565],[89.77434309975433,34.15520879974639],[89.75932769961372,34.15487300008891],[89.75277650003551,34.14220649963033],[89.75312440007104,34.138031899752434],[89.75561730009838,34.13524880019202],[89.75532740003956,34.12622679962715],[89.75208089961387,34.125411000317456],[89.74431230037243,34.13035399983727],[89.72060069976254,34.13059400011309],[89.71086089991064,34.13433700005254],[89.70541129969178,34.13112179963139],[89.70094729977814,34.13174569980424],[89.69172930006721,34.1284824000428],[89.69130619962147,34.1217235002394],[89.68126330036108,34.10944549971009],[89.67449859993047,34.104576900203824],[89.6647679003184,34.10332740013945],[89.66247839995827,34.09923400004914],[89.6545168997352,34.098803099783254],[89.65555759970351,34.08876269973888],[89.65014589961362,34.0859184004139],[89.65259159962267,34.06604889963705],[89.65503729963172,34.06053110023015],[89.6500938999136,34.05544410036498],[89.63562790010758,34.05367649997055],[89.63365060029503,34.051865799567054],[89.63453520043919,34.04570040015341],[89.63541979968409,34.043846400091354],[89.63984280040495,34.042639099814664],[89.6480124001522,34.04216480006551],[89.65118659958199,34.03638669998628],[89.65123870000605,34.027072099597774],[89.65685849962011,34.022026199649474],[89.66492409996732,34.02150870006653],[89.66580870011148,34.015513599872804],[89.67184480039725,34.00951810038009],[89.6774646998361,33.99843169976316],[89.68339669999779,33.99342729992998],[89.68402120001844,33.9917877998671],[89.67965019989686,33.988595099584245],[89.67980629972101,33.98510029993895],[89.68464560021431,33.97931840022403],[89.68787180024344,33.97215509957823],[89.68677909967579,33.96209969974143],[89.69052559977666,33.95994179987423],[89.70124499965709,33.95981230019754],[89.7075934003152,33.958128999553765],[89.71498240021765,33.95195680036608],[89.72049820043168,33.942762399765],[89.72320410038895,33.93352380018331],[89.728043399983,33.92890409974444],[89.72991670039545,33.92475919997713],[89.76844789985074,33.90261080004842],[89.76426290021271,33.89761479988317],[89.78298020037602,33.88524330043799],[89.7814897998145,33.880621699731705],[89.79345659984227,33.86788380029719],[89.80051399992124,33.86639150036751],[89.80919319960651,33.86737420035911],[89.81813539972899,33.86493559959831],[89.83255690018086,33.8713778004452],[89.83663350003604,33.8711230000265],[89.8462449999069,33.86731869959834],[89.8613398002916,33.85527310007359],[89.85969710044088,33.85161790004611],[89.8604409998523,33.8462119996841],[89.86171180035933,33.84366340014583],[89.86781790027595,33.84240200025215],[89.87017359973191,33.8400077999201],[89.87128940028566,33.83073910002952],[89.89425720040953,33.82332349997961],[89.89918270002164,33.809460199728505],[89.92336860038068,33.811817800351264],[89.9413402996152,33.80385620030347],[89.93201609986318,33.79913100039539],[89.9182828002111,33.77558860003393],[89.91006620009512,33.768228999868484],[89.90274130027086,33.76484019971548],[89.90095779986262,33.761080600089656],[89.90471579959456,33.75329609993514],[89.90344190002372,33.74784120001141],[89.90605339994448,33.74307449998821],[89.91229549983751,33.74148560028027],[89.92267769981606,33.745457900361885],[89.93815549987647,33.74365709969544],[89.947900799982,33.738943199768926],[89.98204119984155,33.728878900241114],[89.983060299893,33.721939100009536],[89.97923860028123,33.71854850031309],[89.98114950044913,33.710601200385156],[89.97981190009915,33.70551449999425],[89.99286929987835,33.70148729989904],[89.99720049960342,33.69714199970355],[90.00057630005625,33.69783090017597],[90.00720060012765,33.69078270016155],[90.00127699963389,33.68659580025604],[89.9914042997687,33.67228480040325],[89.99229600006043,33.668680199831385],[89.99582399997769,33.667744500208585],[89.99576230019005,33.66369010011806],[90.00014039955983,33.66138059973497],[89.99995540002175,33.656350699625136],[89.99742719980549,33.653732999778185],[89.99637889966652,33.64839469965574],[89.98978100009316,33.645211999833975],[89.98503289984853,33.63094019963057],[89.98540289982401,33.62303310029739],[89.98250480035631,33.61491999955837],[89.9881778002653,33.60336509981954],[89.98669780036323,33.58615830006556],[89.99607060037795,33.58076450008167],[90.0067999998202,33.55898000002702],[90.01413790024395,33.55363580035197],[90.02628549997593,33.54865110016817],[90.04694260002105,33.54443690044263],[90.05014910040074,33.540119699564514],[90.06389989996046,33.536367799934055],[90.07234769958671,33.53600800006922],[90.07913070032163,33.5334894001158],[90.08098060037446,33.53133060002722],[90.08351160018026,33.51879069983096],[90.08505029973162,33.49935310026541],[90.09177159977958,33.491742500216276],[90.08797329962812,33.48193560014789],[90.08875810020623,33.47488010033641],[90.09111259996655,33.47131580018407],[90.1060245996556,33.46353199970207],[90.18753250032466,33.44310729976212],[90.19715189984038,33.438424900388895],[90.21891899981205,33.44048309961539],[90.22360530044432,33.439299599896685],[90.2294323002605,33.43353880007561],[90.23858879983328,33.43106440000213],[90.244518700078,33.427643899646284],[90.25751220032782,33.40740880017603],[90.26318050037986,33.40267690031874],[90.32209210007039,33.32290349959686],[90.33272939994191,33.311968700395255],[90.35991360043238,33.28875410022158],[90.36160210005693,33.281414500079165],[90.36784939982999,33.284025800350435],[90.38768880029795,33.27915600024926],[90.39241639959721,33.27626220044027],[90.39334509979659,33.27174500023165],[90.39942360041886,33.269839200119065],[90.40339140029295,33.26687449955858],[90.40347749958698,33.26338239967805],[90.48013500033005,33.268246900074416],[90.48341830011452,33.269523899608316],[90.48819399965345,33.267776999808746],[90.50132709986582,33.254334799911135],[90.51792259984819,33.24524879999217],[90.5434129002852,33.24045580019509],[90.55881170029977,33.23325940000137],[90.56311279971601,33.23028920008659],[90.56256259988413,33.22376280021314],[90.56856409965354,33.221712800105706],[90.57571589976902,33.21526939956317],[90.58692140030246,33.21318960041975],[90.59180169998854,33.20972779959834],[90.59452469965521,33.20960950007844],[90.60593309983273,33.1979676997496],[90.62297039986413,33.18598000037679],[90.62955510008788,33.177713499578374],[90.64262780003298,33.173660999755384],[90.65250490028097,33.16831139965143],[90.66325360007363,33.159718900007306],[90.66877310009858,33.15898939964114],[90.6871717003138,33.14828799969149],[90.69385329979002,33.146828700384276],[90.69549949980211,33.14301800038044],[90.70440820017836,33.13823409992381],[90.71980490027596,33.141315299561484],[90.73171559969524,33.14074769964668],[90.74023699983775,33.144639600337314],[90.74904899971165,33.14374770039609],[90.76212159983203,33.13855839995023],[90.76957789960045,33.13215250023774],[90.78189759989436,33.12498940014075],[90.78906489982535,33.12405740032881],[90.7966039003498,33.117946700379946],[90.8038664996393,33.11689239996434],[90.81830230021103,33.12020019997931],[90.8273175001026,33.117368699805695],[90.83673039998803,33.11731319994425],[90.84309409991283,33.11331569995963],[90.85681570028441,33.11997809980949],[90.86052790024246,33.118923300270126],[90.86430630019566,33.121477099688434],[90.87915490037841,33.121643600172035],[90.88174009962597,33.12303160032815],[90.8874409002774,33.111039200199],[90.88843519972477,33.09993369978048],[90.89234620021705,33.09987819991903],[90.89373830038232,33.0962131001545],[90.89745039961633,33.093658500339586],[90.90069849993586,33.08543899990997],[90.90885200001986,33.10215490022853],[90.90991260018643,33.11242730017983],[90.92489370018416,33.122531900127115],[90.93622899986849,33.12292049988122],[90.94186349980072,33.11925640016278],[90.9518067002191,33.118534599791985],[90.95644689980463,33.12097740038678],[90.96605870004902,33.12242090040428],[90.96977090000706,33.121421599827045],[90.98826529960394,33.122476400265725],[91.00066120035416,33.11797939972956],[91.00264980014822,33.12303160032815],[91.01100209986708,33.12425290035111],[91.01650400015956,33.11759079997552],[91.0218070999178,33.11564759975698],[91.03042459981549,33.10926239974003],[91.03581229969791,33.10080969970795],[91.04248899966768,33.103321099689026],[91.06237550032915,33.11536999972577],[91.06801000026138,33.11598069964964],[91.0727164996668,33.11448159994592],[91.09313320013712,33.098823100006086],[91.11335110007326,33.089659899584774],[91.13383420018823,33.0758855998406],[91.14715809966663,33.07460799955959],[91.14457290041906,33.0817176997121],[91.14934559981964,33.094047299743124],[91.15975289987648,33.10026690039717],[91.15895740006403,33.108651699816164],[91.16087979986293,33.11164999994759],[91.17161850009376,33.11653589971206],[91.17765070001985,33.11387090002205],[91.17798210019384,33.11092819957679],[91.18573790028393,33.10837399996018],[91.19568109980298,33.11714659963593],[91.19395760036303,33.127694800075005],[91.20171329972908,33.13096999966581],[91.21337999958735,33.129582200058564],[91.2240523999983,33.13563289993846],[91.22076550022769,33.14080370043047],[91.22427879982683,33.143800899791756],[91.22971440029937,33.14479999982018],[91.2512993003225,33.1450010000961],[91.254414800103,33.142836299555654],[91.25996429971269,33.14401870030281],[91.26342999999457,33.141060199668516],[91.26639419963266,33.13535980011471],[91.27380039996854,33.13050280006422],[91.27839389955886,33.132426199909276],[91.28551860040312,33.131405699613424],[91.29639310006155,33.11841220026287],[91.31092369996884,33.11036390017392],[91.32732920018248,33.11071729956376],[91.3308445996986,33.1083616001078],[91.36823779973474,33.10308890013266],[91.37917529960043,33.09975709991028],[91.38507499971155,33.096869400202706],[91.39057690000396,33.08859459956119],[91.40389509957924,33.08259700015151],[91.41439459993092,33.084717800286285],[91.42498789957199,33.08275410002176],[91.42895919960745,33.0763161997329],[91.42929059978144,33.07248339978912],[91.43606989980611,33.06831380014182],[91.43823589986692,33.069197699714096],[91.43847030006435,33.07116159962817],[91.45754730026778,33.07625719971003],[91.45535970028999,33.08153389986961],[91.45980110024067,33.0881987998348],[91.45980110024067,33.09380790021447],[91.47087119974611,33.096362500029386],[91.48306820013738,33.10802369963409],[91.49650620020105,33.112240000175916],[91.50116489974039,33.108634500281994],[91.50447929987985,33.10308179998515],[91.51094309974434,33.10124629987689],[91.5179256996114,33.105408400077636],[91.5247692004383,33.10030390030482],[91.53255009970741,33.10336659998865],[91.54236740043524,33.09611820009491],[91.54601319984937,33.08906520039875],[91.55516100028001,33.08651040003497],[91.55923870000606,33.078482099968994],[91.55258469982408,33.069999000153814],[91.55359650007847,33.06251469999347],[91.56195530009705,33.06059740024989],[91.56443060039197,33.05174819991953],[91.57559700020147,33.04917250021077],[91.57876460040603,33.04548490030794],[91.57938050021,33.04176019977348],[91.58246000012895,33.03980559974866],[91.60032150003724,33.03659700035132],[91.61343169991306,33.03110149963453],[91.62289039957233,33.030732700253964],[91.62636589976654,33.027265599727684],[91.63737519970579,33.02372610017943],[91.6434903000374,33.0171969996419],[91.65264109970707,33.014946699830375],[91.66330120009036,33.01543769998989],[91.66503760030508,33.00780419960415],[91.66354440015402,33.00211700029939],[91.67032599974516,32.99976899993942],[91.68171160031017,32.99251569963985],[91.70908690044018,32.98792349956989],[91.71350430018339,32.985575000086214],[91.72445450027504,32.986357900396854],[91.72638319982485,32.97743339983157],[91.73272930001724,32.973049099636285],[91.738142099978,32.97106559989754],[91.75077209965275,32.9719529996313],[91.75574940021471,32.96318359974339],[91.75823810040805,32.961774200219224],[91.7637753998149,32.963079200145046],[91.77995750033841,32.948207599800924],[91.78667299975916,32.94565459987996],[91.797001000296,32.943853300089756],[91.79899189965653,32.95082340027977],[91.8110620003111,32.957062099836094],[91.82030109991587,32.953694799775235],[91.8251539999572,32.949387700082355],[91.8324334003812,32.9520763996062],[91.8361975002145,32.95189369963458],[91.84459669957806,32.93876249968969],[91.84842419981703,32.92476189994176],[91.85700300008847,32.921032100251296],[91.85832280015717,32.907958199711175],[91.85656310030691,32.90515109994334],[91.85906280010818,32.904743400387645],[91.87255880014857,32.90896060025153],[91.88759790012307,32.90791900006184],[91.89531420019023,32.910180000007074],[91.90024660030042,32.89818850009925],[91.8925303002332,32.88822829979625],[91.89805429956635,32.88571260015641],[91.90622790039737,32.87408629964307],[91.91446580005669,32.87708740026335],[91.9215910000247,32.87149849955614],[91.92634110036153,32.85884599974315],[91.93361610040279,32.8526269000115],[91.93935390006249,32.83828739974376],[91.94519339955582,32.83763190009216],[91.94947280012968,32.834431800187474],[91.94913040034777,32.83062019996231],[91.95614859987802,32.821845899668574],[91.9656489003765,32.8244710998614],[91.97078420013077,32.82234929968047],[91.97497799963503,32.822960700176225],[91.9784442997647,32.82961339993852],[91.98015609992416,32.828031200179794],[91.99158209983409,32.827096200229505],[91.9938928997376,32.834863300301095],[91.99765880001365,32.83788359964848],[92.01815709957054,32.83191480012795],[92.0213666999133,32.832382200278346],[92.02680149998929,32.838458899558645],[92.02487579967845,32.846692399734536],[92.02594559990956,32.85417009977033],[92.03771399960146,32.86369620001966],[92.04374790014555,32.86351650018639],[92.0487119995592,32.859382600027004],[92.05196440043682,32.85916690033224],[92.05988129968227,32.862761600267675],[92.06638589998937,32.863660200158165],[92.08474459998337,32.86078459992939],[92.10100630040051,32.86222240004378],[92.1097362002655,32.869411299891624],[92.11624090039732,32.87810910025485],[92.12976380005938,32.883931099840424],[92.1448273004396,32.888027900267446],[92.14799410024762,32.885656100248866],[92.15227349992216,32.87609650025331],[92.1546859996592,32.87419129998858],[92.163485499856,32.87566519978918],[92.1738415997101,32.871639800136734],[92.18642309984625,32.86984260035575],[92.19772069995042,32.87092090007951],[92.20371179995965,32.86919570002158],[92.20362619978937,32.85905910039719],[92.22938819980561,32.84388809955618],[92.2259647002108,32.83382050041581],[92.22793320015711,32.82605340034422],[92.22630700016799,32.82353609991111],[92.21680680039356,32.822529200062604],[92.1918151002867,32.80512180023095],[92.20901830005454,32.795265700052084],[92.2104732997031,32.79037320016312],[92.20525239977849,32.77720539960956],[92.20550920028944,32.767993900198405],[92.19737830016845,32.756694200177265],[92.20225680031115,32.753023299785525],[92.20790560036323,32.751439699782395],[92.21595090031389,32.73898599960427],[92.2204870996,32.73632230033394],[92.2311856001354,32.74042579981085],[92.23469469990056,32.7402097997425],[92.23614970044838,32.73596229992023],[92.2530105004343,32.726098499746],[92.2544655000828,32.72336239965506],[92.26370900007038,32.725378499817964],[92.26858750021302,32.724874499958275],[92.27406509992448,32.73142649993309],[92.28082659966788,32.733442500271224],[92.28895739996409,32.73164250000144],[92.29203859960177,32.74488910005198],[92.29862889990386,32.748704300263284],[92.3005117996799,32.752807299717176],[92.31446260036876,32.753959000307646],[92.32627379969614,32.752591400372864],[92.3354317004127,32.74085779994755],[92.34133730007642,32.74085779994755],[92.3495536996436,32.74481710032899],[92.35768459976453,32.75187160009432],[92.35408989982909,32.76749009998815],[92.36076569957743,32.764251500106695],[92.36975249977809,32.76295599971968],[92.38721240023216,32.755254599620116],[92.41451500006724,32.750863800024376],[92.41579880027444,32.75446290034262],[92.43479929964803,32.76468329969458],[92.44241659964644,32.764179500383705],[92.45320070035211,32.76734620036689],[92.4586783998883,32.76576289983802],[92.46295769973813,32.75921339997848],[92.47006160016275,32.753886999685335],[92.4797330002778,32.751223699714046],[92.48461150042044,32.74654479960287],[92.49402619984932,32.74784049963938],[92.5002741003695,32.74496109977497],[92.50506700034185,32.747336599604466],[92.51234200038306,32.74438520001701],[92.51816199987644,32.74395329970508],[92.52312610018942,32.73625029971163],[92.54289690037172,32.73963389998454],[92.54837450008318,32.737402199951646],[92.55077099998175,32.73365839961548],[92.55463440025744,32.73323370017516]]],[[[95.30381829957491,37.19337050044828],[95.27506020006825,37.198497700008886],[95.25534610034231,37.2069233996952],[95.22769820041168,37.22243180008758],[95.2113498997781,37.23353459984196],[95.19323649976474,37.250445900358045],[95.16182419962718,37.26358049974033],[95.1171068003386,37.2752511997831],[95.0634939000235,37.27391200043854],[95.03248020010119,37.267407199582635],[95.00699609959037,37.269703100417814],[94.99997389987561,37.27635070012474],[94.98151199997886,37.28424209999298],[94.95362369957411,37.28577239987641],[94.91852290021171,37.29265820031577],[94.87572880004416,37.30394189959907],[94.84471510012185,37.31713590010173],[94.83053059980739,37.318091900121146],[94.81562480004453,37.32516589988643],[94.77715819979113,37.321150999818826],[94.75888650021187,37.32841589957417],[94.74830820036323,37.33548900001739],[94.74061489955801,37.355557500078646],[94.7136882999751,37.35804179988918],[94.687002099967,37.36721390000156],[94.66103709958253,37.379632700189006],[94.63026380013434,37.401790300182256],[94.62281089980326,37.412293799819054],[94.6002118001345,37.41916799990332],[94.59780760024063,37.42451409984591],[94.59660549984397,37.43825970042491],[94.5617451998811,37.46536149963356],[94.55092639973361,37.47814559993952],[94.49226489970539,37.51953579993727],[94.45235580037996,37.544320700040316],[94.42759290039209,37.5508015996142],[94.41557209967272,37.564333300041824],[94.39032839963602,37.581482699666935],[94.3549871997995,37.611389399801],[94.34344720002832,37.61767399985524],[94.31555889962357,37.640332200270905],[94.27661150022061,37.650802100336705],[94.21602660034739,37.662602800079185],[94.17395369980346,37.66165120044258],[94.13741050029444,37.66717030026922],[94.12006340000596,37.66458479974875],[94.08606339960625,37.66458479974875],[94.08028340015886,37.66216250009933],[94.06498339966424,37.66243159973857],[94.04084339980312,37.66754529957598],[94.03098340016385,37.66323910010442],[93.9922233996902,37.66323910010442],[93.97216340002097,37.67212049976132],[93.94870340004195,37.679117200098744],[93.9351033997022,37.68934199983346],[93.91300340038669,37.68665140004214],[93.89872340016484,37.677771700103904],[93.87186339987608,37.667007100297496],[93.85826340043565,37.64358860043359],[93.86506340015586,37.64143479967629],[93.86778339968419,37.633357500048646],[93.82028699994515,37.62647430044865],[93.81461550010528,37.612997400209906],[93.78451270010106,37.60712199978053],[93.75397370012621,37.60815890011321],[93.71776309958744,37.59018469986404],[93.64970470041163,37.60228320020957],[93.63399889972948,37.57635540028156],[93.54369060044093,37.617489899639224],[93.50660740031134,37.62785640015278],[93.33340740003155,37.62716529993867],[93.28236360020003,37.62923849985691],[93.23924999968779,37.66787869984216],[93.17192550036162,37.73319189958653],[93.11400129962033,37.762406799834025],[93.10415450023004,37.76194310039381],[93.09445480024891,37.75015679969658],[93.08618640008234,37.735599700365924],[93.0915941998125,37.682835000135185],[93.06545669956711,37.65929269959844],[92.99155059998026,37.6432368998631],[92.98524160041956,37.604688699623864],[92.96090659965989,37.55611810017024],[92.98073510034465,37.52931929964603],[92.99200129972024,37.503940900052555],[92.98524160041956,37.4982206003005],[92.95054179976432,37.50465589975005],[92.92981200032364,37.501080799639226],[92.90998360036292,37.501080799639226],[92.89601350022292,37.48856660026843],[92.8320217004412,37.49965070041952],[92.76938180022995,37.50572839974592],[92.72882359992923,37.52574540013018],[92.69547569974378,37.52109899971913],[92.64996040035226,37.550401799703366],[92.63824360016207,37.55147360002667],[92.61571130033627,37.52753229997569],[92.5521700995705,37.52074160014479],[92.54631169992507,37.49714799958059],[92.56478820031526,37.47104330030811],[92.54991679962069,37.43920469993702],[92.49854309968435,37.37512880005414],[92.45753430036774,37.33214220000258],[92.42959419991246,37.32784219955789],[92.37506590037106,37.26367110014121],[92.30746890016968,37.25398689997553],[92.28809110012423,37.24250779959533],[92.25203939989842,37.213443300168194],[92.21914220035234,37.22205620003365],[92.20336950000251,37.22995040039069],[92.18263980038654,37.22887400003515],[92.16821910033127,37.244301500114204],[92.13712450009564,37.25183470001144],[92.06276769986954,37.22959159967263],[92.02581469998847,37.239278899801434],[92.00914079980811,37.22851520021635],[92.00057850029759,37.2148787998168],[91.98345390037724,37.213084399625416],[91.93748800017113,37.17610950035322],[91.8784531996555,37.119714999647556],[91.84645729976461,37.10426200019123],[91.81622700017596,37.09482970013062],[91.77976160011781,37.09096269986878],[91.76804479992762,37.06723389972473],[91.73695019969205,37.05968229969841],[91.71937499985643,37.03666309972232],[91.68061929994082,37.03486439987222],[91.6423143995899,37.02047359957703],[91.59544709990382,37.033065700022064],[91.57617449985332,37.03314319999873],[91.50216320027153,37.066514700193295],[91.47827899997594,37.06723389972473],[91.45349340020033,37.07550389978519],[91.43916949957281,37.07453070023166],[91.42636840028149,37.0841863999824],[91.39657670005471,37.08808539992134],[91.37283640027971,37.09551160028019],[91.34071729956378,37.092541199816594],[91.30464140038038,37.104978999980915],[91.28487389981069,37.10443530044881],[91.29951500031706,37.09019619959497],[91.3009550999979,37.08062259985314],[91.30129460036557,37.06185289979152],[91.29246919969387,37.05406510002439],[91.28839590035057,37.04851150040548],[91.28792090002958,37.044243200163635],[91.29034710003867,37.04135350036381],[91.30767680024417,37.03216639955974],[91.30794139967594,37.027202800169164],[91.3128360003812,37.02033770032466],[91.30926419988299,37.01421139983631],[91.2761922998348,37.0126268996118],[91.24986699956241,37.014633900434205],[91.23346329979154,37.01019739999009],[91.21362009968789,37.00903540036347],[91.19364470014284,37.022661300278855],[91.18054819963976,37.0250905004263],[91.17618269977186,37.02097140040985],[91.1540906001012,37.01569020004274],[91.13173399992422,37.006816899680246],[91.12710389972523,36.97987390006051],[91.11268450008964,36.97036229958053],[91.06863269983927,36.96930540012414],[91.04574689989954,36.9651832999694],[91.03635440023544,36.92976620005015],[90.98621729958876,36.91369090031486],[90.97708950008041,36.91358509957274],[90.96359609998007,36.9178158000592],[90.92695240033305,36.920882900125775],[90.85735739972426,36.919088099736086],[90.81058659999167,36.88048920021646],[90.79113000044924,36.860733399826586],[90.78851079963374,36.84486519956937],[90.75745499974852,36.82629820040165],[90.72901829995465,36.82629820040165],[90.7185416001148,36.795143400447614],[90.73642190035048,36.739687399853665],[90.7538838998222,36.7182702998345],[90.71488189987986,36.70823669956411],[90.70461269971639,36.68584439989917],[90.71172330009028,36.662353500113966],[90.73373410014864,36.645286599796805],[90.71778110011775,36.611347200213174],[90.73018650040672,36.59137730002243],[90.76331329956918,36.58364490029197],[90.81094360026702,36.5871201001126],[90.81966399969389,36.578311899874336],[90.80907439986373,36.56967539999977],[90.82856750019005,36.56148909984216],[90.89807889982143,36.563419300360465],[91.02778630009772,36.537013999996134],[91.034530600307,36.48279570036135],[91.02356719996635,36.44965739976925],[91.05115509982807,36.430542000313096],[91.03295899995794,36.40464400032039],[91.02548980031412,36.36696619993023],[91.03235630040302,36.348953200230085],[91.02195740001406,36.33094409999029],[91.05020900044508,36.30473710013712],[91.07207489993675,36.30020900014529],[91.04061889994233,36.25993349993115],[91.05727389997054,36.232196800042345],[91.09320829982323,36.215015399840865],[91.08772279956759,36.19157790000014],[91.09675600028925,36.17679980037053],[91.0887221999696,36.16867829996363],[91.10137180036833,36.156696299594614],[91.22824899999142,36.11812999959983],[91.31474300018937,36.07464599981307],[91.38651999979822,36.06531500028706],[91.44948599957928,36.08013900041459],[91.51217700016849,36.05345900033262],[91.5718229997317,36.06451800040543],[91.76216900019926,36.00917100034144],[91.79628799979139,36.006420000282844],[91.88433100037543,36.02551699960992],[91.93377699990867,36.000403999844764],[92.03224199996839,35.961944999761954],[92.16874699967434,35.923346999564444],[92.39114859972813,35.88844680027967],[92.44732360020407,35.89193060031698],[92.47938260012694,35.87624069964863],[92.50232359955453,35.89076330008629],[92.53927260015041,35.89563949976315],[92.58517860011239,35.87876629992485],[92.61710539969448,35.87900149961956],[92.84289699959692,35.86858429982561],[92.9910979999728,35.83289439955695],[93.01519100036444,35.84893130003951],[93.04734200003332,35.84729439991668],[93.06980299980864,35.841946399706615],[93.08410970000273,35.80901830035435],[93.18837900009083,35.790307499591506],[93.22828000012197,35.79112350034933],[93.26816700040678,35.77816149975348],[93.44864230020204,35.77400029977406],[93.47236970010164,35.767345400270074],[93.51132960008101,35.75902600044964],[93.52319330003081,35.758431800387314],[93.53095599971965,35.76306699974231],[93.53783989989154,35.78196160034764],[93.54794599990805,35.783387399908634],[93.57518870039826,35.77114819972968],[93.58588069973456,35.77079170037672],[93.60082019979245,35.763661199804574],[93.64183059990233,35.75474719972357],[93.66043169956333,35.75439059964651],[93.67493179986275,35.76544389981615],[93.68049749985977,35.76556270025844],[93.69616929987336,35.75213219964138],[93.70949769955922,35.749992600078485],[93.73044230027199,35.75201330027363],[93.74333130019943,35.75950140006961],[93.75343740021589,35.759858000146664],[93.76090719970756,35.757005499903926],[93.76705879992375,35.73834269955597],[93.78068009980683,35.73144710010365],[93.8171500000725,35.724550800079385],[93.83457940001938,35.72276719984643],[93.8471754997496,35.71063760004523],[93.86372610017946,35.708140099985656],[93.88305959962088,35.7027880995912],[93.90268600015884,35.70481000038126],[93.91469619966995,35.70944840042341],[93.93578729994397,35.70564259992608],[93.98324209974317,35.68030559972368],[94.0077019003225,35.67388089968381],[94.02469189961153,35.65579369961961],[94.04784610041725,35.638416599746336],[94.06044210032275,35.63746430043716],[94.07113409965905,35.641392399739516],[94.09207870037176,35.642463600215024],[94.11872290024172,35.63984490032192],[94.13146539970847,35.65162829980625],[94.14025340027428,35.66305279964706],[94.1565110996076,35.67078730019381],[94.1689606997765,35.6699544002754],[94.18726890013971,35.665670700042824],[94.19893579964747,35.65996080005095],[94.21257160019923,35.64936989980106],[94.22580640024523,35.65051050005957],[94.24044489991223,35.662730499712836],[94.2651096002279,35.662730499712836],[94.25167429992905,35.65425819985609],[94.26069800021259,35.64122209962028],[94.27974809989496,35.633725399607556],[94.31423870025588,35.63845170028577],[94.34130980020717,35.62850990011185],[94.36276609987567,35.62965079984457],[94.37900880031594,35.6187298996652],[94.39464980034808,35.615958600109366],[94.41550460015725,35.615795599787134],[94.43592730000495,35.62273270025395],[94.46199579976638,35.60773510039462],[94.49507830012351,35.60279810025219],[94.50460329960265,35.61021620041737],[94.5188406998385,35.60989009994819],[94.5348828002011,35.60467310038331],[94.55262940002683,35.60467310038331],[94.5802018000731,35.601738299582905],[94.58561600027826,35.594890099798306],[94.59012789988276,35.593504099734446],[94.59814899997644,35.59888499984294],[94.60256050016699,35.59798820039521],[94.61439159969262,35.60035240024314],[94.61709870024487,35.60255349994412],[94.62090869967682,35.601901399729854],[94.62482609974478,35.595725200357776],[94.62753320029702,35.59910860008188],[94.63395009961744,35.60008689969072],[94.64281029955572,35.6063802996112],[94.6483011004155,35.59789779964382],[94.65845910030731,35.59990690038319],[94.66587180004359,35.5920933997906],[94.6789125003117,35.59131200044851],[94.68248150032105,35.588074799912135],[94.69607129965084,35.59030740016641],[94.69758130003703,35.59521890003225],[94.712131999792,35.59533049960294],[94.71268109975301,35.60169270035789],[94.71679919972337,35.60838919980176],[94.72352550000187,35.60983999961633],[94.74137069969811,35.606268700040516],[94.75894140022552,35.606826699692476],[94.76388310022497,35.61296480018541],[94.7859837002876,35.591200399978504],[94.79216089970583,35.59979529991324],[94.80163259996459,35.60258560034521],[94.80341710041893,35.61262999967482],[94.81522240019365,35.61720540040898],[94.81563419975856,35.6106212002083],[94.82455680005631,35.60325530029195],[94.82332139956299,35.59979529991324],[94.83004769984154,35.5770224997886],[94.8375976001492,35.57445459989992],[94.84267659964542,35.576575900057776],[94.8528346004365,35.57713410025855],[94.8513246000503,35.586846799939906],[94.85571729991352,35.58896779972423],[94.86038449984483,35.58628869956391],[94.87150340016183,35.58986090026042],[94.87658250038214,35.589525999925],[94.88166149987836,35.586735200369276],[94.89511399971138,35.59064229960251],[94.90993930025854,35.58238139978181],[94.91941099961798,35.583944300089456],[94.93066720033107,35.5795902998525],[94.92750990006192,35.57478950023528],[94.93560890033052,35.56998840024454],[94.94700239964106,35.566080300065835],[94.95125780000751,35.56719699994164],[94.96251399982128,35.56485199972008],[94.97679020040749,35.5732264002782],[94.98379099985482,35.565968699595885],[94.99545900013283,35.56038539986639],[94.9969689996197,35.552009699787845],[95.01028429978066,35.54631369971753],[95.01618690020535,35.547765600302284],[95.02099139963343,35.552232999653256],[95.02963940003832,35.54910590041703],[95.04666099970541,35.55133959964286],[95.05050459960762,35.547542300436874],[95.08248870039324,35.547542300436874],[95.09456850023616,35.54340969979785],[95.09594120022626,35.54005879977382],[95.08948949984062,35.534920499881196],[95.09621580011913,35.52017399973033],[95.1009967004374,35.51640369997085],[95.11554740019244,35.513275099766076],[95.12817629999631,35.53874690024929],[95.11966550016274,35.5476824004225],[95.12433279991882,35.55862710026054],[95.1171947000754,35.56800700042277],[95.11692010018254,35.58051189990431],[95.14217799961506,35.57358980012924],[95.1575523002985,35.594354399735835],[95.14547249955626,35.60439980001081],[95.1498650995947,35.612881600305684],[95.14367569997364,35.63019450027599],[95.17390810037858,35.637227699598725],[95.15439800016765,35.65671040016491],[95.16051309959994,35.66230979955765],[95.1658516002712,35.67334979965358],[95.17458750041288,35.6614423000222],[95.17575229962898,35.657656799921426],[95.17478160019078,35.64708799961153],[95.18691479997807,35.64590480026635],[95.19613600037616,35.64298619985328],[95.2009891998917,35.64535260034228],[95.2115693001831,35.640146499661284],[95.2214700004402,35.642118499769026],[95.22312009991276,35.64472160002185],[95.24127130023038,35.64827110003131],[95.27786479972082,35.639199800430504],[95.31882630009375,35.64156639966967],[95.33746279976845,35.63430879971139],[95.34289840024104,35.627208400347456],[95.34794580025851,35.62499930027752],[95.3568758001781,35.6268928003625],[95.37143560017284,35.60290449994278],[95.39686670003823,35.59801119965721],[95.43122769999843,35.60116819955283],[95.44928179961539,35.61253220020092],[95.45704700031888,35.61411049959992],[95.46112379982355,35.62705059990532],[95.46636529961893,35.63509770029867],[95.4685007002472,35.650873999735325],[95.47898379966267,35.65891869983818],[95.48655479986417,35.66018049993016],[95.49645550012127,35.655606299790975],[95.53838760010774,35.655921700126385],[95.55411549983052,35.661298500225655],[95.56188069963463,35.653885000092714],[95.57314029978505,35.65451600041314],[95.59119440030139,35.658774900041635],[95.59624180031886,35.65609339959076],[95.6036186998432,35.65609339959076],[95.60963680019825,35.658301700163406],[95.62536129958437,35.658301700163406],[95.62982630044348,35.66035220029386],[95.63565020029654,35.65751300012488],[95.64050349963685,35.64946820019736],[95.6486569997208,35.64631309966984],[95.65176299996256,35.67296939991792],[95.65021000029134,35.68731920012107],[95.6562279999223,35.72546739990065],[95.67467039981915,35.78328550042556],[95.68534759991189,35.79572579980589],[95.67971779983668,35.81084060021357],[95.68418279979642,35.823591400422856],[95.6985484001886,35.84373669988884],[95.6985484001886,35.849716400091836],[95.70689600005045,35.85585289979156],[95.70864320022355,35.86104499982696],[95.70514889970201,35.8674952999682],[95.70689600005045,35.87630469990205],[95.68865389985763,35.88041700014452],[95.66695990037914,35.88100679982398],[95.64471470012336,35.88474409986037],[95.63714360009715,35.879592800267574],[95.62559290019226,35.88226680037258],[95.62083669975397,35.88187359968691],[95.61117870043671,35.88360370015067],[95.60700490005615,35.8884401003304],[95.59812339967522,35.88965900006286],[95.58977579981337,35.89567449957855],[95.57604109991689,35.8987410996221],[95.5713820001792,35.90644630025662],[95.57371160041009,35.91206740029037],[95.58070019965453,35.920793200146136],[95.57890449994278,35.929675199650774],[95.57405130042724,35.931679399984375],[95.57079960012152,35.93513750009561],[95.57075109968355,35.946061000215025],[95.56745089983923,35.953329400131736],[95.56186960020193,35.957375899678084],[95.55759870002004,35.96495750018852],[95.55274549960518,35.981453799553265],[95.5414373999161,35.98903309959792],[95.53847690008894,35.99311700014948],[95.54012699956144,36.00030260038477],[95.5477952002883,36.00242279977243],[95.55253730025623,36.011811099602596],[95.57224930006521,36.02830439972831],[95.58501669996082,36.04496799997327],[95.59253840022706,36.05148760007273],[95.59798879994321,36.0525138002717],[95.60083880007062,36.05573070041157],[95.60025799990683,36.05777930027455],[95.60463999963633,36.0602548002189],[95.60289779969378,36.063925099863525],[95.60642950032127,36.06877449974343],[95.6106107003236,36.07233519990962],[95.61553839967746,36.072878299593924],[95.62203410029355,36.07818870004854],[95.62561790044583,36.08506759998983],[95.62957500018615,36.08452450030552],[95.6342787998268,36.086274300418665],[95.63905720002981,36.08440379959575],[95.6471953999478,36.08579160010231],[95.64965930043644,36.08892909999804],[95.65227250007587,36.10171909985661],[95.65600560027826,36.106484700008934],[95.65331780007648,36.11637689987407],[95.65473639966518,36.120116200002656],[95.65787219984219,36.1276548003288],[95.66750369973602,36.137363400000936],[95.68100510020525,36.16409179979678],[95.67921010016607,36.16530649969525],[95.68411549993044,36.173178100089274],[95.6823609001355,36.17986779975922],[95.68519810021223,36.18110320025255],[95.68855789992722,36.18893719999181],[95.68863249959026,36.19550509998044],[95.69792810000189,36.21095860035916],[95.69557620018156,36.21472360041389],[95.69658410007622,36.21918110002781],[95.7072608999706,36.24835960021545],[95.70961279979093,36.26286950042714],[95.71685509958326,36.2761427995506],[95.71875900032768,36.29543169981315],[95.71685509958326,36.30704489990228],[95.71782570009606,36.315889000177265],[95.72433839969744,36.339035599913075],[95.73360940005381,36.34732559999651],[95.77825769993296,36.37233830017249],[95.80379239989941,36.42882770003837],[95.8043896999248,36.45321359972792],[95.80185109994835,36.45537559960428],[95.70508819996053,36.45753739983121],[95.65177899980108,36.4475682998372],[95.64147550039411,36.447207999949285],[95.61056510019927,36.43903950007291],[95.54008350025339,36.436757000035584],[95.53470780002499,36.44144210007289],[95.52828679979604,36.46618430036523],[95.47887019999979,36.70326840031646],[95.47386609964087,36.71726239993984],[95.47118949959577,36.735357499648956],[95.46618540013617,36.737595699981625],[95.44197970030297,36.73908790008659],[95.4454543002758,36.82279939967259],[95.4492395998277,36.86850059972295],[95.44792300044617,36.89482890013369],[95.4293257004208,36.91443760021514],[95.42060310035288,36.91877980044751],[95.34177060003321,37.005440099680925],[95.33650409998427,37.018975999942484],[95.3284398000568,37.054709600068065],[95.3016136997125,37.18816759955513],[95.30381829957491,37.19337050044828]]]]}},{"type":"Feature","properties":{"shapeName":"Mangnai Administrative Zone","shapeISO":"","shapeID":"62558664B81770393806707","shapeGroup":"CHN","shapeType":"ADM3"},"geometry":{"type":"Polygon","coordinates":[[[93.10415450023004,37.76194310039381],[93.05369330010575,37.797072800369506],[93.00053649995954,37.81590620031096],[93.0053038996553,37.83002809971708],[93.02508869958388,37.83755859984956],[93.06275140035689,37.83266390021885],[93.12282100038891,37.83209909989358],[93.14141399985624,37.84433549958368],[93.14432480044923,37.864433500105974],[93.12106429977769,37.88545509987301],[93.10600119959577,37.92201990019828],[93.09567040036876,37.9539312997897],[93.05858849975954,38.0086680999529],[93.07611810037008,38.046375499729606],[93.06802749976936,38.067079799792964],[93.00060589974254,38.1084707003626],[92.92846469988604,38.18694289989497],[92.63652910023785,38.25580160036361],[92.4281963000193,38.24044650020585],[92.25357429981415,38.33358629966807],[92.21716660025845,38.369011499780925],[92.17401670041045,38.38011140012105],[92.14839650009844,38.409702699919706],[92.08434599976812,38.443506399900514],[92.02703759990538,38.491543999955695],[92.00141739959338,38.529528999763556],[92.0068110997525,38.56960260037977],[91.98119090033981,38.71494500041149],[92.0674906002111,38.775942900444534],[92.09343389995456,38.8484041995942],[92.10759239996935,38.867829699680954],[92.14939379968416,38.904303799780564],[92.18546440006207,38.9129604004022],[92.2245689002346,38.908238799581],[92.20609740007501,38.96431420014028],[92.19575300040071,38.982891199769085],[92.19150570022794,38.98127710015808],[92.19009000005354,38.97738849997933],[92.18527640038565,38.97562749970939],[92.18055719985495,38.971298200251795],[92.17310090008652,38.960804200153746],[92.1680042001338,38.959923500369314],[92.16385129999753,38.962712299832845],[92.1543185996237,38.96197839998325],[92.14875000021237,38.95786850003128],[92.14034979990339,38.9613913000685],[92.13478119959274,38.95970329956765],[92.12628669997127,38.9626388998654],[92.11873600016634,38.96095100008864],[92.10807060007818,38.9631525998127],[92.09164790033037,38.954051899575575],[92.06092930034697,38.95320280016915],[92.05025100038341,38.948116400151775],[92.03957280024457,38.94977729958276],[92.03143060014213,38.94759739960034],[92.01981790007608,38.939915100201745],[92.01501270007611,38.94167999993209],[92.0063366003539,38.94033030010331],[92.00059700025145,38.937527199620604],[91.98764960014898,38.937319500294734],[91.9821769997688,38.932958800108565],[91.96522520008295,38.93108980025414],[91.95708299998051,38.923405700412786],[91.9502755997392,38.92278259973722],[91.92211159957071,38.91270889959611],[91.92024290008982,38.90886600026573],[91.89448159974609,38.901595000408975],[91.87859760019916,38.898790300032374],[91.87710840023254,38.8940451999261],[91.87793019981893,38.88237530027993],[91.85936429962277,38.87758829986018],[91.8307660995759,38.87391440022947],[91.82472549998192,38.87575140040684],[91.80981290044508,38.873620499986146],[91.78451810003037,38.861568699635825],[91.77828880018802,38.86127469956779],[91.75988400004661,38.86752129966828],[91.75101190027902,38.868917599667554],[91.74317810018925,38.86810919997964],[91.73883649980468,38.86561069987397],[91.72703849982696,38.864949299770444],[91.70533030005339,38.86810919997964],[91.69230530014954,38.86561069987397],[91.67786469989602,38.85833490033542],[91.67975230042839,38.85458649996707],[91.67824220021743,38.851425900085246],[91.67012520001805,38.8537044997629],[91.6548351001598,38.853484000386345],[91.65058779998702,38.85186689973767],[91.64228199971456,38.85488050003511],[91.63589669987289,38.852519800348546],[91.62895579977038,38.84446330024116],[91.61140340044665,38.838277399882145],[91.58343960015748,38.835106300415475],[91.57716610043525,38.83146710022652],[91.56635440043527,38.830583299579644],[91.55167169998901,38.82569610029486],[91.53605470016436,38.82642399986776],[91.50061619997769,38.81488059975993],[91.49667860023726,38.81716860005088],[91.4895375002555,38.814256499937585],[91.46364260022585,38.81493260035927],[91.44535599977962,38.81290449964297],[91.43207489993677,38.80629980029562],[91.41672489983432,38.80125490039342],[91.41225339957481,38.79314059995875],[91.39443399962943,38.79308860025873],[91.38822719992538,38.788771000081624],[91.38168680030566,38.78731439963991],[91.35972959984122,38.77425580016512],[91.35465740011898,38.768740199600586],[91.34971870025788,38.76769949963227],[91.34311149989588,38.76905240014821],[91.33263339981158,38.76686690008739],[91.32549229982982,38.764421200078345],[91.32502510022823,38.761558999748104],[91.32202189969098,38.76036210013086],[91.31841789986623,38.761142699975665],[91.31501419974558,38.759893699934366],[91.30680529962495,38.750525599776665],[91.29899680016223,38.74662180015599],[91.28491480007801,38.744695900195666],[91.27570479983672,38.748755900364586],[91.27343569969781,38.74859969981634],[91.2690309003558,38.74485200001982],[91.2485418997889,38.7521389997151],[91.24340300004849,38.752243099839234],[91.2313899002238,38.74745460024968],[91.22631769960219,38.741884999892875],[91.22097859998246,38.74198910001701],[91.21837580010316,38.74464379977161],[91.19074569955444,38.73162940017676],[91.12647579971843,38.71751920005107],[91.1178664000144,38.70981200022368],[91.11232709961604,38.70694760015169],[91.10418490041286,38.706635199954576],[91.08469699996664,38.709239099704746],[91.03230670009418,38.70220819994853],[91.02309660002811,38.69772880004416],[91.00067219996214,38.69465559987606],[90.9910708003772,38.694050000007564],[90.97483679997839,38.69699650008846],[90.96719170013694,38.69699650008846],[90.94010370012575,38.689261500417956],[90.91990559966376,38.686756699662],[90.90433229969591,38.680125699641394],[90.88186900035413,38.67828370013268],[90.83165689984611,38.668262200240406],[90.80220920019451,38.65448040015042],[90.80003839955253,38.65853420039309],[90.80475760008324,38.66354580019856],[90.8041912996888,38.665609300029246],[90.80116149990334,38.666708800370884],[90.77673489959602,38.66425960020047],[90.76105119975313,38.65977789983026],[90.747503100188,38.660299000298664],[90.72841570022445,38.65691149966602],[90.72347700036335,38.65764119968168],[90.7003851999171,38.66712569999112],[90.673622800352,38.66842840035042],[90.65980770016529,38.67379539963804],[90.648795800286,38.67332639959369],[90.63871809996039,38.66947060038797],[90.62236699973732,38.667698899984316],[90.61782869963486,38.665562400384545],[90.61809570025645,38.66379060015612],[90.64145439970082,38.64106629957013],[90.64412400032239,38.63423719958712],[90.6241022002564,38.62756380012934],[90.60548199989444,38.61072119972363],[90.603947000154,38.60561030037513],[90.60941959963486,38.59893430007793],[90.60955310039532,38.59517869973723],[90.59974239979198,38.592831399949205],[90.57318010028143,38.590536199685914],[90.5595652997988,38.59277930042441],[90.54021090011298,38.5820328003735],[90.5321354998535,38.58067639969613],[90.5297995998717,38.578224200286684],[90.53427119995598,38.56810180005806],[90.52699660011308,38.561370100249974],[90.52372630002878,38.560326300318536],[90.51211369978745,38.560743799786565],[90.50343760006524,38.5557859002991],[90.49856560022232,38.55474210036766],[90.47347170025881,38.5572993999474],[90.4619925000539,38.55615130024239],[90.45518509981258,38.54675650011245],[90.45979009993323,38.54158879958351],[90.45792139955302,38.530155999899534],[90.46232619979435,38.52629239997435],[90.46412820015638,38.5212798999475],[90.45365010007214,38.51705030023123],[90.44737660034991,38.512193900028535],[90.43883399958946,38.51031389966681],[90.42995989972962,38.5026034002268],[90.42922570040582,38.49748479998357],[90.4236864000074,38.49179120020381],[90.41954860038766,38.49064199972855],[90.39986050006206,38.490433099807774],[90.38524460035808,38.48489559985211],[90.37169649989363,38.48567929965998],[90.35494099972743,38.48057370001629],[90.32638050015998,38.49351500001728],[90.31189810031714,38.49001510031667],[90.3098292000576,38.49116439971732],[90.3093619995567,38.494925299762826],[90.3110305000576,38.497066900317236],[90.31556479997562,38.49864810002987],[90.31543130011448,38.50042400026746],[90.31089309983673,38.50115520035229],[90.27253950029774,38.49906880018506],[90.26709679967763,38.49744680002988],[90.25897980037752,38.49227579988832],[90.24757669990481,38.49035290006634],[90.2360619000367,38.49419430022681],[90.2273269001164,38.49530609969679],[90.20755810002635,38.49079620018455],[90.19911669997578,38.49056360042988],[90.18398460020921,38.49375569996562],[90.14340580003773,38.491263700159664],[90.13045830011055,38.49464170035424],[90.11566119960474,38.48444709985381],[90.10941870041273,38.47781070030362],[90.10787730019729,38.47147549989444],[90.10941870041273,38.4644155997002],[90.10789280001279,38.431191000164574],[90.10961020025059,38.41898080042364],[90.1127709997819,38.41223440029739],[90.12672179957144,38.39993560024783],[90.1367490002662,38.4040354997386],[90.17097219980724,38.39950849961764],[90.17696679997789,38.39694600015781],[90.16693960018245,38.371486600426294],[90.1577803001208,38.359807800189856],[90.15331170017487,38.36138890007771],[90.14789110039402,38.36010969990281],[90.14328629992286,38.36205850019968],[90.13960630019068,38.360079399944425],[90.14004939976007,38.35216249979959],[90.14737169964428,38.352115699979606],[90.15036889990489,38.349380500110044],[90.14666320024656,38.348782200038556],[90.13557149992482,38.34019600014534],[90.14194749987729,38.33359189974641],[90.18817050006857,38.299597600149184],[90.2782073003267,38.238217400113],[90.35097229963196,38.23282860035965],[90.35990359997123,38.299976800189256],[90.3994177997917,38.311869999700775],[90.52878640027222,38.319939299858845],[90.51308890033255,38.20688770000743],[90.51651380017182,37.95758179996017],[90.51654520000102,37.72882460017519],[90.56636049983723,37.724979400379084],[90.58116909997403,37.709876999823734],[90.61135099984881,37.702354400235436],[90.66147609994209,37.70409009987827],[90.67690279962454,37.68669130026336],[90.7854309004158,37.64322280029205],[90.81466670000827,37.6120338000199],[90.84896459993638,37.604773100098555],[90.87837920004011,37.577150800269294],[90.85895539967203,37.53728489987827],[90.90994690032926,37.517943900090984],[90.92230220028637,37.50770189992278],[90.94083559988309,37.49559459971107],[90.93726349991067,37.48040390011994],[90.9581468999595,37.47835680032614],[90.97783429971321,37.48562949990156],[90.98428359980835,37.48293599979661],[90.99820049965342,37.494247999845356],[91.06914289962515,37.47674050007407],[91.0779683002969,37.4662341001237],[91.09681700040431,37.44857790015004],[91.107499299653,37.42311519990659],[91.107499299653,37.386444599738525],[91.1265078002948,37.373228000172105],[91.12209510040861,37.36297679993942],[91.13397540004473,37.34543860001145],[91.13465430005596,37.32033829957294],[91.15637830001862,37.31412949977664],[91.16893749966596,37.300090099678414],[91.16588249997744,37.284967899648905],[91.19134029981507,37.2768654001182],[91.1876064999401,37.251742200242404],[91.19066139980384,37.235259100227324],[91.18828539995133,37.22579989964572],[91.19337690002396,37.21336599984107],[91.18828539995133,37.2063372998266],[91.21713750019552,37.19984860043263],[91.22019249988404,37.19362980017519],[91.22690950027328,37.18861489985778],[91.23218990024378,37.1792450001567],[91.26087209966772,37.17465520037723],[91.26339230041441,37.16700499958114],[91.27851339967373,37.16270140004963],[91.27515319976044,37.14892820017633],[91.27959349984019,37.1401273995599],[91.27959349984019,37.133813200119164],[91.28379379964417,37.12060889968103],[91.2828336996156,37.116015599740194],[91.28499389994857,37.11132629986889],[91.28487389981069,37.10443530044881],[91.30464140038038,37.104978999980915],[91.34071729956378,37.092541199816594],[91.37283640027971,37.09551160028019],[91.39657670005471,37.08808539992134],[91.42636840028149,37.0841863999824],[91.43916949957281,37.07453070023166],[91.45349340020033,37.07550389978519],[91.47827899997594,37.06723389972473],[91.50216320027153,37.066514700193295],[91.57617449985332,37.03314319999873],[91.59544709990382,37.033065700022064],[91.6423143995899,37.02047359957703],[91.68061929994082,37.03486439987222],[91.71937499985643,37.03666309972232],[91.73695019969205,37.05968229969841],[91.76804479992762,37.06723389972473],[91.77976160011781,37.09096269986878],[91.81622700017596,37.09482970013062],[91.84645729976461,37.10426200019123],[91.8784531996555,37.119714999647556],[91.93748800017113,37.17610950035322],[91.98345390037724,37.213084399625416],[92.00057850029759,37.2148787998168],[92.00914079980811,37.22851520021635],[92.02581469998847,37.239278899801434],[92.06276769986954,37.22959159967263],[92.13712450009564,37.25183470001144],[92.16821910033127,37.244301500114204],[92.18263980038654,37.22887400003515],[92.20336950000251,37.22995040039069],[92.21914220035234,37.22205620003365],[92.25203939989842,37.213443300168194],[92.28809110012423,37.24250779959533],[92.30746890016968,37.25398689997553],[92.37506590037106,37.26367110014121],[92.42959419991246,37.32784219955789],[92.45753430036774,37.33214220000258],[92.49854309968435,37.37512880005414],[92.54991679962069,37.43920469993702],[92.56478820031526,37.47104330030811],[92.54631169992507,37.49714799958059],[92.5521700995705,37.52074160014479],[92.61571130033627,37.52753229997569],[92.63824360016207,37.55147360002667],[92.64996040035226,37.550401799703366],[92.69547569974378,37.52109899971913],[92.72882359992923,37.52574540013018],[92.76938180022995,37.50572839974592],[92.8320217004412,37.49965070041952],[92.89601350022292,37.48856660026843],[92.90998360036292,37.501080799639226],[92.92981200032364,37.501080799639226],[92.95054179976432,37.50465589975005],[92.98524160041956,37.4982206003005],[92.99200129972024,37.503940900052555],[92.98073510034465,37.52931929964603],[92.96090659965989,37.55611810017024],[92.98524160041956,37.604688699623864],[92.99155059998026,37.6432368998631],[93.06545669956711,37.65929269959844],[93.0915941998125,37.682835000135185],[93.08618640008234,37.735599700365924],[93.09445480024891,37.75015679969658],[93.10415450023004,37.76194310039381]]]}},{"type":"Feature","properties":{"shapeName":"Qumarlêb County","shapeISO":"","shapeID":"62558664B9424667154791","shapeGroup":"CHN","shapeType":"ADM3"},"geometry":{"type":"Polygon","coordinates":[[[96.9979969998617,34.714269999760745],[96.97363160021825,34.72633510018477],[96.95036300025231,34.7499850001077],[96.93399800010769,34.786705000035795],[96.94650999973675,34.80811299981514],[96.9741669999072,34.82210200010729],[96.97470899972063,34.86492499998883],[97.00659199962115,34.89863599965173],[97.04045900018275,34.909454000301935],[97.07502699979625,34.90904999965778],[97.1161040000996,34.92448800022106],[97.1427840001815,35.005057999726944],[97.16156800036299,35.0221409997074],[97.15482299958182,35.05094100042686],[97.16178100029299,35.078007000322884],[97.19900500008077,35.12292100040389],[97.2534259997102,35.15855000038226],[97.32520300021832,35.29892699968133],[97.30248300019036,35.338779000150794],[97.27745799998678,35.31939700027141],[97.26122300044119,35.31837800004473],[97.21735399998715,35.335025999750144],[97.18320499991086,35.33272899994347],[97.1104740003749,35.347529999909625],[97.04676799974345,35.400359999914144],[97.04411299961532,35.43329999999503],[96.9967190002817,35.47524599990305],[96.9631730001339,35.48662899962869],[96.94575499999331,35.46724699974931],[96.93304400018053,35.49391200003885],[96.91348999956386,35.46695299968127],[96.86234299982965,35.415203000018494],[96.83436600019081,35.41080899973559],[96.78011300021484,35.366085000322585],[96.757911999839,35.334495999590786],[96.70922100004918,35.331001000296],[96.62743400017905,35.21814300019935],[96.46935300014093,35.27642799995226],[96.45130199958766,35.29748899991745],[96.43745400040183,35.34629799975295],[96.33764599956328,35.322067000191964],[96.18069500037404,35.32506199981151],[96.17862700033584,35.29320900039511],[96.11505899977305,35.25743500002528],[96.12800599967721,35.17063500010522],[96.09045400005215,35.1622619997915],[95.99986299977769,35.173386000163816],[95.98672500005875,35.187713999901234],[95.97248800002126,35.18834300012941],[95.9961779998149,35.102444000390335],[95.96599600011535,35.07136199965663],[95.95934299997953,35.02271300000501],[95.93324299966474,35.01090200032712],[95.91206399965392,35.01217999990712],[95.86478400018154,35.03947400042483],[95.84902199996537,35.024944000365394],[95.82976499955515,35.028740000051016],[95.7457500003623,35.07757200004784],[95.66263599955181,35.110531000105595],[95.59675600028925,35.19355000013246],[95.58070400018954,35.206046999969146],[95.5259250002386,35.21159400036288],[95.51403799975395,35.224803999804806],[95.39622499958415,35.244460999775356],[95.26557900027069,35.33382800026203],[95.15950800019414,35.374476999713806],[95.11879000025834,35.40086699991218],[95.06291199998884,35.395882000254176],[94.96751400017104,35.42502599975012],[94.93191499977746,35.397987000199976],[94.90184799998525,35.39004099979235],[94.85451499986743,35.42061599962875],[94.80277999999709,35.41809100009965],[94.75395999965434,35.450447000228905],[94.62730399997969,35.46673999975121],[94.6274410000022,35.49792900002336],[94.60153200040156,35.52826699972229],[94.62482609974478,35.595725200357776],[94.62090869967682,35.601901399729854],[94.61709870024487,35.60255349994412],[94.61439159969262,35.60035240024314],[94.60256050016699,35.59798820039521],[94.59814899997644,35.59888499984294],[94.59012789988276,35.593504099734446],[94.58561600027826,35.594890099798306],[94.5802018000731,35.601738299582905],[94.55262940002683,35.60467310038331],[94.5348828002011,35.60467310038331],[94.5188406998385,35.60989009994819],[94.50460329960265,35.61021620041737],[94.49507830012351,35.60279810025219],[94.46199579976638,35.60773510039462],[94.43592730000495,35.62273270025395],[94.41550460015725,35.615795599787134],[94.39464980034808,35.615958600109366],[94.37900880031594,35.6187298996652],[94.36276609987567,35.62965079984457],[94.34130980020717,35.62850990011185],[94.31423870025588,35.63845170028577],[94.27974809989496,35.633725399607556],[94.26069800021259,35.64122209962028],[94.25167429992905,35.65425819985609],[94.2651096002279,35.662730499712836],[94.24044489991223,35.662730499712836],[94.22580640024523,35.65051050005957],[94.21257160019923,35.64936989980106],[94.19893579964747,35.65996080005095],[94.18726890013971,35.665670700042824],[94.1689606997765,35.6699544002754],[94.1565110996076,35.67078730019381],[94.14025340027428,35.66305279964706],[94.13146539970847,35.65162829980625],[94.11872290024172,35.63984490032192],[94.09207870037176,35.642463600215024],[94.07113409965905,35.641392399739516],[94.06044210032275,35.63746430043716],[94.04784610041725,35.638416599746336],[94.03838999979871,35.63545569972081],[93.97331230012259,35.57476330028612],[93.89292210027475,35.53427609966235],[93.71491539992581,35.524929999619815],[93.62112689968671,35.49376839989179],[93.53690869957688,35.41269190041095],[93.28808210040864,35.336218099685595],[93.2344887000935,35.29561070017371],[93.04116960029688,35.24873070026166],[93.00863069964714,35.19400319998772],[92.98757619998167,35.165843200003735],[92.97034969967893,35.08130470005193],[92.93972489988425,35.01549199975602],[92.90910010008963,34.93707439986372],[92.8861314995691,34.87114549996488],[92.88995959965587,34.8255924002691],[92.88038930042592,34.75957420038907],[92.95695130036228,34.69192940032161],[93.00480259956038,34.660447800225825],[93.04308360042785,34.60217539997478],[93.1158175002775,34.58641899983701],[93.22491839996422,34.512324299826616],[93.28042590023517,34.54859169974719],[93.33210530041936,34.523363899724245],[93.51011199986897,34.50759259961882],[93.57710380040015,34.48235239974349],[93.64600960016298,34.524940799778165],[93.69577490039137,34.51863280026356],[93.71491539992581,34.4902408003727],[93.78190719955768,34.49655089980422],[93.91014859967817,34.48077460036757],[93.96757010008014,34.523363899724245],[94.05178830018997,34.54070880027098],[94.21065450010514,34.5344019995527],[94.2551709000171,34.55814669971045],[94.2801907003406,34.57423709996226],[94.28706119971463,34.59742810012676],[94.2937336998504,34.60531160035015],[94.29858940038059,34.616183400243756],[94.29797430007397,34.63132129973826],[94.30386809973305,34.6359214003524],[94.33163360041038,34.6374882001204],[94.34350360011109,34.63403960044724],[94.34882159983704,34.634227799773214],[94.35116140017851,34.63855040018086],[94.35043299968322,34.647061399663926],[94.34473930007869,34.654999399702604],[94.3426609002804,34.66125560006594],[94.34376370023466,34.66705709960553],[94.34696530020852,34.67008419962616],[94.35275740003402,34.67063970006217],[94.35775900027772,34.666067500015174],[94.36138889967805,34.65505960032033],[94.36500199974256,34.65032919963289],[94.37000579972795,34.65020670027906],[94.37401080005844,34.65131809955068],[94.37671600034321,34.65500890014067],[94.37660120008536,34.6719214003524],[94.37909750044935,34.67457350016696],[94.3824938000489,34.675260100173546],[94.3933830000255,34.67190870012644],[94.41156650039375,34.685457699912945],[94.41787340003742,34.68559109994936],[94.43328080026879,34.6801947998502],[94.44490929962456,34.678118599793606],[94.45207449963851,34.6785875998379],[94.4573511997981,34.68247789973532],[94.46354170018935,34.691924300266294],[94.47426949973766,34.69933680035308],[94.48571799978595,34.70069759961456],[94.49701669976093,34.70900110032056],[94.5200259001752,34.74047279977992],[94.54752350000956,34.75176999968579],[94.57158669956658,34.757277400231885],[94.62896330041605,34.74669169986208],[94.64338179983025,34.737805600348224],[94.68113169976817,34.73174210041765],[94.70842229994923,34.72468890017268],[94.75048119984757,34.72087930003971],[94.76799610013995,34.7156569998707],[94.79838139968189,34.7097301995891],[94.85020909987014,34.691812500146796],[94.86993870031085,34.694210500114536],[94.89789269978831,34.68973260027934],[94.92340410011917,34.67373369975047],[94.93214300039921,34.665107700360124],[94.94103429979316,34.65906020026807],[94.96761319988934,34.66075279990184],[94.97672699965136,34.65995470014934],[94.98365549990143,34.65394040032925],[94.98628050044482,34.64832800033702],[94.98469150001279,34.64186159963316],[94.9771671998065,34.63460930027901],[94.97594649963133,34.6265164999366],[94.9812983003763,34.61906609972078],[95.00403499991535,34.61435159994642],[95.01119979973106,34.610420399781674],[95.01398149994634,34.605421699851604],[95.00650000027485,34.59031820032476],[95.00695999990415,34.58332030029169],[95.00998790032139,34.57964749963247],[95.01578550040057,34.57968710037943],[95.03557579968344,34.587439599957634],[95.04333790042381,34.58706780043872],[95.04660990022677,34.58486409989837],[95.05416439966734,34.57563470038116],[95.0579811997726,34.563338199898055],[95.07129570043628,34.537152999611294],[95.07703040013291,34.530826199769365],[95.08016329999634,34.52431490041238],[95.08413999956139,34.52379050033136],[95.0896265996879,34.52564610028736],[95.09564529989075,34.530269600361805],[95.1044725999306,34.52944369986693],[95.11672210004497,34.52563530032887],[95.12151369959764,34.52246899964467],[95.12504399998068,34.51657310006857],[95.15038939985101,34.50493939993339],[95.1565901003529,34.4978187001729],[95.15940690020835,34.49130279988435],[95.1664715002596,34.48724879999219],[95.1768343998877,34.486778000404456],[95.18361229966797,34.4900742998891],[95.19272970031545,34.49926129996908],[95.19790740040628,34.50159989971564],[95.2043707002477,34.50119859973563],[95.21108759991284,34.49843950038269],[95.22610850030708,34.47886620031494],[95.24170690035322,34.463836800428055],[95.2501757000486,34.45959739990013],[95.27094100022703,34.463329000033355],[95.27050130009496,34.472556299633595],[95.27341330038354,34.47545919968235],[95.28534959990418,34.47705759982841],[95.29732200001035,34.470551100153216],[95.30044779972621,34.46725620001365],[95.30198740039827,34.46358290023073],[95.30166079990607,34.45434150016018],[95.3058702997746,34.45049719968608],[95.31492510041312,34.45247069986294],[95.31828840028948,34.45516250024923],[95.31951009961148,34.45887399963544],[95.31648229991828,34.466839300393474],[95.30552959971129,34.47376030029767],[95.30641469987853,34.480064600001356],[95.30955269979734,34.48347070041257],[95.32094639965669,34.487227899747836],[95.32831789965138,34.487283600158094],[95.3346568996962,34.48438940015075],[95.34792470036467,34.481342800130165],[95.35123229983083,34.47917599967269],[95.35349040036175,34.4732604004472],[95.34913800001874,34.45569520017341],[95.36168589968457,34.445857500123566],[95.38075019966203,34.44615849961514],[95.39043830018744,34.44542879959948],[95.39554720034306,34.443446600280424],[95.39883999966634,34.439610300175275],[95.40035080044913,34.43048099969843],[95.4021785996627,34.42736509971962],[95.40680810001385,34.42558360030296],[95.40950589977751,34.4224816002457],[95.41108439972533,34.41217700006854],[95.42070330011728,34.39937510038061],[95.42603020043344,34.39333399986424],[95.43158079991406,34.38980209958726],[95.43772990001492,34.38898380016229],[95.44797910015541,34.382404399643406],[95.45332289963216,34.38229549983748],[95.45389330003582,34.374804200253664],[95.45924090004758,34.36748240039253],[95.46251149960608,34.366077500176516],[95.47014309972434,34.367074600112744],[95.4847956998617,34.35627400044484],[95.49967479965233,34.352571600399074],[95.5019592997819,34.34875669966203],[95.50847860040716,34.345810300305175],[95.5233029000089,34.34556750043987],[95.52824519985614,34.34369300033177],[95.53109200019571,34.34114859972817],[95.53365279993682,34.33275570011551],[95.55093459955219,34.330684199915936],[95.55844930039495,34.3281250998935],[95.55939060009615,34.32099439967186],[95.56684220000756,34.31263349973625],[95.57107019982993,34.31124860044258],[95.57240239975101,34.30829209990054],[95.5702264999531,34.3026058997425],[95.56969410040244,34.291293899693756],[95.56135840036995,34.27180509992547],[95.56121640011685,34.2678465999407],[95.57335019975199,34.262112400267085],[95.57866940007284,34.256171100216136],[95.58308860025875,34.253814499639475],[95.58746599995601,34.24745980012972],[95.58433310009258,34.24074880001717],[95.5782168998901,34.23887310021348],[95.57215699994566,34.23905280004675],[95.56551839975441,34.23586509999444],[95.5627266999773,34.232895199553866],[95.56207130015042,34.231233899924575],[95.56835199984499,34.22163649962482],[95.57224910041572,34.21932559989659],[95.57859349999006,34.218139199864254],[95.58760850023214,34.21839100014461],[95.59518449976491,34.21989629977446],[95.60744980006825,34.229602699704856],[95.61530529989972,34.22887709969842],[95.62572549983201,34.23053049968286],[95.63125469994452,34.228010799858566],[95.63332329983047,34.221687699827555],[95.64040479994162,34.21227410026955],[95.64519529962342,34.209958399960215],[95.65013189956755,34.21206509962468],[95.65901029998543,34.213207199952365],[95.66592469976513,34.212338700370765],[95.66992130042775,34.20923790000916],[95.67753370002032,34.19974530040537],[95.68418739982872,34.19477019958509],[95.68466769985451,34.17908460037404],[95.69251990007336,34.174845000196626],[95.69223250012982,34.1709353999488],[95.69477470009241,34.16495219958438],[95.6925117998797,34.15853649995955],[95.68863480005604,34.1567168998651],[95.68665330040955,34.149753899822656],[95.69039599997546,34.143238499557185],[95.7045040003594,34.13385949961628],[95.70532350037928,34.131011200106855],[95.70112679966212,34.12634769998641],[95.70401579978937,34.12588770035711],[95.70727420004437,34.120788399565015],[95.71639860011538,34.11774209991802],[95.71936589971654,34.11420179997316],[95.71877300007395,34.11111319981438],[95.7214500003173,34.10862709956103],[95.728500700447,34.10671089968832],[95.7400796003933,34.098982400317595],[95.74503949997302,34.09812850033006],[95.75057309956895,34.09113310041232],[95.75048069962463,34.08281169960031],[95.75190700010802,34.0809857997549],[95.76400040039823,34.079372600365275],[95.77872939974208,34.072897499619955],[95.78038310010004,34.06923020011368],[95.77980210028676,34.05962759993383],[95.78415079991953,34.054946699730465],[95.78777329969807,34.05400509965568],[95.79460320007769,34.057093099966664],[95.79773650013942,34.06130159978903],[95.8056401002105,34.06338640006237],[95.81224650017589,34.062079599693845],[95.8188574003488,34.05792270027246],[95.82235939996639,34.050181899974746],[95.82851699955995,34.04285890041797],[95.8211770001185,34.028099700041196],[95.82243019999379,34.02480560029829],[95.832939799732,34.023503300137236],[95.84279420019226,34.01228060006969],[95.84506989955628,34.0076913003133],[95.8448334003412,34.000684700238764],[95.85785859989454,33.984400999706395],[95.8650756997838,33.97897820018386],[95.86869670039249,33.945664799790734],[95.8732317998078,33.94520260041975],[95.88460420012382,33.94783449966246],[95.88936530006862,33.95058709961501],[95.89242949982162,33.950120700410025],[95.8969010999059,33.945316100257855],[95.89833200042153,33.93891660012105],[95.89715300001097,33.933753200150136],[95.89345369992839,33.93137370013619],[95.89134989967818,33.92483490041036],[95.89383619958102,33.9150186995534],[95.9000661999952,33.91072349968982],[95.90459859964574,33.910037799904615],[95.9183000003448,33.912381800080084],[95.9219128998605,33.91163889981544],[95.92479050018147,33.90829350004503],[95.92533059972743,33.8922604999222],[95.92784120021128,33.88755160022623],[95.93007230039643,33.88599179988171],[95.94561530040585,33.8866723996116],[95.95828170014039,33.87979859972563],[95.95980949990854,33.87841519960182],[95.96028319980991,33.87293070029165],[95.95793819958828,33.8697287999442],[95.95830840011263,33.867028599890034],[95.9638587999437,33.86173789998412],[95.97348569980528,33.86306709976691],[95.98453980037152,33.8697113000365],[95.98754199996341,33.86905409976697],[95.99461630010222,33.859973899575834],[95.99395730028925,33.855905499739094],[95.98165740036882,33.841741500370006],[95.98257400019003,33.838235999691676],[95.98629550003733,33.83522000000306],[95.9916831999198,33.832837099652465],[95.9986928999574,33.83316580006169],[96.01141049989474,33.83120989961725],[96.02151120038167,33.8227200998528],[96.02449370032406,33.82266190022659],[96.03309649990359,33.83305550001137],[96.03830020029409,33.83498309969036],[96.04180470002694,33.83464019988537],[96.04530669964453,33.82756410020312],[96.0437593000517,33.81533979999182],[96.05098829977027,33.80278380013232],[96.05490379957075,33.80317580022307],[96.05679669980793,33.8084865001519],[96.0652975999044,33.81403570028738],[96.07584700003906,33.80889230033944],[96.07742440011606,33.80517159998942],[96.0804930002518,33.804014900067614],[96.0833902003975,33.79948019995129],[96.0872510996586,33.797313199844325],[96.08885099987378,33.797707600225635],[96.09206270013357,33.80374950023929],[96.09594839999875,33.80507660010505],[96.10049840028103,33.81037790031991],[96.10541810016525,33.81187969978839],[96.11888619963844,33.79980950020831],[96.12035910029232,33.796601999782524],[96.13103020028359,33.789719300205604],[96.13191090006802,33.787566700043214],[96.12867990035716,33.78457059965348],[96.11642310044579,33.785671699889065],[96.10937589957814,33.78484370037654],[96.10444079970318,33.78142789987771],[96.10062980022514,33.77785190044489],[96.09710159975907,33.76882140038737],[96.09790889957611,33.76670990014185],[96.10504989973316,33.763886000138825],[96.11115999983417,33.76415619964894],[96.13226809999287,33.77514319999875],[96.13840719963264,33.77188789970688],[96.13908160033566,33.76605229967396],[96.14242900019826,33.760808000289046],[96.14633889992035,33.75815209993954],[96.15388670031103,33.757897300420154],[96.16054879978736,33.76277290024922],[96.16276779959435,33.769014699768604],[96.1672364004396,33.77225920010204],[96.1716191996664,33.773360599811895],[96.17785239986841,33.7716335003858],[96.18037290008931,33.76901629966255],[96.18205690040571,33.76142199982547],[96.18429669973295,33.75938079958428],[96.18700940036359,33.7591732999079],[96.18990959974826,33.76095540007168],[96.19052539972745,33.76441050004462],[96.18767860028726,33.76952469990505],[96.18055490038842,33.77560140008461],[96.18061960031434,33.77822699957642],[96.18476919993867,33.78104540022508],[96.18997240030609,33.78220300036821],[96.21283880007064,33.7804984001811],[96.21338599976411,33.78734390020088],[96.2178527003419,33.79077929962506],[96.22087380008588,33.79048390021188],[96.2201003003886,33.783321200313196],[96.21487459988293,33.77811559965528],[96.21453499969056,33.773317599627546],[96.21621020014067,33.77150730032173],[96.22229050030643,33.77179330002082],[96.2286753999498,33.77551150025556],[96.23279569966189,33.77522610040427],[96.24155030030619,33.77807980034254],[96.24504369970703,33.777845300320394],[96.24631019965602,33.776289500160374],[96.24505050038033,33.77479360024449],[96.23238600001395,33.77209609995509],[96.23346899959472,33.7644233000953],[96.23095279993186,33.755501799668366],[96.23529869997509,33.75195779991259],[96.23431630035702,33.750258600154325],[96.22424250039114,33.74695919980729],[96.19927619983679,33.74401960022442],[96.19780549982403,33.73837550002935],[96.19958059966501,33.73480959998312],[96.20591970043387,33.733115600104895],[96.22335819972119,33.73683650010446],[96.22523000006453,33.73773519981967],[96.22754880033693,33.743079699868304],[96.23357919982027,33.74223080011137],[96.23695329965511,33.74016630023465],[96.24034810008482,33.73351640006189],[96.2311822997234,33.72744770025122],[96.23092459989044,33.72413070017171],[96.23461539958106,33.715992100055416],[96.23753879967592,33.71429920004812],[96.24133790022398,33.71348840006965],[96.25169550014726,33.716368200132365],[96.25163659994917,33.73119130003852],[96.25481099992777,33.735331900147116],[96.25705979967006,33.735164199967926],[96.25822419958718,33.73338660001161],[96.25842450019059,33.72858149983642],[96.25546660030341,33.72248269971686],[96.25647469984756,33.71958470007388],[96.26206449987683,33.715318399924286],[96.26675389957285,33.71628550027566],[96.26508759971301,33.72392530041236],[96.27215860023927,33.73048880001818],[96.27776630037454,33.730670599768416],[96.28001179960495,33.72719099956504],[96.28578979985946,33.72495070021472],[96.285662699574,33.734024599755514],[96.28893129993958,33.735786600071606],[96.30259839959655,33.73282710029048],[96.30561099984783,33.73082780036276],[96.30618850039906,33.726377800195394],[96.30783690015289,33.72514399959596],[96.31277860015234,33.72841900043659],[96.31739640032367,33.722762399665044],[96.32292720033007,33.72284129988611],[96.33334929963053,33.73058930015611],[96.3260237001337,33.73852539992731],[96.32997860013234,33.74097729986255],[96.3347468002247,33.740059000322674],[96.33508560002048,33.74723050008754],[96.33711519990663,33.7475575997035],[96.34693520039923,33.740980200176125],[96.34876070004634,33.74485309999062],[96.34503329974706,33.747805399799404],[96.3450853003464,33.750048899836884],[96.36496629985493,33.754274500268025],[96.36790579961303,33.756993399925534],[96.36728910031178,33.76169799996279],[96.37281850007378,33.76365629979847],[96.4036644998169,33.74927320039791],[96.40637370028611,33.7450137000223],[96.41120319996776,33.74593670031851],[96.41430600042162,33.75083830044724],[96.41783489966093,33.74903260027435],[96.4167784004029,33.74488010033639],[96.41108879990827,33.74204910018585],[96.40755080042914,33.72453689965823],[96.40112429994656,33.718183200194574],[96.40344949979465,33.71227460039256],[96.40241310038431,33.710582599707266],[96.38652320038545,33.70584669966553],[96.38576469958127,33.70004079974319],[96.39164639976161,33.69471009979134],[96.40609369996434,33.69467309988369],[96.4073925997887,33.69009979996582],[96.4006974996899,33.68597790035989],[96.40237070004781,33.6817378001594],[96.40775310022548,33.6827068997037],[96.41389710027102,33.68947169995903],[96.4166941995777,33.69046300016737],[96.42927280029954,33.68420259997009],[96.44073830023245,33.68813490000571],[96.45074979966358,33.683641100156706],[96.45023819963325,33.679236299915374],[96.45486080038569,33.673215200321295],[96.451275599989,33.6650426004357],[96.46056310020697,33.661349199905715],[96.47066110002982,33.65182220033432],[96.48165409975695,33.648377799595835],[96.48667560019885,33.64436660023847],[96.48417269971037,33.63828799979143],[96.48681050030439,33.63390869982669],[96.48625549989146,33.63022090027437],[96.48201179970488,33.62757739977724],[96.46632420040157,33.623272200351835],[96.46425530014204,33.621164200267685],[96.46635000015243,33.61593239966055],[96.46911790027093,33.615498500155695],[96.47542739985465,33.61834889958209],[96.48125570009057,33.61745479989912],[96.49241099956805,33.614570399804165],[96.49681860029824,33.609553299745016],[96.50833109970057,33.61464489964243],[96.52608700031487,33.61384739973778],[96.54186410014819,33.618915000327036],[96.54731759982741,33.605657700142785],[96.55990960044778,33.598291300203414],[96.56126379958476,33.59866950019733],[96.55479570006156,33.60433020007872],[96.55213979971205,33.61254070009329],[96.55317510015084,33.61677689993405],[96.55722659992773,33.620975400194595],[96.55830689974368,33.63237019992482],[96.56388889995281,33.64046570003211],[96.56442910022287,33.64676160006786],[96.56172809977204,33.65305709990531],[96.56713009977432,33.656054700364166],[96.57811390033629,33.656504400058054],[96.58945790006209,33.667295099988905],[96.58765729994451,33.6704421003227],[96.57775380009787,33.67358909975718],[96.57739369985944,33.67898349958887],[96.58207529973538,33.68632540019712],[96.5813551001578,33.69261799972094],[96.57757370006624,33.70295480012396],[96.57145160031115,33.71104360028198],[96.57091140004115,33.720329800080265],[96.56731009998117,33.723624600395055],[96.55596610025538,33.743840299690135],[96.56370879992124,33.75836269957898],[96.56226830004209,33.76150640030016],[96.56316870037529,33.76554810016472],[96.55956740031536,33.768242499591736],[96.57127150027958,33.773481400346384],[96.57379239979946,33.783808399937755],[96.58639690009693,33.78710079996199],[96.60260259973023,33.8043090997852],[96.61340640008535,33.80849849980598],[96.61898840029448,33.814782099814124],[96.62781149960108,33.81792369971902],[96.61736780038376,33.83647190035799],[96.61556720026613,33.84798780009697],[96.62655099992878,33.86338960024989],[96.62565070031962,33.86787510025573],[96.62763139956951,33.87071579959451],[96.62439029957272,33.87609779957387],[96.63429380031869,33.882525899950394],[96.62907190034798,33.890747199923396],[96.63069250025876,33.89597860033217],[96.62493049984278,33.901359000417585],[96.62078900041212,33.91645239965857],[96.61430669969451,33.91929150000277],[96.61178580017457,33.92586579956702],[96.61556720026613,33.93273829993262],[96.59990160017878,33.94976789996866],[96.59558009964195,33.980382800026234],[96.59612029991195,33.98904260043571],[96.60026180024192,33.995909999846674],[96.60188230032793,34.008299900320196],[96.5946798000328,34.016807600190646],[96.59323930015364,34.03650629992586],[96.59449970000122,34.04695069971507],[96.58981810012529,34.05112819990654],[96.57451270010108,34.05754310003408],[96.57055129980273,34.07156469985108],[96.57091140004115,34.07544259989612],[96.56658990040364,34.08275040001098],[96.55413549965363,34.08977679955973],[96.55690139967993,34.10407920009504],[96.55418049993017,34.11024770037113],[96.54656160003788,34.11414270012557],[96.54840470031672,34.11724339976314],[96.54791339978362,34.12219860038516],[96.54474290016475,34.12589479960536],[96.5456188002675,34.132178699987094],[96.55140019995935,34.135582099734165],[96.55009520003352,34.138687900326374],[96.55243710029202,34.14486819970773],[96.54855250029772,34.148576500205365],[96.54591030022021,34.15716620026001],[96.53859980034059,34.1602374003358],[96.52998180041982,34.161426199759376],[96.52568649983215,34.15883970009213],[96.51696570020698,34.15794379996646],[96.50876590032613,34.15960060028755],[96.50471060001422,34.162526799971886],[96.50501669956111,34.172059799819976],[96.50017170006396,34.17628240011271],[96.5051539999572,34.18255010010711],[96.50374339983807,34.18829049970685],[96.50700549990398,34.19965960041026],[96.5055500002324,34.20304579972395],[96.50832529997268,34.20916750018006],[96.50784519959632,34.21231699972981],[96.50363299996303,34.214836800278135],[96.49685610022891,34.21406450027649],[96.48801149993085,34.22411480005803],[96.47842229964948,34.22745869975921],[96.47686179963239,34.230595900180674],[96.47904359988229,34.238802200361306],[96.47819069994091,34.24452140024249],[96.47436040011246,34.247418899862396],[96.46868459971455,34.247350400300775],[96.46434240038155,34.25069730014036],[96.45653289997341,34.25373250035466],[96.45148840026951,34.25988060040942],[96.4436876997276,34.264323899728254],[96.43874320013862,34.269908200403165],[96.43270320039244,34.271243100089066],[96.42546220012048,34.27770060020259],[96.41819859988556,34.28076479995559],[96.41730550024869,34.28595699981577],[96.42084420029965,34.290010499684854],[96.42017720011773,34.29272930041691],[96.41710569966835,34.2941128003655],[96.41487570025345,34.292383899597326],[96.4106098003021,34.292965400333],[96.39585870011899,34.29939390000851],[96.39034070016322,34.297563400130855],[96.38846789977379,34.29434060043843],[96.37924110019668,34.291729300167106],[96.37822069972555,34.29342430009143],[96.3811267995622,34.296648199654726],[96.37580889966102,34.29992159970209],[96.3758039003298,34.304151200317676],[96.37432450027552,34.30532120031319],[96.37148759967306,34.305434899800844],[96.36597939962962,34.30950700034782],[96.36004319963399,34.31104960025891],[96.35797189998328,34.314882400202634],[96.354329300357,34.31418879987325],[96.34968020018113,34.31891859981357],[96.34396899976957,34.315730200088694],[96.33583949989304,34.31811859979359],[96.33133299981813,34.32585949991602],[96.3212551996678,34.33181309999463],[96.32161560027981,34.333968200272295],[96.31844030007983,34.33720170009843],[96.32044849969856,34.34015070029466],[96.31939189971644,34.3420881997107],[96.3138029999086,34.34343130031431],[96.30971739963832,34.34254090044226],[96.3004807003241,34.34346709962699],[96.29584090003755,34.34441629987242],[96.2940621003857,34.34646549958319],[96.29106569962238,34.344972800354526],[96.29029229974986,34.34082209996001],[96.28595270035692,34.33975529986725],[96.28498619985328,34.344511000282466],[96.27645980037954,34.35202499965408],[96.27495170026083,34.35558629966806],[96.2769176002671,34.35774380023622],[96.27070769970067,34.36160819965875],[96.26578849983946,34.361515299691405],[96.26043080044116,34.36389179956694],[96.25620879999616,34.36143219963634],[96.24813079979663,34.36688120000741],[96.24045459960013,34.36661790009606],[96.23784669966551,34.36852859971515],[96.23783849964713,34.37201170007995],[96.2323767999494,34.37755919959744],[96.22867430007892,34.37575000016244],[96.22565490005366,34.37657870024685],[96.22081680015526,34.38096859962121],[96.2186138001868,34.38032499979897],[96.2149186999381,34.38223499974549],[96.20836960027691,34.38291580002419],[96.19258350002855,34.38940550036358],[96.16799099998474,34.3968070997679],[96.16799099998474,34.413015000042265],[96.15013240039002,34.442770400033965],[96.162990600336,34.459263799984456],[96.19156420032766,34.459558300075514],[96.20692250027321,34.46839270026294],[96.225138199968,34.49783400033891],[96.23371030029017,34.50342669978244],[96.24478249971264,34.51519949985709],[96.23585330018972,34.52491080019331],[96.23585330018972,34.536092199795235],[96.21906630036955,34.539328599935004],[96.21728039967076,34.54580109984096],[96.21906630036955,34.557862000431044],[96.2176375995956,34.57168589958462],[96.18370640003042,34.572862300055135],[96.16870530000966,34.56668599995896],[96.16084749971242,34.55903859965173],[96.14656069971659,34.56639190006621],[96.14298899994247,34.586683600168044],[96.15227550011429,34.59609259969375],[96.16156189956206,34.61373150030852],[96.16227619958698,34.636950400140904],[96.15298980013921,34.66427569976378],[96.1576329998631,34.67808190025954],[96.14727509956623,34.703925500261676],[96.15263260021436,34.712440300279695],[96.14906090044025,34.72682549959717],[96.1601331996875,34.74003420041805],[96.19227850035259,34.76937930001475],[96.19799320002625,34.7822878997668],[96.20763680029813,34.78287460038257],[96.25228310008504,34.743849700103624],[96.27692790020251,34.73944720032807],[96.29228620014806,34.75206699989218],[96.31550219966687,34.74062119960871],[96.33407510018577,34.737686200058135],[96.34586170035726,34.72653199955221],[96.3701492996505,34.71655060042991],[96.37336380039915,34.68777419971957],[96.38300739977171,34.66662589986544],[96.39586549989298,34.660162799673515],[96.40836649991411,34.66045660009206],[96.43408270015652,34.649879699588496],[96.4412260997048,34.6425336998704],[96.45587009962543,34.64194600010785],[96.46479939987245,34.626076600155045],[96.4569415995752,34.616671000066674],[96.4569415995752,34.6107919996511],[96.48265789964239,34.60491250011182],[96.49730179973835,34.590800200069225],[96.5430196003743,34.583448999571715],[96.5608781001443,34.55962690016139],[96.58230829968835,34.55962690016139],[96.5873087002364,34.548154599555176],[96.59659509968418,34.54580109984096],[96.63071899968213,34.55144369996685],[96.65802840019057,34.541093899863654],[96.66195729988954,34.54874290006484],[96.68195879955903,34.55256719961665],[96.69231679968061,34.54521270040584],[96.70803219972629,34.54550690012337],[96.73231979991891,34.52903050005756],[96.7555359001617,34.52667639959623],[96.76196489986029,34.522851000173546],[96.77053700018246,34.50136629991488],[96.8119688001201,34.51166789995369],[96.83125589993989,34.50342669978244],[96.85090030040857,34.50607569963387],[96.88911749977285,34.50077760010623],[96.94069439972685,34.51807360001669],[96.95285530043185,34.52049579984134],[96.96198019962657,34.516081199687676],[96.9717540999718,34.51915770036766],[96.97090949987358,34.53285560000597],[96.9909110004424,34.56139170006696],[96.99948309986524,34.604030599732425],[96.99805439999062,34.618728600344696],[97.00805520018741,34.64194600010785],[97.00555500036302,34.663982000069325],[96.99019670041747,34.677788099840996],[96.9898394995933,34.69012360032394],[96.9979969998617,34.714269999760745]]]}},{"type":"Feature","properties":{"shapeName":"Xinghai County","shapeISO":"","shapeID":"62558664B19000986968311","shapeGroup":"CHN","shapeType":"ADM3"},"geometry":{"type":"Polygon","coordinates":[[[99.234618999867,35.620087000015076],[99.2615509998788,35.6180729997692],[99.28819300000703,35.574328999683644],[99.28478999955888,35.55216199997636],[99.2496339998093,35.54906500014971],[99.24278300043517,35.54111899974208],[99.29099299962729,35.49488099975838],[99.25338700020995,35.434131999692056],[99.26670800027404,35.38387699972378],[99.2232279997724,35.360709999766755],[99.1778369003527,35.296227199825466],[99.18401340009842,35.26830639972064],[99.19976870036527,35.252684899688404],[99.21861300008993,35.246071000276515],[99.22677780015539,35.237749700188544],[99.22729500026412,35.225845000146705],[99.26710499969602,35.21150199971754],[99.30664099998222,35.15960699966337],[99.32946889976995,35.135657499594004],[99.3415825995574,35.134746900049436],[99.3444991000535,35.12442499961412],[99.3413160998582,35.11946200007128],[99.34410120041014,35.11563790016902],[99.34857739962735,35.11539379988403],[99.34817949998398,35.111243999710894],[99.34410120041014,35.10969800036247],[99.34370339969217,35.10432719964058],[99.34698589997936,35.10147899995593],[99.35832550022172,35.09863059972247],[99.36886940010277,35.09977000028533],[99.37412620006415,35.09383449996227],[99.39121199963415,35.0596079999093],[99.48185699970082,34.9679489998465],[99.5193019997875,34.955379000240725],[99.55258899968265,34.960941000426885],[99.59183500008527,34.94077699955892],[99.62519820043667,34.935514100395494],[99.64983400013904,34.9405059996522],[99.65947830008355,34.92067199961315],[99.67076899968964,34.91161700022445],[99.7065579998519,34.90291199988894],[99.72380180041284,34.88908399982677],[99.7253425000564,34.87770939976906],[99.73321919960642,34.873058099851505],[99.73497170038371,34.864753099975644],[99.74960819995852,34.86412099978435],[99.76540019975948,34.85685180037035],[99.77734439982424,34.86019319995626],[99.79390280007425,34.852742899565214],[99.81931709970445,34.83000210001694],[99.82625709958552,34.82903349959639],[99.83280499955117,34.833775899937905],[99.83896770009932,34.83472439961139],[99.84898209984408,34.830298200002005],[99.87478600017386,34.84379200030065],[99.88788430022032,34.834408199778636],[99.89712840005569,34.83630510020026],[99.92622440003612,34.81953910044916],[99.93564540011516,34.821445100211236],[99.94835599972964,34.81923159975855],[99.97878450000474,34.805317299853584],[99.9945764998057,34.8087960996603],[100.02230870038625,34.80563349968634],[100.02577520016541,34.81701810020519],[100.04014999972276,34.815395000179194],[100.0723807998341,34.82998200016925],[100.08681000028133,34.845790999854785],[100.10452000039777,34.88740499974102],[100.1513407997382,34.8887681003676],[100.18395969958056,34.8944745001981],[100.25148500043247,34.89192749965446],[100.29715360005866,34.910607500435844],[100.29218110007776,34.915679100310285],[100.289563199682,34.928653700408006],[100.28262240030358,34.938422800172134],[100.28387820011892,34.946342599731224],[100.29382849978549,34.950479900227265],[100.2964061995865,34.958273600446375],[100.29160799990933,34.96931189992432],[100.29327710025802,34.980476099992075],[100.2972450997816,34.98965759981843],[100.29333770017479,35.003044000380385],[100.29208009991675,35.00466289967312],[100.28694439996417,35.00550420015878],[100.27953020015866,35.01127610031182],[100.26864939985,35.0117084997475],[100.25925199978002,35.01434840025854],[100.25855090000408,35.01950549957917],[100.25569260003351,35.02195819991107],[100.25064179967939,35.02297799963503],[100.24998079977416,35.02456190001175],[100.25323540039346,35.028596499728735],[100.25074499958214,35.032987300223795],[100.24154980038304,35.03739959991168],[100.23919469987555,35.04057630035601],[100.24151450019411,35.043062000411055],[100.24820669997928,35.043001100120705],[100.2510085000423,35.04430209986208],[100.25392429996651,35.04935929979189],[100.24965079984457,35.05529890012417],[100.2457739996704,35.056100400213325],[100.24499620031446,35.06044110037652],[100.24165970023506,35.06273910022935],[100.2473353000841,35.07452170021634],[100.25094930037,35.07711940004032],[100.24894209989804,35.08117699991868],[100.24943879996073,35.08708299978065],[100.2466025999301,35.08938420032064],[100.24658059981488,35.10285620015355],[100.243999200203,35.10706059996676],[100.24778239983794,35.11179059955657],[100.25151540021562,35.11279109982945],[100.25212910027784,35.11922159959721],[100.26003440006758,35.12177339982259],[100.26009909999351,35.12471350032786],[100.25792029988202,35.128104100024245],[100.24509900001891,35.13539550010228],[100.24892259989815,35.14294560005942],[100.24503740005605,35.15537160021921],[100.24622690005145,35.166928199676704],[100.24210810040859,35.177794600040784],[100.24516889982493,35.183065799946746],[100.24472730032471,35.18833320021707],[100.24724810001987,35.19276299981266],[100.24683509986005,35.195347199913385],[100.23497530026992,35.198966800277674],[100.23475210022929,35.2027396999772],[100.22695570024541,35.211507400146445],[100.22688769980755,35.213597699774084],[100.23492989979508,35.22247860030723],[100.23356489980034,35.2266507000698],[100.21823110008523,35.22902590042503],[100.22005309957098,35.23287110022113],[100.22788069973456,35.23700610025139],[100.2290429997347,35.24032689996653],[100.22308560002051,35.24492089957988],[100.23151720015869,35.2607341998235],[100.23285209984459,35.26937920009004],[100.23578329975953,35.27167350013195],[100.23524799989536,35.28284509982154],[100.23743280028356,35.285744499708926],[100.26068600025877,35.29691210011339],[100.26510859988201,35.29767300030875],[100.27047419982455,35.30256209986106],[100.27494079967823,35.31198550023072],[100.26792010003265,35.32332289983202],[100.26140469976713,35.324025499677134],[100.26262070008528,35.329626099664836],[100.26150700034782,35.33023180025742],[100.25596519983418,35.32828020037101],[100.23713620027547,35.33176730002094],[100.2339177002417,35.3331492999003],[100.23308609984372,35.33943180003757],[100.23061159994546,35.340873600336465],[100.22295999980423,35.33889159976758],[100.22109700022645,35.33571380035164],[100.21040270042437,35.33854009974584],[100.20492809995193,35.34893850011173],[100.20337909956584,35.36230310020795],[100.20922140044735,35.38167520035029],[100.20565379978308,35.395282399763005],[100.20715019972198,35.402008200018486],[100.20538250040215,35.40316099958051],[100.19833049985277,35.40201139980633],[100.19612439992119,35.397434599727035],[100.19770139979983,35.389544899577515],[100.19517519967576,35.387760099648915],[100.18823429957331,35.388039500122886],[100.18621820030978,35.389820000392774],[100.18534809993491,35.3945906997011],[100.18960949967874,35.39970579978291],[100.1893058004224,35.40352519982815],[100.18621970037896,35.40726979966155],[100.18637020012471,35.41288149998127],[100.18758570041979,35.419076999703805],[100.19044250032118,35.420808700061514],[100.19185919964241,35.424411000167595],[100.17728360035795,35.42627459959317],[100.17605129982769,35.43336710021157],[100.1703855997157,35.43490589958765],[100.16786249955476,35.438533600145604],[100.17657920007008,35.443318899947315],[100.17675999977422,35.44691469975362],[100.16285060027502,35.45209179999665],[100.15968769992747,35.45529309959693],[100.15968769992747,35.460753099575925],[100.15457159979957,35.46553829955292],[100.14098729982408,35.46624040027433],[100.1364262001091,35.46844119960173],[100.1335973997003,35.48044169992454],[100.13396889974501,35.48394009955598],[100.14124670027508,35.49206369987991],[100.14252059984585,35.49718080005391],[100.14546359976538,35.499809600232936],[100.16174260044073,35.4973975996196],[100.16817909958581,35.50016349964585],[100.16887429980915,35.50547499997134],[100.15338790043131,35.51352909978817],[100.14876900038911,35.520254400020576],[100.14857139955052,35.5265978004482],[100.1511569998957,35.531067400440236],[100.14887080004746,35.5371542000064],[100.15202570002612,35.54138670003624],[100.16629569978676,35.549525800175616],[100.16228260016192,35.55912230025399],[100.1647190002817,35.564741199646676],[100.1782572999345,35.565006600374375],[100.18032760043849,35.5666905997914],[100.18756359958053,35.567538700051045],[100.19170850024716,35.57721570024444],[100.19428090034336,35.58920860039666],[100.19805549976155,35.59227800002975],[100.19737859984258,35.60037910021538],[100.20182180023596,35.60230450015263],[100.20252929958758,35.60446139997367],[100.19995540032153,35.61325249960322],[100.20130269985975,35.616675300424845],[100.20482790018752,35.6173575998734],[100.20880580034748,35.61609229961999],[100.21145330012973,35.620226599977684],[100.20954440005409,35.62516300027232],[100.20407350029188,35.629033999819285],[100.20440729985705,35.630933400356184],[100.20918210007392,35.6377269996014],[100.2156540999568,35.63605620043336],[100.22102970036042,35.63790270014954],[100.22242970017061,35.64017819986407],[100.21780420000391,35.645076200006656],[100.22223360030046,35.65227489976684],[100.23476550012776,35.65757710020307],[100.23598890006775,35.659423000071456],[100.23478119959276,35.66414719993338],[100.23684520034578,35.66596379988948],[100.23632070044005,35.669230699637126],[100.23455439956592,35.67009169977217],[100.22239790014305,35.67175300030078],[100.22189159981752,35.67528649957234],[100.23278930018614,35.67712420032166],[100.23540130012998,35.67948940021569],[100.2431957000216,35.67670119970063],[100.24734429959983,35.67751640006185],[100.25203389984466,35.6793699999256],[100.25664249995145,35.68492899997341],[100.2643450997466,35.68609740007503],[100.26717940040908,35.690688400449346],[100.27122330001532,35.692560400442176],[100.27130480017644,35.69513229961598],[100.26880100036595,35.698192799558115],[100.26944350031732,35.70483520028432],[100.2653384000472,35.711406600434316],[100.26918350001858,35.71393650036924],[100.27005969959549,35.722089000407095],[100.27287460008279,35.72437430003396],[100.27887159964467,35.73695869958436],[100.28656469990102,35.745909999946605],[100.29682119983858,35.75048899976758],[100.29418009963194,35.763283900032036],[100.28107330009277,35.78046020017814],[100.27714019966055,35.801516899585295],[100.26324300036424,35.82554439965435],[100.24672379976363,35.846376499675785],[100.22024060012365,35.873152600412254],[100.21552079974515,35.89206040036726],[100.21604519982617,35.91627289997439],[100.19821499992236,35.94429909972371],[100.19034870013246,35.96828330013426],[100.1971660999356,35.994169599947156],[100.20555679980652,36.0164420001982],[100.1971660999356,36.03425539986688],[100.16648759982291,36.04718880022301],[100.1140455997247,36.090214099900834],[100.09280659964492,36.095299300222564],[100.04036460044603,36.097841699834646],[100.00050869961683,36.108222600292834],[99.97979409961806,36.10864629968705],[99.96537250024073,36.11648400013655],[99.94177359997173,36.14528600004894],[99.9045398002716,36.17132579974589],[99.8636351001798,36.20772470033472],[99.843444900262,36.22062949955182],[99.82404140029047,36.220417999690994],[99.80673549974358,36.21089820009189],[99.79021630004229,36.186564599576684],[99.77631919967138,36.17661739987318],[99.75062260015295,36.16179999987014],[99.71233989956676,36.12474449975889],[99.6672398000768,36.090637900019146],[99.64888510026725,36.06987009972539],[99.64547639991599,36.00159440006155],[99.57730180023793,36.00265510005289],[99.55973380037466,36.025561300213894],[99.53115289968662,36.04994479961289],[99.52853080035624,36.062451700085944],[99.51909119959925,36.06902229983933],[99.49811439955994,36.06690280012418],[99.49523010018902,36.05376070039608],[99.47844870044725,36.03934420017475],[99.44016599986105,36.03892009968291],[99.42233570013252,36.05015680039605],[99.40083450001225,36.092968600120855],[99.37461350041275,36.13003919984925],[99.35678329960967,36.142109799627576],[99.33449540044245,36.14232159986199],[99.29516389969427,36.139780499770325],[99.27392489961449,36.13575710021007],[99.24901500004228,36.1380864998921],[99.23537999988713,36.15269659986825],[99.21886080018584,36.15269659986825],[99.17244969959404,36.13639240018915],[99.14386879980532,36.13406289978303],[99.12839840026601,36.1281331002624],[99.11817220028689,36.11394209964823],[99.09929310039632,36.11478940041053],[99.06389470008043,36.129191999810985],[99.04396680002787,36.12347370015118],[99.02063009979935,36.1029264001333],[98.9876208995849,36.084478599807596],[99.01316660005858,36.05879590021067],[99.05777699980877,36.033122999626755],[99.08888199980453,36.00087700007356],[99.06916799990336,35.97147400032492],[99.11557799972496,35.91160600041661],[99.09940300024834,35.880389999798695],[99.12245899958322,35.80606100031497],[99.16255999984418,35.79130199958769],[99.21495100028847,35.72835899996795],[99.26661699967485,35.71941000007149],[99.27912900020328,35.70853400034389],[99.27379599978565,35.68912900030318],[99.24338500031757,35.66722099994922],[99.234618999867,35.620087000015076]]]}},{"type":"Feature","properties":{"shapeName":"Tongde County","shapeISO":"","shapeID":"62558664B55845677435052","shapeGroup":"CHN","shapeType":"ADM3"},"geometry":{"type":"Polygon","coordinates":[[[100.29715360005866,34.910607500435844],[100.29849840038094,34.9078002001192],[100.29653019990889,34.89920099962649],[100.29889499960461,34.8961798998825],[100.30208910013192,34.893886300412476],[100.30877960019848,34.89315339970966],[100.31235930034148,34.89484560004445],[100.31800050022298,34.892929499996455],[100.31192780022786,34.87994550018476],[100.31354370028163,34.875750799559796],[100.32141700039432,34.8705830001054],[100.32192649960831,34.86473739961133],[100.31565559982613,34.854925400386946],[100.31539959971184,34.851849999577894],[100.32000600007689,34.841748600317715],[100.32281590033358,34.83987470005741],[100.33222870039424,34.83973989977659],[100.33337549967962,34.83274070022321],[100.34388699968537,34.828483000290305],[100.35232009989278,34.82128929986135],[100.35957869989716,34.818735399718946],[100.37366970039642,34.82056479972579],[100.38743389985467,34.81732300005643],[100.3954600001789,34.8184535998538],[100.40642620010908,34.81267990015732],[100.4244569002658,34.81239350025987],[100.42977459961816,34.809858299720815],[100.45947940015424,34.80943470015137],[100.48175970005019,34.80366489991525],[100.48655979999484,34.80000500003075],[100.49529100027951,34.79677889982639],[100.50425149980691,34.78731379969213],[100.51215059967052,34.78576070019619],[100.51517859991253,34.783826500392706],[100.51773900035465,34.774397400119994],[100.5247812999171,34.768471400235],[100.5263251004231,34.763257999756945],[100.53356680036762,34.75885099977387],[100.5368034999816,34.752950299616714],[100.53978649994707,34.750787799717216],[100.54718700037984,34.74979799957805],[100.55810319980287,34.74433460016172],[100.56328060041943,34.73201940007533],[100.5808596997154,34.732160799581266],[100.59106820013739,34.72937550027916],[100.59789239971451,34.715197199890895],[100.59802839969097,34.705838500346545],[100.6197824001377,34.71913869999105],[100.62979679988246,34.72942730032969],[100.6405816002607,34.733542400161696],[100.64318149982643,34.73029780000354],[100.6413519001701,34.72515370038303],[100.64318149982643,34.71399389979871],[100.64876640034913,34.70900709969794],[100.6518477996363,34.70876960043677],[100.65878089991867,34.71336069973654],[100.66763980033659,34.70512830033084],[100.6686990002587,34.701407599980826],[100.6734172996687,34.699745099756626],[100.67842459981551,34.70267419975454],[100.68217999960734,34.701011800254435],[100.68054299965979,34.69182809978702],[100.68400950033822,34.69159059962652],[100.69315729986954,34.67733790012403],[100.69383140019903,34.67353680038309],[100.69785319986534,34.67288749975836],[100.69921850023366,34.670220699625645],[100.70192659993268,34.669775199765695],[100.7100089996157,34.67331100040241],[100.71668209959927,34.674151499592085],[100.71949220040477,34.67360780005998],[100.72307959964388,34.66839570000161],[100.73234590014323,34.66681670003072],[100.73995429955136,34.67094049990419],[100.74507260032033,34.67811699989966],[100.75147249975612,34.67839330041056],[100.76186010016357,34.67320459981249],[100.76324749957251,34.66978150041598],[100.76987329971308,34.66920509973562],[100.77478080029374,34.670790699831],[100.77769939980749,34.673755699865694],[100.78367769976609,34.674025000053746],[100.78581699985472,34.67534439992414],[100.78752510020325,34.68141950020981],[100.79166310037186,34.68538940000087],[100.79488709975993,34.69212219967983],[100.7980720002227,34.693776099687284],[100.81303799970397,34.69435599962975],[100.81668790002664,34.69649960027641],[100.82217970003319,34.70438180008006],[100.83068489978837,34.70486560026728],[100.83671349972826,34.703655000378035],[100.83970419968915,34.705969099894105],[100.84244990004294,34.711470799637766],[100.8484025000754,34.715804600202205],[100.85800229976638,34.717636399600224],[100.86430010006961,34.72085410013665],[100.870877100298,34.717382899601205],[100.88525599986457,34.70332129973826],[100.87975730025926,34.691586399792584],[100.88304820021432,34.68959239956962],[100.88696910044371,34.68048810024567],[100.884556199609,34.67073670003873],[100.88846999969081,34.665023999558],[100.96516999969577,34.66394400011558],[101.01191999990812,34.641078999696106],[101.04631999986816,34.662933000257794],[101.06522000000308,34.71836899992945],[101.09563999988615,34.721066000195776],[101.09888999957388,34.74206199986145],[101.07868000018192,34.784470000390286],[101.09026999956092,34.82083500013522],[101.06370000005501,34.841408000079184],[101.06470000030481,34.86978500017767],[101.0512499996878,34.89163599970169],[101.02538999964884,34.91790799985438],[100.99480000002006,34.92046399991369],[100.9536699999706,34.94112400027245],[100.89894520036074,34.973366399839506],[100.83904169971476,34.99114159990495],[100.80306000001906,35.010941000326966],[100.70149109963461,35.02975960012549],[100.68079000025836,35.11112200038008],[100.71431000010648,35.15529599961076],[100.78458000036676,35.184237999684],[100.82379000000856,35.211543999855735],[100.88833000042922,35.225444999687056],[100.92573000023935,35.247264999580125],[100.93700000014996,35.26578099999318],[100.91305999961935,35.30365400003211],[100.79723999962636,35.35203599996146],[100.69887999991215,35.379559000247696],[100.68621999975323,35.40546799984838],[100.69165999970926,35.420169999745724],[100.66432159966217,35.41817210006241],[100.6375594995713,35.41152260008795],[100.60720729957728,35.407798600125375],[100.59023620044036,35.40886259972922],[100.57489689957231,35.402744299609765],[100.53997560039369,35.4059364998696],[100.51517170031377,35.40513849994187],[100.4609947002453,35.41604429960478],[100.43619080016538,35.41311850011874],[100.39931120025176,35.4274806003495],[100.34382880005916,35.444233100377346],[100.34970340009193,35.46869080014039],[100.33240590011224,35.47905650025734],[100.29226270006359,35.48171420015029],[100.28638810003088,35.49792399979282],[100.29128360005814,35.51041119971717],[100.26941699999463,35.53192729980509],[100.25538319997474,35.54998579980486],[100.25375139990723,35.57016390024387],[100.24657129992562,35.58317080039217],[100.24689769986901,35.61289290028719],[100.23043729964172,35.633195000149215],[100.22102970036042,35.63790270014954],[100.2156540999568,35.63605620043336],[100.20918210007392,35.6377269996014],[100.20440729985705,35.630933400356184],[100.20407350029188,35.629033999819285],[100.20954440005409,35.62516300027232],[100.21145330012973,35.620226599977684],[100.20880580034748,35.61609229961999],[100.20482790018752,35.6173575998734],[100.20130269985975,35.616675300424845],[100.19995540032153,35.61325249960322],[100.20252929958758,35.60446139997367],[100.20182180023596,35.60230450015263],[100.19737859984258,35.60037910021538],[100.19805549976155,35.59227800002975],[100.19428090034336,35.58920860039666],[100.19170850024716,35.57721570024444],[100.18756359958053,35.567538700051045],[100.18032760043849,35.5666905997914],[100.1782572999345,35.565006600374375],[100.1647190002817,35.564741199646676],[100.16228260016192,35.55912230025399],[100.16629569978676,35.549525800175616],[100.15202570002612,35.54138670003624],[100.14887080004746,35.5371542000064],[100.1511569998957,35.531067400440236],[100.14857139955052,35.5265978004482],[100.14876900038911,35.520254400020576],[100.15338790043131,35.51352909978817],[100.16887429980915,35.50547499997134],[100.16817909958581,35.50016349964585],[100.16174260044073,35.4973975996196],[100.14546359976538,35.499809600232936],[100.14252059984585,35.49718080005391],[100.14124670027508,35.49206369987991],[100.13396889974501,35.48394009955598],[100.1335973997003,35.48044169992454],[100.1364262001091,35.46844119960173],[100.14098729982408,35.46624040027433],[100.15457159979957,35.46553829955292],[100.15968769992747,35.460753099575925],[100.15968769992747,35.45529309959693],[100.16285060027502,35.45209179999665],[100.17675999977422,35.44691469975362],[100.17657920007008,35.443318899947315],[100.16786249955476,35.438533600145604],[100.1703855997157,35.43490589958765],[100.17605129982769,35.43336710021157],[100.17728360035795,35.42627459959317],[100.19185919964241,35.424411000167595],[100.19044250032118,35.420808700061514],[100.18758570041979,35.419076999703805],[100.18637020012471,35.41288149998127],[100.18621970037896,35.40726979966155],[100.1893058004224,35.40352519982815],[100.18960949967874,35.39970579978291],[100.18534809993491,35.3945906997011],[100.18621820030978,35.389820000392774],[100.18823429957331,35.388039500122886],[100.19517519967576,35.387760099648915],[100.19770139979983,35.389544899577515],[100.19612439992119,35.397434599727035],[100.19833049985277,35.40201139980633],[100.20538250040215,35.40316099958051],[100.20715019972198,35.402008200018486],[100.20565379978308,35.395282399763005],[100.20922140044735,35.38167520035029],[100.20337909956584,35.36230310020795],[100.20492809995193,35.34893850011173],[100.21040270042437,35.33854009974584],[100.22109700022645,35.33571380035164],[100.22295999980423,35.33889159976758],[100.23061159994546,35.340873600336465],[100.23308609984372,35.33943180003757],[100.2339177002417,35.3331492999003],[100.23713620027547,35.33176730002094],[100.25596519983418,35.32828020037101],[100.26150700034782,35.33023180025742],[100.26262070008528,35.329626099664836],[100.26140469976713,35.324025499677134],[100.26792010003265,35.32332289983202],[100.27494079967823,35.31198550023072],[100.27047419982455,35.30256209986106],[100.26510859988201,35.29767300030875],[100.26068600025877,35.29691210011339],[100.23743280028356,35.285744499708926],[100.23524799989536,35.28284509982154],[100.23578329975953,35.27167350013195],[100.23285209984459,35.26937920009004],[100.23151720015869,35.2607341998235],[100.22308560002051,35.24492089957988],[100.2290429997347,35.24032689996653],[100.22788069973456,35.23700610025139],[100.22005309957098,35.23287110022113],[100.21823110008523,35.22902590042503],[100.23356489980034,35.2266507000698],[100.23492989979508,35.22247860030723],[100.22688769980755,35.213597699774084],[100.22695570024541,35.211507400146445],[100.23475210022929,35.2027396999772],[100.23497530026992,35.198966800277674],[100.24683509986005,35.195347199913385],[100.24724810001987,35.19276299981266],[100.24472730032471,35.18833320021707],[100.24516889982493,35.183065799946746],[100.24210810040859,35.177794600040784],[100.24622690005145,35.166928199676704],[100.24503740005605,35.15537160021921],[100.24892259989815,35.14294560005942],[100.24509900001891,35.13539550010228],[100.25792029988202,35.128104100024245],[100.26009909999351,35.12471350032786],[100.26003440006758,35.12177339982259],[100.25212910027784,35.11922159959721],[100.25151540021562,35.11279109982945],[100.24778239983794,35.11179059955657],[100.243999200203,35.10706059996676],[100.24658059981488,35.10285620015355],[100.2466025999301,35.08938420032064],[100.24943879996073,35.08708299978065],[100.24894209989804,35.08117699991868],[100.25094930037,35.07711940004032],[100.2473353000841,35.07452170021634],[100.24165970023506,35.06273910022935],[100.24499620031446,35.06044110037652],[100.2457739996704,35.056100400213325],[100.24965079984457,35.05529890012417],[100.25392429996651,35.04935929979189],[100.2510085000423,35.04430209986208],[100.24820669997928,35.043001100120705],[100.24151450019411,35.043062000411055],[100.23919469987555,35.04057630035601],[100.24154980038304,35.03739959991168],[100.25074499958214,35.032987300223795],[100.25323540039346,35.028596499728735],[100.24998079977416,35.02456190001175],[100.25064179967939,35.02297799963503],[100.25569260003351,35.02195819991107],[100.25855090000408,35.01950549957917],[100.25925199978002,35.01434840025854],[100.26864939985,35.0117084997475],[100.27953020015866,35.01127610031182],[100.28694439996417,35.00550420015878],[100.29208009991675,35.00466289967312],[100.29333770017479,35.003044000380385],[100.2972450997816,34.98965759981843],[100.29327710025802,34.980476099992075],[100.29160799990933,34.96931189992432],[100.2964061995865,34.958273600446375],[100.29382849978549,34.950479900227265],[100.28387820011892,34.946342599731224],[100.28262240030358,34.938422800172134],[100.289563199682,34.928653700408006],[100.29218110007776,34.915679100310285],[100.29715360005866,34.910607500435844]]]}},{"type":"Feature","properties":{"shapeName":"Maqên County","shapeISO":"","shapeID":"62558664B25366049256291","shapeGroup":"CHN","shapeType":"ADM3"},"geometry":{"type":"Polygon","coordinates":[[[99.5195214001925,33.78906250013432],[99.53284230043187,33.813035700037574],[99.54624650037573,33.83159519975874],[99.53822690035122,33.83930339963223],[99.55220390008998,33.87146089960089],[99.5595360997113,33.86556309975731],[99.56366039960784,33.867941300250834],[99.56973239993039,33.87440960032285],[99.57190910012491,33.879640999832304],[99.57156539992332,33.883635700227444],[99.58107439956393,33.892670599768394],[99.58551819980516,33.894091099624575],[99.59098150029604,33.90502649957335],[99.58390570008805,33.90835390031231],[99.58126619977537,33.90847109996133],[99.57934749978733,33.90678120009238],[99.57650039997355,33.91120290039356],[99.5753083000381,33.90966760027959],[99.57239860021531,33.91162569956646],[99.57108259978219,33.91056279983337],[99.5606063001407,33.91664710018358],[99.55621379992698,33.91670939981901],[99.55362549981703,33.91906009994369],[99.54444059965402,33.91846370013968],[99.54376800029303,33.9202367000637],[99.53901139965643,33.922159800434486],[99.53421350035279,33.921683899892116],[99.53368910027183,33.92370329966758],[99.5268709998968,33.92411450028402],[99.51306340005596,33.929941099901896],[99.51013620032546,33.93189419985748],[99.50993060001724,33.9342531000006],[99.5009484996736,33.939195600396715],[99.49875490031843,33.94476350013548],[99.48684970025352,33.95714030018473],[99.47948399998666,33.96019500039898],[99.48088089983372,33.96230160023873],[99.47999200003085,33.96388160025572],[99.4750390998746,33.96577749973187],[99.47808700031487,33.96935850029462],[99.4758010999409,33.970201100300585],[99.47745209963477,33.972202099947026],[99.47757910009545,33.97694129960132],[99.4750390998746,33.97778379978257],[99.47821399987623,33.979258199606306],[99.47681710002922,33.9828386003212],[99.47859500035906,33.98684009959095],[99.477404699967,33.99226750004516],[99.4810079002944,33.99526370025961],[99.47879620028448,33.99925340042415],[99.46673560006792,33.999592600418225],[99.46711890011721,34.00299330040053],[99.4615775996266,34.0048445997985],[99.46086810018272,34.006961499573606],[99.46535570010553,34.01097550031915],[99.4617616000179,34.01986490034494],[99.46827810015424,34.02399519961881],[99.46636150008322,34.03818460033909],[99.46993920013404,34.04601960012451],[99.47390020023414,34.04750179976827],[99.45907830002358,34.0718485996332],[99.46521150011068,34.092273400297245],[99.49421650039125,34.1239061998113],[99.47236089993567,34.1522047997118],[99.48895730013936,34.15466489966542],[99.48915299981115,34.17428529992668],[99.49405400009209,34.1834040999193],[99.51261869969329,34.18455729967968],[99.5190360999361,34.17850349983672],[99.54815989975964,34.163827500238995],[99.5517886003637,34.17685949956632],[99.56622449986082,34.17375279965205],[99.58420060037747,34.14821539992084],[99.61679480033985,34.14204929993531],[99.64043590039654,34.121563300406024],[99.67239860001541,34.11173340017632],[99.71338180013004,34.11567960013349],[99.72497810015926,34.12386230030495],[99.72216700020698,34.16743059984236],[99.72421140023602,34.19153159970364],[99.7331557002754,34.20759510033366],[99.73111130024637,34.22640230032596],[99.68511229959302,34.22661359963797],[99.66875710026005,34.23083939971855],[99.66773490024553,34.26104750044186],[99.6575129001003,34.28364359997221],[99.65879060020609,34.31699879995472],[99.65393520004949,34.337680699704606],[99.62352469970517,34.340845899618614],[99.61969149956309,34.36468630023262],[99.64984639999142,34.396111400420864],[99.67207920039482,34.40264810022967],[99.68996769974962,34.396322300433894],[99.71526720002134,34.38240389962033],[99.78631010013106,34.38746540010817],[99.82643139988926,34.40349149973298],[99.8519864002522,34.38704360008211],[99.90999630008923,34.37628749976835],[99.91255180012553,34.36320959994316],[99.9335069004232,34.35856859996096],[99.94653989979662,34.349285699775294],[99.96008409990134,34.3328272996402],[99.97797250033068,34.328817700176785],[99.9884501003919,34.31277730043212],[100.01732719999035,34.309611099572635],[100.06204849963859,34.28554389983117],[100.08651330044853,34.27884309982926],[100.1036066003644,34.302067800288796],[100.14305779997756,34.31615450023003],[100.18547909968078,34.34337790036983],[100.20975639993799,34.356248000145115],[100.23020040022834,34.34844180024891],[100.23735580032996,34.33071699998959],[100.23403360037042,34.310033299797],[100.18982349965484,34.272240700048314],[100.1742349004204,34.26674990008786],[100.16477960019847,34.25956899970964],[100.18956789973885,34.25787930038945],[100.19442339972016,34.2509088998259],[100.2245783001485,34.24689540000276],[100.24808889958308,34.218795400087686],[100.27364389994608,34.22175370017317],[100.28003260012446,34.239290300207244],[100.28846580015659,34.246050399706235],[100.33190929987433,34.247529100087945],[100.33778690004544,34.2544998001257],[100.32986489984529,34.269706499555355],[100.33267589997286,34.2785757997334],[100.34647560016884,34.28997790016001],[100.33753130012946,34.30728910041171],[100.38557469991252,34.30750020007423],[100.40755200022471,34.31383269981927],[100.48651700035936,34.31024440035884],[100.5018499996778,34.299267299746134],[100.57187069977306,34.29462269977785],[100.68201269962645,34.2918781001942],[100.69862339995001,34.28554389983117],[100.70092339989503,34.27160719961262],[100.72034520017093,34.25766810000289],[100.73184490042189,34.24055790002711],[100.75765549980156,34.22936039986263],[100.76097759993633,34.2219650003845],[100.78576660004859,34.20585629982844],[100.80236820013238,34.2410011003206],[100.8158112004266,34.31539920011306],[100.87191010027095,34.33773420037312],[100.89737700034834,34.37976840039141],[100.93579310007158,34.377371699944035],[100.951878799567,34.38696309996715],[100.96031289982051,34.42257820002396],[100.97714969959901,34.44734110001178],[100.97717610009698,34.481771999778005],[100.97340089993162,34.497150799769656],[100.97024690017435,34.501279000025875],[100.96931929984589,34.511063700329544],[100.9719167001956,34.51641419975556],[100.96672190039544,34.53368640000741],[100.96947029961467,34.543075900432484],[100.96613199999189,34.54421770038664],[100.96344230042189,34.54815699984573],[100.9555050998805,34.5495617004122],[100.95075539974198,34.543520000048034],[100.94442969977086,34.54035249966819],[100.93300179959346,34.54919290013231],[100.9270164003866,34.55990569988819],[100.92342709998076,34.56117250021077],[100.91805129992758,34.56702729987006],[100.9199598996297,34.57405409961706],[100.92302789991771,34.57768209964922],[100.92046639960472,34.5856625000244],[100.91341389993158,34.5936060003167],[100.91513309971282,34.604360900035545],[100.91237579990332,34.61343059974246],[100.91581869967331,34.61935199959515],[100.9158142003651,34.62469239963457],[100.9114183996395,34.628998400355954],[100.8988448998723,34.634538500251665],[100.89951359977289,34.6430723002465],[100.8965968996273,34.649825799621],[100.8965968996273,34.65516070030611],[100.89405969989531,34.65655209989956],[100.88846999969081,34.665023999558],[100.884556199609,34.67073670003873],[100.88696910044371,34.68048810024567],[100.88304820021432,34.68959239956962],[100.87975730025926,34.691586399792584],[100.88525599986457,34.70332129973826],[100.870877100298,34.717382899601205],[100.86430010006961,34.72085410013665],[100.85800229976638,34.717636399600224],[100.8484025000754,34.715804600202205],[100.84244990004294,34.711470799637766],[100.83970419968915,34.705969099894105],[100.83671349972826,34.703655000378035],[100.83068489978837,34.70486560026728],[100.82217970003319,34.70438180008006],[100.81668790002664,34.69649960027641],[100.81303799970397,34.69435599962975],[100.7980720002227,34.693776099687284],[100.79488709975993,34.69212219967983],[100.79166310037186,34.68538940000087],[100.78752510020325,34.68141950020981],[100.78581699985472,34.67534439992414],[100.78367769976609,34.674025000053746],[100.77769939980749,34.673755699865694],[100.77478080029374,34.670790699831],[100.76987329971308,34.66920509973562],[100.76324749957251,34.66978150041598],[100.76186010016357,34.67320459981249],[100.75147249975612,34.67839330041056],[100.74507260032033,34.67811699989966],[100.73995429955136,34.67094049990419],[100.73234590014323,34.66681670003072],[100.72307959964388,34.66839570000161],[100.71949220040477,34.67360780005998],[100.71668209959927,34.674151499592085],[100.7100089996157,34.67331100040241],[100.70192659993268,34.669775199765695],[100.69921850023366,34.670220699625645],[100.69785319986534,34.67288749975836],[100.69383140019903,34.67353680038309],[100.69315729986954,34.67733790012403],[100.68400950033822,34.69159059962652],[100.68054299965979,34.69182809978702],[100.68217999960734,34.701011800254435],[100.67842459981551,34.70267419975454],[100.6734172996687,34.699745099756626],[100.6686990002587,34.701407599980826],[100.66763980033659,34.70512830033084],[100.65878089991867,34.71336069973654],[100.6518477996363,34.70876960043677],[100.64876640034913,34.70900709969794],[100.64318149982643,34.71399389979871],[100.6413519001701,34.72515370038303],[100.64318149982643,34.73029780000354],[100.6405816002607,34.733542400161696],[100.62979679988246,34.72942730032969],[100.6197824001377,34.71913869999105],[100.59802839969097,34.705838500346545],[100.59789239971451,34.715197199890895],[100.59106820013739,34.72937550027916],[100.5808596997154,34.732160799581266],[100.56328060041943,34.73201940007533],[100.55810319980287,34.74433460016172],[100.54718700037984,34.74979799957805],[100.53978649994707,34.750787799717216],[100.5368034999816,34.752950299616714],[100.53356680036762,34.75885099977387],[100.5263251004231,34.763257999756945],[100.5247812999171,34.768471400235],[100.51773900035465,34.774397400119994],[100.51517859991253,34.783826500392706],[100.51215059967052,34.78576070019619],[100.50425149980691,34.78731379969213],[100.49529100027951,34.79677889982639],[100.48655979999484,34.80000500003075],[100.48175970005019,34.80366489991525],[100.45947940015424,34.80943470015137],[100.42977459961816,34.809858299720815],[100.4244569002658,34.81239350025987],[100.40642620010908,34.81267990015732],[100.3954600001789,34.8184535998538],[100.38743389985467,34.81732300005643],[100.37366970039642,34.82056479972579],[100.35957869989716,34.818735399718946],[100.35232009989278,34.82128929986135],[100.34388699968537,34.828483000290305],[100.33337549967962,34.83274070022321],[100.33222870039424,34.83973989977659],[100.32281590033358,34.83987470005741],[100.32000600007689,34.841748600317715],[100.31539959971184,34.851849999577894],[100.31565559982613,34.854925400386946],[100.32192649960831,34.86473739961133],[100.32141700039432,34.8705830001054],[100.31354370028163,34.875750799559796],[100.31192780022786,34.87994550018476],[100.31800050022298,34.892929499996455],[100.31235930034148,34.89484560004445],[100.30877960019848,34.89315339970966],[100.30208910013192,34.893886300412476],[100.29889499960461,34.8961798998825],[100.29653019990889,34.89920099962649],[100.29849840038094,34.9078002001192],[100.29715360005866,34.910607500435844],[100.25148500043247,34.89192749965446],[100.18395969958056,34.8944745001981],[100.1513407997382,34.8887681003676],[100.10452000039777,34.88740499974102],[100.08681000028133,34.845790999854785],[100.0723807998341,34.82998200016925],[100.04014999972276,34.815395000179194],[100.02577520016541,34.81701810020519],[100.02230870038625,34.80563349968634],[99.9945764998057,34.8087960996603],[99.97878450000474,34.805317299853584],[99.94835599972964,34.81923159975855],[99.93564540011516,34.821445100211236],[99.92622440003612,34.81953910044916],[99.89712840005569,34.83630510020026],[99.88788430022032,34.834408199778636],[99.87478600017386,34.84379200030065],[99.84898209984408,34.830298200002005],[99.83896770009932,34.83472439961139],[99.83280499955117,34.833775899937905],[99.82625709958552,34.82903349959639],[99.81931709970445,34.83000210001694],[99.79390280007425,34.852742899565214],[99.77734439982424,34.86019319995626],[99.76540019975948,34.85685180037035],[99.74960819995852,34.86412099978435],[99.73497170038371,34.864753099975644],[99.73321919960642,34.873058099851505],[99.7253425000564,34.87770939976906],[99.72380180041284,34.88908399982677],[99.7065579998519,34.90291199988894],[99.67076899968964,34.91161700022445],[99.65947830008355,34.92067199961315],[99.64983400013904,34.9405059996522],[99.62519820043667,34.935514100395494],[99.59183500008527,34.94077699955892],[99.55258899968265,34.960941000426885],[99.5193019997875,34.955379000240725],[99.48185699970082,34.9679489998465],[99.39121199963415,35.0596079999093],[99.37412620006415,35.09383449996227],[99.36886940010277,35.09977000028533],[99.35832550022172,35.09863059972247],[99.34698589997936,35.10147899995593],[99.34370339969217,35.10432719964058],[99.34410120041014,35.10969800036247],[99.34817949998398,35.111243999710894],[99.34857739962735,35.11539379988403],[99.34410120041014,35.11563790016902],[99.3413160998582,35.11946200007128],[99.3444991000535,35.12442499961412],[99.3415825995574,35.134746900049436],[99.32946889976995,35.135657499594004],[99.30664099998222,35.15960699966337],[99.26710499969602,35.21150199971754],[99.22729500026412,35.225845000146705],[99.22677780015539,35.237749700188544],[99.21861300008993,35.246071000276515],[99.19976870036527,35.252684899688404],[99.18401340009842,35.26830639972064],[99.1778369003527,35.296227199825466],[99.16628859983905,35.258887899756814],[99.18532579964602,35.221495900315574],[99.20958839958502,35.18116579956205],[99.22852190036548,35.15258720023917],[99.25615869996409,35.152207099977716],[99.28449160000741,35.13211180011956],[99.29207810002436,35.1182416002697],[99.2940690002842,35.10972769957374],[99.28476979988642,35.10153280009871],[99.25133879964596,35.08380899988549],[99.24079830010152,35.07086380042409],[99.27007120032567,35.054784999628055],[99.24460409969953,35.03954099991728],[99.19954050009409,35.051740399699725],[99.15000419963417,35.07388640023726],[99.13906240010976,35.083166300284574],[99.13282569974632,35.08527929969995],[99.11857150017465,35.0818639002988],[99.09675730000947,35.09064200022817],[99.06707350044178,35.08674939986497],[99.04814630031154,35.07535169982117],[99.03939290026221,35.068187599678026],[99.03461829969484,35.05841740004303],[99.01830509960075,35.054671800163476],[99.01313270011406,35.06069720031559],[99.01213789974435,35.06460529959497],[99.0069655002577,35.066722200269396],[98.99721479972328,35.075435100249706],[98.9948300998293,35.067210599589544],[99.00059940004235,35.04799460017074],[99.00020150039899,35.04082809973704],[98.99264170035423,35.036918799862804],[98.99244279999527,35.03252069957068],[98.99741630002228,35.02991429970524],[99.00179300004697,35.03105459959016],[99.00298669987637,35.02372370038853],[99.009153799908,35.01834729958824],[99.00616970007167,35.008734099998776],[99.0103474997374,34.99944569955943],[99.01750940013875,34.99700120014535],[99.01711149959607,34.98738539971646],[99.00438009956201,34.98035209966969],[99.00935280009173,34.96847659971536],[99.01432630011874,34.96619420040207],[99.02009560033173,34.951031000280466],[99.04823679998839,34.91474150041995],[99.09947309970386,34.8671751001508],[99.11267659974533,34.840652399588635],[99.11081279977094,34.834196600093094],[99.09827949969923,34.82488840017959],[99.0874645000867,34.80868719985443],[99.09372479955994,34.79669629979446],[99.11021589994391,34.78519420015226],[99.14628500025265,34.7553701998749],[99.16194059987885,34.751038699776245],[99.18322729999994,34.7521829000209],[99.2110790996208,34.73747060018809],[99.2226177000469,34.740086299942845],[99.2275912000739,34.7521829000209],[99.2369414001256,34.76035520043223],[99.24947470019731,34.75250979998731],[99.26399739956042,34.75071179980978],[99.26976669977341,34.746952200183955],[99.26573739976124,34.7419871996496],[99.2785200998228,34.738941999873475],[99.28011170019488,34.734200899951645],[99.2735465997958,34.71441610002307],[99.28011699989969,34.68932460035006],[99.30239309996165,34.668451500236586],[99.30637190034298,34.661579200419794],[99.30451469959377,34.65765379998294],[99.24734520002102,34.63716530033838],[99.24339800001775,34.631175599674236],[99.23318319984486,34.6271558999249],[99.23173070031163,34.61535220004407],[99.22193989990649,34.60736020021312],[99.20928859978909,34.608872199792245],[99.2001373000964,34.601176200121586],[99.192975399695,34.598228500345044],[99.18302839964099,34.5992110996126],[99.17825379997294,34.59347940005432],[99.16910250028025,34.58922129992311],[99.16074699987422,34.57513529965439],[99.14940729980708,34.56956570019696],[99.10862440029592,34.56956570019696],[99.09171440019946,34.5654703000144],[99.08389530042786,34.557881100232635],[99.07201919972636,34.573988600193786],[99.05858419980103,34.59635889974351],[99.05670080000198,34.61018210012389],[99.02745640019276,34.65568809962616],[99.02407439981374,34.66910599984209],[99.01532099976441,34.68154010019549],[99.00888720038404,34.68726209966621],[98.98050629992588,34.68808369960311],[98.95709829964687,34.68165419988145],[98.9186355997532,34.66828790006656],[98.89734889963205,34.66648799962155],[98.86591620017253,34.67646850032111],[98.85039880026449,34.67565050037035],[98.83050470033169,34.65814280005026],[98.82155230009863,34.6543788998664],[98.81717560007394,34.6453778004452],[98.80785810027118,34.634758899803444],[98.86847730028722,34.569763899984025],[98.90860420012382,34.53413239989038],[98.91744199974858,34.52335690030077],[98.91406000026888,34.51089910011342],[98.87981109990238,34.48674919961593],[98.89058489977339,34.47121829998463],[98.90789280041247,34.46072100027402],[98.92142080012991,34.45940880037591],[98.93295939965662,34.44989440030639],[98.94569160008734,34.44890999969675],[98.9580259998001,34.453339399993354],[98.97294649988112,34.44382420042655],[98.98010840028252,34.432010900282876],[98.99681950001997,34.432010900282876],[99.01432630011874,34.44185549993142],[99.02204770024122,34.41773249995498],[99.03839819971722,34.40887149962009],[99.05584759968701,34.40537629977649],[99.06177120018083,34.39648200024419],[99.05693809961366,34.374359099692754],[99.05305480003904,34.3721200998628],[99.05640660028445,34.366078199849085],[99.06298420036063,34.36377479956741],[99.06059229959499,34.35757710010313],[99.06099099963501,34.35318910009693],[99.06537600040218,34.34995279978193],[99.0644458999584,34.34688090003357],[99.05958150028607,34.346588400034705],[99.05248660027644,34.336073700241116],[99.0446825002972,34.32981749987778],[99.05040530016453,34.3036279999323],[99.04308789978683,34.294682799671534],[99.04290640041012,34.2915339997943],[99.03622189972094,34.28748650020185],[99.03631450021408,34.2686096998778],[99.04692400024248,34.24355499956363],[99.04007149989985,34.22906439970234],[99.04040259970026,34.22664079963323],[99.0439468000049,34.224530599807395],[99.05283870014597,34.220636400449564],[99.05490689983361,34.217786099948626],[99.06017869958737,34.21525479976924],[99.07480990035668,34.21056540007322],[99.07881980019368,34.20609039965228],[99.07794730042764,34.19901069998389],[99.07328390013197,34.192854200261195],[99.06250929986436,34.19154830011399],[99.06250929986436,34.18951100023253],[99.05890439981823,34.18610310027793],[99.05890439981823,34.1792809997184],[99.0552793000997,34.17628199991441],[99.05359920014303,34.17155599960972],[99.0585223003639,34.16765830009052],[99.06469449955159,34.15914190017861],[99.06796800032299,34.15771630026711],[99.0678590996178,34.14945600029421],[99.06600780021984,34.14834179963441],[99.07119759978946,34.14054610022242],[99.07690129985514,34.13852940021172],[99.07677309969887,34.13405539983688],[99.08019040026682,34.12878419993092],[99.0777186999581,34.12849189958155],[99.07610050033787,34.12621470014835],[99.0774632996916,34.12438160033065],[99.07319210003544,34.11514330022317],[99.07571620024248,34.11075840018009],[99.07159469993553,34.10947869998205],[99.07074089977277,34.10283389986466],[99.06853899967513,34.101150899594415],[99.06940059965802,34.09843979975699],[99.06662920027742,34.0967185998835],[99.06662920027742,34.09231679978052],[99.0613077003901,34.088620599661],[99.0613077003901,34.07860059983784],[99.05680139996468,34.07830199973756],[99.05251370044698,34.080077599601566],[99.0506543997808,34.069997400060004],[99.04724570032886,34.0668913998183],[99.04793119956526,34.06405199999983],[99.04637309983872,34.0624744002734],[99.04637309983872,34.05805610030882],[99.04894180012406,34.05663739999608],[99.04946789992368,34.050099600316344],[99.04670750015106,34.04766959977229],[99.04620460016224,34.044475000121224],[99.05239409960808,34.033046699745455],[99.04911289974058,34.02961199999385],[99.0499564997927,34.02192909984814],[99.06302430023135,34.01180370038054],[99.06592489981432,34.00369140003812],[99.07156659971884,34.000773699846434],[99.07127769970612,33.996665600337224],[99.07305469981458,33.99509629955463],[99.0810666996685,33.99471370007723],[99.08246799989831,33.992751800255405],[99.0788194998201,33.98624059982387],[99.06909230036945,33.975861300158954],[99.06860330030213,33.96896600018084],[99.06493089984122,33.964608099584154],[99.06513910008948,33.962084699949],[99.07083670005375,33.95922470025977],[99.0775180000557,33.964494900119576],[99.07764379992147,33.96786680021273],[99.08052019964754,33.96900560002848],[99.08692550041155,33.966517499682936],[99.09038530024145,33.96164930037497],[99.09542440041582,33.96102049979629],[99.09800429995852,33.957648300228925],[99.10394419976507,33.93763379995994],[99.10486999965082,33.92991869958837],[99.10170870009648,33.9248551999076],[99.10348370011275,33.92073819980811],[99.11967599984757,33.91505690005596],[99.12068200037407,33.90817740026688],[99.12386480002056,33.906188199725705],[99.14066409986839,33.90846049965239],[99.14299680006235,33.90665679957169],[99.1432780000797,33.904215900143754],[99.1466012000854,33.90304139994072],[99.14653059970749,33.89911949966523],[99.15184600039265,33.89316929992333],[99.15226230016509,33.890626500112944],[99.14980359955655,33.88920169969873],[99.15276610037529,33.88274080014787],[99.17187400038489,33.87510560004347],[99.18342899994843,33.873352600142425],[99.18560629999081,33.862251400281934],[99.19027990039717,33.858057000030556],[99.18918569976029,33.85334200023317],[99.1928761999767,33.850660899980596],[99.2002545995702,33.851345700443744],[99.20260019963956,33.84921310030438],[99.20109890019415,33.839029299762444],[99.20332359990425,33.836165999561274],[99.20249970040089,33.83263060002224],[99.21316949997248,33.82371359980283],[99.21902419980705,33.82612720031011],[99.21999480031985,33.8224670998768],[99.2293903001223,33.820092899567726],[99.2323703997742,33.81430310020795],[99.22597320010317,33.80586670038798],[99.22689969966149,33.802743600436884],[99.2304013998048,33.801113300438544],[99.23404000014597,33.79578880041288],[99.23974310036385,33.794618599868556],[99.24398300001548,33.787831699673234],[99.24677529964043,33.786659800309565],[99.24875120010785,33.774234599647116],[99.25248109962308,33.76939520022836],[99.25978529975185,33.76635239984341],[99.2602032003175,33.76272759959909],[99.26511379996197,33.75972249969368],[99.26649350027486,33.750201100200684],[99.28609369996434,33.74040579958802],[99.28544500008672,33.735938699711255],[99.28817419967964,33.73360310010304],[99.28796529975881,33.73033659965438],[99.31672070040008,33.72928159956621],[99.32612120043314,33.72361280039047],[99.32847160018429,33.727252100404144],[99.32596640012935,33.73575210027923],[99.328489600115,33.73874209966823],[99.33437690037374,33.736467000152004],[99.34118550031064,33.725732200280845],[99.34539800031752,33.722272000252644],[99.34953730000643,33.72261919971635],[99.35061730034818,33.7262121001084],[99.34774120009638,33.73693590037158],[99.35349370007424,33.741838100348104],[99.35986679971307,33.74251229960299],[99.36566479999061,33.74084870040724],[99.37273519976969,33.74671339980358],[99.37585259981768,33.74573400032392],[99.38025589998983,33.74794609963283],[99.38091170001502,33.750779099875615],[99.37482400022748,33.757477100287986],[99.37465060014512,33.762089800404],[99.3834096002729,33.77622930044191],[99.38385960034032,33.78483250021975],[99.37355180037537,33.788015700064534],[99.37346799974847,33.790885399841386],[99.37026910043869,33.79273980010174],[99.36996500008473,33.79561309986474],[99.37279910019839,33.800098500045806],[99.3732180997356,33.80763179976782],[99.3812334001014,33.812484799633864],[99.38810340035172,33.81205219964937],[99.39586839960702,33.81424269994068],[99.40038330024919,33.81294430013941],[99.40638699976029,33.808668499551686],[99.41079720043052,33.807822799582596],[99.41830509970066,33.80994950016935],[99.42585910001753,33.8168077004151],[99.43897039976417,33.81651990027325],[99.46470240019568,33.8105325998996],[99.48343220003608,33.813240599773906],[99.49017500017618,33.81094230044687],[99.49573360002569,33.805628300006106],[99.496720599676,33.79741789981625],[99.50161749994771,33.78931919992118],[99.503825400322,33.789082699806784],[99.50816980029612,33.79260099963648],[99.5105788996965,33.791598000147644],[99.51187399988527,33.78750400020948],[99.5195214001925,33.78906250013432]]]}},{"type":"Feature","properties":{"shapeName":"Huangzhong County","shapeISO":"","shapeID":"62558664B6589198725198","shapeGroup":"CHN","shapeType":"ADM3"},"geometry":{"type":"Polygon","coordinates":[[[101.27052000029784,36.8168369997278],[101.27400409980942,36.80735489970891],[101.29180670041893,36.78703780005446],[101.31984229988228,36.776708900195615],[101.33694410019012,36.77502470022978],[101.352363699725,36.77581059977939],[101.37633410003872,36.77311580015413],[101.39688230027798,36.76469399992823],[101.40143810028815,36.75997740023689],[101.40206890005976,36.7556536001336],[101.39295730003943,36.75402509967864],[101.38952289976208,36.751385700090054],[101.38966309957243,36.741669799721535],[101.38657920016999,36.73897380040063],[101.38153280019861,36.738861400433336],[101.37438369984795,36.74161360018758],[101.37003820000297,36.74116429979267],[101.36940740023141,36.73947930032949],[101.37739749979482,36.72976180006708],[101.38027119975612,36.72318920022144],[101.37936000036376,36.70925559996601],[101.38041129974175,36.702231599808556],[101.3839858998295,36.696387199909395],[101.39393849996185,36.69082340017985],[101.39828409963155,36.694251599631684],[101.40928800004122,36.691947399852666],[101.40907779970075,36.69076719974652],[101.4036808997538,36.689362099881066],[101.40606389992911,36.68694529958594],[101.40361080029828,36.686270799957526],[101.40529300017187,36.682223900212875],[101.40150819974366,36.67901999977323],[101.40115769976808,36.67609690005196],[101.40473229985582,36.67311759989735],[101.40767600034718,36.665471900208104],[101.41272240031856,36.66490969982283],[101.41335320009017,36.668226699902334],[101.41559610027986,36.66963210014137],[101.42324189979388,36.66727599958779],[101.41485090044876,36.661445899808484],[101.4082179003359,36.66223409982388],[101.40477859965273,36.66065759996832],[101.40011089969835,36.66223409982388],[101.38782749963946,36.66105169997604],[101.38217709969348,36.66814590031311],[101.37898340026379,36.66854000032083],[101.37333310014253,36.66617540027454],[101.36104970008364,36.668737100237024],[101.35589059977144,36.66794890022163],[101.35024029965018,36.66046050005207],[101.3455725996958,36.65040920022449],[101.34778360003315,36.645284499879835],[101.35982129991311,36.63799099988478],[101.36154099971742,36.63266840012659],[101.35024029965018,36.63247120038562],[101.33034120038616,36.62261339958877],[101.33083250001994,36.61669809983749],[101.32813010022403,36.6115711997511],[101.31830339978211,36.60506339965622],[101.3087224004185,36.60368289984598],[101.30651140008109,36.60092180040084],[101.30626569990221,36.59145449962551],[101.2991413003308,36.57942139977786],[101.2991413003308,36.56225619996371],[101.29447360037642,36.556928299601395],[101.29373659966438,36.53659989996544],[101.29029729988054,36.5231762998464],[101.29127990004741,36.51764830032886],[101.29693029999339,36.51192239959909],[101.29619330018073,36.4866445001436],[101.29078860041363,36.47726190021655],[101.2900515997016,36.47015019997178],[101.28599809983251,36.46787820041868],[101.28476969966198,36.46313649974974],[101.28992879997418,36.45661629980242],[101.28341859958874,36.4452538999476],[101.28636659973887,36.44001669981088],[101.29189410013265,36.43774389986112],[101.2981586003392,36.437052099974494],[101.31486409999826,36.440906099636834],[101.31646090025043,36.43527330032259],[101.32419949990708,36.432110899998065],[101.32653329997186,36.429047200268144],[101.31474120044612,36.423018299954606],[101.32285490013362,36.41036330002635],[101.32929180037632,36.408252799826926],[101.33310639984052,36.40910249998046],[101.33760200013228,36.407402999848614],[101.34216579961202,36.40778679992093],[101.34570789999964,36.40627919982529],[101.34571379955224,36.40311039992508],[101.36141610007303,36.40200900021523],[101.40483000040427,36.372828999958415],[101.53192999986965,36.326293999768325],[101.6019700003153,36.31990800025409],[101.62601000006151,36.28046000042872],[101.65738449989482,36.23861709969947],[101.66722000020292,36.23248589970456],[101.70255009970742,36.250736899588276],[101.71050830031788,36.26129559961231],[101.7106372999715,36.26919580024605],[101.71417809993943,36.27893169973822],[101.71748969959003,36.28114660043531],[101.72371760008724,36.27913649964978],[101.73222449956108,36.280094599586164],[101.73819870040978,36.30303180027744],[101.74240710040743,36.303349500179365],[101.75723380029973,36.29289850026561],[101.76887330016274,36.28882500037349],[101.7866315003435,36.29402890041348],[101.81721840000921,36.29321050026442],[101.81666639973463,36.299358499595144],[101.81016950032222,36.303198200036945],[101.81883199959714,36.305117999895856],[101.82467919998516,36.30982989973012],[101.82684479984772,36.31593760043995],[101.82641169984015,36.325010999957726],[101.85174939971506,36.35850339961223],[101.85434820030923,36.368095000184155],[101.8589559001947,36.3722217003712],[101.85873930027856,36.37989369983444],[101.85245899988297,36.38599579956656],[101.8446953999728,36.387480299676156],[101.8446953999728,36.39142499956415],[101.8414795997038,36.39006899998441],[101.84515479975425,36.39721839980933],[101.8414795997038,36.39598579980486],[101.8374982002818,36.397588200135374],[101.8416328001137,36.39968359981833],[101.83979520008847,36.40473690028779],[101.84668609968384,36.40646229999521],[101.84974880026698,36.41114549976504],[101.84944250017128,36.424207600300576],[101.85219889975946,36.42876650027381],[101.85204580007365,36.43578920001164],[101.86046810032263,36.44970940036859],[101.86827780038027,36.451187500003186],[101.86873720016172,36.454143600346924],[101.86613400008412,36.456606900088445],[101.86766530001364,36.4625186996783],[101.86598079967422,36.464365999791085],[101.86674649955137,36.46670589995739],[101.87164670033502,36.469045700298864],[101.874556199609,36.474710199815945],[101.88251910007648,36.48357549980955],[101.89431030028021,36.4905932002161],[101.89645420040108,36.49404019999531],[101.89567440005357,36.50144890044646],[101.88879790040284,36.51763030039808],[101.89154850026313,36.524261800441764],[101.88136240015473,36.53325760015815],[101.8697779999548,36.53486869963086],[101.86040109993087,36.531022999811626],[101.84848480043325,36.532278799626965],[101.84313249966516,36.52861660017601],[101.83764279957558,36.52929629968452],[101.83293129993962,36.532638999690164],[101.8286566999468,36.53149399994817],[101.82914510016627,36.528354499960244],[101.82797300025379,36.52827599993748],[101.82357759972649,36.533455999594764],[101.82387059974843,36.535810500254456],[101.82074499968206,36.54020530003464],[101.81713100029549,36.53455480026389],[101.81240080015687,36.5332177997617],[101.8078220998101,36.53787779972072],[101.79906109959012,36.54138240017767],[101.7967789997511,36.54005640018278],[101.79746519955938,36.53749439984671],[101.79508370035256,36.534834900410374],[101.78931159965066,36.53126729974616],[101.79003809987847,36.52753719968206],[101.78515399965744,36.52357990029219],[101.78293389997958,36.51676780019386],[101.77611230034245,36.51258279965651],[101.77473989982656,36.5089167996706],[101.7640432995587,36.499507599596086],[101.7522972003556,36.492563499705795],[101.74293260035927,36.483314500363974],[101.73829060033103,36.48126989978607],[101.73187270006514,36.48970779967527],[101.72775550031616,36.487987800396695],[101.7206916997622,36.48779309987174],[101.71778540027606,36.483898699965096],[101.71487919971537,36.483671499739955],[101.71229580001125,36.48133480026087],[101.7098336001406,36.47484350002753],[101.70466689965775,36.472571399750336],[101.69958099966345,36.48065319958556],[101.69384920028045,36.48191899986199],[101.68222420018674,36.49090849982747],[101.67540249982557,36.504439399858484],[101.67346500040952,36.51319920038287],[101.67067989985753,36.509792799598074],[101.665513200274,36.507489300390944],[101.66510959982821,36.50489369958461],[101.66147670028954,36.504309699632984],[101.66268770037715,36.50074059979892],[101.66018510026225,36.49941020032054],[101.66123450027203,36.496652100114375],[101.65739989988555,36.500870399849134],[101.65574499983194,36.49749579999121],[101.65174890009172,36.49762560004149],[101.64951210000345,36.49330980030709],[101.63964140023052,36.49881819999996],[101.63427549991445,36.504049300035206],[101.65259949956732,36.528685699585424],[101.64089729987057,36.518364200247674],[101.64178209966423,36.51689610017496],[101.6395842995758,36.51343230016056],[101.63653029993344,36.51480860013686],[101.6351602997081,36.51377639966114],[101.63650180041782,36.51265230016355],[101.63501759978249,36.51127590036259],[101.63330509995046,36.5125605998918],[101.63193499990041,36.51028949966076],[101.61637960003856,36.512881700130436],[101.61535210031923,36.51875410042146],[101.62000440028288,36.51508389970223],[101.62011859979361,36.51916699985719],[101.61852019964755,36.520795600136864],[101.61980459970255,36.523043399833114],[101.61609420018726,36.5252223995941],[101.61997589986794,36.5252223995941],[101.62171699993968,36.52847929977992],[101.62328679984597,36.52763070039657],[101.62382910003299,36.5227682000924],[101.626626200239,36.52269940015725],[101.62868119967766,36.52960309980324],[101.63202069989546,36.52921319962951],[101.63296249961974,36.53492390001804],[101.63598799974648,36.53359370018916],[101.63658739968878,36.53886830043177],[101.6381287000795,36.54109269976834],[101.63966989974614,36.54049649961382],[101.63912759955912,36.54253740038075],[101.64466480004057,36.54402789986773],[101.64340900022523,36.55322259994307],[101.64589210034023,36.55365820006591],[101.6466912999636,36.555377800045505],[101.6489460999826,36.5538415997101],[101.65180029994394,36.55466700018195],[101.64900319973793,36.557509999986564],[101.65045889995832,36.55858750021304],[101.65585329979001,36.55780800023905],[101.65231409971597,36.56319560029675],[101.65845070013978,36.56037580030301],[101.65885019967703,36.56425020018662],[101.65716630008473,36.56661139989626],[101.66695620026849,36.56415849991487],[101.66550059987287,36.56670310016801],[101.66687060009815,36.56998110024762],[101.6702385000068,36.57202119971862],[101.67277879970192,36.57027909960084],[101.67519509997396,36.57176199981649],[101.67627970034795,36.5740084001676],[101.67279750020452,36.57487939986447],[101.67256920010857,36.579005199830135],[101.67527579973842,36.58120280026907],[101.67337819964428,36.58664440011904],[101.67857279979495,36.589875700203436],[101.67566159990298,36.59040280004922],[101.67677469979265,36.59109030027719],[101.67537610022691,36.59175490016855],[101.67768800000124,36.593015300016134],[101.67523340030124,36.5929465999057],[101.67394900024624,36.59494029975508],[101.67768349979372,36.595989000092345],[101.67183230012063,36.59841799969098],[101.6679506004399,36.59495779966278],[101.64908429970075,36.60018240029757],[101.65073969977738,36.603734000223994],[101.64948389996209,36.60703339967171],[101.65273770018479,36.606300200394],[101.65325140013209,36.608683000020505],[101.64808530039636,36.61702239986391],[101.64925550004136,36.62068770017726],[101.65185290039108,36.624261300218905],[101.65753270007411,36.626826799817024],[101.66201379969715,36.63227830030337],[101.6566764996208,36.6323241000772],[101.6524521996094,36.63722549965712],[101.64429530008806,36.63508189990978],[101.63541500030209,36.638871500019775],[101.62350749977134,36.6369605000271],[101.62841980003378,36.63873709993726],[101.62790600026176,36.64139369995934],[101.63512129970826,36.64309570020646],[101.59655649978271,36.64193629962057],[101.5783819998295,36.64726939986298],[101.57121949958031,36.647587599787926],[101.57090019978443,36.65280830006304],[101.56812859985507,36.65415160031614],[101.5671112004216,36.66254540015012],[101.56845980037957,36.669113399963464],[101.57080390037976,36.67174050042382],[101.57064330034808,36.67583539968399],[101.56894149975045,36.67485669987684],[101.56393220041076,36.68536359985029],[101.55966149987836,36.68932910015792],[101.55484490007211,36.691028499565675],[101.55670739962687,36.69167220011201],[101.5578311996502,36.696358200370696],[101.56756069956668,36.69574029957522],[101.57118919962193,36.70614129988115],[101.58117559987409,36.69615219986417],[101.58226730039564,36.69785150034653],[101.5854142000054,36.69795449970047],[101.59565579997525,36.6897968996073],[101.59568960009506,36.68747510009587],[101.5984971000612,36.686085900244166],[101.59507950001898,36.68603310014748],[101.59699669993779,36.684945100336165],[101.59622210036969,36.68397549986946],[101.59806569977229,36.6847713000555],[101.60034559986957,36.6836640997185],[101.6007630004122,36.68088290042556],[101.60268969986981,36.680960199853416],[101.6034281997517,36.683046000172794],[101.6089191004362,36.68343230036044],[101.60946499971004,36.68605889989834],[101.61357510021077,36.68554390043073],[101.61758960008007,36.68720679995391],[101.61553790025397,36.689537900253924],[101.61753780002948,36.69108479982373],[101.6161042995738,36.69353979972203],[101.62134280013021,36.699897100071155],[101.61946689977765,36.704309999606835],[101.61529019998278,36.70713350031082],[101.61923680013825,36.70757340009237],[101.62139589970104,36.70972989971517],[101.62634960025389,36.70659120012385],[101.62993920013406,36.70695350010402],[101.63189719959615,36.71186370044944],[101.63779620003464,36.700050500130544],[101.65273200028167,36.69336829990715],[101.65597019996483,36.689543799806586],[101.66500689994854,36.689503600111095],[101.66415349998408,36.69093270018402],[101.66879740027986,36.6955420997881],[101.68624549983002,36.6943755001293],[101.68855460001481,36.695522599788205],[101.69445270023198,36.693449800068265],[101.6964604996524,36.69389250033868],[101.69610920017948,36.69507990041711],[101.70002450033047,36.695039599997585],[101.69977350044672,36.6978771004479],[101.70168100027797,36.69751490029245],[101.7032873000689,36.69910470022177],[101.70931089977825,36.69258439955047],[101.70835720022467,36.68920330029215],[101.71044029988002,36.688659900234256],[101.70820659975482,36.686204400312874],[101.71194620025699,36.68421190015914],[101.7143054996991,36.68725099983385],[101.7156357004273,36.68344699977928],[101.72201070033361,36.68143420012831],[101.71980199956266,36.67781109960259],[101.72113220029087,36.677327999987256],[101.73084530017053,36.68254129974122],[101.72512289960218,36.68407099977685],[101.72637780009546,36.68578179989021],[101.7244954003425,36.68811650017642],[101.7269801003514,36.68960579996775],[101.72431969979436,36.69501950014984],[101.72695500027311,36.69544209967319],[101.72434479987265,36.69946690037722],[101.7287118996345,36.702445099761576],[101.72447030026422,36.707093299716064],[101.73092060040545,36.708481600245705],[101.73142260017289,36.70978949958578],[101.72798409988638,36.71570480023638],[101.72600129982021,36.716449199670876],[101.71884830000909,36.73181850012372],[101.72052990003493,36.73755100007867],[101.72331580008415,36.73809409976292],[101.7233409001625,36.743343500102526],[101.71686549994291,36.74617920011002],[101.71566079960627,36.75426350006052],[101.72366720028111,36.75647539971999],[101.72115540010168,36.76080799968946],[101.71715950001095,36.761722600317796],[101.71373450034696,36.75934449964899],[101.7041443000195,36.75733220002104],[101.69660919985478,36.76940520008998],[101.69797920008006,36.774709399719086],[101.69501079970871,36.77507519986062],[101.69158580004472,36.77214879962747],[101.68542070010528,36.77086839975692],[101.68290899975062,36.76721019959109],[101.67674389981119,36.769953899852624],[101.6657837001577,36.768856500327274],[101.66213029967366,36.77013680037311],[101.65642189975091,36.76903939994838],[101.65276850016619,36.764832300370415],[101.65061620037739,36.768287199794486],[101.64215430028077,36.76728330008427],[101.64082160033666,36.77292809995191],[101.63244650010597,36.78440229992623],[101.62765150021664,36.784950899864214],[101.6224681002227,36.789860600186614],[101.60299109955963,36.79153400019402],[101.6016210004089,36.79409400043784],[101.59751099973289,36.79573959970281],[101.59111759969755,36.79555679990642],[101.58859670017762,36.79194000003105],[101.57079559963728,36.81402210013988],[101.5701106004239,36.8198716000943],[101.57732880018403,36.8272101003659],[101.55122000000307,36.892852999666275],[101.45122000020291,36.9344709997369],[101.33181000013144,37.00948300014039],[101.337660000109,36.95104999985767],[101.3631700001954,36.896255000068265],[101.3355200003478,36.87778499997779],[101.28916000013396,36.87236399999864],[101.29714000031083,36.846404999890865],[101.27052000029784,36.8168369997278]]]}},{"type":"Feature","properties":{"shapeName":"Yushu City","shapeISO":"","shapeID":"62558664B981010129937","shapeGroup":"CHN","shapeType":"ADM3"},"geometry":{"type":"Polygon","coordinates":[[[97.34927510036567,32.90726620017506],[97.34508819956085,32.909214000425834],[97.33606610007052,32.909025200352744],[97.3310341998685,32.90622769994843],[97.3263274000895,32.90812370014868],[97.3252753003149,32.911135500003354],[97.32671830030938,32.92152580017557],[97.32092840022557,32.92427089978224],[97.316757199785,32.92326430030727],[97.31354749961747,32.92022609995462],[97.31223490042038,32.91609770004885],[97.29235139989726,32.92147889963155],[97.28875240030311,32.9206184004189],[97.28324520030583,32.915955199772725],[97.28145809991145,32.91644939972008],[97.27885029980155,32.92523509982004],[97.27653549971359,32.926602400280615],[97.26336150013316,32.924127500184056],[97.25919069989095,32.92785999963934],[97.2557992997979,32.92835099979885],[97.25673739971131,32.932802900233696],[97.2502217997963,32.95256140038839],[97.24888330012425,32.967339699667434],[97.24408780021184,32.97747959980376],[97.24952299958682,32.98027550031412],[97.25253550001338,32.98792990004489],[97.25732029979207,32.98847220023191],[97.25831410011568,32.989903400221806],[97.24908819986058,32.996356699602075],[97.24748779962232,32.999253600273505],[97.24951839955457,33.00320790042434],[97.24832300000651,33.00738329979947],[97.24266649995906,33.00896620013009],[97.22792590026017,33.017611999893916],[97.22159260011847,33.02642859980011],[97.21521920010605,33.02732149978743],[97.20620879989627,33.02610799958455],[97.206166299735,33.0314583002604],[97.20384910025581,33.03704069976851],[97.20018260024688,33.038276399736105],[97.19821849978399,33.04096279969349],[97.18945710026503,33.04269219958542],[97.18427449976843,33.04623449962253],[97.17904439977929,33.046289600184934],[97.17428279981141,33.04876750041984],[97.17348639977757,33.05060000038975],[97.17565699987068,33.055833200341965],[97.17907430043869,33.059015099767066],[97.16983760022515,33.07552520012791],[97.1705084000427,33.08188249957777],[97.16585860019433,33.08792250022327],[97.16465330000983,33.09220239992089],[97.15845210038418,33.0954136001576],[97.15812919970284,33.10172650007797],[97.13565289976157,33.12017219958739],[97.13271880043237,33.12960379997543],[97.12015349978424,33.1384591004072],[97.11384949955482,33.138685900433984],[97.10915220021394,33.14289340021031],[97.08468630043245,33.155954200326164],[97.07712510014329,33.1569151996768],[97.07434670043995,33.16515760044297],[97.07157010027998,33.1679757996435],[97.05611640025171,33.1706383001175],[97.05267709956854,33.17676869971575],[97.04871410027556,33.17835710029999],[97.04738999964883,33.18051219967833],[97.04446520020889,33.191442200097526],[97.03690940034863,33.1977665996489],[97.03370480023642,33.20417529985025],[97.02703449984233,33.20505710040493],[97.02326620017504,33.2072833001842],[97.02274609975274,33.209358600019414],[97.02611060022406,33.21339650024834],[97.02464300017436,33.218924300116385],[97.0213748000071,33.22298900014232],[97.02173810003336,33.23146199967158],[97.02941959993467,33.23969849998582],[97.0258933995608,33.24271499969751],[97.01365349970928,33.24810030018875],[97.0117412001963,33.25008539982139],[97.01163040012295,33.25608870003356],[97.02113899956521,33.27102419990695],[97.01801629981247,33.27711820034472],[97.01926439963239,33.28530179983824],[97.02185819999602,33.28757320044292],[97.02645059971547,33.28855750032841],[97.03385930016663,33.28691259983668],[97.03879089988021,33.29081519976171],[97.03718229962351,33.29766079960626],[97.03263409978393,33.30280149978944],[97.03117109976648,33.30707919974532],[97.02383570035732,33.3129988998794],[97.01883600038116,33.31498029970112],[97.01436169963279,33.31472789957297],[97.00407610033182,33.30629380021878],[97.0013026999597,33.30639709994625],[96.99902830011604,33.308302900058834],[96.99862800018212,33.318055800334946],[96.99985430043569,33.3199746001477],[97.01061309961489,33.32202410023211],[97.01257400028993,33.32352219988968],[97.0125218000411,33.32689750031943],[97.01058619999321,33.329132900163245],[97.003746200227,33.33188459989441],[96.98522109957412,33.33246709977686],[96.98188480004353,33.33009550030715],[96.98760359972641,33.32706480030032],[96.98688319960002,33.32232120026322],[96.98238209995401,33.32050820029326],[96.9766923996346,33.32180819998848],[96.97591010007113,33.32380079996699],[96.97831970039391,33.32857689970422],[96.96958599999397,33.33475619993874],[96.96965839991526,33.33677649993558],[96.97973029961372,33.33953829995261],[96.98088650041171,33.342664099668525],[96.98020439971333,33.349375699628865],[96.97870789994965,33.35111109979749],[96.97524779974623,33.35100329986244],[96.96177629993633,33.343050700229696],[96.95674069992344,33.34291749984277],[96.9539058003125,33.34588180020495],[96.95078259963731,33.344861600282684],[96.95196300029227,33.339067000341856],[96.95713339968671,33.33473219973126],[96.95308490004817,33.32961940011529],[96.93176680009782,33.32400829964337],[96.92848880001816,33.32588410017115],[96.90848270031643,33.32401970034897],[96.90402269968791,33.319630700296614],[96.89476129959434,33.32498779984712],[96.88165609994911,33.325730000439194],[96.86536849995639,33.333165399963264],[96.85547759961162,33.32750400040936],[96.8528196002444,33.322275899613146],[96.84978209956432,33.321519899823556],[96.84301840007913,33.330269299688496],[96.83617719971807,33.33174969978887],[96.83179169982714,33.32713859956675],[96.83662679958718,33.3176183997694],[96.83654690021933,33.31331530026097],[96.83218329971959,33.30919949985707],[96.82736679973806,33.30851640001191],[96.82391279963605,33.32077550038906],[96.81934340007791,33.32258119966269],[96.81382869973476,33.327514099795906],[96.81132189978592,33.34018389986716],[96.80108940005584,33.346738499781964],[96.80052230016406,33.350720999974214],[96.80231199959917,33.35222490025899],[96.81289109984442,33.353349499779654],[96.8164220000753,33.35798250029222],[96.8020974996,33.36885490003368],[96.79980840033744,33.375845400444916],[96.8024520995848,33.3855690997342],[96.7998496999038,33.38721190030901],[96.79715409988188,33.386735300094074],[96.79150700044778,33.37837049979879],[96.78744109982694,33.37578059979489],[96.78702859969019,33.356135300004155],[96.78133709982734,33.34952570025092],[96.7762761002619,33.348226300403496],[96.77377870002704,33.350389699625],[96.7733493996551,33.353793399745655],[96.77621889978246,33.367987699972446],[96.77162950020136,33.372009600362844],[96.76738010011161,33.38118900027217],[96.76767129969079,33.38274550010482],[96.77192689970673,33.38504390015589],[96.77354439965438,33.39252019994734],[96.77658489957349,33.396326700117186],[96.77546819969774,33.39978470040364],[96.7703191996714,33.401392199890154],[96.76383339969169,33.399296099635364],[96.7668778997953,33.390087800012],[96.75480019986941,33.39101069958417],[96.74807960039328,33.38997769961122],[96.7449377001148,33.398174400428275],[96.75366750015507,33.40168490043783],[96.75906850011125,33.4002250003835],[96.76091890018716,33.40344329986846],[96.75883309986773,33.40598809977104],[96.75547990027724,33.406739799901914],[96.75078129961736,33.40613620012556],[96.74716520031382,33.404654999628576],[96.74707380041559,33.402792599898646],[96.74387430035875,33.402140100385395],[96.73929350009502,33.40888420004586],[96.73448400043634,33.410964299562806],[96.73174390016095,33.41018199999934],[96.72777710033296,33.40532380025326],[96.72780680044355,33.403041300215875],[96.73101089963336,33.400196400143784],[96.7365907001008,33.397565099849544],[96.73635660027696,33.394137799719715],[96.73138320007467,33.39394579985884],[96.7251954003475,33.398915000227134],[96.7207949995896,33.40914740013244],[96.70234870023239,33.42335000020239],[96.7001890997472,33.42824259991613],[96.70080069989245,33.431931199865005],[96.7065770004283,33.431639699912296],[96.71312579971595,33.42627700028339],[96.71518509971264,33.42719689971722],[96.72000359978637,33.438870199700034],[96.71272649982814,33.44571580044391],[96.70778870018842,33.44716960039682],[96.69469850033556,33.44595419992646],[96.69310430002349,33.44800660032439],[96.69821539992085,33.46544630020662],[96.7030333999715,33.469064199952925],[96.70302050009604,33.47199870037974],[96.69905270022201,33.47677749988179],[96.68746119987452,33.48525599966473],[96.6871377002447,33.492593099691874],[96.68002170034123,33.50301390037123],[96.68325139963247,33.50521709998924],[96.68915710002022,33.500980699599666],[96.69468559956084,33.502414299880115],[96.6938837001727,33.50648610005351],[96.68507499991136,33.50822550040658],[96.68532840008567,33.51053339999646],[96.69277620036144,33.51220420006382],[96.70357189962351,33.52286030026272],[96.70290719990743,33.53025269960244],[96.70994879979736,33.53228240021264],[96.71071439984973,33.5385697000317],[96.70221049961492,33.54598899989247],[96.68702690017136,33.54904069996837],[96.68155570003557,33.54880939973407],[96.66776639959971,33.54335890019314],[96.66278320038447,33.54276050029688],[96.65762200015524,33.54483160029815],[96.65407429968923,33.53827879992673],[96.6482965998083,33.53794439961439],[96.64182569979624,33.544697899888206],[96.6370835000036,33.5530251004281],[96.63283869994609,33.555163600120125],[96.63168080032875,33.553577500001666],[96.63353430036773,33.54663990041115],[96.62808239968308,33.54419299980714],[96.62424220011752,33.545270199660024],[96.62130459972758,33.55291860001341],[96.6231970997664,33.557507799945085],[96.62303079983161,33.5634347000514],[96.62973540036847,33.574698000012745],[96.62660360037592,33.580586099768766],[96.61324560040418,33.587751500331535],[96.6011084004324,33.590017299958504],[96.59648979986446,33.594469099669254],[96.59089179981675,33.5970430996594],[96.58621780011146,33.6028697001766],[96.57486580001671,33.60286879995522],[96.569590199728,33.60441759979244],[96.56485729982461,33.60710439994813],[96.56362040016137,33.61061010027595],[96.55825270030192,33.60895120003789],[96.55904720006828,33.60220060007771],[96.56126379958476,33.59866950019733],[96.55990960044778,33.598291300203414],[96.54731759982741,33.605657700142785],[96.54186410014819,33.618915000327036],[96.52608700031487,33.61384739973778],[96.50833109970057,33.61464489964243],[96.49681860029824,33.609553299745016],[96.49241099956805,33.614570399804165],[96.48125570009057,33.61745479989912],[96.47542739985465,33.61834889958209],[96.46911790027093,33.615498500155695],[96.46635000015243,33.61593239966055],[96.46425530014204,33.621164200267685],[96.46632420040157,33.623272200351835],[96.48201179970488,33.62757739977724],[96.48625549989146,33.63022090027437],[96.48681050030439,33.63390869982669],[96.48417269971037,33.63828799979143],[96.48667560019885,33.64436660023847],[96.48165409975695,33.648377799595835],[96.47066110002982,33.65182220033432],[96.46056310020697,33.661349199905715],[96.451275599989,33.6650426004357],[96.45486080038569,33.673215200321295],[96.45023819963325,33.679236299915374],[96.45074979966358,33.683641100156706],[96.44073830023245,33.68813490000571],[96.42927280029954,33.68420259997009],[96.4166941995777,33.69046300016737],[96.41389710027102,33.68947169995903],[96.40775310022548,33.6827068997037],[96.40237070004781,33.6817378001594],[96.4006974996899,33.68597790035989],[96.4073925997887,33.69009979996582],[96.40609369996434,33.69467309988369],[96.39164639976161,33.69471009979134],[96.38576469958127,33.70004079974319],[96.38652320038545,33.70584669966553],[96.40241310038431,33.710582599707266],[96.40344949979465,33.71227460039256],[96.40112429994656,33.718183200194574],[96.40755080042914,33.72453689965823],[96.41108879990827,33.74204910018585],[96.4167784004029,33.74488010033639],[96.41783489966093,33.74903260027435],[96.41430600042162,33.75083830044724],[96.41120319996776,33.74593670031851],[96.40637370028611,33.7450137000223],[96.4036644998169,33.74927320039791],[96.37281850007378,33.76365629979847],[96.36728910031178,33.76169799996279],[96.36790579961303,33.756993399925534],[96.36496629985493,33.754274500268025],[96.35851970042387,33.7311916004121],[96.34157680042904,33.71658430002549],[96.33806430032723,33.69355129995256],[96.33434519987111,33.68512729998497],[96.32236120030922,33.68237639975109],[96.31450969976288,33.66982430025132],[96.29880659974486,33.66397759988638],[96.29240139970489,33.65813040039774],[96.27855780000255,33.65572259961834],[96.26554079956833,33.64437070024769],[96.24549870000504,33.647466799852964],[96.23516770022923,33.642306599669894],[96.2287625001893,33.632845300070585],[96.21781160042508,33.628028300066035],[96.21388589961464,33.61684479964782],[96.19177749973187,33.59894829992413],[96.17834730038766,33.59498989976413],[96.1797935999947,33.57226860021581],[96.20334830038382,33.558150899744305],[96.2062408995979,33.54902479995462],[96.19756289960822,33.540758800078606],[96.20045560044565,33.533869899676176],[96.22586980025113,33.50820389959034],[96.22958899963271,33.50045089998912],[96.22545660044182,33.4945926001684],[96.21719180026145,33.494247999745426],[96.20810049973835,33.498210999937726],[96.19115769956824,33.498383300149214],[96.17214869980273,33.50579189987633],[96.15560509969566,33.51434810018475],[96.14719570022146,33.526394699755656],[96.12406110013973,33.539880399860635],[96.11384679998991,33.54166619983533],[96.1046520000898,33.53118380009238],[96.0955331002724,33.52671129978671],[96.09153589976205,33.518922999996505],[96.07632630001876,33.51308639991748],[96.07141420030518,33.515072200122006],[96.05194319991881,33.51137299986408],[96.04263140001916,33.50740450031748],[96.0236224002536,33.50550950016333],[96.0048199999431,33.50861059999926],[95.99655519976272,33.50464800000526],[95.99717499992636,33.49689470003045],[96.01845690036572,33.465702199596876],[96.0219693995682,33.45380809986398],[96.01742379966868,33.44673989982658],[96.00667950025877,33.44708469989905],[95.99118310041979,33.45760060028755],[95.97134760031156,33.461220599950764],[95.96081000018143,33.465702199596876],[95.94799950027675,33.459324400101025],[95.92568459986444,33.46191000044621],[95.91783310021748,33.456221599647165],[95.93064350029738,33.42294489968742],[95.9114279001775,33.3979360000464],[95.89345190038495,33.39655600025924],[95.83125940030112,33.40762509971864],[95.79778699977027,33.44176959958742],[95.77712500021863,33.44280409962954],[95.74778499977799,33.44073520026933],[95.71389940033714,33.45418250022226],[95.70026249991452,33.45694070025314],[95.69860950012838,33.43142429969174],[95.68042699980623,33.41210959967833],[95.7052214003474,33.40659020037748],[95.70398170019536,33.38830510000042],[95.71761859971866,33.37484759993686],[95.72133770017479,33.3562107000638],[95.74117320028301,33.34620029960422],[95.7448923996646,33.33066460029113],[95.76927349967235,33.32306840018657],[95.76927349967235,33.31650749962148],[95.74163400030892,33.306361399558966],[95.73968029960622,33.29003590033659],[95.74328220041326,33.28232890015869],[95.75016840015161,33.27987340023731],[95.77334720011328,33.28775169968122],[95.78411530008111,33.29324320021357],[95.79569959955694,33.27286470024575],[95.79510870000655,33.26410870025637],[95.80599320012612,33.252164500191554],[95.83120079957729,33.241796499608824],[95.8345067002241,33.22347679961467],[95.85227599983756,33.20480749986626],[95.86191190011414,33.20964409969548],[95.86779780012841,33.165754299721186],[95.91077470009242,33.13530809988896],[95.92523809995839,33.11800449980785],[95.94176770031919,33.1110820996592],[95.93432939958217,33.1000049998309],[95.95457810039909,33.0882341998485],[95.9425941997626,33.08234820000945],[95.95251189990432,33.066765600152394],[95.95251189990432,33.02623810000836],[95.93598230044284,33.00059569993164],[95.91449390037326,33.00544759992687],[95.88928630002277,32.99678340003396],[95.89631130022639,32.96766549976303],[95.90003049960791,32.94373999990114],[95.91325420022122,32.92952039994657],[95.96325610038878,32.9239705999633],[96.02441559960027,32.926051800250434],[96.02466959962237,32.91418389956738],[96.03619289988251,32.90594299976965],[96.042764499682,32.89265479977922],[96.03320539970952,32.88802540015217],[96.0187701998849,32.87210250043012],[96.02057080000247,32.86793859978661],[96.012520599646,32.86552250006338],[96.03714629996182,32.854364999944835],[96.03405900022273,32.84285690002599],[96.02936429992258,32.80950360031096],[96.03661970013911,32.79587170011894],[96.04728939988598,32.786184599639626],[96.05753230027551,32.74957949979415],[96.04259469958578,32.73881049960494],[96.04046079992605,32.730194300126925],[96.05198410018613,32.71834569979427],[96.0800297999354,32.70829409959305],[96.10781970011914,32.720591600122304],[96.12189209994051,32.741068299762276],[96.14889609967531,32.764418700262866],[96.1709556996459,32.76122039990156],[96.16935909994254,32.74219889955964],[96.18657390006547,32.71576680029767],[96.19208699961541,32.70191739996807],[96.19031870044773,32.68473609959136],[96.18370890014569,32.65849939962766],[96.18370890014569,32.641613600287485],[96.17004159993996,32.611265299753825],[96.20252370030857,32.608847199938396],[96.25891460012878,32.613865700241945],[96.29472689992656,32.57403850037656],[96.28469939975753,32.557740399899615],[96.2983081001388,32.54083559968325],[96.31693050024245,32.53479740037977],[96.3488397999169,32.51273120028469],[96.37900030042357,32.450437500390365],[96.39714989994798,32.447197699914],[96.43367840003822,32.44417550029914],[96.44442209960027,32.43450379981056],[96.49599169975721,32.46109850009577],[96.52010560039321,32.46808799956159],[96.54469639981903,32.4641201996875],[96.5805085997921,32.41999429979717],[96.59112560016638,32.399019900048415],[96.600352200094,32.38650840044238],[96.61837110024612,32.384010199810916],[96.64881809957569,32.39093770001489],[96.68829530038784,32.37469810043706],[96.71653390021936,32.377650800444144],[96.71949230012962,32.389006600174525],[96.69797710026302,32.404448099999854],[96.69959079967572,32.421703099818274],[96.69208949963075,32.443427599803954],[96.7017268999765,32.45226700022192],[96.72433319961755,32.44735260004251],[96.73333770027472,32.43640220030136],[96.73804910008596,32.443494299822135],[96.7367043995884,32.45597639969117],[96.76171859983356,32.4852687000905],[96.78034099993727,32.4574725001558],[96.78726499997981,32.450529900334686],[96.79538219982874,32.45082419987699],[96.80970709960303,32.4641201996875],[96.83406039976768,32.46959129999857],[96.84981679990545,32.45565940036107],[96.84910049978828,32.41757579978338],[96.86127669975997,32.3994351997747],[96.89995389965281,32.37040250037512],[96.89852140014256,32.3455963996542],[96.87837590012776,32.346045200026026],[96.87631600028323,32.33936209958131],[96.88406639994446,32.33415249963821],[96.88134429959979,32.32966799967852],[96.89295189961052,32.32678670044589],[96.89279960032138,32.31876320006171],[96.89446159962318,32.31609449966146],[96.89649590026562,32.31609449966146],[96.9009142002302,32.312124400220966],[96.90000259974022,32.30505549961168],[96.90665960006055,32.30286569989221],[96.90874819996952,32.300511899804405],[96.90837350013697,32.29213679957371],[96.91105480003904,32.29071019961606],[96.91642209970018,32.29075589956517],[96.9169586999841,32.28483389986462],[96.9196616996278,32.28717199958817],[96.92160909968027,32.28703420006832],[96.92215649992261,32.28316850022617],[96.91640059960804,32.27936719993636],[96.91554120026626,32.275879000415614],[96.92362100000918,32.27108749978834],[96.92698810042054,32.26637919994016],[96.921234300023,32.26141110034206],[96.91281120027674,32.26356259973426],[96.90944070042804,32.259712600256364],[96.9093306000272,32.25205599988453],[96.90233920029391,32.250044599578644],[96.89770929974446,32.25206829991214],[96.89691739991815,32.255401600203754],[96.89522230016905,32.255943000169395],[96.88593279985889,32.25415529992722],[96.87578659997166,32.25710020011422],[96.87539450005619,32.25489520005351],[96.86771360000267,32.25183449956256],[96.86465570000064,32.25572030015178],[96.86156530029842,32.25596670000323],[96.85503669978391,32.246586799841],[96.85536719973652,32.244769600037046],[96.85888970029947,32.24164299992458],[96.86709989994051,32.24043220038578],[96.86521030021527,32.23664870037726],[96.86593950020784,32.23258749961349],[96.86360849973255,32.229445700059046],[96.86433209964673,32.22672690022631],[96.86765979985995,32.22656680021771],[96.86886639956475,32.23475320020009],[96.87328499990286,32.23431819992504],[96.87407799960005,32.23173480022092],[96.8716606003565,32.228351100123234],[96.8723196999942,32.22158029959121],[96.87668350014349,32.216847100213556],[96.87731160015028,32.21158699974029],[96.87978500017766,32.21148389966231],[96.88285909966777,32.20769569979677],[96.8925617997873,32.20779450021604],[96.89526099979537,32.20365290006134],[96.9022552998423,32.19990589993739],[96.90120689987856,32.19454020017014],[96.90458630031759,32.19152940036162],[96.91011770017178,32.19135999956438],[96.91014690025929,32.187252699552516],[96.91192190027556,32.18588709970993],[96.91549800043242,32.18704009982082],[96.91916999979571,32.18370869979668],[96.92377790023,32.1845707998026],[96.92642230004918,32.18061270001613],[96.92857890039602,32.17991060019409],[96.9416205998109,32.18050640015031],[96.94528139991672,32.17570029992896],[96.95694370029162,32.17440030023374],[96.95512760035854,32.17035479983417],[96.95830079974218,32.16654619974736],[96.96564690018437,32.16859140017306],[96.97186199973157,32.16145390017738],[96.98373229980587,32.159698300336345],[96.99728150014118,32.17085419966162],[97.00791720011875,32.18328570007503],[96.99728150014118,32.201286999595425],[97.0139946997956,32.23299479987014],[97.03222730044962,32.221855500231186],[97.04894059992881,32.22099850028064],[97.05927190007816,32.19757209987256],[97.08084769986152,32.201286999595425],[97.09806740039028,32.2102863003725],[97.12085820044564,32.19828699974528],[97.11933880034542,32.16785329959015],[97.11022249956875,32.15799229990478],[97.06919909975869,32.15756349955592],[97.06312150025707,32.14298440011004],[97.04640829970333,32.13397840028301],[97.05451170035474,32.12068229974841],[97.05400520037978,32.09537150039449],[97.03931780007645,32.08893539964902],[97.02854600029775,32.08960720041205],[97.02220379956577,32.08481469973867],[97.02069049956697,32.08000599957728],[97.01509050032638,32.080680000082],[97.01237819989404,32.07838179968036],[97.00414490026697,32.0779314003139],[96.99975140000714,32.07448789979679],[97.00009029962769,32.07219039996704],[96.9975540999418,32.069286999895155],[97.00798769977257,32.069825899745524],[97.01281520026134,32.06579060035597],[97.01845790021196,32.05704290020975],[97.02838919990171,32.050829899680195],[97.04846070010132,32.052726999751314],[97.05603020023364,32.047594399761806],[97.07020579995776,32.04806100041486],[97.07598609977873,32.05144390011594],[97.10020850002229,32.03931159965066],[97.10846620005515,32.04129489973991],[97.11135630005327,32.04444469966319],[97.13198300031524,32.045537500055616],[97.1525068999735,32.039661599603164],[97.16007640010582,32.03079469971567],[97.16887529955551,32.02752639972363],[97.17053600023627,32.03791159984053],[97.19078060014465,32.05941389983167],[97.2132873996938,32.046752899626654],[97.22462349977474,32.04537790007009],[97.23370689975366,32.04864429979466],[97.23604660027047,32.056926199684426],[97.2333679003084,32.066691399988144],[97.2100351004396,32.0825838999271],[97.2004011004305,32.09319470037519],[97.20508049966537,32.10007360031648],[97.21223710036196,32.099607200212176],[97.21983090017596,32.11169269995821],[97.23205540003676,32.106602199931615],[97.23563369993536,32.093427899977655],[97.24045069993991,32.087014900117595],[97.24959560005698,32.08386610024036],[97.25702250008834,32.073986499877094],[97.2592240998124,32.074949100021],[97.27471989980359,32.07372110004877],[97.28517949993403,32.075120599835884],[97.29054700014399,32.077336300030254],[97.30141949971022,32.075237199637115],[97.30430970043238,32.07698649972724],[97.30816329989642,32.07663659959945],[97.30843849963713,32.07885229979388],[97.29949280025261,32.092961499873354],[97.2939877001723,32.09890770033013],[97.30090379967066,32.11368799970148],[97.31463179961793,32.133294800414774],[97.30306240010975,32.135501900392455],[97.2923360997313,32.13469339998045],[97.27141679964564,32.14203529968938],[97.27435840022008,32.14834930037995],[97.27609609995511,32.1585814997365],[97.2696276002336,32.163125399917305],[97.26444749985228,32.18572029975206],[97.2696276002336,32.20028330043402],[97.27485749967394,32.20738700030989],[97.27719710036592,32.22764700020895],[97.28669339978063,32.263382100403646],[97.28832510002343,32.28395460032459],[97.292611400196,32.2925882997103],[97.29823870015593,32.29718990039362],[97.3113287003593,32.30015009984726],[97.32448579987982,32.30667110019118],[97.34532259975822,32.29887050037337],[97.34146910011896,32.28886529979383],[97.3424324997601,32.282931500088694],[97.35117099984183,32.28640950039818],[97.35770909989509,32.28048809964611],[97.37153340014635,32.275275700113525],[97.37999470039517,32.283650199597105],[97.38698739964883,32.28453129957984],[97.40865329981,32.297313700167194],[97.41638950007541,32.310638400042194],[97.40813449980737,32.32913970013709],[97.35800169971873,32.340530399858096],[97.3722381997332,32.35183720002681],[97.409652700212,32.34196850034607],[97.4110489003865,32.37036899972958],[97.38297270013004,32.42883299964325],[97.34825129955789,32.43595890018315],[97.33813479978124,32.44665910043716],[97.35091399968138,32.472839400318094],[97.38293460035158,32.49913019989884],[97.38285830007055,32.50874710019855],[97.36650850026712,32.51873019993883],[97.3802185002836,32.53277589978802],[97.3836887996984,32.53448099999821],[97.3873731998134,32.53173490034544],[97.39046120012432,32.524317800226356],[97.39663710002219,32.52079240024915],[97.4075374003308,32.519074900186524],[97.41415699964585,32.515793200296],[97.42495030041607,32.5151888001231],[97.4381592998119,32.51211910011642],[97.44002440020597,32.509891699742184],[97.44514399959598,32.511573699966334],[97.45440169987859,32.51009699967682],[97.45681879964792,32.51253229992574],[97.4595926002184,32.510816299932344],[97.46350800019411,32.5121085996322],[97.47120470043666,32.51069340038015],[97.47248780007197,32.511886500361754],[97.47890780025483,32.511936400144805],[97.48345719979,32.50912609968981],[97.48694480036232,32.50952600032468],[97.5007607998711,32.50519019966805],[97.50453380029472,32.50766580033644],[97.5086634997208,32.50656150031307],[97.51541900008687,32.5014460000329],[97.52218790035135,32.500330999875814],[97.52490570013799,32.498540400219326],[97.52754880043688,32.49896900001937],[97.53411430013489,32.49234720006331],[97.54381569983474,32.49251779965675],[97.55558439990017,32.49069260038323],[97.56335779972272,32.491485199882106],[97.56856269980881,32.49420339986705],[97.57379610030983,32.493757200334585],[97.58062210032972,32.497986999700345],[97.59301709995924,32.495357300199316],[97.59675220025389,32.492218200409695],[97.61067920038482,32.49328150034103],[97.61302519975322,32.49158219985867],[97.6213306996521,32.49266969964697],[97.62798259991712,32.490764799755766],[97.63099589984097,32.48759609968033],[97.63327060005821,32.48917670044443],[97.63615590037455,32.48879350021991],[97.64046019957863,32.48436869995561],[97.64139160044209,32.4811838003921],[97.64613809989345,32.48040390021987],[97.65528080026877,32.47500400013456],[97.66843560022284,32.47652440028088],[97.67599590029062,32.475093200290985],[97.67842039968178,32.47853049998264],[97.67754210018785,32.48371759978744],[97.67350050014801,32.488082999830624],[97.66662830015599,32.4896941002026],[97.66347750018656,32.492455400196604],[97.66613189956757,32.497334699836586],[97.66873130000954,32.49740089983169],[97.6745766999548,32.50200050042281],[97.67336359995022,32.50527029958471],[97.68452699962137,32.511703900214854],[97.68791510010186,32.518735600367734],[97.69962280005223,32.51534940015472],[97.71024079957328,32.51941239956267],[97.71832239975902,32.51828010004664],[97.73052960026092,32.52488030008584],[97.72960910007998,32.53033749957598],[97.70387289981454,32.53562670031204],[97.69750020037401,32.540077599801464],[97.6959141002556,32.54548379963768],[97.69280130023986,32.54709740012498],[97.67637820029375,32.54935720037457],[97.67053989959675,32.55263900008981],[97.66446039982765,32.55710249998043],[97.66536440014698,32.55935930009167],[97.66312529959293,32.56246580035645],[97.65579350016998,32.56413339973665],[97.64209590000581,32.5731971998909],[97.6373536003884,32.57925120028273],[97.63235259999254,32.579432099811584],[97.63063600015136,32.577465699782294],[97.61679200025065,32.58929449974141],[97.6099276999035,32.599039100174366],[97.60787230026648,32.61519409962807],[97.60582730038965,32.618110699948886],[97.59757070022772,32.61846660035337],[97.59179010003317,32.61593239986041],[97.58949139960845,32.61243009986924],[97.58722650020286,32.611775200065495],[97.58111719959913,32.61934279993034],[97.56876909961431,32.620488100045804],[97.56109540043246,32.62396169997254],[97.54987220034184,32.621797899653416],[97.54694439986423,32.62243609994613],[97.5404718001335,32.62824089999759],[97.5398659997162,32.634523900157944],[97.53324019957563,32.641555200112464],[97.52942030040657,32.642153000160874],[97.52597219985722,32.63973340027627],[97.52658070003935,32.63668749992826],[97.52225370014821,32.63643130016442],[97.51800969958805,32.640577899650395],[97.51697440004858,32.64731330016872],[97.51446359991525,32.65070399968988],[97.51223669956408,32.651537399631366],[97.50149790040786,32.64887070022269],[97.48243499977548,32.656084399775295],[97.47963610002603,32.66300920021445],[97.48013120019482,32.666385700339845],[97.47852550025169,32.66753820042766],[97.46923049968785,32.66674529965593],[97.46485800039648,32.67519320000622],[97.46006339980613,32.677266599573954],[97.45348910024182,32.684627000136004],[97.44860080018685,32.687390900070056],[97.44692110042848,32.69078879956351],[97.4422274999992,32.69330569979826],[97.44188510021723,32.699043299808466],[97.435230699837,32.69880350008151],[97.42677260027534,32.70260509984553],[97.42238289965115,32.70805300034573],[97.42851270030093,32.71204400003063],[97.42554560034921,32.72797240000631],[97.41337870026689,32.73745600009437],[97.41265429995605,32.74260030026369],[97.4071689004245,32.747201599674156],[97.39364049960943,32.7722183998593],[97.3852280001721,32.78150230009112],[97.38489619979987,32.789098400370904],[97.38130190006268,32.79612350039929],[97.3804136001076,32.802748500143196],[97.38198399986175,32.8051712998157],[97.38037140031992,32.807193799554284],[97.37785690037572,32.826016299712535],[97.38037519995555,32.8284624997446],[97.39012689963675,32.82898570013003],[97.39209850044551,32.83080449982788],[97.39147749968691,32.844879799962825],[97.38252260023785,32.857490500186486],[97.38320450038742,32.861619800313576],[97.38847199958315,32.86480329963263],[97.38815080041917,32.86669169966228],[97.3860208002198,32.86878920016153],[97.37697349992715,32.87057640038063],[97.3719254002371,32.87622070022519],[97.37809229971992,32.8832700999352],[97.37845099971395,32.8853581998211],[97.3750793001696,32.888276099662335],[97.35706319960701,32.888575799633486],[97.35034820020934,32.89281229984783],[97.34737540035451,32.898573900065514],[97.34927510036567,32.90726620017506]]]}},{"type":"Feature","properties":{"shapeName":"Zhidoi County","shapeISO":"","shapeID":"62558664B85476586378126","shapeGroup":"CHN","shapeType":"ADM3"},"geometry":{"type":"Polygon","coordinates":[[[89.81796759972502,34.90524219996763],[89.82700080044663,34.90065609999908],[89.8446247003697,34.90290949977367],[89.84849610011497,34.906201999622624],[89.85874790019551,34.9091954002476],[89.86390970027253,34.909136599874216],[89.86294550023473,34.902348900181664],[89.86791340018334,34.89553029978356],[89.87475709976042,34.892328699809696],[89.90111760039701,34.87398980018918],[89.91221949993002,34.87124480040728],[89.92448730034869,34.874571999698105],[89.93579189987634,34.8841786000624],[89.94288899962771,34.89291080039317],[89.95338260042672,34.89910599974212],[89.96473790013403,34.90243200023667],[90.00370619978133,34.90921049986474],[90.01675400019701,34.915677299867525],[90.02420989976713,34.915677299867525],[90.05776140016854,34.90862259955338],[90.0774049004159,34.907446799829984],[90.0876539998323,34.90389300016187],[90.09446740035031,34.89709870034477],[90.09848209986905,34.88522020025209],[90.1054149996026,34.875621999555676],[90.11439759996932,34.86981099957802],[90.1219409999772,34.8670499999576],[90.16443809993842,34.881338800045626],[90.18236100016009,34.89556979980648],[90.1833647002208,34.90192009983281],[90.18021020044046,34.9107391000295],[90.18379480009003,34.916970599613535],[90.19612569964136,34.92602309978628],[90.19913679982352,34.933076300031246],[90.20687939966461,34.94024639955177],[90.21791989978362,34.944477699885965],[90.23899710013615,34.94776850001631],[90.24788690036024,34.94588799963151],[90.25577289979952,34.93860090011151],[90.27011120037167,34.92919709956652],[90.28975459989493,34.92943220033584],[90.30326800001825,34.92401499999232],[90.3124090996003,34.93272360031398],[90.32000829984321,34.93672020007722],[90.33692750000421,34.93930609989667],[90.37336989990104,34.93280780023986],[90.41737180036836,34.941950399891084],[90.43237700039833,34.93230910008498],[90.45549320035099,34.92732170013642],[90.49118140000166,34.92732170013642],[90.5655993001676,34.92366409981838],[90.60372079997501,34.92765420018122],[90.63129799970301,34.92366409981838],[90.63596180019698,34.91834369980194],[90.64184229978235,34.90371080021333],[90.65116980004632,34.898721699646785],[90.677733200327,34.90537379956123],[90.70429199967612,34.9042929997222],[90.71686849958166,34.90121630029205],[90.7270810001881,34.88881299992005],[90.7798079999393,34.891708000324],[90.80183069982701,34.88325370039803],[90.82758299975569,34.86994539966054],[90.90730299963377,34.84261299989009],[90.9149785001577,34.83466829990215],[90.91802009994774,34.82101930000073],[90.92597199990792,34.80876500020463],[90.94580010039437,34.801041099966824],[90.94012239972903,34.78355610033384],[90.93951410009572,34.774229299742444],[90.95289710032097,34.75973740036079],[90.9752022997464,34.75807149979994],[90.98169100003969,34.74924159982004],[90.99104299963477,34.74551800005571],[91.00217119984109,34.748075299635445],[91.01028209993905,34.764068600085864],[91.02042080037967,34.76773329965209],[91.05827299999902,34.7636449996171],[91.06158389997705,34.775395199728734],[91.05266179970238,34.7923822996035],[91.05747199993289,34.79759999974027],[91.09476500020463,34.797389999948564],[91.11825120013282,34.789855899829945],[91.11896810009779,34.784203499791715],[91.1264239996679,34.78396799972347],[91.15467040021883,34.800806199746376],[91.19000189996774,34.80045300000597],[91.21007550008432,34.80633959969282],[91.22728139961697,34.80728150014119],[91.25280350008154,34.79268189974994],[91.3151089999804,34.792312999645276],[91.34878549985098,34.76422169977167],[91.35504670044492,34.7610446000283],[91.36706269968391,34.75780879973638],[91.37237140041987,34.75443209996149],[91.37959229994476,34.753587900061575],[91.4359129995853,34.73070100025103],[91.57907899979608,34.701550000432235],[91.67405700003059,34.66326100009513],[91.70272099987432,34.67194699955445],[91.72512100043389,34.668682000074284],[91.73974679987498,34.643621000009205],[91.75942200032512,34.62659800009766],[91.8197249996091,34.62521400012605],[91.82982729998997,34.62047800025954],[91.85250899969066,34.594303000083414],[91.88798060032451,34.58543860031119],[91.95740500044047,34.57821300002996],[91.96513830039231,34.56916530043833],[91.96520999974177,34.55691499992736],[91.92953500034002,34.51932899963367],[91.92788969965,34.50717229966193],[91.93691299973523,34.49044000020592],[92.00365400003216,34.47542999959484],[92.08410539964456,34.43855050040531],[92.10196950039222,34.43666959982221],[92.14885699975082,34.40990399956996],[92.21092999971978,34.397605999917005],[92.23404700006904,34.37820400001465],[92.29833050035239,34.383675200150435],[92.36395300033075,34.380779000050836],[92.42293499985044,34.39123200005679],[92.43747699956396,34.38229799995281],[92.49015799989184,34.37988300010045],[92.50433749997569,34.409079100020506],[92.51272600010486,34.41757199974802],[92.53673600026627,34.41306299955784],[92.54576700034687,34.40500240034055],[92.53949549981752,34.38289100031949],[92.55353499974052,34.343814999662584],[92.57788429972072,34.291246699675526],[92.61188499979295,34.241440000056],[92.62178429980565,34.2202477997962],[92.63090640031021,34.18991369955762],[92.64572979969057,34.170890299847485],[92.6539016999036,34.15579439959191],[92.6539016999036,34.14903179997765],[92.65998309994018,34.14462789995764],[92.66036320020157,34.13581950006994],[92.65180139981481,34.12524389998606],[92.6552220998201,34.1147027996945],[92.6690952998083,34.113129399802006],[92.67669709999126,34.102271999852974],[92.68980999963185,34.095819900168294],[92.69102340000995,34.085125100343134],[92.70231139985128,34.07644360019202],[92.71071599964375,34.07291400038088],[92.73483159999842,34.07822449976089],[92.75633259956987,34.071768600440635],[92.79278109956817,34.083461400423346],[92.80223620014056,34.08496779992407],[92.80639719957117,34.08204809964013],[92.81668420001586,34.07955909997253],[92.81824450038346,34.07611260021639],[92.82610420004886,34.073623399999974],[92.83228799959159,34.0764955998921],[92.83303930042342,34.081521599642144],[92.85280410032902,34.08903619976087],[92.86303319972245,34.089418999787085],[92.86863899959025,34.09209919981828],[92.87672989966518,34.09248209966921],[92.88331819987508,34.09061559993006],[92.89296940031761,34.09248209966921],[92.89580119996549,34.094874999581634],[92.90961349966335,34.09611929976592],[92.91247419992442,34.094617600122206],[92.90819759983941,34.08147949967923],[92.90403660040886,34.077410900192945],[92.9038342997132,34.07293510027472],[92.90190100013109,34.071373000363735],[92.88539869959038,34.06486849988141],[92.87725000008749,34.06347429979917],[92.87587899981605,34.055839599717785],[92.86566269957399,34.04669790028794],[92.84943640006986,34.04396340009089],[92.84363360011059,34.03786819995753],[92.83525620031344,34.03349969995122],[92.82818660003164,34.032991699907086],[92.81956409990335,34.03851160013028],[92.81547760031106,34.038850200276556],[92.81012430039618,34.03631039970526],[92.78196829969733,34.03891790034089],[92.77857650030529,34.029537299606716],[92.77265100044337,34.022357199625105],[92.76603090020592,34.02161209961878],[92.7650909998498,34.01514269967589],[92.7584300002444,34.012331200424626],[92.75744919962091,34.005759499901046],[92.7552017002983,34.003455800145105],[92.7489492995706,34.00277830037834],[92.74751899980208,33.998475699993605],[92.74424979958866,33.99657850009777],[92.73881479986318,33.99684950000449],[92.73599509969415,33.995392699913225],[92.73231729970365,33.989056799831474],[92.72561710044886,33.98543060024207],[92.72460570039283,33.97761930029054],[92.7160088003659,33.965741499870376],[92.7179352003493,33.95513080014638],[92.71294649998106,33.951484399985134],[92.70840230032599,33.95115659979729],[92.70574199959367,33.94726200024115],[92.70785900009287,33.94173249975512],[92.7180832998045,33.938044499653984],[92.72450439985823,33.92238920040131],[92.72771700033934,33.92063089989614],[92.73588979987443,33.920572999744195],[92.73945219975928,33.91906589967158],[92.74761999996309,33.909912000038844],[92.74163530042881,33.90137460005781],[92.74896979961665,33.88044220044725],[92.74680440030289,33.86310089988666],[92.74114640018627,33.852369600176985],[92.74132700024091,33.8459943997218],[92.74567359995672,33.84090739985669],[92.74182089981474,33.8363945002061],[92.74478449960503,33.81801220020293],[92.75438930042594,33.799753299775034],[92.75994249984655,33.79577700040829],[92.76036160010784,33.79284550011977],[92.75561170031978,33.78907210039716],[92.75536719983648,33.78399229960502],[92.75166500033953,33.776444500113655],[92.75187459993288,33.76729919979829],[92.75641499995237,33.76474419978507],[92.75686900020423,33.7615212004431],[92.75540209982711,33.749121900255545],[92.76420350029139,33.73204450035348],[92.77331920032088,33.724840699638605],[92.77209680042705,33.7201928000577],[92.76530349975678,33.71253249987501],[92.75769699971681,33.711792900122305],[92.75344920042033,33.7094919999559],[92.75680790026445,33.70534200013327],[92.76219179961191,33.70525980029959],[92.77537970001322,33.70032880043385],[92.78377649998555,33.690671499889845],[92.79405030018125,33.68882209986009],[92.79686569979225,33.68631510026171],[92.79568770032716,33.66957400004014],[92.78271980017871,33.637889799774484],[92.7837790999256,33.63436179985723],[92.78593430002798,33.63302359965945],[92.7912311000353,33.63396640032914],[92.79572420021174,33.63265859991452],[92.79977899960119,33.62675799958208],[92.80408949963078,33.62541959973481],[92.81166929969851,33.61875800028156],[92.83495000004251,33.619036899833134],[92.84982909983313,33.64381409994081],[92.88613410040847,33.662144599893395],[92.92243910008443,33.658677000243415],[92.95279249977409,33.64926410035798],[92.98314590036307,33.65669539987283],[93.01468960044474,33.65075040001102],[93.03016379961974,33.66511679990043],[93.0628978999182,33.64579589996089],[93.07480119971564,33.65025500036802],[93.08848990018879,33.658677000243415],[93.1021786995874,33.655209200044624],[93.11646269999369,33.658181599701095],[93.13312730028474,33.655209200044624],[93.14324509958175,33.65768620005815],[93.16229029975761,33.64381409994081],[93.2087130996299,33.63687720002281],[93.2229971000362,33.62300169956882],[93.25275529961743,33.62795750003863],[93.25811180021947,33.64034569989417],[93.2682296004158,33.64034569989417],[93.30274909959132,33.62647080018735],[93.33905410016666,33.64133669972898],[93.35809940016725,33.64282310010606],[93.36048000005201,33.62696629965507],[93.39559470023528,33.6200281002167],[93.43547070001284,33.63588610036328],[93.5027243003862,33.66561209971866],[93.51641309978481,33.65174130002106],[93.5836666003334,33.63291300013492],[93.67472680030164,33.65620000022989],[93.70269950028177,33.67502320006071],[93.72174469955831,33.68294749982732],[93.73447599976765,33.69488969979983],[93.78564849977852,33.65590319967299],[93.8386227996026,33.63220270029444],[93.89664229970242,33.59648960021491],[93.92907560015885,33.58658339970418],[93.97374020025012,33.614309799657576],[93.99824540040498,33.643115500280146],[94.0299578996374,33.644315499860454],[94.04221049971483,33.66891240028707],[94.05662520039272,33.667112900040365],[94.09338289990097,33.67431080030326],[94.1330236001591,33.65871459999886],[94.18131310031936,33.65511499965754],[94.2058182995749,33.665913199934266],[94.24329669958308,33.662313899966534],[94.27500919971487,33.68390709983282],[94.30816319977191,33.689904200118804],[94.33987579972842,33.68330729969216],[94.3442001996795,33.70849270027793],[94.34492090017943,33.73666750040485],[94.3773541997366,33.757043500257396],[94.43861699957495,33.76303549958868],[94.47609550030717,33.78999449994626],[94.5092495003642,33.77741470042815],[94.51933980019169,33.78759850007077],[94.52510570006808,33.804369099854114],[94.58853080015638,33.79478630004775],[94.65123509991997,33.76842800005221],[94.68727209982762,33.72707710042789],[94.69375870020389,33.70069800001272],[94.74276899978958,33.667112900040365],[94.80259029970262,33.65091540042545],[94.79754520015092,33.60650659989972],[94.77520230024601,33.60050360006113],[94.79177930027453,33.588496499613825],[94.78385110014824,33.57948999976372],[94.79177930027453,33.568080499715336],[94.78817559992405,33.55967249958621],[94.78817559992405,33.54705899977307],[94.80042810017676,33.55066299959782],[94.8083563003031,33.56327600028726],[94.84439320038592,33.55186440032185],[94.86673610029084,33.562675399749935],[94.90637679964965,33.56207489993676],[94.93808929978144,33.54645830031035],[94.95899079958576,33.55967249958621],[94.99863140001918,33.517620299637144],[95.04043429980317,33.52362900027822],[95.06998460040904,33.55787069977305],[95.09521050016451,33.57108310040479],[95.11611190014412,33.56027310012354],[95.13629259962386,33.51461579957953],[95.15359039997702,33.50980839983782],[95.1636806998045,33.46532689991653],[95.17593329988193,33.44849010013809],[95.1838614001835,33.42864260037578],[95.24224129999607,33.422025799750884],[95.26602569982623,33.3991636996451],[95.28260269985475,33.42743959975775],[95.30350409983441,33.41961949994004],[95.35467659984528,33.397358500394546],[95.37485730022428,33.372684199816035],[95.39503799970396,33.37930480007651],[95.44621049971482,33.34980919983474],[95.45485940034109,33.33776720029613],[95.48008520027184,33.34499260002855],[95.50675259995256,33.33596079955129],[95.52621250000692,33.31548529960696],[95.52405029958175,33.29500490015607],[95.54783470031123,33.2956074000615],[95.55215920008709,33.3046432996486],[95.56801539979091,33.29681220022292],[95.59612419957222,33.30404100029199],[95.601169399848,33.3160875998629],[95.62999899995395,33.30223380004986],[95.63576489983035,33.31066680043256],[95.67180189973794,33.32753030018324],[95.68693739984121,33.319098899694495],[95.70351439986973,33.29681220022292],[95.71432550002186,33.275724899584475],[95.73968029960622,33.29003590033659],[95.74163400030892,33.306361399558966],[95.76927349967235,33.31650749962148],[95.76927349967235,33.32306840018657],[95.7448923996646,33.33066460029113],[95.74117320028301,33.34620029960422],[95.72133770017479,33.3562107000638],[95.71761859971866,33.37484759993686],[95.70398170019536,33.38830510000042],[95.7052214003474,33.40659020037748],[95.68042699980623,33.41210959967833],[95.69860950012838,33.43142429969174],[95.70026249991452,33.45694070025314],[95.71389940033714,33.45418250022226],[95.74778499977799,33.44073520026933],[95.77712500021863,33.44280409962954],[95.79778699977027,33.44176959958742],[95.83125940030112,33.40762509971864],[95.89345190038495,33.39655600025924],[95.9114279001775,33.3979360000464],[95.93064350029738,33.42294489968742],[95.91783310021748,33.456221599647165],[95.92568459986444,33.46191000044621],[95.94799950027675,33.459324400101025],[95.96081000018143,33.465702199596876],[95.97134760031156,33.461220599950764],[95.99118310041979,33.45760060028755],[96.00667950025877,33.44708469989905],[96.01742379966868,33.44673989982658],[96.0219693995682,33.45380809986398],[96.01845690036572,33.465702199596876],[95.99717499992636,33.49689470003045],[95.99655519976272,33.50464800000526],[96.0048199999431,33.50861059999926],[96.0236224002536,33.50550950016333],[96.04263140001916,33.50740450031748],[96.05194319991881,33.51137299986408],[96.07141420030518,33.515072200122006],[96.07632630001876,33.51308639991748],[96.09153589976205,33.518922999996505],[96.0955331002724,33.52671129978671],[96.1046520000898,33.53118380009238],[96.11384679998991,33.54166619983533],[96.12406110013973,33.539880399860635],[96.14719570022146,33.526394699755656],[96.15560509969566,33.51434810018475],[96.17214869980273,33.50579189987633],[96.19115769956824,33.498383300149214],[96.20810049973835,33.498210999937726],[96.21719180026145,33.494247999745426],[96.22545660044182,33.4945926001684],[96.22958899963271,33.50045089998912],[96.22586980025113,33.50820389959034],[96.20045560044565,33.533869899676176],[96.19756289960822,33.540758800078606],[96.2062408995979,33.54902479995462],[96.20334830038382,33.558150899744305],[96.1797935999947,33.57226860021581],[96.17834730038766,33.59498989976413],[96.19177749973187,33.59894829992413],[96.21388589961464,33.61684479964782],[96.21781160042508,33.628028300066035],[96.2287625001893,33.632845300070585],[96.23516770022923,33.642306599669894],[96.24549870000504,33.647466799852964],[96.26554079956833,33.64437070024769],[96.27855780000255,33.65572259961834],[96.29240139970489,33.65813040039774],[96.29880659974486,33.66397759988638],[96.31450969976288,33.66982430025132],[96.32236120030922,33.68237639975109],[96.33434519987111,33.68512729998497],[96.33806430032723,33.69355129995256],[96.34157680042904,33.71658430002549],[96.35851970042387,33.7311916004121],[96.36496629985493,33.754274500268025],[96.3450853003464,33.750048899836884],[96.34503329974706,33.747805399799404],[96.34876070004634,33.74485309999062],[96.34693520039923,33.740980200176125],[96.33711519990663,33.7475575997035],[96.33508560002048,33.74723050008754],[96.3347468002247,33.740059000322674],[96.32997860013234,33.74097729986255],[96.3260237001337,33.73852539992731],[96.33334929963053,33.73058930015611],[96.32292720033007,33.72284129988611],[96.31739640032367,33.722762399665044],[96.31277860015234,33.72841900043659],[96.30783690015289,33.72514399959596],[96.30618850039906,33.726377800195394],[96.30561099984783,33.73082780036276],[96.30259839959655,33.73282710029048],[96.28893129993958,33.735786600071606],[96.285662699574,33.734024599755514],[96.28578979985946,33.72495070021472],[96.28001179960495,33.72719099956504],[96.27776630037454,33.730670599768416],[96.27215860023927,33.73048880001818],[96.26508759971301,33.72392530041236],[96.26675389957285,33.71628550027566],[96.26206449987683,33.715318399924286],[96.25647469984756,33.71958470007388],[96.25546660030341,33.72248269971686],[96.25842450019059,33.72858149983642],[96.25822419958718,33.73338660001161],[96.25705979967006,33.735164199967926],[96.25481099992777,33.735331900147116],[96.25163659994917,33.73119130003852],[96.25169550014726,33.716368200132365],[96.24133790022398,33.71348840006965],[96.23753879967592,33.71429920004812],[96.23461539958106,33.715992100055416],[96.23092459989044,33.72413070017171],[96.2311822997234,33.72744770025122],[96.24034810008482,33.73351640006189],[96.23695329965511,33.74016630023465],[96.23357919982027,33.74223080011137],[96.22754880033693,33.743079699868304],[96.22523000006453,33.73773519981967],[96.22335819972119,33.73683650010446],[96.20591970043387,33.733115600104895],[96.19958059966501,33.73480959998312],[96.19780549982403,33.73837550002935],[96.19927619983679,33.74401960022442],[96.22424250039114,33.74695919980729],[96.23431630035702,33.750258600154325],[96.23529869997509,33.75195779991259],[96.23095279993186,33.755501799668366],[96.23346899959472,33.7644233000953],[96.23238600001395,33.77209609995509],[96.24505050038033,33.77479360024449],[96.24631019965602,33.776289500160374],[96.24504369970703,33.777845300320394],[96.24155030030619,33.77807980034254],[96.23279569966189,33.77522610040427],[96.2286753999498,33.77551150025556],[96.22229050030643,33.77179330002082],[96.21621020014067,33.77150730032173],[96.21453499969056,33.773317599627546],[96.21487459988293,33.77811559965528],[96.2201003003886,33.783321200313196],[96.22087380008588,33.79048390021188],[96.2178527003419,33.79077929962506],[96.21338599976411,33.78734390020088],[96.21283880007064,33.7804984001811],[96.18997240030609,33.78220300036821],[96.18476919993867,33.78104540022508],[96.18061960031434,33.77822699957642],[96.18055490038842,33.77560140008461],[96.18767860028726,33.76952469990505],[96.19052539972745,33.76441050004462],[96.18990959974826,33.76095540007168],[96.18700940036359,33.7591732999079],[96.18429669973295,33.75938079958428],[96.18205690040571,33.76142199982547],[96.18037290008931,33.76901629966255],[96.17785239986841,33.7716335003858],[96.1716191996664,33.773360599811895],[96.1672364004396,33.77225920010204],[96.16276779959435,33.769014699768604],[96.16054879978736,33.76277290024922],[96.15388670031103,33.757897300420154],[96.14633889992035,33.75815209993954],[96.14242900019826,33.760808000289046],[96.13908160033566,33.76605229967396],[96.13840719963264,33.77188789970688],[96.13226809999287,33.77514319999875],[96.11115999983417,33.76415619964894],[96.10504989973316,33.763886000138825],[96.09790889957611,33.76670990014185],[96.09710159975907,33.76882140038737],[96.10062980022514,33.77785190044489],[96.10444079970318,33.78142789987771],[96.10937589957814,33.78484370037654],[96.11642310044579,33.785671699889065],[96.12867990035716,33.78457059965348],[96.13191090006802,33.787566700043214],[96.13103020028359,33.789719300205604],[96.12035910029232,33.796601999782524],[96.11888619963844,33.79980950020831],[96.10541810016525,33.81187969978839],[96.10049840028103,33.81037790031991],[96.09594839999875,33.80507660010505],[96.09206270013357,33.80374950023929],[96.08885099987378,33.797707600225635],[96.0872510996586,33.797313199844325],[96.0833902003975,33.79948019995129],[96.0804930002518,33.804014900067614],[96.07742440011606,33.80517159998942],[96.07584700003906,33.80889230033944],[96.0652975999044,33.81403570028738],[96.05679669980793,33.8084865001519],[96.05490379957075,33.80317580022307],[96.05098829977027,33.80278380013232],[96.0437593000517,33.81533979999182],[96.04530669964453,33.82756410020312],[96.04180470002694,33.83464019988537],[96.03830020029409,33.83498309969036],[96.03309649990359,33.83305550001137],[96.02449370032406,33.82266190022659],[96.02151120038167,33.8227200998528],[96.01141049989474,33.83120989961725],[95.9986928999574,33.83316580006169],[95.9916831999198,33.832837099652465],[95.98629550003733,33.83522000000306],[95.98257400019003,33.838235999691676],[95.98165740036882,33.841741500370006],[95.99395730028925,33.855905499739094],[95.99461630010222,33.859973899575834],[95.98754199996341,33.86905409976697],[95.98453980037152,33.8697113000365],[95.97348569980528,33.86306709976691],[95.9638587999437,33.86173789998412],[95.95830840011263,33.867028599890034],[95.95793819958828,33.8697287999442],[95.96028319980991,33.87293070029165],[95.95980949990854,33.87841519960182],[95.95828170014039,33.87979859972563],[95.94561530040585,33.8866723996116],[95.93007230039643,33.88599179988171],[95.92784120021128,33.88755160022623],[95.92533059972743,33.8922604999222],[95.92479050018147,33.90829350004503],[95.9219128998605,33.91163889981544],[95.9183000003448,33.912381800080084],[95.90459859964574,33.910037799904615],[95.9000661999952,33.91072349968982],[95.89383619958102,33.9150186995534],[95.89134989967818,33.92483490041036],[95.89345369992839,33.93137370013619],[95.89715300001097,33.933753200150136],[95.89833200042153,33.93891660012105],[95.8969010999059,33.945316100257855],[95.89242949982162,33.950120700410025],[95.88936530006862,33.95058709961501],[95.88460420012382,33.94783449966246],[95.8732317998078,33.94520260041975],[95.86869670039249,33.945664799790734],[95.8650756997838,33.97897820018386],[95.85785859989454,33.984400999706395],[95.8448334003412,34.000684700238764],[95.84506989955628,34.0076913003133],[95.84279420019226,34.01228060006969],[95.832939799732,34.023503300137236],[95.82243019999379,34.02480560029829],[95.8211770001185,34.028099700041196],[95.82851699955995,34.04285890041797],[95.82235939996639,34.050181899974746],[95.8188574003488,34.05792270027246],[95.81224650017589,34.062079599693845],[95.8056401002105,34.06338640006237],[95.79773650013942,34.06130159978903],[95.79460320007769,34.057093099966664],[95.78777329969807,34.05400509965568],[95.78415079991953,34.054946699730465],[95.77980210028676,34.05962759993383],[95.78038310010004,34.06923020011368],[95.77872939974208,34.072897499619955],[95.76400040039823,34.079372600365275],[95.75190700010802,34.0809857997549],[95.75048069962463,34.08281169960031],[95.75057309956895,34.09113310041232],[95.74503949997302,34.09812850033006],[95.7400796003933,34.098982400317595],[95.728500700447,34.10671089968832],[95.7214500003173,34.10862709956103],[95.71877300007395,34.11111319981438],[95.71936589971654,34.11420179997316],[95.71639860011538,34.11774209991802],[95.70727420004437,34.120788399565015],[95.70401579978937,34.12588770035711],[95.70112679966212,34.12634769998641],[95.70532350037928,34.131011200106855],[95.7045040003594,34.13385949961628],[95.69039599997546,34.143238499557185],[95.68665330040955,34.149753899822656],[95.68863480005604,34.1567168998651],[95.6925117998797,34.15853649995955],[95.69477470009241,34.16495219958438],[95.69223250012982,34.1709353999488],[95.69251990007336,34.174845000196626],[95.68466769985451,34.17908460037404],[95.68418739982872,34.19477019958509],[95.67753370002032,34.19974530040537],[95.66992130042775,34.20923790000916],[95.66592469976513,34.212338700370765],[95.65901029998543,34.213207199952365],[95.65013189956755,34.21206509962468],[95.64519529962342,34.209958399960215],[95.64040479994162,34.21227410026955],[95.63332329983047,34.221687699827555],[95.63125469994452,34.228010799858566],[95.62572549983201,34.23053049968286],[95.61530529989972,34.22887709969842],[95.60744980006825,34.229602699704856],[95.59518449976491,34.21989629977446],[95.58760850023214,34.21839100014461],[95.57859349999006,34.218139199864254],[95.57224910041572,34.21932559989659],[95.56835199984499,34.22163649962482],[95.56207130015042,34.231233899924575],[95.5627266999773,34.232895199553866],[95.56551839975441,34.23586509999444],[95.57215699994566,34.23905280004675],[95.5782168998901,34.23887310021348],[95.58433310009258,34.24074880001717],[95.58746599995601,34.24745980012972],[95.58308860025875,34.253814499639475],[95.57866940007284,34.256171100216136],[95.57335019975199,34.262112400267085],[95.56121640011685,34.2678465999407],[95.56135840036995,34.27180509992547],[95.56969410040244,34.291293899693756],[95.5702264999531,34.3026058997425],[95.57240239975101,34.30829209990054],[95.57107019982993,34.31124860044258],[95.56684220000756,34.31263349973625],[95.55939060009615,34.32099439967186],[95.55844930039495,34.3281250998935],[95.55093459955219,34.330684199915936],[95.53365279993682,34.33275570011551],[95.53109200019571,34.34114859972817],[95.52824519985614,34.34369300033177],[95.5233029000089,34.34556750043987],[95.50847860040716,34.345810300305175],[95.5019592997819,34.34875669966203],[95.49967479965233,34.352571600399074],[95.4847956998617,34.35627400044484],[95.47014309972434,34.367074600112744],[95.46251149960608,34.366077500176516],[95.45924090004758,34.36748240039253],[95.45389330003582,34.374804200253664],[95.45332289963216,34.38229549983748],[95.44797910015541,34.382404399643406],[95.43772990001492,34.38898380016229],[95.43158079991406,34.38980209958726],[95.42603020043344,34.39333399986424],[95.42070330011728,34.39937510038061],[95.41108439972533,34.41217700006854],[95.40950589977751,34.4224816002457],[95.40680810001385,34.42558360030296],[95.4021785996627,34.42736509971962],[95.40035080044913,34.43048099969843],[95.39883999966634,34.439610300175275],[95.39554720034306,34.443446600280424],[95.39043830018744,34.44542879959948],[95.38075019966203,34.44615849961514],[95.36168589968457,34.445857500123566],[95.34913800001874,34.45569520017341],[95.35349040036175,34.4732604004472],[95.35123229983083,34.47917599967269],[95.34792470036467,34.481342800130165],[95.3346568996962,34.48438940015075],[95.32831789965138,34.487283600158094],[95.32094639965669,34.487227899747836],[95.30955269979734,34.48347070041257],[95.30641469987853,34.480064600001356],[95.30552959971129,34.47376030029767],[95.31648229991828,34.466839300393474],[95.31951009961148,34.45887399963544],[95.31828840028948,34.45516250024923],[95.31492510041312,34.45247069986294],[95.3058702997746,34.45049719968608],[95.30166079990607,34.45434150016018],[95.30198740039827,34.46358290023073],[95.30044779972621,34.46725620001365],[95.29732200001035,34.470551100153216],[95.28534959990418,34.47705759982841],[95.27341330038354,34.47545919968235],[95.27050130009496,34.472556299633595],[95.27094100022703,34.463329000033355],[95.2501757000486,34.45959739990013],[95.24170690035322,34.463836800428055],[95.22610850030708,34.47886620031494],[95.21108759991284,34.49843950038269],[95.2043707002477,34.50119859973563],[95.19790740040628,34.50159989971564],[95.19272970031545,34.49926129996908],[95.18361229966797,34.4900742998891],[95.1768343998877,34.486778000404456],[95.1664715002596,34.48724879999219],[95.15940690020835,34.49130279988435],[95.1565901003529,34.4978187001729],[95.15038939985101,34.50493939993339],[95.12504399998068,34.51657310006857],[95.12151369959764,34.52246899964467],[95.11672210004497,34.52563530032887],[95.1044725999306,34.52944369986693],[95.09564529989075,34.530269600361805],[95.0896265996879,34.52564610028736],[95.08413999956139,34.52379050033136],[95.08016329999634,34.52431490041238],[95.07703040013291,34.530826199769365],[95.07129570043628,34.537152999611294],[95.0579811997726,34.563338199898055],[95.05416439966734,34.57563470038116],[95.04660990022677,34.58486409989837],[95.04333790042381,34.58706780043872],[95.03557579968344,34.587439599957634],[95.01578550040057,34.57968710037943],[95.00998790032139,34.57964749963247],[95.00695999990415,34.58332030029169],[95.00650000027485,34.59031820032476],[95.01398149994634,34.605421699851604],[95.01119979973106,34.610420399781674],[95.00403499991535,34.61435159994642],[94.9812983003763,34.61906609972078],[94.97594649963133,34.6265164999366],[94.9771671998065,34.63460930027901],[94.98469150001279,34.64186159963316],[94.98628050044482,34.64832800033702],[94.98365549990143,34.65394040032925],[94.97672699965136,34.65995470014934],[94.96761319988934,34.66075279990184],[94.94103429979316,34.65906020026807],[94.93214300039921,34.665107700360124],[94.92340410011917,34.67373369975047],[94.89789269978831,34.68973260027934],[94.86993870031085,34.694210500114536],[94.85020909987014,34.691812500146796],[94.79838139968189,34.7097301995891],[94.76799610013995,34.7156569998707],[94.75048119984757,34.72087930003971],[94.70842229994923,34.72468890017268],[94.68113169976817,34.73174210041765],[94.64338179983025,34.737805600348224],[94.62896330041605,34.74669169986208],[94.57158669956658,34.757277400231885],[94.54752350000956,34.75176999968579],[94.5200259001752,34.74047279977992],[94.49701669976093,34.70900110032056],[94.48571799978595,34.70069759961456],[94.47426949973766,34.69933680035308],[94.46354170018935,34.691924300266294],[94.4573511997981,34.68247789973532],[94.45207449963851,34.6785875998379],[94.44490929962456,34.678118599793606],[94.43328080026879,34.6801947998502],[94.41787340003742,34.68559109994936],[94.41156650039375,34.685457699912945],[94.3933830000255,34.67190870012644],[94.3824938000489,34.675260100173546],[94.37909750044935,34.67457350016696],[94.37660120008536,34.6719214003524],[94.37671600034321,34.65500890014067],[94.37401080005844,34.65131809955068],[94.37000579972795,34.65020670027906],[94.36500199974256,34.65032919963289],[94.36138889967805,34.65505960032033],[94.35775900027772,34.666067500015174],[94.35275740003402,34.67063970006217],[94.34696530020852,34.67008419962616],[94.34376370023466,34.66705709960553],[94.3426609002804,34.66125560006594],[94.34473930007869,34.654999399702604],[94.35043299968322,34.647061399663926],[94.35116140017851,34.63855040018086],[94.34882159983704,34.634227799773214],[94.34350360011109,34.63403960044724],[94.33163360041038,34.6374882001204],[94.30386809973305,34.6359214003524],[94.29797430007397,34.63132129973826],[94.29858940038059,34.616183400243756],[94.2937336998504,34.60531160035015],[94.28706119971463,34.59742810012676],[94.2801907003406,34.57423709996226],[94.2551709000171,34.55814669971045],[94.21065450010514,34.5344019995527],[94.05178830018997,34.54070880027098],[93.96757010008014,34.523363899724245],[93.91014859967817,34.48077460036757],[93.78190719955768,34.49655089980422],[93.71491539992581,34.4902408003727],[93.69577490039137,34.51863280026356],[93.64600960016298,34.524940799778165],[93.57710380040015,34.48235239974349],[93.51011199986897,34.50759259961882],[93.33210530041936,34.523363899724245],[93.28042590023517,34.54859169974719],[93.22491839996422,34.512324299826616],[93.1158175002775,34.58641899983701],[93.04308360042785,34.60217539997478],[93.00480259956038,34.660447800225825],[92.95695130036228,34.69192940032161],[92.88038930042592,34.75957420038907],[92.88995959965587,34.8255924002691],[92.8861314995691,34.87114549996488],[92.90910010008963,34.93707439986372],[92.93972489988425,35.01549199975602],[92.97034969967893,35.08130470005193],[92.98757619998167,35.165843200003735],[93.00863069964714,35.19400319998772],[93.04116960029688,35.24873070026166],[93.2344887000935,35.29561070017371],[93.28808210040864,35.336218099685595],[93.53690869957688,35.41269190041095],[93.62112689968671,35.49376839989179],[93.71491539992581,35.524929999619815],[93.89292210027475,35.53427609966235],[93.97331230012259,35.57476330028612],[94.03838999979871,35.63545569972081],[94.04784610041725,35.638416599746336],[94.02469189961153,35.65579369961961],[94.0077019003225,35.67388089968381],[93.98324209974317,35.68030559972368],[93.93578729994397,35.70564259992608],[93.91469619966995,35.70944840042341],[93.90268600015884,35.70481000038126],[93.88305959962088,35.7027880995912],[93.86372610017946,35.708140099985656],[93.8471754997496,35.71063760004523],[93.83457940001938,35.72276719984643],[93.8171500000725,35.724550800079385],[93.78068009980683,35.73144710010365],[93.76705879992375,35.73834269955597],[93.76090719970756,35.757005499903926],[93.75343740021589,35.759858000146664],[93.74333130019943,35.75950140006961],[93.73044230027199,35.75201330027363],[93.70949769955922,35.749992600078485],[93.69616929987336,35.75213219964138],[93.68049749985977,35.76556270025844],[93.67493179986275,35.76544389981615],[93.66043169956333,35.75439059964651],[93.64183059990233,35.75474719972357],[93.60082019979245,35.763661199804574],[93.58588069973456,35.77079170037672],[93.57518870039826,35.77114819972968],[93.54794599990805,35.783387399908634],[93.53783989989154,35.78196160034764],[93.53095599971965,35.76306699974231],[93.52319330003081,35.758431800387314],[93.51132960008101,35.75902600044964],[93.47236970010164,35.767345400270074],[93.44864230020204,35.77400029977406],[93.26816700040678,35.77816149975348],[93.22828000012197,35.79112350034933],[93.18837900009083,35.790307499591506],[93.08410970000273,35.80901830035435],[93.06980299980864,35.841946399706615],[93.04734200003332,35.84729439991668],[93.01519100036444,35.84893130003951],[92.9910979999728,35.83289439955695],[92.84289699959692,35.86858429982561],[92.61710539969448,35.87900149961956],[92.58517860011239,35.87876629992485],[92.53927260015041,35.89563949976315],[92.50232359955453,35.89076330008629],[92.47938260012694,35.87624069964863],[92.44732360020407,35.89193060031698],[92.39114859972813,35.88844680027967],[92.16874699967434,35.923346999564444],[92.03224199996839,35.961944999761954],[91.93377699990867,36.000403999844764],[91.88433100037543,36.02551699960992],[91.79628799979139,36.006420000282844],[91.76216900019926,36.00917100034144],[91.5718229997317,36.06451800040543],[91.51217700016849,36.05345900033262],[91.44948599957928,36.08013900041459],[91.38651999979822,36.06531500028706],[91.31474300018937,36.07464599981307],[91.22824899999142,36.11812999959983],[91.10137180036833,36.156696299594614],[91.11569980010574,36.11517719976803],[91.10558319960506,36.09763720029662],[91.0655899003537,36.09392169982664],[90.97391510010186,36.10667800028955],[90.93016819970273,36.039627099910774],[90.84684749961247,36.02101139975633],[90.79357149972498,36.058010099586454],[90.77537539985485,36.08866120005439],[90.68094639975658,36.13138579971496],[90.59451289965068,36.1333847003437],[90.51972960044077,36.153396599773316],[90.47730259993511,36.135223400239795],[90.44432070044002,36.13325119958324],[90.37643430020285,36.14779659963341],[90.34740450021758,36.14587019965006],[90.31475829965586,36.161510500009626],[90.23301699973479,36.16516110000481],[90.1923369997528,36.192748999866524],[90.15919490042438,36.195499400077324],[90.12760930002923,36.211341900408456],[90.13530729979209,36.244960799601245],[90.05483249982007,36.25882719981547],[90.0301208998597,36.27914430036924],[90.00833889992037,36.279121400032636],[90.00378419978108,36.27145770041261],[90.02460480017146,36.24922940021668],[90.00389099966998,36.18345639959324],[89.98883060015214,36.155738800405345],[89.93732450022554,36.12560649994009],[89.94907380011585,36.10366060035648],[89.94605259964783,36.07562259970325],[89.91536710011167,36.09254460035305],[89.8515930001169,36.07907869972229],[89.70928800004123,36.09317060044293],[89.70851310009954,36.0906363001252],[89.70602919958793,36.08928749961848],[89.68706939993291,36.091300599643034],[89.67844210012288,36.08346580040643],[89.66012249995345,36.073586500416695],[89.65722069977551,36.0696882999751],[89.65055129960285,36.069590799975515],[89.64461940016525,36.06710209978212],[89.6418895000005,36.06841279961105],[89.63961829994463,36.06591340018332],[89.64185340031423,36.06323840003216],[89.64159220031985,36.05816980029607],[89.63603959984772,36.0505679002884],[89.62848620027796,36.04804539997531],[89.62150649982516,36.05061089957343],[89.61500429980867,36.04300669999924],[89.60815369973352,36.04159840034595],[89.60408989992902,36.038828699784744],[89.58046140027346,36.03695090006403],[89.5765136004224,36.03831230007262],[89.56020000012995,36.03577730008237],[89.55033059987733,36.02882889963405],[89.54307369959162,36.031270299984385],[89.53564259972626,36.028875900002845],[89.52494410009018,36.02876440025693],[89.51396250016933,36.0255961003798],[89.50814049968437,36.02603609998607],[89.50487579967847,36.02889640004889],[89.4847438002862,36.02757629960661],[89.48131590030863,36.023395800176104],[89.47527629986143,36.02163549957868],[89.47065129971776,36.02304380013135],[89.46107500021117,36.03026049982225],[89.45019279965805,36.02775229962896],[89.44447960005357,36.03162459959566],[89.43871210028328,36.03202059987086],[89.4321828000962,36.03677259957584],[89.43060480017147,36.043108200183326],[89.41917849988789,36.0467157001695],[89.41602269968791,36.045791900375946],[89.40858709961503,36.0350664003941],[89.40241140026598,36.021733299951904],[89.4023570002754,36.01735450001024],[89.4043158001341,36.01400970008763],[89.41922440038581,36.006857399949126],[89.43279559993704,35.993196299669535],[89.43198379991247,35.99191270001114],[89.42686910002902,35.99103229970092],[89.4252694003626,35.98438629988789],[89.42637249979111,35.97306399990373],[89.42503719990691,35.97071479984817],[89.42735939961665,35.9626798996577],[89.43078469965423,35.95995449970047],[89.43310690026328,35.9484877002472],[89.43026219984068,35.9424247003397],[89.41992839957607,35.93433990036618],[89.42065429995603,35.92338179973035],[89.42579190017614,35.91802680009681],[89.44889799984287,35.910644900341936],[89.46625649993757,35.90180449987781],[89.47136540009319,35.9008639996739],[89.48895609974426,35.90349739988517],[89.5398706004479,35.88228619964843],[89.5485209004193,35.88167470022728],[89.55252670024709,35.87988730035869],[89.55415219966432,35.87485390008749],[89.55281699960489,35.87372490018407],[89.53888369972304,35.875418400039166],[89.52895619966893,35.874712800055704],[89.5279112000419,35.872737000312384],[89.52872400011256,35.87038480011847],[89.53998670022611,35.86826769979456],[89.54480530012455,35.86525670033649],[89.54799839970644,35.85739940006232],[89.55270089982673,35.85791689964526],[89.55641640029671,35.86182220023443],[89.56442799995227,35.86017540037449],[89.57586489964547,35.86168100037793],[89.5868954002026,35.85636420034763],[89.59461680032513,35.85561129962184],[89.60036430007244,35.857540500094046],[89.60495059969048,35.8612575995586],[89.6213221999596,35.859704900260965],[89.63293330013175,35.85415269998714],[89.64309299974218,35.85372920024247],[89.65232380040311,35.84859999969029],[89.65911619995273,35.84855300022082],[89.66660539961953,35.851423500394276],[89.67345589986996,35.85203520036424],[89.68448640042709,35.85005879987375],[89.70695379977809,35.84963530012902],[89.72582180023596,35.85316449974192],[89.73017600012236,35.85749349972531],[89.73807149999976,35.85914029958519],[89.74794090025239,35.85443499987542],[89.7639060995869,35.85805810040108],[89.77273050021245,35.86205739992914],[89.78974070007331,35.85895210025927],[89.79183070022668,35.85485849962009],[89.79990039968374,35.848976499965545],[89.79844900002138,35.84398829962038],[89.78550269978984,35.83429319967149],[89.78167099971694,35.82836740033531],[89.78283210002144,35.82149489996971],[89.77981320001925,35.8071832004444],[89.76762160005683,35.802098099947386],[89.76611220041775,35.79936709991176],[89.77307880044634,35.78279079955581],[89.78132270038236,35.77704479987767],[89.77989200041554,35.76628489992822],[89.77714270007561,35.7628191996464],[89.76889889996431,35.76178280023612],[89.76216439966737,35.76583410036352],[89.75684229993226,35.761640100310444],[89.74699000028835,35.757842499831554],[89.74477320022305,35.75317860041213],[89.75068459961466,35.74018479978872],[89.74301909955187,35.65879819967722],[89.72285459956021,35.65431590035854],[89.76136019981345,35.59236150028306],[89.71098330033908,35.577720600325506],[89.69962310022595,35.5473517997458],[89.70573430019783,35.51124189989383],[89.74235530005711,35.50703049975783],[89.76174159959521,35.480167400405264],[89.7344131001845,35.47107700010355],[89.68804170016438,35.42174910044071],[89.6337891003867,35.419319199721315],[89.58247379972613,35.3845061996015],[89.49705510001291,35.36589429998202],[89.51116179997717,35.33187479958241],[89.4977646003561,35.28940579983782],[89.52862550006682,35.28334050036386],[89.45188140000664,35.231731400184],[89.51874539968048,35.136371599969436],[89.58807370004126,35.11440280004922],[89.5896378000445,35.03352739976975],[89.56881709982935,35.015300800291755],[89.57617949958427,34.996555300087095],[89.56395720036454,34.93367390043022],[89.58656309980728,34.89826580002671],[89.6166611001297,34.89792250002341],[89.62066649975924,34.88636400029844],[89.63449859983058,34.88370130017489],[89.66007229979687,34.888736699639026],[89.70559689997702,34.91794969961899],[89.74062349987469,34.90827940027418],[89.79412080043465,34.92052459983046],[89.81796759972502,34.90524219996763]]]}},{"type":"Feature","properties":{"shapeName":"Huzhu Tu Autonomous County","shapeISO":"","shapeID":"62558664B86949587146468","shapeGroup":"CHN","shapeType":"ADM3"},"geometry":{"type":"Polygon","coordinates":[[[102.48847999965233,37.077101600258686],[102.4772159001937,37.08144359994225],[102.47189509997895,37.08542059988082],[102.44795849978499,37.092012400252145],[102.44078220033833,37.09142530033739],[102.43448819967074,37.09533960044229],[102.4282695999621,37.09597529972035],[102.41980519975021,37.100084699649244],[102.40471650036625,37.10404719981847],[102.38139000024836,37.106075000161184],[102.36623529961946,37.10434239958215],[102.34949049958692,37.09641719959416],[102.3384498996432,37.09465599967467],[102.30888620003816,37.10039740021989],[102.30256839971196,37.095148300253925],[102.30151550044008,37.090108899706024],[102.28776860034071,37.08088999977372],[102.28011919994117,37.08496840007166],[102.25932619974441,37.08584909985615],[102.24718160015078,37.083060099843806],[102.23430099989127,37.0754262999838],[102.19208950033021,37.07637610007703],[102.16172000007799,37.055252000079804],[102.11613999986116,37.06104300003449],[102.0417300002394,37.09430639992047],[102.02269099998972,37.099352600242355],[101.99666000015895,37.10119199981102],[101.96160010016456,37.12092379999342],[101.96252010032242,37.12737920018998],[101.91089999963532,37.15085999968926],[101.87916999959589,37.12626300033725],[101.88028999998357,37.05857799967498],[101.83373000043923,36.998352000344596],[101.82909880036942,36.99032959983123],[101.82795710024004,36.985313900016536],[101.82921290005538,36.982213200378965],[101.83663389963482,36.978929899695174],[101.84074390031083,36.97108590039403],[101.84679489966493,36.96725489999369],[101.8470158001391,36.95866050008209],[101.83994479961285,36.95211110004726],[101.83960230000622,36.9447206000757],[101.83484749981233,36.93957600043211],[101.83537799999476,36.933131599843534],[101.82852789994269,36.93331410016566],[101.81247859960774,36.9257897001346],[101.81425690013589,36.92199719971103],[101.81045290008132,36.91322710015061],[101.80341089999308,36.910130799996466],[101.80318250007235,36.9066618999268],[101.80877680030915,36.89424530038036],[101.80546590033111,36.88867550037412],[101.80226919986376,36.86456519972427],[101.80325580021508,36.85578509970264],[101.79849389987362,36.84985890016816],[101.79922679967711,36.83936020021309],[101.80253669960905,36.8371634999956],[101.80382840036043,36.83393279975894],[101.80374759987188,36.82734189960905],[101.80318250007235,36.823335400108704],[101.79607830017346,36.81512790023248],[101.79551320037393,36.811831699673235],[101.78824760004676,36.80685490003367],[101.79058869990865,36.80168370024262],[101.79599760040901,36.7988394998431],[101.79777370029609,36.79593049969287],[101.79801579958956,36.79075860022925],[101.79527100035642,36.782870900171986],[101.79753150027858,36.778732700353885],[101.79026580012663,36.77103779965478],[101.79058869990865,36.76444140015053],[101.78768250024723,36.759396799722595],[101.78873200008178,36.74678379993247],[101.78744030022972,36.742578999920966],[101.77839860001546,36.732227799573366],[101.77916050025692,36.72692970004567],[101.7871859998341,36.723443700266614],[101.78735319999026,36.72169860001043],[101.78250430013338,36.71789400010806],[101.78725629983842,36.71214569996414],[101.78937640030068,36.705659399961405],[101.78269799971298,36.698469699716895],[101.77886829973232,36.68512670043691],[101.77316020018316,36.677386199613466],[101.7747362000157,36.67262409962257],[101.78783819987308,36.66194099997722],[101.79394279972047,36.665771399630444],[101.79547380017578,36.66914539964051],[101.79901329972404,36.67165459987996],[101.80201219970331,36.670643799671666],[101.80388030023573,36.66481650038122],[101.80087049957393,36.66240220020143],[101.79967230043638,36.65305889974849],[101.80177239997636,36.64948300014038],[101.81557039955436,36.65393379980509],[101.82973659956446,36.65041580034898],[101.83289890006427,36.64500870029133],[101.83929740015498,36.64337230019157],[101.84424489988226,36.648151599716584],[101.85017089976725,36.64826659962392],[101.85208189975992,36.64626559997748],[101.85425049976084,36.63641869986316],[101.8517825001623,36.635531099580646],[101.84936500019467,36.62941719984394],[101.86020700015297,36.62159790042284],[101.87101090033286,36.61798009960199],[101.87751990012333,36.613915000277075],[101.8794489998715,36.606819299870835],[101.88535840007017,36.60485909976768],[101.89456419957821,36.5926848998883],[101.90416080038068,36.58435200034461],[101.90474690024928,36.5795675998649],[101.91063180021746,36.57321400022596],[101.91203570038732,36.562745799878826],[101.92092399964292,36.560712099983505],[101.93226869994061,36.55495459977499],[101.94284470022279,36.55406970015662],[101.94454719959367,36.552718100060304],[101.94919419985251,36.5581885996242],[101.95394139987576,36.552074500238064],[101.95161989983859,36.545665399838356],[101.95977809977956,36.537079000295705],[101.96690290044853,36.536554600214686],[101.97334780016092,36.53799669998779],[101.98947380007587,36.531463500340294],[101.99485820034573,36.52425999999906],[102.00361680027515,36.52363790026891],[102.0126452004157,36.51695050016548],[102.01522879976937,36.51295040024081],[102.02747679981451,36.505417399993064],[102.035365999941,36.50869499987442],[102.03585099982382,36.51415259956286],[102.04728810006583,36.513548999786565],[102.056179299635,36.51086860010588],[102.07368139987676,36.51255809977653],[102.07842099972942,36.51583330026665],[102.09599160043206,36.51335149967201],[102.1064741998245,36.51704840036342],[102.10885240031809,36.5166712004156],[102.11027259980068,36.52046109999981],[102.1388948998798,36.53688889980293],[102.14076760044446,36.54074460008326],[102.14585920034187,36.54507029955471],[102.1470882003602,36.5532743999936],[102.15352580027553,36.55844559978465],[102.15630560022333,36.56305229962396],[102.1616605000321,36.562370699847975],[102.18133730037619,36.55043309990771],[102.17893790016404,36.543239699852336],[102.1864289002736,36.5370800003418],[102.18306379995448,36.53569290040707],[102.18288410012116,36.53339960041126],[102.19353470006644,36.53132600029471],[102.19397900023074,36.56452179994119],[102.19931080005347,36.574870299624706],[102.19575629981347,36.590211999883934],[102.1988664998891,36.61125730038418],[102.19220179957347,36.62445230003368],[102.20108809963614,36.631940300004885],[102.2166391000145,36.63087059959855],[102.22285950016584,36.614823699554165],[102.23085710007518,36.61268390034178],[102.23174580022857,36.620529700085626],[102.22774689999949,36.62944439983926],[102.24196499988489,36.64477520031528],[102.2552943996169,36.64548819992052],[102.26951250040162,36.65796450006167],[102.28106459965159,36.67899129970874],[102.29839289961268,36.67542779995307],[102.30594620025698,36.68255459981498],[102.30683490041037,36.69644979991841],[102.32949490036941,36.70428710016961],[102.34104710034347,36.692530899781275],[102.34593450017712,36.71283589995687],[102.36637300021385,36.70891780021634],[102.36681730037816,36.73491599997345],[102.37126049987222,36.774074599763026],[102.36504009972089,36.79684859958326],[102.34282430010143,36.8199715003845],[102.34015850001481,36.83348629985289],[102.35126629999979,36.842020800419675],[102.36370710030252,36.83775369987342],[102.37481500011222,36.82957440003861],[102.39480910015993,36.82708490034793],[102.3961420995783,36.8192601995986],[102.42546679985298,36.80894459981346],[102.42857699992868,36.79791600042313],[102.44146210039565,36.788665000089736],[102.43968489973838,36.78012459997035],[102.46812099968446,36.76731229962297],[102.4601232999504,36.75022580038046],[102.46278919986173,36.73990089980674],[102.4743413998358,36.739544799752764],[102.47922890039348,36.73277950037368],[102.4907809996435,36.7334915997576],[102.5054433996932,36.72565740036879],[102.52143870023588,36.72423290032816],[102.5303250002986,36.71247970007812],[102.55920540040898,36.70357459968807],[102.5965140003209,36.71075559989106],[102.5987232002156,36.71945330042951],[102.60857790015001,36.74019830021143],[102.6180929998921,36.739866800212724],[102.62827170037872,36.735746899799665],[102.63139680042207,36.727307999864365],[102.63679740017994,36.72794150030006],[102.63988600033872,36.737770299759575],[102.66892169987659,36.759619499740154],[102.68331329966912,36.77398000007702],[102.69084570006908,36.7740296003858],[102.71273010041386,36.7676599001843],[102.72446350029037,36.76834500012171],[102.7230362995856,36.76982740031434],[102.71740000010999,36.770466300279566],[102.71428190038944,36.77592719958062],[102.70612330025017,36.78176689962277],[102.70159110024912,36.788507699670674],[102.70360980035207,36.79174490020705],[102.69798100032295,36.794835399733984],[102.69207909957083,36.801121200383136],[102.68578619967343,36.803556800106264],[102.68483639958026,36.80957079955283],[102.68268449998976,36.80981460036355],[102.67981830037434,36.806857099775414],[102.67648380038713,36.80726659977381],[102.67367740029187,36.813033399871586],[102.66618540013616,36.819972200057066],[102.66795439987573,36.824336600054096],[102.65676330018624,36.82355660005709],[102.65845549962165,36.82831960026937],[102.65199329965111,36.8323278003877],[102.64675339974968,36.833684700188826],[102.64588180020496,36.836211799634896],[102.64896209962126,36.83903059958254],[102.64274469960827,36.843541199666674],[102.63789639959924,36.852587599738],[102.63535009962743,36.85416049960742],[102.6287978001784,36.85078860041364],[102.62609290026717,36.85105400024196],[102.62381650033126,36.85945960008053],[102.61459420006236,36.860679599683806],[102.61194599970815,36.864946899879556],[102.59979670025757,36.866732400380045],[102.59453740018091,36.87166590036105],[102.59204069961868,36.87160609994163],[102.58790750003118,36.86857809969962],[102.58561119989702,36.869786900045426],[102.58089539970297,36.87833719990192],[102.57313129976973,36.88168220037329],[102.56986070021122,36.88601819978015],[102.56793850006181,36.895952100309216],[102.56021349995314,36.90132929970747],[102.55891109996736,36.90603589983698],[102.56397969970345,36.91211260001654],[102.56020439971331,36.919384199721094],[102.55358030019079,36.920758700153954],[102.5514749998714,36.92351909992658],[102.54280209993703,36.92401069993389],[102.53831590025862,36.927879899937466],[102.52930669974444,36.92713989998646],[102.52582270005763,36.92838399962193],[102.52317780021536,36.93168430019034],[102.52193450007718,36.939906399660686],[102.51592909994804,36.94051949987505],[102.50921370035206,36.93901680018524],[102.49788590011428,36.94321500007226],[102.49646590028112,36.94524379956175],[102.49767910011042,36.95422599973017],[102.49636309967735,36.95645719974004],[102.49286899970463,36.9573473999626],[102.48895950018084,36.95407900014578],[102.48163139966942,36.9537395996029],[102.47267069959315,36.95718889984789],[102.46672500005877,36.95425479961938],[102.46116190000174,36.956287899666904],[102.46214319974894,36.96824389973625],[102.46720830022292,36.973333799915],[102.46519329993089,36.9932661003503],[102.48111669967602,37.00019730036519],[102.4895353999388,37.01237339961273],[102.5034143996549,37.01767359995671],[102.50367969965845,37.02212419997193],[102.49569749973989,37.037369500102386],[102.49335720027466,37.045613599687954],[102.49479450036597,37.05159549963264],[102.49035580018011,37.06452839996575],[102.48847999965233,37.077101600258686]]]}},{"type":"Feature","properties":{"shapeName":"Jainca County","shapeISO":"","shapeID":"62558664B73591485659222","shapeGroup":"CHN","shapeType":"ADM3"},"geometry":{"type":"Polygon","coordinates":[[[102.12191909998654,35.77316739985565],[102.08780919973486,35.793703999739876],[102.08080189998776,35.80227400014502],[102.08093859963674,35.817312500271726],[102.08789789986827,35.82533150044844],[102.10066219980075,35.83084350012746],[102.0930314000791,35.837742300266996],[102.0845679999133,35.83744229992226],[102.0767905999063,35.84562340019983],[102.07545599969467,35.850589999728754],[102.07883480028585,35.85691960005954],[102.07536990040063,35.864480900173476],[102.08720069955268,35.867519999848184],[102.10034299982965,35.86729939974754],[102.10849239990438,35.87335349996408],[102.10971729991354,35.89254359980731],[102.10475469966974,35.90642260042273],[102.0858819004294,35.91944829999909],[102.06924130034577,35.90966909994904],[102.06080829996313,35.91072539955758],[102.05747079983757,35.90789309988668],[102.05185190044489,35.9084468997047],[102.04871910040623,35.913337699875],[102.04375149993183,35.91631309966988],[102.03970720012722,35.92773989997647],[102.04895980035457,35.93343749994074],[102.07687419998439,35.94252819971672],[102.07687419998439,35.947269199813775],[102.02890160022872,35.95656959990714],[102.02716760030455,35.96190299962376],[102.03404690044414,35.97012469979512],[102.03541570007457,35.97812279972749],[102.02463449968246,35.983232600104486],[102.01927830035333,35.987566700143134],[102.0182564996378,35.99478070006933],[102.01434080018782,35.997535599588275],[102.00800340003696,36.000300000444724],[102.00013290041306,35.998915799924305],[101.9908250997986,36.00072860024477],[101.98839100014459,36.002416500021525],[101.98667579964848,36.00588530026647],[101.98237949991403,36.008387699832554],[101.98099509974412,36.012727200300105],[101.9802391997793,36.0282586997792],[101.9750291996379,36.03224739989764],[101.95719300035677,36.02932609971975],[101.95046910036876,36.032206399805546],[101.95001529976633,36.035047900440304],[101.95385269974236,36.03951610018794],[101.94636740043524,36.0397373999611],[101.94371669996582,36.04163469968171],[101.94175499979349,36.04522250001844],[101.94297789971034,36.04812869967981],[101.95599979965107,36.050688500274134],[101.95868399986676,36.05343169961327],[101.95868459971456,36.06045400005212],[101.95693419975356,36.06277860005241],[101.954481399597,36.06324300006446],[101.94504319998373,36.059167199706565],[101.93465689999601,36.06223589966709],[101.92630489975136,36.06724450023353],[101.90741330018369,36.072767399695806],[101.89728009999669,36.07318380019228],[101.89363579975242,36.07528770026721],[101.89311429998503,36.080367099961734],[101.89931909959682,36.08566389996906],[101.90502619999921,36.085803699581106],[101.91212710028549,36.08887710029802],[101.91297180020848,36.0902821003387],[101.91117689999402,36.09357899967114],[101.90831459983895,36.09385110034805],[101.89972239966909,36.090801000166095],[101.89436370022463,36.09108039974069],[101.885713500078,36.096646900134374],[101.88551940030015,36.09967340030721],[101.89349819988206,36.10385110014823],[101.89465630004827,36.10650369998581],[101.89195879975887,36.10800210001696],[101.8828733996877,36.107722099695195],[101.87189789986826,36.11312919975279],[101.86191589999885,36.11271880043233],[101.85928809986598,36.114133999684384],[101.85657130012544,36.12188199995438],[101.85183120024976,36.123888499854445],[101.84659119962424,36.121715000347024],[101.8443578996974,36.115913300258626],[101.81897099971195,36.11932659974286],[101.81054229988729,36.11899659981327],[101.80793959983271,36.1181770997934],[101.804597600399,36.112633399911545],[101.80127369982142,36.11239319998623],[101.78861550010532,36.12230229991127],[101.78031300034473,36.15526020009821],[101.76761229956804,36.156253500398805],[101.75818210032372,36.151366400039365],[101.75235330006478,36.15042279987239],[101.72810130043473,36.15760589999235],[101.71288210042866,36.16443130016444],[101.70629490008963,36.163071800423324],[101.67678320018462,36.16305400014204],[101.66166329972157,36.161576799829504],[101.6496687996754,36.15506079971618],[101.63872430038623,36.15130070006728],[101.6304396000076,36.10779639988402],[101.64465760006823,36.090564099853395],[101.63621569999464,36.077278300153466],[101.64643489965096,36.0596801999813],[101.64730399997967,36.048621899581065],[101.64385209979463,36.04303990027125],[101.6430492003604,36.0357094003686],[101.65212669988733,36.02503330014673],[101.64332469957526,36.01405039980614],[101.65132240020864,36.00290840040242],[101.64421329990392,35.995359699790356],[101.66105099990381,35.985226799976886],[101.6726091003298,35.96533859959675],[101.67473999985117,35.932251000083625],[101.6825700003053,35.92401499979246],[101.73218760037753,35.902919500034955],[101.72418989974415,35.88960209995702],[101.71086050001213,35.89140189967799],[101.67398240016769,35.84171289973057],[101.65576549987799,35.81613609980121],[101.66509610010502,35.7941552004022],[101.64776780014392,35.78478439958042],[101.67483000040426,35.76350800029405],[101.69761270026595,35.75648090017347],[101.74207999989216,35.7551499997727],[101.74646000042873,35.72417610024689],[101.77020400001464,35.716889700399406],[101.7829414003254,35.71425940015126],[101.78563889971554,35.7268730996139],[101.78938250040216,35.730671899788376],[101.79419560004698,35.73273400027392],[101.79620109990088,35.73023769990999],[101.79954360025698,35.73121450034898],[101.80047950042865,35.72839270026299],[101.80876879994025,35.72546210019584],[101.81759290019227,35.72665610039877],[101.82414409977042,35.722531500128696],[101.827219200206,35.71818960026991],[101.8312301000891,35.72046919999366],[101.850215300196,35.71417320013313],[101.84486739981071,35.7008198001937],[101.84192599978513,35.698214000175994],[101.8417923002745,35.688441500075214],[101.83778140039135,35.682143000099416],[101.83818750005315,35.67952399983278],[101.85738529989175,35.68066119975464],[101.85923529976935,35.6781559996997],[101.86130820021333,35.67912340042466],[101.86149590041555,35.677673499932155],[101.86640659988473,35.67662380044811],[101.86875110008327,35.67243440042728],[101.87111970031395,35.6724435995925],[101.8715474997174,35.66992179985124],[101.88228529972685,35.66377069965813],[101.89149370007425,35.66442859960023],[101.89122859972014,35.662786399772585],[101.89545530002215,35.66188100010811],[101.89645309963089,35.65998769967263],[101.90976689972268,35.65862440029588],[101.91107410028957,35.659260200298036],[101.90908880010812,35.66417609964731],[101.91041239981246,35.66479050028141],[101.91050689967375,35.677386000163835],[101.90852160039162,35.67823070008677],[101.90975060040995,35.68038099978338],[101.90823800008371,35.683913300258666],[101.90899430024683,35.690363399851094],[101.91258680044052,35.68898130014696],[101.92676760004474,35.688520599945775],[101.93291269996121,35.68606340030573],[101.93943590004682,35.676464400112025],[101.94614819967973,35.671242099943015],[101.95238769963271,35.6699365001694],[101.95456210026077,35.66617310000862],[101.9623201000926,35.661739200403815],[101.963267200421,35.66875089963435],[101.96568039983066,35.67033449963748],[101.96711069959917,35.66974670005021],[101.96789219966536,35.672163699994826],[101.97498260036679,35.6749285001502],[101.97658980037903,35.67692520013793],[101.98093859983658,35.67585010020201],[101.98632729976515,35.67861469980858],[102.00126450025653,35.67830750039087],[102.00551870002806,35.679382700151564],[102.02489929966299,35.692129400351575],[102.03038250035218,35.69143830013752],[102.03406960023193,35.69520060042743],[102.03936380029921,35.697273499972084],[102.04295629959358,35.7024173999431],[102.04796680042756,35.70341540010071],[102.05439549975256,35.71032440035083],[102.05931149982592,35.71101530001613],[102.06159979959114,35.712675300125056],[102.05897579999322,35.71637570007857],[102.06049500044395,35.72046829977228],[102.05697330027766,35.72321519982165],[102.05904490030196,35.72624239966706],[102.05718049958045,35.72719540044744],[102.05545419965165,35.725569699582024],[102.05462549956724,35.72674690044914],[102.06401659988626,35.72842860029971],[102.07244090022743,35.734146099562906],[102.08487029982456,35.734482400142724],[102.08328209978913,35.73582759976398],[102.07879370036903,35.73571550017027],[102.07962229972941,35.73778939976103],[102.07016219982575,35.738349900427636],[102.06463809976856,35.74120830022292],[102.064085700195,35.74288969969996],[102.07347669978992,35.74524359961248],[102.07692929964753,35.74838199972953],[102.08279869980021,35.750119300165636],[102.08038190040446,35.75331349961834],[102.08045099981388,35.75762840003068],[102.08783949969319,35.76300760042045],[102.09964740030733,35.76524879999215],[102.10855509973811,35.77068360006814],[102.11435550030615,35.77079559983713],[102.12191909998654,35.77316739985565]]]}},{"type":"Feature","properties":{"shapeName":"Qilian County","shapeISO":"","shapeID":"62558664B90834920455780","shapeGroup":"CHN","shapeType":"ADM3"},"geometry":{"type":"Polygon","coordinates":[[[100.95348529990673,37.451652800036754],[100.95596360033994,37.45919429977715],[100.96463769996996,37.464768000143124],[100.94026759957012,37.471652500162804],[100.9216803000059,37.49459639990397],[100.92787610010203,37.51786089986069],[100.9390285001652,37.521464600211175],[100.9369631998918,37.536860300262674],[100.94109369971454,37.54406569997212],[100.95018090022842,37.54635819957133],[100.95637670032454,37.564040700218186],[100.95720279956959,37.57549929965302],[101.0042907002557,37.60495630009325],[101.00594289964516,37.62131620018255],[101.01007340036722,37.62524209974316],[101.02535630025312,37.61575419999639],[101.04105230012362,37.61379109957966],[101.05604780006598,37.6082827997115],[101.06838219977874,37.597662300075115],[101.09761440028439,37.59933219992115],[101.10475369982345,37.60584100006213],[101.12311890011722,37.60513220029088],[101.12985600035421,37.59273819980814],[101.1381195001149,37.59252030037163],[101.15362850035507,37.59612730033467],[101.16579390036827,37.59448399973684],[101.17901159980556,37.58793809986349],[101.19966419964317,37.584664900364885],[101.18933789972436,37.601683900091984],[101.18817809983949,37.624122399729],[101.1795733001677,37.62670540013414],[101.15919919968337,37.63936330037609],[101.14968490033795,37.651736100240896],[101.15216319987184,37.66906669976845],[101.14224999993763,37.69096919986873],[101.16496780022385,37.7037154998705],[101.17198969956502,37.72626130031881],[101.192642300302,37.7386748997269],[101.19388150043096,37.74292119985353],[101.17818549966114,37.7461873999286],[101.15835899996796,37.757617900046114],[101.13192370001877,37.75990380042009],[101.13068449988981,37.776556099784216],[101.10920579990778,37.77949430002201],[101.10590140022947,37.792878199569316],[101.09061850034357,37.805933299782],[101.10590140022947,37.82029130000353],[101.10920579990778,37.831384100196146],[101.12572789992271,37.84345389957787],[101.13068449988981,37.8561738998057],[101.15796139979881,37.86783839992228],[101.15730809988895,37.87353559968824],[101.15008510044709,37.876042799835375],[101.15085459995987,37.89031259994658],[101.14719970030598,37.89653819997801],[101.13326800031803,37.9066293002021],[101.1301769998687,37.91268400026644],[101.12356880035992,37.91638390019688],[101.11706710036646,37.91571120011184],[101.11312339962524,37.919747299898006],[101.11120490018607,37.932862900202736],[101.10086609969079,37.946564600376064],[101.0953236004039,37.944799500096906],[101.08935489980882,37.94059670017765],[101.07368679960615,37.94244600038269],[101.05876490018005,37.95496929999325],[101.05769900030867,37.96009570005657],[101.04288360039789,37.96480149978942],[101.0324383003873,37.976564900150095],[101.02241929971098,37.97387629955165],[100.99332150018716,37.991266400024415],[100.98959099992476,37.99849010003811],[100.98468799955162,37.99899409989786],[100.97637440035834,38.00730879986128],[100.96174319958902,38.01049749995968],[100.95516389979417,38.009660199658526],[100.95473759956064,38.00571310037935],[100.95036079971118,38.00851019968604],[100.94194060027854,38.00384919968087],[100.93554549962516,38.007502500340195],[100.92739170006695,38.00830029971911],[100.92260640026524,38.00616170020237],[100.91882629969405,37.99998309964036],[100.91692330007032,37.99938919995168],[100.90804880001218,38.005877300397174],[100.90212559971673,38.00612630018867],[100.89331070042851,38.01314840007865],[100.89263240026514,38.017750200411456],[100.8952326002044,38.0291790997357],[100.88856260018389,38.03570920031939],[100.88566089983073,38.04912360037389],[100.8870175999823,38.05535509995792],[100.89425279962705,38.064256399813075],[100.90612309970135,38.0736608002058],[100.90729130015342,38.07775449977038],[100.9135845004244,38.08377599956276],[100.91716440021696,38.08339039994706],[100.92037229994173,38.0849669996274],[100.92181119992699,38.09390109955615],[100.91994589988343,38.09553679998339],[100.92047880035642,38.10035970043987],[100.91674839991879,38.10610500044544],[100.91429690018185,38.11495259998253],[100.91657289991946,38.127945899683596],[100.91934409965052,38.13691660022096],[100.92320780029979,38.140510899958144],[100.9236607996063,38.150119200041104],[100.9307487001924,38.1529689996197],[100.93650430013338,38.15992529971288],[100.93234749963744,38.16675520009244],[100.91673269955447,38.1758049996011],[100.90897040006399,38.18391389960681],[100.89616850037606,38.16820859984705],[100.85648310021497,38.14771359990277],[100.82927059985838,38.158066099770735],[100.79270969989278,38.19279349972027],[100.76905340039417,38.22783980016669],[100.71069230000973,38.25270049962842],[100.69513089987117,38.24682779986313],[100.62210219955693,38.26564589963863],[100.60105859967467,38.25419579969645],[100.60128300031027,38.23929889962454],[100.5421623001501,38.25056459987644],[100.5109183998643,38.275492500278745],[100.49115870001407,38.27592110007873],[100.4852676001197,38.28480530022449],[100.47393500020019,38.28097279975498],[100.46939250026372,38.269085899994366],[100.45329280012271,38.25936250017929],[100.43229550003736,38.26611379981205],[100.43873069966213,38.293749000416085],[100.42196700037681,38.305488000370985],[100.39444729970319,38.29355620015855],[100.33117680026919,38.31935500043295],[100.32788850025412,38.3503760999771],[100.30161290011529,38.38315960003558],[100.26415250003788,38.36698530023148],[100.25881200017375,38.37170790019951],[100.24523159965867,38.42223740023587],[100.21748349996363,38.456188199625785],[100.11115260031232,38.491004899556515],[100.10157779997553,38.471317300153316],[100.11775209977964,38.43640899977555],[100.07622949979162,38.41018740032831],[100.08063020002379,38.40503480031583],[100.09069620016959,38.40710259980517],[100.0931695003722,38.39982220023438],[100.09233120002494,38.3958803997607],[100.0965523002485,38.38938439967035],[100.09962269992769,38.38773590009174],[100.09952650034779,38.386004500107674],[100.10376899993946,38.38394649963129],[100.10949250037862,38.377116600151055],[100.1094676997746,38.37037510043058],[100.11589370023415,38.36403449959255],[100.1157571004099,38.36040090038131],[100.11959570008156,38.356566800017845],[100.11852029977206,38.353997400059995],[100.11340440019296,38.35306359980535],[100.11238199962963,38.351356700051724],[100.11402759979393,38.34967689956932],[100.12247140013505,38.347566199720404],[100.11671780028632,38.34435289956673],[100.11662719988544,38.34294280037],[100.12360590029215,38.34374950033924],[100.12601220010299,38.340316000283224],[100.12907730007737,38.341324300376186],[100.13092910039774,38.33668180032487],[100.13966530001363,38.33195329990491],[100.1513401998904,38.33012849993037],[100.15756010001866,38.327333999664404],[100.16280590037206,38.32724709997376],[100.16364069965863,38.32336529956899],[100.16727519999057,38.320475400119676],[100.16477200002782,38.31863029974858],[100.16524019967551,38.3166580999914],[100.15896829984723,38.313860700311125],[100.15580429962881,38.310085799620026],[100.16328670042094,38.299832399645595],[100.15926349961086,38.29260740011148],[100.1599416001248,38.28929190010115],[100.16353689990808,38.287086700390944],[100.16442900039812,38.28310560044315],[100.16647460012274,38.281694500301],[100.16502910001299,38.26881780040122],[100.17143349965636,38.26068709992978],[100.17541809976558,38.258190199718],[100.17423760018517,38.25381830027442],[100.18068059963002,38.24628899983753],[100.1806629998976,38.23342760010371],[100.18375000016243,38.22716180037685],[100.18054909986114,38.22213500023014],[100.17897560014387,38.21422100039888],[100.17531129987663,38.210233499976084],[100.16741820028977,38.207938899560645],[100.1615687003353,38.20882869958484],[100.15895380007788,38.210278100054325],[100.15191649984666,38.22148900011729],[100.12618269987178,38.23210279980441],[100.11729329984598,38.253568799560526],[100.10734250015634,38.25513160004334],[100.09712639956376,38.26117409990485],[100.09460550004383,38.266695299648404],[100.09473820040768,38.27252860011487],[100.07297909990558,38.28461030022521],[100.05692520043772,38.28054860033768],[100.0351661997604,38.288463500390264],[100.02853230032548,38.296065199849124],[100.00642169980165,38.31245759963855],[99.95569259973377,38.31844919967091],[99.94428230018804,38.3313559000548],[99.94269019979293,38.34082629989388],[99.9091229001018,38.34384400020048],[99.8606958000712,38.35809869979522],[99.84225359982383,38.35997140035988],[99.83435690025078,38.36716750018002],[99.8151875001031,38.366837400425766],[99.8084210001291,38.372974699622716],[99.80669620026947,38.37817530005009],[99.79661270021597,38.387015599790175],[99.78613119979508,38.38763959978775],[99.77644579993375,38.39107140012504],[99.77883399998916,38.397726500177896],[99.77246550038262,38.405732599579835],[99.75699540031752,38.40994599980809],[99.7291564996728,38.4137421002178],[99.71567970015809,38.42434080028778],[99.70121790018601,38.42673149955908],[99.66969300043166,38.44069670019263],[99.66022059960108,38.455932700433834],[99.65849579974144,38.46528279976144],[99.64218359969345,38.47620870017141],[99.62877610013697,38.47390470004194],[99.61829470044012,38.48262940002684],[99.59905650035728,38.48917229976189],[99.59534149991038,38.4962337000253],[99.58154310013401,38.499556499832636],[99.58061439993469,38.505786299698],[99.55540569971333,38.51990519986515],[99.54850650027481,38.53433280041844],[99.52369590024568,38.55135139994718],[99.51308170036026,38.56753620023551],[99.51294899999641,38.59896159989796],[99.50949940027715,38.608085800319486],[99.50586239982994,38.61144590040806],[99.49609899996892,38.612958499834974],[99.46549620028946,38.604761799917185],[99.44637300011391,38.60494609978275],[99.43453679963363,38.61845289978157],[99.42768249974762,38.646589699954745],[99.41507819999902,38.66047369990139],[99.41466119965469,38.66948319988984],[99.39849349997507,38.671661900176616],[99.38075410012169,38.687394099558105],[99.3735501995821,38.695172200136994],[99.3763364000049,38.70915029974657],[99.36062619983932,38.71766659983376],[99.35258719963963,38.72457500023614],[99.34948349986371,38.73674059989884],[99.33693129963984,38.73647760036101],[99.33014739958287,38.73804859996295],[99.28593440035235,38.76760480012149],[99.2541408002578,38.78324079992302],[99.21797179965887,38.78989790006807],[99.20438689983564,38.8018548003588],[99.1998758995532,38.80929909957382],[99.19085380006288,38.81581210044811],[99.17864749978236,38.81663919973931],[99.1747998996957,38.83028349978372],[99.15768449983983,38.8316271004104],[99.15662310017598,38.83824149984537],[99.14653969994725,38.84940190027754],[99.11973890023012,38.863969699741915],[99.10023540014367,38.878534599791976],[99.09333609998112,38.87998059992481],[99.08731679993042,38.89005940012129],[99.07720459981249,38.8937497996136],[99.06037140002013,38.90615839969047],[99.06308580036944,38.911165500187735],[99.10089869961536,38.94305920022197],[99.10597229958199,38.951190899840185],[99.09267279961006,38.95513160044305],[99.07927700023345,38.95323939987844],[99.06547389970075,38.96225030011129],[99.05782169971172,38.97585810027118],[99.04119400040287,38.98009559963225],[99.01329950007192,38.98506530002362],[99.00420919959492,38.97810899993044],[98.99303220037581,38.97731080035322],[98.98294880014708,38.98514919957597],[98.95641340025827,38.98422100029899],[98.94075750025848,38.994842800355],[98.9014850004325,39.01072109999882],[98.89790270034939,39.020308099639124],[98.87349700028642,39.048957800262315],[98.85756889978495,39.04730989963224],[98.8553134000934,39.052873899910594],[98.84668939989592,39.055346600265466],[98.83952479972976,39.05400720037204],[98.81881519996159,39.065845499869965],[98.82320550043357,39.072756299663524],[98.81657169992405,39.07965719972003],[98.8165155003901,39.08510949970372],[98.81166260034877,39.08666040035723],[98.77846529973385,39.08855820010092],[98.76708310040482,39.08552759991886],[98.75912250040312,39.09036769990945],[98.74416140042837,39.08702780039272],[98.74333390003949,39.07564040028427],[98.73086219993064,39.05740719978252],[98.72184020026509,39.05390420011878],[98.71918670020614,39.04834029966514],[98.70392879967443,39.04277599991252],[98.69179709995626,39.02134180018396],[98.67248430021033,39.00804059959404],[98.6633297000057,38.9947531001755],[98.61263640014982,38.97980280015918],[98.62392449981587,38.95657609960739],[98.61516780015393,38.947599500416686],[98.59579689970724,38.945019799624106],[98.58956109956517,38.93119100006464],[98.58123780028433,38.928021700141414],[98.57390519956539,38.9317071003025],[98.5610354999884,38.94285280041646],[98.54019460010079,38.95737360041136],[98.50119810041207,38.95317129961586],[98.49323750041037,38.94574210001798],[98.46935559968125,38.95678239958812],[98.45632039966677,38.95849529961845],[98.43000790034438,38.970462800218115],[98.43353280029856,38.98886179973232],[98.42990879955153,38.99724579965397],[98.42530679956923,38.9995860001938],[98.40739539987788,38.997730000039496],[98.40026860001592,39.00077819995403],[98.39890410004426,39.013298399601524],[98.40076160026769,39.022781999689585],[98.39041280021064,39.024946600405315],[98.38006610007051,39.03226709984682],[98.37183800032352,39.02896630015471],[98.31635579978041,39.0372071001276],[98.28939060039596,39.03649520039323],[98.28040309962341,39.02651209975363],[98.28689580010115,38.99165339968471],[98.28015810001637,38.969265200028985],[98.26953129972975,38.95405200029961],[98.24990769968065,38.938518499828945],[98.2359126001864,38.91968819985061],[98.23703800010367,38.91426259983916],[98.25149980007575,38.90703589968706],[98.25110179970835,38.88865590014973],[98.23929349979522,38.87905100040342],[98.22449549996742,38.873577700350666],[98.20254190038844,38.85622120034816],[98.16868390024189,38.84127290042409],[98.15093049974286,38.819430299668625],[98.11869000044322,38.80867869956239],[98.11537310018849,38.797615399830875],[98.10290140007959,38.79492689995652],[98.0975943001369,38.78768789977681],[98.09266070033112,38.78593940008329],[98.09896900021926,38.775207999649524],[98.13755800000177,38.74694799955057],[98.13956499992486,38.702746999974124],[98.18180099971642,38.667113999811306],[98.24585700030036,38.663314999987335],[98.27038600011389,38.64132300025631],[98.27452100014409,38.6621169995999],[98.29502899978854,38.662830000104464],[98.38568100017807,38.60739899976409],[98.53840599963723,38.57931899987199],[98.56185900019278,38.552932999858115],[98.60808599966919,38.526714000350864],[98.69521300027981,38.529011000157595],[98.7348560001044,38.48496599968121],[98.87190999994658,38.476589000082356],[98.94328299981066,38.44642300022133],[98.96472200012028,38.428454999898406],[98.98249100025953,38.39313899996495],[98.94065099984385,38.3880730001689],[98.90853900017476,38.3633769998487],[98.90908800031104,38.35008600026873],[98.9433589997181,38.33330199968759],[98.93758449962502,38.320666599583944],[98.9092087001215,38.30317260043523],[98.90718189982488,38.28965169996604],[98.92387649970078,38.27905099980387],[98.9529625999441,38.271862599979045],[98.99551440026943,38.276513999721374],[99.00628700044479,38.26594220017245],[99.03214129968131,38.25536879983031],[99.08923619959097,38.26594220017245],[99.10108610034331,38.25790660030941],[99.1097042000888,38.268902399626086],[99.12747899995594,38.26974820031921],[99.12694029975506,38.28285630027807],[99.15010149998432,38.29046640030418],[99.1603353999588,38.28666150002823],[99.17272400001264,38.3035707995528],[99.18403519966478,38.312446600030626],[99.21204400023049,38.31582760036349],[99.21743029986851,38.326392100115356],[99.22874160024469,38.33019500029906],[99.24920950001848,38.323434200228235],[99.25782759976397,38.30948810029565],[99.2470866997914,38.296299799696044],[99.26765370035804,38.269990799635764],[99.30954929956056,38.26221579991926],[99.34535099994872,38.248458099861466],[99.36820320031751,38.247261600442584],[99.40781359971794,38.256832600244365],[99.44437709962352,38.249056300108236],[99.4999840999863,38.25324370003676],[99.50760139998471,38.21794250024624],[99.52512140033241,38.207767799944065],[99.54797359980182,38.2095633998311],[99.58495429970122,38.188031000430385],[99.5890614000636,38.18041020027056],[99.58926329966158,38.172047499892244],[99.59296640027918,38.162095799981216],[99.58401169958034,38.13996420028769],[99.57977000038528,38.12359939979251],[99.58003929967401,38.118249600039064],[99.57758479979873,38.110880600159646],[99.57949600034021,38.10572409978744],[99.61851359992278,38.09553470006642],[99.6261309997459,38.08789099957005],[99.64222270041734,38.080396400373616],[99.68983140029894,38.0687032001926],[99.70120989981706,38.06169390035325],[99.70201929955107,38.05824529978082],[99.70054339965822,38.056558400050164],[99.70325710033495,38.05603359977084],[99.72325269955252,38.059969599617375],[99.733250600335,38.0597071999274],[99.7359166000711,38.05906999968079],[99.7421812999271,38.05301250002691],[99.78474340018784,38.050613199639486],[99.79083729990151,38.045889300151146],[99.81940260005001,38.030740699623664],[99.83159040037674,38.02894060042843],[99.83549429982213,38.026690500266454],[99.84844389966628,38.027365599742666],[99.85986989957627,38.02549039996205],[99.88405510026274,38.015513900346264],[99.90109910024336,38.005535999586755],[99.94404210026278,37.99908349970377],[99.97270250012036,37.983024600005365],[99.97870120030024,37.97799610013999],[100.01145600029423,37.96305869999907],[100.02192989964522,37.961632299690905],[100.03402250043808,37.96403460021668],[100.04525820020581,37.96148220014345],[100.05744599963322,37.95337399981031],[100.07353770030471,37.947667699804526],[100.1128625002043,37.92235939966662],[100.124288599939,37.91026540042793],[100.14352250036313,37.89989760039401],[100.1588525004426,37.88960339997698],[100.18598940019075,37.879157500118595],[100.20408070026417,37.87780470032669],[100.23020419986398,37.87429489998971],[100.23294980039304,37.872866200115084],[100.23674739997261,37.87383280044344],[100.24039890018918,37.87241319990932],[100.24779950044666,37.87353099965594],[100.2501086995569,37.872276899559324],[100.25364619991228,37.872780799594295],[100.25978419968112,37.86865160019124],[100.26391659977133,37.86920180002312],[100.27327719958316,37.8742435999622],[100.28095789998713,37.87225789958245],[100.29106290013277,37.87886900030418],[100.30069549989747,37.876601400234506],[100.30891159999038,37.87766060015662],[100.31252110006875,37.8720428995602],[100.31671779988659,37.868950099567485],[100.32635029982652,37.868652000389545],[100.3347307995868,37.866096399629214],[100.3369413997259,37.86293100006566],[100.34280569982326,37.86046019997832],[100.35091509985205,37.85873370040002],[100.3588495997293,37.86004459987845],[100.36857909964579,37.850976300415994],[100.3832344004473,37.85154550022469],[100.38532019986741,37.84757100040139],[100.38441220026289,37.8399570000156],[100.38874189991878,37.83569660031793],[100.39787829964388,37.837901100355566],[100.40945620044334,37.83037499970652],[100.41574379973662,37.83533330029161],[100.42190850037707,37.83438350019844],[100.43020289994394,37.83934249955678],[100.43423909955487,37.838811199877],[100.43748860011885,37.83543450010217],[100.43629140012808,37.82958109978796],[100.45008750033793,37.827194600350595],[100.44940340044661,37.81899889957958],[100.4512847003287,37.816161700402176],[100.45863880024052,37.81291899961218],[100.46012099988428,37.80985639975307],[100.45664349959787,37.80129830007655],[100.4592089002706,37.79760450024753],[100.48543290000839,37.789946100332315],[100.4873711998211,37.78526060009665],[100.48372269974288,37.781836300105226],[100.48303859985157,37.77800639957576],[100.4859460001079,37.7761589996382],[100.49176090044529,37.77651940025015],[100.50646920009359,37.765929599871185],[100.50795139973735,37.7588537996632],[100.5068111996772,37.75105610015896],[100.50846449983686,37.74866709970695],[100.51502049999613,37.74668369979298],[100.52459790027297,37.71900039984865],[100.49723369957565,37.69049480029486],[100.49312910022786,37.67786229960552],[100.48081519966178,37.682554599615116],[100.45573139998419,37.670281700040505],[100.45162669991231,37.65222959961636],[100.45618280029606,37.647984099886344],[100.48628350038331,37.63426079979615],[100.49540490031598,37.62053489976586],[100.53006620009512,37.61403229955101],[100.54055579981036,37.610058199926016],[100.55339299968722,37.58829820010192],[100.5902673997208,37.571390100272936],[100.61671949990506,37.56777519976572],[100.64773219978127,37.55476020032302],[100.67509639957922,37.54897500009622],[100.68239360028451,37.531255200067505],[100.74533120037466,37.5319784996081],[100.76083759977547,37.515339799792],[100.7790803996408,37.508466300279565],[100.80598850016924,37.492908000104194],[100.81465389975773,37.475174800176944],[100.82331920042083,37.47046929991831],[100.84110590011727,37.44150629977594],[100.88078399958198,37.42267430007894],[100.8889932999009,37.43498809992093],[100.90130719956767,37.439695700096536],[100.9081482002793,37.43571229968296],[100.92183029972858,37.43679869960033],[100.92958349987867,37.44729979984595],[100.94144130027587,37.45200670034899],[100.95348529990673,37.451652800036754]]]}},{"type":"Feature","properties":{"shapeName":"Zadoi County","shapeISO":"","shapeID":"62558664B72364862486693","shapeGroup":"CHN","shapeType":"ADM3"},"geometry":{"type":"Polygon","coordinates":[[[94.75831719967908,32.531219399955376],[94.76106109959011,32.52668150005121],[94.7716481003796,32.52390699980822],[94.77622629980397,32.5187198001787],[94.7805182998797,32.51896109997483],[94.78466719983146,32.521976900013954],[94.78724250024123,32.51666889984989],[94.79325129980771,32.51473870023091],[94.79224980038805,32.50762049968637],[94.7949681001977,32.5036388997155],[94.79253589991191,32.4990537997931],[94.80126310001214,32.49386519991907],[94.8054119999639,32.48614200025315],[94.81256539997327,32.487228099796994],[94.82443999970627,32.482159400236185],[94.82687210016735,32.47805599968467],[94.83345320040496,32.47986639971464],[94.83989130034331,32.47672839979589],[94.85248120014734,32.46308909998203],[94.85877619996171,32.46441690041968],[94.86249590026563,32.46791739996809],[94.86821860030824,32.46948650020187],[94.88181000043124,32.46924509968164],[94.88967869961238,32.4720212996433],[94.90355629998334,32.45258660039133],[94.90212560001646,32.44534269980579],[94.90799130035828,32.43640790020447],[94.91142500006379,32.41684480024736],[94.9151447003677,32.413704599687605],[94.92515939958668,32.40935649990257],[94.93503110030508,32.40899419992246],[94.93846470018582,32.408027899967635],[94.94089679974758,32.4046457997639],[94.94418740022837,32.40440430031828],[94.949767000147,32.41056430020234],[94.95291449960456,32.411772099602786],[94.95634810038456,32.41140979962262],[94.96121240023217,32.40814869960286],[94.9686518997654,32.4069408003777],[94.97880970000773,32.409839600417286],[94.9821002995892,32.41249680028716],[94.98624920044028,32.41744859967321],[94.98396010027847,32.42457390036526],[94.98782299963176,32.42409089967532],[94.99383180009755,32.4186563001482],[95.01872550018174,32.40814869960286],[95.02344669990532,32.409960400052455],[95.0260220003151,32.412738399557554],[95.03331839972441,32.402592400219135],[95.03761039980014,32.400538899950334],[95.04347619996673,32.40078050012005],[95.05606609977076,32.39498209964421],[95.05592299964678,32.3901499001978],[95.05849830005656,32.387008800315925],[95.06522239969405,32.38459250004388],[95.0730910997745,32.376255799965236],[95.07881379981706,32.383867599710015],[95.08811319986432,32.387492099580754],[95.09955859994949,32.387975299920186],[95.10599660006312,32.38362600043962],[95.10900110012074,32.386525599976494],[95.1140084002675,32.387371299945585],[95.11872959999113,32.38447170040871],[95.1297458004284,32.3856799000074],[95.13160570004305,32.387975299920186],[95.1274568000913,32.39365330005978],[95.1288874002334,32.39800220024142],[95.14448180009504,32.397398200266764],[95.15263659969935,32.40090129975522],[95.15106290033265,32.392324499576034],[95.15263659969935,32.38809609955541],[95.1567856003752,32.38628389998206],[95.16665720036957,32.38543820001297],[95.1678017999132,32.39063320036195],[95.17237990041212,32.3932909002549],[95.17981939994542,32.39425730003444],[95.18425450014513,32.39413650039921],[95.18826039979768,32.387854500285016],[95.19298160042058,32.387008800315925],[95.2071453003154,32.388216999914675],[95.21186650003898,32.39087479963234],[95.21143730039114,32.3938949002295],[95.22102279996233,32.388820999889276],[95.22102279996233,32.381209600342856],[95.22760390019988,32.376859999589385],[95.22917770029068,32.372993400425116],[95.2281761999717,32.365380699559694],[95.2421967997426,32.364172199587415],[95.24720419971408,32.360788600213766],[95.25641799959106,32.35158110008774],[95.25239850039054,32.3475734998172],[95.24884390032582,32.34734579956904],[95.24513759992038,32.34508280043093],[95.24346899959471,32.34696610040527],[95.23883690020284,32.345360299738104],[95.23648870019343,32.34705159985151],[95.23132930040697,32.34568409974145],[95.22583119975013,32.34716080003096],[95.22384319980387,32.34448749959847],[95.22010019986442,32.34474399973584],[95.21686290040259,32.342008899690995],[95.206948800247,32.340983300239145],[95.19926039984762,32.33636769980956],[95.19197659994018,32.33465820011588],[95.17508220038332,32.33585490008363],[95.1629425002962,32.33397439969883],[95.15363540025356,32.33465820011588],[95.14088879987827,32.330213300003834],[95.1346165996764,32.32636650031378],[95.12510719983749,32.32705039965629],[95.11772220011949,32.32525519996756],[95.10871870040774,32.326195499622656],[95.10274999981272,32.32440029993393],[95.09566849970156,32.3248277998631],[95.09088930000127,32.3140919999459],[95.08350430028327,32.309731500308544],[95.0830995999666,32.307166499834125],[95.08937180016852,32.30502890036354],[95.08552760041846,32.30246370023963],[95.08380779989011,32.29887229991675],[95.07905310042031,32.29750410013418],[95.0781425998012,32.27894599975815],[95.08350430028327,32.27338639986249],[95.0928114003259,32.26808309955544],[95.1044452002858,32.258587599638076],[95.11284179970937,32.260897400394754],[95.11759650007849,32.265003599636486],[95.12862339975015,32.263806000346676],[95.13722229986928,32.27415619974886],[95.14248290036562,32.27372850017019],[95.14996900006935,32.276722200269376],[95.15553300034776,32.276722200269376],[95.16048999961384,32.280400000259874],[95.17121339967872,32.28048549970612],[95.1799134996084,32.28433419966365],[95.18881590023369,32.291945600109386],[95.19792069958066,32.29365590019967],[95.20479989989553,32.2969054996891],[95.206216100093,32.300069400082805],[95.20479989989553,32.30802149969253],[95.21218479978876,32.31024449968396],[95.21107200027268,32.32187180024346],[95.21724299976466,32.323154200206204],[95.22391979955916,32.31887970003817],[95.22816869962583,32.318195699971625],[95.2399037002956,32.320418500313565],[95.23929680000737,32.30254919968587],[95.24354560024932,32.29964190015363],[95.24455729977961,32.293313899716736],[95.24020719990239,32.290577299602774],[95.23767810036412,32.28664339967321],[95.2381838997672,32.282623699923874],[95.24506310008206,32.27757749960199],[95.24971659974136,32.262693899603846],[95.25477479971727,32.25379669975791],[95.25204340038266,32.2508879001565],[95.25598879994322,32.24121950017985],[95.25487600042715,32.231122200029574],[95.25851790038087,32.2282126000315],[95.2581132000642,32.22461830029437],[95.26204650014591,32.21362030033663],[95.27589989976065,32.20976860024075],[95.27944059990381,32.20333329989194],[95.27423269967943,32.202990900110024],[95.27023469967173,32.20061969993924],[95.26860989992701,32.19643539997378],[95.28616390004402,32.17331319974443],[95.29466160035264,32.17040180020297],[95.30275470016932,32.16492120035315],[95.30690250025026,32.16543500012523],[95.31277000013546,32.15078990033368],[95.31631070027868,32.15113249976508],[95.31975030043606,32.153958999708095],[95.32420150029907,32.15430160003888],[95.32996780037377,32.15138949992553],[95.33704929958554,32.15550059957309],[95.34494009960599,32.15618570040982],[95.35020060027756,32.154130299873486],[95.35283089962638,32.14804910038572],[95.356877400072,32.14762080005994],[95.35920419981403,32.14941959973481],[95.3633519000702,32.149676500070484],[95.36577989962274,32.153273799945964],[95.35910300000353,32.16509249961922],[95.36092400034238,32.171686200257966],[95.3651729004091,32.17862210012987],[95.37559279996782,32.18298879969342],[95.38348359998821,32.18298879969342],[95.38601270042585,32.186071199926005],[95.39461159964566,32.18281760025212],[95.39855700010554,32.17930710024251],[95.40240119985555,32.17956399967892],[95.40432330018024,32.18324570002909],[95.40614429961977,32.18316009985875],[95.41381069990393,32.174739799702024],[95.42663780039425,32.18328179971536],[95.4223403998896,32.196010900182955],[95.40586669958856,32.2135864003921],[95.41231289972063,32.22570539988436],[95.42090790037935,32.23661109972255],[95.39082560042118,32.24206350043028],[95.39583930014362,32.27295410025158],[95.41517789964041,32.280826500142894],[95.4302191004312,32.32320460001233],[95.44382770008832,32.33712449999575],[95.46245010019203,32.39641140026595],[95.47247749963697,32.40608719986443],[95.43953029958374,32.42604019999527],[95.41374540013015,32.45868119977757],[95.44382770008832,32.490102000307104],[95.48178869968882,32.4943309003508],[95.52476339991102,32.51305639963317],[95.52189839999124,32.53902409978241],[95.48393750021552,32.55411819959528],[95.46316629958511,32.59998850006929],[95.41875919967737,32.67960220008155],[95.42950280031403,32.70130269985975],[95.45457139965043,32.71215099956902],[95.47892369976898,32.685630700196725],[95.50542480041429,32.680205100185276],[95.53837210029224,32.647644599618616],[95.59209050007655,32.62894719965357],[95.60928029994596,32.60843579967246],[95.64724130044573,32.59154049989422],[95.68448609975377,32.58128109964309],[95.70382470014982,32.587316199882764],[95.7253120003486,32.58248810044552],[95.7575430999342,32.59093699994264],[95.77974670025009,32.57645269983226],[95.8055314998789,32.587316199882764],[95.8399112003417,32.58550570002808],[95.85853360044536,32.57222770014829],[95.90437329968807,32.589730099864255],[95.90365710029499,32.62170840002267],[95.88503470019134,32.63678850008927],[95.89721090016297,32.66875000001255],[95.94233430018784,32.663323399955004],[95.98029529978834,32.64523230043039],[95.99676890026461,32.65910239955616],[96.00848869969377,32.677637099572564],[96.02509639987903,32.67812039973671],[96.03946889986992,32.66948990013884],[96.05411799984586,32.66842050010604],[96.04833860024627,32.68250989981209],[96.05966629976001,32.69212949987656],[96.04558219975877,32.70649549956772],[96.05198410018613,32.71834569979427],[96.04046079992605,32.730194300126925],[96.04259469958578,32.73881049960494],[96.05753230027551,32.74957949979415],[96.04728939988598,32.786184599639626],[96.03661970013911,32.79587170011894],[96.02936429992258,32.80950360031096],[96.03405900022273,32.84285690002599],[96.03714629996182,32.854364999944835],[96.012520599646,32.86552250006338],[96.02057080000247,32.86793859978661],[96.0187701998849,32.87210250043012],[96.03320539970952,32.88802540015217],[96.042764499682,32.89265479977922],[96.03619289988251,32.90594299976965],[96.02466959962237,32.91418389956738],[96.02441559960027,32.926051800250434],[95.96325610038878,32.9239705999633],[95.91325420022122,32.92952039994657],[95.90003049960791,32.94373999990114],[95.89631130022639,32.96766549976303],[95.88928630002277,32.99678340003396],[95.91449390037326,33.00544759992687],[95.93598230044284,33.00059569993164],[95.95251189990432,33.02623810000836],[95.95251189990432,33.066765600152394],[95.9425941997626,33.08234820000945],[95.95457810039909,33.0882341998485],[95.93432939958217,33.1000049998309],[95.94176770031919,33.1110820996592],[95.92523809995839,33.11800449980785],[95.91077470009242,33.13530809988896],[95.86779780012841,33.165754299721186],[95.86191190011414,33.20964409969548],[95.85227599983756,33.20480749986626],[95.8345067002241,33.22347679961467],[95.83120079957729,33.241796499608824],[95.80599320012612,33.252164500191554],[95.79510870000655,33.26410870025637],[95.79569959955694,33.27286470024575],[95.78411530008111,33.29324320021357],[95.77334720011328,33.28775169968122],[95.75016840015161,33.27987340023731],[95.74328220041326,33.28232890015869],[95.73968029960622,33.29003590033659],[95.71432550002186,33.275724899584475],[95.70351439986973,33.29681220022292],[95.68693739984121,33.319098899694495],[95.67180189973794,33.32753030018324],[95.63576489983035,33.31066680043256],[95.62999899995395,33.30223380004986],[95.601169399848,33.3160875998629],[95.59612419957222,33.30404100029199],[95.56801539979091,33.29681220022292],[95.55215920008709,33.3046432996486],[95.54783470031123,33.2956074000615],[95.52405029958175,33.29500490015607],[95.52621250000692,33.31548529960696],[95.50675259995256,33.33596079955129],[95.48008520027184,33.34499260002855],[95.45485940034109,33.33776720029613],[95.44621049971482,33.34980919983474],[95.39503799970396,33.37930480007651],[95.37485730022428,33.372684199816035],[95.35467659984528,33.397358500394546],[95.30350409983441,33.41961949994004],[95.28260269985475,33.42743959975775],[95.26602569982623,33.3991636996451],[95.24224129999607,33.422025799750884],[95.1838614001835,33.42864260037578],[95.17593329988193,33.44849010013809],[95.1636806998045,33.46532689991653],[95.15359039997702,33.50980839983782],[95.13629259962386,33.51461579957953],[95.11611190014412,33.56027310012354],[95.09521050016451,33.57108310040479],[95.06998460040904,33.55787069977305],[95.04043429980317,33.52362900027822],[94.99863140001918,33.517620299637144],[94.95899079958576,33.55967249958621],[94.93808929978144,33.54645830031035],[94.90637679964965,33.56207489993676],[94.86673610029084,33.562675399749935],[94.84439320038592,33.55186440032185],[94.8083563003031,33.56327600028726],[94.80042810017676,33.55066299959782],[94.78817559992405,33.54705899977307],[94.78817559992405,33.55967249958621],[94.79177930027453,33.568080499715336],[94.78385110014824,33.57948999976372],[94.79177930027453,33.588496499613825],[94.77520230024601,33.60050360006113],[94.79754520015092,33.60650659989972],[94.80259029970262,33.65091540042545],[94.74276899978958,33.667112900040365],[94.69375870020389,33.70069800001272],[94.68727209982762,33.72707710042789],[94.65123509991997,33.76842800005221],[94.58853080015638,33.79478630004775],[94.52510570006808,33.804369099854114],[94.51933980019169,33.78759850007077],[94.5092495003642,33.77741470042815],[94.47609550030717,33.78999449994626],[94.43861699957495,33.76303549958868],[94.3773541997366,33.757043500257396],[94.34492090017943,33.73666750040485],[94.3442001996795,33.70849270027793],[94.33987579972842,33.68330729969216],[94.30816319977191,33.689904200118804],[94.27500919971487,33.68390709983282],[94.24329669958308,33.662313899966534],[94.2058182995749,33.665913199934266],[94.18131310031936,33.65511499965754],[94.1330236001591,33.65871459999886],[94.09338289990097,33.67431080030326],[94.05662520039272,33.667112900040365],[94.04221049971483,33.66891240028707],[94.0299578996374,33.644315499860454],[93.99824540040498,33.643115500280146],[93.97374020025012,33.614309799657576],[93.92907560015885,33.58658339970418],[93.89664229970242,33.59648960021491],[93.8386227996026,33.63220270029444],[93.78564849977852,33.65590319967299],[93.73447599976765,33.69488969979983],[93.72174469955831,33.68294749982732],[93.70269950028177,33.67502320006071],[93.67472680030164,33.65620000022989],[93.5836666003334,33.63291300013492],[93.51641309978481,33.65174130002106],[93.5027243003862,33.66561209971866],[93.43547070001284,33.63588610036328],[93.39559470023528,33.6200281002167],[93.36048000005201,33.62696629965507],[93.35809940016725,33.64282310010606],[93.33905410016666,33.64133669972898],[93.30274909959132,33.62647080018735],[93.2682296004158,33.64034569989417],[93.25811180021947,33.64034569989417],[93.25275529961743,33.62795750003863],[93.2229971000362,33.62300169956882],[93.2087130996299,33.63687720002281],[93.16229029975761,33.64381409994081],[93.14324509958175,33.65768620005815],[93.13312730028474,33.655209200044624],[93.11646269999369,33.658181599701095],[93.1021786995874,33.655209200044624],[93.08848990018879,33.658677000243415],[93.07480119971564,33.65025500036802],[93.0628978999182,33.64579589996089],[93.03016379961974,33.66511679990043],[93.01468960044474,33.65075040001102],[92.98314590036307,33.65669539987283],[92.95279249977409,33.64926410035798],[92.92243910008443,33.658677000243415],[92.88613410040847,33.662144599893395],[92.84982909983313,33.64381409994081],[92.83495000004251,33.619036899833134],[92.81166929969851,33.61875800028156],[92.80656400042835,33.60959599955578],[92.80691820021485,33.60316830027688],[92.81346119977462,33.595832099571794],[92.80842819970172,33.586293999668385],[92.8062891001619,33.57266630020962],[92.81899759985942,33.55672960039078],[92.83824900019124,33.547397000071555],[92.85032830001109,33.536070600078176],[92.86468899999738,33.50737139987024],[92.82372529988277,33.48743090031587],[92.8068204996664,33.474963800239266],[92.7932966997829,33.47199520021837],[92.75862789965788,33.476176699694975],[92.73727439969383,33.46148120009735],[92.69741470012838,33.475137700344646],[92.68638209965422,33.470833199692436],[92.68513649994958,33.45539439963187],[92.6806878002019,33.4433680995582],[92.66502870041427,33.43327069958315],[92.65524169964476,33.41114129963131],[92.65967100011665,33.39241380025675],[92.66204299978466,33.3894838000374],[92.67143350025589,33.3871776999909],[92.67192090042926,33.38579400039288],[92.64998810037059,33.38384060006371],[92.61010560029325,33.3652894001857],[92.59803770027969,33.35556739971577],[92.60984879978236,33.31902859969017],[92.60839380013385,33.3143082003632],[92.59786649993907,33.30729860015032],[92.59709620002968,33.304365900166204],[92.6102767997346,33.29585320006521],[92.61549759983444,33.28733969956755],[92.63834959965436,33.2864812004471],[92.68456709959202,33.265944999861915],[92.71041469977865,33.250271299580845],[92.71863110024515,33.24361449980938],[92.71982940010679,33.235668699950565],[92.71794639960672,33.2292254999569],[92.70878849978948,33.22084870000754],[92.71050029994893,33.20688560019033],[92.71015790016702,33.18941069994389],[92.708360599662,33.18547119993599],[92.70052240008874,33.18493719959213],[92.69580180021296,33.18291119969217],[92.66965729964471,33.15028609992362],[92.66759960044129,33.142989300316],[92.67002040002149,33.137719099556875],[92.67946149994833,33.13001589991393],[92.70669539967304,33.114100499638425],[92.71722579983083,33.10416459991643],[92.73080770041508,33.064308899636046],[92.72875360029849,33.039631099795486],[92.72500240034054,33.03566959967236],[92.716700299879,33.030790399857096],[92.69932599959526,33.0247627999633],[92.69667279990983,33.02138999964882],[92.69633040012792,33.01557699957891],[92.69119510037365,33.00983540028352],[92.68802840039041,33.00036100026],[92.69316360031996,32.99361340043811],[92.695988000346,32.98521420017522],[92.68160930042893,32.9677669001224],[92.67647399977534,32.96403289969862],[92.67330719996738,32.954840900287365],[92.65541940028515,32.943133900009514],[92.65148229966843,32.93566370031954],[92.64840369997086,32.92621410000078],[92.64653799972893,32.90272099957451],[92.63789949976217,32.89499910032828],[92.59793000016941,32.87652779981818],[92.59543600027126,32.872391000244534],[92.59399289955275,32.86617639982103],[92.59424970006364,32.83382050041581],[92.5859475996021,32.77461479993315],[92.58201059970946,32.76043689974318],[92.57601939987546,32.751439699782395],[92.57139770024372,32.749424200366605],[92.56084110013671,32.73623510026971],[92.55463440025744,32.73323370017516],[92.56978680042056,32.73549859958075],[92.5714086998517,32.74219590032061],[92.57627439994366,32.74356009991874],[92.59042920014753,32.73934340007793],[92.59929690043168,32.74702880033891],[92.60070589975754,32.73417840021307],[92.60896280029306,32.72896899991946],[92.6293102997306,32.73442649978318],[92.62842559976167,32.72624019962558],[92.63520809957419,32.72251890032703],[92.65018460043899,32.724002799689515],[92.66912049971137,32.73616289999791],[92.68121099968795,32.75650089989665],[92.68592929999727,32.76815589957516],[92.6916655995878,32.767780300420554],[92.6991994002322,32.76642019993233],[92.71040520023985,32.756996900286765],[92.71895700016546,32.7552609002704],[92.72338040018536,32.751044800277384],[92.73782999995461,32.752284799903634],[92.74225339997452,32.74509230006964],[92.75518800002624,32.74289700009655],[92.77578739956891,32.72470860022179],[92.78206359995522,32.72648830009501],[92.78855120037764,32.722022700287425],[92.79385930036648,32.72847289970463],[92.80270599968219,32.73169780021334],[92.81980960043279,32.73219390042823],[92.85401689996002,32.71209849984592],[92.86522279979243,32.70018790025142],[92.87701840037892,32.698698999759074],[92.87554399965592,32.70688780003201],[92.87937750017153,32.71333910021934],[92.88645490027346,32.70936909970425],[92.89913519992962,32.714331500298556],[92.91623889960562,32.70614339969819],[92.91682860035968,32.714083399829065],[92.92891920016103,32.7116021999816],[92.93127829995365,32.72103030020821],[92.94041989955878,32.721278399778384],[92.94808700041477,32.71706069989142],[92.95870309966836,32.72028599969917],[92.96401109983248,32.717556899931026],[92.98435860016934,32.72450359976136],[92.98406369987993,32.73219390042823],[92.99703889982544,32.74335610040379],[93.00647539971999,32.74410020036402],[93.01971069978902,32.736758699954066],[93.02554929996029,32.71290119963072],[93.02388109983298,32.70377759995631],[93.04681819980016,32.69710969985283],[93.04097970035292,32.67675210012936],[93.0480693995832,32.6714863995777],[93.0480693995832,32.65603869982618],[93.05682720001533,32.651825199773214],[93.05849530031793,32.63707649988061],[93.06278990033371,32.63080600029673],[93.07142349989465,32.627593899838644],[93.07976429998251,32.62864760040651],[93.08768799990133,32.63742770042808],[93.10937399991025,32.639183599743376],[93.11813180034238,32.64761159989547],[93.1327281002217,32.6433976996442],[93.15733340031625,32.64655809987647],[93.16358899993247,32.66797579974343],[93.1756830998952,32.6711353995791],[93.19403280037352,32.66867800028956],[93.20612690033624,32.659900900406285],[93.22405949974615,32.65638979964956],[93.24001120025673,32.66395350005405],[93.25293939983351,32.65605380034265],[93.24741369988243,32.64745109968857],[93.2528351998846,32.64192029968211],[93.26034190035847,32.62725769998292],[93.27212319992577,32.62471130018639],[93.28442579961103,32.62637960013848],[93.28713659997419,32.62163790036885],[93.2977710004314,32.62163790036885],[93.30329680020725,32.61777409989486],[93.29985620000366,32.61162670041193],[93.30194139957598,32.60890419986896],[93.31247160008434,32.604688500074246],[93.31299290020223,32.595378100419055],[93.31142899984854,32.58887779977067],[93.30705010008211,32.5819377998896],[93.30955239982347,32.57745730011436],[93.3171633002462,32.57807229969694],[93.33686839955703,32.573855099833054],[93.33853649985963,32.56902279966255],[93.34781560040972,32.5649809001485],[93.37481889957263,32.539934999700506],[93.37513160014328,32.532287999591574],[93.38034460042303,32.52798080007392],[93.38534910008099,32.52683809989844],[93.38691300043467,32.53325490029346],[93.39108339957926,32.53659500035906],[93.39170889964606,32.5430990997437],[93.40912029966216,32.546614599983855],[93.41047559956934,32.56006020021812],[93.42038030001089,32.55812689973669],[93.43455960044525,32.559972299582],[93.4437344003224,32.56462940012676],[93.4614585998346,32.557599700066135],[93.46291820041466,32.54520840024753],[93.4739697001416,32.5310573996793],[93.47556419992793,32.50666150042798],[93.47955199982499,32.501016199637945],[93.48677679970962,32.50076740039526],[93.50130009981979,32.50487099969695],[93.50417529985026,32.49616629973502],[93.50992569991121,32.48932620014409],[93.51331230032247,32.478690199792936],[93.51977660020998,32.47675120030772],[93.52117729969268,32.47500979986245],[93.53093220006105,32.476051599701634],[93.53228759979294,32.488100700287134],[93.53729199962612,32.49038719960964],[93.55397359980185,32.48827649976073],[93.56366969979689,32.49619110033905],[93.56231430006494,32.501994599970885],[93.57086359987528,32.50304979970855],[93.57284449967398,32.50902870041426],[93.57889159956773,32.50700650014994],[93.58848349961386,32.51272140037236],[93.60745870015893,32.51949089958538],[93.6091269002863,32.52502929976242],[93.61903150000376,32.525908299828245],[93.62205509986302,32.53425899965316],[93.62935319989032,32.54568510028719],[93.6250785998975,32.55333089980121],[93.6383195998697,32.5539460999326],[93.64884980037806,32.567214799923136],[93.64843270020901,32.57266230022503],[93.65404510020124,32.57497789981028],[93.67053580038692,32.5767038004401],[93.67105709960555,32.573365200443675],[93.67637429983415,32.56967499970153],[93.68356819991254,32.57310160015879],[93.69170050027793,32.573980200026256],[93.69722620022901,32.578109500153346],[93.70952889973898,32.578548800087106],[93.72154999993262,32.58090210015183],[93.72766999977074,32.57714310037386],[93.7426833998191,32.57459519960884],[93.74987729989755,32.56449090003508],[93.7612416000199,32.57046579965697],[93.78313609975129,32.55728539960154],[93.79825379957327,32.55851560021483],[93.82275479989414,32.54911260006651],[93.82452719997036,32.539357000025575],[93.82807750037642,32.53216929987332],[93.82620079962726,32.523642600025994],[93.83558419995092,32.515027200045324],[93.84277810002936,32.515906299935864],[93.8498611002097,32.51195139993723],[93.8509104003947,32.50236619984031],[93.84903369964559,32.496123000076466],[93.85841709996924,32.489791500377464],[93.85424669992534,32.4758955997022],[93.85810429957382,32.473960600401426],[93.85487219999209,32.470794100067735],[93.85455939959667,32.46868300002046],[93.85664460006831,32.46674780017088],[93.85862559969172,32.466659799710044],[93.86998989981407,32.47615950036072],[93.88260529989475,32.473960600401426],[93.88906940013277,32.47510400024947],[93.89730590044701,32.473960600401426],[93.91200650009995,32.46358100036292],[93.91148519998205,32.469210800438134],[93.92211970026403,32.4765993003175],[93.93671600014335,32.47871009999119],[93.94505680023121,32.48363530012904],[93.95975739988415,32.486097800373216],[93.97091309955994,32.4724653003334],[93.9731025998052,32.46340510016529],[93.97810699963838,32.46146979959161],[93.99082179998612,32.46585080017434],[93.99603969977238,32.464460700101256],[93.9972907997307,32.458214900397365],[94.0105362000856,32.44812769963369],[94.02845870010896,32.44917279998481],[94.03177620021154,32.45259440021147],[94.0278689004295,32.461614399784764],[94.0356097996526,32.46068130010195],[94.04342440011601,32.46372930036699],[94.04902729967023,32.472561499913354],[94.06716309999712,32.472437100291984],[94.06937470018232,32.467958900083204],[94.09016449969198,32.46596849984644],[94.09930610019643,32.45166119980456],[94.10490899975059,32.44792849980047],[94.13578030012081,32.43595499982342],[94.14589879998971,32.44096039970276],[94.15341859998847,32.45701120010688],[94.17111200041853,32.456389100376725],[94.18099080038519,32.45862850040504],[94.18128569977529,32.46634169960981],[94.18688860022877,32.47218830014998],[94.17981129995161,32.47803460031662],[94.17597769961122,32.488606700239075],[94.18202290013681,32.50216199977655],[94.19219670021761,32.51186080043567],[94.19544049997916,32.51820179967336],[94.21014039995953,32.514111799919704],[94.23318649955735,32.51186080043567],[94.23878940001089,32.517704499762885],[94.25102739959488,32.51919650021836],[94.25913679962366,32.51260679976406],[94.29223829995766,32.505581599910954],[94.29083759957564,32.52218029968111],[94.31516610003553,32.53336869960583],[94.32194850002332,32.52963939993839],[94.32651929982586,32.533741599894995],[94.33300690024828,32.53050950031326],[94.34155879999867,32.53448739957389],[94.3512076001507,32.53464639971162],[94.35776830016698,32.522306899943544],[94.36285399961247,32.52299879965494],[94.37048599992903,32.52673230005564],[94.37169719966607,32.53668859999897],[94.3803775001216,32.54341059971944],[94.38229520006348,32.55268450038943],[94.37815690042066,32.55770390001504],[94.37634009991575,32.56433930041845],[94.38582789983775,32.578373999760345],[94.38602980033505,32.58449759958461],[94.394205400359,32.59546790042333],[94.39289330028566,32.606351899620506],[94.39844460033811,32.60252569980128],[94.40470250042011,32.600569999905645],[94.40904269966092,32.590450699640144],[94.40672119962375,32.585688200350205],[94.4138875004079,32.58237139992025],[94.42276969956202,32.57505689985612],[94.42832110033856,32.57327069968312],[94.43417520032529,32.56399899965419],[94.4499816998956,32.568553900342295],[94.46294140002567,32.57573729993652],[94.46374890039152,32.59665839956551],[94.45769280008273,32.60150530022946],[94.4624366995941,32.60856259958433],[94.47485160032113,32.61077319972344],[94.48403660030891,32.59810400039936],[94.488376699725,32.60167539979989],[94.49312060013563,32.59912439997112],[94.4966532999099,32.60414119965668],[94.50916910007396,32.60541660019601],[94.51068309974534,32.59963459975705],[94.51583080025131,32.5969135003578],[94.5390455002497,32.60261070012376],[94.55297439974879,32.61145330032957],[94.5632697000367,32.62777590013775],[94.57039640007389,32.63132859993499],[94.59526910008896,32.63053970024703],[94.590222399744,32.64379920017302],[94.60011389993662,32.65416740040524],[94.60011389993662,32.663514799968084],[94.6037475998719,32.6725213996429],[94.61363910006446,32.67558000021688],[94.63362400004763,32.65535719987491],[94.63745949975618,32.64685879989378],[94.67359380001392,32.62220900044508],[94.68873390014943,32.61608799966149],[94.68469649994358,32.608266200125115],[94.6890793000697,32.604476900388704],[94.70407589988292,32.599423199720945],[94.71587370021115,32.60556030016778],[94.72062900042806,32.604524999728994],[94.72385890026811,32.59432110023863],[94.73698030030067,32.59023919977932],[94.73516349979576,32.58122440008606],[94.7439446996882,32.569642300351916],[94.74268310014503,32.56483620013057],[94.74939520012845,32.55977469964273],[94.76357639993097,32.55632929975741],[94.77160059998778,32.557435199674785],[94.77175199995492,32.55556359988026],[94.76039699972182,32.55143739971629],[94.75610730011186,32.547481200197296],[94.75553379974514,32.5359127998359],[94.75831719967908,32.531219399955376]]]}},{"type":"Feature","properties":{"shapeName":"Sunan Yugur Autonomous County","shapeISO":"","shapeID":"62558664B83192228367673","shapeGroup":"CHN","shapeType":"ADM3"},"geometry":{"type":"MultiPolygon","coordinates":[[[[99.1707200002279,39.1720028996142],[99.15833269969437,39.1813015999889],[99.15346849967159,39.21301109998234],[99.15235610035381,39.246628099807026],[99.1422065999547,39.261036599659406],[99.12601699998464,39.26569010021802],[99.0972119999339,39.26777729988254],[99.08726730034567,39.27425489984381],[99.07720099982635,39.26129590028563],[99.0708445996986,39.26345850000985],[99.05346949991753,39.29534369965205],[99.03390339982212,39.302526199924216],[99.03095870018393,39.30986970042636],[99.00986330025114,39.30812460017023],[99.01059379976408,39.31659120012387],[98.99131890014718,39.317575500009355],[98.98124260006603,39.33452130031782],[98.92021590014372,39.33339629969953],[98.91384410002524,39.31707100012659],[98.89726659997365,39.33094169999953],[98.87662940012677,39.32780139961494],[98.86204469970318,39.33322389966327],[98.85301280030058,39.34684430022435],[98.82854400020551,39.34925799965703],[98.81210229958151,39.3538389995702],[98.77823670016363,39.37194449993876],[98.75874319963901,39.38571500004724],[98.72769230015956,39.398503200362484],[98.70970079965224,39.41407879989674],[98.6800377996048,39.42385409958706],[98.65988120015732,39.435789899983945],[98.63574280019014,39.44136470022079],[98.61537879999167,39.44414059980886],[98.5967399998512,39.44437080017235],[98.58173419997343,39.44844820042414],[98.57527049993371,39.45104190006367],[98.55925339982463,39.47096000020389],[98.53409599963072,39.46199639981404],[98.51616099993026,39.47053949969819],[98.52379290042205,39.478492500428615],[98.53218799977645,39.47672530023249],[98.54210949955382,39.4770198003236],[98.54401739958337,39.48320500011073],[98.5306616002527,39.48585559985611],[98.55355729992948,39.50852899971363],[98.43352040044618,39.57501559979016],[98.41040879962645,39.55086830013198],[98.40266269962393,39.5367890996373],[98.40180159966417,39.528268300241905],[98.40413300033777,39.52450270033938],[98.40055880044832,39.51072789967287],[98.37947700006356,39.5014648996854],[98.37858800043591,39.50406559964773],[98.39128920033636,39.511461800421785],[98.394242099993,39.514879199915185],[98.39580360005618,39.53344009988075],[98.39390030005887,39.53895080003946],[98.38364160037963,39.53643799981387],[98.36236179985724,39.53992949984661],[98.32863819979315,39.566968799770336],[98.3558231997809,39.63205690010591],[98.36941989960872,39.64883870004604],[98.36826660002362,39.65245449987532],[98.31143090001609,39.67138189965499],[98.2970131002744,39.67862039981168],[98.29109729960078,39.68431170002498],[98.27952980036008,39.69117770009086],[98.27148250031718,39.689703800290204],[98.26042260002305,39.692958999858035],[98.2581904997918,39.700765699777264],[98.24043500027511,39.70552729974514],[98.24347879980684,39.70818120000246],[98.24824740009751,39.71879570026141],[98.24550800039395,39.71942009955802],[98.2406378999192,39.71700070022217],[98.2250131002744,39.724804700376694],[98.21750499955613,39.72613130021938],[98.19442859999992,39.72552819956678],[98.1812870002949,39.723353399639734],[98.16783999981618,39.71331489986278],[98.16061600032822,39.704466900127386],[98.15845520014744,39.69631599998348],[98.15650039957382,39.695211000287486],[98.03666910039874,39.6974204996564],[97.98305539968703,39.66506639979457],[97.98040019990935,39.66600079989706],[97.9684562003934,39.66225699956095],[97.95742500016371,39.67202469998],[97.93878279968652,39.696949200045594],[97.92090250035017,39.69837439975879],[97.91406199966161,39.70097110043599],[97.90703169975319,39.70023030008832],[97.88894749982734,39.70517710014309],[97.88015010044683,39.70932490022403],[97.8565698997811,39.710647400057496],[97.83321359972791,39.69039210001546],[97.82946820039717,39.68421019984089],[97.81286810038256,39.68262630036355],[97.81100369966106,39.678947100128596],[97.79473149965906,39.683366900162355],[97.794139299689,39.68142989987001],[97.78947559991906,39.68086020003824],[97.78710670021411,39.678695200023526],[97.76570739957691,39.68592950034622],[97.7543126996714,39.687753499924156],[97.74827860037715,39.68570940026865],[97.74468920014652,39.68598750032294],[97.74128399995669,39.687696499993535],[97.73550990006191,39.687639500062915],[97.72618249962272,39.689234599697045],[97.7240080000692,39.6910236003589],[97.70774969998871,39.693165100189276],[97.70064309979927,39.69681050030442],[97.69361060014916,39.690658700438746],[97.69165319963554,39.68248399973686],[97.6757699995859,39.67789749957001],[97.67323460029661,39.67399560021681],[97.67229079958082,39.666045800173606],[97.6673309000011,39.65749760023414],[97.65883080030125,39.63164430014439],[97.65079940027215,39.62517740031683],[97.6332763997861,39.62208429995053],[97.61173759991038,39.61730379983055],[97.6035923996696,39.60948040040023],[97.5837930001469,39.596916900194856],[97.56865969978537,39.560592799817925],[97.54670190037245,39.548742700315415],[97.53268610028334,39.54408430025029],[97.52096019985339,39.51536529966887],[97.49634950022931,39.482153000160906],[97.49292830020096,39.389662500424095],[97.47001199975404,39.36382620021902],[97.44556280038302,39.360235600292754],[97.41978290026071,39.33554100021706],[97.40800740042124,39.32842979999532],[97.41298649962732,39.30847980000283],[97.40397269998016,39.250347800110944],[97.42894049970437,39.205574400038586],[97.40348029957624,39.18275339984956],[97.39548509995745,39.17224430013442],[97.39395799986187,39.15966120010438],[97.40038300027533,39.14591220008799],[97.42592619973436,39.12456130006399],[97.43156900040913,39.12744980016822],[97.43928529957697,39.12100310001313],[97.46255290039608,39.118884799993566],[97.47449270007809,39.10752829969135],[97.4765609995905,39.09779040010693],[97.48724510018127,39.09170959991815],[97.48902580010065,39.080560100168555],[97.50920689977863,39.07512289980201],[97.5158547998592,39.076413099584954],[97.52796350031537,39.071160000333805],[97.53829149995283,39.0709755997442],[97.54968789957695,39.06811850036854],[97.55835389991262,39.05733400036388],[97.57414269992574,39.05392320009565],[97.58708230020807,39.048852700092084],[97.59384890000678,39.04120029955425],[97.62186510019427,39.0308727999398],[97.63729770032865,39.027091800046605],[97.64715090019394,39.01916030030765],[97.65700400023451,39.01722339984008],[97.66448289996595,39.01196580038146],[97.68967250038565,39.00653389971973],[97.68691950023481,39.000711499935846],[97.68798800004623,38.989916699995774],[97.6832394996033,38.98825579966547],[97.68145879968392,38.98419569967183],[97.68205230007362,38.97745920018201],[97.68549500019418,38.97044499993683],[97.7246700998453,38.96712229995421],[97.73642270024749,38.95687629960162],[97.74603839995228,38.95724559990458],[97.75173659976434,38.955676200196535],[97.75363600030124,38.94875229997871],[97.76075870015393,38.94395129981268],[97.76669430030176,38.94413599987655],[97.77168030000593,38.94118129977721],[97.78224569997911,38.939057600228125],[97.79328589972454,38.94219700039133],[97.80290170015343,38.935825800120654],[97.8119237996437,38.9397039996399],[97.8208313003243,38.93286509974462],[97.82984939963012,38.93000810019373],[97.8647509002339,38.90876479955591],[97.87160560031828,38.9023028999589],[97.88137060007318,38.89860280037897],[97.89027409967002,38.89934190010865],[97.90072079992501,38.8875152000665],[97.9172218000461,38.87882880040888],[97.92529420016729,38.88224800034499],[97.94328309983524,38.87667470017732],[97.94725609958937,38.87383819977316],[97.95532849971056,38.87383819977316],[97.95865250011286,38.869771600379124],[97.97128540010118,38.86362739978472],[97.9829885000193,38.860251000383414],[97.99485980013975,38.86173000023939],[98.01301849990392,38.85930909993505],[98.02857410031453,38.84370249987052],[98.02940509996546,38.83482580007069],[98.03201680043503,38.83140419984397],[98.04531259969679,38.827335100334665],[98.04448160004586,38.82280340035669],[98.0518418000591,38.81891880036238],[98.05896449991178,38.82030619977138],[98.06600979961263,38.81870590025716],[98.08034629974202,38.79771880028244],[98.09266070033112,38.78593940008329],[98.0975943001369,38.78768789977681],[98.10290140007959,38.79492689995652],[98.11537310018849,38.797615399830875],[98.11869000044322,38.80867869956239],[98.15093049974286,38.819430299668625],[98.16868390024189,38.84127290042409],[98.20254190038844,38.85622120034816],[98.22449549996742,38.873577700350666],[98.23929349979522,38.87905100040342],[98.25110179970835,38.88865590014973],[98.25149980007575,38.90703589968706],[98.23703800010367,38.91426259983916],[98.2359126001864,38.91968819985061],[98.24990769968065,38.938518499828945],[98.26953129972975,38.95405200029961],[98.28015810001637,38.969265200028985],[98.28689580010115,38.99165339968471],[98.28040309962341,39.02651209975363],[98.28939060039596,39.03649520039323],[98.31635579978041,39.0372071001276],[98.37183800032352,39.02896630015471],[98.38006610007051,39.03226709984682],[98.39041280021064,39.024946600405315],[98.40076160026769,39.022781999689585],[98.39890410004426,39.013298399601524],[98.40026860001592,39.00077819995403],[98.40739539987788,38.997730000039496],[98.42530679956923,38.9995860001938],[98.42990879955153,38.99724579965397],[98.43353280029856,38.98886179973232],[98.43000790034438,38.970462800218115],[98.45632039966677,38.95849529961845],[98.46935559968125,38.95678239958812],[98.49323750041037,38.94574210001798],[98.50119810041207,38.95317129961586],[98.54019460010079,38.95737360041136],[98.5610354999884,38.94285280041646],[98.57390519956539,38.9317071003025],[98.58123780028433,38.928021700141414],[98.58956109956517,38.93119100006464],[98.59579689970724,38.945019799624106],[98.61516780015393,38.947599500416686],[98.62392449981587,38.95657609960739],[98.61263640014982,38.97980280015918],[98.6633297000057,38.9947531001755],[98.67248430021033,39.00804059959404],[98.69179709995626,39.02134180018396],[98.70392879967443,39.04277599991252],[98.71918670020614,39.04834029966514],[98.72184020026509,39.05390420011878],[98.73086219993064,39.05740719978252],[98.74333390003949,39.07564040028427],[98.74416140042837,39.08702780039272],[98.75912250040312,39.09036769990945],[98.76708310040482,39.08552759991886],[98.77846529973385,39.08855820010092],[98.81166260034877,39.08666040035723],[98.8165155003901,39.08510949970372],[98.81657169992405,39.07965719972003],[98.82320550043357,39.072756299663524],[98.81881519996159,39.065845499869965],[98.83952479972976,39.05400720037204],[98.84668939989592,39.055346600265466],[98.8553134000934,39.052873899910594],[98.85756889978495,39.04730989963224],[98.87349700028642,39.048957800262315],[98.89790270034939,39.020308099639124],[98.9014850004325,39.01072109999882],[98.94075750025848,38.994842800355],[98.95641340025827,38.98422100029899],[98.98294880014708,38.98514919957597],[98.99303220037581,38.97731080035322],[99.00420919959492,38.97810899993044],[99.01329950007192,38.98506530002362],[99.04119400040287,38.98009559963225],[99.05782169971172,38.97585810027118],[99.06547389970075,38.96225030011129],[99.07927700023345,38.95323939987844],[99.09267279961006,38.95513160044305],[99.10597229958199,38.951190899840185],[99.10089869961536,38.94305920022197],[99.06308580036944,38.911165500187735],[99.06037140002013,38.90615839969047],[99.07720459981249,38.8937497996136],[99.08731679993042,38.89005940012129],[99.09333609998112,38.87998059992481],[99.10023540014367,38.878534599791976],[99.11973890023012,38.863969699741915],[99.14653969994725,38.84940190027754],[99.15662310017598,38.83824149984537],[99.15768449983983,38.8316271004104],[99.1747998996957,38.83028349978372],[99.17864749978236,38.81663919973931],[99.19085380006288,38.81581210044811],[99.1998758995532,38.80929909957382],[99.20438689983564,38.8018548003588],[99.21797179965887,38.78989790006807],[99.2541408002578,38.78324079992302],[99.28593440035235,38.76760480012149],[99.33014739958287,38.73804859996295],[99.33693129963984,38.73647760036101],[99.34948349986371,38.73674059989884],[99.35258719963963,38.72457500023614],[99.36062619983932,38.71766659983376],[99.3763364000049,38.70915029974657],[99.3735501995821,38.695172200136994],[99.38075410012169,38.687394099558105],[99.39849349997507,38.671661900176616],[99.41466119965469,38.66948319988984],[99.41507819999902,38.66047369990139],[99.42768249974762,38.646589699954745],[99.43453679963363,38.61845289978157],[99.44637300011391,38.60494609978275],[99.46549620028946,38.604761799917185],[99.49609899996892,38.612958499834974],[99.50586239982994,38.61144590040806],[99.50949940027715,38.608085800319486],[99.51294899999641,38.59896159989796],[99.51308170036026,38.56753620023551],[99.52369590024568,38.55135139994718],[99.54850650027481,38.53433280041844],[99.55540569971333,38.51990519986515],[99.58061439993469,38.505786299698],[99.58154310013401,38.499556499832636],[99.59534149991038,38.4962337000253],[99.59905650035728,38.48917229976189],[99.61829470044012,38.48262940002684],[99.62877610013697,38.47390470004194],[99.64218359969345,38.47620870017141],[99.65849579974144,38.46528279976144],[99.66022059960108,38.455932700433834],[99.66969300043166,38.44069670019263],[99.70121790018601,38.42673149955908],[99.71567970015809,38.42434080028778],[99.7291564996728,38.4137421002178],[99.75699540031752,38.40994599980809],[99.77246550038262,38.405732599579835],[99.77883399998916,38.397726500177896],[99.77644579993375,38.39107140012504],[99.78613119979508,38.38763959978775],[99.79661270021597,38.387015599790175],[99.80669620026947,38.37817530005009],[99.8084210001291,38.372974699622716],[99.8151875001031,38.366837400425766],[99.83435690025078,38.36716750018002],[99.84225359982383,38.35997140035988],[99.8606958000712,38.35809869979522],[99.9091229001018,38.34384400020048],[99.94269019979293,38.34082629989388],[99.94428230018804,38.3313559000548],[99.95569259973377,38.31844919967091],[100.00642169980165,38.31245759963855],[100.02853230032548,38.296065199849124],[100.0351661997604,38.288463500390264],[100.05692520043772,38.28054860033768],[100.07297909990558,38.28461030022521],[100.09473820040768,38.27252860011487],[100.09460550004383,38.266695299648404],[100.09712639956376,38.26117409990485],[100.10734250015634,38.25513160004334],[100.11729329984598,38.253568799560526],[100.12618269987178,38.23210279980441],[100.15191649984666,38.22148900011729],[100.15895380007788,38.210278100054325],[100.1615687003353,38.20882869958484],[100.16741820028977,38.207938899560645],[100.17531129987663,38.210233499976084],[100.17897560014387,38.21422100039888],[100.18054909986114,38.22213500023014],[100.18375000016243,38.22716180037685],[100.1806629998976,38.23342760010371],[100.18068059963002,38.24628899983753],[100.17423760018517,38.25381830027442],[100.17541809976558,38.258190199718],[100.17143349965636,38.26068709992978],[100.16502910001299,38.26881780040122],[100.16647460012274,38.281694500301],[100.16442900039812,38.28310560044315],[100.16353689990808,38.287086700390944],[100.1599416001248,38.28929190010115],[100.15926349961086,38.29260740011148],[100.16328670042094,38.299832399645595],[100.15580429962881,38.310085799620026],[100.15896829984723,38.313860700311125],[100.16524019967551,38.3166580999914],[100.16477200002782,38.31863029974858],[100.16727519999057,38.320475400119676],[100.16364069965863,38.32336529956899],[100.16280590037206,38.32724709997376],[100.15756010001866,38.327333999664404],[100.1513401998904,38.33012849993037],[100.13966530001363,38.33195329990491],[100.13092910039774,38.33668180032487],[100.12907730007737,38.341324300376186],[100.12601220010299,38.340316000283224],[100.12360590029215,38.34374950033924],[100.11662719988544,38.34294280037],[100.11671780028632,38.34435289956673],[100.12247140013505,38.347566199720404],[100.11402759979393,38.34967689956932],[100.11238199962963,38.351356700051724],[100.11340440019296,38.35306359980535],[100.11852029977206,38.353997400059995],[100.11959570008156,38.356566800017845],[100.1157571004099,38.36040090038131],[100.11589370023415,38.36403449959255],[100.1094676997746,38.37037510043058],[100.10949250037862,38.377116600151055],[100.10376899993946,38.38394649963129],[100.09952650034779,38.386004500107674],[100.09962269992769,38.38773590009174],[100.0965523002485,38.38938439967035],[100.09233120002494,38.3958803997607],[100.0931695003722,38.39982220023438],[100.09069620016959,38.40710259980517],[100.08063020002379,38.40503480031583],[100.07622949979162,38.41018740032831],[100.11775209977964,38.43640899977555],[100.10157779997553,38.471317300153316],[100.11115260031232,38.491004899556515],[100.21748349996363,38.456188199625785],[100.24523159965867,38.42223740023587],[100.25881200017375,38.37170790019951],[100.26415250003788,38.36698530023148],[100.30161290011529,38.38315960003558],[100.32788850025412,38.3503760999771],[100.33117680026919,38.31935500043295],[100.39444729970319,38.29355620015855],[100.42196700037681,38.305488000370985],[100.43873069966213,38.293749000416085],[100.43229550003736,38.26611379981205],[100.45329280012271,38.25936250017929],[100.46939250026372,38.269085899994366],[100.47393500020019,38.28097279975498],[100.4852676001197,38.28480530022449],[100.49115870001407,38.27592110007873],[100.5109183998643,38.275492500278745],[100.51976340036072,38.29303380016978],[100.51833059957755,38.29888130003201],[100.52033649962982,38.304503400111855],[100.53839019994786,38.3101250999934],[100.54670070007728,38.314847000288864],[100.54670070007728,38.32878609989865],[100.55759020042746,38.341823399830105],[100.56991259958687,38.3505885000593],[100.58710660018949,38.35148750014804],[100.59398419971109,38.36654290033465],[100.60229460001585,38.378225500206725],[100.61203790002912,38.38474000025087],[100.61633640040463,38.394173800380656],[100.61203790002912,38.40001310022444],[100.61519010024301,38.40428000022189],[100.6166229001268,38.41483389966481],[100.60745280010667,38.42875369982346],[100.59226480028036,38.436385899789514],[100.57593050029243,38.43773270020398],[100.5730647998007,38.441099600066536],[100.57019910020836,38.45187249971616],[100.5590230003113,38.457258400055196],[100.54927980012275,38.466682699746855],[100.54096929999326,38.466682699746855],[100.53724399961095,38.47072129964829],[100.52262909995306,38.462419499560326],[100.5097335997259,38.46354140021549],[100.50486190025657,38.4606242998716],[100.49683810039807,38.4606242998716],[100.49339929973797,38.46488769970762],[100.48654630027158,38.46459759999931],[100.48325069956019,38.468299699671434],[100.48368059977992,38.47424519955638],[100.4806716004141,38.4781712996658],[100.4812448004073,38.48434029996491],[100.46935229966897,38.49151810038006],[100.46204479992764,38.485573999840256],[100.4376867000812,38.49813449990728],[100.44397900013081,38.50426159989297],[100.44147589999284,38.50785260001754],[100.44061210026825,38.513923999592976],[100.44614040015938,38.52403359977086],[100.44485080022429,38.52571509997193],[100.44211820029477,38.526536199885754],[100.43281499971255,38.51607430018885],[100.42593740019095,38.516746900449164],[100.42226530010356,38.5085835995535],[100.41060609969179,38.509347400062495],[100.40387179994366,38.507217100388914],[100.39068970016956,38.51147759991136],[100.38424199996837,38.51741959963488],[100.38317329960813,38.543730199589106],[100.37810410002425,38.55613490020551],[100.36727979962313,38.55879870019993],[100.35309330011575,38.577843299628626],[100.36058800003622,38.589560500017114],[100.33342769992845,38.59510789970983],[100.32379150017766,38.59559570008156],[100.316313599593,38.59854940013474],[100.3034981003571,38.62661469970868],[100.29183119994997,38.640900300008866],[100.27693250033468,38.668555300087064],[100.27272749977436,38.67302020022214],[100.26782960035581,38.674984799808726],[100.25228129974226,38.674250899959134],[100.246756699662,38.67531529976134],[100.23587840036794,38.68796900016929],[100.23075949975117,38.69841430017988],[100.22281670003076,38.70457940011926],[100.21064839970393,38.707874999931335],[100.18734649964131,38.71122759967403],[100.17966349967082,38.716697500289456],[100.1783825997772,38.721080300415565],[100.18177859990254,38.745959300181596],[100.18785020002679,38.75771289973056],[100.19278679997092,38.77728380040713],[100.18191529955152,38.79084689976469],[100.16440469981711,38.800002199641824],[100.15818040020537,38.80543110016521],[100.15551829992967,38.811912999785136],[100.15805859962472,38.81504550034964],[100.15705519993759,38.82067450002819],[100.1503590997927,38.83399440022146],[100.1402277000484,38.84724579995378],[100.13888959967534,38.85454049964437],[100.1235968998771,38.86272750037392],[100.11843569964788,38.8673415000103],[100.12703779955484,38.88133069995189],[100.12761129992163,38.89472209984507],[100.13200790014452,38.90320190004769],[100.1350663999944,38.921199700305976],[100.14099230005468,38.92640480004155],[100.13888959967534,38.93146090010049],[100.12722890009371,38.93651659996118],[100.11537709997327,38.93815209983961],[100.1050545996901,38.94528880033789],[100.10792199990044,38.95420860014684],[100.10620149969952,38.96714029988499],[100.09530549994895,38.983487399923604],[100.08664830037884,38.966902799724494],[100.07747370015119,38.96610229968144],[100.06630299978366,38.96264990037264],[100.06040860027673,38.962957699638196],[100.05097010028993,38.96768699955544],[100.04266379999444,38.9647750999909],[100.03470489971141,38.95963699974777],[100.03002789986772,38.959944700087874],[100.0226814001266,38.96731779997651],[100.01838139968191,38.96839060034597],[100.01506980003131,38.96641219976328],[100.00892930014714,38.95814340029773],[99.99045560024581,38.963843899676306],[99.99912500001881,38.97962260030283],[100.01394840029849,38.98979929979788],[100.02041890011219,38.997197499764866],[100.02691900021176,39.012383899697284],[100.0287560003892,39.02149620028945],[100.04552589960065,39.03597149998478],[100.0480966998029,39.048502600314805],[100.04728760044247,39.05768100017809],[100.04158069968958,39.0621756004237],[100.01988329987444,39.06453909969974],[100.01062999997458,39.06865540012666],[99.97876089999562,39.09690849972753],[99.94637440025843,39.119892000215714],[99.93113830019246,39.13743049961789],[99.91048480013347,39.15211320006421],[99.89267789986525,39.171992400029296],[99.87246200002136,39.18322210041964],[99.85348499993285,39.19070079960227],[99.8193663996397,39.208881399656946],[99.79279390001852,39.216350200001784],[99.75931569975978,39.228775999612765],[99.74349159955773,39.24011240006729],[99.7277610998949,39.24572370018865],[99.6854625999191,39.243209800092245],[99.67075299985112,39.24467070019273],[99.63656599982107,39.237846999739304],[99.62727400029496,39.242161400128566],[99.6198964001988,39.25055999964434],[99.59876200026616,39.26268040028032],[99.59169669964302,39.26328209978914],[99.58071809986046,39.261677600440976],[99.54562389972324,39.25415869976422],[99.53810049973833,39.24995830013552],[99.53260780040972,39.24457499973653],[99.52823640008984,39.2373387002209],[99.52577270015007,39.22548270026647],[99.52648829969536,39.220432099561776],[99.52980899958573,39.20502510042809],[99.54312829993114,39.180259999799205],[99.54315110044297,39.172016400236714],[99.53804120024125,39.16914470036767],[99.52746610018045,39.170272899874476],[99.5191653999633,39.169067200391055],[99.51344250027125,39.16529069980601],[99.51403050040733,39.15657750035143],[99.51938650008697,39.149143000149365],[99.52148330001432,39.14131649985666],[99.51966000010896,39.139750700134755],[99.51016290029764,39.1376539002074],[99.50354880033694,39.13366770020423],[99.49393540019861,39.119206599904714],[99.47284660039037,39.09604369995685],[99.46601140030594,39.09434569989418],[99.46191359983283,39.09511609962834],[99.45184430007447,39.102409300149134],[99.44718120015233,39.10410270017951],[99.44275739993412,39.10373349970132],[99.4372395996279,39.097201499749474],[99.4376361997509,39.08208170001052],[99.43434970017859,39.080543299933424],[99.43052760036852,39.08084869980769],[99.42419390002851,39.08532039971675],[99.41060569969335,39.111683100095036],[99.4053795998887,39.1143040995546],[99.39272359991429,39.1145480001901],[99.37995810028616,39.111587399638836],[99.35098349978875,39.0986259997901],[99.34155240032305,39.08895790018698],[99.33801289987548,39.07917810028914],[99.33347290005435,39.07536969985182],[99.32877330024769,39.07569099973989],[99.3267972999555,39.078471600084356],[99.31780150023911,39.101990000238345],[99.31152250026321,39.108749900087844],[99.29465460012977,39.11592459964061],[99.28344810044956,39.115443699766956],[99.2750767998545,39.11147339977765],[99.27189750036939,39.113365100319186],[99.27353620003566,39.1190607001912],[99.28459909956882,39.13419639994396],[99.28501840037893,39.13831030008032],[99.28195979980495,39.14454600039767],[99.26223850010678,39.16505140010207],[99.25707169979916,39.179797400229916],[99.25276179961742,39.183537400031014],[99.2402266001775,39.188339599892686],[99.22958299965575,39.18761480028286],[99.22094050040386,39.18456310020696],[99.2101283003808,39.17765500017816],[99.20000440008306,39.16409640012881],[99.20024829981924,39.15218789955196],[99.20213989963673,39.14620289964415],[99.20862640018828,39.13624540000524],[99.2079859003291,39.13442660030739],[99.20292630010874,39.13267849991291],[99.19292540008718,39.133316700205626],[99.18036740013548,39.13742369984391],[99.17488149968153,39.141409899847076],[99.16899900000391,39.162350600200114],[99.1707200002279,39.1720028996142]]],[[[102.19933630033006,37.8584209000046],[102.19120859999697,37.86420560020832],[102.18015620004866,37.86352479992962],[102.17512889987887,37.86103800000376],[102.16726059999678,37.86855799965201],[102.14846739975076,37.87603509984001],[102.14801050008458,37.88737730002242],[102.1583952001784,37.893337600050245],[102.16689169989212,37.89393359965595],[102.16859100037442,37.899297499879765],[102.16292669960757,37.909428100126775],[102.15745109998835,37.92730220043626],[102.16575879962897,37.9320679004133],[102.16424830011903,37.936386599561956],[102.16840220030139,37.939960400152415],[102.16651409974594,37.946958800208506],[102.16651409974594,37.96378179989023],[102.15027629971155,37.96809859967067],[102.14668889957312,37.972861599883004],[102.14461190001924,37.9795591002723],[102.1283740999848,37.98729779975372],[102.1261084001826,37.99369639966915],[102.1202552004172,37.99786259987911],[102.12063279966401,38.00530170011342],[102.1110033996872,38.01080620034594],[102.10420619955653,38.01140129973027],[102.10043000024439,38.01720280016917],[102.10628310018501,38.02612729983508],[102.09629100002968,38.026139199664385],[102.09141559985011,38.03300249996545],[102.08776959988717,38.03532080021483],[102.08534869958288,38.027664600041305],[102.08111919969139,38.025079600443235],[102.07450280016417,38.02540539963951],[102.07408929998127,38.02692550031162],[102.07891380033169,38.027902700049594],[102.0747784999279,38.03137720019771],[102.07133250019479,38.03170289956921],[102.06485390018742,38.029314200390104],[102.05699700011155,38.02963999958638],[102.05437799984486,38.022365000444495],[102.04486690028727,38.02529680020723],[102.03893969980737,38.02399380037366],[102.03190980009725,38.027902700049594],[102.02956649959435,38.03506859973612],[102.01950410033402,38.04255950002096],[102.01936620009013,38.05721329985397],[102.00957949969421,38.070236400389604],[102.00999299987711,38.08173819965822],[102.00379009963348,38.08271469972368],[102.00186030021274,38.08618659993169],[101.99303850042651,38.090960099728875],[101.97387849999285,38.09432310013102],[101.96588369967304,38.08119569982176],[101.96037000027536,38.08260620011612],[101.95678620012308,38.08195519977272],[101.95582130041277,38.07891719996883],[101.9485157000396,38.07783220029586],[101.94010729971217,38.07945969980534],[101.9362477997962,38.07696410001324],[101.92935569960594,38.08141269993621],[101.9097821998887,38.086295100438576],[101.90550909996506,38.093129799600604],[101.90247660041484,38.09475699963588],[101.89792779982815,38.09432310013102],[101.88883030027819,38.09692659968289],[101.87918140030143,38.10159090019994],[101.8749083003778,38.10094010040535],[101.8725649998749,38.09877070000783],[101.8586429999745,38.098228299996094],[101.85285369973849,38.09649270017803],[101.8469265001579,38.09898760029756],[101.842929099998,38.095082500257206],[101.83645049999063,38.09237040037374],[101.82873140033394,38.08477620036143],[101.8280422003873,38.078808700361265],[101.82376909956434,38.07370879972137],[101.81908250035718,38.07251519971675],[101.80764159958022,38.062965399633526],[101.79606290018273,38.06198869991863],[101.79358180015998,38.06350810001885],[101.78958440000014,38.06339949968719],[101.78627619978687,38.066980799724206],[101.7813138999166,38.067523400284756],[101.7771787002369,38.069910899768274],[101.77056229981036,38.070236400389604],[101.7691838999171,38.07414289977504],[101.76270529990973,38.074359899889544],[101.7542970003064,38.07739810024219],[101.74988600013887,38.08097869970726],[101.74878330000934,38.085752599702744],[101.7385829996058,38.08738000028683],[101.73472349968984,38.08618659993169],[101.73072610042925,38.087597000401274],[101.72852060034546,38.09280439970331],[101.71004979985844,38.08781399961646],[101.69750629967604,38.08976680009778],[101.69226830004209,38.08803089990613],[101.68496269966892,38.08065319998525],[101.68055180022549,38.072732199831194],[101.68124100017207,38.07001940027516],[101.67903550008833,38.06470189967297],[101.67228130014195,38.07164710033345],[101.66345939963162,38.07262370022363],[101.65146720005129,38.08390819990353],[101.63851009986126,38.08781399961646],[101.63244509986151,38.08369119978909],[101.62830980035704,38.083148699952574],[101.6274827999913,38.07446840039643],[101.62196909969424,38.06600410000925],[101.61562839993076,38.060903399872075],[101.61121749958801,38.061663100371845],[101.60928770016727,38.06405069968008],[101.6028091001599,38.06491889978747],[101.59219529957346,38.058081499961304],[101.58227069983297,38.05840710040741],[101.56765949998601,38.05515110044297],[101.5574593003065,38.05732180036085],[101.55070499963608,38.05699619991475],[101.54712120038317,38.06079490026451],[101.53485330013973,38.062422799972296],[101.52740980042199,38.06079490026451],[101.51500409975944,38.06611270034091],[101.52031579973442,38.08625360032346],[101.49843209996152,38.06344969984383],[101.49832530007262,38.05966640038412],[101.49151300032474,38.05382170011143],[101.48166560018734,38.0528835003733],[101.478928099852,38.049845899868444],[101.48129229969993,38.043182400147714],[101.47109660022795,38.041943799866544],[101.4659933999755,38.03903329964709],[101.45385109994834,38.037370099750376],[101.45033160042306,38.0344594997062],[101.4307983004013,38.03016260012396],[101.42710289977907,38.023092999842106],[101.41408070036408,38.02184530022049],[101.4121449995921,38.01810219955689],[101.403698200012,38.01851810003035],[101.37270550015876,38.00170259979518],[101.35727580033796,37.99503480041574],[101.35329389999356,37.98875860002943],[101.35404050006906,37.979931800012594],[101.36847469984758,37.961293900093494],[101.37345210023432,37.937744600133215],[101.37370090037632,37.92989320031097],[101.36698149969652,37.91772180002113],[101.38679809965265,37.90130170021337],[101.44233310029239,37.86820339966721],[101.46205649990759,37.85478579982487],[101.47525050041031,37.8530397004219],[101.4988260003197,37.8563633995513],[101.54341370028209,37.833822899707116],[101.55476249968967,37.8318489004065],[101.57089730037018,37.82198239956813],[101.58442969957105,37.82074900006637],[101.59119590007077,37.808413700132235],[101.60576929961354,37.803890200172646],[101.61617880031145,37.785382299953255],[101.62919069979102,37.77057259994558],[101.64064119993151,37.76357810024916],[101.6562554999914,37.750410199870885],[101.64584600019282,37.73477029970962],[101.64584600019282,37.72530239998582],[101.78117000029533,37.690713799602236],[101.7863746998326,37.68288799988136],[101.7999070999328,37.67876880004013],[101.80250949961379,37.65610909955535],[101.8077142998751,37.64580689966874],[101.83790189965299,37.65734519972125],[101.85455720005478,37.65734519972125],[101.86288479989366,37.66846979994136],[101.86444629995685,37.68247609959235],[101.88838819985563,37.696067899913714],[101.91441199971405,37.70842190035046],[101.92482160023673,37.723244000210514],[101.94824300041421,37.72694910002099],[101.96802120021829,37.723655699950655],[101.97738980039901,37.72859570023144],[101.99144260039577,37.72530239998582],[101.99977030005937,37.71130419962918],[102.00861839961948,37.70842190035046],[102.01174120009637,37.69647970037795],[102.02631459963914,37.69030200003732],[102.03028000012199,37.68240690035822],[102.02586360042488,37.66696820012237],[102.0369045996676,37.65502290018674],[102.04350719999735,37.65774260024085],[102.03917679976956,37.66507839984831],[102.04585239986841,37.68536730036067],[102.05252790014254,37.686212600131455],[102.05573210005645,37.69466459959165],[102.06240760033057,37.692129099578324],[102.07075389977274,37.694955399871844],[102.06911970031399,37.69981299977019],[102.07259099977489,37.70319330043054],[102.06831870024786,37.70678469985404],[102.07632929985738,37.712488300095],[102.07659629957965,37.727484600434025],[102.08540790015451,37.73656539957358],[102.08674300038922,37.7416332996371],[102.10276430033224,37.75050119957075],[102.10703659985927,37.7610569003557],[102.12065460012974,37.76527870025188],[102.11851849982895,37.77773179968284],[102.12519400010308,37.78110850035705],[102.13213650009948,37.77963120021974],[102.14174919966587,37.79651289955075],[102.15269700036635,37.80685110019817],[102.15403209970168,37.81571120031168],[102.18420540025909,37.833428199851596],[102.19515320006019,37.83363909986463],[102.19568730022877,37.845448100349586],[102.19933630033006,37.8584209000046]]],[[[100.62210219955693,38.26564589963863],[100.69513089987117,38.24682779986313],[100.71069230000973,38.25270049962842],[100.71743350025588,38.2606875999528],[100.74033520020936,38.269009599713286],[100.74942020008223,38.27465610019891],[100.7579374003908,38.26945539994682],[100.76306669986838,38.26212120023325],[100.7780344997924,38.26168129955238],[100.78195790013706,38.26673209990656],[100.78727570021346,38.26737800019458],[100.78939700037131,38.26973540026859],[100.78887630010121,38.27384759978696],[100.79091870003805,38.27734949957977],[100.7941160003532,38.279409099950044],[100.80617499977649,38.28185599965474],[100.80957180029839,38.285503300037306],[100.8157923002745,38.286165700186984],[100.8160761002319,38.28889079977063],[100.8196302002736,38.28911740014797],[100.8244731996785,38.29422480023442],[100.82246900024421,38.2966978000635],[100.8249872998241,38.29811019972601],[100.82449280040248,38.2993488998319],[100.82729670038248,38.30000660012456],[100.82714259975126,38.30983710020206],[100.82954769986651,38.31283469976165],[100.82830470010191,38.316994500395936],[100.83138770018229,38.32972180042083],[100.82567809966463,38.34645979978001],[100.82226020014815,38.34609310031635],[100.82029670043244,38.34888580013961],[100.82444229987232,38.35452740021941],[100.82077999969727,38.36359740029985],[100.82195599996948,38.36685379956327],[100.81764630033655,38.37338700011003],[100.81034089961287,38.370253899697786],[100.8020469002443,38.36251460036857],[100.78583630020518,38.35743009971935],[100.77854149979044,38.37236470027074],[100.77205719987995,38.37331789980129],[100.77165200043953,38.366963200291536],[100.75827820027877,38.36569220013496],[100.7570623996101,38.35647669964004],[100.7416622002504,38.36442110015372],[100.74449909995354,38.369822899607186],[100.74125699991066,38.37713050007255],[100.7331516998911,38.37522419993695],[100.72828849991441,38.38284889955713],[100.73639379993398,38.38824929966552],[100.73639379993398,38.398731200284715],[100.72545160021122,38.406670999866776],[100.72058840023453,38.39809600013035],[100.71450939958919,38.406670999866776],[100.70437770037063,38.40317759956662],[100.68614070023318,38.38411960023939],[100.68614070023318,38.376812800170626],[100.67925119998296,38.37109379993899],[100.67763019987387,38.36315009999714],[100.67398279966653,38.358383399974],[100.67398279966653,38.34439939991245],[100.66709319959153,38.33518119965271],[100.667498499756,38.329458999633175],[100.66466160005285,38.32405429986608],[100.66790379992051,38.31705930014664],[100.65655630003329,38.311971599709636],[100.65250359966143,38.30497550011927],[100.64277719970806,38.303385299991646],[100.64358780003698,38.29161729959873],[100.6354824001927,38.28557350021691],[100.63386140008362,38.275075300284925],[100.62210219955693,38.26564589963863]]],[[[98.95684109983694,39.788135199879605],[98.95873009971439,39.775081200437114],[98.95225599991454,39.721968500346065],[98.94488659983676,39.713938100363066],[98.94058779998704,39.695275499664604],[98.95408310035486,39.67599790028294],[98.94765399993219,39.66355070040453],[98.90726880041484,39.66769029956771],[98.87060550004384,39.66722929989231],[98.85549250007887,39.668368900104724],[98.8365939001884,39.672530600107166],[98.82924600020283,39.67560969982782],[98.82390600036166,39.675684900238025],[98.81967140041485,39.67231400019102],[98.81641450022909,39.66046250044411],[98.80709739972525,39.64297020011469],[98.80386330005132,39.63180469962725],[98.80373340017633,39.62631200029864],[98.80993719974202,39.600136099901135],[98.81845890025812,39.59658519964728],[98.86715030024624,39.599087699937456],[98.94374949973968,39.58227300009895],[98.97307010000515,39.619816500231366],[99.0253650996197,39.63882829958641],[99.0749984998809,39.62146899999442],[99.05978449975493,39.59113350041076],[99.06895499997336,39.58017169996401],[99.07934360042685,39.55458849955966],[99.09378490035294,39.541950200041754],[99.09971970010412,39.52780340020678],[99.10728789981681,39.5191721002123],[99.17771700003959,39.485677200442524],[99.24771729991352,39.464259100377205],[99.29924020007525,39.39375579979037],[99.3103875000831,39.390578700047],[99.38451409994582,39.3970833003541],[99.41825899955325,39.39849870015496],[99.43402149979244,39.40264900035112],[99.44775330027466,39.408656799871494],[99.46061670010067,39.41558539994628],[99.47417530015002,39.42731150002578],[99.49215770041758,39.451557000255434],[99.51330579972296,39.47095919980728],[99.52217850023766,39.484107600185666],[99.52564269955099,39.49321269990622],[99.52609169957236,39.51379790005308],[99.52464220017748,39.52846180017201],[99.52070609960685,39.537890600071194],[99.51122949984159,39.60573590039155],[99.49228760029257,39.63457840037296],[99.47839400008309,39.6507693996881],[99.463629699651,39.65415840038992],[99.41055319997025,39.65664949997449],[99.3757621999656,39.653183000195384],[99.3581627004483,39.64859049975183],[99.34139290016225,39.64101009983631],[99.32925420012128,39.6407389002801],[99.3006282002313,39.651455399846895],[99.27256070001636,39.65994740025235],[99.24733750002565,39.66532160041157],[99.19575609986418,39.68004709959405],[99.18716370004478,39.68537800009466],[99.18258720033907,39.69026220014047],[99.17916850042599,39.7000192004258],[99.172287800042,39.704463499790734],[99.16081920014602,39.70891240008723],[99.12524419995992,39.71427520044023],[99.0908133001937,39.724059499646216],[99.04316799970348,39.732063900228866],[99.00929999999505,39.75246440031185],[99.00183130037425,39.75955480011396],[98.95684109983694,39.788135199879605]]]]}},{"type":"Feature","properties":{"shapeName":"Tianjun County","shapeISO":"","shapeID":"62558664B32954770216592","shapeGroup":"CHN","shapeType":"ADM3"},"geometry":{"type":"Polygon","coordinates":[[[98.0987905999063,37.250072599870634],[98.11707699980377,37.23925390044718],[98.12495649984265,37.24039449980637],[98.1330747995624,37.23222030002688],[98.17080089984171,37.22556620002018],[98.18703750018057,37.229368600180806],[98.20189550007734,37.2252460998277],[98.21234740021242,37.25236909965429],[98.21091470015335,37.258830699777036],[98.22237579970346,37.259590900299884],[98.22213709984732,37.26548190036948],[98.22788180000515,37.27730169991355],[98.33020410023909,37.30717300003397],[98.36966199980151,37.309869000254196],[98.39859019977797,37.3272144997494],[98.41243900025972,37.329303099658375],[98.42029550013729,37.32073849968208],[98.43536120025925,37.293980200126214],[98.43464490014208,37.284481899719935],[98.44313800041846,37.27606840023651],[98.44667230008662,37.26470839977287],[98.45793009979434,37.256653499559434],[98.4611141998605,37.26181230039742],[98.47544230032196,37.274572299771876],[98.47799690013687,37.278666199885265],[98.4865863996427,37.27846320041641],[98.49136250027925,37.28063469983158],[98.5033308003762,37.27825850032957],[98.51001180000463,37.279820399691744],[98.51535639987799,37.28443480042574],[98.52832000036778,37.28371099996275],[98.53878180023997,37.287149100050954],[98.5523139997913,37.28407289974456],[98.57664910037573,37.286787200269146],[98.59861640022677,37.28425819965622],[98.66014330037308,37.27114449961903],[98.72057160039913,37.24228649982217],[98.75105509961321,37.231789899784076],[98.80952020029707,37.20430459997738],[98.78974370021166,37.183299400247165],[98.79963189989235,37.152656399972955],[98.82709929959304,37.140395699701855],[98.82380319975795,37.10798280036602],[98.84467849961311,37.06854320020858],[98.89411980018866,37.06152949998648],[98.92268580000973,37.06854320020858],[98.91829110005426,37.040484700408626],[98.94795579982036,37.02645150023659],[98.93477150030458,37.00802910036276],[98.95454800038999,36.98872459956067],[98.98311410003572,36.97907060042792],[98.97102849956565,36.952735000220116],[98.91036590006627,36.939049399710086],[98.9026751002757,36.90567209978764],[98.93563589987696,36.894250100062095],[98.97189290003735,36.91621389975171],[98.99496549995791,36.95309870044474],[99.04111069979899,36.96802319981089],[99.07517030006937,36.95397669956509],[99.12680899963567,36.945196300069256],[99.15385029965165,36.95595829993567],[99.15098030040059,36.97592319989582],[99.2190994002172,36.972412199863186],[99.24720140022453,37.06660130040973],[99.25982739971477,37.09068030015578],[99.30438390039677,37.123873300212665],[99.34732970000573,37.13339450005617],[99.35678800036601,37.18108520012191],[99.43928229993827,37.16240420019375],[99.51302750001918,37.13535429996102],[99.51372139982283,37.13793780038924],[99.51099980040055,37.14066359964545],[99.5018428997301,37.163344599673565],[99.49763620035043,37.16375750000867],[99.49874649975123,37.16603819960329],[99.49659999969032,37.16714899992644],[99.49336790010858,37.166755800140095],[99.49254139976586,37.17044220034734],[99.48257959956891,37.17209899976905],[99.48014940027468,37.17052619972441],[99.47835440023545,37.17144529966089],[99.4801370004223,37.173199900355144],[99.47861350031286,37.17593949970819],[99.47822930004224,37.17331669980592],[99.47678580002469,37.17314419994494],[99.47208599966922,37.17713600002645],[99.46996089987567,37.17666859987605],[99.46806300030727,37.1781700000455],[99.46656989998098,37.17377820040366],[99.46479780027835,37.174484199686106],[99.46555410044147,37.17639450000621],[99.46194499966208,37.17514349987266],[99.46279989969565,37.17824979958863],[99.46013439998262,37.179445399685505],[99.46247499982144,37.18084450017358],[99.4595082002433,37.18200940011377],[99.45849220015498,37.18060640016529],[99.45603060013212,37.1811668001078],[99.45362559984164,37.183406299960836],[99.45376789956896,37.18505070042954],[99.45722370011373,37.185806499670264],[99.4571015002341,37.18685939984147],[99.45517780001552,37.187881099832964],[99.45287660037485,37.18674659967587],[99.45132650011794,37.18850240006577],[99.44994390039074,37.187243500287366],[99.44934410025007,37.188358600269225],[99.44686860030572,37.18804300028427],[99.44855369959362,37.1951200001879],[99.44541249988703,37.19429750002968],[99.44508810003583,37.196387400358276],[99.44290290034866,37.19600889999077],[99.44332280010718,37.19803969957252],[99.43710740018645,37.19882879980929],[99.43730419972911,37.20141590022365],[99.43326580037643,37.206074999961345],[99.4354777000359,37.21656320033151],[99.4302801995716,37.2232303998631],[99.43385100002371,37.22527529991521],[99.43413179984276,37.22818229997324],[99.42779389966881,37.23147829998362],[99.42779389966881,37.23469959960687],[99.42218409961657,37.23931849964907],[99.42010180035788,37.244931200014946],[99.42362110023367,37.24873360017557],[99.42703859955179,37.24973029991344],[99.42594050035387,37.25597990015234],[99.43086399987374,37.258909599998105],[99.4309245997905,37.269520199897386],[99.4356263004135,37.2716851999121],[99.43593459970208,37.27399809973258],[99.43432679984198,37.27505810005135],[99.43706609972077,37.27935940001635],[99.43466799992831,37.28431990034318],[99.44575500039304,37.30884599984307],[99.41137110009623,37.345424899739385],[99.4047790002507,37.395195399847864],[99.43540039970873,37.39658199975952],[99.47586799960857,37.41474500008172],[99.4621809997534,37.482131999592184],[99.49961100004765,37.54367400025495],[99.54177900030066,37.56319000001855],[99.53837599985258,37.591205999657234],[99.5503919999909,37.605614000385856],[99.58953099995574,37.61074400043532],[99.63459000042826,37.653759000177786],[99.69190200027714,37.67380900028519],[99.68991100019258,37.715999999800204],[99.65950800019414,37.73132699974127],[99.64823200000683,37.75653800042841],[99.64564500031656,37.790496999836705],[99.66163600030126,37.80939099969493],[99.6258461997424,37.823439800406504],[99.60674410036,37.82765560002599],[99.60059019967804,37.83943970008215],[99.55181929962106,37.84514259975123],[99.51399789998317,37.856386999560414],[99.50585030035114,37.84027519994055],[99.4821468997597,37.83827339989756],[99.47211450008416,37.869392899662614],[99.44258769966268,37.89384350017747],[99.41383229992078,37.902782999635804],[99.39767159966465,37.913711499985766],[99.38880419975408,37.91561029977555],[99.37515440035537,37.923379300114675],[99.37503440021743,37.93079180020146],[99.37981009975636,37.93559519975872],[99.39019770016381,37.93489579970145],[99.39488469956927,37.941789399960896],[99.3923511996482,37.94768349999356],[99.38120350034131,37.94988110043249],[99.37676980038606,37.956174000329895],[99.3572614997185,37.969557100379916],[99.3606818004248,37.98034170020935],[99.37182939990691,37.991723699888894],[99.38183690005297,38.00719649971876],[99.41198620040291,38.02536030043757],[99.41718000015692,38.02575939977652],[99.4307345001971,38.019572299721915],[99.44251550029014,38.017476499840654],[99.49939380028371,38.032744300109414],[99.51155479991417,38.032245400305044],[99.52510939977901,38.03454030019475],[99.55690540016417,38.030050200156666],[99.57122000000305,38.032844099675515],[99.60200270006459,38.05000399978479],[99.61999090006003,38.05389429968221],[99.636078999846,38.053395600426654],[99.64709990014035,38.05509130002355],[99.65305379969317,38.051500299898976],[99.6578675000851,38.056188499899406],[99.66280800038896,38.057285699775264],[99.67864270000064,38.066960400402195],[99.68983140029894,38.0687032001926],[99.64222270041734,38.080396400373616],[99.6261309997459,38.08789099957005],[99.61851359992278,38.09553470006642],[99.57949600034021,38.10572409978744],[99.57758479979873,38.110880600159646],[99.58003929967401,38.118249600039064],[99.57977000038528,38.12359939979251],[99.58401169958034,38.13996420028769],[99.59296640027918,38.162095799981216],[99.58926329966158,38.172047499892244],[99.5890614000636,38.18041020027056],[99.58495429970122,38.188031000430385],[99.54797359980182,38.2095633998311],[99.52512140033241,38.207767799944065],[99.50760139998471,38.21794250024624],[99.4999840999863,38.25324370003676],[99.44437709962352,38.249056300108236],[99.40781359971794,38.256832600244365],[99.36820320031751,38.247261600442584],[99.34535099994872,38.248458099861466],[99.30954929956056,38.26221579991926],[99.26765370035804,38.269990799635764],[99.2470866997914,38.296299799696044],[99.25782759976397,38.30948810029565],[99.24920950001848,38.323434200228235],[99.22874160024469,38.33019500029906],[99.21743029986851,38.326392100115356],[99.21204400023049,38.31582760036349],[99.18403519966478,38.312446600030626],[99.17272400001264,38.3035707995528],[99.1603353999588,38.28666150002823],[99.15010149998432,38.29046640030418],[99.12694029975506,38.28285630027807],[99.12747899995594,38.26974820031921],[99.1097042000888,38.268902399626086],[99.10108610034331,38.25790660030941],[99.08923619959097,38.26594220017245],[99.03214129968131,38.25536879983031],[99.00628700044479,38.26594220017245],[98.99551440026943,38.276513999721374],[98.9529625999441,38.271862599979045],[98.92387649970078,38.27905099980387],[98.90718189982488,38.28965169996604],[98.9092087001215,38.30317260043523],[98.93758449962502,38.320666599583944],[98.9433589997181,38.33330199968759],[98.90908800031104,38.35008600026873],[98.90853900017476,38.3633769998487],[98.94065099984385,38.3880730001689],[98.98249100025953,38.39313899996495],[98.96472200012028,38.428454999898406],[98.94328299981066,38.44642300022133],[98.87190999994658,38.476589000082356],[98.7348560001044,38.48496599968121],[98.69521300027981,38.529011000157595],[98.60808599966919,38.526714000350864],[98.56185900019278,38.552932999858115],[98.53840599963723,38.57931899987199],[98.38568100017807,38.60739899976409],[98.29502899978854,38.662830000104464],[98.27452100014409,38.6621169995999],[98.27038600011389,38.64132300025631],[98.24585700030036,38.663314999987335],[98.18180099971642,38.667113999811306],[98.13956499992486,38.702746999974124],[98.13755800000177,38.74694799955057],[98.09896900021926,38.775207999649524],[98.09266070033112,38.78593940008329],[98.08034629974202,38.79771880028244],[98.06600979961263,38.81870590025716],[98.05896449991178,38.82030619977138],[98.0518418000591,38.81891880036238],[98.04448160004586,38.82280340035669],[98.04531259969679,38.827335100334665],[98.03201680043503,38.83140419984397],[98.02940509996546,38.83482580007069],[98.02857410031453,38.84370249987052],[98.01301849990392,38.85930909993505],[97.99485980013975,38.86173000023939],[97.9829885000193,38.860251000383414],[97.97128540010118,38.86362739978472],[97.95865250011286,38.869771600379124],[97.95532849971056,38.87383819977316],[97.94725609958937,38.87383819977316],[97.94328309983524,38.87667470017732],[97.92529420016729,38.88224800034499],[97.9172218000461,38.87882880040888],[97.90072079992501,38.8875152000665],[97.89027409967002,38.89934190010865],[97.88137060007318,38.89860280037897],[97.87160560031828,38.9023028999589],[97.8647509002339,38.90876479955591],[97.82984939963012,38.93000810019373],[97.8208313003243,38.93286509974462],[97.8119237996437,38.9397039996399],[97.80290170015343,38.935825800120654],[97.79328589972454,38.94219700039133],[97.78224569997911,38.939057600228125],[97.77168030000593,38.94118129977721],[97.76669430030176,38.94413599987655],[97.76075870015393,38.94395129981268],[97.75363600030124,38.94875229997871],[97.75173659976434,38.955676200196535],[97.74603839995228,38.95724559990458],[97.73642270024749,38.95687629960162],[97.7246700998453,38.96712229995421],[97.68549500019418,38.97044499993683],[97.68205230007362,38.97745920018201],[97.68145879968392,38.98419569967183],[97.6832394996033,38.98825579966547],[97.68798800004623,38.989916699995774],[97.68691950023481,39.000711499935846],[97.68967250038565,39.00653389971973],[97.66448289996595,39.01196580038146],[97.65700400023451,39.01722339984008],[97.64715090019394,39.01916030030765],[97.63729770032865,39.027091800046605],[97.62186510019427,39.0308727999398],[97.59384890000678,39.04120029955425],[97.58708230020807,39.048852700092084],[97.57414269992574,39.05392320009565],[97.55835389991262,39.05733400036388],[97.54968789957695,39.06811850036854],[97.53829149995283,39.0709755997442],[97.52796350031537,39.071160000333805],[97.5158547998592,39.076413099584954],[97.50920689977863,39.07512289980201],[97.48902580010065,39.080560100168555],[97.48724510018127,39.09170959991815],[97.4765609995905,39.09779040010693],[97.47449270007809,39.10752829969135],[97.46255290039608,39.118884799993566],[97.43928529957697,39.12100310001313],[97.43156900040913,39.12744980016822],[97.42592619973436,39.12456130006399],[97.40038300027533,39.14591220008799],[97.37060550034363,39.14003369969555],[97.3465346997167,39.16662980022517],[97.31439209971569,39.16394419976507],[97.20007320041793,39.19315719974503],[97.16140750015609,39.190734900095606],[97.13472409973747,39.20336899977957],[97.12428580004968,39.196178699687266],[97.06345229968395,39.20108730013885],[97.05237789962041,39.20936040016238],[97.01421210010841,39.214231800157506],[96.99632059971594,39.204866899787646],[96.97853690015785,39.206963900263816],[96.96147269960545,39.19768350019342],[96.96075319970049,39.19498020017613],[96.97003159967863,39.19018620033296],[96.97157800012468,39.180297499729875],[96.9799934997003,39.17607119962622],[96.98315559965124,39.17935960036533],[96.99099649988864,39.16904599977312],[96.98771620024252,39.167382000379064],[96.98812620026399,39.165633499786225],[96.99427700008357,39.16457370001632],[96.99639559957734,39.16208320027954],[96.99653230012564,39.15307439996366],[96.99988110023264,39.15026549975306],[97.00377660001016,39.15000050012304],[97.00254640029618,39.145919400060336],[97.00746710022656,39.144965400133174],[97.00999569974181,39.141891100094256],[97.01306470007592,39.141194200152256],[97.01047890008124,39.13671800003573],[96.98859210034522,39.11427900037563],[96.9715117003048,39.10142510008836],[96.97133999994111,39.080373999860285],[96.95905099980388,39.07428449962998],[96.96500579957802,39.06122420043653],[96.9557272997751,39.04591309960989],[96.97122380033818,39.026331899897286],[96.96577899980105,39.010774999966316],[96.94792019965757,38.99706449992681],[96.9442134999531,38.980332599769724],[96.9348508002243,38.97561940041504],[96.93601060010917,38.95878659992172],[96.94800999966179,38.93747150010972],[96.94142309969635,38.92871810006034],[96.93794360021701,38.91006919963388],[96.9503149000127,38.90706089994063],[96.95260140023447,38.895101000410875],[96.99282520022285,38.88373789998417],[97.00034769998643,38.88472410013719],[97.01198790042133,38.87837509963117],[97.0338429001298,38.88681980019368],[97.04477040043372,38.88238179968039],[97.05451009956153,38.88534049996417],[97.07493979973202,38.87504619972242],[97.08365009977234,38.87510790040932],[97.0958703997992,38.868403299872455],[97.10946439986225,38.86949779998355],[97.1167494003646,38.873320100342426],[97.12831030038012,38.86660009981483],[97.14200929988931,38.863270699882946],[97.15673770028468,38.867463299691565],[97.16315160036612,38.865243700036785],[97.17241630007226,38.86567529997518],[97.1629932999009,38.83361019995084],[97.13654560009945,38.810043499907636],[97.14775989959975,38.75382790043733],[97.15985420011128,38.74719049994167],[97.15492690005647,38.73216670013318],[97.17732369992888,38.714693299955854],[97.19344940036962,38.711198100112256],[97.19792880027398,38.70455670033152],[97.23241989975861,38.69232110013871],[97.25974410040999,38.70525589983998],[97.29289139961844,38.70280890031057],[97.28958270028147,38.693152300338454],[97.28255750042837,38.68385350013898],[97.28334139988573,38.679832199596376],[97.28054169973973,38.67126449965701],[97.28446119972466,38.66317670044441],[97.29823519999456,38.65277050025844],[97.31032949960678,38.65163359981085],[97.31783250026973,38.65263929996377],[97.33087860006742,38.647566799867946],[97.33009469971068,38.64113820036772],[97.34308490034795,38.63973869968129],[97.3440928002426,38.63046629997979],[97.3376537002581,38.61638060008465],[97.33860550044358,38.61515560025083],[97.34896410041296,38.61323059961251],[97.34969199998585,38.59769729969071],[97.3559631003169,38.591351800245434],[97.35321949988008,38.58124150039498],[97.35669099988979,38.57940309997315],[97.35652300023634,38.57695189971048],[97.3541713000655,38.57528850016422],[97.34213300033775,38.572793299671105],[97.33843759971552,38.56605160030119],[97.32712719956066,38.55817079984257],[97.32399159993247,38.53758919968186],[97.3270711996762,38.53513650024934],[97.3346301003989,38.533428300076025],[97.34056530034837,38.52230240033555],[97.36167429982913,38.520637700369605],[97.36788940027566,38.51739589980099],[97.37011440035934,38.514275200140446],[97.37584030018974,38.51213859981658],[97.40540409961955,38.510736599914196],[97.41100330026217,38.50867739974228],[97.41475479969432,38.502762099990946],[97.42298560010539,38.49811730037317],[97.40009560033172,38.474268300441736],[97.39835350021394,38.46552680022171],[97.40555939994641,38.445683899592325],[97.41719949965722,38.43625669958709],[97.46906550017275,38.42124500015666],[97.4812104001399,38.41451319962454],[97.63304010022051,38.401442300122085],[97.78615099966896,38.281353099665864],[97.75560660016453,38.19455519966277],[97.8110907000758,38.1142070997779],[97.7935115998805,38.09821330020367],[97.78417269981031,38.07486470014584],[97.79186360032497,38.041558499725056],[97.77208710023956,38.02944339969321],[97.75285989976464,37.9701371001471],[97.76604420017975,37.951079599943625],[97.76604420017975,37.935483399639224],[97.8123151998866,37.91500500028059],[97.81740479969181,37.91041590017369],[97.82205820042566,37.89963040012293],[97.81900440043279,37.895958300035545],[97.82903840000222,37.88230129976523],[97.84852450000574,37.87151159988048],[97.84997870015695,37.86473859960677],[97.86582939960715,37.850386800210686],[97.86655649968276,37.84108540007122],[97.86190309984823,37.82833709997726],[97.86801069983397,37.823053400394144],[97.86742900034812,37.81707999994211],[97.87237319956358,37.809957300089366],[97.88909639967915,37.81099130010847],[97.90640130017994,37.792147500406884],[97.90392909984814,37.78651639991199],[97.90756460022618,37.78065509995298],[97.9308486001828,37.779774099794906],[97.94231980001882,37.76007909987061],[97.93592129992811,37.75559529958343],[97.92894120017633,37.74133730037619],[97.94101099955805,37.729836899553334],[97.94566440029189,37.72926190001675],[97.95540749975635,37.733517199659104],[97.96762269972788,37.72995190035999],[97.97343939960865,37.72190060013264],[97.99379810010231,37.71810470027174],[98.00543159968862,37.70752109981896],[98.00455909992257,37.7000427001106],[98.01619260040826,37.69716609983567],[98.01677429989411,37.69359909991857],[98.02313899986501,37.690711800409304],[98.01984290002986,37.67940850040202],[98.03015279991183,37.67322910034278],[98.04818479958891,37.68024989981308],[98.05312899970363,37.68807559970924],[98.06447169990906,37.688305700247895],[98.06694390024086,37.68048010017651],[98.0755235998343,37.678868800155044],[98.06665300013589,37.674495200093475],[98.06796179969734,37.66689830031635],[98.06316300017238,37.66148789974682],[98.04511289984049,37.65636170023231],[98.04702139971789,37.649975199795676],[98.0374220002252,37.63548290021572],[98.04992980002032,37.63155100037841],[98.05080229978637,37.622797999628006],[98.05589200031562,37.62003359967093],[98.03577399977036,37.60676510022927],[98.04324060037345,37.60436710026153],[98.04566230017508,37.59849579984132],[98.0393141998905,37.59480429957881],[98.04309509995898,37.5820135002229],[98.03902339961024,37.57659699955195],[98.04105930014663,37.56703059978241],[98.0502207001253,37.55942270039736],[98.05501949965026,37.56011439955995],[98.11027869980222,37.54847060003823],[98.11624090009752,37.53336560044215],[98.11542940044654,37.52620899974562],[98.10649779973375,37.5210256995764],[98.10707950011891,37.51571999987817],[98.11420499956114,37.50776080012088],[98.10780660019452,37.5047614999433],[98.100390199748,37.49333990041612],[98.11129660015803,37.49207069980298],[98.11289629982446,37.47199170015688],[98.10896990024077,37.45975700018545],[98.0970456003742,37.45329259957384],[98.0935554996866,37.44625039983612],[98.11086040018739,37.43886109956014],[98.11488009993673,37.42768170005047],[98.11536840033148,37.415187499803324],[98.12293019956911,37.41068289999589],[98.14416130000404,37.411606900338256],[98.14241629957263,37.39566549976308],[98.14794220007252,37.38561379973714],[98.14663350033584,37.374520600245546],[98.12860149975944,37.35441010004615],[98.10955159972661,37.346086899690704],[98.10184439989922,37.33521909998154],[98.12060349965185,37.32330910023484],[98.12903779955485,37.30977780000552],[98.13281869962333,37.29936749981033],[98.12293019956911,37.29751670043544],[98.111587500263,37.29902049999612],[98.08802960008603,37.27032680004186],[98.09980850026216,37.26592919977281],[98.10169900020873,37.25655450038994],[98.0987905999063,37.250072599870634]]]}},{"type":"Feature","properties":{"shapeName":"Guide County","shapeISO":"","shapeID":"62558664B31309231936794","shapeGroup":"CHN","shapeType":"ADM3"},"geometry":{"type":"Polygon","coordinates":[[[101.77020400001464,35.716889700399406],[101.74646000042873,35.72417610024689],[101.74207999989216,35.7551499997727],[101.69761270026595,35.75648090017347],[101.67483000040426,35.76350800029405],[101.64776780014392,35.78478439958042],[101.66509610010502,35.7941552004022],[101.65576549987799,35.81613609980121],[101.67398240016769,35.84171289973057],[101.71086050001213,35.89140189967799],[101.72418989974415,35.88960209995702],[101.73218760037753,35.902919500034955],[101.6825700003053,35.92401499979246],[101.67473999985117,35.932251000083625],[101.6726091003298,35.96533859959675],[101.66105099990381,35.985226799976886],[101.64421329990392,35.995359699790356],[101.65132240020864,36.00290840040242],[101.64332469957526,36.01405039980614],[101.65212669988733,36.02503330014673],[101.6430492003604,36.0357094003686],[101.64385209979463,36.04303990027125],[101.64730399997967,36.048621899581065],[101.64643489965096,36.0596801999813],[101.63621569999464,36.077278300153466],[101.64465760006823,36.090564099853395],[101.6304396000076,36.10779639988402],[101.63872430038623,36.15130070006728],[101.6496687996754,36.15506079971618],[101.66166329972157,36.161576799829504],[101.66702200006529,36.182507300071904],[101.66355700035535,36.203130500172506],[101.67339940026216,36.21164110035653],[101.669404199844,36.22112769968362],[101.67200289971413,36.22671820028478],[101.66722000020292,36.23248589970456],[101.65738449989482,36.23861709969947],[101.62601000006151,36.28046000042872],[101.6019700003153,36.31990800025409],[101.53192999986965,36.326293999768325],[101.40483000040427,36.372828999958415],[101.36141610007303,36.40200900021523],[101.34571379955224,36.40311039992508],[101.34134829968434,36.4016186998432],[101.25166000020891,36.32574799977044],[101.21539999991012,36.322005999877035],[101.17588000036181,36.37337099977185],[101.12365999970928,36.39032700019095],[101.10995540012169,36.4095801002415],[101.087278799577,36.395579499594305],[101.05423509957023,36.381688100025826],[101.03440890025058,36.35537630037601],[100.9723601999633,36.32698509998244],[100.94776099997023,36.276387600407475],[100.96276050009703,36.22712069996038],[100.9625768999041,36.21897549971959],[100.97909870044475,36.17742169955187],[100.97983299959333,36.163417300168305],[100.97625330034958,36.15785930016665],[100.97625330034958,36.148817500127564],[100.97166389986916,36.1408123998724],[100.96377009971042,36.13554930016011],[100.94926760001977,36.134066700318044],[100.9413738996858,36.12909969969144],[100.92733029975358,36.128898999789044],[100.92618189967499,36.12658219960889],[100.94233709967745,36.12407789977533],[100.94917040039371,36.12810619974135],[100.97142879999916,36.12998579990477],[100.97831709965448,36.13463890026509],[101.01236649981416,36.124147299558274],[101.01219800013763,36.10995670004172],[101.02157330026768,36.10144990039265],[101.02313109962063,36.09590239997584],[101.0258715002696,36.09520309974329],[101.03169869973527,36.097231099735495],[101.04116050025692,36.091543500232376],[101.04329520031331,36.07942099967943],[101.04935310016549,36.07424510003142],[101.05434360007712,36.073592200319865],[101.06608439957546,36.080190400266815],[101.07450769987054,36.07874490015706],[101.0814598999545,36.08263830001761],[101.09530649979519,36.08168239982297],[101.10176819974271,36.085319300445406],[101.10892230032397,36.07820860024674],[101.11737450033297,36.07543410000375],[101.11858610026837,36.06734329975353],[101.13061529975636,36.05866860027572],[101.13900980016223,36.059997800058454],[101.14575999992411,36.05022610035428],[101.15386599961624,36.05108909968226],[101.15796230002019,36.05703609963632],[101.16577989972268,36.05754919973583],[101.17218390006701,36.06393880013559],[101.21378790039137,36.052116399752094],[101.22357890044594,36.02730950043315],[101.22031519958688,35.94174480028238],[101.2470772996777,35.89416879975033],[101.2490354996886,35.846035000115194],[101.27906129973923,35.81322389986315],[101.29211599975366,35.77934009996568],[101.2901577997427,35.769278100004385],[101.26470119960072,35.74491209961377],[101.26078479957891,35.705699000008906],[101.25164649958634,35.68343429975317],[101.25947929963002,35.66964829982925],[101.32409999981519,35.66328469972916],[101.35738949982562,35.64472140037236],[101.38741529987624,35.642069100008996],[101.41091379983203,35.607581800160006],[101.41156649989409,35.56883209962177],[101.41874659987576,35.55768150000125],[101.46313259988966,35.535375500179214],[101.47488179995514,35.50615599989953],[101.49077999979721,35.49159600025524],[101.53116999989561,35.469645999763145],[101.54979650000854,35.50423250022976],[101.56655240037304,35.50868060012965],[101.60963360011061,35.50493009984427],[101.63389760029406,35.51130220033633],[101.6353618000071,35.51356099964045],[101.64062620013908,35.51390250010036],[101.64785879984379,35.520310999752894],[101.66552839971592,35.528730799886546],[101.66650479995661,35.532933499981084],[101.65487929983988,35.53777950042365],[101.66690169955388,35.55256959970734],[101.67569070016572,35.5780395997478],[101.67279619978484,35.58276059982188],[101.67770480023643,35.57975220030386],[101.6831064000404,35.57967769956622],[101.68850799984438,35.5845175000826],[101.68841650012143,35.58280500025063],[101.69354340020783,35.582581599661125],[101.69336030003785,35.58801679993542],[101.69081769987702,35.59148500033257],[101.68736819998253,35.60468839965],[101.69299409969801,35.605957799912574],[101.6989450000118,35.61049819993201],[101.71011430013488,35.62337379996097],[101.70944600043265,35.62816650028384],[101.7139567003415,35.63288319979989],[101.71945270018205,35.63408950003043],[101.72512889987888,35.64428299976066],[101.74005190007517,35.651201899747946],[101.75753839977739,35.66317830003857],[101.76225000013744,35.68174000040074],[101.76834160028466,35.68734900005637],[101.76751760005726,35.69582549974706],[101.77227829980376,35.70497030003935],[101.77020400001464,35.716889700399406]]]}},{"type":"Feature","properties":{"shapeName":"Maqu County","shapeISO":"","shapeID":"62558664B72060297196551","shapeGroup":"CHN","shapeType":"ADM3"},"geometry":{"type":"Polygon","coordinates":[[[100.87145290023125,34.04879639993396],[100.90543370010522,34.028320300141786],[100.92720790022446,33.99725719956018],[100.93681339981862,33.968242599916096],[100.9648438003012,33.949024200206736],[100.98837279986486,33.90332410002725],[101.0088577004226,33.88999940015225],[101.04369750033942,33.88620160002387],[101.04774740022242,33.8819989997541],[101.04800050002314,33.86802390028282],[101.0508360003812,33.86553310017251],[101.07356540012319,33.85930140003961],[101.09357960001859,33.858167899928674],[101.1052051999601,33.8624542001013],[101.10953929999874,33.86089270003811],[101.11017800031453,33.85277769993098],[101.11684860018283,33.850998400256],[101.12494839994878,33.85268010010657],[101.13836360039988,33.845217399863145],[101.14658090018844,33.84717440017846],[101.15126130036879,33.84670080010187],[101.154661899627,33.84305880032343],[101.15448290036562,33.838078700171934],[101.1476817000505,33.83116550008782],[101.14913039994804,33.82619579969645],[101.16025829978076,33.81946090010052],[101.1604641995632,33.81465250031272],[101.18119049974183,33.79848350021342],[101.18747580036796,33.79536379969966],[101.1900224996387,33.79602180036585],[101.19085700035032,33.793166200160044],[101.18248579958004,33.76827069963315],[101.18546299981767,33.74584199990841],[101.16665650039721,33.72019580019605],[101.16467289993443,33.66455840005017],[101.17366029998294,33.65493389957987],[101.19174959996411,33.66891100004267],[101.2406082001084,33.68231960036934],[101.27333070005182,33.66736909980415],[101.31738400037136,33.65779829965186],[101.33448279964153,33.660979600128485],[101.38519110018916,33.64631899962217],[101.3916991997583,33.64687910009047],[101.41364189955408,33.65252189986586],[101.42157710000322,33.65654950015937],[101.4226415996302,33.65936870030532],[101.42564149965557,33.66009359973987],[101.42757699987868,33.672094199887454],[101.42602860023976,33.674590799725706],[101.42612539966751,33.68006690026726],[101.4321289004285,33.69335489970888],[101.44286690008744,33.683771099856415],[101.4543621999556,33.68676859959123],[101.46551140023098,33.68683099995076],[101.47327760008125,33.690532999798165],[101.48176210014088,33.6977525998027],[101.50193730026626,33.70472579995578],[101.50972209989504,33.69582740041426],[101.51834109986191,33.69595370030305],[101.52630539967453,33.69310000036478],[101.54038179968035,33.69678999965879],[101.55017090036682,33.69154360035691],[101.55387979981299,33.68427549991446],[101.5575103997852,33.66910170038324],[101.56718489986332,33.6696730001089],[101.57219839993627,33.67609200024566],[101.57836890030455,33.677375799553545],[101.58396090007551,33.6743268999665],[101.58738560026529,33.668452499583225],[101.58666050028194,33.65587060014815],[101.58407580015813,33.64627770005586],[101.58743180023743,33.63853419999339],[101.60324370023665,33.63163069999683],[101.61134249995649,33.61717989963273],[101.61057120000095,33.61300469990704],[101.61621359957803,33.60248449985983],[101.6088357000076,33.59373219968131],[101.61288509986753,33.58521879990775],[101.60999270030294,33.576383299849454],[101.60999270030294,33.565940099755835],[101.61712729998499,33.559834300212856],[101.61442779960333,33.550996100389796],[101.6165489001117,33.54488920007657],[101.61365639982307,33.540228399720945],[101.61828430028027,33.53267419975458],[101.6142349004204,33.52736969975189],[101.6229121998382,33.50100340028672],[101.62721249975709,33.49878550035061],[101.62908270020648,33.49376740024536],[101.64296629995482,33.49505380039261],[101.6448946002057,33.50084259970629],[101.64875109998331,33.50518400044132],[101.66282759981397,33.50261129997159],[101.67362599974018,33.498269900135824],[101.68114619993725,33.5027720996527],[101.68885940004134,33.49971700013947],[101.69772949971667,33.50309369991436],[101.7168193997955,33.4966617999022],[101.73365780036727,33.49817490025151],[101.74073010041388,33.506791800301414],[101.74632210018484,33.50743499992535],[101.74921449974943,33.509846700165156],[101.7519140999558,33.518046000022935],[101.75904880036188,33.52656599992099],[101.75943439997764,33.53717469955279],[101.76713789999417,33.5397658001516],[101.76702039997156,33.546558699724244],[101.78335510015779,33.55850890006576],[101.78794499976198,33.555721199573725],[101.79787530030495,33.55719889990934],[101.80745090013897,33.54803659970935],[101.81400469965723,33.55260309985323],[101.82873009991425,33.556903399772125],[101.8319219998005,33.56842889977395],[101.82802080011987,33.58024839984381],[101.83258539999628,33.593248900416484],[101.83866039955785,33.59767910021037],[101.84237790012003,33.60438179958044],[101.84705349971932,33.602458999583234],[101.85836029988798,33.58888239960311],[101.87449399979829,33.58199359992477],[101.8791774999417,33.58198739999858],[101.88799280032754,33.575029699660945],[101.88773070011177,33.57331600013333],[101.88084779998604,33.57046829957244],[101.88196130007401,33.56644780032576],[101.90010810000888,33.56010220015645],[101.90618010033143,33.54464120033117],[101.90274670010018,33.53242090030437],[101.89717289990944,33.52376379965966],[101.89670399968992,33.517807300166794],[101.90351199977903,33.510072400321064],[101.8989774003868,33.5024882996953],[101.89879180010155,33.49846459976152],[101.90528730016882,33.483026000249765],[101.9127106002141,33.47880799998927],[101.92625409974698,33.47529909987361],[101.92755739995408,33.47191939996037],[101.92305699998064,33.45109540013266],[101.92940090043129,33.44668149965156],[101.91992970019555,33.4416530996109],[101.91819420020227,33.432722400018804],[101.9142015997241,33.427653300259635],[101.91645880003364,33.42266419969309],[101.91242840015059,33.40693169993807],[101.90392490011413,33.40407370034103],[101.90122529990771,33.39610500014567],[101.89544049987921,33.39554160006486],[101.88570270011957,33.38636470027075],[101.87914650031081,33.37291950023479],[101.88086079968622,33.36140730030672],[101.87596490035992,33.35689529997819],[101.87022459968557,33.33021880005765],[101.87638759970804,33.318119699864326],[101.8741330002378,33.31541200036355],[101.85880319980788,33.314928600374685],[101.854265200079,33.31273419972359],[101.85253630021015,33.30751589973903],[101.84681749962795,33.300581800309885],[101.83159259971876,33.29256160043758],[101.82163519990462,33.27150059957307],[101.80886949972768,33.28872419956224],[101.80532299985663,33.28309130042322],[101.79007290004438,33.280719399680606],[101.78439840006615,33.274196499968525],[101.7687937002691,33.270638299917664],[101.76712800025706,33.26173779955985],[101.76879349972029,33.24876709982186],[101.78759029995246,33.22852199989046],[101.79503800040345,33.23445509992297],[101.82812240012873,33.214118500268626],[101.83440459989242,33.196476399866015],[101.84053429981816,33.18695269990724],[101.8336953000981,33.140962199645855],[101.81950910006498,33.13353779972971],[101.82344059970399,33.12416460041601],[101.86363609982618,33.10519549997241],[101.87731770015182,33.11898430038519],[101.88263750032047,33.13591369975751],[101.8964689996447,33.14660419992396],[101.91342409984242,33.14823619964096],[101.92129470019034,33.15966869985067],[101.9311207998851,33.18565799991683],[101.95266479964084,33.191481799945166],[101.95548580022955,33.18862459984547],[101.97755820025083,33.19874960001408],[101.99059219967035,33.201267899593915],[102.01527790005508,33.191727900322405],[102.05034449999874,33.19195039979115],[102.05316620025997,33.19505630020814],[102.06415860013936,33.19540609961189],[102.06886530009359,33.193622299729384],[102.07004180038882,33.19804690034425],[102.07304249991148,33.19480800008921],[102.07569380022875,33.19830600042161],[102.07801990029822,33.19474709979886],[102.08001470001847,33.19489310023641],[102.0836508002443,33.19993419960366],[102.08073240038004,33.20610479979672],[102.08328810006583,33.207162899848015],[102.0863533996897,33.205047799616295],[102.08826360018509,33.20699369959959],[102.08634359977736,33.21086379982455],[102.08684380000142,33.21446490023499],[102.08290610043622,33.216033999569504],[102.08368870037327,33.21910440014801],[102.08828000022191,33.2208724996662],[102.0882632998115,33.22375260010244],[102.09073810008329,33.226969400417545],[102.08633739985117,33.22818720027914],[102.09948570040478,33.23567449967845],[102.09703049995767,33.23936659978881],[102.09994770012634,33.24196059980187],[102.09818330041907,33.24726800011814],[102.09496979971652,33.24904619992225],[102.0992397996771,33.25162770025821],[102.10261779987161,33.25738280017612],[102.1082066996795,33.260211400036155],[102.10747739986215,33.26293870026086],[102.10294180042382,33.26276099962047],[102.10209449966146,33.26397280010468],[102.10768879989826,33.26425610003906],[102.10763210034122,33.26633819964826],[102.10465099974391,33.26868200017424],[102.10613990023626,33.271150999818815],[102.10173879980584,33.27232779958831],[102.10238970032447,33.2765688998349],[102.09836600039068,33.275477100387945],[102.09719910035824,33.27659189999622],[102.09794330014324,33.27817199983798],[102.10347469999749,33.27934940035459],[102.10169900030866,33.28446720020116],[102.1059061997114,33.28450220001656],[102.1081881997257,33.28759159967262],[102.11176870026537,33.288476600015144],[102.1111391001894,33.29021360007761],[102.10724360041189,33.29183660027894],[102.10596219959592,33.29640659968487],[102.11343969998222,33.29763399980931],[102.11344870039727,33.294501400319405],[102.11107929976993,33.29461440013449],[102.10922340033972,33.29237790041981],[102.11503319972246,33.2895259002002],[102.11465570030037,33.2853159003086],[102.12121430039969,33.28374940001487],[102.12004359983234,33.2819389999849],[102.12208210030872,33.28128930006119],[102.12343370040503,33.28278700041977],[102.1267578995575,33.27742279982243],[102.12886009991377,33.27836020006322],[102.13710730036166,33.276037399606366],[102.14095169976122,33.276599599991584],[102.1417281995968,33.2733645002715],[102.1439591001324,33.27261530025595],[102.1510853999713,33.26100179979329],[102.15003399986927,33.25509880006962],[102.15829479986519,33.24316599981108],[102.17076110044451,33.23587990033718],[102.18203740010597,33.221382099604284],[102.19925690008591,33.22168350019342],[102.20810699973833,33.294933299732065],[102.16132909985811,33.333244900032184],[102.16576379985952,33.33712230005415],[102.17866719973154,33.337061600312666],[102.1831706996681,33.342342100107885],[102.19064360002216,33.341779500423684],[102.19963469988153,33.34588080015885],[102.20341769986703,33.35013649999951],[102.21367939968462,33.352481900419434],[102.21683240029512,33.35896859972115],[102.22880120041515,33.36768840019954],[102.23296210002098,33.36913629970053],[102.23296369991488,33.37323980007676],[102.2280361003858,33.37732030029167],[102.24037889976648,33.396309499683696],[102.24053730005642,33.40200570030288],[102.24284089998758,33.403928899599066],[102.2504383996125,33.40494450038841],[102.25271889955764,33.41045790031188],[102.26094519976124,33.41661010037586],[102.26319860043515,33.422172499861006],[102.26815730031922,33.421871600194265],[102.27003629973552,33.411001099820965],[102.27564109955716,33.40822320014064],[102.28244060015362,33.407786599971644],[102.28667279980993,33.40955289994645],[102.29091619962298,33.415527400269355],[102.29739409995778,33.41426219984072],[102.30128329998439,33.41129810002735],[102.30643230001067,33.4015553000371],[102.31012640021328,33.398618099845464],[102.31607430038872,33.398618099845464],[102.33281470003845,33.402652300263526],[102.34124509958173,33.41212200043003],[102.3477156002948,33.41209910009343],[102.35158370042751,33.40957209957281],[102.35359769977407,33.40578930013612],[102.35274179969434,33.401502099742174],[102.35449149998277,33.39653540038847],[102.36272390028785,33.39259319971643],[102.36713009987426,33.39332890000878],[102.37335769999794,33.40178810034058],[102.3787781001293,33.40447479977223],[102.3847337003001,33.406179499784116],[102.39373360002566,33.406179499784116],[102.39539660027293,33.40818489981331],[102.39468979969456,33.413888599879044],[102.40328080016883,33.42020440011305],[102.40259530003311,33.42506719989143],[102.4064409998523,33.42883510025973],[102.41244330001837,33.4299800001769],[102.4263165998313,33.439855299982185],[102.43303660035889,33.44057420003935],[102.43518029993095,33.442512099653754],[102.43677259997554,33.45051640041163],[102.44167210018736,33.455919100086476],[102.44990630003576,33.456917600267104],[102.46306910035878,33.45053069963211],[102.46710279985439,33.452670100444834],[102.46760340027674,33.45861179979477],[102.46402670027209,33.46102540030205],[102.4527882000155,33.46294499961209],[102.44961730019833,33.46572950031623],[102.44945360020353,33.46846239972001],[102.45400330011228,33.472960500127044],[102.46040309972335,33.47512469974515],[102.46131510041164,33.47801519994158],[102.45317569989868,33.483535700012624],[102.45099849968108,33.4870277998931],[102.45150470018183,33.49265630044795],[102.46026990023574,33.50254550017473],[102.45957289956971,33.5098107003036],[102.44618230007313,33.526698999759105],[102.44567999993211,33.5310256003512],[102.44953019995882,33.53521179968487],[102.45520579980786,33.536046699695476],[102.46652959986119,33.53018789985174],[102.47232100001418,33.53033419976356],[102.47655950032072,33.53313129996957],[102.47726050027194,33.53751410009568],[102.47639220033983,33.54359359986478],[102.47151780020636,33.548671700038994],[102.45319309998166,33.556510500359366],[102.44579110037904,33.57399290005236],[102.43433369974053,33.576740899972606],[102.42352399983281,33.57631209962375],[102.40061910009143,33.58371679989045],[102.38258329987946,33.60361280009073],[102.37096020005328,33.60476880033991],[102.3596692000736,33.603058900447934],[102.34194220007254,33.61072489963448],[102.33804070001833,33.617929400021865],[102.3361477997812,33.63494279967051],[102.33218280039597,33.644271800003594],[102.32138190035448,33.65625989957476],[102.31658640044208,33.676926800431545],[102.31743520037423,33.6851201998374],[102.32701590026363,33.69351899990198],[102.3313418002839,33.69985310044029],[102.33340179995315,33.718133000037994],[102.33959030025221,33.72756959975726],[102.33906630036955,33.73352600032473],[102.33623530021902,33.73646879969539],[102.33096920036837,33.737490700235696],[102.32502609987466,33.736327800387755],[102.31843659996917,33.730559299671995],[102.31003479976624,33.715014400294365],[102.30431280029558,33.71179459984097],[102.2985928998425,33.712494400096546],[102.28887319983835,33.71703330004681],[102.28584399990075,33.71997279980491],[102.28516380036916,33.73167169988909],[102.2936083003828,33.74084890005673],[102.30576650042372,33.74313939956369],[102.31589440000664,33.74183520003453],[102.32251269980134,33.7474517998607],[102.32401049998464,33.75314300024934],[102.32130600027176,33.761734099649004],[102.3160646003011,33.766521899566044],[102.3080728001197,33.76961509975712],[102.30210260035477,33.78311529963145],[102.29359610017991,33.786578099599694],[102.27984700033886,33.786721000074124],[102.26831609990813,33.78972469973513],[102.25373389959987,33.78630289985898],[102.23555970002019,33.79320449958806],[102.2377596998503,33.80242770007834],[102.26573770043461,33.82296399958898],[102.26852499982891,33.82846320011663],[102.26661869969331,33.83897139961044],[102.25715489997873,33.84754630042147],[102.25272399961295,33.85504739991762],[102.2525503998811,33.8589405003039],[102.23122740042425,33.8739263001587],[102.2269360001963,33.88062440039579],[102.21407160032413,33.890449599869214],[102.20856920000864,33.90258140031142],[102.20116949997248,33.90600919956495],[102.19626379983458,33.912748000419924],[102.19761630015216,33.917237700259705],[102.18550280001426,33.933908299928135],[102.1693312997997,33.94043529964944],[102.15778259998706,33.95227529976535],[102.13535719987493,33.965831700072954],[102.13727239970154,33.97274120034615],[102.14388000026184,33.977982399767996],[102.16561790014606,33.9843350002601],[102.17136360034993,33.981158799838795],[102.17663049969786,33.98219110013923],[102.17816260002405,33.979888299705294],[102.17710929965449,33.97496480018543],[102.17155510018779,33.97329710008114],[102.172691100414,33.970005700103],[102.17770709970296,33.97135060025005],[102.18113129986966,33.97583829999758],[102.18055669963206,33.980205899782504],[102.19827260020043,33.97972940029166],[102.19903870027588,33.977982399767996],[102.19377180002863,33.977426500033005],[102.19338869962883,33.97575889975349],[102.20124120022126,33.96884969985382],[102.21167920043479,33.969485099657675],[102.21139190031602,33.96638769963266],[102.20650809956919,33.96265479997908],[102.2150308999561,33.960430899766266],[102.21723339990154,33.96249600039016],[102.21321139968643,33.970279299949766],[102.21426479988065,33.971470499663894],[102.22115959983574,33.96559350023989],[102.23830090016645,33.96519640009382],[102.23801360004768,33.96757900007083],[102.2283416999096,33.96829380011883],[102.22728829971533,33.96996160004784],[102.2283416999096,33.97162930015213],[102.23552379998347,33.97012039963681],[102.23916279962356,33.97186759980991],[102.24146109984991,33.97623540014365],[102.23964159958024,33.98330279978444],[102.24107800034949,33.98552610014946],[102.2473982998917,33.98806699969231],[102.25410160000888,33.98044409961557],[102.2528566999768,33.97790300042317],[102.2468236996541,33.97575889975349],[102.2468236996541,33.97448829979527],[102.25209059990135,33.96861150002076],[102.25965580037496,33.96829380011883],[102.26042189955109,33.97012039963681],[102.25678289991095,33.97417059989334],[102.25687870019192,33.97782360017908],[102.26286250040414,33.989347199913425],[102.26980649957034,33.99306909995903],[102.26378859976415,34.00725150035652],[102.26422960031584,34.0119071997575],[102.26730390035476,34.01477910017536],[102.25508770033719,34.03072400001264],[102.2552177000369,34.034393400335205],[102.26277070030761,34.05248740017345],[102.2594522999837,34.05973050036238],[102.2521135002379,34.063887700157295],[102.24798599965425,34.0635458003984],[102.23483309996766,34.068224900159066],[102.21926890023963,34.07100770024522],[102.21750709957303,34.06683000040425],[102.2199868002507,34.05314149958059],[102.21864209975314,34.04530809968912],[102.21624669972545,34.043179399909434],[102.20452969988582,34.04652059984585],[102.19270320039243,34.05926100029495],[102.17843590039655,34.07078889968801],[102.15876010009862,34.07963650012442],[102.13590260002502,34.0851792997849],[102.109649300375,34.09910489967143],[102.10130309985823,34.10734850013324],[102.0951788003614,34.10789090014498],[102.08394519961132,34.112234700271244],[102.08575239985345,34.119683700242604],[102.08490009975986,34.12339130016841],[102.07912480016944,34.12941279996079],[102.07460700011302,34.13006419960317],[102.06412170005649,34.146148099555205],[102.05162179990617,34.15271339960378],[102.02911849961913,34.15557319964353],[102.01598359986332,34.16586990017578],[102.00549279955311,34.17863069994689],[102.00135159959672,34.180127099885794],[101.98477940014925,34.16893390027934],[101.96527859982757,34.17780299990858],[101.94854740024238,34.10773469959673],[101.89910890015568,34.132667500404864],[101.87362669991234,34.13139719992091],[101.86163329973704,34.15377039978415],[101.84812930022707,34.15464400032039],[101.83679959972181,34.11075590006476],[101.76733959994266,34.06254320020855],[101.75628829986522,34.06683370021517],[101.74827499959162,34.06629120037866],[101.73922460023516,34.079045999873074],[101.73081710012912,34.084520600345456],[101.72862780043272,34.08891060044391],[101.73036740043523,34.093632700388866],[101.72838349959886,34.100982100443616],[101.72526349961089,34.101277200382526],[101.72036360010014,34.09548719957468],[101.72019299960732,34.08842010030742],[101.71254069979352,34.08692080005494],[101.71041629967254,34.088544999951864],[101.71007840009815,34.093301099666064],[101.71385150034655,34.108709199569944],[101.70141380000695,34.12172689967673],[101.69648320033946,34.12274739997258],[101.69362870000458,34.12141810036508],[101.69186869978074,34.11864989987305],[101.69152760041851,34.112154299981],[101.68278980000935,34.109244399609395],[101.6675824000078,34.113910999692905],[101.64878509975262,34.126359599815714],[101.64810259975525,34.131303299907415],[101.64280279960957,34.139644699843075],[101.65324990006292,34.14952790019248],[101.65378140029145,34.15289959973677],[101.65044399999067,34.156097400075],[101.63941050019451,34.16209219989514],[101.63330190016262,34.16361250021674],[101.63191099969293,34.16591429970521],[101.62723530026898,34.16648739987363],[101.61936510011935,34.170731799732835],[101.61362910000304,34.176452999706214],[101.60693070029163,34.175585099972466],[101.603392799738,34.176560799641265],[101.58284420019976,34.19242609958491],[101.58062420034662,34.19768910037175],[101.57774929979041,34.19887799962004],[101.56427949969924,34.19318840002467],[101.55885539975696,34.19234720026316],[101.55519509967417,34.19358579964501],[101.55352869998956,34.196755800140124],[101.55473150005872,34.2025827999563],[101.55277010025998,34.20567950030875],[101.5439916001323,34.20652969958604],[101.54218420024068,34.20816029995791],[101.541490199713,34.21275190018008],[101.53789399970839,34.21364399977085],[101.52544510011131,34.209643499647825],[101.51921699996461,34.2062097001176],[101.51242599976013,34.19986679971311],[101.50574740042225,34.19986679971311],[101.50041440000462,34.19744800022511],[101.49430010006961,34.196745699854205],[101.48922750014907,34.197724600210165],[101.48587500023115,34.20022020000226],[101.48520599995697,34.20353949964823],[101.4889776001362,34.2143812999571],[101.4865174003578,34.21786879980533],[101.47940479989165,34.22002049974634],[101.45826119989454,34.223289699959764],[101.44194980024315,34.2223017002633],[101.43603959964787,34.224116800150284],[101.43225699986073,34.228381600230705],[101.41236220025542,34.230219800103725],[101.40962579979089,34.234603000428194],[101.40474459988343,34.2369089997506],[101.38432859998494,34.23946220022043],[101.37509570030636,34.246822500058386],[101.36885449973545,34.24911549968061],[101.3581708002423,34.25054059956909],[101.3507845999294,34.24884289988],[101.34428110039255,34.25068199997435],[101.33887639972613,34.25024970036344],[101.32929650023334,34.24585770017279],[101.3229499998427,34.24695280013168],[101.32197020016469,34.249787699742626],[101.32356510014932,34.25136969985181],[101.32942659975782,34.25109330041556],[101.33054469987803,34.252633800409626],[101.32753049973286,34.258055300411854],[101.32092890034852,34.25883259974472],[101.32678260013694,34.26671819988508],[101.32410070038708,34.27011670012564],[101.31811399986128,34.27011670012564],[101.31365769994295,34.26770869969681],[101.3041208995599,34.26954920003561],[101.29556410030307,34.26941169999003],[101.29047029976459,34.27550709977288],[101.27944270042036,34.27536790000863],[101.26865439988069,34.27988350032331],[101.2642288001191,34.28325900040261],[101.26136730036069,34.28819809956269],[101.2656544000306,34.29238300027532],[101.26492649955838,34.294187400028534],[101.25950660034937,34.296353999937196],[101.2550561999837,34.2966367998485],[101.24652929958756,34.300288700263366],[101.2426767999944,34.298189000022376],[101.2415020003171,34.29520419961415],[101.23138189965499,34.29635249986802],[101.21611789992119,34.30718989979408],[101.19007870007204,34.299144699668204],[101.14562230022904,34.325241099996845],[100.93579310007158,34.377371699944035],[100.89737700034834,34.37976840039141],[100.87191010027095,34.33773420037312],[100.8158112004266,34.31539920011306],[100.80236820013238,34.2410011003206],[100.78576660004859,34.20585629982844],[100.76643369955565,34.1801604998073],[100.81652069987047,34.147430399693235],[100.87603759995534,34.06634520017093],[100.87145290023125,34.04879639993396]]]}},{"type":"Feature","properties":{"shapeName":"Huangyuan County","shapeISO":"","shapeID":"62558664B84668038312128","shapeGroup":"CHN","shapeType":"ADM3"},"geometry":{"type":"Polygon","coordinates":[[[100.91268000008199,36.74602899983853],[100.9208099999816,36.720783000235315],[100.94589999958538,36.69795599976965],[100.94781000043122,36.66305900027271],[100.98437999973726,36.62036099986028],[100.99007000043025,36.57067500005127],[101.00797999987714,36.531798999624186],[101.06368999959386,36.48704899991145],[101.08609000015343,36.437236999687855],[101.10995540012169,36.4095801002415],[101.12365999970928,36.39032700019095],[101.17588000036181,36.37337099977185],[101.21539999991012,36.322005999877035],[101.25166000020891,36.32574799977044],[101.34134829968434,36.4016186998432],[101.34571379955224,36.40311039992508],[101.34570789999964,36.40627919982529],[101.34216579961202,36.40778679992093],[101.33760200013228,36.407402999848614],[101.33310639984052,36.40910249998046],[101.32929180037632,36.408252799826926],[101.32285490013362,36.41036330002635],[101.31474120044612,36.423018299954606],[101.32653329997186,36.429047200268144],[101.32419949990708,36.432110899998065],[101.31646090025043,36.43527330032259],[101.31486409999826,36.440906099636834],[101.2981586003392,36.437052099974494],[101.29189410013265,36.43774389986112],[101.28636659973887,36.44001669981088],[101.28341859958874,36.4452538999476],[101.28992879997418,36.45661629980242],[101.28476969966198,36.46313649974974],[101.28599809983251,36.46787820041868],[101.2900515997016,36.47015019997178],[101.29078860041363,36.47726190021655],[101.29619330018073,36.4866445001436],[101.29693029999339,36.51192239959909],[101.29127990004741,36.51764830032886],[101.29029729988054,36.5231762998464],[101.29373659966438,36.53659989996544],[101.29447360037642,36.556928299601395],[101.2991413003308,36.56225619996371],[101.2991413003308,36.57942139977786],[101.30626569990221,36.59145449962551],[101.30651140008109,36.60092180040084],[101.3087224004185,36.60368289984598],[101.31830339978211,36.60506339965622],[101.32813010022403,36.6115711997511],[101.33083250001994,36.61669809983749],[101.33034120038616,36.62261339958877],[101.35024029965018,36.63247120038562],[101.36154099971742,36.63266840012659],[101.35982129991311,36.63799099988478],[101.34778360003315,36.645284499879835],[101.3455725996958,36.65040920022449],[101.35024029965018,36.66046050005207],[101.35589059977144,36.66794890022163],[101.36104970008364,36.668737100237024],[101.37333310014253,36.66617540027454],[101.37898340026379,36.66854000032083],[101.38217709969348,36.66814590031311],[101.38782749963946,36.66105169997604],[101.40011089969835,36.66223409982388],[101.40477859965273,36.66065759996832],[101.4082179003359,36.66223409982388],[101.41485090044876,36.661445899808484],[101.42324189979388,36.66727599958779],[101.41559610027986,36.66963210014137],[101.41335320009017,36.668226699902334],[101.41272240031856,36.66490969982283],[101.40767600034718,36.665471900208104],[101.40473229985582,36.67311759989735],[101.40115769976808,36.67609690005196],[101.40150819974366,36.67901999977323],[101.40529300017187,36.682223900212875],[101.40361080029828,36.686270799957526],[101.40606389992911,36.68694529958594],[101.4036808997538,36.689362099881066],[101.40907779970075,36.69076719974652],[101.40928800004122,36.691947399852666],[101.39828409963155,36.694251599631684],[101.39393849996185,36.69082340017985],[101.3839858998295,36.696387199909395],[101.38041129974175,36.702231599808556],[101.37936000036376,36.70925559996601],[101.38027119975612,36.72318920022144],[101.37739749979482,36.72976180006708],[101.36940740023141,36.73947930032949],[101.37003820000297,36.74116429979267],[101.37438369984795,36.74161360018758],[101.38153280019861,36.738861400433336],[101.38657920016999,36.73897380040063],[101.38966309957243,36.741669799721535],[101.38952289976208,36.751385700090054],[101.39295730003943,36.75402509967864],[101.40206890005976,36.7556536001336],[101.40143810028815,36.75997740023689],[101.39688230027798,36.76469399992823],[101.37633410003872,36.77311580015413],[101.352363699725,36.77581059977939],[101.33694410019012,36.77502470022978],[101.31984229988228,36.776708900195615],[101.29180670041893,36.78703780005446],[101.27400409980942,36.80735489970891],[101.27052000029784,36.8168369997278],[101.23274999961285,36.82969700011654],[101.18937999968728,36.8676759996477],[101.17603999964632,36.86952200024018],[101.12687000025039,36.85382500032358],[101.12545000041723,36.832786999620396],[101.06544000025588,36.795207999649506],[101.02242000028286,36.78659099977489],[100.96175000026238,36.81727600018729],[100.90601000006149,36.80010199960765],[100.89934999960286,36.7927590000279],[100.91379000000853,36.76776100017008],[100.91268000008199,36.74602899983853]]]}},{"type":"Feature","properties":{"shapeName":"Nangchen County","shapeISO":"","shapeID":"62558664B59816143287918","shapeGroup":"CHN","shapeType":"ADM3"},"geometry":{"type":"Polygon","coordinates":[[[95.82436139965893,31.68312849958062],[95.82728319985983,31.687185200136923],[95.8337679997934,31.688432399735518],[95.83737559960429,31.694687199854457],[95.86952970013562,31.722654299756186],[95.95996089987568,31.70493509957521],[96.01368710037946,31.718799600421278],[96.03646849982147,31.713209199644893],[96.0593490998811,31.726150499645883],[96.08139710039592,31.719946000407617],[96.08342010015758,31.717177700090815],[96.09085229989381,31.713960399752693],[96.09727299974918,31.714895700076568],[96.10558480029835,31.71328699999509],[96.1151279004323,31.70303569993763],[96.11592690040618,31.700086000068893],[96.13025619966396,31.698770300009414],[96.13399430009696,31.699743100263902],[96.13905169967626,31.697722599718247],[96.1457803004206,31.691174299554348],[96.14806710011663,31.669617800121443],[96.15130159998893,31.664337800349244],[96.14912260022788,31.657714600148722],[96.15118960021994,31.65546859999597],[96.15140939992392,31.642889699799866],[96.14990470014186,31.635925699711322],[96.14749540019261,31.63341700039433],[96.1498785001927,31.628811400425832],[96.15141349993314,31.61223469987158],[96.16178049957045,31.599554300390707],[96.16485080032425,31.599644999717043],[96.17413039999803,31.59157470041214],[96.1794913000835,31.592737999559063],[96.18085010015204,31.590610899673322],[96.17825550029119,31.582214200425085],[96.17995649959283,31.579460999725427],[96.17760890033054,31.571142900324617],[96.18051650023637,31.55743669994382],[96.18690409964455,31.549951100263115],[96.19080259956036,31.548622899627162],[96.20137549987948,31.539630799721692],[96.20557900037062,31.539912999785145],[96.21241499995233,31.544759400426017],[96.22159239976952,31.543663500070522],[96.22640539958957,31.54524040012444],[96.23424069974857,31.543969800166224],[96.24004249966168,31.546281799765325],[96.24003080038119,31.55379460034061],[96.24521370035205,31.566406500259802],[96.25339350020994,31.578246399651675],[96.25427300029878,31.587462499994444],[96.25761530010607,31.58873619991573],[96.25924800039496,31.593180600004757],[96.2582749995916,31.59735190027004],[96.25368400011655,31.597724400360846],[96.23954049989419,31.60439379963418],[96.22463210019134,31.607352699567457],[96.22252119979362,31.6100119004289],[96.21603620021051,31.611961100024814],[96.21231840017407,31.61712759995885],[96.21698889971799,31.61964750033195],[96.21878310025994,31.623830999900804],[96.2255995998417,31.626864100198134],[96.22282909978321,31.63603799985384],[96.22581950026978,31.639931899737462],[96.22384049983924,31.644686799756073],[96.22356189976193,31.6558714000451],[96.23017329995787,31.659548799837296],[96.23268000008198,31.658762699738872],[96.24679690015688,31.661008699891624],[96.25049029978754,31.669746100102486],[96.24864959979925,31.699302699560008],[96.22234340022777,31.738128700379264],[96.22165680022124,31.755748699942615],[96.15985110034808,31.789951299612824],[96.13425450004519,31.82188990009888],[96.15004730024276,31.85750009974987],[96.20379640018376,31.856981299747247],[96.20787810009432,31.864967300200817],[96.18820949976867,31.89962199985547],[96.22079470021532,31.907676700419415],[96.24896240019467,31.936338399797364],[96.27613069977201,31.936176299696513],[96.31822200044502,31.95306779983912],[96.33673859980661,31.947458300160463],[96.37097930015466,31.859601999732547],[96.42501069998389,31.829706200280953],[96.43655400026694,31.79873279987885],[96.46853640043457,31.772180599754904],[96.51321410005073,31.754445999583254],[96.55770110022564,31.720678300363318],[96.56922150017215,31.71806719974154],[96.60647579991831,31.73880389968025],[96.64990999974674,31.70958900033213],[96.65985110024815,31.71064379987149],[96.67219539969801,31.73478700041977],[96.70064000003606,31.7140255997017],[96.7061444004438,31.706177100193088],[96.71482059999073,31.70106040021733],[96.72458120026226,31.686967100151605],[96.73462680018673,31.68020250044509],[96.7510038998102,31.67689919973833],[96.77377860020232,31.676144000345403],[96.78108219958392,31.68409540028256],[96.78411500040698,31.692091199749143],[96.7943317997728,31.704046900344224],[96.80552529975284,31.704247899720826],[96.8230746998376,31.702234799696328],[96.8248494003796,31.70827399994522],[96.83391979975903,31.71439680027214],[96.84022970044037,31.722951100313082],[96.83888769970764,31.73248029962616],[96.83431420014028,31.739554400115537],[96.8299761997419,31.743327500363876],[96.82268030035561,31.743327500363876],[96.81873670033849,31.74693269988427],[96.81666620018507,31.755232599704755],[96.81218470036367,31.756997199960836],[96.81075069988498,31.76856110011471],[96.80158159991095,31.774595999805626],[96.79803229955104,31.785072400171202],[96.800004199834,31.792866100390256],[96.79447449969848,31.80000880026597],[96.78215900013782,31.805937800289314],[96.77929979994587,31.810462199570907],[96.76993360005565,31.815991799881715],[96.76618709995478,31.821520900169446],[96.76496579993176,31.834127399659792],[96.76135600037918,31.842294400366313],[96.76056730034071,31.86339800031749],[96.76213069977206,31.867107399786732],[96.76880210003696,31.8699920004305],[96.79574840016858,31.871136199775833],[96.79908009966692,31.882146700310045],[96.80946800044791,31.895448400023668],[96.8099526999572,31.90084310022894],[96.79784150028507,31.910423499744752],[96.78462930020208,31.914746100152456],[96.77381900044657,31.94249529971836],[96.75260380002538,31.948004800181423],[96.75201160005537,31.961229800315095],[96.74001679963567,31.98122069967559],[96.73976279961357,31.991933600155562],[96.74239490030448,32.003697600364035],[96.72255940019625,32.01667590027262],[96.72113449995726,32.02112900040311],[96.724525499852,32.028785699700336],[96.73315670002177,32.029394600080764],[96.74691940031016,32.01620909997001],[96.7602539000975,32.01887509970612],[96.7681139999612,32.01340839977786],[96.77678449960501,32.015392299714904],[96.78242719955568,32.013174999626585],[96.78559260001856,32.018892999812124],[96.79812199973054,32.02128000017194],[96.80664959979924,32.01434200038307],[96.81876080037068,32.01154120036614],[96.84067520030032,31.999971100286075],[96.84911110009728,31.98884859998293],[96.84724959968935,31.983879199965145],[96.84835069992494,31.97920969956806],[96.85234190015865,31.974423200070703],[96.85633299966827,31.9747733996727],[96.86720559995854,31.967067799739198],[96.87050870011649,31.97022019960258],[96.86348970018958,31.992283799757615],[96.86404020039498,31.999403700020764],[96.8771147997083,31.998936799893443],[96.88330799986437,32.003955400021766],[96.88867540024955,32.004188899997814],[96.89101509986705,32.01422529985774],[96.89535889999331,32.01724870006751],[96.90766799997829,32.00558939983097],[96.9314774998868,31.997185999734143],[96.9372579004318,31.99438480041823],[96.94045259990764,31.989715600394675],[96.94290060038247,31.98948230006812],[96.94689179971687,31.99391790029091],[96.95625560021585,31.997062699983644],[96.9590030002883,32.005122499703646],[96.96684770016128,32.011657899992144],[96.96536250037917,32.018409699647975],[96.94647890028108,32.02472740014946],[96.93708040034028,32.037151300392225],[96.93546870012045,32.044561300363796],[96.93629349984519,32.04934259998106],[96.95184639959172,32.06357459978801],[96.97250370018565,32.070678699862185],[96.9975540999418,32.069286999895155],[97.00009029962769,32.07219039996704],[96.99975140000714,32.07448789979679],[97.00414490026697,32.0779314003139],[97.01237819989404,32.07838179968036],[97.01509050032638,32.080680000082],[97.02069049956697,32.08000599957728],[97.02220379956577,32.08481469973867],[97.02854600029775,32.08960720041205],[97.03931780007645,32.08893539964902],[97.05400520037978,32.09537150039449],[97.05451170035474,32.12068229974841],[97.04640829970333,32.13397840028301],[97.06312150025707,32.14298440011004],[97.06919909975869,32.15756349955592],[97.11022249956875,32.15799229990478],[97.11933880034542,32.16785329959015],[97.12085820044564,32.19828699974528],[97.09806740039028,32.2102863003725],[97.08084769986152,32.201286999595425],[97.05927190007816,32.19757209987256],[97.04894059992881,32.22099850028064],[97.03222730044962,32.221855500231186],[97.0139946997956,32.23299479987014],[96.99728150014118,32.201286999595425],[97.00791720011875,32.18328570007503],[96.99728150014118,32.17085419966162],[96.98373229980587,32.159698300336345],[96.97186199973157,32.16145390017738],[96.96564690018437,32.16859140017306],[96.95830079974218,32.16654619974736],[96.95512760035854,32.17035479983417],[96.95694370029162,32.17440030023374],[96.94528139991672,32.17570029992896],[96.9416205998109,32.18050640015031],[96.92857890039602,32.17991060019409],[96.92642230004918,32.18061270001613],[96.92377790023,32.1845707998026],[96.91916999979571,32.18370869979668],[96.91549800043242,32.18704009982082],[96.91192190027556,32.18588709970993],[96.91014690025929,32.187252699552516],[96.91011770017178,32.19135999956438],[96.90458630031759,32.19152940036162],[96.90120689987856,32.19454020017014],[96.9022552998423,32.19990589993739],[96.89526099979537,32.20365290006134],[96.8925617997873,32.20779450021604],[96.88285909966777,32.20769569979677],[96.87978500017766,32.21148389966231],[96.87731160015028,32.21158699974029],[96.87668350014349,32.216847100213556],[96.8723196999942,32.22158029959121],[96.8716606003565,32.228351100123234],[96.87407799960005,32.23173480022092],[96.87328499990286,32.23431819992504],[96.86886639956475,32.23475320020009],[96.86765979985995,32.22656680021771],[96.86433209964673,32.22672690022631],[96.86360849973255,32.229445700059046],[96.86593950020784,32.23258749961349],[96.86521030021527,32.23664870037726],[96.86709989994051,32.24043220038578],[96.85888970029947,32.24164299992458],[96.85536719973652,32.244769600037046],[96.85503669978391,32.246586799841],[96.86156530029842,32.25596670000323],[96.86465570000064,32.25572030015178],[96.86771360000267,32.25183449956256],[96.87539450005619,32.25489520005351],[96.87578659997166,32.25710020011422],[96.88593279985889,32.25415529992722],[96.89522230016905,32.255943000169395],[96.89691739991815,32.255401600203754],[96.89770929974446,32.25206829991214],[96.90233920029391,32.250044599578644],[96.9093306000272,32.25205599988453],[96.90944070042804,32.259712600256364],[96.91281120027674,32.26356259973426],[96.921234300023,32.26141110034206],[96.92698810042054,32.26637919994016],[96.92362100000918,32.27108749978834],[96.91554120026626,32.275879000415614],[96.91640059960804,32.27936719993636],[96.92215649992261,32.28316850022617],[96.92160909968027,32.28703420006832],[96.9196616996278,32.28717199958817],[96.9169586999841,32.28483389986462],[96.91642209970018,32.29075589956517],[96.91105480003904,32.29071019961606],[96.90837350013697,32.29213679957371],[96.90874819996952,32.300511899804405],[96.90665960006055,32.30286569989221],[96.90000259974022,32.30505549961168],[96.9009142002302,32.312124400220966],[96.89649590026562,32.31609449966146],[96.89446159962318,32.31609449966146],[96.89279960032138,32.31876320006171],[96.89295189961052,32.32678670044589],[96.88134429959979,32.32966799967852],[96.88406639994446,32.33415249963821],[96.87631600028323,32.33936209958131],[96.87837590012776,32.346045200026026],[96.89852140014256,32.3455963996542],[96.89995389965281,32.37040250037512],[96.86127669975997,32.3994351997747],[96.84910049978828,32.41757579978338],[96.84981679990545,32.45565940036107],[96.83406039976768,32.46959129999857],[96.80970709960303,32.4641201996875],[96.79538219982874,32.45082419987699],[96.78726499997981,32.450529900334686],[96.78034099993727,32.4574725001558],[96.76171859983356,32.4852687000905],[96.7367043995884,32.45597639969117],[96.73804910008596,32.443494299822135],[96.73333770027472,32.43640220030136],[96.72433319961755,32.44735260004251],[96.7017268999765,32.45226700022192],[96.69208949963075,32.443427599803954],[96.69959079967572,32.421703099818274],[96.69797710026302,32.404448099999854],[96.71949230012962,32.389006600174525],[96.71653390021936,32.377650800444144],[96.68829530038784,32.37469810043706],[96.64881809957569,32.39093770001489],[96.61837110024612,32.384010199810916],[96.600352200094,32.38650840044238],[96.59112560016638,32.399019900048415],[96.5805085997921,32.41999429979717],[96.54469639981903,32.4641201996875],[96.52010560039321,32.46808799956159],[96.49599169975721,32.46109850009577],[96.44442209960027,32.43450379981056],[96.43367840003822,32.44417550029914],[96.39714989994798,32.447197699914],[96.37900030042357,32.450437500390365],[96.3488397999169,32.51273120028469],[96.31693050024245,32.53479740037977],[96.2983081001388,32.54083559968325],[96.28469939975753,32.557740399899615],[96.29472689992656,32.57403850037656],[96.25891460012878,32.613865700241945],[96.20252370030857,32.608847199938396],[96.17004159993996,32.611265299753825],[96.18370890014569,32.641613600287485],[96.18370890014569,32.65849939962766],[96.19031870044773,32.68473609959136],[96.19208699961541,32.70191739996807],[96.18657390006547,32.71576680029767],[96.16935909994254,32.74219889955964],[96.1709556996459,32.76122039990156],[96.14889609967531,32.764418700262866],[96.12189209994051,32.741068299762276],[96.10781970011914,32.720591600122304],[96.0800297999354,32.70829409959305],[96.05198410018613,32.71834569979427],[96.04558219975877,32.70649549956772],[96.05966629976001,32.69212949987656],[96.04833860024627,32.68250989981209],[96.05411799984586,32.66842050010604],[96.03946889986992,32.66948990013884],[96.02509639987903,32.67812039973671],[96.00848869969377,32.677637099572564],[95.99676890026461,32.65910239955616],[95.98029529978834,32.64523230043039],[95.94233430018784,32.663323399955004],[95.89721090016297,32.66875000001255],[95.88503470019134,32.63678850008927],[95.90365710029499,32.62170840002267],[95.90437329968807,32.589730099864255],[95.85853360044536,32.57222770014829],[95.8399112003417,32.58550570002808],[95.8055314998789,32.587316199882764],[95.77974670025009,32.57645269983226],[95.7575430999342,32.59093699994264],[95.7253120003486,32.58248810044552],[95.70382470014982,32.587316199882764],[95.68448609975377,32.58128109964309],[95.64724130044573,32.59154049989422],[95.60928029994596,32.60843579967246],[95.59209050007655,32.62894719965357],[95.53837210029224,32.647644599618616],[95.50542480041429,32.680205100185276],[95.47892369976898,32.685630700196725],[95.45457139965043,32.71215099956902],[95.42950280031403,32.70130269985975],[95.41875919967737,32.67960220008155],[95.46316629958511,32.59998850006929],[95.48393750021552,32.55411819959528],[95.52189839999124,32.53902409978241],[95.52476339991102,32.51305639963317],[95.48178869968882,32.4943309003508],[95.44382770008832,32.490102000307104],[95.41374540013015,32.45868119977757],[95.43953029958374,32.42604019999527],[95.47247749963697,32.40608719986443],[95.46245010019203,32.39641140026595],[95.44382770008832,32.33712449999575],[95.4302191004312,32.32320460001233],[95.41517789964041,32.280826500142894],[95.39583930014362,32.27295410025158],[95.39082560042118,32.24206350043028],[95.42090790037935,32.23661109972255],[95.41231289972063,32.22570539988436],[95.40586669958856,32.2135864003921],[95.4223403998896,32.196010900182955],[95.42663780039425,32.18328179971536],[95.41381069990393,32.174739799702024],[95.4216717998138,32.1688977002687],[95.42366470016583,32.16181200032361],[95.43429389984368,32.16192450011562],[95.4394756001189,32.15978739976873],[95.43469250005887,32.14955130005251],[95.43894419971508,32.13998900029219],[95.43548969959005,32.13436359970041],[95.43509110027412,32.130200700002376],[95.430573700416,32.12660009961496],[95.4328323998954,32.12243679971857],[95.44279720023064,32.11973620036542],[95.44425870017892,32.1163602002631],[95.44864329984847,32.11478480027836],[95.45183199994688,32.09407609983219],[95.44837749982185,32.08124340016286],[95.45289489967996,32.067395599727206],[95.45289489967996,32.06356729999095],[95.446783199685,32.06322950024128],[95.44239860001545,32.06086490019504],[95.43469250005887,32.06413029987351],[95.42937789977032,32.05264470009291],[95.41609140039787,32.04791490015259],[95.42100739957192,32.03248520033179],[95.43150370013569,32.02392449981585],[95.45156629974497,32.01243379997993],[95.45355929992184,32.008828599560275],[95.45050340001194,32.005223300215164],[95.4308393997186,32.000491099984345],[95.42951079978366,32.00465990013436],[95.42406330038108,32.00950460015724],[95.41994449983883,32.009617299598744],[95.41702149994234,32.00387120009589],[95.39536460019622,32.00342060018062],[95.38965139969241,31.998124800219387],[95.3883226999327,31.994857100075137],[95.38446970031646,31.993504900131086],[95.3791551000279,31.99463180011753],[95.37636490031997,31.99327960017348],[95.37025320032501,31.972430699916913],[95.360288300165,31.961046299946815],[95.36799449994629,31.956199099808657],[95.37065179964088,31.950224200186767],[95.36879159965264,31.946503900034998],[95.35988969994975,31.943008800016173],[95.36002259996309,31.941317599727483],[95.36560289955423,31.9302676998945],[95.37038599961426,31.928238000183626],[95.37968650043172,31.92812520001803],[95.38925280037648,31.930605999667193],[95.39124579965397,31.92259959989167],[95.39908479962384,31.92023139985929],[95.40718949979566,31.920795299963174],[95.40479800012764,31.900945100436104],[95.40679089958041,31.896658700438707],[95.41648999971375,31.890003100362833],[95.42060880025599,31.883347100088656],[95.42140599978711,31.879962399944873],[95.4182172996887,31.874659599660845],[95.42459479971029,31.864053099770786],[95.4243291004077,31.861232000256678],[95.42844790005063,31.860441999798525],[95.42765069962013,31.855702300121095],[95.43230089966687,31.8515267001971],[95.43163660014903,31.846448000175144],[95.43602109999381,31.84272340036466],[95.43920989991699,31.833580600164623],[95.4437272997751,31.83188739978374],[95.45727950024877,31.821162999672765],[95.45834239998186,31.81371160031017],[95.45382500012374,31.805469300268044],[95.46352410025708,31.7964357002474],[95.47149600024028,31.795758199581314],[95.47760780005996,31.79801670031054],[95.48132800038695,31.79191859986355],[95.48504819981463,31.790337599800466],[95.49089419960768,31.779721299998073],[95.49979610020989,31.774073900190388],[95.49979610020989,31.770572299871787],[95.50697079976266,31.76548909964231],[95.51055819990108,31.752836400179774],[95.51294969956905,31.750011900329014],[95.52543900030969,31.749559999994062],[95.54191419978054,31.74063400025898],[95.54590020013421,31.741424900039135],[95.55373920010408,31.748091200248723],[95.56024950031423,31.74187690019886],[95.56768999989362,31.741537899854222],[95.57300450035746,31.748543099684355],[95.57712330000038,31.750576799579676],[95.58044499993684,31.770007500445843],[95.58376660004859,31.771137100197052],[95.59346570018198,31.767974299674222],[95.59931169997503,31.770007500445843],[95.60701789975633,31.769442700120578],[95.6114023996011,31.77825300027581],[95.61126960031186,31.782544899627453],[95.61791279963603,31.785481400146523],[95.62843320023205,31.784729000343134],[95.69042639975862,31.771117199998855],[95.69977230015161,31.770696099645306],[95.71880120011537,31.764971500234594],[95.72192389986816,31.764847099713904],[95.72524170034427,31.766713800001924],[95.73797649981566,31.765095999680682],[95.75007690042867,31.76024220031735],[95.7543087997114,31.76046369974],[95.76622710020058,31.755305299999634],[95.76998409988636,31.75621800036049],[95.77315559955133,31.752857500073617],[95.77851239962757,31.75191239983741],[95.78954969995874,31.738086100393275],[95.7951121003432,31.71903759970553],[95.80155259967279,31.708785500150782],[95.7997472996982,31.707291100304076],[95.80648060029955,31.69649800008267],[95.81037369978645,31.69595400017704],[95.81355550028616,31.69139160004238],[95.81356530019849,31.68877829967886],[95.82436139965893,31.68312849958062]]]}},{"type":"Feature","properties":{"shapeName":"Zêkog County","shapeISO":"","shapeID":"62558664B16756316330721","shapeGroup":"CHN","shapeType":"ADM3"},"geometry":{"type":"Polygon","coordinates":[[[101.63389760029406,35.51130220033633],[101.60963360011061,35.50493009984427],[101.56655240037304,35.50868060012965],[101.54979650000854,35.50423250022976],[101.53116999989561,35.469645999763145],[101.49077999979721,35.49159600025524],[101.46282000004305,35.473582999655775],[101.44283000000456,35.48625899965316],[101.4311700000955,35.48245200035956],[101.4355899997787,35.41706799968847],[101.49483000040425,35.342175000276086],[101.48486000018892,35.330997000111495],[101.37160000043974,35.3374819996946],[101.29123000026436,35.3688890001273],[101.23464000043572,35.370338000398476],[101.21233000042923,35.388534999590604],[101.15710000036478,35.40433899994497],[101.14339000034829,35.39780800003922],[101.12275999957438,35.408843999950705],[101.03757000015543,35.41135399968738],[100.95676000037378,35.402030999630995],[100.93343999965634,35.417678999985924],[100.83801999972326,35.433337999948776],[100.81494999974274,35.41415400020702],[100.69165999970926,35.420169999745724],[100.68621999975323,35.40546799984838],[100.69887999991215,35.379559000247696],[100.79723999962636,35.35203599996146],[100.91305999961935,35.30365400003211],[100.93700000014996,35.26578099999318],[100.92573000023935,35.247264999580125],[100.88833000042922,35.225444999687056],[100.82379000000856,35.211543999855735],[100.78458000036676,35.184237999684],[100.71431000010648,35.15529599961076],[100.68079000025836,35.11112200038008],[100.70149109963461,35.02975960012549],[100.80306000001906,35.010941000326966],[100.83904169971476,34.99114159990495],[100.89894520036074,34.973366399839506],[100.9536699999706,34.94112400027245],[100.99480000002006,34.92046399991369],[101.02538999964884,34.91790799985438],[101.0512499996878,34.89163599970169],[101.16817870008703,34.885255000418],[101.224225200033,34.85749190003122],[101.27286940000289,34.862698200361706],[101.3151685996512,34.88005020015669],[101.39765219998912,34.880917699692134],[101.4801356996029,34.90607120042563],[101.51397509997093,34.90607120042563],[101.55838939985097,34.892194399551954],[101.62289569997665,34.90780570037282],[101.70009190002122,34.904336800303156],[101.69797689961428,34.881785200126956],[101.6831721998372,34.83492749980434],[101.69903439981778,34.81235689965126],[101.74979350036983,34.79846419966316],[101.7836328998385,34.801937599940345],[101.81747230020653,34.82017050006857],[101.83967939978453,34.81669790018799],[101.85025420037113,34.80801570036431],[101.86294399956597,34.7828321002213],[101.91473250010483,34.777637300421134],[101.91490170035325,34.792468999644655],[101.9242783000036,34.83961490030748],[101.91636659973886,34.88042449979088],[101.98571780043619,34.8968124002721],[101.97638699966035,34.924606299741015],[101.99987790034487,34.95078659962195],[102.055976900014,34.9466743002788],[102.12210630016568,35.00943440027743],[102.13082089986472,35.01595439967588],[102.11977889967653,35.01899870012994],[102.11056490015011,35.02380049979331],[102.108432700209,35.02835259999256],[102.10394000023086,35.031782099864074],[102.10317850018771,35.033029199637895],[102.10698589967961,35.03976290043755],[102.10409230041938,35.04493760038997],[102.10652900001338,35.0478677004341],[102.10713819986807,35.05285480000907],[102.1049299001948,35.05703130015445],[102.09723889985543,35.06320209999694],[102.0961728003345,35.067315699759774],[102.08520739990166,35.06638079963426],[102.07964849967857,35.07049429957232],[102.07515569987572,35.0707435997374],[102.07142440011603,35.073485799929756],[102.06700779987011,35.07354809956519],[102.05878370030757,35.07753650020936],[102.0516257002659,35.07847129961084],[102.04972200007029,35.08925149995679],[102.05383409976395,35.099095800131124],[102.04949360014956,35.10856510009933],[102.044467800049,35.11049629976446],[102.04347780026035,35.11224039997455],[102.04324940033962,35.12806100001518],[102.03890889982591,35.14070279969451],[102.01903410024357,35.14829939999737],[102.0212423999169,35.15720269994472],[102.01994779975121,35.16286790003363],[102.02253690025782,35.165918199865075],[102.01294209989805,35.16349039996203],[102.01400820031824,35.16678980030906],[102.01827260020042,35.16977769978109],[102.01781569963487,35.17176960008703],[102.0266489001267,35.174944099890354],[102.02992330022016,35.17444610030731],[102.03441610002307,35.178243000214366],[102.0491128002156,35.18197730011235],[102.05071199985895,35.18434240018166],[102.04789439960689,35.19790880005115],[102.04119339995549,35.20568670008117],[102.03670060015264,35.20767770016579],[102.03746210019585,35.2147081997237],[102.03098939974109,35.21999610004002],[102.0230698996562,35.223293100096555],[102.01834869993263,35.23536040026232],[102.01553120040461,35.23803479966631],[102.01377980039751,35.24823419984847],[102.00593649986962,35.25084609996759],[102.00075829975577,35.24748799997127],[101.99832160016177,35.256566899742666],[101.99063049999762,35.26154129999105],[101.9917727999748,35.26396619958052],[101.9900213999677,35.26838050025992],[101.98225420007134,35.28124909996603],[101.99070669955461,35.2932456001044],[101.98979290022226,35.30275440009552],[101.97669529984825,35.315244799807715],[101.96451149970602,35.316487500098106],[101.96108480032336,35.318351499721985],[101.95902879993923,35.32232799963754],[101.9412099998417,35.334007700095356],[101.93862090023441,35.3468038000554],[101.93694559995953,35.348294500091185],[101.93351889967755,35.34723859978163],[101.93283360009065,35.34525100003367],[101.93443269990922,35.34388449996976],[101.93131060000422,35.34133769997493],[101.92826469965621,35.34096500023463],[101.92986380037416,35.33326219989067],[101.92483800027355,35.330839400218224],[101.92217280003473,35.314934100228584],[101.91509089972533,35.30809880031944],[101.91379640028373,35.30710449997275],[101.91219729956578,35.307974499623526],[101.90854210043767,35.31586610004052],[101.90458239985793,35.318413599707924],[101.90526770034415,35.31567970025799],[101.90267869966232,35.314188400374405],[101.89871919963144,35.31439220023992],[101.89596380008936,35.308734299948014],[101.88821040028978,35.30437020032451],[101.88630670009417,35.30573740006099],[101.8788335002659,35.30361619972791],[101.86948440008507,35.28291210021331],[101.86524069989844,35.25663469963172],[101.86730919995966,35.25272060007569],[101.86201299980019,35.248472799879835],[101.85387970028802,35.2497085996722],[101.85160989957728,35.24909069977605],[101.84801609986317,35.24322069977552],[101.83874789999567,35.24283450031197],[101.83647810018425,35.24700540037895],[101.81236170033225,35.24661920001614],[101.79183130037427,35.25502040037122],[101.78711049994968,35.24924519970625],[101.78692140040238,35.24615580005019],[101.78162520024284,35.2432980001027],[101.77339730014535,35.23464670008519],[101.75533370009026,35.231402199751756],[101.75315849996485,35.225994499846365],[101.75032129988813,35.22522190037046],[101.75051040033475,35.222981500296044],[101.74483600018135,35.229625400192106],[101.73944530016053,35.24337519970578],[101.72613739962134,35.26451829967982],[101.72090879970142,35.27025000013742],[101.71599100008467,35.271717100164096],[101.71116770032916,35.27727610021191],[101.71012739965983,35.28082760031356],[101.71391029982055,35.28407009965542],[101.71665300003599,35.291944100340004],[101.72043590019672,35.29248450025955],[101.72904219993762,35.29009149962309],[101.73112280037702,35.28762119955877],[101.74190420041856,35.28530529959994],[101.7606141000607,35.293683399968984],[101.75731969994428,35.301129600350805],[101.7699925999786,35.303985300381385],[101.77613989963675,35.30082080013989],[101.78890740025639,35.302055800434914],[101.79240670010915,35.30807589998284],[101.79798649967728,35.310699899580754],[101.798932299586,35.31695080023928],[101.79581129955187,35.32134929983039],[101.79675710035997,35.32443589989691],[101.79514929960055,35.32705929964703],[101.79704079959328,35.33076290028765],[101.79373070001185,35.34287550020423],[101.7899183002894,35.347533900269354],[101.78956940020771,35.35352069972055],[101.7870504998807,35.35748760027258],[101.81496529970889,35.36604750039186],[101.81878839956505,35.37181810012527],[101.8317494001148,35.371413800006906],[101.83723469982158,35.36601549981549],[101.84272000042773,35.366169700271485],[101.84801609986317,35.370257100085155],[101.84432769956373,35.37673470004643],[101.84461139969642,35.38567919973531],[101.85017320023309,35.392222700217474],[101.85142080002998,35.40294860039762],[101.85529829987672,35.4051070002879],[101.85633859964673,35.407496599688386],[101.85397420014925,35.412506800148776],[101.85299219983023,35.42441119981709],[101.85737890031606,35.43200510035513],[101.85520370019066,35.447492499779116],[101.84899019963808,35.45126250006439],[101.84981300016989,35.458277999829875],[101.84224710002371,35.46028089974379],[101.84196339989103,35.46528779969225],[101.83666719973155,35.46798370008776],[101.83158179976033,35.46779409961806],[101.82842589973552,35.474231400059125],[101.82176990036066,35.479430899716306],[101.81160519962032,35.47722620002918],[101.80602530022747,35.4833102000058],[101.80053999962132,35.48261709969944],[101.79628419995595,35.484465300033605],[101.78569190036097,35.48538940020069],[101.7689707003376,35.489871300220386],[101.76214299969973,35.49347489984683],[101.75504999995758,35.49447590014273],[101.75253940037311,35.49677199972808],[101.74672750017407,35.49347489984683],[101.74994300006944,35.48839269966339],[101.74587629995136,35.481076900078904],[101.74805150007671,35.47560879990624],[101.74180959983323,35.472682100198824],[101.73670259994509,35.474299500321706],[101.72270570000813,35.470371499944804],[101.7198642002727,35.473782900060826],[101.71921539967104,35.4785915003975],[101.72183010027896,35.48060239978099],[101.71939560042665,35.4889317002378],[101.69783280034352,35.50710279985441],[101.69001330037355,35.51594230009715],[101.6668952999782,35.51619050039136],[101.64399310000164,35.50710050028789],[101.63799780015842,35.507807399791716],[101.63389760029406,35.51130220033633]],[[101.37378639982256,35.29012129955839],[101.41568369964307,35.29979939962266],[101.43860860030674,35.29786390029881],[101.49710659998965,35.289476099842204],[101.53426069997141,35.32882690004146],[101.56113820016787,35.30883129992458],[101.57141489977784,35.28818559968573],[101.55402359960948,35.25462499994387],[101.51765990028423,35.23009109972452],[101.48841090044277,35.232028299666354],[101.48287729994752,35.25204279993534],[101.456790400057,35.25527050003359],[101.43860860030674,35.24623260035429],[101.4322844004048,35.23331970004415],[101.44809469961075,35.20877940024917],[101.43149389992362,35.20554989970816],[101.40224490008211,35.21975890025311],[101.3880156998647,35.23525680016127],[101.3880156998647,35.27076160016776],[101.37378639982256,35.29012129955839]]]}},{"type":"Feature","properties":{"shapeName":"Xunhua Salar Autonomous County","shapeISO":"","shapeID":"62558664B50574456211629","shapeGroup":"CHN","shapeType":"ADM3"},"geometry":{"type":"Polygon","coordinates":[[[102.44830320003274,35.44844120000141],[102.43625019998677,35.466282600062016],[102.45810390017493,35.512162099701186],[102.4831532000602,35.543541999963395],[102.48684590001835,35.57791460027863],[102.50475760008322,35.57486550014278],[102.49559350033985,35.586045200026035],[102.49809279994281,35.59349749960995],[102.54930370010572,35.56573030011333],[102.57760620036589,35.54053880032541],[102.59794859974812,35.538372900089314],[102.60936179960743,35.53156199968657],[102.6234381996133,35.53620589998235],[102.63941669992084,35.53187160029415],[102.66110190043241,35.52877549978956],[102.67327610031185,35.530633199662475],[102.69039600037519,35.52691779991659],[102.70104830003908,35.52134449974892],[102.71284200035808,35.511435299999164],[102.72958149978643,35.50462210002996],[102.73680130033978,35.4983641999479],[102.75623599959175,35.51435009987728],[102.75919519989861,35.51851039963526],[102.77210779983517,35.525297799853604],[102.77520140022449,35.531646800359624],[102.77345289963165,35.535477799860644],[102.7691487002524,35.5366817996254],[102.74144030022973,35.5306616002527],[102.73390789982977,35.52201369967253],[102.72691359978285,35.52201369967253],[102.72112979980051,35.52540730040664],[102.72355089975429,35.529238600281246],[102.72086079998599,35.53503999999606],[102.73417689964424,35.54084089968785],[102.73605999996909,35.54467149988989],[102.74211279976595,35.548720799925036],[102.76874509980655,35.548064200402564],[102.77345289963165,35.55561509985705],[102.78165779956788,35.56305579998525],[102.79483940021822,35.55944500038652],[102.80116119982955,35.55977319987335],[102.80048870029333,35.57005830005056],[102.7916112000969,35.578919900233245],[102.76864259957637,35.59282169956185],[102.76362710031049,35.599981599871],[102.75537579985337,35.626599599791746],[102.76423149958407,35.652847200437975],[102.73453909979969,35.660889100051975],[102.72047430014891,35.693894800105],[102.7017211997736,35.70362460039502],[102.688698199962,35.73238419997091],[102.69599110010927,35.73872680000187],[102.6939073997068,35.747605599718725],[102.68392179985125,35.76140589976251],[102.67932170013643,35.77592659993269],[102.69317599997248,35.78331800012563],[102.68840030043356,35.797024400155976],[102.7082326996794,35.802758900203116],[102.7135271002955,35.817044799977566],[102.70646529983378,35.823524300206316],[102.70410250023025,35.82737619995174],[102.70438360042289,35.83182100023902],[102.69908879960849,35.83440409956961],[102.69737760019615,35.83982840006064],[102.69489359985982,35.84201540019063],[102.68317109976653,35.84754920033538],[102.67701920007607,35.8460273999446],[102.66930430025332,35.851651699766194],[102.66894169989956,35.85460870033131],[102.67903409964407,35.8647123002325],[102.68217349980722,35.873065900371046],[102.6774010000562,35.87810660043931],[102.6667263999035,35.880638399742395],[102.6580485995633,35.8792357001675],[102.65023729961177,35.88320440026291],[102.64919449972643,35.88943439977777],[102.64182330010527,35.892052399998306],[102.62956240018468,35.887347200113254],[102.62741130009147,35.890484000336414],[102.6243999004351,35.90529509968917],[102.60654620034694,35.921322899931965],[102.59901749975785,35.92062609981468],[102.56997839988333,35.90390129980517],[102.56567630042099,35.89658309993018],[102.56782739961488,35.880027500169035],[102.56331020030558,35.872009800412],[102.55578149971649,35.870441100376524],[102.53513149981893,35.8815959996557],[102.51469649994357,35.88474750019702],[102.5042136001776,35.875464000163504],[102.50185010000217,35.882251199833036],[102.50268459981447,35.88629939999737],[102.51026770039414,35.89184850030807],[102.50759809977257,35.90442400016752],[102.50187589975303,35.91361370001232],[102.48479699978179,35.90738590023915],[102.47860090021146,35.90317900031067],[102.4760443003043,35.907932699734374],[102.46900979966256,35.911323199606045],[102.4427750997911,35.89817649984565],[102.4348580998215,35.89880969990776],[102.43261320043894,35.90861299999],[102.42390290039862,35.91147759971153],[102.41249529971839,35.91258630011771],[102.40473810028317,35.8927502999864],[102.40732379955375,35.8823990996388],[102.40391419988049,35.87631719957915],[102.39500360013608,35.87019779958882],[102.38739850034057,35.8699512999126],[102.37842440036582,35.87284780038573],[102.37401350002307,35.87941060031898],[102.37138970007464,35.88042730007987],[102.3681139995615,35.87999260017841],[102.3673746003576,35.87444790025046],[102.36572089999959,35.87222550010682],[102.36202379965869,35.8710816002357],[102.3577351999196,35.871767999693475],[102.35593369958065,35.875341099712045],[102.35078459972954,35.878805200099976],[102.34669760011423,35.878652700261966],[102.33122430026128,35.86654559969969],[102.32187000020042,35.869318900247094],[102.29228619984832,35.87313980036157],[102.27615609992415,35.87141959963486],[102.272015300166,35.87512349974975],[102.25946190024655,35.87804739986768],[102.25289300021183,35.88150590017722],[102.2373326999442,35.88133190024706],[102.23201870040276,35.87872079962523],[102.22860590004234,35.87379859962573],[102.2176926000335,35.86809810024715],[102.20921289965565,35.86800570030289],[102.20719750006464,35.86230479982669],[102.19301399979634,35.85777459991789],[102.1819866001016,35.85623359990075],[102.17095930023157,35.849884600294104],[102.16795520037226,35.84723389982469],[102.16898189969498,35.840020999769365],[102.16582580002074,35.837616600226],[102.14776370003477,35.83635270021699],[102.13924599970318,35.83407149970003],[102.13164089990767,35.82849139975832],[102.12403580011215,35.8329925003037],[102.11890239972604,35.83268420011581],[102.11620259987012,35.831019500149864],[102.10954809966512,35.819642700350414],[102.10696240039454,35.8193960999501],[102.10498499985789,35.82093769981503],[102.10361610040275,35.82759739990013],[102.10066219980075,35.83084350012746],[102.08789789986827,35.82533150044844],[102.08093859963674,35.817312500271726],[102.08080189998776,35.80227400014502],[102.08780919973486,35.793703999739876],[102.12191909998654,35.77316739985565],[102.12719909975868,35.76821840005914],[102.13003029955871,35.7605421998627],[102.13740760018067,35.754279699748395],[102.13985979959011,35.747862300404904],[102.1356607003811,35.74564310004911],[102.12374690009943,35.74382009961795],[102.12026429975771,35.74129319982137],[102.11974849989343,35.73876920033837],[102.12186610024037,35.73606629962006],[102.13099999985019,35.73259989966567],[102.1649257998858,35.730577800125445],[102.16836580024153,35.727592600418234],[102.15021669984088,35.71632499989886],[102.15128430033025,35.70861980016372],[102.15721540027056,35.701973400152326],[102.16029960004659,35.694074099739964],[102.16907760015118,35.69311070009877],[102.17785560025578,35.6957118002594],[102.19007359981686,35.706789699585045],[102.19576740014548,35.70996830029685],[102.20146130029883,35.71102779969323],[102.21023930040343,35.70871609956839],[102.21996620037993,35.691954600024815],[102.22281320036899,35.67991120024175],[102.219254500295,35.662179899682656],[102.22969320018109,35.648975199945596],[102.25543410030355,35.6300801002165],[102.26599140008312,35.624680700154215],[102.27322740012448,35.62352360003416],[102.28591989998347,35.62506639959474],[102.30169659961842,35.62439139994319],[102.31806640034415,35.61899159968266],[102.32328570037481,35.6187023003709],[102.34784040011442,35.60925179983076],[102.35222940016672,35.59073309965288],[102.38734139968591,35.561210099766356],[102.40264359992227,35.55484100031197],[102.40584639959172,35.54866439984221],[102.40323670011367,35.54528629982292],[102.40371120041164,35.54046030030264],[102.40560909998004,35.53891599977362],[102.41557340029226,35.54296989984107],[102.4215044004078,35.54296989984107],[102.42423269977934,35.53997769981106],[102.42423269977934,35.53708199973454],[102.41853890035003,35.51719490012459],[102.41806440005206,35.50744270042031],[102.42174170001948,35.49739949988708],[102.42067410042944,35.49131509971215],[102.4024064001353,35.47962779998301],[102.40098290014078,35.47566720008126],[102.4021690996243,35.470836999827725],[102.41023539964402,35.46397769971111],[102.41770849964757,35.46185209989454],[102.41936930015316,35.45962990029972],[102.44178869998859,35.44880769981552],[102.44830320003274,35.44844120000141]]]}},{"type":"Feature","properties":{"shapeName":"Ulan County","shapeISO":"","shapeID":"62558664B25815864551063","shapeGroup":"CHN","shapeType":"ADM3"},"geometry":{"type":"Polygon","coordinates":[[[97.17114560028926,36.95694469973813],[97.02967900038561,36.6160838997522],[97.16262120000846,36.48634029996492],[97.28567510012584,36.41564010001065],[97.3164385996617,36.436857000150496],[97.40323560034273,36.400608000359],[97.48124289984003,36.33691050011953],[97.5669411996767,36.328944600413024],[97.71636380044907,36.28910310042778],[97.7581141996107,36.29884400015055],[97.8141476998565,36.30061490015754],[97.83392419994192,36.31478100034292],[97.82843080004147,36.345760499947176],[98.03938030006088,36.52166630035953],[98.00861679962566,36.61872940034158],[98.01740640008535,36.65311339956378],[98.09870990014184,36.67602760009373],[98.13606550042255,36.67426519957934],[98.14375640003789,36.66192740042925],[98.1734211996287,36.65311339956378],[98.20308600011884,36.622256699687],[98.28658680024068,36.60109070027568],[98.33383070002685,36.57374260014092],[98.42062769980856,36.56315360015856],[98.45908200003436,36.539323200005754],[98.6282811998176,36.54903279972399],[98.74474290026467,36.57815420015629],[98.7781131000396,36.60051130035629],[98.78417209976266,36.666621199608755],[98.84218210032373,36.665348899931814],[98.84657690010391,36.63361539973096],[98.9278804001604,36.52509399978834],[98.9278804001604,36.49506929960853],[98.93651149960607,36.47289259981369],[99.05970070002735,36.50303959969784],[99.10803790022896,36.519171000041695],[99.12298909956735,36.54436209963126],[99.20298000042675,36.57051099968294],[99.46646210004593,36.68776919998862],[99.42690900005039,36.7247642998326],[99.43561439968488,36.76480289973409],[99.32240219980173,36.84807000023039],[99.29499809978256,36.84456489975037],[99.2723169001049,36.90491369970755],[99.19471560044468,36.93372789982277],[99.15385029965165,36.95595829993567],[99.12680899963567,36.945196300069256],[99.07517030006937,36.95397669956509],[99.04111069979899,36.96802319981089],[98.99496549995791,36.95309870044474],[98.97189290003735,36.91621389975171],[98.93563589987696,36.894250100062095],[98.9026751002757,36.90567209978764],[98.91036590006627,36.939049399710086],[98.97102849956565,36.952735000220116],[98.98311410003572,36.97907060042792],[98.95454800038999,36.98872459956067],[98.93477150030458,37.00802910036276],[98.94795579982036,37.02645150023659],[98.91829110005426,37.040484700408626],[98.92268580000973,37.06854320020858],[98.89411980018866,37.06152949998648],[98.84467849961311,37.06854320020858],[98.82380319975795,37.10798280036602],[98.82709929959304,37.140395699701855],[98.79963189989235,37.152656399972955],[98.78974370021166,37.183299400247165],[98.80952020029707,37.20430459997738],[98.75105509961321,37.231789899784076],[98.72057160039913,37.24228649982217],[98.66014330037308,37.27114449961903],[98.59861640022677,37.28425819965622],[98.57664910037573,37.286787200269146],[98.5523139997913,37.28407289974456],[98.53878180023997,37.287149100050954],[98.52832000036778,37.28371099996275],[98.51535639987799,37.28443480042574],[98.51001180000463,37.279820399691744],[98.5033308003762,37.27825850032957],[98.49136250027925,37.28063469983158],[98.4865863996427,37.27846320041641],[98.47799690013687,37.278666199885265],[98.47544230032196,37.274572299771876],[98.4611141998605,37.26181230039742],[98.45793009979434,37.256653499559434],[98.44667230008662,37.26470839977287],[98.44313800041846,37.27606840023651],[98.43464490014208,37.284481899719935],[98.43536120025925,37.293980200126214],[98.42029550013729,37.32073849968208],[98.41243900025972,37.329303099658375],[98.39859019977797,37.3272144997494],[98.36966199980151,37.309869000254196],[98.33020410023909,37.30717300003397],[98.22788180000515,37.27730169991355],[98.22213709984732,37.26548190036948],[98.22237579970346,37.259590900299884],[98.21091470015335,37.258830699777036],[98.21234740021242,37.25236909965429],[98.20189550007734,37.2252460998277],[98.18703750018057,37.229368600180806],[98.17080089984171,37.22556620002018],[98.1330747995624,37.23222030002688],[98.12495649984265,37.24039449980637],[98.11707699980377,37.23925390044718],[98.0987905999063,37.250072599870634],[98.08657539993482,37.250998600305195],[98.0681072002871,37.24810479959689],[98.03099909972872,37.24949820018185],[98.01029340032022,37.24157369986642],[98.00551509994199,37.205427800152904],[97.98839309996163,37.195912900060364],[97.97326200024116,37.16545700014052],[97.9469816004206,37.13689339971069],[97.94180519985014,37.11562239995385],[97.92428490002817,37.061942099948],[97.92866500038951,36.99073339992651],[97.86893689991808,36.977692400184196],[97.83548920016653,36.98182759986389],[97.82433999989115,36.96751259982665],[97.83429460011575,36.94873989962673],[97.81119980043053,36.9398292000576],[97.80204150041499,36.94523930025355],[97.79487409975997,36.940783899657276],[97.75704629964707,36.948103399952004],[97.7423133999435,36.93441859983858],[97.68298350038827,36.91181730042814],[97.6787217004462,36.9055868998156],[97.67106979993139,36.90372020042696],[97.64812879960448,36.89131670040547],[97.64033460026167,36.89610310007805],[97.63323629991538,36.90411679965064],[97.61639530030294,36.9135764004306],[97.61027130028032,36.91235229991878],[97.58521850023368,36.93493949975817],[97.56963009974936,36.939389400100765],[97.56754230023705,36.93616329989641],[97.55933059962751,36.93794330014322],[97.55946980029108,36.94128059971996],[97.55445919963239,36.94695370035305],[97.55042290019674,36.9477323001056],[97.54666500028958,36.94172549973206],[97.54276789971885,36.94150310008803],[97.53928840023951,36.94650869961686],[97.53413859981657,36.94372779979818],[97.52662280000226,36.9442839999067],[97.52592690010641,36.94940079970718],[97.52119469987554,36.94962320025053],[97.5134004996334,36.945062700383346],[97.5011523997635,36.95640789980479],[97.49321909958184,36.95974439988419],[97.47721309980477,36.95674160044456],[97.37085900034265,36.94406210028575],[97.31259630017917,36.94374750034689],[97.26693100016558,36.932419999583374],[97.25039700032136,36.93336399994871],[97.20997940002934,36.94313349991114],[97.18982550034661,36.951562699758824],[97.17114560028926,36.95694469973813]]]}},{"type":"Feature","properties":{"shapeName":"Ping'an District","shapeISO":"","shapeID":"62558664B9169369842167","shapeGroup":"CHN","shapeType":"ADM3"},"geometry":{"type":"Polygon","coordinates":[[[101.81721840000921,36.29321050026442],[101.82281680025517,36.291693999578456],[101.83172160027169,36.29861500038203],[101.84236760018467,36.298874300108935],[101.87597399970036,36.28669230040941],[101.90423439999762,36.290144199695135],[101.91901139975636,36.28837159996942],[101.95001379969716,36.293639899561754],[101.97356249980959,36.2932818003149],[101.98067150028959,36.288984299985486],[101.98156020044297,36.275015799739435],[101.99177940009929,36.25782029996691],[102.00422020040196,36.264269000214256],[102.01621669964106,36.25853679973358],[102.03398919994169,36.257462000171245],[102.02732449962599,36.29507239997133],[102.0437642001578,36.293639899561754],[102.04820729982708,36.285761000269986],[102.04154260041076,36.27931399974136],[102.04243119984005,36.2703589995682],[102.04776299966278,36.262477699985936],[102.05072069990047,36.25331089957842],[102.06328780009198,36.25483100025053],[102.08465190036497,36.25077729983258],[102.11544130037578,36.257364500171605],[102.1437173003132,36.255337699874985],[102.15251430039473,36.25888450011962],[102.14844109997682,36.27225809973157],[102.15786989987606,36.29494970006863],[102.15328339970921,36.298494100022765],[102.14959379971413,36.299232199706296],[102.14799510009385,36.302112300142596],[102.14268149985139,36.30124069969861],[102.13393529977435,36.30495449955055],[102.13012640021327,36.305106100066496],[102.1237783997534,36.313177199768006],[102.11733619980583,36.31446540035802],[102.11578449965498,36.319883500023536],[102.12504799966553,36.33397630006624],[102.12161530000617,36.33867329993291],[102.12058079996399,36.34473360007564],[102.11545530012205,36.34730910013491],[102.11164650038575,36.35984440029887],[102.10957750030144,36.36071530017102],[102.10431090042778,36.3689320999365],[102.10351160008037,36.37408140033642],[102.09942060028055,36.37775379989802],[102.10990669983437,36.38354600044761],[102.1132452998308,36.38388669961154],[102.10826090002058,36.385438799960696],[102.10957750030144,36.38937570002861],[102.11959330029066,36.39721100018755],[102.12533009990426,36.39789229959001],[102.12509500003426,36.40258539999627],[102.12829249999896,36.40277470009238],[102.13125499991838,36.40538610018842],[102.13130200028712,36.40788379989749],[102.13332400000263,36.4083379997989],[102.14141189993927,36.41700379958576],[102.15120969976789,36.43086979960162],[102.15097690036373,36.43287619967691],[102.15908990037866,36.43849380044861],[102.1587574003338,36.44127570031338],[102.16417719971804,36.44847070026265],[102.16644860032272,36.45588259960232],[102.16976660044833,36.4587461003523],[102.16632750031397,36.470822400033796],[102.16851930012564,36.473481299622335],[102.17295150001178,36.48854429997954],[102.17789479990518,36.49293470027624],[102.17819880043436,36.49958339985409],[102.1751094997037,36.50126780036874],[102.17378559962577,36.50466159985302],[102.17538769958276,36.50971519979669],[102.17949859958077,36.51280069999234],[102.1778663003895,36.52115749991873],[102.18288410012116,36.53339960041126],[102.18306379995448,36.53569290040707],[102.1864289002736,36.5370800003418],[102.17893790016404,36.543239699852336],[102.18133730037619,36.55043309990771],[102.1616605000321,36.562370699847975],[102.15630560022333,36.56305229962396],[102.15352580027553,36.55844559978465],[102.1470882003602,36.5532743999936],[102.14585920034187,36.54507029955471],[102.14076760044446,36.54074460008326],[102.1388948998798,36.53688889980293],[102.11027259980068,36.52046109999981],[102.10885240031809,36.5166712004156],[102.1064741998245,36.51704840036342],[102.09599160043206,36.51335149967201],[102.07842099972942,36.51583330026665],[102.07368139987676,36.51255809977653],[102.056179299635,36.51086860010588],[102.04728810006583,36.513548999786565],[102.03585099982382,36.51415259956286],[102.035365999941,36.50869499987442],[102.02747679981451,36.505417399993064],[102.01522879976937,36.51295040024081],[102.0126452004157,36.51695050016548],[102.00361680027515,36.52363790026891],[101.99485820034573,36.52425999999906],[101.98947380007587,36.531463500340294],[101.97334780016092,36.53799669998779],[101.96690290044853,36.536554600214686],[101.95977809977956,36.537079000295705],[101.95161989983859,36.545665399838356],[101.95394139987576,36.552074500238064],[101.94919419985251,36.5581885996242],[101.94454719959367,36.552718100060304],[101.94284470022279,36.55406970015662],[101.93226869994061,36.55495459977499],[101.92092399964292,36.560712099983505],[101.91203570038732,36.562745799878826],[101.90928170019038,36.54903899965018],[101.9036731996585,36.54358280020614],[101.89439779981865,36.53811210009337],[101.8898044000531,36.53325760015815],[101.88136240015473,36.53325760015815],[101.89154850026313,36.524261800441764],[101.88879790040284,36.51763030039808],[101.89567440005357,36.50144890044646],[101.89645420040108,36.49404019999531],[101.89431030028021,36.4905932002161],[101.88251910007648,36.48357549980955],[101.874556199609,36.474710199815945],[101.87164670033502,36.469045700298864],[101.86674649955137,36.46670589995739],[101.86598079967422,36.464365999791085],[101.86766530001364,36.4625186996783],[101.86613400008412,36.456606900088445],[101.86873720016172,36.454143600346924],[101.86827780038027,36.451187500003186],[101.86046810032263,36.44970940036859],[101.85204580007365,36.43578920001164],[101.85219889975946,36.42876650027381],[101.84944250017128,36.424207600300576],[101.84974880026698,36.41114549976504],[101.84668609968384,36.40646229999521],[101.83979520008847,36.40473690028779],[101.8416328001137,36.39968359981833],[101.8374982002818,36.397588200135374],[101.8414795997038,36.39598579980486],[101.84515479975425,36.39721839980933],[101.8414795997038,36.39006899998441],[101.8446953999728,36.39142499956415],[101.8446953999728,36.387480299676156],[101.85245899988297,36.38599579956656],[101.85873930027856,36.37989369983444],[101.8589559001947,36.3722217003712],[101.85434820030923,36.368095000184155],[101.85174939971506,36.35850339961223],[101.82641169984015,36.325010999957726],[101.82684479984772,36.31593760043995],[101.82467919998516,36.30982989973012],[101.81883199959714,36.305117999895856],[101.81016950032222,36.303198200036945],[101.81666639973463,36.299358499595144],[101.81721840000921,36.29321050026442]]]}},{"type":"Feature","properties":{"shapeName":"Minhe Hui and Tu Autonomous County","shapeISO":"","shapeID":"62558664B64602993630593","shapeGroup":"CHN","shapeType":"ADM3"},"geometry":{"type":"Polygon","coordinates":[[[103.07047449999823,36.20594680000488],[103.06706450012666,36.214106400190246],[103.06196580008168,36.21915120026773],[103.05709480028486,36.22040869980168],[103.0540448997524,36.21864010026047],[103.05119970020604,36.2194546000498],[103.04556339983111,36.226693799879],[103.03782499982395,36.22823510026973],[103.03248960001508,36.232615699754774],[103.02812760030855,36.23394490043688],[103.0211744001785,36.23352640002338],[103.02025270030191,36.2359796003783],[103.02482419977707,36.25200019974949],[103.02131469981362,36.25755430029079],[103.01147329995291,36.25856830028687],[103.00952630009874,36.26190929967447],[103.0067847995789,36.26317240018619],[103.00027660018503,36.26247789963543],[102.99203249970014,36.263853199565574],[102.98174509995647,36.27399740025987],[102.97396350011547,36.276970200114704],[102.97148480038328,36.28250350023637],[102.96892969964597,36.284167100331445],[102.96337879979183,36.28347280032955],[102.9555021002418,36.2872267000522],[102.94005829995064,36.28991440042927],[102.93243279993385,36.294831500373505],[102.92186560041716,36.29889799994277],[102.91245540029655,36.3171807998541],[102.90213790024399,36.323092999642256],[102.89482359982935,36.33266410016813],[102.88558069968963,36.331904700041946],[102.87246710037647,36.33596649975419],[102.87068829982525,36.33167510042557],[102.86510500009575,36.333126799562194],[102.85796089997564,36.3307952999632],[102.85280870016146,36.33530609969682],[102.8473997996611,36.33566109987993],[102.84534010036538,36.33248910019188],[102.8438995995869,36.332620500136045],[102.84042870032431,36.33800229956654],[102.83730370010574,36.3396205999108],[102.83336889995485,36.350176699994734],[102.82862090043426,36.35686159998289],[102.82782079969019,36.36655700030536],[102.8305634000809,36.368887599683035],[102.81753809980353,36.38193740019091],[102.81937839959352,36.39082649984317],[102.82440149992937,36.39761039990009],[102.818326799842,36.40204230031196],[102.80677369964656,36.40324639990149],[102.80452439988119,36.419391799991615],[102.7941265004377,36.426183900066974],[102.77453680033312,36.419645899838486],[102.7718710002465,36.411064499627],[102.76742779985312,36.40748869984367],[102.7567643000325,36.40999179998164],[102.74521210005844,36.40462789975783],[102.73588149983141,36.41535530000715],[102.74832230013408,36.4285836995781],[102.75232109963912,36.43680570012299],[102.72743949993304,36.43501840007917],[102.72077479961735,36.41392510006335],[102.72610660033939,36.40927669956011],[102.73143840016212,36.3996213001829],[102.71766460044103,36.38746100022502],[102.71322149987236,36.371363599650465],[102.70611239956764,36.36563929971396],[102.69944770015132,36.363134700406135],[102.67456610044525,36.36599699966183],[102.66345829956094,36.369216999764774],[102.64924019967555,36.35991449975444],[102.60703030000838,36.34917950023379],[102.58970209987206,36.34989519960385],[102.54038319972494,36.33414789970584],[102.53993889956064,36.32555709978038],[102.52927529991524,36.31839740002005],[102.53060830023293,36.30873079958678],[102.5252765004102,36.304434200378125],[102.52349919992821,36.29440770025519],[102.51105839962548,36.28473809968358],[102.50617099979189,36.27363450043191],[102.50972550003183,36.25679700008152],[102.48439960016145,36.23601369997232],[102.4857324997551,36.2241863002576],[102.47329170035175,36.204111500445435],[102.46304700041878,36.19963530032891],[102.44476230024003,36.20079799962804],[102.4536769999936,36.178143599747386],[102.448720599676,36.17058550032061],[102.44945610031886,36.169620200412],[102.46687249966618,36.1743394998681],[102.4735008997468,36.17013390035925],[102.48919179956198,36.1687701000601],[102.49389179956694,36.163687100379434],[102.50493210003646,36.168664200392584],[102.51678430035525,36.17119520019838],[102.5268358996571,36.168652400388],[102.53447259983068,36.156821200138324],[102.5522313998593,36.15844909984611],[102.57366470026574,36.13498370033756],[102.59348609990366,36.13045229983385],[102.59843990028122,36.12477119973113],[102.60165469960475,36.11766530011357],[102.61202260036276,36.10964179972933],[102.61956290040757,36.10862650021289],[102.62490390029484,36.11598699970034],[102.63334669969049,36.116654599730055],[102.63826109986991,36.113025099628715],[102.63938039968576,36.106587700262196],[102.63603049970783,36.07845330037958],[102.64305420039108,36.06643530014901],[102.6468656998922,36.06421409970102],[102.64172659960298,36.05865449980536],[102.64207089965237,36.0535363995852],[102.66358320010465,36.04000140044434],[102.66894269994572,36.03946769957474],[102.68965350030885,36.01036880018006],[102.69649059976143,36.00551020023562],[102.69897250018079,36.00054269958599],[102.69339459998088,35.994322400158694],[102.69523410027358,35.98920539980941],[102.69163750007061,35.986863000427206],[102.69150949956384,35.9846624996747],[102.68800620042589,35.98437110044597],[102.68701380034668,35.98080730031671],[102.68192729960526,35.979753199550544],[102.67740540043894,35.97626290011283],[102.66914919957594,35.96619909970872],[102.66831679968061,35.96118060030449],[102.66035170037071,35.958106400090344],[102.66359509993396,35.95365379998293],[102.65677920019999,35.95077449994329],[102.66042710043041,35.93651170015488],[102.65941339990854,35.93350829996814],[102.66154249988654,35.930761700292294],[102.66079189962653,35.92837319986336],[102.66536330017624,35.921967399975586],[102.67276539960358,35.91880999988166],[102.6737769003837,35.91677150030455],[102.67974200009331,35.913494899570026],[102.68239839956652,35.9093760999271],[102.68337069979799,35.90233149989888],[102.69054700014402,35.90217349980725],[102.69219150043745,35.897893600109626],[102.690567000167,35.89512469994497],[102.68334089986269,35.89900489955653],[102.66794619985728,35.89792430026631],[102.66847310005357,35.89037489998168],[102.6580485995633,35.8792357001675],[102.6667263999035,35.880638399742395],[102.6774010000562,35.87810660043931],[102.68217349980722,35.873065900371046],[102.67903409964407,35.8647123002325],[102.66894169989956,35.85460870033131],[102.66930430025332,35.851651699766194],[102.67701920007607,35.8460273999446],[102.68317109976653,35.84754920033538],[102.69489359985982,35.84201540019063],[102.69737760019615,35.83982840006064],[102.69908879960849,35.83440409956961],[102.70438360042289,35.83182100023902],[102.70410250023025,35.82737619995174],[102.70646529983378,35.823524300206316],[102.7135271002955,35.817044799977566],[102.72245150013669,35.817634999855386],[102.73038659986173,35.82146769997445],[102.73821870023289,35.82117190036297],[102.74152319973592,35.82757449956358],[102.74695189971044,35.83290580026255],[102.75081429994003,35.83434179993418],[102.75349650006348,35.83994309959445],[102.75932340005494,35.84180519985017],[102.76885920039183,35.85008359957851],[102.76962290017678,35.855813399768635],[102.7755968995773,35.85984030038958],[102.78379370021918,35.86262270027743],[102.79608039989063,35.85718039985562],[102.80967160036414,35.854727300224795],[102.81612179978129,35.850380199586596],[102.8274300001944,35.85728469962925],[102.8481151995569,35.85467600019729],[102.86015300016089,35.8450927003679],[102.87699289990246,35.84692070013028],[102.88442160037664,35.84950009964996],[102.89296170012244,35.84636240010474],[102.90439869964035,35.8456492997754],[102.90769240008427,35.84746689977766],[102.91196249986956,35.847179900032415],[102.91987349956241,35.83462540024209],[102.92295470009941,35.83309150037252],[102.93354630002182,35.83502560035123],[102.93937539975497,35.830404200193755],[102.9440413001659,35.829810799628774],[102.9485412999411,35.837489999963566],[102.94582009981781,35.847798200126874],[102.94708990027874,35.85295850013472],[102.95373890023012,35.86088370012271],[102.95417419997938,35.86407309989369],[102.95177269985027,35.87002800039198],[102.94916970032148,35.87218419964114],[102.94570009967993,35.88589359980983],[102.94838970032447,35.897565399723476],[102.94669990028024,35.90414640013631],[102.94888009973687,35.90817040044368],[102.94530970038244,35.91324200031812],[102.94601759993236,35.92227720023266],[102.94010230018108,35.92798379971265],[102.94228659964693,35.94510660008956],[102.94416509993948,35.9498819003295],[102.9489747003222,35.954564500251536],[102.94724330033807,35.96580360035591],[102.9686508000944,35.994205300334386],[102.96462589956565,35.997933299582144],[102.96096639987951,36.00873900020474],[102.95245090018898,36.01526409965851],[102.95151850017868,36.02763209984158],[102.97140909995005,36.03448329976453],[102.96665190036498,36.04062269977783],[102.9272077001753,36.050319799818965],[102.91321059968948,36.06401770035666],[102.88902279996233,36.068252599777736],[102.8796233998001,36.0879402000802],[102.93271640024176,36.10762790020749],[102.94065090011901,36.145587899761836],[102.95908359992825,36.15471649966679],[102.9883446003231,36.19202370023362],[103.00046669977843,36.19057870014694],[103.0182299001898,36.20151210000347],[103.05225079993454,36.197624900069115],[103.07047449999823,36.20594680000488]]]}},{"type":"Feature","properties":{"shapeName":"Menyuan Hui Autonomous County","shapeISO":"","shapeID":"62558664B97521136425540","shapeGroup":"CHN","shapeType":"ADM3"},"geometry":{"type":"Polygon","coordinates":[[[101.03088000011195,37.40927499964158],[101.08787999996207,37.393519999748264],[101.11367999993212,37.401805999647195],[101.12987999966231,37.38199199963111],[101.18128000027184,37.374248999591714],[101.24600999956186,37.368068999684624],[101.28362999962485,37.381854999608606],[101.34788000016192,37.34721400022596],[101.4209700000655,37.34682100008911],[101.52971000001656,37.32646600030574],[101.54385999963932,37.279162999772666],[101.56571999957839,37.27924299986461],[101.60043999990614,37.25888099975839],[101.68503999999604,37.245952999831104],[101.76235000025235,37.21812399982281],[101.79829000018344,37.21828500005279],[101.82021000019142,37.1924060000369],[101.91089999963532,37.15085999968926],[101.96252010032242,37.12737920018998],[101.96160010016456,37.12092379999342],[101.99666000015895,37.10119199981102],[102.02269099998972,37.099352600242355],[102.0417300002394,37.09430639992047],[102.11613999986116,37.06104300003449],[102.16172000007799,37.055252000079804],[102.19208950033021,37.07637610007703],[102.23430099989127,37.0754262999838],[102.24718160015078,37.083060099843806],[102.25932619974441,37.08584909985615],[102.28011919994117,37.08496840007166],[102.28776860034071,37.08088999977372],[102.30151550044008,37.090108899706024],[102.30256839971196,37.095148300253925],[102.30888620003816,37.10039740021989],[102.3384498996432,37.09465599967467],[102.34949049958692,37.09641719959416],[102.36623529961946,37.10434239958215],[102.38139000024836,37.106075000161184],[102.40471650036625,37.10404719981847],[102.41980519975021,37.100084699649244],[102.4282695999621,37.09597529972035],[102.43448819967074,37.09533960044229],[102.44078220033833,37.09142530033739],[102.44795849978499,37.092012400252145],[102.47189509997895,37.08542059988082],[102.4772159001937,37.08144359994225],[102.48847999965233,37.077101600258686],[102.49094340011789,37.085257899932174],[102.49768360031794,37.08992309977128],[102.50079950029675,37.088467100076684],[102.50765359963395,37.09123619989077],[102.53008609989365,37.08609859967066],[102.54155440031536,37.09285350018894],[102.56145349957939,37.09340679998388],[102.58240309962343,37.10236089993566],[102.60732630016867,37.10477029970963],[102.63413760037002,37.10115619959896],[102.6413123997475,37.106878399618495],[102.63715860028924,37.115611500170644],[102.62696270026845,37.126752299878774],[102.62809559963227,37.13548309996514],[102.6186549997285,37.140901699653796],[102.59939619977484,37.17400710034747],[102.58013739982118,37.168891799716846],[102.56616529958899,37.18092729985506],[102.55483660002915,37.1953674000855],[102.542752700177,37.201082499957465],[102.53520019992936,37.212511500005746],[102.51254279991036,37.22033030030315],[102.49366160010283,37.22183380038962],[102.48384340005293,37.226644899942244],[102.47553570041231,37.24107620030645],[102.45287830039331,37.25129680020723],[102.44683629965556,37.274438200062946],[102.41171729981357,37.29396759972502],[102.42417889963656,37.309587499863255],[102.40680820023829,37.31709590005579],[102.36224859959327,37.33000859981706],[102.29880780003998,37.36543210021131],[102.29314350017245,37.37803639995997],[102.29880780003998,37.39603890007521],[102.26331120005187,37.39453880032545],[102.23838810023068,37.41373710018706],[102.20780049999314,37.417936099571364],[102.18891940001038,37.42303450014214],[102.17947880010661,37.43263060002221],[102.17570250007037,37.4464228996971],[102.1689052999397,37.460812100098394],[102.11943659971934,37.487484699659205],[102.10017779976573,37.48269029961767],[102.093380599635,37.490780699669585],[102.09677919970039,37.49797130013542],[102.10319879968489,37.49946929996827],[102.10470930009416,37.50695870018393],[102.11226180034186,37.51714309967434],[102.11150650022489,37.52852400038239],[102.12208000039175,37.543795600286785],[102.12019189983636,37.55636989955127],[102.10999599981562,37.567445500209715],[102.10961839966944,37.57552670019709],[102.10206590032112,37.583008400417384],[102.08582810028668,37.581212900355126],[102.07072319961605,37.58360690013836],[102.06229699990666,37.59049819993203],[102.06229699990666,37.59887609975226],[102.05889839984133,37.606056299558645],[102.05096830034682,37.61263760034501],[102.03850669962452,37.61622720022518],[102.03208709964002,37.622209399644134],[102.03138409959655,37.63054349978273],[102.04426519987913,37.639287099919784],[102.04904970018356,37.64890379967068],[102.04350719999735,37.65774260024085],[102.0369045996676,37.65502290018674],[102.02586360042488,37.66696820012237],[102.03028000012199,37.68240690035822],[102.02631459963914,37.69030200003732],[102.01174120009637,37.69647970037795],[102.00861839961948,37.70842190035046],[101.99977030005937,37.71130419962918],[101.99144260039577,37.72530239998582],[101.97738980039901,37.72859570023144],[101.96802120021829,37.723655699950655],[101.94824300041421,37.72694910002099],[101.92482160023673,37.723244000210514],[101.91441199971405,37.70842190035046],[101.88838819985563,37.696067899913714],[101.86444629995685,37.68247609959235],[101.86288479989366,37.66846979994136],[101.85455720005478,37.65734519972125],[101.83790189965299,37.65734519972125],[101.8077142998751,37.64580689966874],[101.80250949961379,37.65610909955535],[101.7999070999328,37.67876880004013],[101.7863746998326,37.68288799988136],[101.78117000029533,37.690713799602236],[101.64584600019282,37.72530239998582],[101.64584600019282,37.73477029970962],[101.6562554999914,37.750410199870885],[101.64064119993151,37.76357810024916],[101.62919069979102,37.77057259994558],[101.61617880031145,37.785382299953255],[101.60576929961354,37.803890200172646],[101.59119590007077,37.808413700132235],[101.58442969957105,37.82074900006637],[101.57089730037018,37.82198239956813],[101.55476249968967,37.8318489004065],[101.54341370028209,37.833822899707116],[101.4988260003197,37.8563633995513],[101.47525050041031,37.8530397004219],[101.46205649990759,37.85478579982487],[101.44233310029239,37.86820339966721],[101.43790019983442,37.8674175001176],[101.43559819979714,37.864654700054416],[101.43584540004525,37.8603084996376],[101.41948299984062,37.84764279957557],[101.4077863003975,37.84322100034893],[101.40312009961298,37.839781699665764],[101.4010668997177,37.8314283999008],[101.38781480031287,37.827300599842886],[101.38090880020104,37.82214039965976],[101.37362939977703,37.807050999703904],[101.37521590009379,37.80103340027125],[101.36457689960429,37.79587139964542],[101.36078170031527,37.79112700011103],[101.35338010001169,37.79169519987363],[101.34915670022161,37.79405920007207],[101.34599110010925,37.80005909994753],[101.34051599961373,37.80094399956596],[101.33728070024421,37.80399180018151],[101.32906810031261,37.80526989958622],[101.31799360042436,37.81097199975801],[101.31040320004769,37.810676999643874],[101.30779010023298,37.81529729993048],[101.3028126998463,37.81873780030929],[101.30097509982107,37.82505480023889],[101.28263050029739,37.82859760029908],[101.28025339967473,37.83487489965694],[101.27773360002567,37.83659460036057],[101.2603838997972,37.832829499581806],[101.25510470042167,37.833385400216116],[101.24041069999384,37.841793500169956],[101.23363569962788,37.84380849956267],[101.22606880033493,37.84304419992992],[101.21823789965941,37.845754000246984],[101.19905659968236,37.84776889981492],[101.19166559968772,37.85457749975188],[101.1849785997826,37.856314300164854],[101.18189900003887,37.859787800266815],[101.17024910041573,37.86167420020422],[101.1700313997294,37.86589829966687],[101.16679610035982,37.869410100096104],[101.15796139979881,37.86783839992228],[101.13068449988981,37.8561738998057],[101.12572789992271,37.84345389957787],[101.10920579990778,37.831384100196146],[101.10590140022947,37.82029130000353],[101.09061850034357,37.805933299782],[101.10590140022947,37.792878199569316],[101.10920579990778,37.77949430002201],[101.13068449988981,37.776556099784216],[101.13192370001877,37.75990380042009],[101.15835899996796,37.757617900046114],[101.17818549966114,37.7461873999286],[101.19388150043096,37.74292119985353],[101.192642300302,37.7386748997269],[101.17198969956502,37.72626130031881],[101.16496780022385,37.7037154998705],[101.14224999993763,37.69096919986873],[101.15216319987184,37.66906669976845],[101.14968490033795,37.651736100240896],[101.15919919968337,37.63936330037609],[101.1795733001677,37.62670540013414],[101.18817809983949,37.624122399729],[101.18933789972436,37.601683900091984],[101.19966419964317,37.584664900364885],[101.17901159980556,37.58793809986349],[101.16579390036827,37.59448399973684],[101.15362850035507,37.59612730033467],[101.1381195001149,37.59252030037163],[101.12985600035421,37.59273819980814],[101.12311890011722,37.60513220029088],[101.10475369982345,37.60584100006213],[101.09761440028439,37.59933219992115],[101.06838219977874,37.597662300075115],[101.05604780006598,37.6082827997115],[101.04105230012362,37.61379109957966],[101.02535630025312,37.61575419999639],[101.01007340036722,37.62524209974316],[101.00594289964516,37.62131620018255],[101.0042907002557,37.60495630009325],[100.95720279956959,37.57549929965302],[100.95637670032454,37.564040700218186],[100.95018090022842,37.54635819957133],[100.94109369971454,37.54406569997212],[100.9369631998918,37.536860300262674],[100.9390285001652,37.521464600211175],[100.92787610010203,37.51786089986069],[100.9216803000059,37.49459639990397],[100.94026759957012,37.471652500162804],[100.96463769996996,37.464768000143124],[100.95596360033994,37.45919429977715],[100.95348529990673,37.451652800036754],[100.96752910038771,37.4447663997496],[100.97661620017755,37.43131969964446],[100.99647709983833,37.43178359963349],[101.01049649991359,37.41461899966714],[101.03088000011195,37.40927499964158]]]}},{"type":"Feature","properties":{"shapeName":"Jigzhi County","shapeISO":"","shapeID":"62558664B58039618045538","shapeGroup":"CHN","shapeType":"ADM3"},"geometry":{"type":"Polygon","coordinates":[[[101.13098140027148,33.0540085001922],[101.14434810028467,33.05548859991899],[101.14540099955656,33.0852547000444],[101.16432189993577,33.10310749991123],[101.15213010032392,33.13664630008674],[101.15671150043545,33.160830800201325],[101.23238370034755,33.18041609992315],[101.31140139985479,33.189331100050254],[101.3366013002099,33.212722800117206],[101.3660431003089,33.16746519965926],[101.38783259969478,33.15128710021958],[101.38894649998105,33.20946880024496],[101.4084777999106,33.226581600160785],[101.49114989994797,33.22245029994144],[101.5936127003659,33.13357159984952],[101.60967450037793,33.11442059983085],[101.61946160007284,33.11020790017449],[101.63179639998395,33.102480899973614],[101.63811559965524,33.114233700025295],[101.64651189960455,33.12261769994694],[101.66220860004694,33.16113279973899],[101.68226620032493,33.18368530013652],[101.68103029980853,33.19976810021768],[101.7074386003112,33.21428099966846],[101.71936519974423,33.23216510043909],[101.72729919959846,33.250768999689626],[101.72410729971216,33.2558109003528],[101.7379387999357,33.26885910006746],[101.73391350010803,33.28299090011001],[101.7159503003661,33.29020649993009],[101.7077169998397,33.30016079978111],[101.67664770023123,33.29907630013122],[101.65023040021288,33.32101060025906],[101.64927540023962,33.332885600190366],[101.66168829997514,33.38294770007633],[101.66984530022052,33.39123920022894],[101.69490880040087,33.43630670019411],[101.72978179969039,33.44600259964034],[101.74325860010435,33.44452290011179],[101.75712539961756,33.44710379970064],[101.77427670040947,33.45474669980041],[101.76595650019237,33.457838800120555],[101.77375879972891,33.4915630000325],[101.77304949993453,33.51965660037189],[101.77730330040703,33.525547200243125],[101.77482280023213,33.53887319963849],[101.76713789999417,33.5397658001516],[101.75943439997764,33.53717469955279],[101.75904880036188,33.52656599992099],[101.7519140999558,33.518046000022935],[101.74921449974943,33.509846700165156],[101.74632210018484,33.50743499992535],[101.74073010041388,33.506791800301414],[101.73365780036727,33.49817490025151],[101.7168193997955,33.4966617999022],[101.69772949971667,33.50309369991436],[101.68885940004134,33.49971700013947],[101.68114619993725,33.5027720996527],[101.67362599974018,33.498269900135824],[101.66282759981397,33.50261129997159],[101.64875109998331,33.50518400044132],[101.6448946002057,33.50084259970629],[101.64296629995482,33.49505380039261],[101.62908270020648,33.49376740024536],[101.62721249975709,33.49878550035061],[101.6229121998382,33.50100340028672],[101.6142349004204,33.52736969975189],[101.61828430028027,33.53267419975458],[101.61365639982307,33.540228399720945],[101.6165489001117,33.54488920007657],[101.61442779960333,33.550996100389796],[101.61712729998499,33.559834300212856],[101.60999270030294,33.565940099755835],[101.60999270030294,33.576383299849454],[101.61288509986753,33.58521879990775],[101.6088357000076,33.59373219968131],[101.61621359957803,33.60248449985983],[101.61057120000095,33.61300469990704],[101.61134249995649,33.61717989963273],[101.60324370023665,33.63163069999683],[101.58743180023743,33.63853419999339],[101.58407580015813,33.64627770005586],[101.58666050028194,33.65587060014815],[101.58738560026529,33.668452499583225],[101.58396090007551,33.6743268999665],[101.57836890030455,33.677375799553545],[101.57219839993627,33.67609200024566],[101.56718489986332,33.6696730001089],[101.5575103997852,33.66910170038324],[101.55387979981299,33.68427549991446],[101.55017090036682,33.69154360035691],[101.54038179968035,33.69678999965879],[101.52630539967453,33.69310000036478],[101.51834109986191,33.69595370030305],[101.50972209989504,33.69582740041426],[101.50193730026626,33.70472579995578],[101.48176210014088,33.6977525998027],[101.47327760008125,33.690532999798165],[101.46551140023098,33.68683099995076],[101.4543621999556,33.68676859959123],[101.44286690008744,33.683771099856415],[101.4321289004285,33.69335489970888],[101.42612539966751,33.68006690026726],[101.42602860023976,33.674590799725706],[101.42757699987868,33.672094199887454],[101.42564149965557,33.66009359973987],[101.4226415996302,33.65936870030532],[101.42157710000322,33.65654950015937],[101.41364189955408,33.65252189986586],[101.3916991997583,33.64687910009047],[101.38519110018916,33.64631899962217],[101.33448279964153,33.660979600128485],[101.31738400037136,33.65779829965186],[101.27333070005182,33.66736909980415],[101.2406082001084,33.68231960036934],[101.19174959996411,33.66891100004267],[101.17366029998294,33.65493389957987],[101.16467289993443,33.66455840005017],[101.16665650039721,33.72019580019605],[101.18546299981767,33.74584199990841],[101.18248579958004,33.76827069963315],[101.19085700035032,33.793166200160044],[101.1900224996387,33.79602180036585],[101.18747580036796,33.79536379969966],[101.18119049974183,33.79848350021342],[101.1604641995632,33.81465250031272],[101.16025829978076,33.81946090010052],[101.14913039994804,33.82619579969645],[101.1476817000505,33.83116550008782],[101.15448290036562,33.838078700171934],[101.154661899627,33.84305880032343],[101.15126130036879,33.84670080010187],[101.14658090018844,33.84717440017846],[101.13836360039988,33.845217399863145],[101.12494839994878,33.85268010010657],[101.11684860018283,33.850998400256],[101.11017800031453,33.85277769993098],[101.10953929999874,33.86089270003811],[101.1052051999601,33.8624542001013],[101.09357960001859,33.858167899928674],[101.07356540012319,33.85930140003961],[101.0508360003812,33.86553310017251],[101.04800050002314,33.86802390028282],[101.04774740022242,33.8819989997541],[101.04369750033942,33.88620160002387],[101.0088577004226,33.88999940015225],[100.98837279986486,33.90332410002725],[100.9648438003012,33.949024200206736],[100.93681339981862,33.968242599916096],[100.92720790022446,33.99725719956018],[100.90543370010522,34.028320300141786],[100.87145290023125,34.04879639993396],[100.86328490037789,34.038184100316016],[100.86401510041662,34.023885799789866],[100.87232220020945,34.01026619962545],[100.86985750022353,34.00617989968265],[100.87232220020945,34.00042849957566],[100.86584090043726,33.99157360024151],[100.8644715998845,33.97446650022886],[100.86091139974138,33.96719879998466],[100.8651105996745,33.96144470011285],[100.85999859955581,33.957734600071774],[100.85826409960856,33.95266140030344],[100.84703590018671,33.94667919998517],[100.85077859975263,33.93562229982933],[100.85579939962264,33.93183540038348],[100.85269569984672,33.92168559961078],[100.84959190024608,33.91804950028427],[100.8487704001339,33.91024660000062],[100.83102459980552,33.90178550030066],[100.8138563000283,33.880111300296335],[100.80063420020821,33.89264499966703],[100.79701180025444,33.90207200002283],[100.7939438997912,33.905184100366],[100.79308489974841,33.9104595001059],[100.78321169986015,33.92138109995784],[100.77580939988394,33.92380439965336],[100.76953690020781,33.9304322997109],[100.7601200999627,33.93136180030689],[100.74642900009832,33.922124100047256],[100.73819440005155,33.92297819968422],[100.73336819998252,33.920117600147194],[100.72664139968089,33.91983850004681],[100.71555580035994,33.926223600238984],[100.7090964998037,33.927817000154505],[100.6932673004456,33.9259610000002],[100.67585419981151,33.92781269959647],[100.67311310038934,33.92584159971011],[100.67217019989488,33.920512999675225],[100.66856910038376,33.91956230026],[100.65896559998254,33.921383799722605],[100.65630959980825,33.912577999774896],[100.65328699999509,33.908536600283924],[100.64592470006494,33.905694599626145],[100.64110899958075,33.900283299734554],[100.63837829991866,33.899483299714575],[100.62997589986793,33.904918599813584],[100.62590049970834,33.90304049971934],[100.62174949983961,33.895947199603654],[100.6235125002018,33.889225100058354],[100.61860129981022,33.88419119976413],[100.60453469971668,33.8825156998397],[100.59991109981746,33.88365289976156],[100.59095079993955,33.881309699982694],[100.58793070024166,33.8751149997575],[100.59571309957994,33.867553699643565],[100.59621479987317,33.864776100336826],[100.59399210025526,33.86044000020587],[100.59181530023596,33.860956399917995],[100.58422039965177,33.86939450035595],[100.58212969982583,33.86939450035595],[100.57789380035865,33.866463500090504],[100.57530889968604,33.86131209977361],[100.56804630039653,33.85471449967446],[100.56118800032601,33.8548533999645],[100.55447939960465,33.857141300430726],[100.55145479969929,33.851833499916154],[100.54675700033533,33.851136799623646],[100.54125259992759,33.84670609980674],[100.54248879991826,33.84100420018376],[100.53837980018767,33.83732469957528],[100.51643720021667,33.839038499826984],[100.50858059961502,33.83584800018514],[100.50226919976382,33.82819640004385],[100.49233120012485,33.82791400033091],[100.48890549988897,33.82976369983493],[100.48113839981738,33.82829969977138],[100.47748119969765,33.82540639998541],[100.4748464001413,33.81980739989166],[100.46916220007552,33.82209049977678],[100.46620580025751,33.8253771998979],[100.4599235995945,33.8189350997751],[100.4597538003976,33.81583249987],[100.44899340042514,33.81259490003464],[100.44555659985724,33.806733100052554],[100.43986459997137,33.80316669998325],[100.45002610002456,33.79129510038865],[100.45530010041938,33.776855600006],[100.44894020013021,33.755707499801304],[100.46181499976251,33.75029069965609],[100.45436940012775,33.74422869979469],[100.45467959968386,33.7281041001242],[100.46336619989029,33.722556499882614],[100.46631339964375,33.71042809977706],[100.48011889956763,33.708621600106824],[100.49423469977165,33.69636210043063],[100.50338660021151,33.693909999946584],[100.50602360040887,33.68242280027209],[100.51284880003215,33.67429059973142],[100.52680939973408,33.66615759969352],[100.54154559994953,33.65040569976327],[100.53797790035986,33.64123730036118],[100.54185590022968,33.63284279995531],[100.53828819974069,33.62987229966694],[100.54077010016005,33.623543399908044],[100.53828819974069,33.612434400227414],[100.52975670021158,33.611530200258585],[100.52231099985283,33.606620999959205],[100.51936380009937,33.601065599897595],[100.51440000015992,33.59951520016642],[100.50741969985933,33.594476199816825],[100.484857699923,33.58972599965523],[100.4584217003013,33.596552499698134],[100.44996219959592,33.61746890036949],[100.42749159955775,33.63551899980206],[100.37620590008225,33.646523300410024],[100.36140170032826,33.64058119996247],[100.36140170032826,33.613506199651454],[100.35188480014347,33.58972599965523],[100.3524134998832,33.57320820019834],[100.37435530035691,33.55117940020921],[100.36378089996862,33.53972229994423],[100.355850199727,33.51856659956894],[100.35214910010097,33.490350999898794],[100.36298790027143,33.471608999855505],[100.37012559991655,33.443157499918755],[100.38625150000678,33.426611600245224],[100.38757330016773,33.41888910025182],[100.40660720036209,33.39417259988562],[100.43559719995085,33.36813469955678],[100.4345825002822,33.363473400077396],[100.43788050038484,33.35573929972895],[100.44623990025127,33.35542590038506],[100.44764760005677,33.3317910002545],[100.46050699969834,33.32547729993752],[100.46895780036226,33.32617379968116],[100.47098730042364,33.31515049999564],[100.47593439995268,33.31271240015718],[100.4776917004117,33.30575519984262],[100.49483449991232,33.30889619989978],[100.50874879981734,33.300892099690714],[100.51443979965711,33.27974959956441],[100.53530660001962,33.266532900173274],[100.5397329003531,33.23268910032175],[100.5624967000627,33.21946529988372],[100.59221610019296,33.17237239986639],[100.60612730013486,33.13902170009146],[100.62383249967019,33.119428800199046],[100.64912560036623,33.118899200237934],[100.660507500221,33.13637430013392],[100.67505100000369,33.13637430013392],[100.70034409980042,33.16072760029857],[100.71615229998872,33.15702210028974],[100.73575439994568,33.12949059961153],[100.72690180017798,33.115721599572225],[100.73006349993062,33.10565830009051],[100.75788589981448,33.107777000308374],[100.76990010040936,33.11519199961117],[100.78191430010492,33.10089100021952],[100.82111859984354,33.10089100021952],[100.83819150043746,33.0744016995788],[100.86411690007492,33.07016270014856],[100.9033211998136,33.03200209961727],[100.9311435996974,33.029881599856026],[100.93746690027729,33.0447240999373],[100.97034790033541,33.051084500249544],[101.01461090007302,33.03836340015084],[101.03168369994285,33.04366399979381],[101.0455948998848,33.05373450014713],[101.05887379998592,33.05850430013339],[101.07278499992788,33.052674499828356],[101.11135699982572,33.06115399965739],[101.13098140027148,33.0540085001922]]]}},{"type":"Feature","properties":{"shapeName":"Madoi County","shapeISO":"","shapeID":"62558664B21734541460469","shapeGroup":"CHN","shapeType":"ADM3"},"geometry":{"type":"Polygon","coordinates":[[[98.41852539962753,34.10653899967514],[98.4563417999342,34.12031180024945],[98.4821042001488,34.0963146999635],[98.51591729984358,34.11497970005314],[98.53845939958171,34.10964719965858],[98.5481203001118,34.088980900448234],[98.59561969998924,34.09898140027144],[98.61494150015017,34.0396279996325],[98.67854239971206,34.05163539955407],[98.8403624004045,34.176278399928265],[98.92811559985512,34.198255200217375],[98.95226779991907,34.211571600249215],[99.01828389988214,34.2162318996825],[99.0439468000049,34.224530599807395],[99.04040259970026,34.22664079963323],[99.04007149989985,34.22906439970234],[99.04692400024248,34.24355499956363],[99.03631450021408,34.2686096998778],[99.03622189972094,34.28748650020185],[99.04290640041012,34.2915339997943],[99.04308789978683,34.294682799671534],[99.05040530016453,34.3036279999323],[99.0446825002972,34.32981749987778],[99.05248660027644,34.336073700241116],[99.05958150028607,34.346588400034705],[99.0644458999584,34.34688090003357],[99.06537600040218,34.34995279978193],[99.06099099963501,34.35318910009693],[99.06059229959499,34.35757710010313],[99.06298420036063,34.36377479956741],[99.05640660028445,34.366078199849085],[99.05305480003904,34.3721200998628],[99.05693809961366,34.374359099692754],[99.06177120018083,34.39648200024419],[99.05584759968701,34.40537629977649],[99.03839819971722,34.40887149962009],[99.02204770024122,34.41773249995498],[99.01432630011874,34.44185549993142],[98.99681950001997,34.432010900282876],[98.98010840028252,34.432010900282876],[98.97294649988112,34.44382420042655],[98.9580259998001,34.453339399993354],[98.94569160008734,34.44890999969675],[98.93295939965662,34.44989440030639],[98.92142080012991,34.45940880037591],[98.90789280041247,34.46072100027402],[98.89058489977339,34.47121829998463],[98.87981109990238,34.48674919961593],[98.91406000026888,34.51089910011342],[98.91744199974858,34.52335690030077],[98.90860420012382,34.53413239989038],[98.86847730028722,34.569763899984025],[98.80785810027118,34.634758899803444],[98.81717560007394,34.6453778004452],[98.82155230009863,34.6543788998664],[98.83050470033169,34.65814280005026],[98.85039880026449,34.67565050037035],[98.86591620017253,34.67646850032111],[98.89734889963205,34.66648799962155],[98.9186355997532,34.66828790006656],[98.95709829964687,34.68165419988145],[98.98050629992588,34.68808369960311],[99.00888720038404,34.68726209966621],[99.01532099976441,34.68154010019549],[99.02407439981374,34.66910599984209],[99.02745640019276,34.65568809962616],[99.05670080000198,34.61018210012389],[99.05858419980103,34.59635889974351],[99.07201919972636,34.573988600193786],[99.08389530042786,34.557881100232635],[99.09171440019946,34.5654703000144],[99.10862440029592,34.56956570019696],[99.14940729980708,34.56956570019696],[99.16074699987422,34.57513529965439],[99.16910250028025,34.58922129992311],[99.17825379997294,34.59347940005432],[99.18302839964099,34.5992110996126],[99.192975399695,34.598228500345044],[99.2001373000964,34.601176200121586],[99.20928859978909,34.608872199792245],[99.22193989990649,34.60736020021312],[99.23173070031163,34.61535220004407],[99.23318319984486,34.6271558999249],[99.24339800001775,34.631175599674236],[99.24734520002102,34.63716530033838],[99.30451469959377,34.65765379998294],[99.30637190034298,34.661579200419794],[99.30239309996165,34.668451500236586],[99.28011699989969,34.68932460035006],[99.2735465997958,34.71441610002307],[99.28011170019488,34.734200899951645],[99.2785200998228,34.738941999873475],[99.26573739976124,34.7419871996496],[99.26976669977341,34.746952200183955],[99.26399739956042,34.75071179980978],[99.24947470019731,34.75250979998731],[99.2369414001256,34.76035520043223],[99.2275912000739,34.7521829000209],[99.2226177000469,34.740086299942845],[99.2110790996208,34.73747060018809],[99.18322729999994,34.7521829000209],[99.16194059987885,34.751038699776245],[99.14628500025265,34.7553701998749],[99.11021589994391,34.78519420015226],[99.09372479955994,34.79669629979446],[99.0874645000867,34.80868719985443],[99.09827949969923,34.82488840017959],[99.11081279977094,34.834196600093094],[99.11267659974533,34.840652399588635],[99.09947309970386,34.8671751001508],[99.04823679998839,34.91474150041995],[99.02009560033173,34.951031000280466],[99.01432630011874,34.96619420040207],[99.00935280009173,34.96847659971536],[99.00438009956201,34.98035209966969],[99.01711149959607,34.98738539971646],[99.01750940013875,34.99700120014535],[99.0103474997374,34.99944569955943],[99.00616970007167,35.008734099998776],[99.009153799908,35.01834729958824],[99.00298669987637,35.02372370038853],[99.00179300004697,35.03105459959016],[98.99741630002228,35.02991429970524],[98.99244279999527,35.03252069957068],[98.99264170035423,35.036918799862804],[99.00020150039899,35.04082809973704],[99.00059940004235,35.04799460017074],[98.9948300998293,35.067210599589544],[98.99721479972328,35.075435100249706],[99.0069655002577,35.066722200269396],[99.01213789974435,35.06460529959497],[99.01313270011406,35.06069720031559],[99.01830509960075,35.054671800163476],[99.03461829969484,35.05841740004303],[99.03939290026221,35.068187599678026],[99.04814630031154,35.07535169982117],[99.06707350044178,35.08674939986497],[99.09675730000947,35.09064200022817],[99.11857150017465,35.0818639002988],[99.13282569974632,35.08527929969995],[99.13906240010976,35.083166300284574],[99.15000419963417,35.07388640023726],[99.19954050009409,35.051740399699725],[99.24460409969953,35.03954099991728],[99.27007120032567,35.054784999628055],[99.24079830010152,35.07086380042409],[99.25133879964596,35.08380899988549],[99.28476979988642,35.10153280009871],[99.2940690002842,35.10972769957374],[99.29207810002436,35.1182416002697],[99.28449160000741,35.13211180011956],[99.25615869996409,35.152207099977716],[99.22852190036548,35.15258720023917],[99.20958839958502,35.18116579956205],[99.18532579964602,35.221495900315574],[99.16628859983905,35.258887899756814],[99.1778369003527,35.296227199825466],[99.2232279997724,35.360709999766755],[99.26670800027404,35.38387699972378],[99.25338700020995,35.434131999692056],[99.29099299962729,35.49488099975838],[99.24278300043517,35.54111899974208],[99.2496339998093,35.54906500014971],[99.28478999955888,35.55216199997636],[99.28819300000703,35.574328999683644],[99.2615509998788,35.6180729997692],[99.234618999867,35.620087000015076],[99.20000499993085,35.6191019995577],[99.17563600030121,35.60467099956702],[99.13111100017255,35.61741600004842],[99.11978899966266,35.61087399963543],[99.04786699966235,35.613975999692684],[99.01046799989831,35.5870289998885],[98.98014800013016,35.589541999763526],[98.98793799963903,35.555382000079305],[98.89559899969413,35.53360000013993],[98.85977899990098,35.54779399999313],[98.83132199971055,35.53652600017483],[98.83571599999345,35.58913800001875],[98.81390399956996,35.60139799971796],[98.78102899978859,35.602508999690656],[98.76494600005793,35.59435999981417],[98.7683489996067,35.562983999911694],[98.75605800027654,35.536278000429434],[98.72419699959192,35.519507999594566],[98.67784899993148,35.51562500039353],[98.63956499982493,35.500473000428656],[98.59836600019082,35.463120000088],[98.5003740003599,35.44839099984483],[98.43651599991352,35.47354499970203],[98.39607200002285,35.46198299981563],[98.35622399973784,35.460250999983714],[98.33073399967441,35.473582999655775],[98.32088499964306,35.46375999992409],[98.31020399991473,35.466723999912745],[98.3118969997468,35.5001560001993],[98.27350600010186,35.50538600036367],[98.23089600015032,35.47514000041076],[98.23163600010139,35.44445800013665],[98.18416599996101,35.38179800007771],[98.0768130001199,35.37636200030613],[98.07235000025236,35.293961000000195],[97.9533690001793,35.28658299970573],[97.91720599985706,35.307376999948644],[97.8939900003383,35.29681799955108],[97.86677599991253,35.31577699970882],[97.77570299989361,35.32727100005667],[97.75012200013026,35.3491819996496],[97.66690800010417,35.350085999969],[97.66676299971272,35.37755200032461],[97.64653000015943,35.3873289997336],[97.6252439997109,35.38405199970009],[97.61382300003146,35.37210800018414],[97.60875700023541,35.32814399984579],[97.61886599966618,35.27416199977654],[97.6091539996574,35.25924699994914],[97.58648700027493,35.25893399990423],[97.56037100012162,35.27210600029173],[97.53044899982154,35.26785999963931],[97.41204100009213,35.30277600001244],[97.37934899975659,35.294360999560524],[97.36355599990952,35.3070910002495],[97.32520300021832,35.29892699968133],[97.2534259997102,35.15855000038226],[97.19900500008077,35.12292100040389],[97.16178100029299,35.078007000322884],[97.15482299958182,35.05094100042686],[97.16156800036299,35.0221409997074],[97.1427840001815,35.005057999726944],[97.1161040000996,34.92448800022106],[97.07502699979625,34.90904999965778],[97.04045900018275,34.909454000301935],[97.00659199962115,34.89863599965173],[96.97470899972063,34.86492499998883],[96.9741669999072,34.82210200010729],[96.94650999973675,34.80811299981514],[96.93399800010769,34.786705000035795],[96.95036300025231,34.7499850001077],[96.97363160021825,34.72633510018477],[96.9979969998617,34.714269999760745],[97.002350199702,34.74013349996113],[97.00662650031279,34.74913229981581],[97.04843719991692,34.734341199586765],[97.07806050029194,34.730348099984894],[97.10949150003273,34.71361469975864],[97.13413620032543,34.7133210998889],[97.10270530040935,34.67984420004984],[97.06841690002,34.675144600243186],[97.06722229996922,34.640797900402845],[97.09877639981107,34.62166779972921],[97.12627849985296,34.62431309976978],[97.15806659969388,34.608734199723585],[97.19711719989891,34.59528329978451],[97.19214179960443,34.57391089966836],[97.19959960034134,34.56597260015542],[97.19305130017744,34.55638570033983],[97.19445049959097,34.54653809965362],[97.1823193997206,34.52686910002899],[97.17013239979048,34.525820100217516],[97.16685820024583,34.521324199552225],[97.1577633995613,34.52147410034951],[97.14600949963875,34.50592000000802],[97.15877180037836,34.49237069984798],[97.16563399990923,34.48083899991997],[97.22327079980761,34.49034849958366],[97.29698910026684,34.46951710013411],[97.32165059989535,34.45278469995401],[97.33008010011656,34.4217464998012],[97.30258200025918,34.398411000167584],[97.3170725002957,34.366079799743034],[97.34825100008362,34.37258099971342],[97.3995820002092,34.328902999973536],[97.41230000034477,34.29622300019133],[97.43544939967012,34.29705259959786],[97.4677960000854,34.27658100001321],[97.49095899985804,34.21073499962057],[97.52640500039053,34.201049999957604],[97.5467529998511,34.175720000078],[97.57552300008643,34.171028000441936],[97.58828699964539,34.20726399963394],[97.60674299998954,34.21947499977148],[97.61976599980113,34.21402700034582],[97.6371989997341,34.1602709999068],[97.65835300039072,34.12588170008047],[97.68834050011407,34.13624490008215],[97.69505749960399,34.1277147000734],[97.70072230039392,34.13851350019792],[97.70861869959339,34.143060000318826],[97.73505460028963,34.15087369966159],[97.73711450013411,34.15357279984488],[97.74432430022631,34.15712410029704],[97.76578200013927,34.16124349978776],[97.76732689961676,34.16380020041896],[97.77968650013196,34.1680612997892],[97.78638129985717,34.17274820026927],[97.78655300022086,34.17800290031363],[97.78964289989995,34.179848999831506],[97.78929959989665,34.18439330021067],[97.79393439995266,34.18978929993631],[97.79427769995596,34.19490089985669],[97.79788260000203,34.199302399586145],[97.79599439962192,34.20058020041597],[97.79856929983339,34.202425899735545],[97.80320409988934,34.20114809980504],[97.80698070029916,34.204271500129664],[97.80818229977336,34.207820699765534],[97.81127220035182,34.20881450008915],[97.81419050039136,34.20696889969503],[97.82002699974629,34.20881450008915],[97.82191520012645,34.20725290020124],[97.82637839964349,34.20867249983604],[97.83135660042683,34.206542999659746],[97.83616309994716,34.20938229965344],[97.85023940012826,34.207820699765534],[97.86156899990948,34.208956399618216],[97.86586049996214,34.206542999659746],[97.8880048997064,34.20682700016596],[97.90276770006938,34.21023409972395],[97.92130719976751,34.202425899735545],[97.93607000013048,34.19901849980397],[97.94482480042427,34.19944439983925],[97.94894460011324,34.194191000214516],[97.95528749961846,34.1919901999878],[97.95374260014097,34.18858230003315],[97.9570126996764,34.185387300183834],[97.96216259992411,34.18368329984446],[97.96336420029769,34.179848999831506],[97.96679739998007,34.17999109990939],[97.97091730039318,34.17516250044906],[97.97349219970533,34.17544659988073],[97.97847039958936,34.17019170018688],[97.98293360000571,34.16933949991807],[97.98739680042206,34.162379800387555],[97.99254659994568,34.16252179974134],[97.99791110001729,34.15505019980691],[98.0072237003136,34.15215220016398],[98.01560079973717,34.14284689966473],[98.02729089995512,34.125085800069655],[98.03786519961932,34.12444630025658],[98.03769359997972,34.120609400303636],[98.04112679966215,34.120751500381516],[98.04318670040595,34.11833560030777],[98.05073979960213,34.115919600409256],[98.05245650016741,34.11989880008963],[98.06361439958494,34.12174629985191],[98.07288420024571,34.11961459993387],[98.08026559997751,34.11989880008963],[98.08249720018568,34.12515679974655],[98.08902030044658,34.125014699668725],[98.09331190032401,34.12259890031902],[98.09880499985093,34.124304200178756],[98.10635809994642,34.1210356996379],[98.10961109977251,34.11798029975108],[98.11304430035426,34.11911720019867],[98.1214643001374,34.11378779976718],[98.12524089964785,34.11464050005907],[98.127644100395,34.110376700024744],[98.13073400007409,34.109097599674556],[98.13931710000423,34.10881329969408],[98.14257870004701,34.10540210012687],[98.14961679977557,34.10952399973286],[98.15785649987765,34.108955499596675],[98.16025980044947,34.104265000029784],[98.1648947003302,34.104833599990684],[98.16862829965635,34.10039870033978],[98.18239550015227,34.097939600432255],[98.18394909967128,34.09502550022671],[98.19236050013706,34.09289309973684],[98.19733870002102,34.09388819958082],[98.1983686000309,34.08933910041918],[98.2059217001264,34.08507409978995],[98.20643669959406,34.08109320039091],[98.21072819964678,34.0798136000177],[98.22737940003935,34.08734880000719],[98.23973899965517,34.0840789001212],[98.24454550007482,34.08706450002671],[98.24918039995555,34.08464759990687],[98.25706819983759,34.084860800385684],[98.27080970040743,34.08962340039966],[98.27647460012275,34.08962340039966],[98.2811094001787,34.08734880000719],[98.28540090023142,34.088486099753766],[98.28849089973528,34.08763309998761],[98.29140909995004,34.089907800204855],[98.29449899962918,34.088486099753766],[98.30102209989008,34.09047640016581],[98.30960519982017,34.08891259963684],[98.32694300021933,34.095167600304535],[98.33535439978579,34.09374610040226],[98.34307920024497,34.100000699972384],[98.35421809968562,34.100379300164605],[98.36041699974481,34.098437099992225],[98.36676750031995,34.10117460032757],[98.36734080013787,34.103277799830664],[98.37541129999158,34.10048540038099],[98.38117380043059,34.10313629960058],[98.38519200011075,34.09965560042565],[98.38981760010222,34.102022900236705],[98.39097010019003,34.099743099964144],[98.40144400044034,34.09729990007037],[98.40649999977524,34.10486830033187],[98.41209930024257,34.1052039003398],[98.41504459972856,34.103772499801096],[98.41852539962753,34.10653899967514]]]}},{"type":"Feature","properties":{"shapeName":"Hualong Hui Autonomous County","shapeISO":"","shapeID":"62558664B18695201151024","shapeGroup":"CHN","shapeType":"ADM3"},"geometry":{"type":"Polygon","coordinates":[[[101.66722000020292,36.23248589970456],[101.67200289971413,36.22671820028478],[101.669404199844,36.22112769968362],[101.67339940026216,36.21164110035653],[101.66355700035535,36.203130500172506],[101.66702200006529,36.182507300071904],[101.66166329972157,36.161576799829504],[101.67678320018462,36.16305400014204],[101.70629490008963,36.163071800423324],[101.71288210042866,36.16443130016444],[101.72810130043473,36.15760589999235],[101.75235330006478,36.15042279987239],[101.75818210032372,36.151366400039365],[101.76761229956804,36.156253500398805],[101.78031300034473,36.15526020009821],[101.78861550010532,36.12230229991127],[101.80127369982142,36.11239319998623],[101.804597600399,36.112633399911545],[101.80793959983271,36.1181770997934],[101.81054229988729,36.11899659981327],[101.81897099971195,36.11932659974286],[101.8443578996974,36.115913300258626],[101.84659119962424,36.121715000347024],[101.85183120024976,36.123888499854445],[101.85657130012544,36.12188199995438],[101.85928809986598,36.114133999684384],[101.86191589999885,36.11271880043233],[101.87189789986826,36.11312919975279],[101.8828733996877,36.107722099695195],[101.89195879975887,36.10800210001696],[101.89465630004827,36.10650369998581],[101.89349819988206,36.10385110014823],[101.88551940030015,36.09967340030721],[101.885713500078,36.096646900134374],[101.89436370022463,36.09108039974069],[101.89972239966909,36.090801000166095],[101.90831459983895,36.09385110034805],[101.91117689999402,36.09357899967114],[101.91297180020848,36.0902821003387],[101.91212710028549,36.08887710029802],[101.90502619999921,36.085803699581106],[101.89931909959682,36.08566389996906],[101.89311429998503,36.080367099961734],[101.89363579975242,36.07528770026721],[101.89728009999669,36.07318380019228],[101.90741330018369,36.072767399695806],[101.92630489975136,36.06724450023353],[101.93465689999601,36.06223589966709],[101.94504319998373,36.059167199706565],[101.954481399597,36.06324300006446],[101.95693419975356,36.06277860005241],[101.95868459971456,36.06045400005212],[101.95868399986676,36.05343169961327],[101.95599979965107,36.050688500274134],[101.94297789971034,36.04812869967981],[101.94175499979349,36.04522250001844],[101.94371669996582,36.04163469968171],[101.94636740043524,36.0397373999611],[101.95385269974236,36.03951610018794],[101.95001529976633,36.035047900440304],[101.95046910036876,36.032206399805546],[101.95719300035677,36.02932609971975],[101.9750291996379,36.03224739989764],[101.9802391997793,36.0282586997792],[101.98099509974412,36.012727200300105],[101.98237949991403,36.008387699832554],[101.98667579964848,36.00588530026647],[101.98839100014459,36.002416500021525],[101.9908250997986,36.00072860024477],[102.00013290041306,35.998915799924305],[102.00800340003696,36.000300000444724],[102.01434080018782,35.997535599588275],[102.0182564996378,35.99478070006933],[102.01927830035333,35.987566700143134],[102.02463449968246,35.983232600104486],[102.03541570007457,35.97812279972749],[102.03404690044414,35.97012469979512],[102.02716760030455,35.96190299962376],[102.02890160022872,35.95656959990714],[102.07687419998439,35.947269199813775],[102.07687419998439,35.94252819971672],[102.04895980035457,35.93343749994074],[102.03970720012722,35.92773989997647],[102.04375149993183,35.91631309966988],[102.04871910040623,35.913337699875],[102.05185190044489,35.9084468997047],[102.05747079983757,35.90789309988668],[102.06080829996313,35.91072539955758],[102.06924130034577,35.90966909994904],[102.0858819004294,35.91944829999909],[102.10475469966974,35.90642260042273],[102.10971729991354,35.89254359980731],[102.10849239990438,35.87335349996408],[102.10034299982965,35.86729939974754],[102.08720069955268,35.867519999848184],[102.07536990040063,35.864480900173476],[102.07883480028585,35.85691960005954],[102.07545599969467,35.850589999728754],[102.0767905999063,35.84562340019983],[102.0845679999133,35.83744229992226],[102.0930314000791,35.837742300266996],[102.10066219980075,35.83084350012746],[102.10361610040275,35.82759739990013],[102.10498499985789,35.82093769981503],[102.10696240039454,35.8193960999501],[102.10954809966512,35.819642700350414],[102.11620259987012,35.831019500149864],[102.11890239972604,35.83268420011581],[102.12403580011215,35.8329925003037],[102.13164089990767,35.82849139975832],[102.13924599970318,35.83407149970003],[102.14776370003477,35.83635270021699],[102.16582580002074,35.837616600226],[102.16898189969498,35.840020999769365],[102.16795520037226,35.84723389982469],[102.17095930023157,35.849884600294104],[102.1819866001016,35.85623359990075],[102.19301399979634,35.85777459991789],[102.20719750006464,35.86230479982669],[102.20921289965565,35.86800570030289],[102.2176926000335,35.86809810024715],[102.22860590004234,35.87379859962573],[102.23201870040276,35.87872079962523],[102.2373326999442,35.88133190024706],[102.25289300021183,35.88150590017722],[102.25946190024655,35.87804739986768],[102.272015300166,35.87512349974975],[102.27615609992415,35.87141959963486],[102.29228619984832,35.87313980036157],[102.32187000020042,35.869318900247094],[102.33122430026128,35.86654559969969],[102.34669760011423,35.878652700261966],[102.35078459972954,35.878805200099976],[102.35593369958065,35.875341099712045],[102.3577351999196,35.871767999693475],[102.36202379965869,35.8710816002357],[102.36572089999959,35.87222550010682],[102.3673746003576,35.87444790025046],[102.3681139995615,35.87999260017841],[102.37138970007464,35.88042730007987],[102.37401350002307,35.87941060031898],[102.37842440036582,35.87284780038573],[102.38739850034057,35.8699512999126],[102.39500360013608,35.87019779958882],[102.40391419988049,35.87631719957915],[102.40732379955375,35.8823990996388],[102.40473810028317,35.8927502999864],[102.41249529971839,35.91258630011771],[102.42390290039862,35.91147759971153],[102.43261320043894,35.90861299999],[102.4348580998215,35.89880969990776],[102.4427750997911,35.89817649984565],[102.46900979966256,35.911323199606045],[102.4760443003043,35.907932699734374],[102.47860090021146,35.90317900031067],[102.48479699978179,35.90738590023915],[102.50187589975303,35.91361370001232],[102.50759809977257,35.90442400016752],[102.51026770039414,35.89184850030807],[102.50268459981447,35.88629939999737],[102.50185010000217,35.882251199833036],[102.5042136001776,35.875464000163504],[102.51469649994357,35.88474750019702],[102.53513149981893,35.8815959996557],[102.55578149971649,35.870441100376524],[102.56331020030558,35.872009800412],[102.56782739961488,35.880027500169035],[102.56567630042099,35.89658309993018],[102.56997839988333,35.90390129980517],[102.59901749975785,35.92062609981468],[102.60654620034694,35.921322899931965],[102.6243999004351,35.90529509968917],[102.62741130009147,35.890484000336414],[102.62956240018468,35.887347200113254],[102.64182330010527,35.892052399998306],[102.64919449972643,35.88943439977777],[102.65023729961177,35.88320440026291],[102.6580485995633,35.8792357001675],[102.66847310005357,35.89037489998168],[102.66794619985728,35.89792430026631],[102.68334089986269,35.89900489955653],[102.690567000167,35.89512469994497],[102.69219150043745,35.897893600109626],[102.69054700014402,35.90217349980725],[102.68337069979799,35.90233149989888],[102.68239839956652,35.9093760999271],[102.67974200009331,35.913494899570026],[102.6737769003837,35.91677150030455],[102.67276539960358,35.91880999988166],[102.66536330017624,35.921967399975586],[102.66079189962653,35.92837319986336],[102.66154249988654,35.930761700292294],[102.65941339990854,35.93350829996814],[102.66042710043041,35.93651170015488],[102.65677920019999,35.95077449994329],[102.66359509993396,35.95365379998293],[102.66035170037071,35.958106400090344],[102.66831679968061,35.96118060030449],[102.66914919957594,35.96619909970872],[102.67740540043894,35.97626290011283],[102.68192729960526,35.979753199550544],[102.68701380034668,35.98080730031671],[102.68800620042589,35.98437110044597],[102.69150949956384,35.9846624996747],[102.69163750007061,35.986863000427206],[102.69523410027358,35.98920539980941],[102.69339459998088,35.994322400158694],[102.69897250018079,36.00054269958599],[102.69649059976143,36.00551020023562],[102.68965350030885,36.01036880018006],[102.66894269994572,36.03946769957474],[102.66358320010465,36.04000140044434],[102.64207089965237,36.0535363995852],[102.64172659960298,36.05865449980536],[102.6468656998922,36.06421409970102],[102.64305420039108,36.06643530014901],[102.63603049970783,36.07845330037958],[102.63938039968576,36.106587700262196],[102.63826109986991,36.113025099628715],[102.63334669969049,36.116654599730055],[102.62490390029484,36.11598699970034],[102.61956290040757,36.10862650021289],[102.61202260036276,36.10964179972933],[102.60165469960475,36.11766530011357],[102.59843990028122,36.12477119973113],[102.59348609990366,36.13045229983385],[102.57366470026574,36.13498370033756],[102.5522313998593,36.15844909984611],[102.53447259983068,36.156821200138324],[102.5268358996571,36.168652400388],[102.51678430035525,36.17119520019838],[102.50493210003646,36.168664200392584],[102.49389179956694,36.163687100379434],[102.48919179956198,36.1687701000601],[102.4735008997468,36.17013390035925],[102.46687249966618,36.1743394998681],[102.44945610031886,36.169620200412],[102.448720599676,36.17058550032061],[102.4536769999936,36.178143599747386],[102.44476230024003,36.20079799962804],[102.43772960004105,36.19727740023188],[102.42068839964998,36.205020500096055],[102.4064474003273,36.20667890031103],[102.40139380038363,36.21401679983552],[102.3907128995807,36.21611070034862],[102.36947739966234,36.225552400123206],[102.36330649999502,36.222575000236134],[102.34530170031326,36.22602419975709],[102.3309196998843,36.23728870031334],[102.32609270031793,36.244530199709004],[102.30718960021994,36.24372509963371],[102.29907660020501,36.23358499984789],[102.28832729966518,36.22806099961548],[102.27052219983972,36.23584759968702],[102.26546590013123,36.23168029960618],[102.25149499959463,36.23365510020278],[102.23828800029105,36.239197100365914],[102.23029949972221,36.23318240034757],[102.22560790028444,36.23696660002861],[102.20997620014157,36.22534179958444],[102.19583510020976,36.23131069982901],[102.1779301000941,36.23227699978378],[102.1720037000108,36.2348732004379],[102.16308500007278,36.24582849968556],[102.15942620005916,36.25635110002332],[102.15251430039473,36.25888450011962],[102.1437173003132,36.255337699874985],[102.11544130037578,36.257364500171605],[102.08465190036497,36.25077729983258],[102.06328780009198,36.25483100025053],[102.05072069990047,36.25331089957842],[102.04776299966278,36.262477699985936],[102.04243119984005,36.2703589995682],[102.04154260041076,36.27931399974136],[102.04820729982708,36.285761000269986],[102.0437642001578,36.293639899561754],[102.02732449962599,36.29507239997133],[102.03398919994169,36.257462000171245],[102.01621669964106,36.25853679973358],[102.00422020040196,36.264269000214256],[101.99177940009929,36.25782029996691],[101.98156020044297,36.275015799739435],[101.98067150028959,36.288984299985486],[101.97356249980959,36.2932818003149],[101.95001379969716,36.293639899561754],[101.91901139975636,36.28837159996942],[101.90423439999762,36.290144199695135],[101.87597399970036,36.28669230040941],[101.84236760018467,36.298874300108935],[101.83172160027169,36.29861500038203],[101.82281680025517,36.291693999578456],[101.81721840000921,36.29321050026442],[101.7866315003435,36.29402890041348],[101.76887330016274,36.28882500037349],[101.75723380029973,36.29289850026561],[101.74240710040743,36.303349500179365],[101.73819870040978,36.30303180027744],[101.73222449956108,36.280094599586164],[101.72371760008724,36.27913649964978],[101.71748969959003,36.28114660043531],[101.71417809993943,36.27893169973822],[101.7106372999715,36.26919580024605],[101.71050830031788,36.26129559961231],[101.70255009970742,36.250736899588276],[101.66722000020292,36.23248589970456]]]}},{"type":"Feature","properties":{"shapeName":"Henan Mongol Autonomous County","shapeISO":"","shapeID":"62558664B13605573884306","shapeGroup":"CHN","shapeType":"ADM3"},"geometry":{"type":"Polygon","coordinates":[[[102.08549820018186,34.543269299638496],[102.00064849972853,34.539028200291284],[101.97662349977475,34.55379490011461],[101.95371249993201,34.58133319966748],[101.92713169956835,34.59545900033265],[101.91155240022317,34.6752396001275],[101.88488010013657,34.675834700411144],[101.85140230007613,34.635845199896096],[101.82627109983144,34.62698359971341],[101.7815323002755,34.64643860026126],[101.72766110027959,34.70602419955719],[101.82023620014058,34.7362518002804],[101.84172820019631,34.77524190039344],[101.87021639966719,34.74618529971184],[101.91433720040152,34.74298860014386],[101.91473250010483,34.777637300421134],[101.86294399956597,34.7828321002213],[101.85025420037113,34.80801570036431],[101.83967939978453,34.81669790018799],[101.81747230020653,34.82017050006857],[101.7836328998385,34.801937599940345],[101.74979350036983,34.79846419966316],[101.69903439981778,34.81235689965126],[101.6831721998372,34.83492749980434],[101.69797689961428,34.881785200126956],[101.70009190002122,34.904336800303156],[101.62289569997665,34.90780570037282],[101.55838939985097,34.892194399551954],[101.51397509997093,34.90607120042563],[101.4801356996029,34.90607120042563],[101.39765219998912,34.880917699692134],[101.3151685996512,34.88005020015669],[101.27286940000289,34.862698200361706],[101.224225200033,34.85749190003122],[101.16817870008703,34.885255000418],[101.0512499996878,34.89163599970169],[101.06470000030481,34.86978500017767],[101.06370000005501,34.841408000079184],[101.09026999956092,34.82083500013522],[101.07868000018192,34.784470000390286],[101.09888999957388,34.74206199986145],[101.09563999988615,34.721066000195776],[101.06522000000308,34.71836899992945],[101.04631999986816,34.662933000257794],[101.01191999990812,34.641078999696106],[100.96516999969577,34.66394400011558],[100.88846999969081,34.665023999558],[100.89405969989531,34.65655209989956],[100.8965968996273,34.65516070030611],[100.8965968996273,34.649825799621],[100.89951359977289,34.6430723002465],[100.8988448998723,34.634538500251665],[100.9114183996395,34.628998400355954],[100.9158142003651,34.62469239963457],[100.91581869967331,34.61935199959515],[100.91237579990332,34.61343059974246],[100.91513309971282,34.604360900035545],[100.91341389993158,34.5936060003167],[100.92046639960472,34.5856625000244],[100.92302789991771,34.57768209964922],[100.9199598996297,34.57405409961706],[100.91805129992758,34.56702729987006],[100.92342709998076,34.56117250021077],[100.9270164003866,34.55990569988819],[100.93300179959346,34.54919290013231],[100.94442969977086,34.54035249966819],[100.95075539974198,34.543520000048034],[100.9555050998805,34.5495617004122],[100.96344230042189,34.54815699984573],[100.96613199999189,34.54421770038664],[100.96947029961467,34.543075900432484],[100.96672190039544,34.53368640000741],[100.9719167001956,34.51641419975556],[100.96931929984589,34.511063700329544],[100.97024690017435,34.501279000025875],[100.97340089993162,34.497150799769656],[100.97717610009698,34.481771999778005],[100.97714969959901,34.44734110001178],[100.96031289982051,34.42257820002396],[100.951878799567,34.38696309996715],[100.93579310007158,34.377371699944035],[101.14562230022904,34.325241099996845],[101.19007870007204,34.299144699668204],[101.21611789992119,34.30718989979408],[101.23138189965499,34.29635249986802],[101.2415020003171,34.29520419961415],[101.2426767999944,34.298189000022376],[101.24652929958756,34.300288700263366],[101.2550561999837,34.2966367998485],[101.25950660034937,34.296353999937196],[101.26492649955838,34.294187400028534],[101.2656544000306,34.29238300027532],[101.26136730036069,34.28819809956269],[101.2642288001191,34.28325900040261],[101.26865439988069,34.27988350032331],[101.27944270042036,34.27536790000863],[101.29047029976459,34.27550709977288],[101.29556410030307,34.26941169999003],[101.3041208995599,34.26954920003561],[101.31365769994295,34.26770869969681],[101.31811399986128,34.27011670012564],[101.32410070038708,34.27011670012564],[101.32678260013694,34.26671819988508],[101.32092890034852,34.25883259974472],[101.32753049973286,34.258055300411854],[101.33054469987803,34.252633800409626],[101.32942659975782,34.25109330041556],[101.32356510014932,34.25136969985181],[101.32197020016469,34.249787699742626],[101.3229499998427,34.24695280013168],[101.32929650023334,34.24585770017279],[101.33887639972613,34.25024970036344],[101.34428110039255,34.25068199997435],[101.3507845999294,34.24884289988],[101.3581708002423,34.25054059956909],[101.36885449973545,34.24911549968061],[101.37509570030636,34.246822500058386],[101.38432859998494,34.23946220022043],[101.40474459988343,34.2369089997506],[101.40962579979089,34.234603000428194],[101.41236220025542,34.230219800103725],[101.43225699986073,34.228381600230705],[101.43603959964787,34.224116800150284],[101.44194980024315,34.2223017002633],[101.45826119989454,34.223289699959764],[101.47940479989165,34.22002049974634],[101.4865174003578,34.21786879980533],[101.4889776001362,34.2143812999571],[101.48520599995697,34.20353949964823],[101.48587500023115,34.20022020000226],[101.48922750014907,34.197724600210165],[101.49430010006961,34.196745699854205],[101.50041440000462,34.19744800022511],[101.50574740042225,34.19986679971311],[101.51242599976013,34.19986679971311],[101.51921699996461,34.2062097001176],[101.52544510011131,34.209643499647825],[101.53789399970839,34.21364399977085],[101.541490199713,34.21275190018008],[101.54218420024068,34.20816029995791],[101.5439916001323,34.20652969958604],[101.55277010025998,34.20567950030875],[101.55473150005872,34.2025827999563],[101.55352869998956,34.196755800140124],[101.55519509967417,34.19358579964501],[101.55885539975696,34.19234720026316],[101.56427949969924,34.19318840002467],[101.57774929979041,34.19887799962004],[101.58062420034662,34.19768910037175],[101.58284420019976,34.19242609958491],[101.603392799738,34.176560799641265],[101.60693070029163,34.175585099972466],[101.61362910000304,34.176452999706214],[101.61936510011935,34.170731799732835],[101.62723530026898,34.16648739987363],[101.63191099969293,34.16591429970521],[101.63330190016262,34.16361250021674],[101.63941050019451,34.16209219989514],[101.65044399999067,34.156097400075],[101.65378140029145,34.15289959973677],[101.65324990006292,34.14952790019248],[101.64280279960957,34.139644699843075],[101.64810259975525,34.131303299907415],[101.64878509975262,34.126359599815714],[101.6675824000078,34.113910999692905],[101.68278980000935,34.109244399609395],[101.69152760041851,34.112154299981],[101.69186869978074,34.11864989987305],[101.69362870000458,34.12141810036508],[101.69648320033946,34.12274739997258],[101.70141380000695,34.12172689967673],[101.71385150034655,34.108709199569944],[101.71007840009815,34.093301099666064],[101.71041629967254,34.088544999951864],[101.71254069979352,34.08692080005494],[101.72019299960732,34.08842010030742],[101.72036360010014,34.09548719957468],[101.72526349961089,34.101277200382526],[101.72838349959886,34.100982100443616],[101.73036740043523,34.093632700388866],[101.72862780043272,34.08891060044391],[101.73081710012912,34.084520600345456],[101.73922460023516,34.079045999873074],[101.74827499959162,34.06629120037866],[101.75628829986522,34.06683370021517],[101.76733959994266,34.06254320020855],[101.83679959972181,34.11075590006476],[101.84812930022707,34.15464400032039],[101.86163329973704,34.15377039978415],[101.87362669991234,34.13139719992091],[101.89910890015568,34.132667500404864],[101.94854740024238,34.10773469959673],[101.96527859982757,34.17780299990858],[101.98477940014925,34.16893390027934],[102.00135159959672,34.180127099885794],[102.01384739973776,34.19940949984857],[102.02605460023966,34.196356100054004],[102.02189740044474,34.215480599749924],[102.01410260035476,34.21999250025374],[102.01241299996002,34.22711179976977],[102.02839310016151,34.22966000000906],[102.04072270019253,34.23540220005157],[102.05294209999795,34.234833699915384],[102.0637293995922,34.23631920007108],[102.05827310032339,34.252427999552594],[102.05778989998396,34.263947099978736],[102.05351780010648,34.267554500140136],[102.05709330041554,34.27024070044803],[102.06051479991817,34.26973990037618],[102.05729910037326,34.272583199655],[102.05922939981701,34.27565129976773],[102.0585328002486,34.28094640005639],[102.06136540029303,34.2817521998042],[102.05964730038266,34.283095099859],[102.06864450034345,34.29801130028136],[102.09205039980617,34.29300850034207],[102.13061140009609,34.278098900044256],[102.14086999995061,34.277256399863006],[102.15181040012993,34.28184540014513],[102.14739339968571,34.294940399679774],[102.16246329964162,34.30095049966587],[102.16895890043298,34.33292569986122],[102.18806809996289,34.35938819980561],[102.19841249963719,34.35067339955782],[102.2093460002178,34.34682929963253],[102.22868959994514,34.34377639986104],[102.25341919983629,34.3608089002106],[102.24695199963514,34.37348709994973],[102.24229709973145,34.374933399556824],[102.24268769957774,34.37697490017155],[102.22771669986588,34.38535509955824],[102.22309529970835,34.384710499689845],[102.20396129957436,34.4105452998258],[102.20460939960418,34.41854560039917],[102.19549659988826,34.42751229985282],[102.19656979955664,34.43201610016297],[102.18924789987074,34.440396900296776],[102.18573289965366,34.44045059971546],[102.1744071004074,34.44898549958117],[102.17284489977237,34.4541919995612],[102.16887430030874,34.45703660015903],[102.16724710027353,34.45961270006609],[102.17053760003029,34.465293899993526],[102.17278880006313,34.48110389972527],[102.16374750004712,34.4944868001258],[102.16080180036283,34.50495589979499],[102.15248110012271,34.50970080025178],[102.14018020015618,34.51096930029303],[102.12250779979519,34.524525199678294],[102.11293429987808,34.52604199983847],[102.09802180016601,34.53499049971185],[102.09544430001449,34.54029849987592],[102.08549820018186,34.543269299638496]]]}},{"type":"Feature","properties":{"shapeName":"Lenghu Administrative Zone","shapeISO":"","shapeID":"62558664B81897964248321","shapeGroup":"CHN","shapeType":"ADM3"},"geometry":{"type":"Polygon","coordinates":[[[92.40942209975015,39.0380107999585],[92.40384869975776,39.034604300248304],[92.4083257002709,39.028571399750376],[92.41097539979495,39.019769599987114],[92.41636609981572,39.01593630002026],[92.41709700042628,39.01259960029137],[92.4149955995673,39.00990179962838],[92.411067500265,39.012273499822186],[92.40030770014033,39.01139349971032],[92.39498200041902,39.00655730007941],[92.38403679965865,39.002512000228705],[92.38123370007526,38.99940010043434],[92.33345780003748,39.00015749956901],[92.3270507995548,39.00264700015896],[92.25657419983952,39.00160969962798],[92.25183140019902,38.9968526996924],[92.24634260033082,38.9966097001776],[92.2324681997477,38.99059440031135],[92.22605009983232,38.99250169959379],[92.21245890025813,38.986486200078105],[92.20783409976394,38.98223090043575],[92.20358679959116,38.98355159982651],[92.19575300040071,38.982891199769085],[92.20609740007501,38.96431420014028],[92.2245689002346,38.908238799581],[92.18546440006207,38.9129604004022],[92.14939379968416,38.904303799780564],[92.10759239996935,38.867829699680954],[92.09343389995456,38.8484041995942],[92.0674906002111,38.775942900444534],[91.98119090033981,38.71494500041149],[92.0068110997525,38.56960260037977],[92.00141739959338,38.529528999763556],[92.02703759990538,38.491543999955695],[92.08434599976812,38.443506399900514],[92.14839650009844,38.409702699919706],[92.17401670041045,38.38011140012105],[92.21716660025845,38.369011499780925],[92.25357429981415,38.33358629966807],[92.4281963000193,38.24044650020585],[92.63652910023785,38.25580160036361],[92.92846469988604,38.18694289989497],[93.00060589974254,38.1084707003626],[93.06802749976936,38.067079799792964],[93.07611810037008,38.046375499729606],[93.05858849975954,38.0086680999529],[93.09567040036876,37.9539312997897],[93.10600119959577,37.92201990019828],[93.50167960023344,37.90537939993942],[93.5355495002093,37.8840137995972],[93.5942063003805,37.86379019975794],[93.61655159967665,37.87080430017835],[93.62855029955676,37.90206389992909],[93.65145460034961,37.9111520995898],[93.6616280002321,37.945183200344445],[93.71996050037683,37.98448020040098],[93.72977189975342,37.987901899553094],[93.73458109993788,37.98774390036078],[93.7404588997585,37.99084979987839],[93.75016329959664,37.989957200264655],[93.77141220031285,37.9965924001192],[93.77969789983825,38.00396409976344],[93.78364769978157,38.003868900229634],[93.78638620016307,38.00744770015132],[93.79567049969387,38.00807930031948],[93.80116670008323,38.01121179998461],[93.8188479003104,38.00676360026],[93.83358850000934,38.00486090011049],[93.83594699995416,38.00786879960549],[93.84556529959895,38.00902660029743],[93.86506559989755,38.018863599775386],[93.86961090032287,38.018288399689936],[93.87528840043939,38.02323459989691],[93.89142149960259,38.028074900436366],[93.89893330013177,38.02826349996059],[93.90668130040177,38.03081530018602],[93.92422470020983,38.025465500432574],[93.94933529968438,38.00851319982439],[94.00794120002644,37.95777010001018],[94.02974999976271,37.941993000176865],[94.03231190027401,37.93855209959975],[94.06442849997535,37.93750919988969],[94.06707329999284,37.943468800245],[94.07384099966248,37.945116199952736],[94.07913080024628,37.966765999551285],[94.07708609984371,37.97608960035484],[94.08492130017794,37.996107800434686],[94.06076400005861,38.05091260013643],[94.058067099617,38.07639240008922],[94.17403229965095,38.214253500099005],[94.22662120040815,38.260325700170995],[94.26033200042156,38.268266200324945],[94.28662639998845,38.28784919958093],[94.21920479996163,38.355026200199006],[94.19088770010734,38.40365090016894],[94.12076919963891,38.44273839955753],[93.95760889973099,38.470720500151],[93.97513850034159,38.5240148003428],[94.04323440034733,38.55249260005348],[94.09582320038044,38.57990499991587],[94.10526230021503,38.613629000178264],[94.07829359976989,38.69050259991508],[94.09110370037553,38.7131276998835],[94.08385740039876,38.738731599983396],[93.9722107996887,38.72562969995073],[93.95994900044604,38.7176285000553],[93.93765479972927,38.71606299980766],[93.88058159956125,38.7202377004096],[93.8032207003751,38.748410700093814],[93.78872949976665,38.76318840042438],[93.76977940019924,38.77483450041194],[93.76777290029918,38.798294799865175],[93.75640290027371,38.80750299966377],[93.76242230014907,38.81618890019763],[93.76911059957456,38.820705200184875],[93.8843715998695,38.8266106001991],[93.88459460026064,38.867761399768824],[93.83402789976782,38.86768079982909],[93.7302440995856,38.92505110002827],[93.46217249966116,38.916158000191615],[93.41460229975638,38.91112259982816],[93.3338426997808,38.90528499970304],[93.3027868000708,38.89436599979109],[93.27488390007198,38.89559289989245],[93.26101120010685,38.90651170015491],[93.23815279981193,38.9164475998769],[93.2266447997178,38.91485310009057],[93.20804289966014,38.91571169993506],[93.19117500042597,38.91939130036826],[93.17950929971448,38.923684000116566],[93.18534210015787,38.94722779982317],[93.19779599998549,39.046589600229936],[93.19259379966417,39.051486700151145],[93.18739150041745,39.062626300163686],[93.17667170033877,39.06899100013459],[93.16500610035132,39.09175239955363],[93.14829580011116,39.102273999845295],[93.14057130002556,39.10337500025611],[93.13190090020646,39.10924679980002],[93.12606809976307,39.12282329995537],[93.13205850009973,39.13040539958956],[93.13552669959756,39.14727889980145],[93.14246299966777,39.161459300106685],[93.13190090020646,39.17245930015662],[93.11692469971518,39.180036100086],[93.10415560010091,39.17795870033382],[93.09690389969529,39.17001500039203],[93.07420320001773,39.16072590028011],[93.07325740010901,39.15754769976661],[93.06679400044283,39.15143549974857],[93.0548130001199,39.15143549974857],[93.0437779004298,39.14678989973413],[92.99512169990658,39.15163680039808],[92.97619969965649,39.14429620020951],[92.96639019964806,39.15328660039637],[92.96193139961446,39.16469589989589],[92.93763069989694,39.16936290017776],[92.90864819975468,39.16262169993155],[92.88746869972078,39.16020160002387],[92.86695800031151,39.13980050009303],[92.83061849994385,39.143777400206886],[92.82749730026023,39.13807129985065],[92.81545839978537,39.13392110037853],[92.80564889977694,39.13841709996922],[92.78402360040889,39.13997340015237],[92.76418169982566,39.13634209960827],[92.75972289979205,39.13028950036022],[92.74790689988356,39.1297707003576],[92.72717329990792,39.12095020009173],[92.71290499986588,39.12856009956897],[92.68815849991489,39.11403130010444],[92.67322130032284,39.11852860011487],[92.66162829990617,39.11022570015598],[92.64200939971408,39.11939349971027],[92.61280399990471,39.109360699836486],[92.59095570014551,39.11160960030287],[92.57245149973699,39.109533699720544],[92.57133679995343,39.10572790012253],[92.56420259957036,39.109360699836486],[92.5445837002776,39.11039870004004],[92.54079369996936,39.106246899774646],[92.5416855000858,39.10157569965884],[92.51961419993546,39.10399779965877],[92.4926381996932,39.10295980035454],[92.48059939994243,39.085657099595494],[92.45941989990854,39.0633303002532],[92.46075750025847,39.054674599852945],[92.45976429978265,39.04382630014368],[92.44247630024114,39.04359370038901],[92.42366390036875,39.047866599763836],[92.41956519967431,39.040275499714596],[92.40942209975015,39.0380107999585]]]}},{"type":"Feature","properties":{"shapeName":"Ledu District","shapeISO":"","shapeID":"62558664B11418852743985","shapeGroup":"CHN","shapeType":"ADM3"},"geometry":{"type":"Polygon","coordinates":[[[102.5965140003209,36.71075559989106],[102.55920540040898,36.70357459968807],[102.5303250002986,36.71247970007812],[102.52143870023588,36.72423290032816],[102.5054433996932,36.72565740036879],[102.4907809996435,36.7334915997576],[102.47922890039348,36.73277950037368],[102.4743413998358,36.739544799752764],[102.46278919986173,36.73990089980674],[102.4601232999504,36.75022580038046],[102.46812099968446,36.76731229962297],[102.43968489973838,36.78012459997035],[102.44146210039565,36.788665000089736],[102.42857699992868,36.79791600042313],[102.42546679985298,36.80894459981346],[102.3961420995783,36.8192601995986],[102.39480910015993,36.82708490034793],[102.37481500011222,36.82957440003861],[102.36370710030252,36.83775369987342],[102.35126629999979,36.842020800419675],[102.34015850001481,36.83348629985289],[102.34282430010143,36.8199715003845],[102.36504009972089,36.79684859958326],[102.37126049987222,36.774074599763026],[102.36681730037816,36.73491599997345],[102.36637300021385,36.70891780021634],[102.34593450017712,36.71283589995687],[102.34104710034347,36.692530899781275],[102.32949490036941,36.70428710016961],[102.30683490041037,36.69644979991841],[102.30594620025698,36.68255459981498],[102.29839289961268,36.67542779995307],[102.28106459965159,36.67899129970874],[102.26951250040162,36.65796450006167],[102.2552943996169,36.64548819992052],[102.24196499988489,36.64477520031528],[102.22774689999949,36.62944439983926],[102.23174580022857,36.620529700085626],[102.23085710007518,36.61268390034178],[102.22285950016584,36.614823699554165],[102.2166391000145,36.63087059959855],[102.20108809963614,36.631940300004885],[102.19220179957347,36.62445230003368],[102.1988664998891,36.61125730038418],[102.19575629981347,36.590211999883934],[102.19931080005347,36.574870299624706],[102.19397900023074,36.56452179994119],[102.19353470006644,36.53132600029471],[102.18288410012116,36.53339960041126],[102.1778663003895,36.52115749991873],[102.17949859958077,36.51280069999234],[102.17538769958276,36.50971519979669],[102.17378559962577,36.50466159985302],[102.1751094997037,36.50126780036874],[102.17819880043436,36.49958339985409],[102.17789479990518,36.49293470027624],[102.17295150001178,36.48854429997954],[102.16851930012564,36.473481299622335],[102.16632750031397,36.470822400033796],[102.16976660044833,36.4587461003523],[102.16644860032272,36.45588259960232],[102.16417719971804,36.44847070026265],[102.1587574003338,36.44127570031338],[102.15908990037866,36.43849380044861],[102.15097690036373,36.43287619967691],[102.15120969976789,36.43086979960162],[102.14141189993927,36.41700379958576],[102.13332400000263,36.4083379997989],[102.13130200028712,36.40788379989749],[102.13125499991838,36.40538610018842],[102.12829249999896,36.40277470009238],[102.12509500003426,36.40258539999627],[102.12533009990426,36.39789229959001],[102.11959330029066,36.39721100018755],[102.10957750030144,36.38937570002861],[102.10826090002058,36.385438799960696],[102.1132452998308,36.38388669961154],[102.10990669983437,36.38354600044761],[102.09942060028055,36.37775379989802],[102.10351160008037,36.37408140033642],[102.10431090042778,36.3689320999365],[102.10957750030144,36.36071530017102],[102.11164650038575,36.35984440029887],[102.11545530012205,36.34730910013491],[102.12058079996399,36.34473360007564],[102.12161530000617,36.33867329993291],[102.12504799966553,36.33397630006624],[102.11578449965498,36.319883500023536],[102.11733619980583,36.31446540035802],[102.1237783997534,36.313177199768006],[102.13012640021327,36.305106100066496],[102.13393529977435,36.30495449955055],[102.14268149985139,36.30124069969861],[102.14799510009385,36.302112300142596],[102.14959379971413,36.299232199706296],[102.15328339970921,36.298494100022765],[102.15786989987606,36.29494970006863],[102.14844109997682,36.27225809973157],[102.15251430039473,36.25888450011962],[102.15942620005916,36.25635110002332],[102.16308500007278,36.24582849968556],[102.1720037000108,36.2348732004379],[102.1779301000941,36.23227699978378],[102.19583510020976,36.23131069982901],[102.20997620014157,36.22534179958444],[102.22560790028444,36.23696660002861],[102.23029949972221,36.23318240034757],[102.23828800029105,36.239197100365914],[102.25149499959463,36.23365510020278],[102.26546590013123,36.23168029960618],[102.27052219983972,36.23584759968702],[102.28832729966518,36.22806099961548],[102.29907660020501,36.23358499984789],[102.30718960021994,36.24372509963371],[102.32609270031793,36.244530199709004],[102.3309196998843,36.23728870031334],[102.34530170031326,36.22602419975709],[102.36330649999502,36.222575000236134],[102.36947739966234,36.225552400123206],[102.3907128995807,36.21611070034862],[102.40139380038363,36.21401679983552],[102.4064474003273,36.20667890031103],[102.42068839964998,36.205020500096055],[102.43772960004105,36.19727740023188],[102.44476230024003,36.20079799962804],[102.46304700041878,36.19963530032891],[102.47329170035175,36.204111500445435],[102.4857324997551,36.2241863002576],[102.48439960016145,36.23601369997232],[102.50972550003183,36.25679700008152],[102.50617099979189,36.27363450043191],[102.51105839962548,36.28473809968358],[102.52349919992821,36.29440770025519],[102.5252765004102,36.304434200378125],[102.53060830023293,36.30873079958678],[102.52927529991524,36.31839740002005],[102.53993889956064,36.32555709978038],[102.54038319972494,36.33414789970584],[102.58970209987206,36.34989519960385],[102.60703030000838,36.34917950023379],[102.64924019967555,36.35991449975444],[102.66345829956094,36.369216999764774],[102.67456610044525,36.36599699966183],[102.69944770015132,36.363134700406135],[102.70611239956764,36.36563929971396],[102.71322149987236,36.371363599650465],[102.71766460044103,36.38746100022502],[102.73143840016212,36.3996213001829],[102.72610660033939,36.40927669956011],[102.72077479961735,36.41392510006335],[102.72743949993304,36.43501840007917],[102.75232109963912,36.43680570012299],[102.74832230013408,36.4285836995781],[102.73588149983141,36.41535530000715],[102.74521210005844,36.40462789975783],[102.7567643000325,36.40999179998164],[102.76742779985312,36.40748869984367],[102.7718710002465,36.411064499627],[102.77453680033312,36.419645899838486],[102.7941265004377,36.426183900066974],[102.79650579990277,36.434199300257546],[102.79177359967196,36.43842949982161],[102.79124780024586,36.448157999692],[102.77047849988293,36.455136500449214],[102.77021560016988,36.460105600093414],[102.7636430003243,36.4661315002686],[102.7639027002495,36.470519100076444],[102.78073170020787,36.48061299989007],[102.78879500008924,36.48200319978787],[102.78953890039998,36.492449900042914],[102.77711860014335,36.5028608000859],[102.77573660026394,36.51421659981628],[102.76890109980599,36.520872100067436],[102.75378420038061,36.523935600147865],[102.74169070026568,36.54041300025983],[102.74560729993698,36.547553000370726],[102.73511810042004,36.55931539978593],[102.73578390000705,36.5695864003921],[102.7479392995591,36.56869889993436],[102.76250550002885,36.57007419986451],[102.75272770022326,36.58141869961332],[102.71563589987693,36.59755029960667],[102.72326010037341,36.610104499922784],[102.71784209963323,36.61773300007792],[102.68123630011524,36.62242510043808],[102.6308864999121,36.65341559965026],[102.61901839957955,36.67010320010263],[102.60870470006194,36.674830199554094],[102.60502129999304,36.702004699957],[102.5965140003209,36.71075559989106]]]}},{"type":"Feature","properties":{"shapeName":"Gonghe County","shapeISO":"","shapeID":"62558664B80605153606939","shapeGroup":"CHN","shapeType":"ADM3"},"geometry":{"type":"Polygon","coordinates":[[[100.27198959974032,36.84300289966416],[100.14522820042117,36.880077999600076],[99.88150420025869,36.94625170035573],[99.8440177000569,36.96387360018656],[99.84011870011796,36.964516399612194],[99.82639409960808,36.977335499733556],[99.82471709961453,36.98329800040244],[99.82097030003939,36.98750640040009],[99.81531659958148,36.98786160023269],[99.80925039988608,36.99066789960392],[99.79958440019999,36.98876740009547],[99.79613879976586,36.9904382999876],[99.78114899972661,37.0054590996578],[99.77921010006611,37.010403899620314],[99.77424940008979,37.01598069994941],[99.7665247003547,37.016446799680125],[99.75975799983189,37.01439569970182],[99.7516622002504,37.01419680024219],[99.74392089992966,37.015925600286266],[99.73929150030256,37.02031210022329],[99.73916990027072,37.022497100261035],[99.73965600002447,37.02472859974512],[99.74427950009891,37.02786299967772],[99.74407770032565,37.02979580013613],[99.73667979983293,37.03758049994019],[99.73324989976311,37.03747310020344],[99.72242210009989,37.03162129978318],[99.72020279991932,37.033768799890254],[99.72074080044763,37.03741939988544],[99.70426369980999,37.041123499649814],[99.69995950043068,37.03892259959832],[99.688796699708,37.044008600316715],[99.66730879966144,37.06302830021593],[99.66066699968235,37.066717300363166],[99.6505741997396,37.06962690036124],[99.63214669981039,37.07944580008365],[99.62550499965607,37.08510800003421],[99.60746820029726,37.08983479983618],[99.58278969988481,37.10318259969728],[99.57836179965739,37.10780449987783],[99.55602740014444,37.112529900334664],[99.55075310027541,37.11481460011373],[99.53909759967456,37.122914399879676],[99.52214400044534,37.12907730007737],[99.51302750001918,37.13535429996102],[99.43928229993827,37.16240420019375],[99.35678800036601,37.18108520012191],[99.34732970000573,37.13339450005617],[99.30438390039677,37.123873300212665],[99.25982739971477,37.09068030015578],[99.24720140022453,37.06660130040973],[99.2190994002172,36.972412199863186],[99.15098030040059,36.97592319989582],[99.15385029965165,36.95595829993567],[99.19471560044468,36.93372789982277],[99.2723169001049,36.90491369970755],[99.29499809978256,36.84456489975037],[99.32240219980173,36.84807000023039],[99.43561439968488,36.76480289973409],[99.42690900005039,36.7247642998326],[99.46646210004593,36.68776919998862],[99.20298000042675,36.57051099968294],[99.12298909956735,36.54436209963126],[99.10803790022896,36.519171000041695],[99.05970070002735,36.50303959969784],[98.93651149960607,36.47289259981369],[98.93029859980061,36.42918940017074],[98.94415870026387,36.43021589984397],[98.9631637996697,36.398968899595104],[98.99402299966175,36.39293690021782],[99.01050339991201,36.36551530029095],[99.03687209966773,36.359321899586064],[99.08521470029825,36.283192299984705],[99.05335249991799,36.276106699864386],[99.06653690015787,36.20964789963091],[99.01824329998834,36.16724559990456],[98.9981547000794,36.1418176000023],[98.9760234996848,36.140046899644744],[98.94602839979086,36.127098000372484],[98.9876208995849,36.084478599807596],[99.02063009979935,36.1029264001333],[99.04396680002787,36.12347370015118],[99.06389470008043,36.129191999810985],[99.09929310039632,36.11478940041053],[99.11817220028689,36.11394209964823],[99.12839840026601,36.1281331002624],[99.14386879980532,36.13406289978303],[99.17244969959404,36.13639240018915],[99.21886080018584,36.15269659986825],[99.23537999988713,36.15269659986825],[99.24901500004228,36.1380864998921],[99.27392489961449,36.13575710021007],[99.29516389969427,36.139780499770325],[99.33449540044245,36.14232159986199],[99.35678329960967,36.142109799627576],[99.37461350041275,36.13003919984925],[99.40083450001225,36.092968600120855],[99.42233570013252,36.05015680039605],[99.44016599986105,36.03892009968291],[99.47844870044725,36.03934420017475],[99.49523010018902,36.05376070039608],[99.49811439955994,36.06690280012418],[99.51909119959925,36.06902229983933],[99.52853080035624,36.062451700085944],[99.53115289968662,36.04994479961289],[99.55973380037466,36.025561300213894],[99.57730180023793,36.00265510005289],[99.64547639991599,36.00159440006155],[99.64888510026725,36.06987009972539],[99.6672398000768,36.090637900019146],[99.71233989956676,36.12474449975889],[99.75062260015295,36.16179999987014],[99.77631919967138,36.17661739987318],[99.79021630004229,36.186564599576684],[99.80673549974358,36.21089820009189],[99.82404140029047,36.220417999690994],[99.843444900262,36.22062949955182],[99.8636351001798,36.20772470033472],[99.9045398002716,36.17132579974589],[99.94177359997173,36.14528600004894],[99.96537250024073,36.11648400013655],[99.97979409961806,36.10864629968705],[100.00050869961683,36.108222600292834],[100.04036460044603,36.097841699834646],[100.09280659964492,36.095299300222564],[100.1140455997247,36.090214099900834],[100.16648759982291,36.04718880022301],[100.1971660999356,36.03425539986688],[100.20555679980652,36.0164420001982],[100.1971660999356,35.994169599947156],[100.19034870013246,35.96828330013426],[100.19821499992236,35.94429909972371],[100.21604519982617,35.91627289997439],[100.21552079974515,35.89206040036726],[100.22024060012365,35.873152600412254],[100.24672379976363,35.846376499675785],[100.26324300036424,35.82554439965435],[100.27714019966055,35.801516899585295],[100.28107330009277,35.78046020017814],[100.29418009963194,35.763283900032036],[100.30185340041413,35.77007190009817],[100.32695040034076,35.76646730042563],[100.33531600013333,35.767403599896284],[100.34513279993882,35.77345169983613],[100.35631089992813,35.78568089955394],[100.3648168002552,35.78556510014931],[100.37395510024771,35.788344900097115],[100.37960540036897,35.792861999581646],[100.38762179970632,35.79084340020279],[100.41370580018258,35.79359679965262],[100.43394060017863,35.81768319991977],[100.49121810023519,35.84758260025683],[100.4969839002868,35.85674200014324],[100.6312957997614,35.913208100373595],[100.69868259962232,35.97673119958523],[100.78083910034428,36.13158739983868],[100.91774099964749,36.12287490005667],[100.92182059964102,36.123064399802274],[100.92618189967499,36.12658219960889],[100.92733029975358,36.128898999789044],[100.9413738996858,36.12909969969144],[100.94926760001977,36.134066700318044],[100.96377009971042,36.13554930016011],[100.97166389986916,36.1408123998724],[100.97625330034958,36.148817500127564],[100.97625330034958,36.15785930016665],[100.97983299959333,36.163417300168305],[100.97909870044475,36.17742169955187],[100.9625768999041,36.21897549971959],[100.96276050009703,36.22712069996038],[100.94776099997023,36.276387600407475],[100.9723601999633,36.32698509998244],[101.03440890025058,36.35537630037601],[101.05423509957023,36.381688100025826],[101.087278799577,36.395579499594305],[101.10995540012169,36.4095801002415],[101.08609000015343,36.437236999687855],[101.06368999959386,36.48704899991145],[101.00797999987714,36.531798999624186],[100.99007000043025,36.57067500005127],[100.98437999973726,36.62036099986028],[100.94781000043122,36.66305900027271],[100.94589999958538,36.69795599976965],[100.9208099999816,36.720783000235315],[100.91268000008199,36.74602899983853],[100.89681379991697,36.759441899823855],[100.86050420020871,36.763728700019556],[100.77374359958753,36.74413010022403],[100.7225279995676,36.74413010022403],[100.61959889976947,36.74124219996759],[100.27198959974032,36.84300289966416]]]}},{"type":"Feature","properties":{"shapeName":"Chengxi District","shapeISO":"","shapeID":"62558664B80877744295439","shapeGroup":"CHN","shapeType":"ADM3"},"geometry":{"type":"Polygon","coordinates":[[[101.63512129970826,36.64309570020646],[101.62790600026176,36.64139369995934],[101.62841980003378,36.63873709993726],[101.62350749977134,36.6369605000271],[101.63541500030209,36.638871500019775],[101.64429530008806,36.63508189990978],[101.6524521996094,36.63722549965712],[101.6566764996208,36.6323241000772],[101.66201379969715,36.63227830030337],[101.65753270007411,36.626826799817024],[101.65185290039108,36.624261300218905],[101.64925550004136,36.62068770017726],[101.64808530039636,36.61702239986391],[101.65325140013209,36.608683000020505],[101.65273770018479,36.606300200394],[101.64948389996209,36.60703339967171],[101.65073969977738,36.603734000223994],[101.64908429970075,36.60018240029757],[101.6679506004399,36.59495779966278],[101.67183230012063,36.59841799969098],[101.67768349979372,36.595989000092345],[101.68079460009079,36.589916200272455],[101.6853898002991,36.588930699792],[101.68858659969186,36.589870399599306],[101.69172620040388,36.5940869996154],[101.69829089970534,36.5951869001554],[101.69917570039831,36.59999909957884],[101.71027859997747,36.60423800008368],[101.71110630001579,36.60943909963481],[101.7137891998118,36.60682720041501],[101.71655779960281,36.607308299938154],[101.72213779971975,36.61273819960826],[101.72350839979288,36.61884590031809],[101.7336980000627,36.617081899909806],[101.7486254995672,36.61192719998036],[101.7486539999822,36.61362250027821],[101.75079470031523,36.61309560008192],[101.7527535999987,36.615095400032715],[101.74887860026723,36.616601900257535],[101.75325819970624,36.615467999948294],[101.75212790028246,36.61932339985509],[101.75521579986935,36.61729849982595],[101.75792029958222,36.61932339985509],[101.75876789981879,36.61297319965348],[101.7640557003104,36.61183920041884],[101.76883890019514,36.62089460000584],[101.78030199983749,36.633331400124064],[101.77204069981849,36.63619049959192],[101.76600389986015,36.636654299756174],[101.76160469969722,36.64103449994229],[101.75518259959733,36.64033879969588],[101.74827889995134,36.64167859978761],[101.74381549988544,36.64546600015581],[101.7377786999271,36.64665109976852],[101.73578790039136,36.64902129989315],[101.72294370019165,36.64992299974671],[101.71905829980074,36.653246199752346],[101.71507660000515,36.652833999989184],[101.70756269955899,36.65497220020694],[101.69686989982608,36.653761399768825],[101.69112209970518,36.65494639955676],[101.6760623000352,36.654379699863284],[101.66710340040169,36.650026],[101.65127289972457,36.652138500291585],[101.63512129970826,36.64309570020646]]]}},{"type":"Feature","properties":{"shapeName":"Chengdong District","shapeISO":"","shapeID":"62558664B78493744605836","shapeGroup":"CHN","shapeType":"ADM3"},"geometry":{"type":"Polygon","coordinates":[[[101.79224939969009,36.62924090034733],[101.79591229971294,36.62753599978663],[101.78380050019297,36.61385619990375],[101.78633269969441,36.61135259974276],[101.78464060008366,36.60957849994787],[101.78892270042235,36.60777670013465],[101.7820160995634,36.599404400392814],[101.7879903004121,36.59419209978563],[101.78760660016451,36.59196840012163],[101.77647160018427,36.58832159976208],[101.77461579967945,36.5864392998339],[101.77934730023776,36.578130199948816],[101.78135020015168,36.55427710000822],[101.78473450009716,36.5518359002067],[101.80055079957981,36.54673129970979],[101.80096519998403,36.54401240005228],[101.79886580011663,36.543736599564454],[101.79906109959012,36.54138240017767],[101.8078220998101,36.53787779972072],[101.81240080015687,36.5332177997617],[101.81713100029549,36.53455480026389],[101.82074499968206,36.54020530003464],[101.82387059974843,36.535810500254456],[101.82357759972649,36.533455999594764],[101.82797300025379,36.52827599993748],[101.82914510016627,36.528354499960244],[101.8286566999468,36.53149399994817],[101.83293129993962,36.532638999690164],[101.83764279957558,36.52929629968452],[101.84313249966516,36.52861660017601],[101.84848480043325,36.532278799626965],[101.86040109993087,36.531022999811626],[101.8697779999548,36.53486869963086],[101.88136240015473,36.53325760015815],[101.8898044000531,36.53325760015815],[101.89439779981865,36.53811210009337],[101.9036731996585,36.54358280020614],[101.90928170019038,36.54903899965018],[101.91203570038732,36.562745799878826],[101.91063180021746,36.57321400022596],[101.90474690024928,36.5795675998649],[101.90416080038068,36.58435200034461],[101.89456419957821,36.5926848998883],[101.88535840007017,36.60485909976768],[101.8794489998715,36.606819299870835],[101.87751990012333,36.613915000277075],[101.87101090033286,36.61798009960199],[101.86020700015297,36.62159790042284],[101.84936500019467,36.62941719984394],[101.8517825001623,36.635531099580646],[101.85425049976084,36.63641869986316],[101.85208189975992,36.64626559997748],[101.85017089976725,36.64826659962392],[101.84424489988226,36.648151599716584],[101.83929740015498,36.64337230019157],[101.83289890006427,36.64500870029133],[101.82973659956446,36.65041580034898],[101.81557039955436,36.65393379980509],[101.80177239997636,36.64948300014038],[101.79224939969009,36.62924090034733]],[[101.81086569969233,36.601598599595775],[101.81299259992858,36.60297169978418],[101.81216840005169,36.60420960039278],[101.81418900042212,36.602502099892035],[101.81235450035996,36.59950689972368],[101.81086569969233,36.601598599595775]],[[101.81731549981055,36.60184150018512],[101.82275859972964,36.600090299827514],[101.81848530015651,36.59999169995706],[101.81731549981055,36.60184150018512]],[[101.80608449989978,36.59962660038735],[101.80757589960814,36.60103020018363],[101.80927410021962,36.59946560015737],[101.80724379976164,36.59862040021136],[101.80608449989978,36.59962660038735]]]}},{"type":"Feature","properties":{"shapeName":"Guinan County","shapeISO":"","shapeID":"62558664B72374441416179","shapeGroup":"CHN","shapeType":"ADM3"},"geometry":{"type":"MultiPolygon","coordinates":[[[[100.22102970036042,35.63790270014954],[100.23043729964172,35.633195000149215],[100.24689769986901,35.61289290028719],[100.24657129992562,35.58317080039217],[100.25375139990723,35.57016390024387],[100.25538319997474,35.54998579980486],[100.26941699999463,35.53192729980509],[100.29128360005814,35.51041119971717],[100.28638810003088,35.49792399979282],[100.29226270006359,35.48171420015029],[100.33240590011224,35.47905650025734],[100.34970340009193,35.46869080014039],[100.34382880005916,35.444233100377346],[100.39931120025176,35.4274806003495],[100.43619080016538,35.41311850011874],[100.4609947002453,35.41604429960478],[100.51517170031377,35.40513849994187],[100.53997560039369,35.4059364998696],[100.57489689957231,35.402744299609765],[100.59023620044036,35.40886259972922],[100.60720729957728,35.407798600125375],[100.6375594995713,35.41152260008795],[100.66432159966217,35.41817210006241],[100.69165999970926,35.420169999745724],[100.81494999974274,35.41415400020702],[100.83801999972326,35.433337999948776],[100.93343999965634,35.417678999985924],[100.95676000037378,35.402030999630995],[101.03757000015543,35.41135399968738],[101.12275999957438,35.408843999950705],[101.14339000034829,35.39780800003922],[101.15710000036478,35.40433899994497],[101.21233000042923,35.388534999590604],[101.23464000043572,35.370338000398476],[101.29123000026436,35.3688890001273],[101.37160000043974,35.3374819996946],[101.48486000018892,35.330997000111495],[101.49483000040425,35.342175000276086],[101.4355899997787,35.41706799968847],[101.4311700000955,35.48245200035956],[101.44283000000456,35.48625899965316],[101.46282000004305,35.473582999655775],[101.49077999979721,35.49159600025524],[101.47488179995514,35.50615599989953],[101.46313259988966,35.535375500179214],[101.41874659987576,35.55768150000125],[101.41156649989409,35.56883209962177],[101.41091379983203,35.607581800160006],[101.38741529987624,35.642069100008996],[101.35738949982562,35.64472140037236],[101.32409999981519,35.66328469972916],[101.25947929963002,35.66964829982925],[101.25164649958634,35.68343429975317],[101.26078479957891,35.705699000008906],[101.26470119960072,35.74491209961377],[101.2901577997427,35.769278100004385],[101.29211599975366,35.77934009996568],[101.27906129973923,35.81322389986315],[101.2490354996886,35.846035000115194],[101.2470772996777,35.89416879975033],[101.22031519958688,35.94174480028238],[101.22357890044594,36.02730950043315],[101.21378790039137,36.052116399752094],[101.17218390006701,36.06393880013559],[101.16577989972268,36.05754919973583],[101.15796230002019,36.05703609963632],[101.15386599961624,36.05108909968226],[101.14575999992411,36.05022610035428],[101.13900980016223,36.059997800058454],[101.13061529975636,36.05866860027572],[101.11858610026837,36.06734329975353],[101.11737450033297,36.07543410000375],[101.10892230032397,36.07820860024674],[101.10176819974271,36.085319300445406],[101.09530649979519,36.08168239982297],[101.0814598999545,36.08263830001761],[101.07450769987054,36.07874490015706],[101.06608439957546,36.080190400266815],[101.05434360007712,36.073592200319865],[101.04935310016549,36.07424510003142],[101.04329520031331,36.07942099967943],[101.04116050025692,36.091543500232376],[101.03169869973527,36.097231099735495],[101.0258715002696,36.09520309974329],[101.02313109962063,36.09590239997584],[101.02157330026768,36.10144990039265],[101.01219800013763,36.10995670004172],[101.01236649981416,36.124147299558274],[100.97831709965448,36.13463890026509],[100.97142879999916,36.12998579990477],[100.94917040039371,36.12810619974135],[100.94233709967745,36.12407789977533],[100.92618189967499,36.12658219960889],[100.92182059964102,36.123064399802274],[100.91774099964749,36.12287490005667],[100.78083910034428,36.13158739983868],[100.69868259962232,35.97673119958523],[100.6312957997614,35.913208100373595],[100.4969839002868,35.85674200014324],[100.49121810023519,35.84758260025683],[100.43394060017863,35.81768319991977],[100.41370580018258,35.79359679965262],[100.38762179970632,35.79084340020279],[100.37960540036897,35.792861999581646],[100.37395510024771,35.788344900097115],[100.3648168002552,35.78556510014931],[100.35631089992813,35.78568089955394],[100.34513279993882,35.77345169983613],[100.33531600013333,35.767403599896284],[100.32695040034076,35.76646730042563],[100.30185340041413,35.77007190009817],[100.29418009963194,35.763283900032036],[100.29682119983858,35.75048899976758],[100.28656469990102,35.745909999946605],[100.27887159964467,35.73695869958436],[100.27287460008279,35.72437430003396],[100.27005969959549,35.722089000407095],[100.26918350001858,35.71393650036924],[100.2653384000472,35.711406600434316],[100.26944350031732,35.70483520028432],[100.26880100036595,35.698192799558115],[100.27130480017644,35.69513229961598],[100.27122330001532,35.692560400442176],[100.26717940040908,35.690688400449346],[100.2643450997466,35.68609740007503],[100.25664249995145,35.68492899997341],[100.25203389984466,35.6793699999256],[100.24734429959983,35.67751640006185],[100.2431957000216,35.67670119970063],[100.23540130012998,35.67948940021569],[100.23278930018614,35.67712420032166],[100.22189159981752,35.67528649957234],[100.22239790014305,35.67175300030078],[100.23455439956592,35.67009169977217],[100.23632070044005,35.669230699637126],[100.23684520034578,35.66596379988948],[100.23478119959276,35.66414719993338],[100.23598890006775,35.659423000071456],[100.23476550012776,35.65757710020307],[100.22223360030046,35.65227489976684],[100.21780420000391,35.645076200006656],[100.22242970017061,35.64017819986407],[100.22102970036042,35.63790270014954]]],[[[101.37378639982256,35.29012129955839],[101.3880156998647,35.27076160016776],[101.3880156998647,35.23525680016127],[101.40224490008211,35.21975890025311],[101.43149389992362,35.20554989970816],[101.44809469961075,35.20877940024917],[101.4322844004048,35.23331970004415],[101.43860860030674,35.24623260035429],[101.456790400057,35.25527050003359],[101.48287729994752,35.25204279993534],[101.48841090044277,35.232028299666354],[101.51765990028423,35.23009109972452],[101.55402359960948,35.25462499994387],[101.57141489977784,35.28818559968573],[101.56113820016787,35.30883129992458],[101.53426069997141,35.32882690004146],[101.49710659998965,35.289476099842204],[101.43860860030674,35.29786390029881],[101.41568369964307,35.29979939962266],[101.37378639982256,35.29012129955839]]]]}},{"type":"Feature","properties":{"shapeName":"Datong Hui and Tu Autonomous County","shapeISO":"","shapeID":"62558664B30558694910870","shapeGroup":"CHN","shapeType":"ADM3"},"geometry":{"type":"Polygon","coordinates":[[[101.33181000013144,37.00948300014039],[101.45122000020291,36.9344709997369],[101.55122000000307,36.892852999666275],[101.57732880018403,36.8272101003659],[101.5701106004239,36.8198716000943],[101.57079559963728,36.81402210013988],[101.58859670017762,36.79194000003105],[101.59111759969755,36.79555679990642],[101.59751099973289,36.79573959970281],[101.6016210004089,36.79409400043784],[101.60299109955963,36.79153400019402],[101.6224681002227,36.789860600186614],[101.62765150021664,36.784950899864214],[101.63244650010597,36.78440229992623],[101.64082160033666,36.77292809995191],[101.64215430028077,36.76728330008427],[101.65061620037739,36.768287199794486],[101.65276850016619,36.764832300370415],[101.65642189975091,36.76903939994838],[101.66213029967366,36.77013680037311],[101.6657837001577,36.768856500327274],[101.67674389981119,36.769953899852624],[101.68290899975062,36.76721019959109],[101.68542070010528,36.77086839975692],[101.69158580004472,36.77214879962747],[101.69501079970871,36.77507519986062],[101.69797920008006,36.774709399719086],[101.69660919985478,36.76940520008998],[101.7041443000195,36.75733220002104],[101.71373450034696,36.75934449964899],[101.71715950001095,36.761722600317796],[101.72115540010168,36.76080799968946],[101.72366720028111,36.75647539971999],[101.72979120030374,36.75794330014321],[101.7439466003554,36.75353949994803],[101.74710899978055,36.7554699999406],[101.75888019996131,36.757521099918904],[101.76917050001862,36.75448470000896],[101.76696180014704,36.750482900365625],[101.76661039995008,36.738959000257694],[101.76169120008888,36.72019119956428],[101.76237859959275,36.71869939965762],[101.76621200028364,36.7185287002394],[101.76809320034096,36.720264300057465],[101.76876760014471,36.71724840019357],[101.77810500014567,36.71907349964232],[101.78250430013338,36.71789400010806],[101.78735319999026,36.72169860001043],[101.7871859998341,36.723443700266614],[101.77916050025692,36.72692970004567],[101.77839860001546,36.732227799573366],[101.78744030022972,36.742578999920966],[101.78873200008178,36.74678379993247],[101.78768250024723,36.759396799722595],[101.79058869990865,36.76444140015053],[101.79026580012663,36.77103779965478],[101.79753150027858,36.778732700353885],[101.79527100035642,36.782870900171986],[101.79801579958956,36.79075860022925],[101.79777370029609,36.79593049969287],[101.79599760040901,36.7988394998431],[101.79058869990865,36.80168370024262],[101.78824760004676,36.80685490003367],[101.79551320037393,36.811831699673235],[101.79607830017346,36.81512790023248],[101.80318250007235,36.823335400108704],[101.80374759987188,36.82734189960905],[101.80382840036043,36.83393279975894],[101.80253669960905,36.8371634999956],[101.79922679967711,36.83936020021309],[101.79849389987362,36.84985890016816],[101.80325580021508,36.85578509970264],[101.80226919986376,36.86456519972427],[101.80546590033111,36.88867550037412],[101.80877680030915,36.89424530038036],[101.80318250007235,36.9066618999268],[101.80341089999308,36.910130799996466],[101.81045290008132,36.91322710015061],[101.81425690013589,36.92199719971103],[101.81247859960774,36.9257897001346],[101.82852789994269,36.93331410016566],[101.83537799999476,36.933131599843534],[101.83484749981233,36.93957600043211],[101.83960230000622,36.9447206000757],[101.83994479961285,36.95211110004726],[101.8470158001391,36.95866050008209],[101.84679489966493,36.96725489999369],[101.84074390031083,36.97108590039403],[101.83663389963482,36.978929899695174],[101.82921290005538,36.982213200378965],[101.82795710024004,36.985313900016536],[101.82909880036942,36.99032959983123],[101.83373000043923,36.998352000344596],[101.88028999998357,37.05857799967498],[101.87916999959589,37.12626300033725],[101.91089999963532,37.15085999968926],[101.82021000019142,37.1924060000369],[101.79829000018344,37.21828500005279],[101.76235000025235,37.21812399982281],[101.68503999999604,37.245952999831104],[101.60043999990614,37.25888099975839],[101.56571999957839,37.27924299986461],[101.54385999963932,37.279162999772666],[101.52971000001656,37.32646600030574],[101.4209700000655,37.34682100008911],[101.34788000016192,37.34721400022596],[101.28362999962485,37.381854999608606],[101.24600999956186,37.368068999684624],[101.18128000027184,37.374248999591714],[101.12987999966231,37.38199199963111],[101.11367999993212,37.401805999647195],[101.08787999996207,37.393519999748264],[101.03088000011195,37.40927499964158],[100.98535999996409,37.38780999993162],[100.95972000017792,37.35428599989905],[100.91397000021539,37.337684999663054],[100.96446999979071,37.323875000430974],[100.96842999984466,37.283871000146576],[100.99976999988564,37.26747100018656],[101.03375999982421,37.21980299990855],[101.07919999988013,37.226051000253506],[101.12373000023939,37.209853999762345],[101.179560000094,37.117381999979386],[101.26313000034929,37.08805800027653],[101.26562999962482,37.050610000051506],[101.33181000013144,37.00948300014039]]]}},{"type":"Feature","properties":{"shapeName":"Da Qaidam Administrative Zone","shapeISO":"","shapeID":"62558664B17822016305231","shapeGroup":"CHN","shapeType":"ADM3"},"geometry":{"type":"Polygon","coordinates":[[[94.08385740039876,38.738731599983396],[94.09110370037553,38.7131276998835],[94.07829359976989,38.69050259991508],[94.10526230021503,38.613629000178264],[94.09582320038044,38.57990499991587],[94.04323440034733,38.55249260005348],[93.97513850034159,38.5240148003428],[93.95760889973099,38.470720500151],[94.12076919963891,38.44273839955753],[94.19088770010734,38.40365090016894],[94.21920479996163,38.355026200199006],[94.28662639998845,38.28784919958093],[94.26033200042156,38.268266200324945],[94.22662120040815,38.260325700170995],[94.17403229965095,38.214253500099005],[94.058067099617,38.07639240008922],[94.06076400005861,38.05091260013643],[94.08492130017794,37.996107800434686],[94.07708609984371,37.97608960035484],[94.07913080024628,37.966765999551285],[94.07384099966248,37.945116199952736],[94.06707329999284,37.943468800245],[94.06442849997535,37.93750919988969],[94.03231190027401,37.93855209959975],[94.02974999976271,37.941993000176865],[94.00794120002644,37.95777010001018],[93.94933529968438,38.00851319982439],[93.92422470020983,38.025465500432574],[93.90668130040177,38.03081530018602],[93.89893330013177,38.02826349996059],[93.89142149960259,38.028074900436366],[93.87528840043939,38.02323459989691],[93.86961090032287,38.018288399689936],[93.86506559989755,38.018863599775386],[93.84556529959895,38.00902660029743],[93.83594699995416,38.00786879960549],[93.83358850000934,38.00486090011049],[93.8188479003104,38.00676360026],[93.80116670008323,38.01121179998461],[93.79567049969387,38.00807930031948],[93.78638620016307,38.00744770015132],[93.78364769978157,38.003868900229634],[93.77969789983825,38.00396409976344],[93.77141220031285,37.9965924001192],[93.75016329959664,37.989957200264655],[93.7404588997585,37.99084979987839],[93.73458109993788,37.98774390036078],[93.72977189975342,37.987901899553094],[93.71996050037683,37.98448020040098],[93.6616280002321,37.945183200344445],[93.65145460034961,37.9111520995898],[93.62855029955676,37.90206389992909],[93.61655159967665,37.87080430017835],[93.5942063003805,37.86379019975794],[93.5355495002093,37.8840137995972],[93.50167960023344,37.90537939993942],[93.10600119959577,37.92201990019828],[93.12106429977769,37.88545509987301],[93.14432480044923,37.864433500105974],[93.14141399985624,37.84433549958368],[93.12282100038891,37.83209909989358],[93.06275140035689,37.83266390021885],[93.02508869958388,37.83755859984956],[93.0053038996553,37.83002809971708],[93.00053649995954,37.81590620031096],[93.05369330010575,37.797072800369506],[93.10415450023004,37.76194310039381],[93.11400129962033,37.762406799834025],[93.17192550036162,37.73319189958653],[93.23924999968779,37.66787869984216],[93.28236360020003,37.62923849985691],[93.33340740003155,37.62716529993867],[93.50660740031134,37.62785640015278],[93.54369060044093,37.617489899639224],[93.63399889972948,37.57635540028156],[93.64970470041163,37.60228320020957],[93.71776309958744,37.59018469986404],[93.75397370012621,37.60815890011321],[93.78451270010106,37.60712199978053],[93.81461550010528,37.612997400209906],[93.82028699994515,37.62647430044865],[93.86778339968419,37.633357500048646],[93.86506340015586,37.64143479967629],[93.85826340043565,37.64358860043359],[93.87186339987608,37.667007100297496],[93.89872340016484,37.677771700103904],[93.91300340038669,37.68665140004214],[93.9351033997022,37.68934199983346],[93.94870340004195,37.679117200098744],[93.97216340002097,37.67212049976132],[93.9922233996902,37.66323910010442],[94.03098340016385,37.66323910010442],[94.04084339980312,37.66754529957598],[94.06498339966424,37.66243159973857],[94.08028340015886,37.66216250009933],[94.08606339960625,37.66458479974875],[94.12006340000596,37.66458479974875],[94.13741050029444,37.66717030026922],[94.17395369980346,37.66165120044258],[94.21602660034739,37.662602800079185],[94.27661150022061,37.650802100336705],[94.31555889962357,37.640332200270905],[94.34344720002832,37.61767399985524],[94.3549871997995,37.611389399801],[94.39032839963602,37.581482699666935],[94.41557209967272,37.564333300041824],[94.42759290039209,37.5508015996142],[94.45235580037996,37.544320700040316],[94.49226489970539,37.51953579993727],[94.55092639973361,37.47814559993952],[94.5617451998811,37.46536149963356],[94.59660549984397,37.43825970042491],[94.59780760024063,37.42451409984591],[94.6002118001345,37.41916799990332],[94.62281089980326,37.412293799819054],[94.63026380013434,37.401790300182256],[94.66103709958253,37.379632700189006],[94.687002099967,37.36721390000156],[94.7136882999751,37.35804179988918],[94.74061489955801,37.355557500078646],[94.74830820036323,37.33548900001739],[94.75888650021187,37.32841589957417],[94.77715819979113,37.321150999818826],[94.81562480004453,37.32516589988643],[94.83053059980739,37.318091900121146],[94.84471510012185,37.31713590010173],[94.87572880004416,37.30394189959907],[94.91852290021171,37.29265820031577],[94.95362369957411,37.28577239987641],[94.98151199997886,37.28424209999298],[94.99997389987561,37.27635070012474],[95.00699609959037,37.269703100417814],[95.03248020010119,37.267407199582635],[95.0634939000235,37.27391200043854],[95.1171068003386,37.2752511997831],[95.16182419962718,37.26358049974033],[95.19323649976474,37.250445900358045],[95.2113498997781,37.23353459984196],[95.22769820041168,37.22243180008758],[95.25534610034231,37.2069233996952],[95.27506020006825,37.198497700008886],[95.30381829957491,37.19337050044828],[95.32160769993544,37.170368500006305],[95.35432900018327,37.16047620031645],[95.38227419979455,37.1624247002398],[95.42294470023779,37.152451299687755],[95.4393961998748,37.15759130019842],[95.49948610030333,37.15816829982725],[95.58271650036625,37.1711018000081],[95.5911632999464,37.18731490016256],[95.6074169999946,37.210048300089056],[95.61599180008159,37.225132099966515],[95.62354280026011,37.229412100388174],[95.63122170022137,37.23837889966654],[95.63814430001946,37.243343300353104],[95.64107630033106,37.248363399651225],[95.6500465997708,37.25353089963136],[95.64966269987377,37.25760560011838],[95.67335269966742,37.26940050013303],[95.67380510002539,37.27429750022952],[95.68072819984661,37.270480799948984],[95.67914450001871,37.275125700290914],[95.68199509999391,37.27638589958963],[95.70203389994458,37.27521560011991],[95.72602859993998,37.27031140005113],[95.76548529980681,37.280681100352524],[95.7712771001581,37.2939290997482],[95.82159339971571,37.31379670025757],[95.84258859988404,37.31408460022419],[95.8838551997577,37.32559959974179],[95.90267860013734,37.30659889981945],[95.92784210043266,37.29510140020949],[95.9687963001092,37.25762489956952],[95.98345679989148,37.23615739974423],[95.98363780014444,37.22765520012746],[96.0089769002638,37.229384500194556],[96.02671430002499,37.219440199905364],[96.0440897001796,37.21958430007544],[96.07974549995492,37.19334819995953],[96.11097250018082,37.197313899916594],[96.11596379958974,37.19603960014746],[96.1560768004041,37.34864949987457],[96.17145899983302,37.3920362002105],[96.16566720038105,37.40900260038973],[96.15335970028997,37.42194050005406],[96.16747720021266,37.44666010038338],[96.19788409967151,37.449246500225854],[96.20114199990343,37.47108419967611],[96.19245429982612,37.485734799721286],[96.1768889004025,37.486883699822954],[96.15878950013536,37.47941529967642],[96.06575859957974,37.50698740024836],[96.05924289984,37.53081769967713],[96.03498969961498,37.53655879984876],[96.0516410996571,37.54258639974262],[96.05345110038803,37.54861360033743],[96.04584930020508,37.56956149976344],[95.96729799990283,37.61172620040389],[95.94449279990283,37.61172620040389],[95.90250219991663,37.621475200320276],[95.88548880026798,37.6171744003783],[95.84820400001468,37.63007620035643],[95.8373444003239,37.64068270024649],[95.7530012996703,37.66361060014913],[95.72404229971244,37.67850989961221],[95.6968931997614,37.67707740010201],[95.6954452004357,37.70343090041575],[95.7446756000989,37.73120639975559],[95.73289810016723,37.774088799858305],[95.70810409982442,37.7898461002174],[95.72873740021089,37.79242070005529],[95.74104500012669,37.8047200999527],[95.74502689957183,37.843606900338216],[95.73054740004255,37.853897099671485],[95.71498189989484,37.88733010000419],[95.70339830009152,37.96442550043656],[95.70991409965603,37.99581149990087],[95.77289989981057,38.019769899661185],[95.7790536997685,38.04429070035559],[95.77398590042901,38.06253350022092],[95.78701749955803,38.06908829978528],[95.7877413998458,38.09758089963884],[95.80547879960699,38.13659769972412],[95.82611209999345,38.13944480043722],[95.84457349986718,38.15538670013615],[95.84927929960003,38.168479099730746],[95.87642839955106,38.19038960019992],[95.91878100004317,38.20546689977766],[95.91950500015571,38.22395379992798],[95.93222360013908,38.24770729995197],[95.92989380025875,38.24943969998225],[95.93311419966062,38.25650549972909],[95.89471960002959,38.29016430004248],[95.87091489980287,38.28433790007409],[95.8563250003985,38.28252969978587],[95.8485180999304,38.29317779961582],[95.85018189967496,38.2980994995923],[95.83648779967228,38.33645739968932],[95.83738369979795,38.342480299726105],[95.82522539993232,38.35462509986854],[95.80730790013956,38.3487035003663],[95.79156609959585,38.35462509986854],[95.77748809969609,38.35512689998649],[95.7640499998077,38.360646599660924],[95.7584188003874,38.36596510030921],[95.74945999967929,38.36616580021155],[95.741397199821,38.371684599664604],[95.73384619964247,38.37108249995748],[95.72232789961294,38.378005599778646],[95.72143200038659,38.384627000435785],[95.71400899981558,38.387435899747004],[95.7133690998042,38.393655200027524],[95.70684200025818,38.39485890031807],[95.70236270017853,38.39957309971885],[95.69583559973319,38.39596230012012],[95.68726079964625,38.396463799864534],[95.68252550035163,38.38984349997759],[95.67147570034336,38.38761589995386],[95.67038980044902,38.38321779966179],[95.6720187002029,38.379670799767666],[95.66387399998519,38.365197299615716],[95.65609130027337,38.36448770034713],[95.64577459971804,38.36718400004162],[95.63600099974639,38.364203900389725],[95.63853489986582,38.36051400002111],[95.62545290003135,38.34533840004718],[95.61230570024793,38.34110799993431],[95.58870810039855,38.34348759977297],[95.58095459987493,38.34137239971653],[95.56898729982407,38.32669649994358],[95.55499730038514,38.32220060017761],[95.54859220016994,38.315191699637296],[95.5366096997779,38.314219000106846],[95.51873179983278,38.29682300008142],[95.50490629988587,38.295887599932826],[95.5047681999925,38.310959599805756],[95.48822030022671,38.315528199866606],[95.4734170996195,38.30064280032502],[95.45508659966691,38.29083629955562],[95.44435989998948,38.29944200034811],[95.4419762001416,38.30879490016457],[95.41647049971385,38.30804670019512],[95.40788910040175,38.30000319978791],[95.39787750024652,38.3044926999782],[95.38738910022687,38.30224800024507],[95.35926129956937,38.313283799607746],[95.33542420036662,38.30804670019512],[95.31969169971222,38.32020369964107],[95.30991969963446,38.31228220036331],[95.30081779970175,38.312017699856995],[95.28012200003036,38.30505390031732],[95.27384910015593,38.29720360036589],[95.26595279988186,38.29615249973813],[95.24707989991748,38.31567449977837],[95.23078059974495,38.32846189969695],[95.20408149986139,38.328992999727234],[95.18721230020753,38.363578900346],[95.19024629982692,38.37150809961918],[95.18350410043394,38.37679380019375],[95.17786060008666,38.37759499990938],[95.16395190026003,38.38789249993897],[95.13876770026923,38.39291649959682],[95.12065149976695,38.41626630024962],[95.10468059963,38.41383829979776],[95.0746458000637,38.403751799605914],[95.045802899884,38.41720009960494],[95.03416519956437,38.41272619995419],[95.0138610996101,38.425417400292815],[95.00551110035707,38.42355520021238],[94.98191349960837,38.42408339992903],[94.97286119998444,38.430459300056725],[94.93019270003316,38.425790900429774],[94.91064629958714,38.42018830034982],[94.88132660044232,38.41458539989634],[94.87673579971744,38.39978199963963],[94.82840809995389,38.39179550006236],[94.809651199943,38.3863071003924],[94.72301439999461,38.38789249993897],[94.6527283998958,38.38338759975795],[94.60704929978539,38.36992239969902],[94.59408899980758,38.37367060041794],[94.57005849960012,38.360965000134684],[94.55960810043354,38.351448500148194],[94.5532873997937,38.35310070043704],[94.55000050002309,38.34959790042279],[94.52876269963895,38.35977550013928],[94.52623439959791,38.37074470020781],[94.527245799654,38.41513280013868],[94.52546909991906,38.426196199694914],[94.50895080043915,38.44362430012143],[94.45838459996935,38.56576659974883],[94.36871380040162,38.76318140010159],[94.33635139979731,38.75503240022516],[94.28072860014481,38.75950129964531],[94.08385740039876,38.738731599983396]]]}}]}