{"type":"FeatureCollection","features":[{"type":"Feature","properties":{"shapeName":"Jiaoqu District","shapeISO":"","shapeID":"62558664B87388663698169","shapeGroup":"CHN","shapeType":"ADM3"},"geometry":{"type":"Polygon","coordinates":[[[112.98718790020155,36.21111520020639],[112.99927060035793,36.20171270008109],[112.99624889986694,36.194038199603256],[112.99276729957126,36.16709889979444],[113.01419740018991,36.16959079977562],[113.04593329978206,36.16968440031485],[113.05830580017255,36.168277800380224],[113.06917629964653,36.1633511001732],[113.0783393004184,36.16684949980464],[113.07967630002133,36.16974750034694],[113.06529810012728,36.17564170020438],[113.07221779961185,36.1950628997331],[113.0637273999996,36.20567639994596],[113.06835099989883,36.21510169968377],[113.10265959996059,36.20930900001042],[113.10602899993842,36.21622210026976],[113.12228229978837,36.21492640023325],[113.13281970026901,36.22400479998157],[113.13879319964656,36.209047899840755],[113.13657850039749,36.20362909960329],[113.14637359956203,36.19741159976559],[113.1441522003638,36.18655069965513],[113.13810239980592,36.186953499704316],[113.1350712996009,36.173344800222424],[113.15276050019702,36.15945789996215],[113.14553609961138,36.14125539961702],[113.13662649991306,36.131265699752305],[113.15331279994587,36.13681039968026],[113.16956330020616,36.13531089977823],[113.18676780039368,36.15510939997887],[113.18878179974035,36.16092290007185],[113.19029230014962,36.19775389972273],[113.19303129965476,36.20464690013438],[113.19740279979942,36.20907190004817],[113.19953930029851,36.219489900238784],[113.19908880020807,36.226009399614156],[113.19257330011772,36.23589340036017],[113.19046029980302,36.242805399849374],[113.19275679958673,36.26713939966362],[113.17228679989591,36.268314399889675],[113.16088080000895,36.26316089965587],[113.1285782996489,36.255306399870506],[113.12290929992434,36.26728840023952],[113.12351930017564,36.27877040003398],[113.1384963001642,36.335868899929835],[113.14093780033932,36.35726940026268],[113.140258799604,36.37192539983738],[113.13691730019332,36.376640399634766],[113.13014980017317,36.381480899823714],[113.1159133001587,36.38173689993806],[113.10949680013732,36.37902089969481],[113.08992729970521,36.37773489974586],[113.07166280009824,36.38520039957882],[113.07324230009215,36.38777140032994],[113.07521830038434,36.4123723998664],[113.07200629975102,36.42626190006666],[113.06950380036017,36.43123239995532],[113.06453679973356,36.433830400152885],[113.05561830034435,36.43584839968395],[113.04680629957113,36.43557739977723],[113.02644330031808,36.42668939999584],[113.01365679972162,36.42457589965812],[113.01085680010135,36.401202900093836],[113.0133672998611,36.39155939964661],[113.02843979975705,36.383419800383535],[113.02676760034456,36.371688799898266],[113.02330369960612,36.36359670012769],[113.02615109979354,36.35555319972042],[113.03634630014164,36.3477398996767],[113.03822330036508,36.342937400340816],[113.03658440014999,36.33167599974763],[113.04408010011662,36.31403130030429],[113.04218009973192,36.30375809995638],[113.0362767996346,36.29027449976843],[113.02860640006543,36.27832890035853],[113.02100380038519,36.27666840022653],[113.0195747003122,36.23599179968187],[113.01446139977384,36.22621969977939],[112.98718790020155,36.21111520020639]]]}},{"type":"Feature","properties":{"shapeName":"Chengqu District","shapeISO":"","shapeID":"62558664B24133119430252","shapeGroup":"CHN","shapeType":"ADM3"},"geometry":{"type":"Polygon","coordinates":[[[113.0783393004184,36.16684949980464],[113.07672589958065,36.16321500037202],[113.08388100020807,36.16419530007312],[113.08858579989476,36.161354800383776],[113.08873040008791,36.13462889980394],[113.10550490023104,36.13326029982301],[113.12261379978713,36.12294789982576],[113.13754580039847,36.12031980021868],[113.14583359984078,36.12397510007088],[113.13558439970029,36.130097500199554],[113.13662649991306,36.131265699752305],[113.14553609961138,36.14125539961702],[113.15276050019702,36.15945789996215],[113.1350712996009,36.173344800222424],[113.13810239980592,36.186953499704316],[113.1441522003638,36.18655069965513],[113.14637359956203,36.19741159976559],[113.13657850039749,36.20362909960329],[113.13879319964656,36.209047899840755],[113.13281970026901,36.22400479998157],[113.12228229978837,36.21492640023325],[113.10602899993842,36.21622210026976],[113.10265959996059,36.20930900001042],[113.06835099989883,36.21510169968377],[113.0637273999996,36.20567639994596],[113.07221779961185,36.1950628997331],[113.06529810012728,36.17564170020438],[113.07967630002133,36.16974750034694],[113.0783393004184,36.16684949980464]]]}},{"type":"Feature","properties":{"shapeName":"Gujiao City","shapeISO":"","shapeID":"62558664B88217565249411","shapeGroup":"CHN","shapeType":"ADM3"},"geometry":{"type":"Polygon","coordinates":[[[111.7106932996561,37.870979399979376],[111.71864330024817,37.860626400088336],[111.72427379999596,37.856921900125656],[111.73153680038308,37.85470190027252],[111.75340279969953,37.83948490000819],[111.76315329968509,37.83613190006719],[111.77813729999644,37.82633189959756],[111.78785680035111,37.81836339995101],[111.79705830020043,37.80443189961255],[111.80094929977042,37.80087290006435],[111.81117229996175,37.79677940014926],[111.81388079985908,37.79309090002505],[111.82489080037021,37.79054240031155],[111.84700779957035,37.79490289994891],[111.85404979965858,37.79315540030154],[111.87246680000288,37.78074239984193],[111.87960029981406,37.77967440005358],[111.89090729963226,37.78586889972996],[111.89787279978992,37.785735899891904],[111.91017929983491,37.76691439977975],[111.91813679987348,37.74615490022853],[111.94178779966728,37.73605740042876],[111.9446027999793,37.722430899766266],[111.94995879965893,37.7148169002798],[111.96344730025277,37.71134939955522],[111.97074130027084,37.71580139981478],[111.97881330019374,37.72388090008354],[111.99355330004482,37.727458899608564],[112.00750729962226,37.72533389963979],[112.019172799785,37.71694190024857],[112.03099079978563,37.71407740035181],[112.04118330036908,37.71411490028248],[112.04839330011077,37.71580139981478],[112.08892829970137,37.71667090034185],[112.10398879994318,37.70774439968437],[112.12682329985546,37.68774790024543],[112.13798370028758,37.687946600055625],[112.14309940021724,37.68506360020501],[112.15220370044051,37.68485830027038],[112.15891359978286,37.676654500205075],[112.17038660006165,37.67532709996573],[112.16766730020584,37.66958740003855],[112.17120090020148,37.669395500002395],[112.17724969981384,37.67245730036416],[112.18139339988556,37.67840180020295],[112.18942200032507,37.67788939977601],[112.18722060025061,37.68178379968265],[112.19071689996497,37.685575499709614],[112.19499009971344,37.684038400052145],[112.19939289986246,37.686087900136556],[112.20340710025755,37.68434580001872],[112.20625589979,37.68660029966418],[112.21065869993913,37.685883000400224],[112.2100111997571,37.689572100372175],[112.21169460022566,37.69213380033466],[112.21829869972532,37.69028929981141],[112.2243849003429,37.691006599974685],[112.2264567000168,37.69172390013796],[112.22788110023271,37.69756439967733],[112.23966489991528,37.69592500033855],[112.24445610016892,37.6969495997443],[112.24808189956013,37.70186759990986],[112.2527436999618,37.70381419956573],[112.24743450010214,37.709448900046766],[112.2471754998495,37.71252220003953],[112.25248469970916,37.71395630034306],[112.25131919992123,37.71620989976714],[112.255981000323,37.72010229958153],[112.25753490021555,37.72747690043866],[112.26478640007235,37.73454349968284],[112.26426850029111,37.73741089989318],[112.26621080028826,37.73956140013854],[112.27074310011403,37.740892600013524],[112.27242649968332,37.74519330013072],[112.28317430015386,37.751029599836215],[112.28524619965242,37.75451060028405],[112.29677099998173,37.759527200320065],[112.30454050034393,37.768228499945394],[112.31050910021486,37.77076919983875],[112.31127420024416,37.77356479997559],[112.32381919959641,37.781356299553636],[112.3242082004482,37.78487210016732],[112.3209379003639,37.789351800445274],[112.32130409980448,37.79268030015578],[112.32936190033149,37.79687699997362],[112.32972809977207,37.809175999672675],[112.33174250021625,37.81322700032587],[112.33687019979993,37.81640979997235],[112.33577140003013,37.81915849956516],[112.313612700166,37.825378700067006],[112.30720319956811,37.830152000214696],[112.3018923998145,37.829284200305665],[112.29914549976502,37.830875199930574],[112.29987800026959,37.83564819970468],[112.28742520031278,37.848230000214414],[112.28138190005473,37.857050499580964],[112.28284690016437,37.8609543001009],[112.27826869984074,37.863267600119684],[112.27863490018058,37.87136339970118],[112.27662049973628,37.87512190035545],[112.27698679990101,37.87714559978963],[112.280100000115,37.87685650012742],[112.28435639962822,37.87289369958461],[112.2870757003833,37.874222500068356],[112.29445679974162,37.871769299713435],[112.29795310035536,37.87238259957735],[112.29601069963417,37.88260370040052],[112.29329139977835,37.88526100009511],[112.29083100035041,37.885158800238514],[112.2848744001335,37.88209270021798],[112.28034210030773,37.88188829960541],[112.27037119987108,37.90375699958594],[112.26687490015661,37.90702650017289],[112.26622749979936,37.91152189991578],[112.25845800033653,37.91877520021535],[112.25757090007698,37.92744960021895],[112.26264559991455,37.92850560035322],[112.26284250018125,37.924532099676696],[112.26482649994307,37.92256940035759],[112.26779540033749,37.92566199980149],[112.27414690005946,37.92701610001308],[112.27397519969577,37.92945340035419],[112.2820433001582,37.92904719996835],[112.28461820036966,37.932296699633014],[112.28238660016154,37.933650700019825],[112.27380360005611,37.93419229963496],[112.2734602002281,37.93554620019705],[112.280326700317,37.93933700000258],[112.29543289960873,37.93608769998741],[112.29491790014106,37.928776399711126],[112.30641920028597,37.92769309975682],[112.30710590011722,37.929994999969324],[112.30229929987286,37.93432769976357],[112.3048742999091,37.9359522998588],[112.30298599970422,37.93893079961674],[112.30573260027938,37.945429000348156],[112.30779250012381,37.945429000348156],[112.31105410016664,37.941232299631],[112.31156909963431,37.93554620019705],[112.31774889989185,37.93378610014844],[112.31843549989844,37.93513999981121],[112.31448729984902,37.93838929982638],[112.31843549989844,37.9459704003138],[112.3228987003148,37.94813629965057],[112.32169709994128,37.95003150035353],[112.3228987003148,37.9531446996682],[112.33084030033967,37.95644669995528],[112.3301539998073,37.96014459979352],[112.3332425001413,37.96239939981251],[112.3330137998471,37.96456379997943],[112.33072590028019,37.965646099887636],[112.32317609979725,37.96555589968506],[112.32226090022039,37.96772029985203],[112.31791400013105,37.9697943999916],[112.31516860015086,37.974663899719246],[112.31574060044841,37.976737900034095],[112.3246631998469,37.976918199715215],[112.32878129981714,37.97809040035173],[112.3297652004037,37.980211199587245],[112.32373239973049,37.98724399961094],[112.32546820009736,37.99090410004425],[112.31757720042754,37.992387899581956],[112.31620389969032,37.99604049966939],[112.31404570034886,37.99563850001681],[112.3126251995933,37.9981642001178],[112.3168337003151,38.000151299842685],[112.31186619966547,38.00201879962793],[112.31674719992338,38.00406800023808],[112.3139831003399,38.005986100378266],[112.31024690017432,38.00579080000546],[112.31353610041072,38.007454699574794],[112.30839779961877,38.012258799703886],[112.3107108001634,38.014571300225384],[112.30957229982187,38.01655139962742],[112.29341259961188,38.02681100042736],[112.29078159969117,38.03338870032832],[112.28563399990924,38.035370899647376],[112.28014319994872,38.04690259957539],[112.27613950003797,38.049244700382644],[112.27488120010742,38.05365859996448],[112.27682579967097,38.05807210024727],[112.26229810007737,38.05140660043429],[112.25314669966053,38.051046299647055],[112.24719830036133,38.057441599949925],[112.24902859969018,38.059783500208425],[112.25429060043098,38.06050400015954],[112.25554890036153,38.06455690018083],[112.25314669966053,38.06599790008306],[112.24651199982895,38.06365630019815],[112.24422420008682,38.065097300100376],[112.24765589970002,38.068789800409036],[112.24056359963049,38.07167149983991],[112.22717979990784,38.06914999957286],[112.22523509962025,38.07032070014026],[112.22981079982856,38.082387100084645],[112.23495839961049,38.08067639979606],[112.24067799968998,38.08130659971988],[112.24182189956105,38.08301739983318],[112.23827579988836,38.09013019994882],[112.23175550011626,38.09130060014263],[112.22512069956065,38.09616210040065],[112.2264933995508,38.0978725003157],[112.22466320004673,38.10282350020441],[112.22031629995729,38.10741410038048],[112.21516870017547,38.10849419964762],[112.21116490043983,38.11281449958955],[112.20487339988756,38.11272449993578],[112.20006889956016,38.115514599818994],[112.20086969997669,38.12154429962976],[112.21105060020511,38.12514389997108],[112.21299519976867,38.127483599588516],[112.21147280042942,38.13010740043626],[112.20541100021751,38.13085360031346],[112.19866000005902,38.13868059972992],[112.18930059994284,38.137436699743944],[112.179971999808,38.141852799966784],[112.17555779985264,38.14168070030411],[112.16118260009694,38.15081040007993],[112.15901180035439,38.15359489988475],[112.15377780000551,38.15381640020678],[112.13569629984443,38.14591990028322],[112.12576280041299,38.14378339978413],[112.11749280035247,38.14749890025411],[112.10825329965007,38.160999399602645],[112.09686279957862,38.16752240003876],[112.06304180023892,38.176902900048844],[112.04459380026378,38.1789514000871],[112.01640329977249,38.151801899937766],[112.00617979955814,38.13809590010578],[112.00180830031286,38.128745899703574],[111.99246980044097,38.11965939976153],[111.99375929965203,38.11305590010977],[112.00110630031554,38.1027868995958],[112.00528729976918,38.10111589987895],[112.00993329998187,38.09671039996505],[112.0120468003197,38.090824400125996],[112.01374829964436,38.077583400153856],[112.01013180014252,38.032924400140985],[112.01116930032299,38.025619399615664],[112.02852630034852,38.01298939994092],[112.03234880035689,38.00786190000673],[112.03173079973669,37.999114900432346],[112.0331606003815,37.99300280023908],[112.03846580005666,37.9850221003897],[112.03676960043674,37.97734020029009],[112.04047880025644,37.97073990042611],[112.0350477998162,37.9687169995899],[112.01816549973807,37.97287690004896],[112.02043040004298,37.966627799833134],[112.01670959986825,37.96637269994022],[112.00845909980762,37.96879589981097],[112.00636320010165,37.966431100115244],[112.01185629962856,37.96101589986392],[112.01962150033205,37.96216389974421],[112.02091570029938,37.957954700249275],[112.02805430016588,37.95404760011672],[112.04647610019197,37.94902549982703],[112.04944229992225,37.94247039988909],[112.03890230040088,37.93973140038389],[112.01360330015223,37.926124399721346],[111.98502279966254,37.922935400148674],[111.96771980032861,37.91628640019724],[111.95108030011579,37.908283399859044],[111.94611380041164,37.90418639978259],[111.94180280035903,37.898967900148534],[111.9418332999669,37.889327899862735],[111.9304503002412,37.885433400131376],[111.91731279964603,37.891105399994274],[111.88417030011931,37.89160939985396],[111.87677830007857,37.89360790028445],[111.87068180042479,37.893592899592704],[111.8578873003587,37.88917139984028],[111.8480988004194,37.88785939959166],[111.84004230031195,37.89120089990166],[111.83161180004458,37.90026839986683],[111.82334880030697,37.90222940036659],[111.79247280007974,37.9034878999467],[111.77776329983647,37.90196589990643],[111.75800329961265,37.90206890015969],[111.74883280029354,37.90008540042095],[111.72190829972828,37.885421899601056],[111.7106932996561,37.870979399979376]]]}},{"type":"Feature","properties":{"shapeName":"Pingding County","shapeISO":"","shapeID":"62558664B8431045860425","shapeGroup":"CHN","shapeType":"ADM3"},"geometry":{"type":"Polygon","coordinates":[[[113.43101930010073,37.76850469973215],[113.43439039979717,37.762642000428],[113.43236770040915,37.76040339989703],[113.4368175000277,37.75240770025522],[113.43155869997406,37.7452641999829],[113.43479489956508,37.734920900179475],[113.43951429974516,37.734600999636484],[113.44275050023543,37.726389299926325],[113.45138039998551,37.72094979999332],[113.45151520026639,37.71689659959844],[113.45461659957653,37.715830000054495],[113.45893149998881,37.718709899941985],[113.46176319981191,37.71423000001454],[113.46756139973888,37.71092310022095],[113.46742649963335,37.703028800039135],[113.47983189992226,37.691185799784876],[113.48252880036387,37.69310640004039],[113.50032780008792,37.69524040042421],[113.50545179986068,37.69524040042421],[113.5085532000702,37.69363990036118],[113.51071059991432,37.6857437997366],[113.50949709971144,37.682329000183245],[113.51273320037694,37.681261799892184],[113.51569980030558,37.67784679979002],[113.51987979971307,37.67709980041553],[113.52109339974072,37.6735777998756],[113.52810519969523,37.67517870013694],[113.53120650007997,37.671550000432205],[113.53633049985274,37.670909600397806],[113.54010610021646,37.66792100035394],[113.54334229980736,37.67261729964872],[113.55062370032363,37.67560560021832],[113.55507349994218,37.6736845997645],[113.56343360038045,37.67421819991006],[113.5700408996679,37.672083599678444],[113.57368159992598,37.6732575998584],[113.57462549956722,37.668988400294495],[113.57772679995196,37.66962880032895],[113.57651329974908,37.671763399661245],[113.58244629995681,37.67592580023552],[113.58433410013868,37.67315089979422],[113.58810959977825,37.67421819991006],[113.59053679983356,37.6730441997301],[113.5895929001922,37.677206499580336],[113.59889690027182,37.6804080995542],[113.60280730001693,37.67891400008108],[113.61440369987088,37.68072819974668],[113.6192580001566,37.67645940038108],[113.62020189979785,37.670802900333626],[113.62559559995702,37.668668200277295],[113.62775299980115,37.665466100280355],[113.6365176998321,37.665893000361734],[113.63907970016805,37.66365150041645],[113.64568689963073,37.663010999657956],[113.65135030017632,37.65639269986326],[113.6586316997932,37.66012890002878],[113.66011500020716,37.65810070038708],[113.66577830002859,37.657887200434004],[113.66699190005625,37.66098289984103],[113.67171130023632,37.661943599717404],[113.67211589982901,37.664718900357],[113.6796669998322,37.67219039956734],[113.69404890043643,37.6698876998575],[113.69511230019259,37.67356790013855],[113.69180269973492,37.67741989970864],[113.69449950035175,37.68360959970329],[113.7013765000255,37.682435700247424],[113.70582619981928,37.68435659997715],[113.7121637996197,37.682862600328804],[113.7195801002415,37.68457000010545],[113.72740089973183,37.68371629976747],[113.72969319968149,37.68414310002407],[113.73023249973016,37.687024300331245],[113.73400810009377,37.68734439962441],[113.73657010042984,37.68659750007464],[113.73670489981134,37.682862600328804],[113.74209859997052,37.68115509982806],[113.74425599981464,37.68264910037573],[113.74668319986984,37.67998120037214],[113.75814469961824,37.6806214996825],[113.7647518999803,37.66525260032728],[113.76825779995761,37.664291899551586],[113.77041529962639,37.66664020028509],[113.77351660001113,37.6640785003226],[113.77783160024819,37.66461220029288],[113.77688769970769,37.66994900034615],[113.7829555001963,37.67261729964872],[113.7864614001735,37.6779534998542],[113.78659630027914,37.67560560021832],[113.78875370012327,37.675285500025836],[113.78956280038301,37.67293749966592],[113.79333830002258,37.67219039956734],[113.8000803995908,37.67432489997418],[113.8072269998263,37.66952210026477],[113.81154190023858,37.669735500393074],[113.81100260018991,37.671976899614265],[113.81558720008923,37.671976899614265],[113.81666590001134,37.67005570041027],[113.82489120016885,37.67400469995698],[113.82691389955687,37.67741989970864],[113.83513919971438,37.67677960039828],[113.83810569981824,37.6806214996825],[113.8486232999254,37.68179540003774],[113.84875820003094,37.68947859965772],[113.866557199755,37.69492030023173],[113.86574820021929,37.69972150004725],[113.8850305003574,37.70772289959217],[113.89015450013017,37.70718949999548],[113.89541330018369,37.70932300035622],[113.91118980016915,37.70420240002079],[113.91793179991271,37.70537590017773],[113.92602229978934,37.70281549973555],[113.9275056002034,37.70078839996472],[113.94125939990147,37.701641899753895],[113.94260780020988,37.6956671997815],[113.94638339967423,37.69481360016755],[113.94759699970189,37.69257289971961],[113.95420420006383,37.69193270023396],[113.96135080029921,37.68083499963558],[113.96633989996644,37.680301400389396],[113.96728379960769,37.67699299962726],[113.96957609955746,37.67592580023552],[113.97375619968898,37.67838039993558],[113.98359959964182,37.676076700179635],[113.99061139959645,37.67757090037679],[113.99384760008672,37.69208360017808],[113.99249919977831,37.70061919971636],[114.0003200001679,37.704459900204256],[113.99508289985602,37.711904300143374],[113.98785869981918,37.712327000390815],[113.98307039987913,37.7168819001796],[113.98326110021969,37.72291500032708],[113.98644000040576,37.73293109979045],[113.98974399988572,37.73595969988031],[113.99050669962458,37.74168959989515],[113.99470159989903,37.7445544001655],[114.00986019998834,37.748172899759595],[114.02377940029919,37.747871400245],[114.02787889959166,37.752921900225545],[114.03607789997511,37.752168100177755],[114.0335991004182,37.76015800009168],[114.03931940017026,37.76558450032451],[114.03531520023637,37.768523800433115],[114.03417119964126,37.775456899816106],[114.03916929972343,37.77914399969586],[114.04243189981241,37.78532859963519],[114.0413176002271,37.78914510026624],[114.03302450018055,37.79037589982795],[114.03159480025988,37.79630150041396],[114.00862869985463,37.80615909976268],[114.0144246002152,37.81278179994018],[113.99829779990364,37.81879449986633],[113.97078699982023,37.816234600346604],[113.96203099983086,37.827911100117205],[113.96200090042123,37.859054899564],[113.96593950020781,37.85759760034904],[113.97579079980562,37.86342040033128],[113.97308739996356,37.86913450015709],[113.97261079974862,37.88092039975669],[113.96645060021513,37.87756939990794],[113.96384270028045,37.88336459969656],[113.96514529991578,37.88568430019035],[113.96180960023298,37.897091499772955],[113.95060730038665,37.91086960005208],[113.94839789994319,37.91934649994107],[113.9301331997874,37.92303120042959],[113.92291719976902,37.931022399863934],[113.91823359980083,37.93301399979629],[113.91569230005962,37.93696169982263],[113.91737840029305,37.942066800342616],[113.92221269965637,37.946943400217776],[113.92102340020983,37.951049700183546],[113.91616370039446,37.95315510032765],[113.90939210036515,37.965246999649366],[113.90387589995294,37.96856770043905],[113.90400250021526,37.973980100201516],[113.90187340023726,37.97873529969439],[113.89747899975612,37.98027280044943],[113.89319030019226,37.987784600079294],[113.88111150039549,37.99145239960859],[113.86879039985718,37.98973629979048],[113.8638682996824,37.99385119997294],[113.8595587996989,37.99390819990356],[113.85627199975306,38.00132970040539],[113.8656903000674,38.006531200154825],[113.86746210029571,38.00916189970195],[113.87277540016464,38.02806470032573],[113.87230189991283,38.033172499711156],[113.86694319956905,38.038575599584306],[113.8680395001229,38.04267809991444],[113.8657949002145,38.04736319995175],[113.87206439975228,38.051603399976955],[113.87254090014244,38.0597331004023],[113.86428120001744,38.060233399551805],[113.86412240042853,38.064985800354464],[113.85307189984837,38.06544589980848],[113.8508185998985,38.069310800153346],[113.8557627001885,38.07261379958726],[113.85173280032848,38.078365699717324],[113.84645290038111,38.0790938996638],[113.84823820033273,38.082616699700964],[113.84410840018256,38.083366899762666],[113.84283759967559,38.08686750003517],[113.83854890011173,38.087617700096814],[113.82838310039983,38.102118400244024],[113.81889989961076,38.10785510003291],[113.81222629960405,38.108080099616984],[113.80717340023227,38.111455700420265],[113.8019846996342,38.10841349988317],[113.78708159963617,38.10713560012789],[113.78736820008248,38.104654900303444],[113.78134970042845,38.10082099958953],[113.77991669999574,38.091122500203255],[113.77733729957674,38.089769099664295],[113.77408920015648,38.09142320022056],[113.76912149985742,38.09067130044019],[113.76883490031048,38.08773899975506],[113.76128779959231,38.084731299909606],[113.7575620000863,38.08052029997191],[113.75698880009315,38.07676030014778],[113.75421830003461,38.075782700211505],[113.75087469980758,38.07645950030576],[113.74877300037372,38.08082109981393],[113.74304100044185,38.082249799688555],[113.73664029971007,38.08112189965601],[113.72766020035806,38.08191140009109],[113.7257494998396,38.08649829955692],[113.72918869979867,38.08886679996289],[113.72479420039213,38.09345320030502],[113.72488980012429,38.098264899705384],[113.71433339966677,38.10130960035781],[113.71127630006129,38.10048269981678],[113.70091100014258,38.10442939979703],[113.69957360034141,38.10296350036532],[113.69011580000426,38.1020614003134],[113.68193149993886,38.10387219964235],[113.6786997996561,38.10313049997262],[113.67802649972327,38.10111720029863],[113.67183230042042,38.09740839977786],[113.66846589968156,38.09804419978002],[113.66617680041907,38.09677249995099],[113.66577279977491,38.094335199609816],[113.67142839960104,38.08999009996319],[113.67062040011149,38.08670470026175],[113.66711939964068,38.08479690005697],[113.65553889980049,38.08861239974249],[113.64840210037664,38.08787050042332],[113.64315060012018,38.09020209984709],[113.64247730018735,38.08575080015936],[113.645170400094,38.079073399617755],[113.64624759994683,38.06932110008876],[113.64395849978496,38.06932110008876],[113.64584370002683,38.06592869994961],[113.63938019963655,38.05776509957974],[113.6397842002807,38.054266100100506],[113.64476640034911,38.0552204004012],[113.65109530010807,38.0537359002916],[113.65257649970579,38.05193330008177],[113.65540430006843,38.05299369969953],[113.66213709974738,38.05108509999741],[113.66752329956068,38.0452527995771],[113.66711939964068,38.041541099642075],[113.66954320025854,38.04196529995869],[113.66833129994961,38.03751109995733],[113.67129370004432,38.034753599599014],[113.6715698000063,38.02919430007694],[113.67328370008272,38.028594300286784],[113.67204590019821,38.02671920033089],[113.67433110000036,38.02484410037499],[113.67642580001075,38.02671920033089],[113.678425400312,38.02334399972585],[113.68470960016793,38.02439410030752],[113.6879470003538,38.01659299956731],[113.68575700008557,38.01434250010635],[113.6810914000481,38.01929340017034],[113.67871099981289,38.018393300210676],[113.6803297003554,38.016442900019854],[113.67813970008717,38.01314220015246],[113.67604490025201,38.01704310035882],[113.6748071003675,38.01659299956731],[113.67433110000036,38.011791899576565],[113.67099850028058,38.01426750024501],[113.67166500043948,38.01164189985383],[113.66833239982043,38.014567600414466],[113.6576682003273,38.01119170013692],[113.65671599994346,38.009466300429494],[113.64833700025247,38.00984139956097],[113.65052699962143,38.007815799859316],[113.64795609959435,38.006690399942045],[113.64995569989571,38.00646529963393],[113.65005090032889,38.00428960038482],[113.65185999993912,38.00413949993805],[113.65357390001554,38.007065499972896],[113.65585909981769,38.006990500111556],[113.65757299989411,38.00293910015938],[113.65795379982808,38.005565000024774],[113.65985819969626,38.00451459996884],[113.66204819996449,38.005865100194285],[113.6646190001668,38.00428960038482],[113.66404770044107,38.00248890044247],[113.66804680031964,38.00076320036146],[113.66842760025361,38.00316419956823],[113.67356929958362,38.00121340007843],[113.67366450001668,38.002413899681756],[113.67614019961059,38.0023387999957],[113.68394789957597,37.9979870003998],[113.68251969972448,37.99513569985271],[113.68613789984431,37.995285800299484],[113.68699479997008,37.99348489980832],[113.6856617996524,37.984929999919586],[113.68261490015755,37.9859807003491],[113.67823489962097,37.983354000087104],[113.67652100044393,37.98530529959993],[113.67404539977542,37.98275360009859],[113.67242670013218,37.98320389964033],[113.67328370008272,37.98508010036642],[113.66928460020415,37.98583059990233],[113.67023679968861,37.98823200020672],[113.66842760025361,37.98763170004298],[113.66280989965719,37.97997680028914],[113.66290510009037,37.975098200321725],[113.6589060002118,37.97074479993262],[113.65519259965879,37.96736700028691],[113.64728960033483,37.96706669956859],[113.6462422004173,37.965940699803525],[113.65224089969786,37.96308809973607],[113.64776569962737,37.96098619975339],[113.65395479977428,37.95513040004795],[113.6538595004157,37.95242750022902],[113.65671599994346,37.95070070027714],[113.65728729966918,37.94807269959546],[113.66138159998093,37.94882360022905],[113.66014380009631,37.94514439999409],[113.66366679978307,37.945444699813095],[113.66452379973362,37.944318399674444],[113.66766589966164,37.94551980039853],[113.66871329957917,37.94199059988631],[113.67109369981449,37.94116459956666],[113.66814199985345,37.93470649960534],[113.67518800012613,37.931852699842295],[113.67594969981883,37.933805299774804],[113.67823489962097,37.934331000275506],[113.67947270040486,37.93222820007145],[113.67709230016953,37.92937429958431],[113.67813970008717,37.92689580040093],[113.67575929985185,37.92644519958634],[113.67823489962097,37.92238930032602],[113.68137710027304,37.92426710004668],[113.68251969972448,37.91833319961751],[113.68709000040326,37.91743189996225],[113.68404310000915,37.91953510036467],[113.68404310000915,37.92088709975991],[113.68642350024436,37.92156310035682],[113.69375519984271,37.91668069985445],[113.69775429972117,37.91668069985445],[113.70718070022917,37.911873099563934],[113.69956340023077,37.91217359993175],[113.69851600031325,37.9110466999453],[113.69880159981403,37.90961940031514],[113.7012773003072,37.910671099891374],[113.70261029972562,37.9095442997297],[113.70222939996688,37.90503669978392],[113.69965859976458,37.90158069958966],[113.70194379956672,37.900453699778495],[113.70356250010934,37.90210659973985],[113.70546680015275,37.901730999685924],[113.70727589976298,37.900002900213735],[113.70337200031759,37.8960958999059],[113.70308639991754,37.893541100441496],[113.70118209987402,37.89346599985606],[113.69918249957277,37.8972980003025],[113.69794469968815,37.890911200391656],[113.69537390038522,37.892864900195036],[113.69670689980364,37.899326699967276],[113.69185089979919,37.896170999592016],[113.69251739995809,37.89061060019907],[113.68966090043023,37.89271460009877],[113.68670919956992,37.89218860012386],[113.6879470003538,37.8891829003706],[113.69099389984865,37.889258000056714],[113.68994649993112,37.887229099843125],[113.6950882001604,37.88880709976792],[113.69708779956238,37.8848243001014],[113.6958498998531,37.883020699845474],[113.69280300035825,37.882043799581766],[113.69127960007359,37.88347160013427],[113.68490009995969,37.88362190023054],[113.6810914000481,37.88707879974686],[113.67652100044393,37.88775509981804],[113.67671150023557,37.88610190038247],[113.68090100008112,37.885275200390254],[113.68118659958202,37.88407290034411],[113.67804449965399,37.884448600222754],[113.67690190020255,37.88294560015936],[113.68023449992234,37.88294560015936],[113.68147229980684,37.879563699605114],[113.66957019970505,37.87467850041253],[113.66937979973807,37.870394300156875],[113.67356929958362,37.86686149965851],[113.67680669976949,37.86483199959713],[113.67975839973042,37.86656079964126],[113.68328140031645,37.86520780019987],[113.6806152998563,37.86054720039306],[113.67718749970345,37.858442300271975],[113.6780272002951,37.85166350027038],[113.67024620030202,37.8489290998981],[113.67272530023251,37.84576680029767],[113.67091369960758,37.84373389989963],[113.67301129993166,37.83989380015879],[113.66833930031851,37.840571499575105],[113.66709979981601,37.844110400174884],[113.66481140022597,37.84418570040981],[113.65851850032857,37.83951729988354],[113.65451390019643,37.838990200037756],[113.65384649981615,37.83130929998424],[113.65241629987236,37.83040560003849],[113.64898379986255,37.83130929998424],[113.64679080035523,37.82641410033051],[113.64917450020312,37.82069019969299],[113.64621870023291,37.82069019969299],[113.64536060041144,37.81858130028684],[113.64288149958156,37.81956040029229],[113.63582580012064,37.815794400191464],[113.63048640012732,37.82227190032796],[113.62409810014731,37.81880720009224],[113.62171440029942,37.81933449958751],[113.6213917001669,37.821994199572714],[113.61950389998503,37.82028999958385],[113.62071750001269,37.81805309967086],[113.6135708997773,37.81762699998609],[113.61168309959544,37.81837269984027],[113.61316640000939,37.82060949992854],[113.60817719961813,37.821994199572714],[113.60831209972366,37.82518959962039],[113.60426679987302,37.824763499935614],[113.60453650025931,37.82721320012911],[113.59819900028367,37.82550909996502],[113.59685059997526,37.829662799598566],[113.5921310999704,37.82721320012911],[113.59105240004828,37.824124500145615],[113.58727679968467,37.82550909996502],[113.5841755001992,37.82401799973093],[113.58093929970903,37.825402600449706],[113.57581529993615,37.82518959962039],[113.57177009991028,37.82103559961331],[113.56718540018608,37.821887700057346],[113.55707229984682,37.81933129979967],[113.55572390043767,37.816029199687875],[113.55059989976564,37.814964000388386],[113.54628500025262,37.81059639970414],[113.54331850014876,37.81080939963414],[113.53805970009512,37.818692200184955],[113.53050860009193,37.82028999958385],[113.52740719988242,37.82273979960212],[113.52160899995545,37.824337500075615],[113.51109139984828,37.82423099966098],[113.5096081003336,37.831260400247345],[113.51284429992461,37.83775659998713],[113.50893390017939,37.841803200257516],[113.50205700033041,37.8422291002928],[113.50070860002188,37.84510409977446],[113.50340539973945,37.85053439964287],[113.50016920014855,37.85106680009278],[113.498844600398,37.84329379956927],[113.49601289967563,37.8405251997782],[113.49196769964965,37.83914079960829],[113.48347260018045,37.843506800398586],[113.48010160030867,37.83924730002292],[113.4775395999726,37.84041870026289],[113.47565179979074,37.83967329988292],[113.47241560019984,37.83456160013776],[113.47524730002294,37.83019520004848],[113.47915769976805,37.82955620025848],[113.47794409974051,37.82465689969621],[113.47322469956032,37.821674499578535],[113.47861839971938,37.82039640017376],[113.4803712997957,37.81464419967011],[113.4764609000506,37.809424399616375],[113.48198939959116,37.80431059995425],[113.4771351002048,37.80186020008824],[113.4699884999693,37.789713300028836],[113.45111069959921,37.78864769963167],[113.4457170003393,37.78481140042584],[113.443155099828,37.779376200151546],[113.4378961999497,37.77713809964365],[113.43627810015425,37.774793299970895],[113.43951429974516,37.76637289998939],[113.43668269974683,37.76871790021096],[113.43101930010073,37.76850469973215]],[[113.53968060037948,37.75821300032976],[113.54385420021129,37.7609780999594],[113.54207319991826,37.76227589991288],[113.54281350024291,37.76336999982567],[113.56848489985828,37.76307100042641],[113.56742269979782,37.76559850007078],[113.5720469004442,37.76720999974174],[113.5695523996236,37.770019300150636],[113.57754939968515,37.771748299844205],[113.57819449957651,37.77590909962532],[113.58377349964735,37.777723800213266],[113.57997549986953,37.78147190020809],[113.58155259957289,37.78330340013184],[113.58016589983652,37.78468769957772],[113.57134679981505,37.786629399727076],[113.57276300001251,37.790588999582724],[113.57681849997391,37.786731099560654],[113.58189319981136,37.78646829967232],[113.58498320021454,37.78406869981069],[113.5869573002393,37.77932859993501],[113.59089470033018,37.777861599733114],[113.58994519971122,37.774740900072516],[113.5947357002924,37.774495000244144],[113.59423140005913,37.773299199598455],[113.58951609988821,37.772480900173434],[113.58797380035071,37.764277500306434],[113.58382180043577,37.76646570013202],[113.58250210019185,37.765515800214075],[113.58190130000503,37.76405700003056],[113.58404710039338,37.76453200035161],[113.5792780999044,37.75728420030566],[113.57438569984026,37.760676999743794],[113.57217559972423,37.75996459998635],[113.5724545999999,37.75623240000533],[113.5642255002067,37.7567497997635],[113.56413970038693,37.75790339972218],[113.54251309969982,37.757203600365926],[113.53968060037948,37.75821300032976]],[[113.56023439979776,37.77143350025591],[113.56078160039056,37.77236640028917],[113.5623372998266,37.77150130014496],[113.56023439979776,37.77143350025591]]]}},{"type":"Feature","properties":{"shapeName":"Yuci District","shapeISO":"","shapeID":"62558664B64353922081217","shapeGroup":"CHN","shapeType":"ADM3"},"geometry":{"type":"Polygon","coordinates":[[[112.68455349964438,37.83853719983193],[112.68211410028562,37.83702949991152],[112.68427839972844,37.83124400021052],[112.67778539977644,37.82493189978737],[112.67095949958127,37.82335389986264],[112.66879510031367,37.814410699694065],[112.66430000004505,37.8065187998028],[112.67329030040707,37.805598000147654],[112.67179190037598,37.8004678004487],[112.67595410040144,37.79704739991763],[112.67079299999705,37.790995600166866],[112.66962760003378,37.78573279992884],[112.66280160001384,37.786785399726455],[112.65497669961508,37.78033799989885],[112.65564269975084,37.77678509955274],[112.65281240017214,37.77402159981705],[112.64931620028244,37.7748112000769],[112.64482110001381,37.773363600050175],[112.64265669984684,37.770205199910095],[112.65580920023444,37.759544600403046],[112.65331189982442,37.74401150013068],[112.65580920023444,37.742168399851835],[112.65997130043525,37.742168399851835],[112.66063729967175,37.73979859992551],[112.65547620016662,37.73519040001702],[112.65397780013541,37.73018700022993],[112.64765129976774,37.73058199955966],[112.64565349990914,37.727948500423],[112.64681889987241,37.72031070037855],[112.64515400025698,37.71438430029525],[112.63932700044074,37.7085892003314],[112.63766209992605,37.71069659966838],[112.62634099963748,37.711486799776026],[112.62450970026248,37.707140299885],[112.62184590026811,37.70885260006747],[112.62001450016908,37.70595489989876],[112.61435399993718,37.703847399837684],[112.61235610025392,37.69923700018745],[112.60736150033301,37.6980513996524],[112.60935940001639,37.69541669992083],[112.61984799968548,37.69014709990881],[112.62101350037278,37.685404099719506],[112.61934859985809,37.67723490017056],[112.61785019982688,37.67380879973638],[112.61452050042078,37.67367699959391],[112.61435399993718,37.66985549963164],[112.61069129956388,37.67249109958465],[112.60652910043768,37.6723593003415],[112.60619610036974,37.669196599643385],[112.60053560013785,37.66906480040029],[112.59953669975891,37.66590190005269],[112.59470849959769,37.665243000064436],[112.59870420003881,37.65588529966692],[112.60286640006439,37.65390820040318],[112.61052479997954,37.65509439988671],[112.61235610025392,37.64824010000069],[112.61485339976468,37.645735499793545],[112.61235610025392,37.639935000300056],[112.60736150033301,37.639407600080744],[112.60669560002202,37.633474800421766],[112.60469780016342,37.63558429967571],[112.60170100010112,37.635979799927895],[112.59720589983249,37.63426589985147],[112.59204480032736,37.634661400103596],[112.59071289988049,37.63953950004793],[112.58089019962313,37.639407600080744],[112.569236100166,37.628728200246314],[112.57123390002448,37.62305819957629],[112.57473009991429,37.621212100058415],[112.57306530012352,37.60433099967594],[112.57578850033906,37.60212079973519],[112.58263529987926,37.60144480003754],[112.58440939967409,37.5999327995591],[112.59228629977292,37.60079009988323],[112.59395280018168,37.58819190023604],[112.60008870003355,37.579589800329074],[112.60032410027702,37.57501810030516],[112.60338489969342,37.57109920016802],[112.6016190997417,37.557661700127426],[112.59796959961739,37.55392869974975],[112.59738099963351,37.54786200003133],[112.60321869958341,37.54587960016346],[112.60416050020694,37.542892600013545],[112.60816310024688,37.542425900435035],[112.60745669986682,37.5366383997424],[112.61463789971936,37.535424799714804],[112.61640380039512,37.53215739994408],[112.62017090036682,37.531877399622374],[112.62040640043506,37.52636909975422],[112.6172277997232,37.52524870006749],[112.61663919973932,37.52235440023543],[112.60733900019477,37.51964660001062],[112.59909830004653,37.52244770040113],[112.58614870020244,37.52216760025459],[112.58391199993889,37.5204870002749],[112.58367649987065,37.518059300196626],[112.57955620015855,37.5147911000293],[112.58438290025072,37.503584899823295],[112.5949277003532,37.50019909980864],[112.60146819979764,37.50009320014112],[112.60427130028029,37.501469900315726],[112.60840919972486,37.499563700004785],[112.61187969968842,37.50062270027746],[112.60934350000264,37.50612909987814],[112.61054489982735,37.509411600165265],[112.61761929979093,37.50803509964021],[112.61948809999592,37.51078799996628],[112.61735239989343,37.51248209966923],[112.61908760041251,37.51428209993901],[112.62536119995946,37.51470559968374],[112.63029999964533,37.51978750039291],[112.63070040030334,37.52613929958903],[112.63777490009159,37.52910340030172],[112.64017750009157,37.52656280023308],[112.64658460039902,37.52825649973772],[112.65405949994602,37.52825649973772],[112.65579480028987,37.52571589966908],[112.65953220015103,37.52561000000156],[112.66046660025347,37.521481400446305],[112.66500490035594,37.52285759969851],[112.66900929993926,37.521904800366315],[112.67021069976408,37.5194699003157],[112.66860890018063,37.51555260007251],[112.6691427998004,37.51025859965472],[112.67087810014425,37.509199799930855],[112.68542739965483,37.50581139997615],[112.69236839958205,37.51047039988907],[112.70224599985306,37.509729200242475],[112.70865300033574,37.51576429958283],[112.70611689957536,37.521481400446305],[112.70157860037216,37.51904639967165],[112.70117809988949,37.52317519977572],[112.69864200002837,37.52624520015593],[112.7027799003722,37.527727200150196],[112.7027799003722,37.52931509981204],[112.69944290026967,37.532278999975915],[112.70411470023328,37.53503109990538],[112.70184550026966,37.53831229977288],[112.70344729985311,37.54307499961158],[112.70544950009446,37.54445090028889],[112.70918699978029,37.54360420027365],[112.71586099998524,37.5473083998628],[112.71706229998517,37.55693829986268],[112.7154606002266,37.563816000108375],[112.71706229998517,37.56519149968801],[112.72707340011743,37.56540310027293],[112.73147820035877,37.56138239957812],[112.7333468998396,37.563286999995114],[112.74389189959152,37.56286379972465],[112.7500320001767,37.554187000329875],[112.76177829992866,37.55016569978727],[112.76778489975334,37.54413340003646],[112.7673844999947,37.53915899978807],[112.77325759995836,37.536512900250216],[112.77405850019966,37.534184300065476],[112.79875239970352,37.52762140030745],[112.79955329994493,37.52529249974913],[112.7954153996011,37.521904800366315],[112.78807399991524,37.52116380036915],[112.78553780022935,37.52232830011104],[112.78433650022941,37.52021090031286],[112.78540430036821,37.50888210002893],[112.79141100001766,37.510364500221556],[112.79634969987876,37.50771739973828],[112.80422509990854,37.507293899993556],[112.81743970028197,37.51301149998079],[112.82411369958766,37.512799799571155],[112.82825159993149,37.508776300186184],[112.8398643998222,37.50718800032598],[112.8430679000636,37.501046299846905],[112.84720580040744,37.49744570035881],[112.86295649974272,37.49257409981493],[112.86656049956741,37.488761399718896],[112.87230020039397,37.490561900011755],[112.88044250032124,37.488231799757784],[112.88337899994099,37.489926400383126],[112.88604859966324,37.48653720003182],[112.8892521997293,37.48611349973828],[112.89459140007307,37.48177080038221],[112.89899630013917,37.48060560006843],[112.90019760013922,37.477215899694045],[112.90647119968617,37.47467359990674],[112.9102086004466,37.4709658003315],[112.92088710005964,37.46799949987707],[112.9267602000233,37.47467359990674],[112.92916280002328,37.47382610039426],[112.93169899970917,37.47573289965362],[112.93743859981157,37.4720251999031],[112.9451804999801,37.47149550011727],[112.95038630028762,37.46799949987707],[112.94731620008258,37.46164269955102],[112.95011929966597,37.45920580030747],[112.95439069987094,37.45920580030747],[112.96266649965935,37.448503500136496],[112.9657365000395,37.44797369962657],[112.9689400002809,37.4498810996331],[112.97494669993034,37.4417211001487],[112.98362290037664,37.44161509975709],[112.98736040006247,37.439813499593356],[112.98989649992359,37.44087330026264],[112.99296650030385,37.43960149970951],[112.99590309974826,37.43356020044297],[113.00337800019463,37.42974440038381],[113.0083167998805,37.42921450004917],[113.01325559956638,37.41861400043581],[113.02259920039285,37.411086700091175],[113.0238005003929,37.40620950036822],[113.02954020032007,37.4055733001677],[113.03487939976458,37.401756099864144],[113.03688160000593,37.39443920040884],[113.04489049989672,37.395499699851314],[113.0508970997214,37.400589699854834],[113.05743760006521,37.40080169973868],[113.05903939964867,37.39868100032794],[113.06266030043253,37.39868990001895],[113.06840849985247,37.40897259990561],[113.08226279968846,37.41733790022397],[113.08624269994073,37.42143190016213],[113.08644079990302,37.426246400051355],[113.08377359957205,37.43225469959475],[113.08001280025064,37.43307170039873],[113.07737010015012,37.440266399974405],[113.07246199972155,37.441915000277106],[113.0739186999881,37.45359419981253],[113.07060699961335,37.45674580017857],[113.06981929962103,37.46004809993991],[113.06491120009184,37.46079729995546],[113.06607109980143,37.46450949991356],[113.06075829995564,37.47338269955202],[113.06377860020234,37.473981999669604],[113.06868659990675,37.472334000114074],[113.07405550036117,37.47568159962617],[113.06804180038887,37.48272650002798],[113.06478459982952,37.49059499955962],[113.06443829968782,37.50039159969265],[113.0712727002749,37.50531670000578],[113.07186199993146,37.51104950033425],[113.06958779973718,37.513461800421794],[113.07180540019908,37.51661499978246],[113.06981929962103,37.51996060010168],[113.07925779960783,37.52145780043719],[113.08852269986278,37.51767240016119],[113.0915907999755,37.52058910030678],[113.09568069990439,37.51996060010168],[113.0953031995831,37.52310460029713],[113.10096629975499,37.52520059982788],[113.10266520003904,37.52864389979618],[113.10851710028396,37.52984149998531],[113.10757329956823,37.53298519980717],[113.11115990020926,37.53478150026609],[113.11795560027076,37.53552999970975],[113.12305240004832,37.53208700011504],[113.13154700039377,37.53777530018999],[113.12381030010533,37.54282179998614],[113.11682300038126,37.53972120017329],[113.10493049964293,37.5380745999629],[113.09870109997587,37.54017020019461],[113.09473690008792,37.54510949990356],[113.09794600040766,37.56007510008584],[113.09303799980387,37.56725749963397],[113.09322670005224,37.572643800171306],[113.09039519987869,37.57563610002603],[113.09322670005224,37.57862820023132],[113.08869629959463,37.582817000404305],[113.08831870034783,37.58550960028788],[113.08454329963365,37.586855899780005],[113.08397700013847,37.58969800026256],[113.08001280025064,37.591193800353665],[113.07680379975557,37.60061669980092],[113.06849789965838,37.60674829999408],[113.06226849999132,37.60510329967758],[113.05679410006769,37.60046710027649],[113.0549063997106,37.608692400433995],[113.04980969975793,37.608542899835015],[113.04754440015404,37.611533699620566],[113.04490160022874,37.60929059978139],[113.04207010005518,37.61093550027317],[113.0401823996981,37.60839330031064],[113.03829470024027,37.60914100025701],[113.0375395997728,37.61287949998899],[113.0284786001074,37.61661780007148],[113.01904019994538,37.61751489989274],[113.01526480013047,37.61482339988004],[113.0148871999844,37.612281399566996],[113.01073429984808,37.611533699620566],[113.00695890003328,37.61482339988004],[113.0054486999976,37.61198230034296],[113.00714760028154,37.60914100025701],[113.0050711996762,37.607047400117494],[113.00205090032887,37.60884199995837],[113.00091819971522,37.613627199935365],[113.00223959967786,37.6170663998945],[112.99695409965204,37.6170663998945],[112.99657650040524,37.619010199960826],[113.0028059000723,37.62155199972506],[113.00412730003495,37.62439279978793],[113.0024283997509,37.626336400204764],[113.00393859978658,37.62857900002086],[113.00261719982393,37.631569000309185],[112.99487760012119,37.636352700217],[112.98996960041677,37.64322879966943],[112.9850615998131,37.645022500188304],[112.98336259970426,37.649506500124915],[112.96863859969164,37.65877240042602],[112.96524070019825,37.658025199603344],[112.96580699969331,37.65413959956294],[112.95599100028448,37.65369120028873],[112.9476851001873,37.65638130005698],[112.93617009977038,37.666991300108464],[112.92654290043458,37.67027860007738],[112.92597660004014,37.67670339994203],[112.92899690028673,37.677599800090775],[112.92975199985494,37.67969140013804],[112.9284305998923,37.682231199810076],[112.92087980026258,37.68581659985625],[112.91918080015387,37.692090599601556],[112.92087980026258,37.696422300249026],[112.92012469979511,37.7001563995982],[112.91748189986981,37.69806540029805],[112.91314019966057,37.69926029982304],[112.91295139958743,37.704487700047366],[112.90521189970946,37.70717590044751],[112.90407929981984,37.70941609997311],[112.90728830031492,37.711506799799],[112.9065332996721,37.71389620044937],[112.90370169967377,37.71419479965033],[112.90483429956339,37.71718139960194],[112.90238029971113,37.721362300130124],[112.91011990031325,37.72404999960787],[112.91465039969626,37.72091439997962],[112.9193696002269,37.72449789975832],[112.92654290043458,37.72509519978371],[112.93069579967153,37.72181030010529],[112.93371609991812,37.726737500335446],[112.93352739966986,37.73106729981606],[112.93862420034668,37.73375450017011],[112.93768029980606,37.736143200248534],[112.92824179981926,37.74271150043546],[112.92144609975776,37.750622500128316],[112.92314500004181,37.75480160021374],[112.92087980026258,37.757786500446684],[112.917859500016,37.75883119970018],[112.91804820026425,37.76330830003809],[112.9159717996589,37.76420370014068],[112.91276270023843,37.7628606004364],[112.91389530012805,37.77211240026713],[112.91804820026425,37.775991900206066],[112.91389530012805,37.77658870020838],[112.91200759977096,37.78076630022463],[112.90521189970946,37.78434700041379],[112.90445680014125,37.78926999991063],[112.89539579957659,37.790165099639694],[112.89388570026495,37.79672860014483],[112.8989825000424,37.79419279975798],[112.8993600003638,37.79643030041808],[112.89728349993368,37.79792189977593],[112.89803860040115,37.80060679966414],[112.90143649989466,37.80105429961628],[112.90540059995783,37.805528800014145],[112.90974239999184,37.806871100221144],[112.9155942004121,37.80239659982328],[112.92012469979511,37.80403729958175],[112.92276749972041,37.80254580004868],[112.92408889968306,37.796579499744155],[112.92748670025105,37.79672860014483],[112.93333859959671,37.802247500321926],[112.9348487996325,37.807467699674646],[112.94221080008845,37.811941799874205],[112.94032309973136,37.81716129955436],[112.9352262999538,37.81865249961322],[112.93390489999115,37.827897300020425],[112.9348487996325,37.832966600328405],[112.9408894001258,37.83341389973174],[112.94013429965821,37.835351999894954],[112.92994070010332,37.83937719989791],[112.92333380011485,37.847427000056086],[112.92106849961158,37.84668170040021],[112.92276749972041,37.84325319967547],[112.92163489983079,37.838930000319294],[112.91332899973361,37.83579930019761],[112.91276270023843,37.830282900135785],[112.90955359991881,37.82744999971777],[112.90596700017693,37.8280464004211],[112.90124769982151,37.8365446996782],[112.9027578998573,37.84146429973771],[112.90860970027745,37.84683079990157],[112.90804339988301,37.850110100400855],[112.90370169967377,37.85458159976105],[112.89615090004406,37.85771160021022],[112.89596209997103,37.86113940036307],[112.8993600003638,37.865014200445046],[112.89860489989633,37.86873980030157],[112.89577339972266,37.87172009960295],[112.88916639990953,37.87022989959024],[112.88199320042588,37.87112400017253],[112.8710445004034,37.86337490003166],[112.86877929972502,37.86486519986914],[112.86519260015848,37.86412000003804],[112.86236109998481,37.86143750044033],[112.85650919973989,37.86590830012801],[112.85801939977557,37.86993190023708],[112.85726430020736,37.87321019979095],[112.85499910042824,37.873955199972556],[112.85348890039245,37.86873980030157],[112.84178519972727,37.86948479958386],[112.82932640039314,37.86337490003166],[112.81800020004925,37.861288400039655],[112.81120440016298,37.862182600446715],[112.80667399970537,37.86486519986914],[112.80270979981742,37.86903779965479],[112.803653599634,37.873955199972556],[112.79817930043441,37.873806200295974],[112.7883633001262,37.87082599991999],[112.78326650034876,37.87231610010798],[112.78005740002902,37.875743300413035],[112.7742054997841,37.87514729990801],[112.76853540018863,37.88149750010962],[112.76470620023099,37.88149750010962],[112.7632078001999,37.87768659955697],[112.76470620023099,37.87453269962447],[112.76986729973612,37.87243000014445],[112.76920140032439,37.869144399894196],[112.75987809989442,37.86953859972664],[112.7490565001574,37.87834370000178],[112.74289650027333,37.87676670012314],[112.7395667001432,37.8780809001135],[112.72924450023356,37.872561400088614],[112.72807910027029,37.86598999993862],[112.72591479992809,37.86336129958437],[112.72691370030714,37.85797220035681],[112.71359480015997,37.846666900257276],[112.70791949978513,37.84649579974143],[112.70525569979077,37.8484677000244],[112.69876279966354,37.84899360017454],[112.69926220039031,37.845181099727995],[112.69576599960124,37.8428146003136],[112.70026109986998,37.84149979957613],[112.69892920032237,37.83887029972459],[112.69393460040158,37.840185099562746],[112.6886071002375,37.8376868998306],[112.68594330024314,37.839396199874784],[112.68455349964438,37.83853719983193]]]}},{"type":"Feature","properties":{"shapeName":"Yu County","shapeISO":"","shapeID":"62558664B8509232292350","shapeGroup":"CHN","shapeType":"ADM3"},"geometry":{"type":"Polygon","coordinates":[[[113.80717340023227,38.111455700420265],[113.80712970037541,38.11676740039525],[113.81994859994802,38.13860519967028],[113.8193764998257,38.1507517004307],[113.82881489998772,38.147677699865994],[113.83172969986583,38.148005199680256],[113.8246201004373,38.1550999000404],[113.83110300010344,38.16342079993001],[113.82976889991482,38.168460499952175],[113.81865709974545,38.170273900120435],[113.81081039978017,38.16889989971065],[113.80393080016631,38.16508189990981],[113.79765819976615,38.16502890016369],[113.7910841996761,38.16100749979631],[113.78727139975535,38.16380920003462],[113.77749150003274,38.16534710008864],[113.77052599987508,38.164234900420354],[113.76852109986896,38.16561220044275],[113.76798150034608,38.169058999673155],[113.75246869957084,38.170914900002685],[113.74633100017559,38.17346000027885],[113.73594410034002,38.17149820028175],[113.730211100362,38.17335399988724],[113.72501769990697,38.169271100281094],[113.71786830008205,38.17160419977404],[113.71739620007463,38.17489159956773],[113.72488279980143,38.17892119995349],[113.72535489980885,38.18136000036378],[113.72231980031859,38.18268550033565],[113.72825519991761,38.18363979973702],[113.73365090016898,38.186449500344224],[113.73181830037436,38.19328309963538],[113.72400600037668,38.19583229992077],[113.71503550038813,38.192439799956844],[113.71442850027518,38.1945072001472],[113.71112359967447,38.195143199798906],[113.71233759990037,38.20251090015796],[113.71065149966705,38.205690900214904],[113.71125849978,38.210142799750486],[113.70365330015977,38.21495490024847],[113.69884819998447,38.21565419958171],[113.6862356003927,38.20775790020696],[113.67868160007583,38.20632689986661],[113.67267879988674,38.21114969959899],[113.66768770012732,38.218091800296406],[113.65797529992017,38.221748000369985],[113.65177019993484,38.2270465999207],[113.64468819980061,38.23679509981406],[113.63450369958616,38.23329849972606],[113.62681470023824,38.23430510010036],[113.62474119994647,38.23130079969218],[113.61944890014672,38.23088900012732],[113.61614639983657,38.23620489993624],[113.61190889957606,38.23923199995687],[113.61021189955954,38.23928899988749],[113.61136310012705,38.23624540000526],[113.60903249985006,38.233686899830616],[113.60701079960882,38.236995299693376],[113.59861510040662,38.2395537000433],[113.59474009977589,38.234767699669646],[113.59336419999784,38.23851710008415],[113.58867499995131,38.23754670012016],[113.58774829984418,38.235804299628796],[113.5850808000389,38.23884790041035],[113.57738700010998,38.23783340039114],[113.56899130000852,38.240854799609394],[113.56579020005779,38.237767200396036],[113.56124140037036,38.23622339989004],[113.56152220018942,38.23313550030315],[113.55972510023321,38.2342383002574],[113.5571979000631,38.23313550030315],[113.55820880009605,38.234944099890356],[113.55686099963543,38.23684089958789],[113.56101670026055,38.24006089969083],[113.56062360029898,38.241781100417484],[113.55708559992058,38.24323660008906],[113.55624319956405,38.24848510020723],[113.54540459994234,38.25479159965266],[113.54366370041953,38.257481700320284],[113.53911480000806,38.25787859991749],[113.53653150012872,38.259642399776965],[113.53776700044682,38.26197950035373],[113.53406050039189,38.26691799966602],[113.5358013999147,38.26868169970072],[113.53512750013408,38.27423699993767],[113.53759849987091,38.27635310021543],[113.53406050039189,38.279262800038225],[113.53450979988736,38.28331849964911],[113.53187029957473,38.28600739972177],[113.53248809964612,38.289710100141065],[113.53658769966262,38.29513150031852],[113.53602610002451,38.3060613001889],[113.54057489971194,38.3084850999075],[113.54040649986018,38.31430169996355],[113.54242820010143,38.3166370000975],[113.54113650024931,38.32047030006436],[113.54377599966267,38.325052300023685],[113.55556929978343,38.33020680030364],[113.55652400028248,38.332101099885904],[113.55455849957514,38.33769559977219],[113.55523240025514,38.34249679958771],[113.54136120035912,38.353419400385064],[113.54035030032617,38.35711869956839],[113.53726160034262,38.358219600154484],[113.53310579989284,38.35575349992416],[113.52574900021625,38.360069100009014],[113.52428889961311,38.36918389981719],[113.51631429986514,38.375920199657514],[113.51468569958547,38.38071880043236],[113.52237950041365,38.392956200168555],[113.52513129996953,38.39445269993223],[113.52237950041365,38.397093599589994],[113.52631059985436,38.4055876000877],[113.52434500022162,38.412144499569024],[113.5270967997775,38.41676470003091],[113.52485050015048,38.420944700337714],[113.53956410040303,38.427896100025066],[113.54906859983612,38.42410719958764],[113.55067689971918,38.42602050004609],[113.5547274003493,38.42561600027824],[113.55715859968973,38.430820199792436],[113.55637239976647,38.43455949992102],[113.55985430043563,38.437814700388174],[113.5587871999694,38.44146559985762],[113.56103360032046,38.44318109982794],[113.56019119996392,38.45105389991761],[113.57226539972851,38.45787060004818],[113.58276709982181,38.459365699567456],[113.58338480006853,38.46222410026206],[113.58186849993137,38.46534610034229],[113.56490860005192,38.475107099912805],[113.56434700041382,38.47800880026597],[113.5513742996842,38.481613700312096],[113.54530910003496,38.49871270013108],[113.54946489958547,38.505726400353126],[113.54890329994737,38.50831919977128],[113.54266970044637,38.511658899638576],[113.54222040005152,38.51473490029548],[113.539356300353,38.51482280003222],[113.54026849979152,38.51703850022665],[113.53447370020115,38.5209856004052],[113.52173639971511,38.524640000036015],[113.51077279972503,38.51921840020907],[113.49704920016052,38.52075439999561],[113.49265279958706,38.51267239961163],[113.48737660034988,38.512293099746785],[113.48142379976855,38.506843999550995],[113.47389850041554,38.50983230012059],[113.4690689000098,38.50710769966065],[113.46510329987746,38.50796890034451],[113.45848619977835,38.50566950024728],[113.45545179996066,38.508449400019856],[113.44473319957751,38.51001679963565],[113.43746180042183,38.51575090038381],[113.43036159980807,38.517356200128575],[113.41236640038915,38.525766800197744],[113.4054025999501,38.52042640015827],[113.39994829987415,38.513160399632795],[113.3801613002039,38.50769350005504],[113.37579149977796,38.50154230003716],[113.36974039969971,38.497256700436424],[113.3610458000237,38.495657900092056],[113.34272839959601,38.496073500191926],[113.33797449962356,38.491929499746675],[113.3344382996878,38.49189600000045],[113.32424799974547,38.48720160007383],[113.31615630017313,38.478505899627635],[113.31233690012789,38.47663119987004],[113.30579660033288,38.476436299695536],[113.29685190009513,38.47025679981152],[113.29320519956036,38.47054660004562],[113.28792130032775,38.46860029986402],[113.28391279983589,38.46381440021446],[113.27591999960839,38.4461696998718],[113.27088820013034,38.44501850020367],[113.26724039972476,38.44216149975347],[113.25964330029808,38.4421079001595],[113.25521969972942,38.438280499745304],[113.25065840036496,38.438156699971785],[113.23682470039967,38.4325851004221],[113.21455010040688,38.43191129956688],[113.2121698998211,38.4291184999189],[113.21288490041786,38.425925199788196],[113.20780020011921,38.42226040039719],[113.20485760039799,38.422211099562674],[113.20149519984363,38.4177986002253],[113.1947918997264,38.41436870015542],[113.18319039981714,38.4135755997342],[113.18004310000913,38.415398299791775],[113.16723629991532,38.41696940011775],[113.16167469992752,38.4130144002944],[113.15338119968271,38.41487739987218],[113.13996690035219,38.412153599808846],[113.13665400028196,38.40654779994105],[113.13334139968595,38.40437660000015],[113.13473559976819,38.40043059969247],[113.13272420036162,38.39300779967027],[113.13731059980444,38.39195050001564],[113.13758040001551,38.38782699961638],[113.14027829960389,38.38676969996175],[113.14419020031755,38.380954000127076],[113.14182959955644,38.377023200160636],[113.14162719993544,38.372],[113.13872699965134,38.37004339988306],[113.13272420036162,38.360524499606015],[113.13729450014114,38.353988399645004],[113.14516370024467,38.34991169996505],[113.14778679962114,38.34198199976953],[113.1465467999949,38.33476229994022],[113.1423975996695,38.328851299847656],[113.13424220021739,38.322902399626116],[113.1290913997484,38.3213309000011],[113.12942530003761,38.31807559970923],[113.12603909982465,38.3159801002015],[113.11745449982539,38.31380979958266],[113.10777300032373,38.31515690037071],[113.10629449959151,38.31167670031954],[113.09947449984838,38.30830869968679],[113.09046070020122,38.30819640044359],[113.08955450014014,38.3108159996587],[113.08736070023622,38.31085349958937],[113.08454679979502,38.30879519963878],[113.06561300043973,38.30778479962885],[113.06442069995535,38.3002247999346],[113.06003300032273,38.299813100194456],[113.05321299968023,38.293899199788314],[113.05373760031011,38.28626289981304],[113.04343610009596,38.27978639972264],[113.04181450013914,38.27536859978113],[113.03399300007698,38.27424529978083],[113.03275299955135,38.27226089982071],[113.02683919986919,38.27248559993052],[113.0241207004101,38.27023899992997],[113.02268989971913,38.265034199668605],[113.02474070022322,38.26001630011223],[113.01734839980884,38.256983000165405],[113.00656990008088,38.256233899974575],[112.996697600414,38.25144009978084],[112.99264380017132,38.25132779963832],[112.98873300022785,38.2476573003442],[112.97995760006324,38.24361210031822],[112.97909919986819,38.239828799959184],[112.96803459971704,38.23432219980975],[112.9624068995588,38.23353549986348],[112.9608806996846,38.23155000003254],[112.96140530031437,38.22720409998925],[112.95568229989829,38.22079730005538],[112.9524391998093,38.21877390009547],[112.94704999985765,38.2196356997278],[112.94671609956845,38.21465220013897],[112.94976840039146,38.21019290008235],[112.94790840005271,38.20805679978156],[112.95029300012197,38.20445909970772],[112.94437920043981,38.20333479966132],[112.93550840019259,38.195501600318664],[112.93932380005344,38.188154800203904],[112.93259920039281,38.18935429976119],[112.92983299999298,38.186692900057324],[112.92959459961116,38.18384389997607],[112.92635150042145,38.181856999900674],[112.92592229987429,38.180619799863905],[112.92949920042781,38.17803299982313],[112.92992840007571,38.173084099851394],[112.92811609977821,38.170159599885665],[112.92964229965241,38.168209800442014],[112.92582689979167,38.160447800425686],[112.91657459993792,38.16517260013546],[112.9093729998641,38.16221029986548],[112.91023149988382,38.15883529980931],[112.9084668996278,38.15598519985713],[112.91151919955144,38.15193489977588],[112.91008839975996,38.14765929973697],[112.91399919970331,38.14462120010836],[112.91972229994428,38.14417110021617],[112.92272689982667,38.138694800025064],[112.93035770044753,38.13670670025408],[112.93531769985202,38.14027020000975],[112.93965759961861,38.13948250001744],[112.94213759977049,38.14222070002535],[112.94943459992692,38.14229569988669],[112.95153299974822,38.13974510025622],[112.95043610024584,38.13561880026748],[112.95320229974641,38.12927890000128],[112.95072229959453,38.1271780000647],[112.95177149995482,38.12094999974272],[112.95472839979584,38.12027459989292],[112.96016529978886,38.113295500187235],[112.96374230016704,38.113295500187235],[112.96712839965596,38.10789190029101],[112.97709610030483,38.10124929991531],[112.97919459995092,38.09790910002499],[112.98095920020694,38.09835950029077],[112.98043459957717,38.101061700437185],[112.98267610042171,38.09941029964568],[112.98372529988274,38.092729499666746],[112.9907360997912,38.09122810039656],[112.997889899999,38.08683639968018],[113.00332689981667,38.08049229957999],[113.00876379980957,38.08582279988235],[113.01067150018969,38.084584099776464],[113.01420069980247,38.086235800042175],[113.03251450024402,38.081731100410025],[113.03408840015959,38.08004180038881],[113.03136989980112,38.077601599734066],[113.04024070004834,38.0668636998999],[113.04663150014369,38.06235779967278],[113.05540679958415,38.0657747998672],[113.05631299964523,38.06367210038718],[113.05454840028847,38.061419099911575],[113.05798219981875,38.05563610032584],[113.06465910033728,38.05680019986937],[113.06728219971376,38.05864030000987],[113.0718607004111,38.05499759965954],[113.07515139981729,38.057025499827034],[113.08516679960815,38.05619939968261],[113.08831449961451,38.05777660011006],[113.08812370034855,38.06652580032545],[113.10839300013686,38.08083010022898],[113.10839300013686,38.08364559966475],[113.11640530036436,38.08150579955304],[113.11630990028175,38.078727800048],[113.12451299977522,38.07365949978612],[113.12551450009414,38.07009270041783],[113.13209599963079,38.063446800429574],[113.13705599993455,38.064085099647684],[113.1420160002383,38.060855799655485],[113.14349450007114,38.05792680038161],[113.13696059985182,38.054021200318175],[113.13681759955261,38.052631700092945],[113.13910680043853,38.05173040043769],[113.14716679980802,38.0543968003721],[113.14812060008569,38.05338280037597],[113.15308060038944,38.05390859980207],[113.15722989964024,38.057588800083124],[113.16052059994581,38.056875299555486],[113.16328680034565,38.05856520032381],[113.16734059968894,38.057175700098526],[113.16648220039326,38.053195000349035],[113.17597289972957,38.056875299555486],[113.1815051998052,38.05473479977127],[113.18441450032901,38.066000099824805],[113.18832520044771,38.0681778998902],[113.19113909998953,38.076287600292574],[113.19256989978112,38.078427500229],[113.1963851998172,38.078615200431216],[113.19991450015414,38.08240679973409],[113.20496989964124,38.08383329986697],[113.20716370044443,38.09363030019824],[113.20959599965568,38.093968099947915],[113.21236220005551,38.091791100279124],[113.21641600029818,38.092729499666746],[113.2210422001375,38.09629520006348],[113.22266370026966,38.09081520006151],[113.22562060011069,38.08931379989201],[113.24803599976167,38.090589999928625],[113.25022979966559,38.08950150009423],[113.25046829987218,38.08544750020201],[113.2526620997761,38.0830450000268],[113.25104059964406,38.0801544000056],[113.25685909996753,38.07850259991511],[113.25084980037809,38.07707599995746],[113.24546060042644,38.070768600290705],[113.24779749955508,38.068778600252244],[113.24736829990718,38.066976300416],[113.24002370043354,38.05586140028345],[113.2460329001982,38.0490263000238],[113.25127909985065,38.04804989978311],[113.25328209958934,38.041139000164776],[113.25084980037809,38.035842700180524],[113.25309140014804,38.02900580037743],[113.25695440022548,38.02975710031001],[113.25828979993435,38.02701469956878],[113.26344060040344,38.0276533000598],[113.26382210000997,38.02569979990591],[113.27469599982055,38.02769089981524],[113.27951290000044,38.02491080039317],[113.2788929001872,38.02104110036652],[113.28337599990255,38.019989100416694],[113.28285140017204,38.01694570018395],[113.28628519970232,38.01521730033818],[113.28638059978493,38.013676800344115],[113.28003749973084,38.01469130036327],[113.27898830026993,38.013714300274785],[113.27879750010459,38.011459799730005],[113.28142060038044,38.00897969975341],[113.27712829993118,38.00958099996325],[113.27522059955106,38.0014638999391],[113.2844729003042,37.997893600409384],[113.28461600042817,37.993120300261694],[113.2892897995846,37.98872269999265],[113.29833969981735,37.990174599678085],[113.29948230016805,37.98867370043098],[113.30424309973932,37.987923299820466],[113.3105274003193,37.99152529955296],[113.31300300008843,37.986272300126586],[113.31928729976914,37.98402090044425],[113.32004900036111,37.97921769963716],[113.32614290007484,37.97606539959855],[113.32899939960271,37.970360999860304],[113.33356980010626,37.96976050004707],[113.33604539987539,37.96690799980439],[113.35261300018988,37.96690799980439],[113.35413650029932,37.9603020000373],[113.3619442002647,37.95804979995836],[113.36727629956158,37.953244900331924],[113.37222759982399,37.95189340006044],[113.38041620044737,37.95339499987938],[113.38727179985369,37.95880050004308],[113.39031870024792,37.95865039959631],[113.4025063998505,37.950692100060394],[113.42688170013037,37.94964100033195],[113.43145209973466,37.95174329961361],[113.44002160011678,37.94738849987942],[113.44497279965503,37.947238299607875],[113.4493528001916,37.951442999794665],[113.45487530035484,37.95264419996988],[113.45773179988271,37.95699870022986],[113.45487530035484,37.96225379957326],[113.4590648002004,37.96855950042067],[113.45754139991573,37.97561510005687],[113.46077870027682,37.97996820007245],[113.45468490038786,37.982520000297825],[113.45411359976288,37.98762309982624],[113.46001699968485,37.990774899841824],[113.45887440023341,37.99377649958586],[113.46325439987072,37.99722820012141],[113.46192129972826,38.004581200162306],[113.46420650042967,38.00623169983311],[113.46401609956342,38.008782500012444],[113.46877690003396,38.012233499976105],[113.47658459999934,38.0114832999144],[113.48477319972346,38.004581200162306],[113.49143840006218,38.00413100044534],[113.49486620021503,37.998578800171515],[113.49410439979829,37.99362640003841],[113.49848440033486,37.990174599678085],[113.50572079967526,37.99122520028283],[113.50971989955383,37.994376799749546],[113.5072442997847,37.99902899988848],[113.51257639998096,38.00578159994092],[113.51162419959724,38.00758220005855],[113.5083869001354,38.007882300228005],[113.50819650016842,38.014634099883835],[113.50248350021343,38.01853480044076],[113.50267390018041,38.026935700422314],[113.49791309970988,38.027535800037185],[113.49677050025844,38.03188580008964],[113.49981739975328,38.04283479958639],[113.506482600092,38.043884599794524],[113.50991040024485,38.04778380028222],[113.51790850017721,38.04973340007638],[113.52228849981452,38.05348229956854],[113.5304771004379,38.05723100031048],[113.53104840016363,38.053782200088506],[113.53409529965836,38.05483189957255],[113.5377134997783,38.05228270018654],[113.54361689970017,38.05528169999053],[113.54285520000758,38.05978009987177],[113.54723509982011,38.06067969980836],[113.54647340012741,38.06322859972016],[113.55180550032367,38.06982540032203],[113.55256729984103,38.073123600074155],[113.56113670039849,38.071624399646396],[113.56913490015563,38.072224099962284],[113.56913490015563,38.06667699974378],[113.57218179965037,38.05873050021245],[113.57465740031887,38.06037980018766],[113.57599049956195,38.06547760001126],[113.58684509992145,38.066976900263796],[113.58817820006391,38.07402300036125],[113.58713359973592,38.07642339972017],[113.58215129984262,38.079603299952396],[113.58672959999114,38.079603299952396],[113.5894226998978,38.08235920041682],[113.58982669964257,38.08808250030722],[113.59777139963046,38.093487399723756],[113.60234969977887,38.08288909985214],[113.6061201002625,38.07928529967688],[113.61379550006234,38.07599939995242],[113.61648859996899,38.0780134001983],[113.61487279973994,38.08522089982472],[113.6186431003988,38.086492700377846],[113.61931640033163,38.08956620002016],[113.62254820043916,38.09147379967618],[113.62618389956742,38.09232170028628],[113.62995430005094,38.08988409957158],[113.63938019963655,38.08840039985864],[113.64315060012018,38.09020209984709],[113.64840210037664,38.08787050042332],[113.65553889980049,38.08861239974249],[113.66711939964068,38.08479690005697],[113.67062040011149,38.08670470026175],[113.67142839960104,38.08999009996319],[113.66577279977491,38.094335199609816],[113.66617680041907,38.09677249995099],[113.66846589968156,38.09804419978002],[113.67183230042042,38.09740839977786],[113.67802649972327,38.10111720029863],[113.6786997996561,38.10313049997262],[113.68193149993886,38.10387219964235],[113.69011580000426,38.1020614003134],[113.69957360034141,38.10296350036532],[113.70091100014258,38.10442939979703],[113.71127630006129,38.10048269981678],[113.71433339966677,38.10130960035781],[113.72488980012429,38.098264899705384],[113.72479420039213,38.09345320030502],[113.72918869979867,38.08886679996289],[113.7257494998396,38.08649829955692],[113.72766020035806,38.08191140009109],[113.73664029971007,38.08112189965601],[113.74304100044185,38.082249799688555],[113.74877300037372,38.08082109981393],[113.75087469980758,38.07645950030576],[113.75421830003461,38.075782700211505],[113.75698880009315,38.07676030014778],[113.7575620000863,38.08052029997191],[113.76128779959231,38.084731299909606],[113.76883490031048,38.08773899975506],[113.76912149985742,38.09067130044019],[113.77408920015648,38.09142320022056],[113.77733729957674,38.089769099664295],[113.77991669999574,38.091122500203255],[113.78134970042845,38.10082099958953],[113.78736820008248,38.104654900303444],[113.78708159963617,38.10713560012789],[113.8019846996342,38.10841349988317],[113.80717340023227,38.111455700420265]]]}},{"type":"Feature","properties":{"shapeName":"Zezhou County","shapeISO":"","shapeID":"62558664B24810524308416","shapeGroup":"CHN","shapeType":"ADM3"},"geometry":{"type":"Polygon","coordinates":[[[112.6103973003951,35.532939899556766],[112.61107630023116,35.50387590015271],[112.6097182996599,35.49288539964152],[112.60673069966208,35.481175499949416],[112.60257330021773,35.476467499575506],[112.60087880031642,35.466040400044506],[112.60841960038431,35.45800330011224],[112.610732799679,35.4507828997111],[112.62284290037962,35.44179449961649],[112.61946500000977,35.43472900024324],[112.61712650008792,35.43893659984428],[112.61335880026843,35.43647559966922],[112.61095530004707,35.437004800331295],[112.60998089989869,35.43515240016319],[112.60647309965384,35.43594630008175],[112.60468679965618,35.433882200403275],[112.60907150004971,35.430229999614824],[112.60569359967997,35.42742470028975],[112.6087791997004,35.426736600213985],[112.61254679969511,35.428351000198575],[112.61348870014342,35.42657779972575],[112.60871420030014,35.42506919958396],[112.60361490040736,35.4187169003647],[112.602510600384,35.41066989979612],[112.60767489967691,35.410722900441556],[112.6095261999742,35.40908159993592],[112.60644069977855,35.40706969960701],[112.60699279987784,35.39968350019342],[112.60270549965912,35.39632109963907],[112.60176360011008,35.39809499978446],[112.59439069987093,35.3979625997942],[112.5915975000247,35.39944519963632],[112.58802470037972,35.398492099930536],[112.58890159962914,35.40296629995481],[112.58296119979957,35.40388029983603],[112.5817032002426,35.400730900111],[112.5783965000985,35.40181489973787],[112.57778809974104,35.40052829994113],[112.5718711002711,35.40300939996388],[112.56974739982275,35.39508799961152],[112.57272610012944,35.38709549975755],[112.55665450020513,35.38732670016714],[112.55246219987066,35.39153720008176],[112.54868060012961,35.39293319970744],[112.54577920015004,35.392696699593046],[112.5440051003552,35.389567899738836],[112.55543859971169,35.37805950034573],[112.56598859969415,35.37818559968571],[112.57673060043692,35.368188699848645],[112.58027579988834,35.36812969982583],[112.58338139993168,35.37012050026095],[112.58496199979652,35.36910009978982],[112.58377959994868,35.36418099975339],[112.57865040029583,35.35889220011501],[112.57723799973394,35.35151950042467],[112.57869319993131,35.34950180036782],[112.59186520031881,35.349012599751745],[112.5930973003002,35.35118739967879],[112.59010119991046,35.35932410042693],[112.5965766001301,35.364257600407996],[112.6011329001633,35.363951499961786],[112.6008502000767,35.36036170043218],[112.59660470034669,35.35792099975441],[112.5947975999294,35.35459359991478],[112.60076070044602,35.351808100063806],[112.60111740034779,35.347507200297116],[112.58973820025778,35.340615100106845],[112.59171890040705,35.33275540044144],[112.59665219983924,35.33329030010731],[112.59830740026632,35.33112980030012],[112.59790629993586,35.32794649973124],[112.59554300030925,35.32681229994773],[112.59391049966985,35.32272309969136],[112.60242979989539,35.31240370027058],[112.60929139957852,35.30863110004526],[112.60956069976658,35.30651000043622],[112.60591090016794,35.30373839960748],[112.60728129969232,35.30099659961343],[112.61929259997362,35.2924708998122],[112.62247519997061,35.29373570004259],[112.62209080005039,35.295331600073325],[112.62510760013572,35.29853150032852],[112.62887379988604,35.298765600152365],[112.6294965003633,35.2957770001085],[112.62705869999911,35.29352520022786],[112.62665249961321,35.289813100094534],[112.63536510011932,35.287080099966715],[112.63339390040824,35.284138600116364],[112.62944239984688,35.28391609974824],[112.62071760003732,35.28670559978366],[112.6139188000127,35.29099519956884],[112.6112576997831,35.29099519956884],[112.6075642003276,35.28135510035764],[112.60507040007894,35.28022999991464],[112.59782210000992,35.28621480017296],[112.59387079999749,35.28426359958553],[112.59539459958114,35.28118339999395],[112.60193900028469,35.27675029988649],[112.60173809983348,35.27423599959178],[112.59703430019283,35.26848249956777],[112.59941929956108,35.26797989995248],[112.60630369975604,35.272510900257885],[112.60976360030998,35.272843199753936],[112.61273900010485,35.271187000179964],[112.61390199977757,35.25965399983227],[112.61171539984593,35.25745120041262],[112.60553830025242,35.25904410030506],[112.60761639967711,35.25388209967923],[112.6132860999736,35.256635900226684],[112.61740340044662,35.2640238002582],[112.62253300029784,35.266607100137605],[112.62060140043434,35.270051699626265],[112.6234733997776,35.27390069995738],[112.62964929967552,35.26836050023695],[112.63118690025533,35.26562140000766],[112.63066589961159,35.26143989963174],[112.63310579989286,35.25845150013669],[112.63696899961974,35.26069280043242],[112.64601689976018,35.260858799993684],[112.64889829971685,35.255511600180284],[112.64904199968862,35.243653199935295],[112.65349900017873,35.24588409957158],[112.65493669956913,35.24048280014114],[112.66270030037867,35.2389562998934],[112.66758860043365,35.23555090005402],[112.67811770017181,35.235457199690075],[112.68017969993332,35.22736600014082],[112.692029699611,35.220165999960955],[112.7031546002047,35.21958900033218],[112.69734930013021,35.211004099959325],[112.70511290004038,35.18938749973336],[112.70899480026992,35.18903499966558],[112.71215769971809,35.20254610022238],[112.72035269991727,35.2124137000323],[112.72984159971008,35.21253120005491],[112.75339420018224,35.20584379995148],[112.76104469955328,35.204836999927636],[112.76865269966243,35.21006120036418],[112.77346990021579,35.21727680018421],[112.77475459974505,35.223048800162076],[112.78021409970097,35.224885199592336],[112.78133820009793,35.22908269980678],[112.77892949999648,35.23301759978244],[112.77950239961615,35.23675050033535],[112.78342570013604,35.23957529966043],[112.7925784998979,35.240624500020715],[112.80831490001265,35.25164020043496],[112.81024189984385,35.258589799679555],[112.81191720011873,35.25961570040431],[112.8357734000225,35.25701639978706],[112.84476569957747,35.25426279978842],[112.84878009962199,35.256360800310745],[112.85054639959674,35.250460000328815],[112.86194730032776,35.24573910007945],[112.87928960003512,35.24560799960955],[112.88089529997819,35.248361899981774],[112.8913328001687,35.25085339976465],[112.9011279002325,35.24744389991611],[112.90787209971768,35.249148699752766],[112.92387090042178,35.25760160033366],[112.92971039991505,35.26435890024311],[112.93147679971457,35.2753713999702],[112.9292286996448,35.28061489985777],[112.92971039991505,35.285595900230646],[112.94849780043319,35.28926590040106],[112.95411800024556,35.29372220031934],[112.96102279976242,35.295688100325606],[112.96905159985147,35.291756199588974],[112.9786860998837,35.28926590040106],[112.98444799957554,35.291455100272685],[112.98682749958948,35.29995679986649],[112.98156349965586,35.3114317004127],[112.9792319002321,35.33955950017082],[112.98835669960204,35.34598749982331],[112.98421510034666,35.35588009988675],[112.98885899974312,35.35807019997981],[112.99053249957524,35.36224970026353],[112.99387879956703,35.36247450019806],[113.00189789956846,35.35781410004074],[113.02401729995847,35.363502499940466],[113.08223210043116,35.336003999884724],[113.09563490013056,35.33785280006674],[113.0994357003973,35.33711780034628],[113.11967609957242,35.32685699985069],[113.12177839975345,35.32747699966387],[113.12021939980548,35.33009180009657],[113.12121029981552,35.33180670021909],[113.12483650030435,35.33456590029613],[113.12824690037417,35.33389790006811],[113.13317170031382,35.33899989972565],[113.13248429991063,35.344023099886215],[113.12950869956694,35.346909900271726],[113.13045019981689,35.34790529958997],[113.13194950006948,35.34716579966198],[113.13522700012606,35.349298799999644],[113.13920190014767,35.3489291003977],[113.13812099958454,35.3505786000224],[113.140352499968,35.35163079962177],[113.143335800307,35.349831900122126],[113.1351624000248,35.37104029987],[113.16297149983495,35.39251329994886],[113.15994260027082,35.41220469988707],[113.1736831997199,35.410121899705985],[113.2027663996497,35.44199370034903],[113.23615260016243,35.44535059975044],[113.21734630039145,35.46805590035956],[113.21235629960358,35.4884339003043],[113.20538329999931,35.49828739964386],[113.19473279987892,35.50495140028693],[113.18885030020124,35.51159640005386],[113.18076329958672,35.525802399561144],[113.1740263000737,35.53359590013076],[113.14401230002773,35.54394539986038],[113.13170630000582,35.56891240008724],[113.12077330034765,35.575336399555226],[113.08818829955044,35.58247389955085],[113.07977279997476,35.58752040024632],[113.07190679965913,35.59873939960369],[113.05507679965467,35.61729440001659],[113.04215229988881,35.62279490006466],[113.03737629997636,35.62691889958762],[113.03456880001022,35.633556399908],[113.0385202996722,35.64156340043064],[113.05090329964764,35.65436940012779],[113.0500717999737,35.66123190003219],[113.04586030001292,35.66695789968736],[113.00789630027407,35.69078440037981],[113.00312779980823,35.69604890033651],[112.99777929957509,35.697196900216795],[112.98285680030119,35.68416189985186],[112.98061380028673,35.67935540033153],[112.96317279998482,35.67180990040663],[112.94460279977943,35.67180990040663],[112.90042879964949,35.68484890005675],[112.86721030021522,35.70382690019136],[112.85961879996773,35.70382690019136],[112.85314930020013,35.69809740037476],[112.84696980031606,35.688255399766945],[112.83966079960624,35.6829878996719],[112.8301008003117,35.67977539991483],[112.80478680027068,35.67723439964789],[112.7682038003652,35.68176639999939],[112.74681080037817,35.688373399812576],[112.73947130006047,35.69636939982797],[112.73635880041832,35.70437640035067],[112.73072030030164,35.709171400239995],[112.71494330029316,35.713951400336896],[112.70229329969607,35.71323739978624],[112.67949679973754,35.707244900431874],[112.66713729994649,35.701728899669035],[112.66322330021524,35.69691439977976],[112.66043830038734,35.686610900372784],[112.66187279998974,35.678149899598225],[112.65824129979626,35.66990289969914],[112.64704130041571,35.656833400441144],[112.64369980010576,35.64767439985371],[112.64520280016916,35.62090290004886],[112.639640799983,35.6021234000749],[112.62517759976652,35.58323679983852],[112.62661270011608,35.57730429965375],[112.60629399966842,35.57508069981452],[112.59952000024782,35.56713360043534],[112.60329780035329,35.564378500367525],[112.6085813002868,35.56402660014754],[112.60955080002941,35.56215310008554],[112.60238600021376,35.56151720025866],[112.60577299992406,35.55515860038912],[112.61149319985134,35.553145000341544],[112.60952779986815,35.54232039956685],[112.6103973003951,35.532939899556766]],[[112.74965370035807,35.52085339976463],[112.75598160007087,35.52441080031821],[112.75676439965741,35.52653459969207],[112.75258929975644,35.52770259959533],[112.7516760004471,35.53094109965207],[112.75395929998172,35.53545360000368],[112.76361430006,35.53879799972793],[112.76739799971801,35.541876799974375],[112.77105119965324,35.54835260039226],[112.76870270016957,35.55780000007002],[112.77052940041153,35.5606658003864],[112.78259809992244,35.566131799742834],[112.78533810037311,35.56629100042937],[112.78494660030537,35.560718899957294],[112.79655869962437,35.55222719992537],[112.79740679988402,35.54543330030663],[112.80060339962722,35.54320389984014],[112.80112529959297,35.54654790026541],[112.8034737999759,35.548564899750374],[112.81051940005034,35.54601720043348],[112.81182409960263,35.54697259970578],[112.81195460022468,35.55201489966794],[112.81639069957123,35.555411700189836],[112.82252289961218,35.5573753995551],[112.82995989992946,35.565441999948405],[112.83530930038398,35.56469899985899],[112.83446120012434,35.5802461997024],[112.8400063002506,35.583376499625786],[112.84672570003113,35.582103199902804],[112.8511616995529,35.5835887000585],[112.85579350036983,35.5818378998992],[112.86583999961636,35.58629450019106],[112.86929749987974,35.591016100112995],[112.87438599981408,35.59223620044037],[112.88064869957793,35.58677199972806],[112.88404099989225,35.586453699978335],[112.88560669978938,35.58353570031238],[112.8976102002506,35.58093600039615],[112.90021960025445,35.57674439973431],[112.8970231003359,35.572711800109516],[112.89734919990576,35.57064230000219],[112.90087199994286,35.567033899794694],[112.90602569982627,35.56491130011648],[112.90843949998305,35.55912679956219],[112.91326699957244,35.5569507999395],[112.91444120030121,35.55079420039209],[112.91724639980157,35.54707869992211],[112.91522409971253,35.538161000030186],[112.91007039982912,35.53343630014518],[112.90837420020921,35.5267468999495],[112.90132869995955,35.520800400018516],[112.88247529999512,35.5268530999906],[112.87640829990323,35.52733089990119],[112.87340739983165,35.526375300080076],[112.86975419989642,35.521437500440356],[112.87034129981123,35.51872960039077],[112.87523400024895,35.513791299828654],[112.88051819985515,35.51442850007527],[112.8757559002147,35.510180400405204],[112.8754296999208,35.50465740021889],[112.87934390020087,35.50460429974868],[112.88436720018615,35.497965699557426],[112.88893370033009,35.49706280000828],[112.89043420027815,35.493876000177295],[112.89813210021634,35.48798009970187],[112.89765080014433,35.482069099609305],[112.8902701000851,35.47650960043774],[112.88934749998725,35.46884589991839],[112.88325849978003,35.458476199616996],[112.88491909973675,35.442843899626325],[112.8902701000851,35.436079000445545],[112.88934749998725,35.43247079988754],[112.8851499997727,35.430698499636094],[112.87653879962602,35.4305920999455],[112.87295079963974,35.433834600186685],[112.87288549986602,35.440691099814444],[112.86707950011885,35.4475471003185],[112.86518759992782,35.44802540025205],[112.86355670008174,35.44451779965681],[112.86009919981825,35.44914139955597],[112.8524012000554,35.4469624996197],[112.84979180005155,35.44887570025344],[112.84561660032591,35.44345489992372],[112.84581229999776,35.4352166000661],[112.84072389988808,35.4296353004288],[112.83759250009382,35.42814689995953],[112.83433070040155,35.42952899966366],[112.82943799996383,35.43362199955567],[112.83022080044964,35.441700999801355],[112.83354789991574,35.446749899888005],[112.83283030027815,35.44876940038756],[112.81521639991695,35.44861000005153],[112.81071509972219,35.45567779989062],[112.80882320043042,35.463170200244576],[112.82571950025476,35.47719640009382],[112.82558899963271,35.482083799927466],[112.81991339978367,35.48723649976472],[112.81763020007372,35.487608300182956],[112.81201980017374,35.486280300095814],[112.80856229991025,35.481977500061646],[112.80438710018461,35.48123380029972],[112.79675450002026,35.485430400292785],[112.79636299995252,35.49005169972622],[112.79394929962052,35.49313240024014],[112.79740679988402,35.49653169997805],[112.79649349967531,35.49881550043506],[112.79205740032887,35.49955899964817],[112.78925219992914,35.49812500006874],[112.7858598996147,35.49993080006641],[112.78194580005868,35.49785950041564],[112.77868389964226,35.49801880002764],[112.77431310006955,35.500993000126925],[112.76067859993748,35.50083359979084],[112.75428539955158,35.50306419995292],[112.7516760004471,35.50587889989134],[112.75448119994746,35.511614200335146],[112.75389400020799,35.51437539960506],[112.74971890030702,35.5172959002856],[112.74965370035807,35.52085339976463]]]}},{"type":"Feature","properties":{"shapeName":"Xiangning County","shapeISO":"","shapeID":"62558664B38414834050892","shapeGroup":"CHN","shapeType":"ADM3"},"geometry":{"type":"Polygon","coordinates":[[[110.50872600000497,35.89295950028077],[110.50663089979628,35.88007749977686],[110.51614679993492,35.876089299681496],[110.52324139957102,35.875688200250295],[110.53846890031957,35.87957509981106],[110.54294899989651,35.87852979981045],[110.54642810007681,35.875032000026806],[110.54513120034466,35.84440570016301],[110.54749859998049,35.836229100092964],[110.55560880040588,35.82845020001679],[110.56377599986257,35.81517170011392],[110.56687170016886,35.806480400050475],[110.56020530013456,35.786056600331904],[110.56101999957338,35.78129770012879],[110.56625690023583,35.775678500362574],[110.57096460023615,35.76090630028557],[110.57218070037908,35.73936899957971],[110.58078640027219,35.740793299970846],[110.58590809957917,35.743632699789316],[110.58744160014982,35.745086399917454],[110.58618359969341,35.74573309970282],[110.5910143997948,35.745800100094584],[110.59127030008432,35.74956889978495],[110.60174719957365,35.7538370003773],[110.60559080037518,35.75989910006348],[110.6125678001639,35.76361549985546],[110.61374280039001,35.768254800118996],[110.61871659989123,35.772969000419096],[110.62214680033463,35.78472889971897],[110.62966930009816,35.787841900283524],[110.63948080019884,35.789394399931666],[110.65077230020154,35.78845589981995],[110.65991229991278,35.78404589969858],[110.6665723003714,35.777301899862834],[110.6701887998733,35.76866890014969],[110.68043299978319,35.77030339998197],[110.69137649992558,35.7666120004435],[110.69334380017631,35.76142370004379],[110.69100759982092,35.75643470020128],[110.67852519957836,35.75130200038706],[110.6745309002809,35.744260199948314],[110.67668250039713,35.73029050000662],[110.69884719963864,35.73227289987449],[110.70375580009016,35.73473070026165],[110.70838910007694,35.73443279983388],[110.71376780044369,35.739921400052594],[110.72596639982953,35.741456600341905],[110.72925209990456,35.74007310039332],[110.73616849977651,35.74383470011139],[110.73741849986396,35.740319900443126],[110.74839780021836,35.73961640037663],[110.7584655999076,35.72763730032119],[110.77050009999965,35.72586530044333],[110.7836302998985,35.72717639957125],[110.79535740002405,35.723952099809594],[110.80926249986453,35.72594219967283],[110.81296749985029,35.725548999886485],[110.81698520040675,35.723021199868526],[110.83210729971216,35.72433489983581],[110.83908080023878,35.726970399964046],[110.84755679990644,35.72528090029334],[110.8779217999512,35.7042693999129],[110.89315830021542,35.69124239991686],[110.89996330016623,35.68929289994742],[110.90695179958595,35.690780400195365],[110.9201812999271,35.7022054000592],[110.9349822998933,35.70656190041143],[110.94331380009186,35.71173089956142],[110.94818129972725,35.71936089978573],[110.94860080018685,35.72531490006264],[110.94242080027976,35.736659899834535],[110.94597629966654,35.775852399568635],[110.94154380030619,35.79660789983478],[110.94827280034951,35.809528900338535],[110.95294179982426,35.81417839981333],[110.95964829972934,35.8165738996658],[110.96614830000408,35.815757899807295],[110.97270980041702,35.81220240042052],[110.97769930028255,35.80380990010684],[110.97791280023563,35.795120899609856],[110.97496830024693,35.78843289965863],[110.97693630017017,35.77679439984172],[110.99024979988843,35.76144039955483],[110.99331680013029,35.73837289968964],[110.99680329993242,35.73430640012032],[111.00328080006892,35.733947899775785],[111.01952430000648,35.73763289973857],[111.0445632999564,35.7382393998285],[111.0509567998165,35.74108139958696],[111.05446629977996,35.74776840039141],[111.05695330025469,35.7629088998259],[111.07816329989646,35.79640939967413],[111.08556380032917,35.804984900332954],[111.09353630016017,35.813339399793506],[111.09992980002033,35.8175503997312],[111.10608679976605,35.81924439960943],[111.12074280024012,35.819686900230295],[111.12801380009688,35.83454490012707],[111.1321718002884,35.83780690036821],[111.140586799841,35.83953139985425],[111.16429879974987,35.83826389985916],[111.17910780008498,35.844425399812394],[111.18466179990219,35.84839240018914],[111.20413230026548,35.8747483997189],[111.20812229990429,35.88624240006675],[111.20758030009085,35.898822400133724],[111.21108229970844,35.90687940026419],[111.24252329991043,35.92835589960515],[111.2691878001769,35.94976440030689],[111.2732312995849,35.95919790006309],[111.27127830035334,35.98594290044457],[111.27736679963817,36.00000739972177],[111.28003679955873,36.011539400023366],[111.27954080006793,36.01863089969629],[111.27295680041607,36.0355378996544],[111.27443680031814,36.04272089994964],[111.28695680031615,36.05409240004428],[111.26923379960022,36.064281399566994],[111.25306679959317,36.084415399950785],[111.25228130024186,36.09149189983134],[111.24809280044246,36.09864040033426],[111.24674979966358,36.10546490028497],[111.24172179982128,36.1123464001663],[111.2309038000704,36.12078840006467],[111.22460179993317,36.12163939973857],[111.21795630014321,36.119262899862974],[111.20253729955681,36.10476290028765],[111.18818679968115,36.10707089970231],[111.16647330020271,36.11705789980226],[111.13934330005333,36.115535899761994],[111.11885030020125,36.128097899898194],[111.08470929959458,36.14482090036432],[111.08209230031946,36.149516900184835],[111.06938179963043,36.148673899980565],[111.06371279990583,36.14082390040272],[111.05834180043382,36.136661400003675],[111.05700680002388,36.12007140027498],[111.0382002997041,36.10951239987742],[111.0315167999604,36.10781489983782],[111.02494830012404,36.10840990029669],[111.00733179982274,36.12017839981337],[111.00129680030716,36.121257900132036],[110.9928437999015,36.12038440031989],[110.97434979960366,36.109607899784805],[110.96521780026131,36.11030589959762],[110.95630630029558,36.108028399790896],[110.94087229991675,36.109561900361484],[110.91340629956113,36.10865790004209],[110.89698779964732,36.10072340016484],[110.88671880003267,36.09768739955388],[110.87979880017457,36.09917839996325],[110.85473630004026,36.10021590014372],[110.83872179987122,36.098262900012855],[110.83017729974267,36.09117489960198],[110.82430280043394,36.08283990014132],[110.82160930032899,36.07352440043081],[110.81726080034571,36.06733340001642],[110.79772929986734,36.05945590006979],[110.79376979983647,36.05558389957736],[110.7930832996546,36.04980440015299],[110.79818730030371,36.02389140036786],[110.79714980012324,36.01534640021623],[110.78122729970016,36.00489440025643],[110.76470180024796,36.000011399906214],[110.76294730027774,35.99628039962079],[110.74507129970078,35.989105399694495],[110.73622079985012,35.98185739999906],[110.73082730023975,35.97215290033614],[110.72853829990265,35.96295939995639],[110.72132880018404,35.9580274000445],[110.71269230030947,35.95375439994564],[110.69951629973752,35.950088399959725],[110.68656929983337,35.94871489957302],[110.6731877996773,35.953052399948376],[110.65875979982496,35.95393740029084],[110.65122280029203,35.950824899749364],[110.64644919977081,35.93736050008704],[110.6434686000959,35.93360810043356],[110.63743709984237,35.93137479960734],[110.63195599996948,35.931457199989836],[110.62329969972143,35.926184900213],[110.62042339982008,35.9269592003069],[110.61554529987575,35.92286909982914],[110.61304719996838,35.925373799861006],[110.6113453004453,35.92377150025459],[110.6060738001658,35.923917599617596],[110.60480139976482,35.92459219997011],[110.60556100043988,35.926658600114365],[110.60172260041776,35.92460700011304],[110.59901990024827,35.925048300139],[110.59695590039456,35.92286349975075],[110.59860199968261,35.92251039983512],[110.59844549966016,35.92107790032492],[110.59368749967842,35.92043390030432],[110.59305300009595,35.91782629984391],[110.58689589962614,35.9181397999119],[110.58571010034092,35.919759100302315],[110.58269109961464,35.91910349992662],[110.58025030001141,35.92048029992594],[110.57637840024302,35.91679809955269],[110.56930029956925,35.9145796995935],[110.56908619976838,35.912045199626334],[110.56425069981003,35.90822729965021],[110.56234040038925,35.91064440031886],[110.55700970043739,35.91183440033734],[110.55718320034447,35.90722049962642],[110.55404430020434,35.90400689999848],[110.54913939956373,35.902580700239184],[110.54518119995248,35.90489310003659],[110.54471520004648,35.89857589955818],[110.54216029985804,35.9020117999047],[110.53881239997236,35.90173040023785],[110.53755619995871,35.89747430019884],[110.54123540019361,35.89759729957575],[110.54149190033098,35.893766399899505],[110.54613619992574,35.89428159991593],[110.54645020001675,35.89190300012342],[110.54387000010047,35.88994749987728],[110.54016040008247,35.89254750016704],[110.53770089997664,35.891370900047036],[110.53172899959372,35.892869599552455],[110.52906039991757,35.8887404001494],[110.52621730028824,35.88958500024762],[110.52737560010394,35.89118119975262],[110.5246409002574,35.89117089981721],[110.52332560039622,35.88693119981508],[110.52235289996645,35.88858680044052],[110.51837709972341,35.88931660028095],[110.51990469984207,35.891162799623544],[110.51563109989542,35.890102200356296],[110.51609950009191,35.89319799958804],[110.50872600000497,35.89295950028077]]]}},{"type":"Feature","properties":{"shapeName":"Kuangqu District","shapeISO":"","shapeID":"62558664B79076386772481","shapeGroup":"CHN","shapeType":"ADM3"},"geometry":{"type":"MultiPolygon","coordinates":[[[[113.56375070043453,37.872221700071464],[113.56353490001572,37.875457899662365],[113.56214549961521,37.8755255997267],[113.56381919999615,37.879387300283724],[113.56209180019653,37.882478100184244],[113.56277850002778,37.87926870039024],[113.55655580030998,37.8778206003405],[113.55646989976617,37.87609299999201],[113.55264510019128,37.8757500003623],[113.55243859966174,37.872516999659865],[113.55074340008787,37.87263559955335],[113.5487103000404,37.8767725996758],[113.54653230032545,37.87565050027041],[113.54722429986157,37.87274569995412],[113.54307229994674,37.873897500369424],[113.54263240016519,37.87301669986084],[113.54094799965048,37.87500690044817],[113.54160510009535,37.87759199987096],[113.5450222999392,37.87929839960151],[113.54620240022064,37.88578480032834],[113.54382059974091,37.88468399956696],[113.54297300040366,37.88661460028362],[113.54465749984377,37.88772389963833],[113.54186799980846,37.896986600151536],[113.53918040015537,37.895221300222886],[113.53875660003712,37.891305500048816],[113.53513029972362,37.88574249981656],[113.53798410038598,37.88445539999674],[113.54020499956118,37.88028070029412],[113.54051610023794,37.877638500216676],[113.53676099992026,37.873751400107096],[113.52708360042789,37.87672389958834],[113.52032979978048,37.877143099674356],[113.51948230026801,37.88499310015152],[113.52456770023923,37.88858329987943],[113.52145640029266,37.89005659983229],[113.51785150024659,37.88545030019128],[113.51956810008778,37.8786420995533],[113.51577540001472,37.879874200434074],[113.51535169972124,37.882258000106674],[113.5139568997912,37.88194469968818],[113.51403200037657,37.87961170002001],[113.51102529967795,37.88067659984523],[113.50999529984324,37.88281899989698],[113.5140614999383,37.88491050011953],[113.51156170031231,37.8855201999973],[113.51235560023088,37.88792499973897],[113.5095338999696,37.886959699830356],[113.51303689963322,37.90052330011025],[113.51641250043656,37.90503440021746],[113.5246950999989,37.9101896999947],[113.52080060026753,37.910536699808915],[113.520948099875,37.912532200101],[113.51860380022526,37.91150799999423],[113.51509010042787,37.91313749959596],[113.50107829962394,37.91206250038414],[113.50098169984562,37.90992089982973],[113.51046060007673,37.90876539960357],[113.5100315002536,37.90398259991713],[113.50728489967844,37.90314450011863],[113.50922680037661,37.90100269991473],[113.50554679974505,37.90193390022938],[113.5037873004436,37.90097730036217],[113.50919460015075,37.898039600147456],[113.50778380038219,37.89175319965051],[113.49796150032307,37.89042809987694],[113.49738220022846,37.88892089997961],[113.50155570023549,37.879039000049886],[113.50538049981026,37.8789204001564],[113.49328110014267,37.87653870040077],[113.49153230007562,37.87794449993879],[113.49160739976173,37.8762253001575],[113.49681089960336,37.87483649960484],[113.4982162998424,37.87495499967355],[113.49818420034069,37.877012900325155],[113.50156109976501,37.87676100022003],[113.50352439983124,37.87344119965172],[113.51278339963426,37.87243760031504],[113.51301950044967,37.86946490028498],[113.51460730028668,37.87060830013297],[113.51593230023548,37.8686898996192],[113.5200146998186,37.8693463003915],[113.5187433003631,37.868537499605964],[113.52015949966119,37.86736870020542],[113.5232494002397,37.86928280016116],[113.52403799955414,37.86741530037585],[113.53005149987689,37.86682659966789],[113.53796399963892,37.85965659997214],[113.5434812000974,37.858129700425366],[113.55300840021755,37.85892599973516],[113.5538668004126,37.86017959980876],[113.55957449976347,37.85802810041656],[113.56373729963673,37.85818060025457],[113.56150570032787,37.85908690014037],[113.56365149981696,37.86661700007454],[113.56473779990961,37.86974019985041],[113.56770970044238,37.87000270026448],[113.56284949970473,37.870316099608374],[113.56375070043453,37.872221700071464]],[[113.51076909991411,37.9004376001152],[113.51227650036026,37.90542380036817],[113.5136713002903,37.90268949982061],[113.51208339972914,37.89988729955928],[113.51076909991411,37.9004376001152]]],[[[113.53968060037948,37.75821300032976],[113.54251309969982,37.757203600365926],[113.56413970038693,37.75790339972218],[113.5642255002067,37.7567497997635],[113.5724545999999,37.75623240000533],[113.57217559972423,37.75996459998635],[113.57438569984026,37.760676999743794],[113.5792780999044,37.75728420030566],[113.58404710039338,37.76453200035161],[113.58190130000503,37.76405700003056],[113.58250210019185,37.765515800214075],[113.58382180043577,37.76646570013202],[113.58797380035071,37.764277500306434],[113.58951609988821,37.772480900173434],[113.59423140005913,37.773299199598455],[113.5947357002924,37.774495000244144],[113.58994519971122,37.774740900072516],[113.59089470033018,37.777861599733114],[113.5869573002393,37.77932859993501],[113.58498320021454,37.78406869981069],[113.58189319981136,37.78646829967232],[113.57681849997391,37.786731099560654],[113.57276300001251,37.790588999582724],[113.57134679981505,37.786629399727076],[113.58016589983652,37.78468769957772],[113.58155259957289,37.78330340013184],[113.57997549986953,37.78147190020809],[113.58377349964735,37.777723800213266],[113.57819449957651,37.77590909962532],[113.57754939968515,37.771748299844205],[113.5695523996236,37.770019300150636],[113.5720469004442,37.76720999974174],[113.56742269979782,37.76559850007078],[113.56848489985828,37.76307100042641],[113.54281350024291,37.76336999982567],[113.54207319991826,37.76227589991288],[113.54385420021129,37.7609780999594],[113.53968060037948,37.75821300032976]]],[[[113.44150770012027,37.86032470002493],[113.44354619969738,37.85902869961484],[113.45193619989573,37.85846969991678],[113.45233179997263,37.859559199797275],[113.44609160034713,37.86280870036131],[113.44184299975473,37.86206749981534],[113.44150770012027,37.86032470002493]]],[[[113.56023439979776,37.77143350025591],[113.5623372998266,37.77150130014496],[113.56078160039056,37.77236640028917],[113.56023439979776,37.77143350025591]]],[[[113.47577160027924,37.87177489979183],[113.47661110032209,37.87068449968996],[113.47870330021715,37.87186600021579],[113.47577160027924,37.87177489979183]]]]}},{"type":"Feature","properties":{"shapeName":"Nanjiao District","shapeISO":"","shapeID":"62558664B6154155573410","shapeGroup":"CHN","shapeType":"ADM3"},"geometry":{"type":"MultiPolygon","coordinates":[[[[112.92339740016996,40.08268910012191],[112.92048990008891,40.07657320029301],[112.90471630041702,40.07226540002824],[112.90199339967569,40.06977540031454],[112.90504039989457,40.06110470012186],[112.90358120041208,40.055356499802656],[112.90456829988716,40.050396200024636],[112.91823679978859,40.038207500375904],[112.9183387999957,40.03172209969517],[112.92018410001629,40.029290400331774],[112.91885369963859,40.02600420023373],[112.91988380019723,40.021148399878825],[112.90931680033009,40.014395899651106],[112.90776079962131,40.010528400265514],[112.91182680006682,40.005000899871675],[112.92076879964043,40.00228090034335],[112.93771379955228,40.00313940036307],[112.94611380021172,40.00556489980033],[112.9517362995906,40.00459289994245],[112.96690380027019,39.99458289968112],[112.96931060010422,39.989125200167905],[112.96831109987738,39.98067610012197],[112.95969600027024,39.96239199979101],[112.95460700031288,39.956628199831584],[112.94768699955546,39.952642400026775],[112.9355565004322,39.94797710036295],[112.92129989967066,39.945410599819354],[112.91863919963941,39.94113330006178],[112.90284629961707,39.93998170019535],[112.89975639993793,39.94073850038154],[112.89997099976188,39.94330490020104],[112.89615149989186,39.94616730018083],[112.88237570007857,39.935342099558284],[112.87881370039202,39.930208500422],[112.88065910023738,39.92737829976875],[112.89005750035346,39.92237580020304],[112.89339339968569,39.90980650026984],[112.90460889978101,39.9067092000696],[112.91351240027711,39.90797560019382],[112.93239269986327,39.89451379957222],[112.93514009993578,39.89796690035223],[112.9325651997242,39.905275699613924],[112.93265100044334,39.91199110010922],[112.93762920032736,39.91640189972793],[112.94200660002468,39.915546100372296],[112.95539620037437,39.90837010039985],[112.96724079962326,39.90869929993278],[112.97719720029068,39.91192530031242],[112.99573660016404,39.9125177997567],[113.05280280000932,39.911418900162175],[113.06999979985096,39.90821089971331],[113.11551679986053,39.90376289963814],[113.14380630042047,39.90621190015912],[113.16126229961549,39.91220889972101],[113.17417860026228,39.92476190034148],[113.1964087000016,39.93792509996342],[113.20318940027062,39.944242599916095],[113.22850939968907,39.95713889964054],[113.23563339996144,39.95713889964054],[113.27889199996594,39.947795899561186],[113.28919169973722,39.94200519998003],[113.2969165001964,39.93417390000553],[113.31863159956868,39.93180450027751],[113.33940270037442,39.91324200041805],[113.3451533000848,39.906065799896794],[113.35064650033576,39.90461729964869],[113.36437939978953,39.90632909980815],[113.37416410009325,39.90494650008094],[113.37957139980028,39.893225699706306],[113.38334800021005,39.89045979968006],[113.3897852997518,39.89144759972697],[113.38618039970572,39.89823030008836],[113.37759729977563,39.9075800999417],[113.37656870018543,39.916859699615486],[113.37948690040014,39.91959159987249],[113.38128930006121,39.92837899969112],[113.37858569967034,39.93051810013026],[113.37704070036807,39.937132399740506],[113.3709466999303,39.94499630013917],[113.36502439985622,39.94785860029424],[113.36103330034655,39.95812270040233],[113.36283570000762,39.97499590024063],[113.37352169996655,40.00023209993151],[113.37762010028746,40.00679029983252],[113.38995819981119,40.01517210001248],[113.39553719988191,40.03094679955518],[113.38337069999784,40.04878749994322],[113.38122500033353,40.05706560019735],[113.3853878002069,40.071664800390295],[113.38932520029778,40.07164840035347],[113.39009240024416,40.07493649981967],[113.39573570004256,40.07741580029898],[113.38937219976731,40.09038850012922],[113.3969252998628,40.106638100168254],[113.3953374002009,40.11458099971344],[113.37894379981662,40.127970199864876],[113.37658339960421,40.1365666996935],[113.37842880034896,40.14309549985751],[113.37542469959033,40.146015100316674],[113.37310729956232,40.14447329990293],[113.36667000002058,40.147425700435804],[113.34776580005166,40.14973839970742],[113.3414143003298,40.14134030021472],[113.33587819971922,40.14160279972947],[113.33420450023755,40.14229170020184],[113.33399000023837,40.146753200000205],[113.33102879983926,40.14901670006071],[113.32592189977595,40.14973839970742],[113.32377610028686,40.1535761998818],[113.32643690014288,40.17364739970776],[113.32914049963438,40.17600839976791],[113.33454790006556,40.17620510038512],[113.33656489955058,40.17761509975708],[113.33592110007874,40.182598899719494],[113.32776719979654,40.183680800328716],[113.32665140014205,40.186467599699995],[113.33866769975464,40.21128140041634],[113.34450420000883,40.209446099957574],[113.35055530008708,40.21282169986159],[113.35107029955475,40.21740970009762],[113.35458400025152,40.21968309989518],[113.35921880030742,40.22790759965608],[113.3535540004168,40.229382000379076],[113.34188099990831,40.22843189991232],[113.33996060020161,40.231323300330075],[113.33781479981326,40.230143799896496],[113.3342743002188,40.230651600291196],[113.33152769964363,40.23355119982807],[113.32775110013324,40.234091800296426],[113.33404359983228,40.24310480044625],[113.33170469971219,40.24828029989595],[113.33233400031395,40.251144000295426],[113.32685949966628,40.25781290044506],[113.3270337001452,40.26566080010588],[113.31859940024219,40.270537900004115],[113.31362130018294,40.26978479962884],[113.3103167997806,40.267230699837],[113.30821389975176,40.267721899646006],[113.29778549980108,40.27800330001236],[113.29426639957478,40.27986950027724],[113.29083319989229,40.27921470029821],[113.28722829984622,40.29194939994488],[113.27478290041063,40.293880700334114],[113.2738387003958,40.28108079983912],[113.27220800019916,40.279476599965164],[113.27495450005017,40.278068699610856],[113.27109219964541,40.27679179990167],[113.26692939977204,40.27996769994945],[113.26426859991602,40.2795093002141],[113.26276659989878,40.27819970025604],[113.26521279993085,40.27695559972119],[113.26484799983541,40.27566229997524],[113.25208069976452,40.27055430004094],[113.24823969980241,40.27173309990269],[113.24682349960483,40.26939190021608],[113.24879399964345,40.26753950004792],[113.24736000006396,40.26539690034673],[113.24377650028532,40.26500390020988],[113.24892639963366,40.26277709968343],[113.2448922999398,40.261139599712806],[113.23987119969615,40.264758299855714],[113.24135180034534,40.25873250040462],[113.23435660007715,40.25820849962264],[113.2315241996821,40.25463870011595],[113.23450680034864,40.252051200402605],[113.24092269962296,40.251134099659],[113.2408583000705,40.249054199791544],[113.24394819974964,40.25123230023053],[113.25538510034221,40.251019400125244],[113.264375899828,40.248661099829974],[113.26662900012832,40.2461225996783],[113.26740139995468,40.24970930014416],[113.26999780025835,40.25013510035467],[113.27232600024479,40.24617989998245],[113.27747579976835,40.24355929982187],[113.28680449972796,40.24319489992473],[113.28082319963107,40.229996400113805],[113.27777620031145,40.228407299857054],[113.2766603997577,40.21865910033728],[113.26338890017769,40.21309619992974],[113.26191360013263,40.21128140041634],[113.263029399787,40.20623420004836],[113.25652779961831,40.20103900004989],[113.25382410030204,40.20107180012354],[113.25412449994576,40.19917069986798],[113.25116330044602,40.199957399814195],[113.24841679969563,40.198056199733855],[113.25401720003379,40.194892900087325],[113.2482666003234,40.18610700033787],[113.25002609962485,40.18128740039327],[113.2446187999177,40.17525420042108],[113.2367222999942,40.17040100000622],[113.24354589972359,40.163022200214414],[113.23431910014642,40.16449800028255],[113.21620880009607,40.16213669984887],[113.21268969986977,40.1586928998575],[113.21191730004341,40.1540025999401],[113.20848399963688,40.15610180015801],[113.20226129991909,40.15344499958712],[113.20239009992326,40.14872150029703],[113.1993860000639,40.147606099941584],[113.19663940038811,40.1499352001494],[113.1859963997141,40.15318259989709],[113.18389349968527,40.159037299731665],[113.18090019978445,40.15932430037623],[113.17536410007324,40.15679879992473],[113.17244589985842,40.15755319982037],[113.17300379968572,40.161980900398305],[113.1713729996643,40.16499819960728],[113.15965709969544,40.164440600153625],[113.1587558998649,40.1671625997742],[113.15399229980483,40.171032299800856],[113.14931449956453,40.170638799640926],[113.14858490027302,40.17354090019245],[113.14043099999071,40.17096669965349],[113.13901479979324,40.162767999643506],[113.1322985998006,40.15947189980841],[113.12970220039631,40.15957030002937],[113.12618310017001,40.15625759960858],[113.12244949994454,40.1579959999155],[113.11790049970841,40.15522439998614],[113.11481060002927,40.16317799966498],[113.1107980004274,40.16445700019045],[113.10401739998304,40.164145500214715],[113.09856710009171,40.157356400277706],[113.09627110033102,40.15820920039431],[113.09440430021834,40.15425679961169],[113.09758010044129,40.149664600440985],[113.09691489980287,40.14459630017916],[113.09309539993285,40.14498999998858],[113.0915718998234,40.14877890042595],[113.09087449985839,40.143505499878984],[113.0844800997769,40.138453200354945],[113.07834329970353,40.141635599803124],[113.07679830040126,40.141537099757386],[113.07503880020056,40.13638630018767],[113.06319410022763,40.14058569977027],[113.06049049983676,40.139634299783154],[113.06057629965653,40.13717369980645],[113.05645640014279,40.137272100027474],[113.05087740007207,40.142357300349204],[113.04692920002265,40.14357110002629],[113.04499800035751,40.14278380023222],[113.04452600017487,40.145014600043794],[113.04263769996999,40.14524419966011],[113.04285229979382,40.13044750025199],[113.04499800035751,40.12746159997289],[113.03894700010403,40.130808499812474],[113.0370158004389,40.13044750025199],[113.03139390000854,40.1213580001716],[113.02838980014917,40.12861000005154],[113.01933470003644,40.13766579983684],[113.0128544003104,40.13973279982889],[113.00577340022232,40.1340895998552],[113.00452890038855,40.130808499812474],[112.99736199975655,40.13356459992639],[112.99607449973848,40.1313990998886],[112.99388589971454,40.132744400233946],[112.99169719986594,40.131267799769205],[112.9878347996364,40.132514699893534],[112.98834980000333,40.13694400036536],[112.99392880007417,40.13540200030212],[112.99525909972772,40.136648799702414],[112.99049549966765,40.13842040028129],[112.99148260004199,40.141110699699084],[112.98628980033413,40.14462090023443],[112.98985180002057,40.14845899988302],[112.97457390036527,40.150000800296766],[112.97229939979752,40.15328100011811],[112.96843710029202,40.153936999792734],[112.95951070035858,40.14796699967735],[112.96152769984349,40.144588100160775],[112.96684919973086,40.144883399749176],[112.97247110016121,40.14078260003703],[112.96517550024919,40.123359700389926],[112.9576224001537,40.11203740040577],[112.95406039956788,40.11006810006285],[112.95161420043507,40.097036500034505],[112.94951140023102,40.0950668003926],[112.93225939965168,40.090142299927265],[112.94290240032558,40.09050340021179],[112.94326720042102,40.08823799988386],[112.93459829977178,40.085857599648534],[112.93238819965575,40.083674099680024],[112.92552169956684,40.083838299697845],[112.92339740016996,40.08268910012191]],[[112.90530190026254,39.93548080019883],[112.91087549990448,39.93723720043653],[112.91806379990453,39.93570710020259],[112.9203597996651,39.937229000418085],[112.92952219968981,39.93767319985835],[112.94749840003124,39.93608959985522],[112.9528359995818,39.93794459996337],[112.96105430031582,39.94596479983568],[112.96718050008008,39.95475700023542],[112.96597879988178,39.955398500140745],[112.97516269999869,39.96571080031322],[112.98381009965647,39.967273099873694],[112.99951719985893,39.96686199998135],[113.00552529975289,39.96923010018901],[113.00815390028231,39.96848180039484],[113.01599669988786,39.97314390027083],[113.01945129983767,39.97840569956344],[113.02992269997264,39.98021439987468],[113.03479359994469,39.98590319997277],[113.04507179962388,39.99236420024772],[113.04794710037845,39.996062899583194],[113.04853730025627,40.000969599767245],[113.05184169993458,40.00235039995107],[113.05656239963514,40.001890099948184],[113.06336450017159,40.00723200005683],[113.07111069999883,40.01025609993911],[113.07387869994216,40.0126227000776],[113.07025239962866,40.012934899725906],[113.07031680008038,40.01590950002344],[113.07402890021365,40.016977700360655],[113.07733339971674,40.01441400030592],[113.07958650001706,40.01548219974376],[113.08059499975946,40.02060940020368],[113.07774110017169,40.026705600383195],[113.08329860015033,40.023895799951276],[113.08349179970685,40.02143100014058],[113.0877297001656,40.0212585002796],[113.0927721997773,40.01793900008482],[113.09468190024961,40.01958229978334],[113.09710670001425,40.01644360019202],[113.10047550014428,40.0170352003143],[113.10118360024296,40.015276799984406],[113.10461679992545,40.0209133998336],[113.10656949968268,40.02074909999101],[113.10708450004972,40.012745900003324],[113.1127118000096,40.005715699919676],[113.11472339996499,40.006270499783795],[113.116225499807,40.00252289981205],[113.11657420023926,40.004926800231715],[113.11863410008368,40.00221470034819],[113.12170260039477,40.00262570041582],[113.13446450003676,40.02737099977185],[113.13277469999252,40.030497000036576],[113.14060680036357,40.02849240040399],[113.1449251002133,40.034255300142036],[113.14759660020297,40.03210300035323],[113.1574939999482,40.034850799724666],[113.15442549963711,40.039204399763264],[113.15844880027203,40.04345500044798],[113.1601869002053,40.04190270044933],[113.17155950017082,40.047315299861225],[113.17927349977231,40.047438499787006],[113.18315730026927,40.04476920043828],[113.18117789964037,40.043368800429846],[113.18198249969271,40.03688799978141],[113.184342899905,40.03670729990205],[113.18466469981615,40.034719399780556],[113.18479349982022,40.03255069995487],[113.18181090005305,40.032862899603174],[113.18296290011779,40.02779520008846],[113.18374609990269,40.031083299554666],[113.18982399977779,40.03106690041716],[113.18996480033536,40.02783320004221],[113.20679829960193,40.02895659986723],[113.20765659997221,40.02313169996802],[113.20201330017369,40.02327959977379],[113.2019702999894,40.02127490031643],[113.23016569998708,40.02145560019585],[113.23209689965222,40.018317000429306],[113.23357750030141,40.0114804999252],[113.23192530001268,40.00692789970287],[113.22653939967358,40.007075800407904],[113.22662520039273,40.00290099998119],[113.2153814004314,40.002818800147566],[113.21546720025117,39.998824499950786],[113.22756929968352,39.998873799885985],[113.22411469973372,39.99238060028455],[113.21709800027259,39.99270939961917],[113.21632549972207,39.99136140040838],[113.21329999959539,39.99132849961063],[113.20842909962334,39.99252859991503],[113.2043092001096,39.996210900113],[113.20136949980258,40.0089495001194],[113.1949965998133,40.016936600443785],[113.19742129975327,40.017051600351124],[113.19551160018023,40.01764319957408],[113.19604799991532,40.02723959982774],[113.19237880014157,40.02733819969819],[113.1920997998659,40.02390399996966],[113.18716450034151,40.02421619961797],[113.1869070999827,40.0209133998336],[113.18077020008468,40.01977950042368],[113.18029810007727,40.017511799629915],[113.17519120001396,40.017117400147924],[113.17428990035864,40.0149646003361],[113.18100620017606,40.014734499797385],[113.17974020025008,40.00794689992955],[113.1733673002608,40.009163099897194],[113.17386079963626,40.01318970014461],[113.15900670009921,40.010868299932156],[113.15648540038103,40.012815799809346],[113.15903890032507,40.01345669986688],[113.15903890032507,40.01637380021077],[113.14761269986627,40.01771310027942],[113.14767710031799,40.0198329003681],[113.16108009966695,40.02907779970076],[113.15736250017926,40.02911479960835],[113.1569226003977,40.02687200014276],[113.15391860036323,40.02624759994683],[113.15409020000277,40.02899149985791],[113.15587120029568,40.0288928999874],[113.15484119956182,40.03249110008426],[113.14535699962585,40.03137390018537],[113.14699849978103,40.02012669988733],[113.13696970009164,40.015815000162206],[113.13547299977915,40.01348549975609],[113.13593970025704,40.009257599758485],[113.14227239965157,40.00664230020203],[113.13572510043309,40.00894540011018],[113.13457179994862,40.006747099998734],[113.14128799994126,40.00472959959143],[113.14062290002687,40.003702300420855],[113.14311189969453,40.002526999821214],[113.14317360038137,40.00643690044268],[113.1455876001877,40.00565619987378],[113.14901009973642,40.00847489999671],[113.15657399979034,40.00864749968241],[113.1526794002342,40.004439900081366],[113.15313000014942,40.00159630042896],[113.15745370042805,39.999927899752834],[113.15735719957513,40.002483899812205],[113.16384809961016,40.001472999779196],[113.16338679956118,39.99563760029508],[113.1506570003204,40.000975799693435],[113.14740620023599,39.99611840034396],[113.14004350010748,39.99899709963648],[113.13829470004043,39.99639169981714],[113.13456109981496,39.998084800373306],[113.13175009968745,39.996062899583194],[113.13107419981452,39.997525899600646],[113.12829539991287,39.99610400039933],[113.11407970031803,39.99698349958891],[113.11133309974286,39.99913680032313],[113.11069479962532,40.00293799988884],[113.10902110014376,40.00140929989931],[113.10539470000549,40.002477699886015],[113.10369960025639,40.00990679965912],[113.10009470021032,40.0112381002582],[113.09560999970176,40.010597100375946],[113.08932290043163,40.01496870034532],[113.0668566998769,40.00520619980631],[113.05932509987349,40.00081759995231],[113.05778009967196,39.99800669964952],[113.05559149964802,39.999157400193894],[113.06039800006772,39.993946400006394],[113.05985080037419,39.992244999607124],[113.05787670034954,39.99125859980461],[113.05107459981298,39.992655999674696],[113.03406399975381,39.97835639962818],[113.02103920039883,39.975166400009414],[113.01734849963361,39.96949319955155],[112.99814390002098,39.96273400027394],[112.97996930024306,39.96393459970204],[112.97132179986124,39.95832619989426],[112.96902580010067,39.95256110041453],[112.95525000028738,39.93818319999474],[112.9475306002571,39.93567010029494],[112.93610970040243,39.93708090006356],[112.91789749996974,39.93528339990905],[112.9156658997615,39.933654500155114],[112.90530190026254,39.93548080019883]],[[113.28286570029195,40.041485799929774],[113.2828724002411,40.047788599564285],[113.28816710033152,40.047891199619244],[113.28829590033558,40.05822239994387],[113.28256669999325,40.05822239994387],[113.28252639957373,40.060991800131546],[113.2881026998798,40.05969229956003],[113.28989440030637,40.05997970040289],[113.28972279976745,40.06206539999829],[113.27320169979862,40.06155530003713],[113.27811419971056,40.05811569987969],[113.2777655001778,40.04801030043507],[113.28026000009902,40.047710599564596],[113.28075339964971,40.04111510028173],[113.26925210040417,40.043513500447716],[113.2642095998932,40.04242930027203],[113.25378119994252,40.04827720033256],[113.2608406999384,40.05343469985155],[113.25762210007997,40.05455160027617],[113.25845890035805,40.05638289965117],[113.25664579966394,40.05846049995216],[113.24975780038221,40.05267100006665],[113.24729559961224,40.05274900006634],[113.25100240004076,40.05504430015441],[113.24893170023779,40.057302600334765],[113.25004220018741,40.058784899803356],[113.25632930035704,40.06254570002409],[113.25255269994716,40.067357299599735],[113.24820760030059,40.06523069973707],[113.24086900020427,40.07222609965481],[113.2398443998992,40.07561260024136],[113.25063230024057,40.08555789967738],[113.25704809969011,40.08544299959482],[113.25728419960615,40.089235199644804],[113.25547910018042,40.09021810018521],[113.26927630026114,40.09959090019993],[113.26689449978142,40.10202010034743],[113.2664869000505,40.107501800068064],[113.2633648001455,40.10639399988327],[113.25996369996483,40.10933990011637],[113.25642320037048,40.10687810044402],[113.2547762997865,40.10893369973053],[113.26475409982186,40.11530099964148],[113.263831499724,40.1219302001187],[113.2777359997167,40.12475229967896],[113.27998910001702,40.12268490038787],[113.27953850010181,40.12424369978697],[113.28333649987962,40.12471949960525],[113.28475270007709,40.12675399989723],[113.27975309992564,40.12601569966483],[113.27887330036253,40.128427499729355],[113.28331499978742,40.12937910026534],[113.28119070039054,40.131413400008455],[113.27059060007616,40.13118369966804],[113.27031169962527,40.13927139995519],[113.29230580017258,40.139632199866185],[113.29533130029938,40.12427649986063],[113.2965329995983,40.124046800419535],[113.29934389990115,40.130461900196565],[113.30217630029608,40.13016659970884],[113.30125360037346,40.12629460011573],[113.30633910016945,40.12632740018944],[113.30783040005304,40.11202709957104],[113.3127603000479,40.111645599964504],[113.31609699977673,40.098400900181446],[113.31266380009436,40.09845840013509],[113.31307149965005,40.09625890032805],[113.30845270033194,40.09637790041984],[113.30853850015171,40.08419739989017],[113.31233649992964,40.08419739989017],[113.31235800002173,40.08907310044327],[113.316799700346,40.08890890042545],[113.31601649966183,40.08171829995962],[113.31255109975348,40.08171009994123],[113.3124652999337,40.07873019993883],[113.31559270044283,40.078791799901694],[113.315641000332,40.06573369955066],[113.3101289997536,40.06581779965177],[113.31016389974423,40.047786499647316],[113.29541309993465,40.04789230038938],[113.29498390028687,40.04140369992086],[113.28895430030082,40.041485799929774],[113.29485520010746,40.03345229998371],[113.29283819972318,40.03253220000107],[113.28894190044844,40.03765430040568],[113.28519049994168,40.036132900213204],[113.28286570029195,40.041485799929774]],[[113.13563929971394,40.10518669960658],[113.13930319978294,40.10594170024933],[113.16197320020308,40.1020930002918],[113.15897180010859,40.11425180018051],[113.1629200001579,40.11499850008079],[113.16300579997778,40.1121594995613],[113.16624599975319,40.11216769957974],[113.16740469976719,40.10706379965467],[113.17067699994368,40.10440509971562],[113.1804643001874,40.102831500173636],[113.16236480009547,40.098424600015335],[113.14989789966842,40.09805119970315],[113.15108879990828,40.092527700393134],[113.15555200032463,40.09026230006515],[113.14934540027002,40.089461999671585],[113.14729750007962,40.099227799823154],[113.14414319994876,40.09857130012546],[113.14416599956132,40.10089480025488],[113.13810690001344,40.10274129997106],[113.13563929971394,40.10518669960658]],[[113.06987819981907,40.116710099691375],[113.07946980039105,40.1267806000447],[113.07518899957279,40.13015219976427],[113.07870809979897,40.13227669970996],[113.0800920997707,40.13211270024095],[113.0795341999434,40.128741200346155],[113.09396450026156,40.12463130039424],[113.08998409998628,40.121874800082026],[113.09217279983488,40.120348799857254],[113.09138960005009,40.11937250034066],[113.08820850012228,40.12039389995857],[113.08829429994205,40.11565170016587],[113.08468939989598,40.113592300344465],[113.0837989001991,40.11780130018991],[113.0859125003617,40.120533400096406],[113.0837184000842,40.120594900234494],[113.07405179965087,40.114884500219546],[113.06987819981907,40.116710099691375]],[[113.2098949001296,40.058834199738556],[113.21420790027446,40.05581219977324],[113.21929330024568,40.05789809991745],[113.2242715001297,40.05090129975525],[113.22725409989687,40.05063849986692],[113.22907799965003,40.048601700008476],[113.23197479959742,40.051098399671446],[113.2335841004259,40.05021140013605],[113.23092340039466,40.04748469975914],[113.23272580005573,40.04605559968621],[113.22970029992894,40.04415009994722],[113.2321625996243,40.043718900207125],[113.23204459957867,40.03985030005134],[113.2344048999662,40.038880999958224],[113.2339972004105,40.037747499847285],[113.2269805000501,40.03776389988411],[113.22670159959921,40.036022399614126],[113.22261929984086,40.03480259966028],[113.2098949001296,40.058834199738556]],[[113.1146751999006,40.04887579987832],[113.11902030044655,40.048473300202716],[113.12015760019312,40.04669930023255],[113.12447060033799,40.04556589994638],[113.12271110013717,40.04906459995141],[113.12462079971021,40.048998899979324],[113.12589749976985,40.04493350028088],[113.13485609992915,40.04096630025458],[113.11628449982982,40.0453934000854],[113.1146751999006,40.04887579987832]],[[112.95273279967898,40.04226300033724],[112.95314040030928,40.04784809961018],[112.96089470033019,40.04752989968517],[112.9605942997872,40.050330400227836],[112.95687139969539,40.050757499958706],[112.95785850006973,40.05473230015559],[112.96160280042898,40.057417600242104],[112.96016519996408,40.06061200024368],[112.96424210019279,40.061178600112385],[112.9634750000713,40.0632436998369],[112.96723010038886,40.062734599921896],[112.95979229967497,40.03804109971702],[112.9573890998272,40.03777820000397],[112.9564235004442,40.04094880034694],[112.95273279967898,40.04226300033724]],[[113.22937719959816,40.024392900212206],[113.23201640043658,40.02583879962094],[113.23216669963358,40.02767910031031],[113.23682299978168,40.02754770036614],[113.23639380013378,40.02974939991492],[113.24716559991259,40.029009999811706],[113.24881780020132,40.025937400390774],[113.2477449000072,40.022651099568634],[113.24377529969036,40.020794200092325],[113.23405490001369,40.02155010005714],[113.23229539981287,40.02054780024082],[113.22937719959816,40.024392900212206]],[[112.9970642998776,40.10961469965872],[112.99849120020883,40.11146099972541],[113.00909129962383,40.11423430027281],[113.0167516996313,40.10945880038338],[113.02501289982558,40.11178920011156],[113.0264934995754,40.10986909987912],[113.01410169973371,40.10593849956217],[113.01234220043227,40.10414959962435],[113.00324410013513,40.104855300331906],[112.99908130026188,40.103328999733606],[112.9970642998776,40.10961469965872]],[[113.21751229995277,40.07801399964643],[113.22409450006114,40.07858449987481],[113.22403009960942,40.074808100013854],[113.22563940043801,40.0745043998582],[113.23219479985016,40.07618740012845],[113.23242009980777,40.074307399766724],[113.2343833998741,40.07427449986835],[113.23210890020562,40.072632499690144],[113.2338415997101,40.068901000281016],[113.22871319955459,40.06817850023765],[113.21751229995277,40.07801399964643]],[[112.95390219982676,40.094375299980186],[112.97209829969688,40.09770739967678],[112.97325699971088,40.09966070018123],[112.98396439993712,40.099923300420016],[112.98510169968381,40.097592499594214],[112.97611090019791,40.09503190040192],[112.97634690028929,40.093127800008006],[112.97156189996178,40.09301289992544],[112.97078940031065,40.09540939982401],[112.96701279990089,40.095967500200004],[112.95422409956257,40.09345610021893],[112.95390219982676,40.094375299980186]],[[113.19854380025629,40.063366899762684],[113.19854380025629,40.0658629995778],[113.20731990009335,40.0683591002923],[113.20668689968079,40.07059230039442],[113.21019529977332,40.070534800440726],[113.21639650029829,40.06091990023327],[113.2098949001296,40.05981960039429],[113.20549600034019,40.05560689983861],[113.20369359977985,40.05670730040163],[113.20265289981148,40.06312059973595],[113.19854380025629,40.063366899762684]],[[113.07572950021631,39.943394300007014],[113.07770360024097,39.945499999625326],[113.08285339976464,39.945499999625326],[113.0848274997893,39.940827900187514],[113.08285339976464,39.93655030005635],[113.07869069971605,39.9382612998192],[113.0790339997194,39.94031790005113],[113.07572950021631,39.943394300007014]],[[113.11045340000442,39.97528149974147],[113.11670829994819,39.974779999997054],[113.11508820006043,39.973004099759464],[113.11045340000442,39.97528149974147]],[[113.29465939971158,40.03740760018064],[113.29487389971075,40.04046330044099],[113.2997447996828,40.04013469985654],[113.29927280039954,40.03762119995844],[113.29465939971158,40.03740760018064]]],[[[112.98395639956823,39.96541170018986],[112.99708849973456,39.96345460004983],[112.99878360038292,39.965197899863256],[112.99187419993439,39.96687530005511],[112.98395639956823,39.96541170018986]]],[[[113.3036379998938,40.07281719975401],[113.30364870002757,40.07110129958534],[113.30571939983054,40.071052100374175],[113.3057300999642,40.07230819966372],[113.30810120031026,40.07272689972672],[113.3036379998938,40.07281719975401]]],[[[113.25824440035888,40.09115999973426],[113.25934410035006,40.08807789987526],[113.26376970011165,40.08820929981937],[113.2638234004296,40.089432299561054],[113.26109820012186,40.08944869959788],[113.26101240030209,40.09328990010886],[113.25824440035888,40.09115999973426]]],[[[113.26130009971985,40.08184509987149],[113.26131089967839,40.07898009995171],[113.2654092999993,40.079193599904784],[113.2654843996853,40.08175479984419],[113.26130009971985,40.08184509987149]]],[[[113.08025839970549,40.01625980034959],[113.08041930011063,40.01521620006764],[113.0816423996771,40.015881800005104],[113.08229690018186,40.018831599698615],[113.08025839970549,40.01625980034959]]],[[[113.26118750010312,40.08428719989439],[113.26133770037461,40.08200519988014],[113.26597250043062,40.08200519988014],[113.26492110032859,40.084443199893826],[113.26118750010312,40.08428719989439]]],[[[113.0814439004157,40.02132520029778],[113.08248460038408,40.01905750040339],[113.08836400009864,40.02001880012756],[113.08451239982742,40.01993670011865],[113.08272070030011,40.022171500114666],[113.0814439004157,40.02132520029778]]],[[[113.30154060011864,40.11550400000965],[113.30259739975031,40.11299329970109],[113.30647579981837,40.11311589977902],[113.30650330018716,40.11551780010643],[113.30154060011864,40.11550400000965]]],[[[113.1221560997243,40.18727889970154],[113.12355079982956,40.18392660033237],[113.12786379997442,40.18623790025896],[113.12723079956186,40.18754109974202],[113.1221560997243,40.18727889970154]]],[[[113.25826920006364,40.07453469981658],[113.25829070015573,40.07342629978393],[113.26081199987391,40.076127400059534],[113.25826920006364,40.07453469981658]]],[[[113.25804929963556,40.07273259962983],[113.26121970032898,40.07068420031567],[113.26098360041294,40.07454289983502],[113.25804929963556,40.07273259962983]]],[[[113.44469399992818,40.109303699706004],[113.4477733001977,40.1092978001534],[113.44771969970441,40.114649699823815],[113.44469419957773,40.114682499897526],[113.44469399992818,40.109303699706004]]],[[[113.31037579980341,40.076905700337875],[113.31471020021559,40.07687290026416],[113.31494620030696,40.07820279971946],[113.31037579980341,40.0783587997189],[113.31037579980341,40.076905700337875]]],[[[113.30633900034468,40.05890189980289],[113.30906409992838,40.05888549976606],[113.30938599966419,40.06033070040155],[113.30640339989702,40.06036360029998],[113.30633900034468,40.05890189980289]]],[[[113.29602320001072,40.06027740028185],[113.30109799967306,40.06008850038404],[113.30113019989892,40.06217419997938],[113.2961304999227,40.06214139990573],[113.29602320001072,40.06027740028185]]],[[[113.29348050002511,40.071558999648175],[113.29349120015877,40.06976100036991],[113.29516489964044,40.069728200296254],[113.29506839968701,40.07162469962026],[113.29348050002511,40.071558999648175]]],[[[113.26528319975989,40.06644140035041],[113.2668389000952,40.06494699960439],[113.26871640034165,40.066006200425875],[113.26725729978466,40.06749240025414],[113.26528319975989,40.06644140035041]]],[[[113.28590060013266,40.06801630031208],[113.28814289957518,40.06674360043684],[113.28812140038235,40.067991600432094],[113.28590060013266,40.06801630031208]]]]}},{"type":"Feature","properties":{"shapeName":"Jiaoqu District","shapeISO":"","shapeID":"62558664B59993082477744","shapeGroup":"CHN","shapeType":"ADM3"},"geometry":{"type":"Polygon","coordinates":[[[113.64315060012018,38.09020209984709],[113.63938019963655,38.08840039985864],[113.62995430005094,38.08988409957158],[113.62618389956742,38.09232170028628],[113.62254820043916,38.09147379967618],[113.61931640033163,38.08956620002016],[113.6186431003988,38.086492700377846],[113.61487279973994,38.08522089982472],[113.61648859996899,38.0780134001983],[113.61379550006234,38.07599939995242],[113.6061201002625,38.07928529967688],[113.60234969977887,38.08288909985214],[113.59777139963046,38.093487399723756],[113.58982669964257,38.08808250030722],[113.5894226998978,38.08235920041682],[113.58672959999114,38.079603299952396],[113.58215129984262,38.079603299952396],[113.58713359973592,38.07642339972017],[113.58817820006391,38.07402300036125],[113.58684509992145,38.066976900263796],[113.57599049956195,38.06547760001126],[113.57465740031887,38.06037980018766],[113.57218179965037,38.05873050021245],[113.56913490015563,38.06667699974378],[113.56913490015563,38.072224099962284],[113.56113670039849,38.071624399646396],[113.55256729984103,38.073123600074155],[113.55180550032367,38.06982540032203],[113.54647340012741,38.06322859972016],[113.54723509982011,38.06067969980836],[113.54285520000758,38.05978009987177],[113.54361689970017,38.05528169999053],[113.5377134997783,38.05228270018654],[113.53409529965836,38.05483189957255],[113.53104840016363,38.053782200088506],[113.5304771004379,38.05723100031048],[113.52228849981452,38.05348229956854],[113.51790850017721,38.04973340007638],[113.50991040024485,38.04778380028222],[113.506482600092,38.043884599794524],[113.49981739975328,38.04283479958639],[113.49677050025844,38.03188580008964],[113.49791309970988,38.027535800037185],[113.50267390018041,38.026935700422314],[113.50248350021343,38.01853480044076],[113.50819650016842,38.014634099883835],[113.5083869001354,38.007882300228005],[113.51162419959724,38.00758220005855],[113.51257639998096,38.00578159994092],[113.5072442997847,37.99902899988848],[113.50971989955383,37.994376799749546],[113.50572079967526,37.99122520028283],[113.49848440033486,37.990174599678085],[113.49410439979829,37.99362640003841],[113.49486620021503,37.998578800171515],[113.49143840006218,38.00413100044534],[113.48477319972346,38.004581200162306],[113.47658459999934,38.0114832999144],[113.46877690003396,38.012233499976105],[113.46401609956342,38.008782500012444],[113.46420650042967,38.00623169983311],[113.46192129972826,38.004581200162306],[113.46325439987072,37.99722820012141],[113.45887440023341,37.99377649958586],[113.46001699968485,37.990774899841824],[113.45411359976288,37.98762309982624],[113.45468490038786,37.982520000297825],[113.46077870027682,37.97996820007245],[113.45754139991573,37.97561510005687],[113.4590648002004,37.96855950042067],[113.45487530035484,37.96225379957326],[113.45773179988271,37.95699870022986],[113.45487530035484,37.95264419996988],[113.4493528001916,37.951442999794665],[113.44497279965503,37.947238299607875],[113.44002160011678,37.94738849987942],[113.43145209973466,37.95174329961361],[113.42688170013037,37.94964100033195],[113.4025063998505,37.950692100060394],[113.39031870024792,37.95865039959631],[113.38727179985369,37.95880050004308],[113.38041620044737,37.95339499987938],[113.37222759982399,37.95189340006044],[113.36727629956158,37.953244900331924],[113.3619442002647,37.95804979995836],[113.35413650029932,37.9603020000373],[113.35261300018988,37.96690799980439],[113.33604539987539,37.96690799980439],[113.33071329967913,37.96435580028003],[113.33090369964611,37.9615031003878],[113.32842809987699,37.95940109968103],[113.33185590002984,37.95579750005464],[113.32290549988898,37.9467878004167],[113.32366730030571,37.94258279985638],[113.32176290043753,37.940179900382134],[113.32480989975716,37.936875800178086],[113.31928729976914,37.93267029959469],[113.31909689980216,37.93026699992214],[113.31509779992359,37.92996660027842],[113.31605000030731,37.92726290006283],[113.31471690016485,37.924709199569975],[113.32100119984557,37.91824960043874],[113.3265237000088,37.9164467996801],[113.3322366999638,37.9116392002889],[113.3314750002711,37.90908499977297],[113.32709499973453,37.90923520004452],[113.32842809987699,37.90668100042785],[113.32633330004182,37.904276900358695],[113.33128460030412,37.90232350002958],[113.33052279988738,37.900369999875636],[113.32328639964771,37.9005202999719],[113.3234767996147,37.89826630034952],[113.33528360035791,37.88669449965147],[113.33299850038054,37.881884900168075],[113.33490280042395,37.878427899927715],[113.33204629999682,37.87617309990867],[113.33528360035791,37.87301640038663],[113.33547410014967,37.870160300157806],[113.3467096002679,37.871813899791675],[113.34842350034432,37.87000990023677],[113.34842350034432,37.86685300016586],[113.35108959990521,37.865349599904164],[113.35337469988258,37.856779800047775],[113.35642170010146,37.8527201002525],[113.35623120030971,37.84775800003172],[113.36061119994702,37.84505119985306],[113.35813560017789,37.83918610025836],[113.36899019963812,37.82865799966703],[113.37203710003223,37.829259600250396],[113.3771788002615,37.82655220022389],[113.38213009962442,37.82625129965783],[113.38536739998563,37.82279170037674],[113.39184209963321,37.82249079981062],[113.39222300029132,37.81948219974379],[113.3893664998642,37.81572129969828],[113.39279430001704,37.812712499981956],[113.39431780012649,37.805791699727195],[113.39831680018028,37.80308340037868],[113.39850729997193,37.79917120019081],[113.40307769957622,37.79917120019081],[113.40117329970803,37.79571019976595],[113.40422029992692,37.78848680012578],[113.40879059970644,37.7877342995983],[113.40898110039757,37.78412230030398],[113.42158039991557,37.778203899690254],[113.43101930010073,37.76850469973215],[113.43668269974683,37.76871790021096],[113.43951429974516,37.76637289998939],[113.43627810015425,37.774793299970895],[113.4378961999497,37.77713809964365],[113.443155099828,37.779376200151546],[113.4457170003393,37.78481140042584],[113.45111069959921,37.78864769963167],[113.4699884999693,37.789713300028836],[113.4771351002048,37.80186020008824],[113.48198939959116,37.80431059995425],[113.4764609000506,37.809424399616375],[113.4803712997957,37.81464419967011],[113.47861839971938,37.82039640017376],[113.47322469956032,37.821674499578535],[113.47794409974051,37.82465689969621],[113.47915769976805,37.82955620025848],[113.47524730002294,37.83019520004848],[113.47241560019984,37.83456160013776],[113.47565179979074,37.83967329988292],[113.4775395999726,37.84041870026289],[113.48010160030867,37.83924730002292],[113.48347260018045,37.843506800398586],[113.49196769964965,37.83914079960829],[113.49601289967563,37.8405251997782],[113.498844600398,37.84329379956927],[113.50016920014855,37.85106680009278],[113.50340539973945,37.85053439964287],[113.50070860002188,37.84510409977446],[113.50205700033041,37.8422291002928],[113.50893390017939,37.841803200257516],[113.51284429992461,37.83775659998713],[113.5096081003336,37.831260400247345],[113.51109139984828,37.82423099966098],[113.52160899995545,37.824337500075615],[113.52740719988242,37.82273979960212],[113.53050860009193,37.82028999958385],[113.53805970009512,37.818692200184955],[113.54331850014876,37.81080939963414],[113.54628500025262,37.81059639970414],[113.55059989976564,37.814964000388386],[113.55572390043767,37.816029199687875],[113.55707229984682,37.81933129979967],[113.56718540018608,37.821887700057346],[113.57177009991028,37.82103559961331],[113.57581529993615,37.82518959962039],[113.58093929970903,37.825402600449706],[113.5841755001992,37.82401799973093],[113.58727679968467,37.82550909996502],[113.59105240004828,37.824124500145615],[113.5921310999704,37.82721320012911],[113.59685059997526,37.829662799598566],[113.59819900028367,37.82550909996502],[113.60453650025931,37.82721320012911],[113.60426679987302,37.824763499935614],[113.60831209972366,37.82518959962039],[113.60817719961813,37.821994199572714],[113.61316640000939,37.82060949992854],[113.61168309959544,37.81837269984027],[113.6135708997773,37.81762699998609],[113.62071750001269,37.81805309967086],[113.61950389998503,37.82028999958385],[113.6213917001669,37.821994199572714],[113.62171440029942,37.81933449958751],[113.62409810014731,37.81880720009224],[113.63048640012732,37.82227190032796],[113.63582580012064,37.815794400191464],[113.64288149958156,37.81956040029229],[113.64536060041144,37.81858130028684],[113.64621870023291,37.82069019969299],[113.64917450020312,37.82069019969299],[113.64679080035523,37.82641410033051],[113.64898379986255,37.83130929998424],[113.65241629987236,37.83040560003849],[113.65384649981615,37.83130929998424],[113.65451390019643,37.838990200037756],[113.65851850032857,37.83951729988354],[113.66481140022597,37.84418570040981],[113.66709979981601,37.844110400174884],[113.66833930031851,37.840571499575105],[113.67301129993166,37.83989380015879],[113.67091369960758,37.84373389989963],[113.67272530023251,37.84576680029767],[113.67024620030202,37.8489290998981],[113.6780272002951,37.85166350027038],[113.67718749970345,37.858442300271975],[113.6806152998563,37.86054720039306],[113.68328140031645,37.86520780019987],[113.67975839973042,37.86656079964126],[113.67680669976949,37.86483199959713],[113.67356929958362,37.86686149965851],[113.66937979973807,37.870394300156875],[113.66957019970505,37.87467850041253],[113.68147229980684,37.879563699605114],[113.68023449992234,37.88294560015936],[113.67690190020255,37.88294560015936],[113.67804449965399,37.884448600222754],[113.68118659958202,37.88407290034411],[113.68090100008112,37.885275200390254],[113.67671150023557,37.88610190038247],[113.67652100044393,37.88775509981804],[113.6810914000481,37.88707879974686],[113.68490009995969,37.88362190023054],[113.69127960007359,37.88347160013427],[113.69280300035825,37.882043799581766],[113.6958498998531,37.883020699845474],[113.69708779956238,37.8848243001014],[113.6950882001604,37.88880709976792],[113.68994649993112,37.887229099843125],[113.69099389984865,37.889258000056714],[113.6879470003538,37.8891829003706],[113.68670919956992,37.89218860012386],[113.68966090043023,37.89271460009877],[113.69251739995809,37.89061060019907],[113.69185089979919,37.896170999592016],[113.69670689980364,37.899326699967276],[113.69537390038522,37.892864900195036],[113.69794469968815,37.890911200391656],[113.69918249957277,37.8972980003025],[113.70118209987402,37.89346599985606],[113.70308639991754,37.893541100441496],[113.70337200031759,37.8960958999059],[113.70727589976298,37.900002900213735],[113.70546680015275,37.901730999685924],[113.70356250010934,37.90210659973985],[113.70194379956672,37.900453699778495],[113.69965859976458,37.90158069958966],[113.70222939996688,37.90503669978392],[113.70261029972562,37.9095442997297],[113.7012773003072,37.910671099891374],[113.69880159981403,37.90961940031514],[113.69851600031325,37.9110466999453],[113.69956340023077,37.91217359993175],[113.70718070022917,37.911873099563934],[113.69775429972117,37.91668069985445],[113.69375519984271,37.91668069985445],[113.68642350024436,37.92156310035682],[113.68404310000915,37.92088709975991],[113.68404310000915,37.91953510036467],[113.68709000040326,37.91743189996225],[113.68251969972448,37.91833319961751],[113.68137710027304,37.92426710004668],[113.67823489962097,37.92238930032602],[113.67575929985185,37.92644519958634],[113.67813970008717,37.92689580040093],[113.67709230016953,37.92937429958431],[113.67947270040486,37.93222820007145],[113.67823489962097,37.934331000275506],[113.67594969981883,37.933805299774804],[113.67518800012613,37.931852699842295],[113.66814199985345,37.93470649960534],[113.67109369981449,37.94116459956666],[113.66871329957917,37.94199059988631],[113.66766589966164,37.94551980039853],[113.66452379973362,37.944318399674444],[113.66366679978307,37.945444699813095],[113.66014380009631,37.94514439999409],[113.66138159998093,37.94882360022905],[113.65728729966918,37.94807269959546],[113.65671599994346,37.95070070027714],[113.6538595004157,37.95242750022902],[113.65395479977428,37.95513040004795],[113.64776569962737,37.96098619975339],[113.65224089969786,37.96308809973607],[113.6462422004173,37.965940699803525],[113.64728960033483,37.96706669956859],[113.65519259965879,37.96736700028691],[113.6589060002118,37.97074479993262],[113.66290510009037,37.975098200321725],[113.66280989965719,37.97997680028914],[113.66842760025361,37.98763170004298],[113.67023679968861,37.98823200020672],[113.66928460020415,37.98583059990233],[113.67328370008272,37.98508010036642],[113.67242670013218,37.98320389964033],[113.67404539977542,37.98275360009859],[113.67652100044393,37.98530529959993],[113.67823489962097,37.983354000087104],[113.68261490015755,37.9859807003491],[113.6856617996524,37.984929999919586],[113.68699479997008,37.99348489980832],[113.68613789984431,37.995285800299484],[113.68251969972448,37.99513569985271],[113.68394789957597,37.9979870003998],[113.67614019961059,38.0023387999957],[113.67366450001668,38.002413899681756],[113.67356929958362,38.00121340007843],[113.66842760025361,38.00316419956823],[113.66804680031964,38.00076320036146],[113.66404770044107,38.00248890044247],[113.6646190001668,38.00428960038482],[113.66204819996449,38.005865100194285],[113.65985819969626,38.00451459996884],[113.65795379982808,38.005565000024774],[113.65757299989411,38.00293910015938],[113.65585909981769,38.006990500111556],[113.65357390001554,38.007065499972896],[113.65185999993912,38.00413949993805],[113.65005090032889,38.00428960038482],[113.64995569989571,38.00646529963393],[113.64795609959435,38.006690399942045],[113.65052699962143,38.007815799859316],[113.64833700025247,38.00984139956097],[113.65671599994346,38.009466300429494],[113.6576682003273,38.01119170013692],[113.66833239982043,38.014567600414466],[113.67166500043948,38.01164189985383],[113.67099850028058,38.01426750024501],[113.67433110000036,38.011791899576565],[113.6748071003675,38.01659299956731],[113.67604490025201,38.01704310035882],[113.67813970008717,38.01314220015246],[113.6803297003554,38.016442900019854],[113.67871099981289,38.018393300210676],[113.6810914000481,38.01929340017034],[113.68575700008557,38.01434250010635],[113.6879470003538,38.01659299956731],[113.68470960016793,38.02439410030752],[113.678425400312,38.02334399972585],[113.67642580001075,38.02671920033089],[113.67433110000036,38.02484410037499],[113.67204590019821,38.02671920033089],[113.67328370008272,38.028594300286784],[113.6715698000063,38.02919430007694],[113.67129370004432,38.034753599599014],[113.66833129994961,38.03751109995733],[113.66954320025854,38.04196529995869],[113.66711939964068,38.041541099642075],[113.66752329956068,38.0452527995771],[113.66213709974738,38.05108509999741],[113.65540430006843,38.05299369969953],[113.65257649970579,38.05193330008177],[113.65109530010807,38.0537359002916],[113.64476640034911,38.0552204004012],[113.6397842002807,38.054266100100506],[113.63938019963655,38.05776509957974],[113.64584370002683,38.06592869994961],[113.64395849978496,38.06932110008876],[113.64624759994683,38.06932110008876],[113.645170400094,38.079073399617755],[113.64247730018735,38.08575080015936],[113.64315060012018,38.09020209984709]],[[113.56375070043453,37.872221700071464],[113.57273079978665,37.86947759961157],[113.5707245004354,37.874499899550756],[113.57255910032234,37.878759599575915],[113.57192609990966,37.87256890043449],[113.57407190029801,37.86953690000797],[113.57718320024458,37.86902880013906],[113.57730120029021,37.86685209994448],[113.58854510007632,37.86569170021187],[113.58712889987885,37.86364189975393],[113.59063720014672,37.86371820003495],[113.59127019966002,37.861905500438525],[113.60107630023117,37.858932400210165],[113.61247300022887,37.8581085996322],[113.61940120010536,37.85248589970456],[113.62894719965357,37.85208139993671],[113.63121090026289,37.8488283002859],[113.6463600997389,37.8482607003711],[113.64596310031686,37.84593930015865],[113.64185399986229,37.84359250039364],[113.63049749955997,37.84345269988222],[113.62533149964906,37.83985609967931],[113.62612550029166,37.83839869974025],[113.61513919961442,37.837314200090304],[113.61744049997912,37.830251399582494],[113.609769399838,37.83007350019193],[113.61100320043738,37.83276819999247],[113.60021530009612,37.831586099618846],[113.60084829960942,37.83633130044922],[113.60358420005082,37.83689900018874],[113.60576209994099,37.833297799953584],[113.61280030039359,37.83316220017542],[113.6122585002297,37.836759199677374],[113.60631470006342,37.83630160033863],[113.60609469981057,37.83728030014578],[113.60927579973838,37.83787760017117],[113.60960839960796,37.842563100406835],[113.61447399987526,37.84276220041528],[113.61465640037261,37.84750669977444],[113.61119360040436,37.84823310017748],[113.61023880008065,37.8464624996447],[113.60309069977609,37.84510049978826],[113.60339110031907,37.8421352002793],[113.59958240040748,37.841940300104795],[113.59986670038802,37.843842400406515],[113.58788789980679,37.84741339960874],[113.58527000031029,37.84311800009567],[113.59126749989525,37.84077109960663],[113.58953480039077,37.83866559963775],[113.59265690029576,37.83862320020057],[113.59207750037638,37.83730140003962],[113.57464310019895,37.83842830002607],[113.56995469964977,37.83486109956016],[113.57173569994268,37.833827300089865],[113.57004589989845,37.83117079989256],[113.56038460006926,37.83338669973648],[113.56518029963115,37.83688620013805],[113.5661619995767,37.84289770036861],[113.56927340024731,37.845507200197176],[113.56931629970757,37.847811599625686],[113.56148420023567,37.84955679970659],[113.55693519999954,37.85299630003925],[113.55581940034506,37.85785869961933],[113.55515419970664,37.85452109966906],[113.5434812000974,37.858129700425366],[113.53796399963892,37.85965659997214],[113.53005149987689,37.86682659966789],[113.52403799955414,37.86741530037585],[113.5232494002397,37.86928280016116],[113.52015949966119,37.86736870020542],[113.5187433003631,37.868537499605964],[113.5200146998186,37.8693463003915],[113.51593230023548,37.8686898996192],[113.51460730028668,37.87060830013297],[113.51301950044967,37.86946490028498],[113.51278339963426,37.87243760031504],[113.50352439983124,37.87344119965172],[113.50156109976501,37.87676100022003],[113.49818420034069,37.877012900325155],[113.4982162998424,37.87495499967355],[113.49681089960336,37.87483649960484],[113.49160739976173,37.8762253001575],[113.49153230007562,37.87794449993879],[113.49328110014267,37.87653870040077],[113.50538049981026,37.8789204001564],[113.50155570023549,37.879039000049886],[113.49738220022846,37.88892089997961],[113.49796150032307,37.89042809987694],[113.50778380038219,37.89175319965051],[113.50919460015075,37.898039600147456],[113.5037873004436,37.90097730036217],[113.50554679974505,37.90193390022938],[113.50922680037661,37.90100269991473],[113.50728489967844,37.90314450011863],[113.5100315002536,37.90398259991713],[113.51046060007673,37.90876539960357],[113.50098169984562,37.90992089982973],[113.50107829962394,37.91206250038414],[113.51509010042787,37.91313749959596],[113.51860380022526,37.91150799999423],[113.520948099875,37.912532200101],[113.52080060026753,37.910536699808915],[113.5246950999989,37.9101896999947],[113.51641250043656,37.90503440021746],[113.51303689963322,37.90052330011025],[113.5095338999696,37.886959699830356],[113.51235560023088,37.88792499973897],[113.51156170031231,37.8855201999973],[113.5140614999383,37.88491050011953],[113.50999529984324,37.88281899989698],[113.51102529967795,37.88067659984523],[113.51403200037657,37.87961170002001],[113.5139568997912,37.88194469968818],[113.51535169972124,37.882258000106674],[113.51577540001472,37.879874200434074],[113.51956810008778,37.8786420995533],[113.51785150024659,37.88545030019128],[113.52145640029266,37.89005659983229],[113.52456770023923,37.88858329987943],[113.51948230026801,37.88499310015152],[113.52032979978048,37.877143099674356],[113.52708360042789,37.87672389958834],[113.53676099992026,37.873751400107096],[113.54051610023794,37.877638500216676],[113.54020499956118,37.88028070029412],[113.53798410038598,37.88445539999674],[113.53513029972362,37.88574249981656],[113.53875660003712,37.891305500048816],[113.53918040015537,37.895221300222886],[113.54186799980846,37.896986600151536],[113.54465749984377,37.88772389963833],[113.54297300040366,37.88661460028362],[113.54382059974091,37.88468399956696],[113.54620240022064,37.88578480032834],[113.5450222999392,37.87929839960151],[113.54160510009535,37.87759199987096],[113.54094799965048,37.87500690044817],[113.54263240016519,37.87301669986084],[113.54307229994674,37.873897500369424],[113.54722429986157,37.87274569995412],[113.54653230032545,37.87565050027041],[113.5487103000404,37.8767725996758],[113.55074340008787,37.87263559955335],[113.55243859966174,37.872516999659865],[113.55264510019128,37.8757500003623],[113.55646989976617,37.87609299999201],[113.55655580030998,37.8778206003405],[113.56277850002778,37.87926870039024],[113.56209180019653,37.882478100184244],[113.56381919999615,37.879387300283724],[113.56214549961521,37.8755255997267],[113.56353490001572,37.875457899662365],[113.56375070043453,37.872221700071464]],[[113.44150770012027,37.86032470002493],[113.44184299975473,37.86206749981534],[113.44609160034713,37.86280870036131],[113.45233179997263,37.859559199797275],[113.45193619989573,37.85846969991678],[113.44354619969738,37.85902869961484],[113.44150770012027,37.86032470002493]],[[113.47577160027924,37.87177489979183],[113.47870330021715,37.87186600021579],[113.47661110032209,37.87068449968996],[113.47577160027924,37.87177489979183]],[[113.60243350040582,37.870430399843144],[113.60436739983572,37.8712498000383],[113.60556099984035,37.866572499821075],[113.60243350040582,37.870430399843144]],[[113.6393246997751,37.867732899553744],[113.64069789978828,37.86954540039994],[113.64784330032808,37.869257399709284],[113.6497315996337,37.86727549986449],[113.65582560007147,37.8657678997688],[113.65601869980321,37.8626847998637],[113.6441312001948,37.8620072002721],[113.64037609987713,37.86344710030346],[113.6393246997751,37.867732899553744]]]}},{"type":"Feature","properties":{"shapeName":"Yangqu County","shapeISO":"","shapeID":"62558664B1756265151616","shapeGroup":"CHN","shapeType":"ADM3"},"geometry":{"type":"Polygon","coordinates":[[[112.3297652004037,37.980211199587245],[112.33199679971256,37.98156429975268],[112.33422839992079,37.98115839974042],[112.33439999956045,37.979128799854266],[112.33748990013885,37.979534699866576],[112.3398931998114,37.97398680015078],[112.35173779995955,37.98048180019498],[112.35242449979091,37.978181599701145],[112.35551440036932,37.9775050001557],[112.35585770037267,37.97506940043252],[112.35911930041539,37.974934000303904],[112.36220920009453,37.971821700311295],[112.37070300004348,37.98223899992996],[112.37480600039669,37.9802554003665],[112.37786140028345,37.982335300233956],[112.37733800024853,37.988946599705855],[112.3715973002752,37.99211390043621],[112.37783039975318,37.99414660028543],[112.37353879987575,37.99617579997323],[112.37233720040149,37.998746000327685],[112.380748599968,38.0011809003783],[112.38692840022554,37.9991517996159],[112.38950330043701,37.999692900107334],[112.39379490031445,38.003615699704824],[112.40066129967931,37.998610700023846],[112.40186290005283,37.99942240022364],[112.40289289988743,38.003615699704824],[112.39757140000017,38.00469779996354],[112.3960264996233,38.00659139987323],[112.40237790041988,38.009161299854156],[112.40380090039127,38.01364500031656],[112.39928799984136,38.015382700051646],[112.39825809983154,38.01822280044195],[112.40872940014174,38.01687039994903],[112.41405090002911,38.020792300224514],[112.41748409971149,38.01795229965893],[112.41542419986695,38.012136900197845],[112.42390380042013,38.01470310036785],[112.42722109997385,38.01821790003612],[112.422988599944,38.02389519960383],[112.42359960024146,38.034238399582534],[112.42205529971238,38.0371215999819],[112.4285183999043,38.04797740003704],[112.4231420000034,38.05437299981412],[112.4340091998647,38.06063289998838],[112.4353247002748,38.054913399733664],[112.43681180032434,38.05387760017118],[112.43847050001364,38.054688199600776],[112.44790780030485,38.06153359979584],[112.46014779998109,38.077158400339954],[112.46226400008356,38.07189050004661],[112.46758320040442,38.0674327000591],[112.47210170013341,38.06576659984876],[112.47450389993514,38.0670724999959],[112.47427509981605,38.0632448001075],[112.47959439996168,38.05883160019823],[112.47816450039147,38.05509359959001],[112.47559060022604,38.054913399733664],[112.47724929991534,38.04959880034443],[112.48468480016345,38.0499140999558],[112.4847419997435,38.051580600364446],[112.49171989975366,38.0520309997309],[112.49303540016365,38.053337100426916],[112.51328269983674,38.04306769971464],[112.5153989997641,38.04027490006666],[112.51808720016425,38.040049600109],[112.52083260014444,38.04554509992647],[112.52449309987674,38.04761700032435],[112.53107060012815,38.0452298003151],[112.53370169987363,38.045184800038555],[112.53741940008535,38.047797200180696],[112.5427386004061,38.045590100203015],[112.5590393997486,38.04946369969002],[112.57242330019517,38.044013600347455],[112.57511149969605,38.04144609975776],[112.5777997000962,38.04378840021457],[112.58632189973594,38.04387849969305],[112.59158389957736,38.04545500044799],[112.59507279966999,38.05004930043492],[112.59850460000735,38.050364500221576],[112.5982186003082,38.03928390023185],[112.60313749979582,38.03671610016795],[112.60084960022891,38.034733999774346],[112.60193629962055,38.02923769956021],[112.60519650031824,38.03027390022038],[112.60754149964055,38.0259487996974],[112.61022970004069,38.025903699596086],[112.60736990000089,38.02126290016275],[112.6070267996472,38.01567550042404],[112.60965779956791,38.01378289966112],[112.60862829975633,38.01148470015886],[112.6097721996274,38.010583399604286],[112.612803600206,38.01189029979753],[112.61263199966709,38.00909629955464],[112.61835159974657,38.00472480030936],[112.61818000010703,38.00161500043197],[112.61600649970023,37.99994740015245],[112.61629250029875,37.994583800302166],[112.6227555995913,37.98547819965921],[112.6288756003288,37.98538810018073],[112.63064870007747,37.98236760028459],[112.6397428001901,37.97781419966566],[112.63985720024971,37.975469800191206],[112.64397530021995,37.972629299602545],[112.64614879972737,37.97537959998863],[112.65381300026979,37.97371139986126],[112.66433699995264,37.961266299899876],[112.67051420027019,37.959687999601556],[112.67160089966183,37.95589979973602],[112.67634820040917,37.95247229995675],[112.68241089994319,37.9522918995516],[112.69173389999958,37.942459400281166],[112.69356410040302,37.942143599747396],[112.69813979971207,37.94534609994258],[112.70134279993033,37.942143599747396],[112.70431700002962,37.94327130013045],[112.70854950005946,37.94146700020195],[112.71386870038032,37.94205340044414],[112.71690010005966,37.938174199979414],[112.71890190010265,37.9380387998508],[112.7203890001523,37.94115130039228],[112.72170449966302,37.9380387998508],[112.72290560001352,37.93839969958651],[112.73034110026163,37.94773659956445],[112.7285108000334,37.95278799976643],[112.73600349986168,37.956621399558],[112.73937799989483,37.95423120030972],[112.73651819985514,37.951976199741864],[112.74006440025198,37.952427199855435],[112.74321019999081,37.94967600014735],[112.74589840039096,37.94845830011053],[112.74761419983554,37.94927010013504],[112.74858659989172,37.947285600350256],[112.75224709962401,37.94633840019708],[112.75487810044399,37.941692599633825],[112.75813830024242,37.94088069978454],[112.75987809989442,37.93587910044016],[112.76470620023099,37.93824259971626],[112.76537220036687,37.94244419993993],[112.77269760021409,37.95150309968835],[112.78701539984093,37.96528620019802],[112.78784789956103,37.97184859993297],[112.79883599978166,37.97644199969858],[112.80349759963462,37.97644199969858],[112.80899170010696,37.981560000093964],[112.81082300038122,37.98562789990768],[112.80666090018042,37.992713400203286],[112.80666090018042,37.99664949987459],[112.81381980044353,37.999929400221674],[112.82214409977041,38.00058539989635],[112.82347600021728,37.996911899564566],[112.83229980009571,37.99376309968733],[112.83729440001662,37.99428789996665],[112.84029120007892,37.99245099961399],[112.84095710038991,37.98589040032175],[112.85727279970001,37.98746499990989],[112.86260039968874,37.99231980021864],[112.87442099962948,37.995075099935946],[112.88857229967198,37.9889083002779],[112.91271290028021,37.9946814999513],[112.9220361998108,37.98864589968855],[112.9311928999324,37.98707130010047],[112.9406826999467,37.98943320038194],[112.94867400010503,38.000716600191026],[112.94983949989307,38.00963709967249],[112.95550000012497,38.01475279960209],[112.95982869973477,38.01527740023187],[112.97864170035427,37.999929400221674],[112.99081319956952,37.99985259991763],[112.99650289988892,38.007147400332315],[112.99785969986533,38.01907590003282],[113.00600109957111,38.019469699666956],[113.00614400004565,38.02487059979842],[113.01349979967608,38.02661460018368],[113.00742949997152,38.036402500275244],[112.99978800011615,38.039383599973235],[113.00635819967124,38.046920200207126],[113.00957190002327,38.048719800278604],[113.01628500005279,38.046526500397704],[113.02342660005763,38.05096940041756],[113.03428180026492,38.047032699999136],[113.03999509969412,38.046413999706374],[113.04592259964829,38.048269900035905],[113.05056459967659,38.05344379959172],[113.05798219981875,38.05563610032584],[113.05454840028847,38.061419099911575],[113.05631299964523,38.06367210038718],[113.05540679958415,38.0657747998672],[113.04663150014369,38.06235779967278],[113.04024070004834,38.0668636998999],[113.03136989980112,38.077601599734066],[113.03408840015959,38.08004180038881],[113.03251450024402,38.081731100410025],[113.01420069980247,38.086235800042175],[113.01067150018969,38.084584099776464],[113.00876379980957,38.08582279988235],[113.00332689981667,38.08049229957999],[112.997889899999,38.08683639968018],[112.9907360997912,38.09122810039656],[112.98372529988274,38.092729499666746],[112.98267610042171,38.09941029964568],[112.98043459957717,38.101061700437185],[112.98095920020694,38.09835950029077],[112.97919459995092,38.09790910002499],[112.97709610030483,38.10124929991531],[112.96712839965596,38.10789190029101],[112.96374230016704,38.113295500187235],[112.96016529978886,38.113295500187235],[112.95472839979584,38.12027459989292],[112.95177149995482,38.12094999974272],[112.95072229959453,38.1271780000647],[112.95320229974641,38.12927890000128],[112.95043610024584,38.13561880026748],[112.95153299974822,38.13974510025622],[112.94943459992692,38.14229569988669],[112.94213759977049,38.14222070002535],[112.93965759961861,38.13948250001744],[112.93531769985202,38.14027020000975],[112.93035770044753,38.13670670025408],[112.92272689982667,38.138694800025064],[112.91972229994428,38.14417110021617],[112.91399919970331,38.14462120010836],[112.91008839975996,38.14765929973697],[112.91151919955144,38.15193489977588],[112.9084668996278,38.15598519985713],[112.91023149988382,38.15883529980931],[112.9093729998641,38.16221029986548],[112.91657459993792,38.16517260013546],[112.92582689979167,38.160447800425686],[112.92964229965241,38.168209800442014],[112.92811609977821,38.170159599885665],[112.92992840007571,38.173084099851394],[112.92949920042781,38.17803299982313],[112.92592229987429,38.180619799863905],[112.92635150042145,38.181856999900674],[112.92959459961116,38.18384389997607],[112.92983299999298,38.186692900057324],[112.93259920039281,38.18935429976119],[112.93932380005344,38.188154800203904],[112.93550840019259,38.195501600318664],[112.94437920043981,38.20333479966132],[112.95029300012197,38.20445909970772],[112.94790840005271,38.20805679978156],[112.94976840039146,38.21019290008235],[112.94671609956845,38.21465220013897],[112.94704999985765,38.2196356997278],[112.9524391998093,38.21877390009547],[112.95568229989829,38.22079730005538],[112.96140530031437,38.22720409998925],[112.9608806996846,38.23155000003254],[112.9624068995588,38.23353549986348],[112.96803459971704,38.23432219980975],[112.97909919986819,38.239828799959184],[112.97995760006324,38.24361210031822],[112.98873300022785,38.2476573003442],[112.99264380017132,38.25132779963832],[112.996697600414,38.25144009978084],[113.00656990008088,38.256233899974575],[113.01734839980884,38.256983000165405],[113.02474070022322,38.26001630011223],[113.02268989971913,38.265034199668605],[113.0241207004101,38.27023899992997],[113.02683919986919,38.27248559993052],[113.03275299955135,38.27226089982071],[113.03399300007698,38.27424529978083],[113.04181450013914,38.27536859978113],[113.04343610009596,38.27978639972264],[113.05373760031011,38.28626289981304],[113.05321299968023,38.293899199788314],[113.06003300032273,38.299813100194456],[113.06442069995535,38.3002247999346],[113.06561300043973,38.30778479962885],[113.08454679979502,38.30879519963878],[113.08736070023622,38.31085349958937],[113.08955450014014,38.3108159996587],[113.09046070020122,38.30819640044359],[113.09947449984838,38.30830869968679],[113.10629449959151,38.31167670031954],[113.10777300032373,38.31515690037071],[113.11745449982539,38.31380979958266],[113.12603909982465,38.3159801002015],[113.12942530003761,38.31807559970923],[113.1290913997484,38.3213309000011],[113.13424220021739,38.322902399626116],[113.1423975996695,38.328851299847656],[113.1465467999949,38.33476229994022],[113.14778679962114,38.34198199976953],[113.14516370024467,38.34991169996505],[113.13729450014114,38.353988399645004],[113.13272420036162,38.360524499606015],[113.13872699965134,38.37004339988306],[113.14162719993544,38.372],[113.14182959955644,38.377023200160636],[113.14419020031755,38.380954000127076],[113.14027829960389,38.38676969996175],[113.13758040001551,38.38782699961638],[113.13731059980444,38.39195050001564],[113.13272420036162,38.39300779967027],[113.13473559976819,38.40043059969247],[113.13334139968595,38.40437660000015],[113.13665400028196,38.40654779994105],[113.13996690035219,38.412153599808846],[113.13218559998552,38.41781710017909],[113.11551839975436,38.42085409993683],[113.0999892996665,38.419578700296825],[113.07186059968694,38.41149600024028],[113.07952930043689,38.39791289996043],[113.07847879965698,38.395360700436015],[113.06398190004472,38.387538700350774],[113.05390180032794,38.38888940022571],[113.03352169956679,38.380974500173124],[113.02847500012126,38.376751200207764],[113.0279319004369,38.36888159990599],[113.01617279973493,38.364729699815825],[113.01625479991912,38.35624290018973],[113.00703530013902,38.35204199963863],[113.00115269973742,38.34393520044921],[112.9926530002358,38.34100100039592],[112.97575380009789,38.340316899605284],[112.97220299966875,38.34205329982001],[112.9688032997326,38.350673399657694],[112.9687037996407,38.35614039995954],[112.96613710034694,38.35773160013332],[112.95833010005413,38.350366700263066],[112.95750010044935,38.34588890025259],[112.95020279991934,38.343055999834576],[112.94917280008474,38.3393404004392],[112.9420211996187,38.33514810010479],[112.87551880025251,38.31408689959079],[112.84835829959593,38.311065399648555],[112.83825679961171,38.30830390000506],[112.8187333004015,38.29139690004695],[112.80534329985346,38.27622990028971],[112.79174030027468,38.25576790006858],[112.78488930000128,38.251086900040434],[112.76885229969389,38.24771490012262],[112.74880979993236,38.247016900309745],[112.73544329956871,38.2438544001605],[112.72725679976156,38.23998639985251],[112.71736929975339,38.23858239985793],[112.6984633002412,38.24354939958516],[112.69171080001342,38.24347289965465],[112.68164830002911,38.23884889955713],[112.67608629984295,38.238895399902844],[112.66127030008431,38.245788400314495],[112.64409630040404,38.24666190012664],[112.63945779963785,38.245006400225236],[112.63407130035034,38.22216790012857],[112.61788929965155,38.21971140016103],[112.58442729978015,38.21119689961728],[112.56764980039804,38.204631899942285],[112.56054680019474,38.20619590012075],[112.55555730032916,38.21219239965956],[112.55329130015343,38.2308728995647],[112.5498502997516,38.23949789980827],[112.53137180016847,38.26171890020714],[112.51936330037609,38.26787940011428],[112.51506780013892,38.26249289992745],[112.51093280010866,38.24600639957572],[112.49830629969608,38.239749899738115],[112.48412330035012,38.23894490038691],[112.46729280032253,38.24206939968309],[112.45356729959121,38.24860389975021],[112.44101780003155,38.277667900053586],[112.43791179978984,38.280486899650725],[112.42639930038752,38.27989590027562],[112.42001379999692,38.2742308998362],[112.40754679974509,38.26910790010953],[112.39890280042391,38.268028399790865],[112.38436079981113,38.268859900364134],[112.3659973001354,38.27371989965371],[112.35999280022759,38.276790400056996],[112.34529879979982,38.288944400263915],[112.33556379962965,38.300887899756844],[112.32702629982396,38.30694939959517],[112.31289630022411,38.31073739981122],[112.30388630021264,38.309219399955396],[112.28441629987242,38.310470400088946],[112.2655562997835,38.30981839969945],[112.25229629983448,38.3052099003167],[112.2454833004141,38.30049489961999],[112.24243179998768,38.28713989978661],[112.25791179978978,38.27424240036652],[112.26143630044498,38.268161899652],[112.26042180042577,38.26501840037895],[112.25535340033923,38.2622354995687],[112.24629980029556,38.26048289986596],[112.21753680038307,38.25814840012862],[112.21410380035013,38.25660339992703],[112.21305080035427,38.25323089998608],[112.21598029965116,38.24697490017155],[112.22656230021005,38.2388913997184],[112.23551180012953,38.22748940001583],[112.24994680030466,38.201057399679314],[112.25636280030301,38.17786789958393],[112.25404380038117,38.165603399677195],[112.24582680006688,38.152934900025684],[112.23397829955888,38.143585399646554],[112.22264080013292,38.137882400152705],[112.2166045001976,38.14338540031605],[112.20633089965133,38.14070260034481],[112.21147280042942,38.13010740043626],[112.21299519976867,38.127483599588516],[112.21105060020511,38.12514389997108],[112.20086969997669,38.12154429962976],[112.20006889956016,38.115514599818994],[112.20487339988756,38.11272449993578],[112.21116490043983,38.11281449958955],[112.21516870017547,38.10849419964762],[112.22031629995729,38.10741410038048],[112.22466320004673,38.10282350020441],[112.2264933995508,38.0978725003157],[112.22512069956065,38.09616210040065],[112.23175550011626,38.09130060014263],[112.23827579988836,38.09013019994882],[112.24182189956105,38.08301739983318],[112.24067799968998,38.08130659971988],[112.23495839961049,38.08067639979606],[112.22981079982856,38.082387100084645],[112.22523509962025,38.07032070014026],[112.22717979990784,38.06914999957286],[112.24056359963049,38.07167149983991],[112.24765589970002,38.068789800409036],[112.24422420008682,38.065097300100376],[112.24651199982895,38.06365630019815],[112.25314669966053,38.06599790008306],[112.25554890036153,38.06455690018083],[112.25429060043098,38.06050400015954],[112.24902859969018,38.059783500208425],[112.24719830036133,38.057441599949925],[112.25314669966053,38.051046299647055],[112.26229810007737,38.05140660043429],[112.27682579967097,38.05807210024727],[112.27488120010742,38.05365859996448],[112.27613950003797,38.049244700382644],[112.28014319994872,38.04690259957539],[112.28563399990924,38.035370899647376],[112.29078159969117,38.03338870032832],[112.29341259961188,38.02681100042736],[112.30957229982187,38.01655139962742],[112.3107108001634,38.014571300225384],[112.30839779961877,38.012258799703886],[112.31353610041072,38.007454699574794],[112.31024690017432,38.00579080000546],[112.3139831003399,38.005986100378266],[112.31674719992338,38.00406800023808],[112.31186619966547,38.00201879962793],[112.3168337003151,38.000151299842685],[112.3126251995933,37.9981642001178],[112.31404570034886,37.99563850001681],[112.31620389969032,37.99604049966939],[112.31757720042754,37.992387899581956],[112.32546820009736,37.99090410004425],[112.32373239973049,37.98724399961094],[112.3297652004037,37.980211199587245]]]}},{"type":"Feature","properties":{"shapeName":"Quwo County","shapeISO":"","shapeID":"62558664B66291008166793","shapeGroup":"CHN","shapeType":"ADM3"},"geometry":{"type":"Polygon","coordinates":[[[111.35253880022549,35.68904890038647],[111.36985780029732,35.6925354001886],[111.38028730011888,35.69658289978105],[111.40334330035307,35.69733040007793],[111.40924079982312,35.69682690024132],[111.42127980012276,35.69284039986462],[111.43186930012814,35.68473790033386],[111.43817130026537,35.67094039987961],[111.43874379968668,35.645953899652795],[111.44090280032401,35.638145400190126],[111.45269780016343,35.613991399683414],[111.4575503000064,35.56423190008218],[111.47660830023295,35.567203400416645],[111.5003507997497,35.57502739969482],[111.51357329976804,35.57495089976425],[111.55249030028716,35.56577240007624],[111.56259130024836,35.56679889974947],[111.57460030006388,35.571281399616964],[111.58207680040408,35.577311899824394],[111.59356679966811,35.597575899907895],[111.59805279969703,35.6335523997235],[111.5999297999204,35.63883589965707],[111.60574330001333,35.64461890014218],[111.60655979989491,35.650394400281414],[111.61093130003951,35.65428539985135],[111.60913079974665,35.66136189973196],[111.59853380029472,35.67360689963874],[111.59358230038293,35.68362440024595],[111.59426130021888,35.69393139981429],[111.59645079956482,35.697383899847125],[111.61472330044,35.716346900189365],[111.61171730031322,35.72867240021117],[111.60462130043271,35.73202490012909],[111.57988730015882,35.72947340027724],[111.5764692999183,35.73218090012847],[111.58257279989488,35.75513440013253],[111.58521280023058,35.783309899931965],[111.59245279955712,35.80581289984548],[111.59583279984389,35.823238400331945],[111.59320079987708,35.846549899758145],[111.58344329956867,35.85742939964712],[111.57575979957517,35.861694400276406],[111.56008129961236,35.85488890030257],[111.55506879958551,35.85116939964814],[111.53933729987654,35.83063140041884],[111.52876279966353,35.82342139977783],[111.51838679961116,35.8196449000921],[111.49053929964901,35.81703940044804],[111.46430180018797,35.80254740034229],[111.44428229968844,35.803451399762366],[111.43219729996548,35.80170840032247],[111.42915329988494,35.798698400011176],[111.42165380028274,35.7792858996246],[111.42413330041154,35.76254640019624],[111.40844730010286,35.7445028999889],[111.40844730010286,35.74224490018207],[111.40569279988284,35.74224490018207],[111.39370730025178,35.71866590011126],[111.38017280023462,35.70959840014609],[111.36086280007822,35.702159899759636],[111.35574329961366,35.696506399850534],[111.35253880022549,35.68904890038647]]]}},{"type":"Feature","properties":{"shapeName":"矿区","shapeISO":"","shapeID":"62558664B51273107467458","shapeGroup":"CHN","shapeType":"ADM3"},"geometry":{"type":"MultiPolygon","coordinates":[[[[112.90530190026254,39.93548080019883],[112.9156658997615,39.933654500155114],[112.91789749996974,39.93528339990905],[112.93610970040243,39.93708090006356],[112.9475306002571,39.93567010029494],[112.95525000028738,39.93818319999474],[112.96902580010067,39.95256110041453],[112.97132179986124,39.95832619989426],[112.97996930024306,39.96393459970204],[112.99814390002098,39.96273400027394],[113.01734849963361,39.96949319955155],[113.02103920039883,39.975166400009414],[113.03406399975381,39.97835639962818],[113.05107459981298,39.992655999674696],[113.05787670034954,39.99125859980461],[113.05985080037419,39.992244999607124],[113.06039800006772,39.993946400006394],[113.05559149964802,39.999157400193894],[113.05778009967196,39.99800669964952],[113.05932509987349,40.00081759995231],[113.0668566998769,40.00520619980631],[113.08932290043163,40.01496870034532],[113.09560999970176,40.010597100375946],[113.10009470021032,40.0112381002582],[113.10369960025639,40.00990679965912],[113.10539470000549,40.002477699886015],[113.10902110014376,40.00140929989931],[113.11069479962532,40.00293799988884],[113.11133309974286,39.99913680032313],[113.11407970031803,39.99698349958891],[113.12829539991287,39.99610400039933],[113.13107419981452,39.997525899600646],[113.13175009968745,39.996062899583194],[113.13456109981496,39.998084800373306],[113.13829470004043,39.99639169981714],[113.14004350010748,39.99899709963648],[113.14740620023599,39.99611840034396],[113.1506570003204,40.000975799693435],[113.16338679956118,39.99563760029508],[113.16384809961016,40.001472999779196],[113.15735719957513,40.002483899812205],[113.15745370042805,39.999927899752834],[113.15313000014942,40.00159630042896],[113.1526794002342,40.004439900081366],[113.15657399979034,40.00864749968241],[113.14901009973642,40.00847489999671],[113.1455876001877,40.00565619987378],[113.14317360038137,40.00643690044268],[113.14311189969453,40.002526999821214],[113.14062290002687,40.003702300420855],[113.14128799994126,40.00472959959143],[113.13457179994862,40.006747099998734],[113.13572510043309,40.00894540011018],[113.14227239965157,40.00664230020203],[113.13593970025704,40.009257599758485],[113.13547299977915,40.01348549975609],[113.13696970009164,40.015815000162206],[113.14699849978103,40.02012669988733],[113.14535699962585,40.03137390018537],[113.15484119956182,40.03249110008426],[113.15587120029568,40.0288928999874],[113.15409020000277,40.02899149985791],[113.15391860036323,40.02624759994683],[113.1569226003977,40.02687200014276],[113.15736250017926,40.02911479960835],[113.16108009966695,40.02907779970076],[113.14767710031799,40.0198329003681],[113.14761269986627,40.01771310027942],[113.15903890032507,40.01637380021077],[113.15903890032507,40.01345669986688],[113.15648540038103,40.012815799809346],[113.15900670009921,40.010868299932156],[113.17386079963626,40.01318970014461],[113.1733673002608,40.009163099897194],[113.17974020025008,40.00794689992955],[113.18100620017606,40.014734499797385],[113.17428990035864,40.0149646003361],[113.17519120001396,40.017117400147924],[113.18029810007727,40.017511799629915],[113.18077020008468,40.01977950042368],[113.1869070999827,40.0209133998336],[113.18716450034151,40.02421619961797],[113.1920997998659,40.02390399996966],[113.19237880014157,40.02733819969819],[113.19604799991532,40.02723959982774],[113.19551160018023,40.01764319957408],[113.19742129975327,40.017051600351124],[113.1949965998133,40.016936600443785],[113.20136949980258,40.0089495001194],[113.2043092001096,39.996210900113],[113.20842909962334,39.99252859991503],[113.21329999959539,39.99132849961063],[113.21632549972207,39.99136140040838],[113.21709800027259,39.99270939961917],[113.22411469973372,39.99238060028455],[113.22756929968352,39.998873799885985],[113.21546720025117,39.998824499950786],[113.2153814004314,40.002818800147566],[113.22662520039273,40.00290099998119],[113.22653939967358,40.007075800407904],[113.23192530001268,40.00692789970287],[113.23357750030141,40.0114804999252],[113.23209689965222,40.018317000429306],[113.23016569998708,40.02145560019585],[113.2019702999894,40.02127490031643],[113.20201330017369,40.02327959977379],[113.20765659997221,40.02313169996802],[113.20679829960193,40.02895659986723],[113.18996480033536,40.02783320004221],[113.18982399977779,40.03106690041716],[113.18374609990269,40.031083299554666],[113.18296290011779,40.02779520008846],[113.18181090005305,40.032862899603174],[113.18479349982022,40.03255069995487],[113.18466469981615,40.034719399780556],[113.184342899905,40.03670729990205],[113.18198249969271,40.03688799978141],[113.18117789964037,40.043368800429846],[113.18315730026927,40.04476920043828],[113.17927349977231,40.047438499787006],[113.17155950017082,40.047315299861225],[113.1601869002053,40.04190270044933],[113.15844880027203,40.04345500044798],[113.15442549963711,40.039204399763264],[113.1574939999482,40.034850799724666],[113.14759660020297,40.03210300035323],[113.1449251002133,40.034255300142036],[113.14060680036357,40.02849240040399],[113.13277469999252,40.030497000036576],[113.13446450003676,40.02737099977185],[113.12170260039477,40.00262570041582],[113.11863410008368,40.00221470034819],[113.11657420023926,40.004926800231715],[113.116225499807,40.00252289981205],[113.11472339996499,40.006270499783795],[113.1127118000096,40.005715699919676],[113.10708450004972,40.012745900003324],[113.10656949968268,40.02074909999101],[113.10461679992545,40.0209133998336],[113.10118360024296,40.015276799984406],[113.10047550014428,40.0170352003143],[113.09710670001425,40.01644360019202],[113.09468190024961,40.01958229978334],[113.0927721997773,40.01793900008482],[113.0877297001656,40.0212585002796],[113.08349179970685,40.02143100014058],[113.08329860015033,40.023895799951276],[113.07774110017169,40.026705600383195],[113.08059499975946,40.02060940020368],[113.07958650001706,40.01548219974376],[113.07733339971674,40.01441400030592],[113.07402890021365,40.016977700360655],[113.07031680008038,40.01590950002344],[113.07025239962866,40.012934899725906],[113.07387869994216,40.0126227000776],[113.07111069999883,40.01025609993911],[113.06336450017159,40.00723200005683],[113.05656239963514,40.001890099948184],[113.05184169993458,40.00235039995107],[113.04853730025627,40.000969599767245],[113.04794710037845,39.996062899583194],[113.04507179962388,39.99236420024772],[113.03479359994469,39.98590319997277],[113.02992269997264,39.98021439987468],[113.01945129983767,39.97840569956344],[113.01599669988786,39.97314390027083],[113.00815390028231,39.96848180039484],[113.00552529975289,39.96923010018901],[112.99951719985893,39.96686199998135],[112.98381009965647,39.967273099873694],[112.97516269999869,39.96571080031322],[112.96597879988178,39.955398500140745],[112.96718050008008,39.95475700023542],[112.96105430031582,39.94596479983568],[112.9528359995818,39.93794459996337],[112.94749840003124,39.93608959985522],[112.92952219968981,39.93767319985835],[112.9203597996651,39.937229000418085],[112.91806379990453,39.93570710020259],[112.91087549990448,39.93723720043653],[112.90530190026254,39.93548080019883]],[[112.98395639956823,39.96541170018986],[112.99187419993439,39.96687530005511],[112.99878360038292,39.965197899863256],[112.99708849973456,39.96345460004983],[112.98395639956823,39.96541170018986]],[[113.08025839970549,40.01625980034959],[113.08229690018186,40.018831599698615],[113.0816423996771,40.015881800005104],[113.08041930011063,40.01521620006764],[113.08025839970549,40.01625980034959]],[[113.0814439004157,40.02132520029778],[113.08272070030011,40.022171500114666],[113.08451239982742,40.01993670011865],[113.08836400009864,40.02001880012756],[113.08248460038408,40.01905750040339],[113.0814439004157,40.02132520029778]]],[[[113.13563929971394,40.10518669960658],[113.13810690001344,40.10274129997106],[113.14416599956132,40.10089480025488],[113.14414319994876,40.09857130012546],[113.14729750007962,40.099227799823154],[113.14934540027002,40.089461999671585],[113.15555200032463,40.09026230006515],[113.15108879990828,40.092527700393134],[113.14989789966842,40.09805119970315],[113.16236480009547,40.098424600015335],[113.1804643001874,40.102831500173636],[113.17067699994368,40.10440509971562],[113.16740469976719,40.10706379965467],[113.16624599975319,40.11216769957974],[113.16300579997778,40.1121594995613],[113.1629200001579,40.11499850008079],[113.15897180010859,40.11425180018051],[113.16197320020308,40.1020930002918],[113.13930319978294,40.10594170024933],[113.13563929971394,40.10518669960658]]],[[[113.06987819981907,40.116710099691375],[113.07405179965087,40.114884500219546],[113.0837184000842,40.120594900234494],[113.0859125003617,40.120533400096406],[113.0837989001991,40.11780130018991],[113.08468939989598,40.113592300344465],[113.08829429994205,40.11565170016587],[113.08820850012228,40.12039389995857],[113.09138960005009,40.11937250034066],[113.09217279983488,40.120348799857254],[113.08998409998628,40.121874800082026],[113.09396450026156,40.12463130039424],[113.0795341999434,40.128741200346155],[113.0800920997707,40.13211270024095],[113.07870809979897,40.13227669970996],[113.07518899957279,40.13015219976427],[113.07946980039105,40.1267806000447],[113.06987819981907,40.116710099691375]]],[[[113.1146751999006,40.04887579987832],[113.11628449982982,40.0453934000854],[113.13485609992915,40.04096630025458],[113.12589749976985,40.04493350028088],[113.12462079971021,40.048998899979324],[113.12271110013717,40.04906459995141],[113.12447060033799,40.04556589994638],[113.12015760019312,40.04669930023255],[113.11902030044655,40.048473300202716],[113.1146751999006,40.04887579987832]]],[[[112.95273279967898,40.04226300033724],[112.9564235004442,40.04094880034694],[112.9573890998272,40.03777820000397],[112.95979229967497,40.03804109971702],[112.96723010038886,40.062734599921896],[112.9634750000713,40.0632436998369],[112.96424210019279,40.061178600112385],[112.96016519996408,40.06061200024368],[112.96160280042898,40.057417600242104],[112.95785850006973,40.05473230015559],[112.95687139969539,40.050757499958706],[112.9605942997872,40.050330400227836],[112.96089470033019,40.04752989968517],[112.95314040030928,40.04784809961018],[112.95273279967898,40.04226300033724]]],[[[113.22937719959816,40.024392900212206],[113.23229539981287,40.02054780024082],[113.23405490001369,40.02155010005714],[113.24377529969036,40.020794200092325],[113.2477449000072,40.022651099568634],[113.24881780020132,40.025937400390774],[113.24716559991259,40.029009999811706],[113.23639380013378,40.02974939991492],[113.23682299978168,40.02754770036614],[113.23216669963358,40.02767910031031],[113.23201640043658,40.02583879962094],[113.22937719959816,40.024392900212206]]],[[[112.9970642998776,40.10961469965872],[112.99908130026188,40.103328999733606],[113.00324410013513,40.104855300331906],[113.01234220043227,40.10414959962435],[113.01410169973371,40.10593849956217],[113.0264934995754,40.10986909987912],[113.02501289982558,40.11178920011156],[113.0167516996313,40.10945880038338],[113.00909129962383,40.11423430027281],[112.99849120020883,40.11146099972541],[112.9970642998776,40.10961469965872]]],[[[112.93225939965168,40.090142299927265],[112.91849839998122,40.08924239961709],[112.91108470019878,40.08618079980414],[112.91330019984446,40.083394000432804],[112.92339740016996,40.08268910012191],[112.92552169956684,40.083838299697845],[112.93238819965575,40.083674099680024],[112.93459829977178,40.085857599648534],[112.94326720042102,40.08823799988386],[112.94290240032558,40.09050340021179],[112.93225939965168,40.090142299927265]]],[[[112.95390219982676,40.094375299980186],[112.95422409956257,40.09345610021893],[112.96701279990089,40.095967500200004],[112.97078940031065,40.09540939982401],[112.97156189996178,40.09301289992544],[112.97634690028929,40.093127800008006],[112.97611090019791,40.09503190040192],[112.98510169968381,40.097592499594214],[112.98396439993712,40.099923300420016],[112.97325699971088,40.09966070018123],[112.97209829969688,40.09770739967678],[112.95390219982676,40.094375299980186]]],[[[112.92485520030732,39.9791291996529],[112.9318290003082,39.97477179997861],[112.9367212996483,39.97457450041293],[112.93470430016339,39.97700810004386],[112.93792290002193,39.9777645000317],[112.93757960001858,39.97907989971765],[112.92485520030732,39.9791291996529]]],[[[112.86376519980422,39.9943533000648],[112.86786360012513,39.99223269957946],[112.86578230001317,39.99519170023683],[112.86653329957221,39.996966999727306],[112.8640871004394,39.99632590002034],[112.86376519980422,39.9943533000648]]],[[[113.07572950021631,39.943394300007014],[113.0790339997194,39.94031790005113],[113.07869069971605,39.9382612998192],[113.08285339976464,39.93655030005635],[113.0848274997893,39.940827900187514],[113.08285339976464,39.945499999625326],[113.07770360024097,39.945499999625326],[113.07572950021631,39.943394300007014]]]]}},{"type":"Feature","properties":{"shapeName":"Ji County","shapeISO":"","shapeID":"62558664B86040453444410","shapeGroup":"CHN","shapeType":"ADM3"},"geometry":{"type":"Polygon","coordinates":[[[111.08209230031946,36.149516900184835],[111.09693929970899,36.15620039992859],[111.10459130004853,36.16414240015172],[111.09998329978953,36.176776900033985],[111.10059330004083,36.18001940027517],[111.10263829991766,36.183101400309454],[111.11165630029808,36.1878969002218],[111.12256629979498,36.198058900298065],[111.12615179966588,36.2074128999854],[111.12608330010426,36.21223040001303],[111.1184388001106,36.21966940042256],[111.09190380042014,36.23285689972619],[111.08820329974253,36.24071489967292],[111.07967380030573,36.24856940035761],[111.07224280026509,36.25280389958033],[111.06513229971591,36.25291840036391],[111.04799629998934,36.25002289993694],[111.0381467999349,36.264011400206016],[111.02207980004277,36.273788399615],[111.01571679979054,36.27555440011554],[111.00138880005312,36.27667989985753],[110.98803730038117,36.28015890021311],[110.96005230037343,36.2817718999533],[110.938301300065,36.27978139989176],[110.93254830006407,36.28064740025735],[110.92746729957628,36.283840400014526],[110.92646780024882,36.29343039979318],[110.91631329961916,36.29614239985193],[110.90957630010621,36.309810399730225],[110.90453329957217,36.30887239964159],[110.89887230021657,36.304691400188005],[110.89192980022017,36.29492939967213],[110.88210280030404,36.28961940031513],[110.86646280031806,36.29320140002466],[110.85883330011677,36.29626089992064],[110.83960730023676,36.30953190037695],[110.83438879970339,36.318225900205164],[110.82955179967587,36.32188389982218],[110.82875829995567,36.32850240016569],[110.80590029985899,36.322299900120356],[110.77330080019186,36.3206484004034],[110.76357280034455,36.317626899561844],[110.76017780026535,36.313781900314495],[110.76277929972497,36.302203899690255],[110.72992680008184,36.300296899882085],[110.7189637999395,36.29858790021149],[110.7017668000978,36.29288089963387],[110.69156630004477,36.29235439963588],[110.68341830021444,36.29469289955773],[110.65940830005309,36.31044390016592],[110.62906630016965,36.32333390013946],[110.57943730029126,36.33176040022232],[110.56947330035257,36.33192839987578],[110.53926080014588,36.325282900085824],[110.52728279996131,36.32556889978497],[110.51978280033603,36.337341400385355],[110.51502230023902,36.33984739993758],[110.50826279968851,36.342471899558575],[110.48728179981526,36.34479939987244],[110.46670970009262,36.354424400365815],[110.46538449959502,36.34854549977507],[110.4567984004259,36.34079970014608],[110.45480829966334,36.33385269994221],[110.45783899967017,36.32503579966249],[110.4706358002021,36.30881849967409],[110.46341520015142,36.294815200161395],[110.46445420040106,36.292362800203136],[110.47230970023253,36.28019270033292],[110.47008489979834,36.269001200445075],[110.47332859973517,36.26156799976343],[110.47332859973517,36.256258399705416],[110.46552409955763,36.24213180044228],[110.44910730026174,36.22201460029362],[110.44811240006726,36.214924999988796],[110.45425189990533,36.205980799774125],[110.45475040041072,36.19613599957677],[110.44245239985844,36.17278869993862],[110.443863199627,36.13717609999708],[110.44727159960468,36.12291819971517],[110.45378899996246,36.10681739970329],[110.4577904003068,36.10111640030169],[110.46665139974237,36.09390579981289],[110.46698809962118,36.083775300289915],[110.46311319971443,36.074924900263966],[110.46674820006945,36.07158620044282],[110.46812080023483,36.067425499587216],[110.47534340037771,36.060891999566195],[110.47993670031855,36.047726700027226],[110.48517240038603,36.040144800042526],[110.48808689989056,36.02153250022474],[110.49442310034584,36.00790040038322],[110.48760969982783,35.99354319965897],[110.49544950019435,35.982476399766085],[110.50600169991856,35.979033199622506],[110.51155120042762,35.975121700006525],[110.51299580031599,35.96986089986069],[110.51195239968354,35.96113540037845],[110.50939750039441,35.956556100183946],[110.50246580035645,35.95417150011468],[110.4984099001968,35.94970619978136],[110.49923929995379,35.942454199901476],[110.50312640006337,35.93410719988742],[110.51191439972985,35.92489830041626],[110.51264480031733,35.921793099671845],[110.50939440043129,35.90882180008606],[110.51027550041408,35.900740699923404],[110.50872600000497,35.89295950028077],[110.51609950009191,35.89319799958804],[110.51563109989542,35.890102200356296],[110.51990469984207,35.891162799623544],[110.51837709972341,35.88931660028095],[110.52235289996645,35.88858680044052],[110.52332560039622,35.88693119981508],[110.5246409002574,35.89117089981721],[110.52737560010394,35.89118119975262],[110.52621730028824,35.88958500024762],[110.52906039991757,35.8887404001494],[110.53172899959372,35.892869599552455],[110.53770089997664,35.891370900047036],[110.54016040008247,35.89254750016704],[110.54387000010047,35.88994749987728],[110.54645020001675,35.89190300012342],[110.54613619992574,35.89428159991593],[110.54149190033098,35.893766399899505],[110.54123540019361,35.89759729957575],[110.53755619995871,35.89747430019884],[110.53881239997236,35.90173040023785],[110.54216029985804,35.9020117999047],[110.54471520004648,35.89857589955818],[110.54518119995248,35.90489310003659],[110.54913939956373,35.902580700239184],[110.55404430020434,35.90400689999848],[110.55718320034447,35.90722049962642],[110.55700970043739,35.91183440033734],[110.56234040038925,35.91064440031886],[110.56425069981003,35.90822729965021],[110.56908619976838,35.912045199626334],[110.56930029956925,35.9145796995935],[110.57637840024302,35.91679809955269],[110.58025030001141,35.92048029992594],[110.58269109961464,35.91910349992662],[110.58571010034092,35.919759100302315],[110.58689589962614,35.9181397999119],[110.59305300009595,35.91782629984391],[110.59368749967842,35.92043390030432],[110.59844549966016,35.92107790032492],[110.59860199968261,35.92251039983512],[110.59695590039456,35.92286349975075],[110.59901990024827,35.925048300139],[110.60172260041776,35.92460700011304],[110.60556100043988,35.926658600114365],[110.60480139976482,35.92459219997011],[110.6060738001658,35.923917599617596],[110.6113453004453,35.92377150025459],[110.61304719996838,35.925373799861006],[110.61554529987575,35.92286909982914],[110.62042339982008,35.9269592003069],[110.62329969972143,35.926184900213],[110.63195599996948,35.931457199989836],[110.63743709984237,35.93137479960734],[110.6434686000959,35.93360810043356],[110.64644919977081,35.93736050008704],[110.65122280029203,35.950824899749364],[110.65875979982496,35.95393740029084],[110.6731877996773,35.953052399948376],[110.68656929983337,35.94871489957302],[110.69951629973752,35.950088399959725],[110.71269230030947,35.95375439994564],[110.72132880018404,35.9580274000445],[110.72853829990265,35.96295939995639],[110.73082730023975,35.97215290033614],[110.73622079985012,35.98185739999906],[110.74507129970078,35.989105399694495],[110.76294730027774,35.99628039962079],[110.76470180024796,36.000011399906214],[110.78122729970016,36.00489440025643],[110.79714980012324,36.01534640021623],[110.79818730030371,36.02389140036786],[110.7930832996546,36.04980440015299],[110.79376979983647,36.05558389957736],[110.79772929986734,36.05945590006979],[110.81726080034571,36.06733340001642],[110.82160930032899,36.07352440043081],[110.82430280043394,36.08283990014132],[110.83017729974267,36.09117489960198],[110.83872179987122,36.098262900012855],[110.85473630004026,36.10021590014372],[110.87979880017457,36.09917839996325],[110.88671880003267,36.09768739955388],[110.89698779964732,36.10072340016484],[110.91340629956113,36.10865790004209],[110.94087229991675,36.109561900361484],[110.95630630029558,36.108028399790896],[110.96521780026131,36.11030589959762],[110.97434979960366,36.109607899784805],[110.9928437999015,36.12038440031989],[111.00129680030716,36.121257900132036],[111.00733179982274,36.12017839981337],[111.02494830012404,36.10840990029669],[111.0315167999604,36.10781489983782],[111.0382002997041,36.10951239987742],[111.05700680002388,36.12007140027498],[111.05834180043382,36.136661400003675],[111.06371279990583,36.14082390040272],[111.06938179963043,36.148673899980565],[111.08209230031946,36.149516900184835]]]}},{"type":"Feature","properties":{"shapeName":"Fushan County","shapeISO":"","shapeID":"62558664B18877520524712","shapeGroup":"CHN","shapeType":"ADM3"},"geometry":{"type":"Polygon","coordinates":[[[111.64846779984913,35.900214899597984],[111.6449433000933,35.8914833998391],[111.6460267996971,35.87547690003896],[111.65212230020404,35.86478439978026],[111.67133330029162,35.862922400248635],[111.7123487995575,35.85348889959312],[111.76180280035902,35.84549389962382],[111.78191379968217,35.83881390004149],[111.80800629965108,35.826465399858364],[111.82128130029184,35.824523900257816],[111.8396832999444,35.818050400305765],[111.84895330025466,35.82064839960401],[111.85755929962204,35.83056239993488],[111.87740330012224,35.84377290029914],[111.89283729960175,35.848933899979556],[111.93363180036738,35.85567090039177],[111.94126129966929,35.85412990037463],[111.96945180016053,35.85435089977426],[111.99514779983116,35.85134489964747],[112.00562279995233,35.84730540042392],[112.02892279974742,35.83100140039437],[112.02763379966018,35.84471889985741],[112.02921279963107,35.85594190029849],[112.03253179980277,35.861228900393485],[112.0516202996372,35.8705938996888],[112.09956380002939,35.852290900105004],[112.11390679955923,35.850547899765786],[112.12886829973229,35.85223390017438],[112.14230329965767,35.86400589985243],[112.14528629962308,35.875423900292844],[112.14626329971156,35.88365540037648],[112.14035030042612,35.9036328998385],[112.14058679964114,35.912063400105865],[112.13881679985548,35.920520899819735],[112.10733030025324,35.965617900245945],[112.08425129985767,35.98628189988983],[112.06877130005546,36.005161399978704],[112.06797780033526,36.01361839966944],[112.06249230007961,36.02487189971845],[112.04914080040771,36.0348928995877],[112.04602030039666,36.044402900173736],[112.0406417996794,36.05359639965417],[112.03462980032509,36.05932240020866],[112.01870729990208,36.069469399593174],[112.01035329956517,36.07188390032178],[111.99957279974495,36.071910899768284],[111.97035979976499,36.06751989962373],[111.9313433000533,36.066161899951794],[111.92088329972455,36.07009489965992],[111.91316229980038,36.07115540000177],[111.90170280014416,36.07779290032215],[111.90136729996101,36.08764639966165],[111.9047162997175,36.10659790037283],[111.90254230018706,36.10972139962297],[111.89359280026758,36.11233489963598],[111.85562879962947,36.107097400025054],[111.84461980006381,36.10182189956106],[111.81498729962425,36.09508139988674],[111.81382730008988,36.086540399919556],[111.81533829962291,36.071689400345576],[111.81197330002783,36.057781400191516],[111.8006668002327,36.048129900274716],[111.78675830005557,36.03974540032999],[111.7360763001812,36.017177400116964],[111.70778629959813,36.00000389956034],[111.71138780020686,35.99488089983373],[111.71233379976513,35.988254400020594],[111.70010379965072,35.956104400397805],[111.6967008001019,35.93822090037429],[111.6905672996412,35.93335740002402],[111.67537679969962,35.930232899828525],[111.67015079971969,35.9212568995863],[111.66644279959559,35.90565939976153],[111.66114029968514,35.901485399731484],[111.64846779984913,35.900214899597984]]]}},{"type":"Feature","properties":{"shapeName":"Jiang County","shapeISO":"","shapeID":"62558664B23869031819515","shapeGroup":"CHN","shapeType":"ADM3"},"geometry":{"type":"Polygon","coordinates":[[[111.4575503000064,35.56423190008218],[111.43594380006635,35.562831900272045],[111.43031330031863,35.56367889976144],[111.4135438004061,35.55866989989602],[111.40271780028633,35.55166989994598],[111.3876038002752,35.53363390008445],[111.36183179979776,35.51477039983416],[111.3600083002429,35.50742740025436],[111.36165629979848,35.49439990023524],[111.3671567998465,35.485542400061775],[111.38246129964932,35.47772190004571],[111.38504780021589,35.474323899828164],[111.38287329976305,35.47040539988933],[111.37374879986726,35.463424399916164],[111.37023179955798,35.456283399759116],[111.37261979996384,35.44876089999559],[111.37861630040203,35.44265339983457],[111.40302279996229,35.42784889970699],[111.40711229969293,35.41920490038592],[111.41764829992917,35.4101754003745],[111.44239780001851,35.40635290036613],[111.44938680036063,35.40758140036138],[111.46317280028455,35.42124990026275],[111.47274780027084,35.41861340008842],[111.47503679970862,35.415664399892194],[111.52065279978694,35.405658899838386],[111.5299833001892,35.401416900269794],[111.53768179997513,35.39326490025502],[111.54174030007488,35.38529589968607],[111.5511628002231,35.37555690023083],[111.56500229991627,35.368846900164385],[111.57286079988609,35.368472900004406],[111.59736630041448,35.36072539975743],[111.6066132996641,35.36128240026261],[111.62001029963568,35.364631400019164],[111.62622830039578,35.36103439961789],[111.64321879970788,35.368076399706126],[111.66014879982731,35.37923389982467],[111.67353830035233,35.383491400108085],[111.7029038001703,35.38836289992793],[111.70908330005432,35.38796589960663],[111.71813180004261,35.382331899697476],[111.73206330038107,35.36965190041491],[111.74160779986016,35.36791240023712],[111.75250230044088,35.37030389990508],[111.76444229977238,35.37865440008056],[111.77787030027417,35.40075290022622],[111.78282180018601,35.40766539973845],[111.78672030010182,35.409992400029296],[111.79483780032427,35.4109803997257],[111.80354329978354,35.40991590009878],[111.82128130029184,35.40457890039596],[111.85334779966126,35.39854039981964],[111.85594930002026,35.40539190011617],[111.87265779981766,35.41991789999116],[111.87666330017123,35.42629990022027],[111.87473280017866,35.42974840006866],[111.86136629981496,35.43809490005964],[111.85501079990854,35.44570140009961],[111.84548929969151,35.47164889967701],[111.8475263000987,35.477817399953096],[111.85234830033386,35.482585900419],[111.87947080013737,35.52222039985162],[111.8896407996832,35.527633400361196],[111.91383380018976,35.531562899907954],[111.9175568001063,35.53725789993217],[111.91457380014083,35.545524399831265],[111.90843180018749,35.54877839970345],[111.90116879980036,35.55204390010596],[111.88683329971707,35.55055589983493],[111.88011180001962,35.55244040040418],[111.87428280011119,35.55843739996607],[111.86916329964663,35.60823440039729],[111.8481217996814,35.60416039958284],[111.82228829996512,35.60233289984353],[111.79303730003141,35.60344289977007],[111.77615330023468,35.60580439985324],[111.75834630014168,35.61159139962342],[111.72530379983056,35.64194089985267],[111.71653730025628,35.64506139986378],[111.70670330001735,35.64473340002644],[111.6918562997285,35.640239899651704],[111.68224329978852,35.644035400213625],[111.67392730030474,35.65470889959607],[111.66940330032213,35.65626540032804],[111.65960680001388,35.6530568998561],[111.65907279967001,35.6503068998436],[111.64707180022344,35.64356239998483],[111.60655979989491,35.650394400281414],[111.60574330001333,35.64461890014218],[111.5999297999204,35.63883589965707],[111.59805279969703,35.6335523997235],[111.59356679966811,35.597575899907895],[111.58207680040408,35.577311899824394],[111.57460030006388,35.571281399616964],[111.56259130024836,35.56679889974947],[111.55249030028716,35.56577240007624],[111.51357329976804,35.57495089976425],[111.5003507997497,35.57502739969482],[111.47660830023295,35.567203400416645],[111.4575503000064,35.56423190008218]]]}},{"type":"Feature","properties":{"shapeName":"Shouyang County","shapeISO":"","shapeID":"62558664B37498421654939","shapeGroup":"CHN","shapeType":"ADM3"},"geometry":{"type":"Polygon","coordinates":[[[113.43101930010073,37.76850469973215],[113.42158039991557,37.778203899690254],[113.40898110039757,37.78412230030398],[113.40879059970644,37.7877342995983],[113.40422029992692,37.78848680012578],[113.40117329970803,37.79571019976595],[113.40307769957622,37.79917120019081],[113.39850729997193,37.79917120019081],[113.39831680018028,37.80308340037868],[113.39431780012649,37.805791699727195],[113.39279430001704,37.812712499981956],[113.3893664998642,37.81572129969828],[113.39222300029132,37.81948219974379],[113.39184209963321,37.82249079981062],[113.38536739998563,37.82279170037674],[113.38213009962442,37.82625129965783],[113.3771788002615,37.82655220022389],[113.37203710003223,37.829259600250396],[113.36899019963812,37.82865799966703],[113.35813560017789,37.83918610025836],[113.36061119994702,37.84505119985306],[113.35623120030971,37.84775800003172],[113.35642170010146,37.8527201002525],[113.35337469988258,37.856779800047775],[113.35108959990521,37.865349599904164],[113.34842350034432,37.86685300016586],[113.34842350034432,37.87000990023677],[113.3467096002679,37.871813899791675],[113.33547410014967,37.870160300157806],[113.33528360035791,37.87301640038663],[113.33204629999682,37.87617309990867],[113.33490280042395,37.878427899927715],[113.33299850038054,37.881884900168075],[113.33528360035791,37.88669449965147],[113.3234767996147,37.89826630034952],[113.32328639964771,37.9005202999719],[113.33052279988738,37.900369999875636],[113.33128460030412,37.90232350002958],[113.32633330004182,37.904276900358695],[113.32842809987699,37.90668100042785],[113.32709499973453,37.90923520004452],[113.3314750002711,37.90908499977297],[113.3322366999638,37.9116392002889],[113.3265237000088,37.9164467996801],[113.32100119984557,37.91824960043874],[113.31471690016485,37.924709199569975],[113.31605000030731,37.92726290006283],[113.31509779992359,37.92996660027842],[113.31909689980216,37.93026699992214],[113.31928729976914,37.93267029959469],[113.32480989975716,37.936875800178086],[113.32176290043753,37.940179900382134],[113.32366730030571,37.94258279985638],[113.32290549988898,37.9467878004167],[113.33185590002984,37.95579750005464],[113.32842809987699,37.95940109968103],[113.33090369964611,37.9615031003878],[113.33071329967913,37.96435580028003],[113.33604539987539,37.96690799980439],[113.33356980010626,37.96976050004707],[113.32899939960271,37.970360999860304],[113.32614290007484,37.97606539959855],[113.32004900036111,37.97921769963716],[113.31928729976914,37.98402090044425],[113.31300300008843,37.986272300126586],[113.3105274003193,37.99152529955296],[113.30424309973932,37.987923299820466],[113.29948230016805,37.98867370043098],[113.29833969981735,37.990174599678085],[113.2892897995846,37.98872269999265],[113.28461600042817,37.993120300261694],[113.2844729003042,37.997893600409384],[113.27522059955106,38.0014638999391],[113.27712829993118,38.00958099996325],[113.28142060038044,38.00897969975341],[113.27879750010459,38.011459799730005],[113.27898830026993,38.013714300274785],[113.28003749973084,38.01469130036327],[113.28638059978493,38.013676800344115],[113.28628519970232,38.01521730033818],[113.28285140017204,38.01694570018395],[113.28337599990255,38.019989100416694],[113.2788929001872,38.02104110036652],[113.27951290000044,38.02491080039317],[113.27469599982055,38.02769089981524],[113.26382210000997,38.02569979990591],[113.26344060040344,38.0276533000598],[113.25828979993435,38.02701469956878],[113.25695440022548,38.02975710031001],[113.25309140014804,38.02900580037743],[113.25084980037809,38.035842700180524],[113.25328209958934,38.041139000164776],[113.25127909985065,38.04804989978311],[113.2460329001982,38.0490263000238],[113.24002370043354,38.05586140028345],[113.24736829990718,38.066976300416],[113.24779749955508,38.068778600252244],[113.24546060042644,38.070768600290705],[113.25084980037809,38.07707599995746],[113.25685909996753,38.07850259991511],[113.25104059964406,38.0801544000056],[113.2526620997761,38.0830450000268],[113.25046829987218,38.08544750020201],[113.25022979966559,38.08950150009423],[113.24803599976167,38.090589999928625],[113.22562060011069,38.08931379989201],[113.22266370026966,38.09081520006151],[113.2210422001375,38.09629520006348],[113.21641600029818,38.092729499666746],[113.21236220005551,38.091791100279124],[113.20959599965568,38.093968099947915],[113.20716370044443,38.09363030019824],[113.20496989964124,38.08383329986697],[113.19991450015414,38.08240679973409],[113.1963851998172,38.078615200431216],[113.19256989978112,38.078427500229],[113.19113909998953,38.076287600292574],[113.18832520044771,38.0681778998902],[113.18441450032901,38.066000099824805],[113.1815051998052,38.05473479977127],[113.17597289972957,38.056875299555486],[113.16648220039326,38.053195000349035],[113.16734059968894,38.057175700098526],[113.16328680034565,38.05856520032381],[113.16052059994581,38.056875299555486],[113.15722989964024,38.057588800083124],[113.15308060038944,38.05390859980207],[113.14812060008569,38.05338280037597],[113.14716679980802,38.0543968003721],[113.13910680043853,38.05173040043769],[113.13681759955261,38.052631700092945],[113.13696059985182,38.054021200318175],[113.14349450007114,38.05792680038161],[113.1420160002383,38.060855799655485],[113.13705599993455,38.064085099647684],[113.13209599963079,38.063446800429574],[113.12551450009414,38.07009270041783],[113.12451299977522,38.07365949978612],[113.11630990028175,38.078727800048],[113.11640530036436,38.08150579955304],[113.10839300013686,38.08364559966475],[113.10839300013686,38.08083010022898],[113.08812370034855,38.06652580032545],[113.08831449961451,38.05777660011006],[113.08516679960815,38.05619939968261],[113.07515139981729,38.057025499827034],[113.0718607004111,38.05499759965954],[113.06728219971376,38.05864030000987],[113.06465910033728,38.05680019986937],[113.05798219981875,38.05563610032584],[113.05056459967659,38.05344379959172],[113.04592259964829,38.048269900035905],[113.03999509969412,38.046413999706374],[113.03428180026492,38.047032699999136],[113.02342660005763,38.05096940041756],[113.01628500005279,38.046526500397704],[113.00957190002327,38.048719800278604],[113.00635819967124,38.046920200207126],[112.99978800011615,38.039383599973235],[113.00742949997152,38.036402500275244],[113.01349979967608,38.02661460018368],[113.00614400004565,38.02487059979842],[113.00600109957111,38.019469699666956],[112.99785969986533,38.01907590003282],[112.99650289988892,38.007147400332315],[112.99081319956952,37.99985259991763],[112.97864170035427,37.999929400221674],[112.95982869973477,38.01527740023187],[112.95550000012497,38.01475279960209],[112.94983949989307,38.00963709967249],[112.94867400010503,38.000716600191026],[112.9406826999467,37.98943320038194],[112.9311928999324,37.98707130010047],[112.9220361998108,37.98864589968855],[112.91271290028021,37.9946814999513],[112.88857229967198,37.9889083002779],[112.87442099962948,37.995075099935946],[112.86260039968874,37.99231980021864],[112.85727279970001,37.98746499990989],[112.84095710038991,37.98589040032175],[112.84029120007892,37.99245099961399],[112.83729440001662,37.99428789996665],[112.83229980009571,37.99376309968733],[112.82347600021728,37.996911899564566],[112.82214409977041,38.00058539989635],[112.81381980044353,37.999929400221674],[112.80666090018042,37.99664949987459],[112.80666090018042,37.992713400203286],[112.81082300038122,37.98562789990768],[112.80899170010696,37.981560000093964],[112.80349759963462,37.97644199969858],[112.79883599978166,37.97644199969858],[112.78784789956103,37.97184859993297],[112.78701539984093,37.96528620019802],[112.77269760021409,37.95150309968835],[112.76537220036687,37.94244419993993],[112.76470620023099,37.93824259971626],[112.75987809989442,37.93587910044016],[112.76104349985769,37.93220240032059],[112.76737000022536,37.92878809989094],[112.77069969963145,37.92353509956524],[112.76853540018863,37.92025179978077],[112.76270840037239,37.919463699590096],[112.76270840037239,37.91526079984607],[112.75654839958906,37.911320399616784],[112.76220889982096,37.906066099770726],[112.7595450998266,37.89463680024818],[112.77086620011505,37.88622789989773],[112.77119920018299,37.882548699662834],[112.76853540018863,37.88149750010962],[112.7742054997841,37.87514729990801],[112.78005740002902,37.875743300413035],[112.78326650034876,37.87231610010798],[112.7883633001262,37.87082599991999],[112.79817930043441,37.873806200295974],[112.803653599634,37.873955199972556],[112.80270979981742,37.86903779965479],[112.80667399970537,37.86486519986914],[112.81120440016298,37.862182600446715],[112.81800020004925,37.861288400039655],[112.82932640039314,37.86337490003166],[112.84178519972727,37.86948479958386],[112.85348890039245,37.86873980030157],[112.85499910042824,37.873955199972556],[112.85726430020736,37.87321019979095],[112.85801939977557,37.86993190023708],[112.85650919973989,37.86590830012801],[112.86236109998481,37.86143750044033],[112.86519260015848,37.86412000003804],[112.86877929972502,37.86486519986914],[112.8710445004034,37.86337490003166],[112.88199320042588,37.87112400017253],[112.88916639990953,37.87022989959024],[112.89577339972266,37.87172009960295],[112.89860489989633,37.86873980030157],[112.8993600003638,37.865014200445046],[112.89596209997103,37.86113940036307],[112.89615090004406,37.85771160021022],[112.90370169967377,37.85458159976105],[112.90804339988301,37.850110100400855],[112.90860970027745,37.84683079990157],[112.9027578998573,37.84146429973771],[112.90124769982151,37.8365446996782],[112.90596700017693,37.8280464004211],[112.90955359991881,37.82744999971777],[112.91276270023843,37.830282900135785],[112.91332899973361,37.83579930019761],[112.92163489983079,37.838930000319294],[112.92276749972041,37.84325319967547],[112.92106849961158,37.84668170040021],[112.92333380011485,37.847427000056086],[112.92994070010332,37.83937719989791],[112.94013429965821,37.835351999894954],[112.9408894001258,37.83341389973174],[112.9348487996325,37.832966600328405],[112.93390489999115,37.827897300020425],[112.9352262999538,37.81865249961322],[112.94032309973136,37.81716129955436],[112.94221080008845,37.811941799874205],[112.9348487996325,37.807467699674646],[112.93333859959671,37.802247500321926],[112.92748670025105,37.79672860014483],[112.92408889968306,37.796579499744155],[112.92276749972041,37.80254580004868],[112.92012469979511,37.80403729958175],[112.9155942004121,37.80239659982328],[112.90974239999184,37.806871100221144],[112.90540059995783,37.805528800014145],[112.90143649989466,37.80105429961628],[112.89803860040115,37.80060679966414],[112.89728349993368,37.79792189977593],[112.8993600003638,37.79643030041808],[112.8989825000424,37.79419279975798],[112.89388570026495,37.79672860014483],[112.89539579957659,37.790165099639694],[112.90445680014125,37.78926999991063],[112.90521189970946,37.78434700041379],[112.91200759977096,37.78076630022463],[112.91389530012805,37.77658870020838],[112.91804820026425,37.775991900206066],[112.91389530012805,37.77211240026713],[112.91276270023843,37.7628606004364],[112.9159717996589,37.76420370014068],[112.91804820026425,37.76330830003809],[112.917859500016,37.75883119970018],[112.92087980026258,37.757786500446684],[112.92314500004181,37.75480160021374],[112.92144609975776,37.750622500128316],[112.92824179981926,37.74271150043546],[112.93768029980606,37.736143200248534],[112.93862420034668,37.73375450017011],[112.93352739966986,37.73106729981606],[112.93371609991812,37.726737500335446],[112.93069579967153,37.72181030010529],[112.92654290043458,37.72509519978371],[112.9193696002269,37.72449789975832],[112.91465039969626,37.72091439997962],[112.91011990031325,37.72404999960787],[112.90238029971113,37.721362300130124],[112.90483429956339,37.71718139960194],[112.90370169967377,37.71419479965033],[112.9065332996721,37.71389620044937],[112.90728830031492,37.711506799799],[112.90407929981984,37.70941609997311],[112.90521189970946,37.70717590044751],[112.91295139958743,37.704487700047366],[112.91314019966057,37.69926029982304],[112.91748189986981,37.69806540029805],[112.92012469979511,37.7001563995982],[112.92087980026258,37.696422300249026],[112.91918080015387,37.692090599601556],[112.92087980026258,37.68581659985625],[112.9284305998923,37.682231199810076],[112.92975199985494,37.67969140013804],[112.92899690028673,37.677599800090775],[112.92597660004014,37.67670339994203],[112.92654290043458,37.67027860007738],[112.93617009977038,37.666991300108464],[112.9476851001873,37.65638130005698],[112.95599100028448,37.65369120028873],[112.96580699969331,37.65413959956294],[112.96524070019825,37.658025199603344],[112.96863859969164,37.65877240042602],[112.98336259970426,37.649506500124915],[112.9850615998131,37.645022500188304],[112.98996960041677,37.64322879966943],[112.99487760012119,37.636352700217],[113.00261719982393,37.631569000309185],[113.00393859978658,37.62857900002086],[113.0024283997509,37.626336400204764],[113.00412730003495,37.62439279978793],[113.0028059000723,37.62155199972506],[112.99657650040524,37.619010199960826],[112.99695409965204,37.6170663998945],[113.00223959967786,37.6170663998945],[113.00091819971522,37.613627199935365],[113.00205090032887,37.60884199995837],[113.0050711996762,37.607047400117494],[113.00714760028154,37.60914100025701],[113.0054486999976,37.61198230034296],[113.00695890003328,37.61482339988004],[113.01073429984808,37.611533699620566],[113.0148871999844,37.612281399566996],[113.01526480013047,37.61482339988004],[113.01904019994538,37.61751489989274],[113.0284786001074,37.61661780007148],[113.0375395997728,37.61287949998899],[113.03829470024027,37.60914100025701],[113.0401823996981,37.60839330031064],[113.04207010005518,37.61093550027317],[113.04490160022874,37.60929059978139],[113.04754440015404,37.611533699620566],[113.04980969975793,37.608542899835015],[113.0549063997106,37.608692400433995],[113.05679410006769,37.60046710027649],[113.06226849999132,37.60510329967758],[113.06849789965838,37.60674829999408],[113.07680379975557,37.60061669980092],[113.08001280025064,37.591193800353665],[113.08397700013847,37.58969800026256],[113.08454329963365,37.586855899780005],[113.08831870034783,37.58550960028788],[113.08869629959463,37.582817000404305],[113.09322670005224,37.57862820023132],[113.09039519987869,37.57563610002603],[113.09322670005224,37.572643800171306],[113.09303799980387,37.56725749963397],[113.09794600040766,37.56007510008584],[113.09473690008792,37.54510949990356],[113.09870109997587,37.54017020019461],[113.10493049964293,37.5380745999629],[113.11682300038126,37.53972120017329],[113.12381030010533,37.54282179998614],[113.12560780025979,37.559385900139205],[113.13194740015251,37.559407199682596],[113.14129050005658,37.567321099689025],[113.14939170006699,37.56826970008666],[113.15249270007814,37.565839999916136],[113.16517630024612,37.563464900285],[113.17579629985937,37.55873089961136],[113.18733929976895,37.559299399747545],[113.19879129997855,37.56169889978446],[113.21215830036533,37.57263539960405],[113.2225263000488,37.57339839971644],[113.24418629975798,37.567371399670435],[113.25303629958557,37.56969089961535],[113.26094830022396,37.57381440001461],[113.27414680003483,37.5757978997533],[113.28515629962362,37.57519539984787],[113.3096387999907,37.564418900212104],[113.31468179962542,37.56800089992163],[113.32206730026576,37.57715590032461],[113.32826229996522,37.580997400309855],[113.34839630034901,37.58339690034671],[113.33885349968932,37.589695500147286],[113.3412560996893,37.59519529962341],[113.34739620027449,37.59582989992998],[113.34726280023813,37.599954500200056],[113.34312489989429,37.60429029995743],[113.34232399965288,37.609048899786956],[113.34619490027444,37.61433580005718],[113.34325829993065,37.6179306996421],[113.34325829993065,37.62205400039187],[113.34766319999676,37.623745599979486],[113.34646189999671,37.62575429962129],[113.33912039958682,37.62903150020361],[113.33257990014238,37.636853899587834],[113.32790810017877,37.63558550027068],[113.33084459979852,37.64879739998008],[113.33444859962322,37.65492690025627],[113.34285790017202,37.66190120028023],[113.34232399965288,37.66718439984021],[113.36221260023137,37.68028510017729],[113.36635049967583,37.68165840001518],[113.3708887997783,37.6795456002493],[113.37222359963948,37.681235799592514],[113.36715130009247,37.68725699991069],[113.37075529991716,37.690320300341625],[113.37289100001965,37.69581270019603],[113.37769629984439,37.69940359959651],[113.37823020036353,37.70764100013213],[113.38623910025433,37.71292090007955],[113.3961165998013,37.71629990032022],[113.40385849996983,37.713660099633955],[113.40772939969213,37.71429369989437],[113.41039900031365,37.71682779966329],[113.42788499999278,37.71556079969122],[113.44323519974478,37.710597800148435],[113.44603830022743,37.71186499977],[113.44723970005214,37.71513839981736],[113.45151520026639,37.71689659959844],[113.45138039998551,37.72094979999332],[113.44275050023543,37.726389299926325],[113.43951429974516,37.734600999636484],[113.43479489956508,37.734920900179475],[113.43155869997406,37.7452641999829],[113.4368175000277,37.75240770025522],[113.43236770040915,37.76040339989703],[113.43439039979717,37.762642000428],[113.43101930010073,37.76850469973215]]]}},{"type":"Feature","properties":{"shapeName":"Houma City","shapeISO":"","shapeID":"62558664B40518083473048","shapeGroup":"CHN","shapeType":"ADM3"},"geometry":{"type":"Polygon","coordinates":[[[111.35253880022549,35.68904890038647],[111.33883509995997,35.68699030006235],[111.33289329988594,35.68915189974041],[111.3200073000969,35.676044399629404],[111.31540680018372,35.67754340040767],[111.30711379996194,35.6775359000618],[111.29974380003642,35.675273900070465],[111.28687280003976,35.663982400067766],[111.28320329989242,35.65420539975946],[111.28138729978411,35.63315190014015],[111.26757829969881,35.634639900411116],[111.26206179981227,35.630119399690614],[111.26116930002325,35.616584899673455],[111.25933830012252,35.61207190019809],[111.26020030030367,35.598262900112786],[111.26748629995285,35.58508290025571],[111.27786179998213,35.57217789959043],[111.27430729974213,35.56732539974746],[111.26956929978343,35.56565840021506],[111.26521280033052,35.55919239970956],[111.26696029997794,35.555553400069414],[111.277526799822,35.54653939987344],[111.28772679985201,35.54209489995969],[111.29419729966571,35.54137039982413],[111.30043030021824,35.538703900065],[111.30745729961473,35.53856640001942],[111.31807730012736,35.541225400331996],[111.32639379963422,35.54682539957258],[111.33400729999698,35.56019640014381],[111.34369679986747,35.567645900138245],[111.35122729999995,35.570487899896705],[111.38017280023462,35.57061739957339],[111.43031330031863,35.56367889976144],[111.43594380006635,35.562831900272045],[111.4575503000064,35.56423190008218],[111.45269780016343,35.613991399683414],[111.44090280032401,35.638145400190126],[111.43874379968668,35.645953899652795],[111.43817130026537,35.67094039987961],[111.43186930012814,35.68473790033386],[111.42127980012276,35.69284039986462],[111.40924079982312,35.69682690024132],[111.40334330035307,35.69733040007793],[111.38028730011888,35.69658289978105],[111.36985780029732,35.6925354001886],[111.35253880022549,35.68904890038647]]]}},{"type":"Feature","properties":{"shapeName":"Wenxi County","shapeISO":"","shapeID":"62558664B40137511717076","shapeGroup":"CHN","shapeType":"ADM3"},"geometry":{"type":"Polygon","coordinates":[[[111.43031330031863,35.56367889976144],[111.38017280023462,35.57061739957339],[111.35122729999995,35.570487899896705],[111.34369679986747,35.567645900138245],[111.33400729999698,35.56019640014381],[111.32639379963422,35.54682539957258],[111.31807730012736,35.541225400331996],[111.30745729961473,35.53856640001942],[111.30043030021824,35.538703900065],[111.29419729966571,35.54137039982413],[111.28772679985201,35.54209489995969],[111.2798918000666,35.540267900243464],[111.2624512997877,35.527446899854624],[111.25021380022679,35.508285400251054],[111.23972330029011,35.499446900054465],[111.2302167998655,35.49679940027215],[111.21199030021222,35.49586490034494],[111.20195779981265,35.492519399850494],[111.18343329990694,35.478988399994705],[111.17397329982799,35.47519290033216],[111.15937780034528,35.47498689982564],[111.1433182998997,35.4777299004146],[111.09905980036956,35.473655899600146],[111.08190929997426,35.47477740005701],[111.05436679968813,35.46406589982149],[111.03994730022777,35.45629490028949],[111.02960980015223,35.45453640013483],[111.02868629983294,35.433460400377214],[111.0252838003072,35.42265340023431],[111.00140379984555,35.3879508998142],[111.00565329976001,35.38618490021304],[111.00817129986564,35.349822899707135],[111.01197029968966,35.342788899987795],[111.01687630020115,35.33645240005825],[111.03138730028377,35.327060900440244],[111.04891980030862,35.307639899661694],[111.06120280016916,35.29683689970324],[111.06877879970193,35.2839014003294],[111.07351679966064,35.28442740030431],[111.09990729988203,35.294433400381195],[111.1080167997356,35.29478090021843],[111.11932429957682,35.29082490034892],[111.12870779972525,35.283637899869234],[111.13912179973136,35.268222900366595],[111.1489028002241,35.26927939962462],[111.16240679973407,35.27885439961091],[111.17852029997192,35.29877139988025],[111.18471209988354,35.301767600094706],[111.1881393001886,35.299733900199385],[111.19571560009496,35.30529459996586],[111.19747570014351,35.305201600173746],[111.19820759990085,35.30143879986076],[111.20542030030668,35.297064000103546],[111.22893189978743,35.306011699580324],[111.22860930037899,35.314321099838935],[111.23727589966308,35.30875570021544],[111.23949929985287,35.31469910018336],[111.24455520026237,35.3141701000701],[111.24941239996235,35.31719040031675],[111.2522486998177,35.315365100319184],[111.2554120003636,35.308829700030685],[111.26904400038035,35.31033250044459],[111.2815246001802,35.304017300058376],[111.28354659989571,35.301679999832174],[111.28107390044022,35.2978526003173],[111.28555340016936,35.28581119972716],[111.28075690021086,35.27819270003312],[111.28628880008813,35.27490749998117],[111.28957550020925,35.276812399872426],[111.29506459955167,35.27101579983935],[111.29971950035474,35.271460199828425],[111.30360070001234,35.27612670008722],[111.3102661000006,35.272707299602246],[111.30506589977153,35.26714220035234],[111.30800030037364,35.26577229995172],[111.31438219987871,35.27123980027659],[111.31870249982057,35.270948199599786],[111.31546180002209,35.26789700044628],[111.32100680032363,35.259258399755424],[111.3286668001328,35.25363540035352],[111.34815979973501,35.24472789967291],[111.36443380017977,35.24264539986535],[111.39327229997673,35.24208840025949],[111.40622730024978,35.23767089979225],[111.4226377997947,35.22756939980803],[111.4439468004046,35.209281900039684],[111.45551279957613,35.20461289966562],[111.4698097996826,35.20249189988135],[111.47322829994613,35.19932939973205],[111.48105630030807,35.18270890039548],[111.48703780005451,35.17705539958706],[111.49181379996696,35.17619689956729],[111.49820729982707,35.17810040011341],[111.50344080015287,35.1829678997488],[111.51024630012671,35.19403440016748],[111.50675179995568,35.20177840025303],[111.50218179965037,35.20721790018598],[111.50039680007234,35.21314990034767],[111.50353980022169,35.226234400297415],[111.50762179960645,35.23268890027259],[111.52175130008249,35.24132089993964],[111.54110779968528,35.23879240024911],[111.54805730000447,35.24161540003075],[111.57111380026174,35.26934039973969],[111.57968879999817,35.275840900037565],[111.59664130025584,35.28380939968412],[111.60296629965507,35.290973400002486],[111.59976180026695,35.3335149003924],[111.6041182997198,35.34180090029139],[111.62622830039578,35.36103439961789],[111.62001029963568,35.364631400019164],[111.6066132996641,35.36128240026261],[111.59736630041448,35.36072539975743],[111.57286079988609,35.368472900004406],[111.56500229991627,35.368846900164385],[111.5511628002231,35.37555690023083],[111.54174030007488,35.38529589968607],[111.53768179997513,35.39326490025502],[111.5299833001892,35.401416900269794],[111.52065279978694,35.405658899838386],[111.47503679970862,35.415664399892194],[111.47274780027084,35.41861340008842],[111.46317280028455,35.42124990026275],[111.44938680036063,35.40758140036138],[111.44239780001851,35.40635290036613],[111.41764829992917,35.4101754003745],[111.40711229969293,35.41920490038592],[111.40302279996229,35.42784889970699],[111.37861630040203,35.44265339983457],[111.37261979996384,35.44876089999559],[111.37023179955798,35.456283399759116],[111.37374879986726,35.463424399916164],[111.38287329976305,35.47040539988933],[111.38504780021589,35.474323899828164],[111.38246129964932,35.47772190004571],[111.3671567998465,35.485542400061775],[111.36165629979848,35.49439990023524],[111.3600083002429,35.50742740025436],[111.36183179979776,35.51477039983416],[111.3876038002752,35.53363390008445],[111.40271780028633,35.55166989994598],[111.4135438004061,35.55866989989602],[111.43031330031863,35.56367889976144]]]}},{"type":"Feature","properties":{"shapeName":"Wenshui County","shapeISO":"","shapeID":"62558664B37987297573158","shapeGroup":"CHN","shapeType":"ADM3"},"geometry":{"type":"Polygon","coordinates":[[[111.55882459957564,37.582120800134874],[111.55988380039713,37.57901389967179],[111.55785380031267,37.57479090008002],[111.54640180010307,37.56878640017226],[111.54205330011979,37.569057400078975],[111.53042989992002,37.574323800303205],[111.52257929959507,37.585026899971524],[111.51800379993546,37.58120010030444],[111.51524059967397,37.572535799687444],[111.50851280022562,37.568414099730944],[111.50496659982878,37.55945930010665],[111.50819119996396,37.54609329976603],[111.51357510021074,37.5396196999892],[111.51292340019484,37.53543289990847],[111.52472679970208,37.526298399551536],[111.53048989998894,37.52454700044376],[111.53362420009682,37.512502599715276],[111.54116450014163,37.50702590022519],[111.53990179982827,37.49895490034845],[111.54875930000173,37.47148220004357],[111.55563330043651,37.46749890035403],[111.55861630040198,37.46165839991528],[111.56375129978272,37.458438899835414],[111.57078719976954,37.45950300016335],[111.58169319998126,37.458197699864],[111.58490700015801,37.46221850038353],[111.59323190023207,37.46461009987627],[111.59417729994249,37.469619900138355],[111.59853240005026,37.47329760030408],[111.60831379984205,37.476323899928104],[111.61797309957893,37.482599600291394],[111.62516980014624,37.48165280033652],[111.63243300018286,37.48350149979444],[111.64524080032271,37.47938139973189],[111.65132089993966,37.47218620013308],[111.67668129960236,37.47566590016123],[111.6850476997916,37.472260399597815],[111.69417490035141,37.47355289984648],[111.69821610019295,37.468708000174104],[111.70472230039388,37.47081080037816],[111.71531979986895,37.46405530001215],[111.72384060016361,37.46327999987216],[111.72732480039929,37.45936319965199],[111.7299908001354,37.459495800191064],[111.73137659965039,37.45783310031737],[111.73699519956887,37.459899899760615],[111.74042130000305,37.458377000398286],[111.74813829974278,37.46076189994176],[111.7691267999619,37.45772940039154],[111.83581209984857,37.45841989985854],[111.83846669977845,37.4527042999635],[111.83665920006212,37.4396973998152],[111.84317119999093,37.43250339991204],[111.84359590033057,37.4264330003827],[111.83849959967682,37.4124914995831],[111.8407645998065,37.410467499775336],[111.85180659999463,37.41271640024172],[111.87042909992306,37.41346779999901],[111.88063830001761,37.41181540006073],[111.88507080027728,37.4055668996927],[111.88790130040474,37.39282989958025],[111.89206730006589,37.39070489961148],[111.90985880034344,37.39234140043533],[111.91773230010563,37.39105290037111],[111.94706730031572,37.35573590039155],[111.96861280014065,37.34328840013961],[111.98007179977378,37.33961489980783],[111.99667380005587,37.34164790003064],[112.023101800208,37.32915090019395],[112.05998559995555,37.31848879971841],[112.07504929998527,37.32102569997613],[112.08780909971028,37.317643199574036],[112.08958130013696,37.315810900153],[112.0874547002743,37.312146300411484],[112.08869519992356,37.30397070038754],[112.09383459968706,37.30298390038672],[112.09755620025851,37.29819079986555],[112.10641719969408,37.30101030038509],[112.10588549981605,37.297203999864735],[112.11261990028822,37.29734500007174],[112.1165186996783,37.284937800239334],[112.1140375996556,37.28183570035736],[112.11510100031103,37.27675929990181],[112.12502529967787,37.27351579961453],[112.12697469982265,37.2711184003939],[112.13201449966948,37.270825500196736],[112.13175650036226,37.26816480016544],[112.13951040018492,37.26885960019047],[112.14273019973893,37.276194100277564],[112.14820890022065,37.28014480044226],[112.14872090044923,37.282860799786135],[112.16300409955966,37.29901930030053],[112.16915190014015,37.30266900007433],[112.17209969974147,37.30884769956174],[112.1895971001261,37.31676530027846],[112.1978493997301,37.33137120042062],[112.21193559964831,37.33834019984039],[112.21598620010309,37.341793600094604],[112.21531659998118,37.34687249976611],[112.21790969977292,37.352233499676345],[112.23146180042181,37.36640889975098],[112.23198089989864,37.369709300144166],[112.23595649959282,37.371357699898],[112.23815040022089,37.37457660013007],[112.23815040022089,37.37743440007756],[112.24177690018382,37.38198390033676],[112.24319330003084,37.38855030025621],[112.25204400043037,37.405536900107904],[112.251534500317,37.407425899985355],[112.2570331000976,37.414687900326385],[112.25737819964422,37.41971290003039],[112.26049189988134,37.42616940009776],[112.26963810041809,37.4289211996537],[112.27899880005464,37.43531359964294],[112.29456800001321,37.44159609978021],[112.29903960009756,37.44731440033934],[112.30635150022158,37.45222290006683],[112.30200980001234,37.46496589955666],[112.29284680013973,37.47825239982842],[112.289161800177,37.48712539981739],[112.29387679997444,37.50217839971344],[112.2908932999859,37.507751400406846],[112.27996080035075,37.51472440001112],[112.2782667995732,37.517570399954025],[112.25888080040863,37.499267400370286],[112.23590830042781,37.48767840013812],[112.20343030006836,37.47996140039834],[112.19375549961671,37.47509210032024],[112.18397230028154,37.47570130017493],[112.17970979976747,37.47423089963638],[112.18602850031505,37.49591279963607],[112.17760439962342,37.49733369969056],[112.1693793998395,37.48912359987429],[112.17375719973506,37.48038619966343],[112.17475219975427,37.47338509984252],[112.16804910018584,37.47161950043966],[112.16380749991629,37.472332199671314],[112.16161860041814,37.47712260042772],[112.14994430038917,37.48849199970607],[112.14452359988434,37.48912469974516],[112.13077450004323,37.482807500166075],[112.12725899980308,37.478859700314956],[112.12898360001316,37.47185839994523],[112.1241414001056,37.466383199625],[112.11478869993857,37.46575139980729],[112.10122249971869,37.47537180026842],[112.09850300021333,37.4800041002091],[112.10524370043652,37.492230000314294],[112.10534359982728,37.496973100328375],[112.09530469985202,37.50345640019276],[112.0882811997177,37.50590160017873],[112.08589330003588,37.50053419979355],[112.08125010031199,37.500744699608276],[112.07919429957735,37.50827529956547],[112.07335360038837,37.510664700215784],[112.06307529998514,37.52505289967161],[112.06267729961769,37.53157580028301],[112.05723819988305,37.53325900020275],[112.05244629995684,37.53249209973069],[112.0506799999821,37.52515809966661],[112.03579239979945,37.523032599674764],[112.02830129986512,37.52757459958815],[112.01825729983454,37.53068140022651],[112.00288190017966,37.530006500399736],[111.9986874001035,37.52645539959707],[111.99603549993844,37.51385390033727],[111.98680349958192,37.50475820033074],[111.98126889993983,37.50475820033074],[111.97826709964698,37.506320999914294],[111.97873609969133,37.51882169956184],[111.97332169983662,37.525022999911585],[111.96213239969057,37.528419099861594],[111.94505959982075,37.5284934998752],[111.93461629990236,37.52683509966016],[111.92798679995093,37.5208305997524],[111.92576410033303,37.51249470007042],[111.92310879983131,37.511157800292324],[111.90847779961081,37.51277780035525],[111.89818210002397,37.51203349984621],[111.89803820040271,37.50916840010166],[111.90388959972529,37.49953680038311],[111.90284660019051,37.49642310014599],[111.88690879960149,37.49974730019778],[111.86579010003317,37.50637739999706],[111.86050889966606,37.51058720023917],[111.85931490036245,37.518794899764885],[111.86780529997469,37.52395059974043],[111.87271300020484,37.53964489989227],[111.87244450041345,37.54335370041298],[111.86042850027513,37.559989400090785],[111.85433230009562,37.56537369963661],[111.82310410017413,37.55588870020341],[111.80020130034978,37.55307390044021],[111.78012930012716,37.54625279992683],[111.77277530004011,37.5516187002429],[111.76659099957504,37.552985700329884],[111.7206404004342,37.552080899613884],[111.71010850020718,37.557565399823375],[111.69757630000629,37.57339040024681],[111.68672090014951,37.57559309984174],[111.67761049982477,37.58038430009543],[111.66958700033985,37.581417700266684],[111.64514209972816,37.58014729995796],[111.61800169981865,37.57285930021658],[111.60887600022727,37.57313089997109],[111.59554659959593,37.57850250019027],[111.58461440033437,37.58062030018675],[111.55882459957564,37.582120800134874]]]}},{"type":"Feature","properties":{"shapeName":"Tianzhen County","shapeISO":"","shapeID":"62558664B45098802611146","shapeGroup":"CHN","shapeType":"ADM3"},"geometry":{"type":"Polygon","coordinates":[[[113.93836209993106,40.505954700049415],[113.9585418002639,40.49893589977199],[113.96376029989801,40.49357990009236],[113.96510329977752,40.48051840030399],[113.97267930020962,40.456596399704154],[113.9769518002854,40.450111400121045],[113.97913380018474,40.43497890015618],[113.97532629996886,40.42933589983198],[113.96765130036727,40.424228399920764],[113.9111022997314,40.401531400054125],[113.9026338004096,40.37265790044182],[113.90133679995347,40.34341790011604],[113.90277829987872,40.32373039963829],[113.90940829985323,40.31605890019813],[113.91446680020272,40.31527690010893],[113.93388379989756,40.32268139982682],[113.93736280025314,40.31918689965573],[113.94389330013576,40.300087400213386],[113.94035329966516,40.28415290013629],[113.93074029972513,40.26558690011541],[113.93142729992996,40.25962839963097],[113.93386079973618,40.25181189979941],[113.94294729967817,40.23768989966919],[113.93874430010942,40.22840090028137],[113.94155880039841,40.22331639963221],[113.94975279965206,40.218357400273874],[113.95635980036457,40.21056339968118],[113.95451279972599,40.208507400196424],[113.94557929964503,40.21219640034366],[113.937232799654,40.21267690001895],[113.93512729968518,40.21154039976966],[113.93540179975332,40.2081068997137],[113.94402329983552,40.20190040038324],[113.96739979956112,40.20103440001759],[113.97638680031059,40.195804399853216],[113.98010229988131,40.18965539957708],[113.9947968003321,40.17532739983966],[113.9999998001507,40.17337789987022],[114.00776680039758,40.17832989980508],[114.01878330030911,40.18048090007352],[114.02986929982842,40.17761239999231],[114.04728679994594,40.16999440032134],[114.05697629981648,40.170410200070705],[114.07969670004275,40.18690490044088],[114.12204740026732,40.17249300025179],[114.18676759964512,40.193733200027225],[114.22708889963303,40.194553399719666],[114.2487793000247,40.23499679976254],[114.28665919966238,40.22889329978602],[114.34915920043682,40.24816510033918],[114.39385990021424,40.24375150023161],[114.44458009969196,40.25817490005164],[114.5046463002866,40.30177689988409],[114.52443699976777,40.34212880020402],[114.49899290020221,40.35219569967188],[114.46434779991114,40.34837719984796],[114.43998719994943,40.37148280039099],[114.38462069988543,40.34965129996755],[114.34089659999813,40.368026700371956],[114.30792239959908,40.36830519972523],[114.27397160020928,40.42639540002773],[114.26274110032159,40.48538589993939],[114.27780910001002,40.511291500102686],[114.26474760022165,40.55241780034129],[114.27646639960471,40.589458500309604],[114.25174709964904,40.60931780007644],[114.22960660026445,40.60567470042713],[114.19526670019809,40.62509919956847],[114.19653199955223,40.65080249993548],[114.17479979957113,40.678337800249324],[114.15596929994331,40.712015200341284],[114.13354749981727,40.736771900402914],[114.12605349956937,40.74504420002984],[114.12388569996517,40.74409120014883],[114.12320500041051,40.741351500071744],[114.11793009979431,40.73985269984229],[114.11047430004896,40.73347309990368],[114.10170419958922,40.73442399986777],[114.09536070023614,40.73941940018523],[114.08747050006355,40.74045199995987],[114.08653800022864,40.73588670041096],[114.08244949964478,40.737082400332554],[114.07556349955587,40.73191900036164],[114.07154670012017,40.7309406000287],[114.07161840036895,40.72930989983206],[114.06695600011938,40.728711999958875],[114.06365649994757,40.72512440017101],[114.05956800026308,40.725450499740816],[114.05398030015078,40.7181054002441],[114.05598150034598,40.712566099845674],[114.05361450000919,40.70653079995651],[114.0539619000217,40.70113490005565],[114.05929080043018,40.698919100036505],[114.06482690014138,40.687348499933364],[114.06568280022111,40.68045110003828],[114.06165310001063,40.66376880019004],[114.06019389962887,40.64521450034897],[114.06142300037118,40.6415692000586],[114.05912949982667,40.63620129965034],[114.04872490043385,40.63016759965507],[114.0489211999535,40.62688980012422],[114.04155949987103,40.62212179968134],[114.03478239958815,40.609130900270884],[114.07003020033358,40.57432169978665],[114.07000729999697,40.540904999666054],[114.04296109957511,40.524028799689404],[114.00470729960227,40.51456070031611],[113.96351619961297,40.52101899992698],[113.93836209993106,40.505954700049415]]]}},{"type":"Feature","properties":{"shapeName":"Taigu County","shapeISO":"","shapeID":"62558664B75220143106030","shapeGroup":"CHN","shapeType":"ADM3"},"geometry":{"type":"Polygon","coordinates":[[[112.58438290025072,37.503584899823295],[112.56236850020616,37.50451879990277],[112.5616620998261,37.50825440022044],[112.55671770006188,37.513110300400115],[112.55047839975839,37.51339039964728],[112.54447449969848,37.51684539979544],[112.54094270014559,37.51469770003888],[112.5371756001739,37.516378499668065],[112.5347033998421,37.513016900409696],[112.52693360000569,37.51292350041928],[112.52210689991352,37.50582629994386],[112.51680930040891,37.510122099655234],[112.50209389971371,37.510682399772975],[112.4982090002452,37.50844110037656],[112.4996217002813,37.50405189977539],[112.50680280030906,37.50003589983697],[112.5005634001808,37.49134950017935],[112.50021030026517,37.481260800245764],[112.49773809993337,37.475188299900196],[112.50015650012244,37.4735082997683],[112.49975610036381,37.469058900348045],[112.49508419967617,37.46958860013382],[112.49228110009278,37.46704599997298],[112.4906794003341,37.44182709964099],[112.4854736000267,37.4417211001487],[112.48280400030444,37.43303030010833],[112.48640800012913,37.426670499643876],[112.48400540012915,37.416599699816345],[112.48867720009275,37.41447939970459],[112.491346799815,37.40546729977609],[112.4905458995737,37.401331900446905],[112.47626349996062,37.392106100016576],[112.47292649985809,37.39136379959973],[112.47225910037719,37.38966700013202],[112.47439479958041,37.38680350028136],[112.4725260002748,37.384470200239605],[112.47839920006311,37.37884870000755],[112.47466170037728,37.37078709984485],[112.46998990041368,37.368559300171626],[112.46651939955075,37.360284399705336],[112.47079079975572,37.35710150023408],[112.47613000009949,37.35561609990316],[112.47799869958033,37.35158410012616],[112.48106879978536,37.35126580037644],[112.47920010030441,37.34787020044945],[112.4812022996465,37.3454295995964],[112.48400540012915,37.34649079961076],[112.4826705004433,37.34893139956449],[112.48480619964641,37.350204700186794],[112.48894409999025,37.34850689977367],[112.49148029967614,37.34946189974693],[112.49148029967614,37.3525390002747],[112.49414990029777,37.354554999713514],[112.49922210002,37.35466109992984],[112.49935559988114,37.3454295995964],[112.50709750004967,37.33948690020031],[112.5065636004299,37.33152709969596],[112.51617420007938,37.32154969985879],[112.51510630011569,37.31794050015401],[112.51857680007936,37.31475580024005],[112.51457239959666,37.31188949990053],[112.5187102999405,37.307430500217436],[112.52925519986763,37.307430500217436],[112.53339310021147,37.303820599940764],[112.53806499999985,37.303820599940764],[112.54206939958317,37.30180320025755],[112.5456732995832,37.303926799981866],[112.54767559964921,37.294264299557824],[112.5538157002344,37.296812700345924],[112.55955530033691,37.29670650030482],[112.56048970043935,37.30127239970153],[112.56355969992023,37.304139100239354],[112.57583990019134,37.306050200056745],[112.58384880008214,37.301590900000065],[112.58651839980439,37.2912908998552],[112.59012239962908,37.28991040004496],[112.59279200025071,37.285981100147694],[112.60013339993657,37.28364470014287],[112.60680740014152,37.278865399718484],[112.60747479962231,37.274935499973424],[112.61241360020756,37.27036809960816],[112.61268059992983,37.266543999705846],[112.61575060030998,37.2632509000091],[112.61521669979095,37.2596388998154],[112.60987750034644,37.253689399746065],[112.60987750034644,37.25145819973619],[112.62522770009832,37.243276600334866],[112.62896519978415,37.239663699919845],[112.63403740040576,37.23881349974329],[112.63043350040573,37.23222470040963],[112.63497179960893,37.22574160019474],[112.63497179960893,37.22297820028376],[112.63176830026691,37.221277499557004],[112.63163480040578,37.21904540022507],[112.63363699974775,37.2168132001691],[112.63830879971135,37.2168132001691],[112.64645109963863,37.21288009973688],[112.65392600008488,37.21266740018041],[112.65886479977075,37.21064770003136],[112.66245539969702,37.20639529980332],[112.67408160038565,37.21341159996541],[112.67488249972769,37.21606910020887],[112.6727467996252,37.220214599823976],[112.66940980042205,37.220108299958156],[112.66767450007819,37.22180899978554],[112.67034409980045,37.229249000241225],[112.66860890018063,37.23158709996477],[112.6674076001807,37.24550799999423],[112.66113399973437,37.24986450034646],[112.6608670000121,37.25453940027313],[112.65459339956578,37.25889520005347],[112.65405949994602,37.26165740026886],[112.65005510036269,37.264419399935434],[112.65085599970473,37.26569419972759],[112.65793050039235,37.26824359966247],[112.66714059955905,37.266756499612825],[112.66994370004181,37.26420699985323],[112.68342520031285,37.27079299959729],[112.68716269999868,37.2687746996927],[112.6941036999259,37.271005399679495],[112.70131159975062,37.26686269965393],[112.70091119999199,37.27089919963839],[112.70344729985311,37.27482929993232],[112.69917589964814,37.275891400168064],[112.69970989999194,37.27790950042316],[112.70291340023334,37.279608800006145],[112.7063839001969,37.2785466997704],[112.71332490012412,37.279290199882894],[112.7369508996643,37.27004939966014],[112.7453602002131,37.271005399679495],[112.74762940017672,37.276422500198294],[112.74989850031557,37.27812189960605],[112.75857479968727,37.27875919967738],[112.7629795999286,37.28141440035432],[112.76538229975336,37.28651210035321],[112.76911969961452,37.28778649994706],[112.77339109981949,37.28460049961342],[112.77846340026576,37.28470669965452],[112.7867391002294,37.29107849977299],[112.78713959981269,37.287574099864855],[112.7907435996375,37.2869368996183],[112.7994198000838,37.29468899989746],[112.8040916000474,37.292034300142916],[112.81477009966045,37.293627100210585],[112.81810709976287,37.29500760002077],[112.81877450014315,37.29861789959642],[112.82491459982896,37.30148469995896],[112.82691680007031,37.30010439979827],[112.82678330020917,37.295538500401506],[112.83225600041419,37.290547600291575],[112.84039830034135,37.28651210035321],[112.83999789968334,37.28258259990713],[112.84346839964701,37.279396399923996],[112.84693889961056,37.280564700200785],[112.8505427996106,37.28502529977783],[112.855748599918,37.28576870006549],[112.85815119991798,37.287574099864855],[112.85708339977919,37.2912908998552],[112.86335700022539,37.30148469995896],[112.87323449977237,37.31231410041545],[112.8805759003576,37.31284490007215],[112.88030899956073,37.325052599697756],[112.875904100394,37.331633299737064],[112.8765714998749,37.3341804999302],[112.88965260038731,37.341821599587206],[112.89018650000708,37.34436839958204],[112.89352359993427,37.34712740000958],[112.90179929989779,37.34649079961076],[112.90593720024162,37.34330730029171],[112.90994169964983,37.34267050024346],[112.91514740013247,37.33651530004113],[112.91821739961335,37.337152100089384],[112.91901829985477,37.3395930004167],[112.92222189992083,37.341609300229095],[112.92622630040353,37.34256440002707],[112.93410159970915,37.3395930004167],[112.93743859981157,37.34097260000556],[112.94090909977524,37.339911399991195],[112.94624839994378,37.341078700221885],[112.94638179998014,37.34850689977367],[112.95292240014874,37.35158410012616],[112.95505810025122,37.35508549989595],[112.95692679973206,37.35349400024796],[112.96720479976182,37.36261840031898],[112.97094219962287,37.36410369992586],[112.97721580006919,37.362194100177646],[112.98148720027416,37.36346720025114],[112.98522469995999,37.36166359999521],[112.98882859996002,37.36325499981842],[112.98962950020132,37.36781670028057],[113.00284409967549,37.36993839973741],[113.00991860036322,37.36877149970502],[113.01579170032676,37.37068099962846],[113.03234329990346,37.39157590020767],[113.03688160000593,37.39443920040884],[113.03487939976458,37.401756099864144],[113.02954020032007,37.4055733001677],[113.0238005003929,37.40620950036822],[113.02259920039285,37.411086700091175],[113.01325559956638,37.41861400043581],[113.0083167998805,37.42921450004917],[113.00337800019463,37.42974440038381],[112.99590309974826,37.43356020044297],[112.99296650030385,37.43960149970951],[112.98989649992359,37.44087330026264],[112.98736040006247,37.439813499593356],[112.98362290037664,37.44161509975709],[112.97494669993034,37.4417211001487],[112.9689400002809,37.4498810996331],[112.9657365000395,37.44797369962657],[112.96266649965935,37.448503500136496],[112.95439069987094,37.45920580030747],[112.95011929966597,37.45920580030747],[112.94731620008258,37.46164269955102],[112.95038630028762,37.46799949987707],[112.9451804999801,37.47149550011727],[112.93743859981157,37.4720251999031],[112.93169899970917,37.47573289965362],[112.92916280002328,37.47382610039426],[112.9267602000233,37.47467359990674],[112.92088710005964,37.46799949987707],[112.9102086004466,37.4709658003315],[112.90647119968617,37.47467359990674],[112.90019760013922,37.477215899694045],[112.89899630013917,37.48060560006843],[112.89459140007307,37.48177080038221],[112.8892521997293,37.48611349973828],[112.88604859966324,37.48653720003182],[112.88337899994099,37.489926400383126],[112.88044250032124,37.488231799757784],[112.87230020039397,37.490561900011755],[112.86656049956741,37.488761399718896],[112.86295649974272,37.49257409981493],[112.84720580040744,37.49744570035881],[112.8430679000636,37.501046299846905],[112.8398643998222,37.50718800032598],[112.82825159993149,37.508776300186184],[112.82411369958766,37.512799799571155],[112.81743970028197,37.51301149998079],[112.80422509990854,37.507293899993556],[112.79634969987876,37.50771739973828],[112.79141100001766,37.510364500221556],[112.78540430036821,37.50888210002893],[112.78433650022941,37.52021090031286],[112.78553780022935,37.52232830011104],[112.78807399991524,37.52116380036915],[112.7954153996011,37.521904800366315],[112.79955329994493,37.52529249974913],[112.79875239970352,37.52762140030745],[112.77405850019966,37.534184300065476],[112.77325759995836,37.536512900250216],[112.7673844999947,37.53915899978807],[112.76778489975334,37.54413340003646],[112.76177829992866,37.55016569978727],[112.7500320001767,37.554187000329875],[112.74389189959152,37.56286379972465],[112.7333468998396,37.563286999995114],[112.73147820035877,37.56138239957812],[112.72707340011743,37.56540310027293],[112.71706229998517,37.56519149968801],[112.7154606002266,37.563816000108375],[112.71706229998517,37.55693829986268],[112.71586099998524,37.5473083998628],[112.70918699978029,37.54360420027365],[112.70544950009446,37.54445090028889],[112.70344729985311,37.54307499961158],[112.70184550026966,37.53831229977288],[112.70411470023328,37.53503109990538],[112.69944290026967,37.532278999975915],[112.7027799003722,37.52931509981204],[112.7027799003722,37.527727200150196],[112.69864200002837,37.52624520015593],[112.70117809988949,37.52317519977572],[112.70157860037216,37.51904639967165],[112.70611689957536,37.521481400446305],[112.70865300033574,37.51576429958283],[112.70224599985306,37.509729200242475],[112.69236839958205,37.51047039988907],[112.68542739965483,37.50581139997615],[112.67087810014425,37.509199799930855],[112.6691427998004,37.51025859965472],[112.66860890018063,37.51555260007251],[112.67021069976408,37.5194699003157],[112.66900929993926,37.521904800366315],[112.66500490035594,37.52285759969851],[112.66046660025347,37.521481400446305],[112.65953220015103,37.52561000000156],[112.65579480028987,37.52571589966908],[112.65405949994602,37.52825649973772],[112.64658460039902,37.52825649973772],[112.64017750009157,37.52656280023308],[112.63777490009159,37.52910340030172],[112.63070040030334,37.52613929958903],[112.63029999964533,37.51978750039291],[112.62536119995946,37.51470559968374],[112.61908760041251,37.51428209993901],[112.61735239989343,37.51248209966923],[112.61948809999592,37.51078799996628],[112.61761929979093,37.50803509964021],[112.61054489982735,37.509411600165265],[112.60934350000264,37.50612909987814],[112.61187969968842,37.50062270027746],[112.60840919972486,37.499563700004785],[112.60427130028029,37.501469900315726],[112.60146819979764,37.50009320014112],[112.5949277003532,37.50019909980864],[112.58438290025072,37.503584899823295]]]}},{"type":"Feature","properties":{"shapeName":"Yanhu District","shapeISO":"","shapeID":"62558664B56657694858028","shapeGroup":"CHN","shapeType":"ADM3"},"geometry":{"type":"Polygon","coordinates":[[[111.00140379984555,35.3879508998142],[110.98686230015511,35.37421839965947],[110.98404679982002,35.35036440039681],[110.98016329969658,35.33679939987246],[110.97428130004204,35.32480239971102],[110.94302380020827,35.29637890016619],[110.89533980009179,35.26447340012737],[110.88110330007731,35.25164790043033],[110.88740769960572,35.24483239999529],[110.8889711997611,35.239660299982916],[110.88208240008277,35.223719099956554],[110.86919009964345,35.21072030000187],[110.85700230021604,35.20706540034797],[110.8494920995808,35.19858779988709],[110.853857100325,35.17861460008379],[110.87228670017112,35.16635179989572],[110.87629679965767,35.16182689969173],[110.87661820026977,35.15847899980605],[110.87038769983252,35.15404200023818],[110.87022110042352,35.14703759990539],[110.88065310036035,35.131650599895295],[110.88814630021164,35.11303050025742],[110.8914253003374,35.110316599931195],[110.89612879960447,35.0995941000877],[110.89723719963712,35.09329109990438],[110.89504880016204,35.08427570036332],[110.89583359984084,35.07797160030918],[110.90408779971227,35.07099869963031],[110.91408690019034,35.06840650006001],[110.91686660031343,35.06237520035529],[110.91713310001262,35.055338800345396],[110.90976379975962,35.0512036995911],[110.89887469960775,35.054738699831205],[110.8942463000268,35.06126180009204],[110.89014539959055,35.06275700033535],[110.87955019968206,35.05724790007059],[110.8705703998042,35.055915899799004],[110.86060410029904,35.04667509957625],[110.84996369956514,35.04415560030077],[110.83899150025758,35.045586099718776],[110.83303800000374,35.04279170017685],[110.82903980034655,35.033625600341225],[110.82204829988916,35.030049000161284],[110.80153530001417,35.03041640019677],[110.79466440044177,35.03286320007669],[110.78326070012128,35.02713239984041],[110.78006210028576,35.017473399577796],[110.77739670039745,35.01605449961551],[110.76800090022141,35.01845570027041],[110.76302530027743,35.02320119967567],[110.75659419976256,35.02232650016788],[110.75378369965807,35.018790900080035],[110.75198640005237,35.012085099847525],[110.75178670019613,35.002679700307965],[110.75634460012327,34.994315099662174],[110.75937539995482,34.993436899993014],[110.7581771999179,34.98591090006806],[110.74369620031945,34.97787580022805],[110.73581050035438,34.96251069960914],[110.74036580034146,34.95063299991307],[110.74247099993676,34.929176300046265],[110.7437985998256,34.927643300398074],[110.75343779971473,34.92595269995718],[110.76396850024616,34.92731590040853],[110.76526659967391,34.92584230008214],[110.76473770028468,34.912183500268384],[110.76197149988485,34.91184180015898],[110.75727850020269,34.91405250012281],[110.74988950030024,34.912988100320604],[110.74659439961192,34.91077729963274],[110.74357079975266,34.9006980003125],[110.73571060006418,34.89546380031419],[110.73396539998328,34.88581049995469],[110.73928279986137,34.88231809970057],[110.74559590033061,34.87424959993916],[110.74589549957773,34.86843320043192],[110.74280009964497,34.86581150040047],[110.74682350010448,34.85963790006906],[110.74745589977005,34.84975779968278],[110.75015630037302,34.84192089962988],[110.75574899981655,34.83754080016786],[110.75972399966292,34.83061789999613],[110.76398569978028,34.81852709964596],[110.76837810016923,34.82323340030126],[110.77578109981795,34.824387100084664],[110.78890130015492,34.82181520001154],[110.79468910032176,34.82299409969801],[110.79921949988005,34.82058090028835],[110.80706030029268,34.822424899889256],[110.82195279998177,34.83280940033359],[110.84625980034957,34.84123240025514],[110.86096929969347,34.843540399669735],[110.89025130015744,34.842193399605776],[110.91040779978022,34.861301400339414],[110.96460729998694,34.89102190034049],[110.99088979972453,34.89945239970854],[111.00311280041547,34.90147390030029],[111.01441179986472,34.90691690039466],[111.02577979979799,34.92220290024369],[111.06356830043677,34.94086440017196],[111.09104130021592,34.9598234003297],[111.11560079963726,34.97208790023643],[111.13594029960518,34.9994008998317],[111.15165730044413,35.00832739958986],[111.15434230015711,35.01362990039962],[111.16311630007726,35.020625900165214],[111.16591629969753,35.03371789956145],[111.15869130016341,35.045291900001246],[111.12545029969164,35.0846479000806],[111.12064380017131,35.087783899907095],[111.09358229958355,35.09837339991253],[111.08561680007534,35.10466739968081],[111.08328230033794,35.10921139968639],[111.09253679993344,35.13293089994113],[111.10305780037726,35.15071489987281],[111.10001380029672,35.16211340031322],[111.09285730032423,35.16910539989436],[111.08696730030073,35.17016290009781],[111.0764768003641,35.176875900302605],[111.05657980011773,35.22854589987344],[111.03220380016529,35.254504899981214],[111.03288280000129,35.261840900137486],[111.0422207998501,35.26930589994737],[111.0589063003855,35.274368399582045],[111.06471230013261,35.277656400122794],[111.06877879970193,35.2839014003294],[111.06120280016916,35.29683689970324],[111.04891980030862,35.307639899661694],[111.03138730028377,35.327060900440244],[111.01687630020115,35.33645240005825],[111.01197029968966,35.342788899987795],[111.00817129986564,35.349822899707135],[111.00565329976001,35.38618490021304],[111.00140379984555,35.3879508998142]]]}},{"type":"Feature","properties":{"shapeName":"Zuoyun County","shapeISO":"","shapeID":"62558664B21768654645113","shapeGroup":"CHN","shapeType":"ADM3"},"geometry":{"type":"Polygon","coordinates":[[[112.96152769984349,40.144588100160775],[112.95247390015038,40.141429899670186],[112.94342900014829,40.15175859987954],[112.95115679984644,40.161155900124754],[112.95905279974693,40.16747290005435],[112.96002979983541,40.17226389975923],[112.95687129987061,40.17892440024093],[112.94692980007028,40.18976990036066],[112.9368972996707,40.196727900172505],[112.90574630025162,40.2086984000112],[112.89988679983605,40.21561439968485],[112.89792630025863,40.23871990040311],[112.89119730021525,40.24678439998013],[112.87008900040712,40.25842079988007],[112.84703479971631,40.20227639973609],[112.79278189956506,40.18492070013025],[112.77261729974862,40.17504960015896],[112.76852649959835,40.17587270016503],[112.75487760042097,40.16657130002551],[112.7384263004335,40.162304300203346],[112.73419149993788,40.16418910024686],[112.72537649992557,40.16451140018103],[112.72058440034982,40.17203130000456],[112.71614980017318,40.173960999600524],[112.71440679983402,40.17739089967034],[112.70997700023838,40.176487099899816],[112.7045125998767,40.178062499884504],[112.69714450021854,40.18572480015945],[112.69141970025908,40.18677870037675],[112.68743879996066,40.19224290018974],[112.67866709960697,40.19078440037981],[112.66566629956014,40.20545749966391],[112.65900189961803,40.20853710030701],[112.65541529987627,40.213909800397005],[112.65148290001594,40.216928400025665],[112.63693020016865,40.22080940003383],[112.6359436996421,40.22294610018241],[112.63092949989652,40.22533850007176],[112.62573160013335,40.233321799861244],[112.61828539975147,40.23808100043789],[112.61801709960957,40.21987459973303],[112.61036729991099,40.22084439984923],[112.6031492998004,40.217468399746906],[112.59735879986874,40.209510899708334],[112.59665679987143,40.201972900129306],[112.60101330022371,40.19302740039427],[112.61550879959145,40.18241140006609],[112.61990329989749,40.176433399581754],[112.62069679961769,40.16911690032475],[112.61553179975283,40.16275790025696],[112.58323679973853,40.16047290010431],[112.57361659982632,40.154297100031215],[112.57410180025795,40.14840430041818],[112.5786295998762,40.14663019972397],[112.57419620029452,40.14454230038689],[112.57066880022501,40.13973899975508],[112.57765299998607,40.13290390039475],[112.57428929991136,40.12878900021224],[112.57610920037939,40.123590200227625],[112.58263129969475,40.12251339967372],[112.58842019973247,40.11321429999998],[112.57749509971916,40.109410399770184],[112.58384560029424,40.09856150021312],[112.59958510037211,40.093030999680934],[112.6038433003281,40.094734400172456],[112.61317339963273,40.09040600003692],[112.61532620034393,40.087420900154484],[112.60456240003475,40.0827886002138],[112.60375510021777,40.078155999899536],[112.6056375997955,40.0734583003603],[112.61092330037013,40.07043430030279],[112.6167464996513,40.055145099766605],[112.62542840000071,40.05283710035195],[112.62889920033786,40.038326200094104],[112.63607029990453,40.033477900085074],[112.63745880008366,40.0261533995598],[112.63247679966469,40.01156590044599],[112.62589280001282,40.0000073998217],[112.62111680010025,39.97852690029629],[112.61753779962976,39.97290790017951],[112.61087780007051,39.947704399838244],[112.59005730040417,39.91950990006188],[112.59736630021462,39.87964239977697],[112.59339879981485,39.85452639987352],[112.58464830007904,39.83497989960273],[112.58863829971779,39.82227690015884],[112.59351329969911,39.815105400393975],[112.61386130005906,39.808444899912274],[112.61608880025801,39.800498900403966],[112.61290730013184,39.77196890044445],[112.61450179991823,39.75941489977788],[112.6331713002154,39.75040039955883],[112.63775630031307,39.742759899749615],[112.64179979972107,39.73968139987676],[112.66264330044805,39.74518189992477],[112.6695707997527,39.74930590034705],[112.67385080017436,39.75265490010361],[112.67825329994992,39.764716899665245],[112.6870193004005,39.76798240006775],[112.71473679976361,39.75673290020325],[112.73827379969612,39.75107189994827],[112.74481980029361,39.756782399787994],[112.7460327995741,39.77309390016342],[112.75904079959332,39.7748869001104],[112.77551280017565,39.77334990027771],[112.80230730014182,39.77351389974672],[112.81411729977367,39.77571839978435],[112.81059980034058,39.78019340020529],[112.81079879962499,39.78776140026844],[112.81674180029393,39.79367839973838],[112.82462330042506,39.79690540016412],[112.84705279964703,39.79531489966297],[112.86797330032766,39.80009089957542],[112.87165830029039,39.803642399677074],[112.87040730015678,39.81621190015909],[112.87519080041511,39.82162839993077],[112.89074680012482,39.82623690021285],[112.9039002996592,39.82572189984586],[112.92896279979345,39.84276189964203],[112.94718180000018,39.848129399851985],[112.95200330021214,39.85308840010964],[112.95546729987609,39.860984900033145],[112.95461280004076,39.866229899989946],[112.9424612001244,39.882476599715346],[112.93456849983647,39.88421619971791],[112.93098209974414,39.88888999977371],[112.93239269986327,39.89451379957222],[112.91351240027711,39.90797560019382],[112.90460889978101,39.9067092000696],[112.89339339968569,39.90980650026984],[112.89005750035346,39.92237580020304],[112.88065910023738,39.92737829976875],[112.87881370039202,39.930208500422],[112.88237570007857,39.935342099558284],[112.89615149989186,39.94616730018083],[112.89997099976188,39.94330490020104],[112.89975639993793,39.94073850038154],[112.90284629961707,39.93998170019535],[112.91863919963941,39.94113330006178],[112.92129989967066,39.945410599819354],[112.9355565004322,39.94797710036295],[112.94768699955546,39.952642400026775],[112.95460700031288,39.956628199831584],[112.95969600027024,39.96239199979101],[112.96831109987738,39.98067610012197],[112.96931060010422,39.989125200167905],[112.96690380027019,39.99458289968112],[112.9517362995906,40.00459289994245],[112.94611380021172,40.00556489980033],[112.93771379955228,40.00313940036307],[112.92076879964043,40.00228090034335],[112.91182680006682,40.005000899871675],[112.90776079962131,40.010528400265514],[112.90931680033009,40.014395899651106],[112.91988380019723,40.021148399878825],[112.91885369963859,40.02600420023373],[112.92018410001629,40.029290400331774],[112.9183387999957,40.03172209969517],[112.91823679978859,40.038207500375904],[112.90456829988716,40.050396200024636],[112.90358120041208,40.055356499802656],[112.90504039989457,40.06110470012186],[112.90199339967569,40.06977540031454],[112.90471630041702,40.07226540002824],[112.92048990008891,40.07657320029301],[112.92339740016996,40.08268910012191],[112.91330019984446,40.083394000432804],[112.91108470019878,40.08618079980414],[112.91849839998122,40.08924239961709],[112.93225939965168,40.090142299927265],[112.94951140023102,40.0950668003926],[112.95161420043507,40.097036500034505],[112.95406039956788,40.11006810006285],[112.9576224001537,40.11203740040577],[112.96517550024919,40.123359700389926],[112.97247110016121,40.14078260003703],[112.96684919973086,40.144883399749176],[112.96152769984349,40.144588100160775]],[[112.92485520030732,39.9791291996529],[112.93757960001858,39.97907989971765],[112.93792290002193,39.9777645000317],[112.93470430016339,39.97700810004386],[112.9367212996483,39.97457450041293],[112.9318290003082,39.97477179997861],[112.92485520030732,39.9791291996529]],[[112.86376519980422,39.9943533000648],[112.8640871004394,39.99632590002034],[112.86653329957221,39.996966999727306],[112.86578230001317,39.99519170023683],[112.86786360012513,39.99223269957946],[112.86376519980422,39.9943533000648]]]}},{"type":"Feature","properties":{"shapeName":"Zuoquan County","shapeISO":"","shapeID":"62558664B74159537069914","shapeGroup":"CHN","shapeType":"ADM3"},"geometry":{"type":"Polygon","coordinates":[[[113.7517088003209,37.075168399602035],[113.74043230011057,37.064872899664635],[113.73619079966568,37.062934900225514],[113.73236829965731,37.07292939977202],[113.72897379960125,37.07170089977677],[113.71807750037635,37.074295800011214],[113.71447270015506,37.08000159999392],[113.71482079984014,37.08854689961976],[113.70523080006149,37.09908690004045],[113.66522229956956,37.123302399785985],[113.6451032998774,37.11659990006541],[113.62560560041823,37.123025000303585],[113.61296599958132,37.12223499984543],[113.60745969980542,37.13649950025177],[113.59970079975221,37.140156099624335],[113.59088259995212,37.162590799625775],[113.57870880027099,37.168495999990455],[113.57712089970983,37.17450600015184],[113.58103929982394,37.1805344004423],[113.56716130015388,37.20356390035374],[113.54379279989791,37.19836439979724],[113.53276829961737,37.200824899949225],[113.5257033002672,37.20476540000328],[113.51348879996817,37.20811089959841],[113.49387380013582,37.22341140011605],[113.48750280041395,37.224384400020085],[113.47757729955276,37.22090889982593],[113.46372980039007,37.22191240023716],[113.45073680016321,37.229583899677266],[113.4194793003295,37.22758490012308],[113.40033729982656,37.2309609002254],[113.38565129976769,37.23812090035932],[113.36927780013048,37.25073990042614],[113.36174029967515,37.25855590023468],[113.35038730043368,37.2747533998496],[113.33824930006517,37.27578739986865],[113.33258030034062,37.273792399599586],[113.32646930001829,37.26880639989548],[113.32137279971505,37.26040640013531],[113.31310279965453,37.25237290018924],[113.28774280019013,37.233531900077196],[113.26418280009625,37.22666539998829],[113.24648280044096,37.223632900438076],[113.23676280006327,37.21578590009926],[113.22013829964283,37.208190899690294],[113.20475779993262,37.19856640011932],[113.19654079961822,37.195804399553424],[113.18572229984431,37.19342040023133],[113.15780630032054,37.19397339965275],[113.14333330019167,37.19606389982914],[113.12204729974314,37.202308400012726],[113.11695080033928,37.19435890034305],[113.1071702998695,37.18832790011254],[113.10005930019656,37.1805459000733],[113.09755679990644,37.17244389966629],[113.10179130002848,37.16202140016753],[113.10977929967498,37.157214899747885],[113.13553630036006,37.14720889967106],[113.14243330005684,37.14121989957874],[113.12976829966738,37.129142900224736],[113.13239280018763,37.12234090041227],[113.13807679970455,37.11723689976316],[113.13863330018671,37.10555639980805],[113.12795229955907,37.100421899551066],[113.12277229990173,37.094528900288594],[113.12079629960965,37.0873603997627],[113.12181829997462,37.08418339984411],[113.13021829973479,37.070213400428145],[113.14782729969022,37.062022900436546],[113.15384680028967,37.05601140020599],[113.15647880025654,37.048747899795785],[113.1707308000864,37.0383908997203],[113.15799730013532,37.02195689999098],[113.17624679994992,37.01195139993723],[113.18620280041898,36.995269899586276],[113.19219979998081,36.98925340002444],[113.20187380003586,36.97233939974353],[113.20806879973543,36.946262399590125],[113.21713230041541,36.94427090038181],[113.21948229996826,36.93317390035526],[113.22283930009371,36.92868440016497],[113.2291563000233,36.92668140042633],[113.24669630039398,36.93212889982891],[113.27163680029821,36.95211040037475],[113.2823028002341,36.970943900140924],[113.28813180014254,36.977077399702296],[113.29799629998934,36.979343399878076],[113.30529030000741,36.976085399821386],[113.31179030028215,36.96388640023724],[113.32450880044087,36.94713989958677],[113.34194180037389,36.93293390007949],[113.35208130031185,36.921993400075394],[113.36305930024662,36.916511399981175],[113.36691279988588,36.90965640042259],[113.3658597998899,36.90282440012601],[113.36905679983147,36.886092900167284],[113.37062830035586,36.87945940003135],[113.38263630012523,36.86763389968479],[113.39222729995004,36.86252189956605],[113.41123180040734,36.858783899857144],[113.42276779999406,36.853241399670935],[113.44142929992233,36.839816900229835],[113.45509329961612,36.825736900237814],[113.46476679964815,36.82130039979364],[113.47178629959808,36.820137400120984],[113.48355880019858,36.812484899758374],[113.4887313004092,36.80687690014889],[113.49777980039755,36.78169239978445],[113.50720979999232,36.76455690008095],[113.51540380014535,36.75424889956713],[113.53713230031542,36.74420140027445],[113.56286620011508,36.75802609982469],[113.59369660021798,36.75283049962792],[113.64470900022025,36.79089100021952],[113.66799600031527,36.795017599682524],[113.67587319988831,36.804653599783876],[113.66577889987639,36.816572799595065],[113.68763279971404,36.827728299621356],[113.67401369957258,36.83406600014587],[113.6832394001782,36.864288599739155],[113.69618990024378,36.88489909961379],[113.70695280033158,36.89082820036123],[113.72079370026916,36.88325239957862],[113.73260739971181,36.88500190021756],[113.73289819999195,36.863827699888475],[113.74242580031046,36.852569099784205],[113.75076339971122,36.85406499970003],[113.75826190016664,36.865746600425325],[113.78764339982308,36.88178249996247],[113.77346460031117,36.934384900442865],[113.76094999984264,36.95693110019016],[113.7868521996694,36.99758340015387],[113.76691639997193,37.00729240002431],[113.76157209957285,37.01360360022602],[113.76148250011738,37.02595280008171],[113.77838299977566,37.04136910000403],[113.77950410003427,37.05626940041253],[113.77755720000482,37.05902370008374],[113.77160710008764,37.05840919962492],[113.76621699991472,37.05980579999772],[113.76317669964499,37.061997800358256],[113.7621334995614,37.06665780031727],[113.75499339962573,37.06928299961078],[113.7517088003209,37.075168399602035]]]}},{"type":"Feature","properties":{"shapeName":"Zhongyang County","shapeISO":"","shapeID":"62558664B98183572719237","shapeGroup":"CHN","shapeType":"ADM3"},"geometry":{"type":"Polygon","coordinates":[[[110.83085629957861,37.16170539998427],[110.83432779958832,37.15406740029033],[110.83645629971852,37.141319399670635],[110.83528130039178,37.134368900204606],[110.84306330043103,37.12671639984205],[110.88292679963217,37.11330390005497],[110.90022280044195,37.109104399748276],[110.95497129988564,37.10007489973691],[110.96822330036508,37.09979989964569],[110.98857129982571,37.10055939959665],[110.99581130005151,37.10366439979225],[111.00695030021626,37.10465989983459],[111.0350723002465,37.11313240024015],[111.04366279979843,37.11377690028377],[111.06107379961622,37.10771939973057],[111.0683213001879,37.10691839966444],[111.07483680027815,37.104244399559434],[111.08502179961641,37.075568900084704],[111.09647379982607,37.0607299001648],[111.10430929963451,37.067302900208745],[111.11212929962755,37.07042690038122],[111.13304880026197,37.07509239969454],[111.1606828002711,37.07065189996524],[111.1936262996141,37.06806190013663],[111.21111280021563,37.06474690014937],[111.22251129975672,37.06206140041337],[111.22969830023641,37.05803289989848],[111.23339079964575,37.05062490001916],[111.24378180038985,37.04996089997559],[111.26628130014194,37.06477389959582],[111.2704697999414,37.07047639996591],[111.27951029956074,37.076632899688605],[111.29900380008536,37.1057619002915],[111.31786330015126,37.119479899777616],[111.34326179959243,37.12614440044376],[111.34815230028846,37.130268399966724],[111.35067729981762,37.13520390003998],[111.35048680002586,37.14185340001444],[111.33833279981894,37.16747289975456],[111.33196330016625,37.17200490010612],[111.31894679975505,37.17692190022558],[111.31316380016932,37.18148040000051],[111.31424729977311,37.186347899635905],[111.31897730026225,37.19276439965739],[111.34996780037375,37.20633689962824],[111.35344679983001,37.20603490009063],[111.35411830021945,37.20468890007271],[111.37020129995011,37.20931640033166],[111.38462829975629,37.217082899656134],[111.39671330037856,37.22956439967737],[111.40434279968053,37.24390840015258],[111.40772229994423,37.26977140032989],[111.40656280043294,37.27821290020523],[111.39734629989186,37.30672440021095],[111.40112279957759,37.31469740006503],[111.4056702997446,37.31558989985405],[111.42719280030752,37.31287739977222],[111.43734730003791,37.32021690008992],[111.4546128003405,37.32488639958774],[111.46402730011988,37.32621739981323],[111.48786929972846,37.32336789970884],[111.49115730026926,37.32580939988395],[111.49317929998477,37.33002840019054],[111.49226380003438,37.335037400056024],[111.48693970020707,37.34327900042558],[111.4642337997501,37.352401900427424],[111.45980669991934,37.35846860014584],[111.45584879978236,37.35684590031809],[111.44336619989025,37.366550900004086],[111.43145730001447,37.36747340027728],[111.4276199000384,37.37539009987324],[111.41002019997234,37.378183000245315],[111.40810040011343,37.393690899715295],[111.39718219969882,37.39466670010819],[111.385923399945,37.39334969962897],[111.382202300296,37.390987400048516],[111.36058779998706,37.386569899581275],[111.35133380041464,37.390975900417516],[111.34075930020163,37.39348239999282],[111.3214568003911,37.38893489982581],[111.30057500023611,37.392623899973046],[111.29278900001242,37.397854900183575],[111.29332760038852,37.403164799715796],[111.29084030043958,37.40544889964707],[111.2798612995594,37.43777790032988],[111.27765990038415,37.459878000369486],[111.26561399958649,37.478729300416944],[111.24985710032496,37.473451799860754],[111.24423669996378,37.46804450015361],[111.22933109985041,37.4695531002954],[111.21456089986572,37.47407660025493],[111.21101530021599,37.46446360031496],[111.20471129998657,37.46043730044113],[111.19608009981681,37.461401600303645],[111.18881899969716,37.46417320023306],[111.18036629966508,37.46349340000046],[111.12634280037997,37.47910689966375],[111.10989279991287,37.4797911002791],[111.10709829964685,37.481744700257764],[111.1014990999036,37.48269150021264],[111.09749899997894,37.48266730035567],[111.09265370010826,37.479941000177064],[111.08786030011282,37.4681054004439],[111.08384680028968,37.46378339988405],[111.06569679966765,37.45144290006982],[111.05815880008862,37.44029240027413],[111.05580879963645,37.43305990039414],[111.05786880020503,37.42489239966454],[111.06217179988869,37.417518399554524],[111.07087730024728,37.40921040043969],[111.0834502999914,37.40314490041686],[111.0841292998274,37.39789640029869],[111.08251179987974,37.39253989969666],[111.07734680001488,37.388160900105504],[111.06337729972267,37.3858903997222],[111.06018830015,37.3822944002664],[111.06033329964214,37.37656040024234],[111.06662730030973,37.361705899607614],[111.06630679991895,37.354343400027915],[111.06027929984987,37.34624839994376],[111.04934680021472,37.33814989969818],[111.02494830012404,37.325042899610196],[111.01669329985594,37.31592189987583],[111.00418829965037,37.305904400168004],[110.99453729975664,37.30383339999145],[110.9786303000484,37.31592189987583],[110.97032930035698,37.31896589995637],[110.96412680031165,37.31705840012512],[110.95761180024442,37.31168739975374],[110.95458229993324,37.306030399683266],[110.9621887999732,37.27425390019738],[110.96256230011011,37.26554489967742],[110.95394880039686,37.24997340015233],[110.97512830043075,37.24043640011985],[110.98461930014065,37.229183400093916],[110.98220080012686,37.223098900094215],[110.97264880030195,37.21987889999127],[110.94975280025159,37.2217519000302],[110.94116229980034,37.22110339980213],[110.93740780022983,37.21747589979299],[110.9376983001365,37.20991139989127],[110.94127629966158,37.200671900088196],[110.96002980023513,37.185050900079034],[110.95979330012074,37.180679399934434],[110.95549779988363,37.17266089978074],[110.89356980030612,37.16205589995985],[110.88538379962273,37.16371890020713],[110.8768232996556,37.162833899864665],[110.85843679981849,37.15113439993269],[110.85115030014629,37.15238189990481],[110.84049229967997,37.159889399875965],[110.83085629957861,37.16170539998427]]]}},{"type":"Feature","properties":{"shapeName":"Zhangzi County","shapeISO":"","shapeID":"62558664B79284212101521","shapeGroup":"CHN","shapeType":"ADM3"},"geometry":{"type":"Polygon","coordinates":[[[112.98718790020155,36.21111520020639],[112.96586589989147,36.20535669995178],[112.95228040022039,36.20721420017526],[112.94590240017567,36.2099911996342],[112.93794230019705,36.22758490032294],[112.93805680008131,36.23676289998792],[112.93373130025941,36.244190399867136],[112.91829679985744,36.24599090015994],[112.91046880039494,36.24367540039947],[112.9055328002986,36.24007389979067],[112.89687409976,36.2381256004162],[112.89557629980641,36.23470689960379],[112.88863379981012,36.2317313999842],[112.88007329984293,36.23237239986639],[112.87399280002774,36.24065789974236],[112.8711698002461,36.25730889958612],[112.86759179982175,36.26086039968777],[112.85906230038495,36.26103989987155],[112.85715960023538,36.25623350017594],[112.85351859960372,36.255852899891465],[112.85190030015883,36.259821900360464],[112.8356398003366,36.25798039997551],[112.82864379967168,36.25018240009774],[112.8255462998219,36.243888900352545],[112.81919079991553,36.24047090011203],[112.80574779962137,36.248050899829195],[112.79024639955173,36.24505809995139],[112.7688239000031,36.24416300022233],[112.75800919986477,36.24206170008745],[112.74986940005283,36.239174000379876],[112.7398367000037,36.228770900156974],[112.73671569996964,36.229051500326534],[112.7208098001322,36.22089740039479],[112.71127380014582,36.218738899780476],[112.69606780038873,36.21065140004214],[112.67112729958524,36.20429590013572],[112.65296180004714,36.19357689955433],[112.64282230010917,36.19208139983681],[112.63392679998185,36.194064899575494],[112.62229130030335,36.19939789999313],[112.59322329981546,36.20159539970797],[112.580322300234,36.198619900088374],[112.5611417997543,36.18859840019604],[112.55935680017626,36.17190540021409],[112.55490880010109,36.162616899950024],[112.55844879967242,36.14728089959391],[112.5643002997191,36.132186899605756],[112.56417080004246,36.12319190028603],[112.5624008002568,36.11873990002641],[112.55870029957919,36.114692899557724],[112.54633330034164,36.107761400068625],[112.49182879955947,36.082557399704285],[112.48419930025761,36.06871389982666],[112.49281329999383,36.05706789966388],[112.49514030028467,36.051311400400834],[112.49410230008118,36.03778439983023],[112.49707779970072,36.032661400103564],[112.52058329997942,36.0300320000768],[112.52407460036261,36.0384369002428],[112.53377049980872,36.04089889956464],[112.5422020001223,36.04527990014731],[112.5517216000718,36.04333850037153],[112.569778799652,36.04564370019665],[112.58601430011993,36.05454989955825],[112.5962010999009,36.05151480006805],[112.61019580009611,36.0664175996925],[112.61745640019274,36.064472699755356],[112.62255090040378,36.05991880001267],[112.63007330034259,36.05701039971024],[112.63862410022216,36.049638299867695],[112.6470032995627,36.047733399976494],[112.65202329993542,36.04377740010699],[112.65692880042388,36.031104900270975],[112.67131780027637,36.01577740030683],[112.67479679973258,36.00855640005784],[112.6815032996376,36.005115399656006],[112.70818329971962,36.014743900310805],[112.71549230042933,36.01188289967615],[112.73310080036174,35.99448789969688],[112.74413280008866,35.991077399802236],[112.77265180044026,35.98562640023823],[112.79074080004796,35.977641899853836],[112.80343580002227,35.98085789977233],[112.81160730003694,35.98566790035335],[112.82290630038551,35.987281900139635],[112.83251179997967,35.985458399685456],[112.84438329974955,35.97929389959387],[112.86753079970674,35.976333399766645],[112.87233730012633,35.966270399759196],[112.87290930042388,35.95711890041696],[112.86615730021924,35.941787900291445],[112.86615730021924,35.93652340033469],[112.87011730027325,35.93012240012871],[112.87435130037227,35.927150399771165],[112.88421630024209,35.92440790010454],[112.90425880000373,35.922813400318205],[112.92485830027044,35.923045900248155],[112.93727129983063,35.92419039996702],[112.96125779980764,35.929904899991186],[112.95871729956377,35.93333790002413],[112.95871729956377,35.94065840036495],[112.98130779991504,35.9703939001584],[112.98442079958033,35.98206339960626],[112.9837873000439,36.00000739972177],[112.98076630012474,36.00468040028028],[112.9620972998506,36.021041900263526],[112.96051030041008,36.03158940013077],[112.97608179993517,36.054347900135554],[112.97019980028062,36.062770900057046],[112.96991779986661,36.0706519001651],[112.97080979963266,36.078651400341926],[112.9804763002411,36.080489899689155],[112.98219280025762,36.086330400127906],[112.97577680025915,36.09896490001017],[112.97604379998143,36.10263840034196],[112.97928630022261,36.10740689990854],[112.99318680003091,36.116687899826786],[112.99955729972964,36.12508789958696],[113.00050330018723,36.13539139989325],[112.99804680021975,36.1439473996528],[112.99191279973593,36.15447590044249],[112.99276729957126,36.16709889979444],[112.99624889986694,36.194038199603256],[112.99927060035793,36.20171270008109],[112.98718790020155,36.21111520020639]]]}},{"type":"Feature","properties":{"shapeName":"Yushe County","shapeISO":"","shapeID":"62558664B76514261965245","shapeGroup":"CHN","shapeType":"ADM3"},"geometry":{"type":"Polygon","coordinates":[[[113.03688160000593,37.39443920040884],[113.03234329990346,37.39157590020767],[113.01579170032676,37.37068099962846],[113.00991860036322,37.36877149970502],[113.00284409967549,37.36993839973741],[112.98962950020132,37.36781670028057],[112.98882859996002,37.36325499981842],[112.98522469995999,37.36166359999521],[112.98148720027416,37.36346720025114],[112.97721580006919,37.362194100177646],[112.97094219962287,37.36410369992586],[112.96720479976182,37.36261840031898],[112.95692679973206,37.35349400024796],[112.95505810025122,37.35508549989595],[112.95292240014874,37.35158410012616],[112.94638179998014,37.34850689977367],[112.94624839994378,37.341078700221885],[112.94090909977524,37.339911399991195],[112.93743859981157,37.34097260000556],[112.93410159970915,37.3395930004167],[112.92622630040353,37.34256440002707],[112.92222189992083,37.341609300229095],[112.91901829985477,37.3395930004167],[112.91821739961335,37.337152100089384],[112.91514740013247,37.33651530004113],[112.90994169964983,37.34267050024346],[112.90593720024162,37.34330730029171],[112.90179929989779,37.34649079961076],[112.89352359993427,37.34712740000958],[112.89018650000708,37.34436839958204],[112.88965260038731,37.341821599587206],[112.8765714998749,37.3341804999302],[112.875904100394,37.331633299737064],[112.88030899956073,37.325052599697756],[112.8805759003576,37.31284490007215],[112.87323449977237,37.31231410041545],[112.86335700022539,37.30148469995896],[112.85708339977919,37.2912908998552],[112.85815119991798,37.287574099864855],[112.855748599918,37.28576870006549],[112.8505427996106,37.28502529977783],[112.84693889961056,37.280564700200785],[112.84346839964701,37.279396399923996],[112.83999789968334,37.28258259990713],[112.84039830034135,37.28651210035321],[112.83225600041419,37.290547600291575],[112.82678330020917,37.295538500401506],[112.82691680007031,37.30010439979827],[112.82491459982896,37.30148469995896],[112.81877450014315,37.29861789959642],[112.81810709976287,37.29500760002077],[112.81477009966045,37.293627100210585],[112.8040916000474,37.292034300142916],[112.7994198000838,37.29468899989746],[112.7907435996375,37.2869368996183],[112.78713959981269,37.287574099864855],[112.7867391002294,37.29107849977299],[112.77846340026576,37.28470669965452],[112.77339109981949,37.28460049961342],[112.76911969961452,37.28778649994706],[112.76538229975336,37.28651210035321],[112.7629795999286,37.28141440035432],[112.75857479968727,37.27875919967738],[112.74989850031557,37.27812189960605],[112.74762940017672,37.276422500198294],[112.7453602002131,37.271005399679495],[112.7369508996643,37.27004939966014],[112.71332490012412,37.279290199882894],[112.7063839001969,37.2785466997704],[112.70291340023334,37.279608800006145],[112.69970989999194,37.27790950042316],[112.69917589964814,37.275891400168064],[112.70344729985311,37.27482929993232],[112.70091119999199,37.27089919963839],[112.70131159975062,37.26686269965393],[112.6941036999259,37.271005399679495],[112.68716269999868,37.2687746996927],[112.68342520031285,37.27079299959729],[112.66994370004181,37.26420699985323],[112.66714059955905,37.266756499612825],[112.65793050039235,37.26824359966247],[112.65085599970473,37.26569419972759],[112.65005510036269,37.264419399935434],[112.65405949994602,37.26165740026886],[112.65459339956578,37.25889520005347],[112.6608670000121,37.25453940027313],[112.66113399973437,37.24986450034646],[112.6674076001807,37.24550799999423],[112.66860890018063,37.23158709996477],[112.67034409980045,37.229249000241225],[112.66767450007819,37.22180899978554],[112.66940980042205,37.220108299958156],[112.6727467996252,37.220214599823976],[112.67488249972769,37.21606910020887],[112.67408160038565,37.21341159996541],[112.66245539969702,37.20639529980332],[112.66258889955816,37.201504800006546],[112.66779460004079,37.201504800006546],[112.67326730024581,37.19448739997358],[112.67673780020937,37.180238000083705],[112.67086460042106,37.17343130041422],[112.67179899962423,37.170772300101646],[112.68194349979274,37.16300739977174],[112.67967439965389,37.16024170029431],[112.68140960017297,37.14907130030031],[112.67059769962418,37.143113000364735],[112.66806159976306,37.13970809964911],[112.66165450035498,37.13938889967801],[112.65311169994504,37.12778970023453],[112.64577030025919,37.127683299644616],[112.64109850029558,37.124703399642215],[112.63776150019316,37.125767599794926],[112.63522540033205,37.123958400359925],[112.6344297997955,37.12025440042032],[112.6409221998997,37.118890600121176],[112.64798830002007,37.11131470041312],[112.65253110033007,37.11119720039056],[112.65645940018123,37.10876290018774],[112.65855889987336,37.104713100129516],[112.66791789979129,37.09854989955829],[112.67802830036578,37.09855479996412],[112.68762910010298,37.09208659971688],[112.7006915999375,37.09358549977105],[112.7053525001179,37.092094500261055],[112.70939140039286,37.0863378004492],[112.71623359990076,37.08170270001966],[112.72855380021781,37.07848339958929],[112.72340680028367,37.072967700099355],[112.73224850026816,37.0684001000846],[112.73241609972331,37.04442199977552],[112.73926350001057,37.04479769965417],[112.74669629959465,37.048373899635806],[112.75254829966434,37.04898439991018],[112.75630180008807,37.04701239980244],[112.7612687998153,37.037540400069474],[112.77226229956557,37.02981189979937],[112.77615330003482,37.014892399764506],[112.78119679969257,37.01002440010603],[112.78794879989721,37.006854899633936],[112.81456729984109,37.00943389985463],[112.82261679962562,37.00729390009349],[112.82673629984038,37.005977399637345],[112.83667729961769,36.993030399733186],[112.84221629964259,36.98950189979291],[112.84703080043118,36.98696889989486],[112.86480730001699,36.9843634002508],[112.87077329994793,36.97779490041438],[112.87335180014554,36.9699208997298],[112.8657532995752,36.947536399884996],[112.87564829992914,36.93643190041195],[112.87632729976508,36.93128190033946],[112.87551129990663,36.915878399568555],[112.86939979956117,36.90560139958495],[112.86853079995649,36.899673399607764],[112.87169630024414,36.89382989992998],[112.88495630019315,36.88610089963686],[112.89137280021464,36.874862400279596],[112.90704329980849,36.87175740008399],[112.9223707997727,36.87422939986698],[112.94595330000482,36.89162439984625],[112.95291129981672,36.899741900068705],[112.96161630015217,36.90607439981375],[113.00234229955754,36.93014139990572],[113.01315279986193,36.92725740000907],[113.0336302998985,36.925521900015724],[113.04026029987301,36.92742939984697],[113.06108080043862,36.9279669003522],[113.06939729994554,36.925777400106995],[113.0765993002176,36.91999789978331],[113.08296180044681,36.91823190018209],[113.13652780021789,36.919982899990885],[113.14385980018972,36.92088690031028],[113.15032979998034,36.925578899946345],[113.1550903000774,36.9380608999906],[113.16095729993947,36.94072739974973],[113.17312629993887,36.94115839984033],[113.18498229989325,36.92798590032908],[113.19730379973066,36.92562840043041],[113.20449829965685,36.92747089996209],[113.20806879973543,36.946262399590125],[113.20187380003586,36.97233939974353],[113.19219979998081,36.98925340002444],[113.18620280041898,36.995269899586276],[113.17624679994992,37.01195139993723],[113.15799730013532,37.02195689999098],[113.1707308000864,37.0383908997203],[113.15647880025654,37.048747899795785],[113.15384680028967,37.05601140020599],[113.14782729969022,37.062022900436546],[113.13021829973479,37.070213400428145],[113.12181829997462,37.08418339984411],[113.12079629960965,37.0873603997627],[113.12277229990173,37.094528900288594],[113.12795229955907,37.100421899551066],[113.13863330018671,37.10555639980805],[113.13807679970455,37.11723689976316],[113.13239280018763,37.12234090041227],[113.12976829966738,37.129142900224736],[113.14243330005684,37.14121989957874],[113.13553630036006,37.14720889967106],[113.10977929967498,37.157214899747885],[113.10179130002848,37.16202140016753],[113.09755679990644,37.17244389966629],[113.10005930019656,37.1805459000733],[113.1071702998695,37.18832790011254],[113.11695080033928,37.19435890034305],[113.12204729974314,37.202308400012726],[113.11739330006083,37.20973589989194],[113.11750029959921,37.21341340040817],[113.13411729967368,37.22698190019457],[113.13764180032888,37.250255399667026],[113.13516230020002,37.260272900274174],[113.11351780030634,37.292194400151516],[113.11952230021404,37.29925540021662],[113.12709030027725,37.30360790038435],[113.13538379962267,37.311198899709495],[113.13362879962949,37.32398989961422],[113.12406930035797,37.33746739970081],[113.11559279976791,37.34615690022082],[113.10764330009829,37.349818900022285],[113.08680729971718,37.35148639957771],[113.07946780029886,37.354472899704604],[113.07103730003143,37.3620149003674],[113.07153330042149,37.37602239971403],[113.07472980034004,37.38139740026986],[113.06958030029068,37.392707900249434],[113.06266030043253,37.39868990001895],[113.05903939964867,37.39868100032794],[113.05743760006521,37.40080169973868],[113.0508970997214,37.400589699854834],[113.04489049989672,37.395499699851314],[113.03688160000593,37.39443920040884]]]}},{"type":"Feature","properties":{"shapeName":"Yuanqu County","shapeISO":"","shapeID":"62558664B34821707611125","shapeGroup":"CHN","shapeType":"ADM3"},"geometry":{"type":"Polygon","coordinates":[[[111.62622830039578,35.36103439961789],[111.6041182997198,35.34180090029139],[111.59976180026695,35.3335149003924],[111.60296629965507,35.290973400002486],[111.59664130025584,35.28380939968412],[111.57968879999817,35.275840900037565],[111.57111380026174,35.26934039973969],[111.54805730000447,35.24161540003075],[111.54110779968528,35.23879240024911],[111.52175130008249,35.24132089993964],[111.50762179960645,35.23268890027259],[111.50353980022169,35.226234400297415],[111.50039680007234,35.21314990034767],[111.50218179965037,35.20721790018598],[111.50675179995568,35.20177840025303],[111.51024630012671,35.19403440016748],[111.5144808002488,35.19133439976281],[111.54062629996383,35.18361639997693],[111.54855330039453,35.17775739958438],[111.55725080038417,35.15930939960913],[111.57074730044764,35.154422899996916],[111.58730330040703,35.151168900124674],[111.59184280020514,35.14709490020954],[111.59584829965934,35.14096039970275],[111.59938830012999,35.12932189988584],[111.58344329956867,35.113353900062464],[111.58326730044564,35.10625440002059],[111.61562329967558,35.05692340039468],[111.62097179990872,35.05423339955178],[111.64414980037304,35.05401989959876],[111.64727080040717,35.05107489958698],[111.65868379971766,35.016853399764614],[111.67066179990218,34.99980539959955],[111.67428209993903,34.989060600166624],[111.6789088996261,34.989432500409634],[111.68532860033469,34.99376360030993],[111.69011180021948,35.00036290012781],[111.70030770024022,35.00005359989376],[111.7055944997864,35.00469350000509],[111.73316110010472,35.00500280023908],[111.73605620033345,35.00716790007857],[111.73467159961467,35.01129189960153],[111.74373460027164,35.01727130033032],[111.76097949980414,35.01603420011827],[111.76890960019796,35.020054600439494],[111.77180470042663,35.029641000232004],[111.79218290002086,35.0282021002468],[111.79685389958786,35.03005329982],[111.80339940016222,35.03582519997303],[111.80604279993531,35.04592500023864],[111.80427569956396,35.06396129957437],[111.81145540024659,35.06921169996002],[111.85009899966917,35.074774700192336],[111.86998729987403,35.07034489969743],[111.8886168001253,35.079822399684076],[111.90804290005985,35.07386399992373],[111.92613630005025,35.084179200409835],[111.94979210042516,35.08198560015535],[111.96036559969275,35.07817419957968],[111.96784229968245,35.070453400204315],[111.99598820009544,35.06673899960521],[112.00253369977054,35.067254199621686],[112.0079463000817,35.071478100334105],[112.01461770034666,35.06776929981339],[112.01534619976735,35.06320579980786],[112.02899290010237,35.05428459975451],[112.02965509970318,35.04251860035316],[112.05079649995855,35.050643900395755],[112.05539699987173,35.064643900295835],[112.0484694996677,35.0865707000778],[112.0607528997266,35.16861720022365],[112.03929900034859,35.18677520031531],[112.07186129955937,35.229129800000294],[112.05230710019259,35.27866749980535],[112.04885029960167,35.285095399633065],[112.05117779991565,35.30342090025442],[112.04959879994476,35.320117900420826],[112.04350280031406,35.33953089993116],[112.03897880033139,35.343387399708774],[112.029716300367,35.344695399772945],[112.02098080042367,35.34966639968462],[112.01641080011836,35.35741790011605],[112.01690679960916,35.36360140018451],[112.02321580006912,35.37486239968007],[112.02616130010392,35.388389400250674],[112.0264208003797,35.39044939991993],[112.01934829978427,35.396346900289245],[112.01061229981781,35.399944399814274],[111.99627679973457,35.40235889964356],[111.98809029992748,35.408244900381874],[111.9781728003345,35.41709890039397],[111.96790329979751,35.43189640019875],[111.96829980009574,35.42279789970337],[111.96202829956644,35.41484089968782],[111.94326779956936,35.39415740004404],[111.93566879987526,35.39170440023793],[111.92726880011509,35.39245990000444],[111.9011613003538,35.38877840020308],[111.8857422997674,35.38844290001987],[111.85720779960036,35.3930168996103],[111.85334779966126,35.39854039981964],[111.82128130029184,35.40457890039596],[111.80354329978354,35.40991590009878],[111.79483780032427,35.4109803997257],[111.78672030010182,35.409992400029296],[111.78282180018601,35.40766539973845],[111.77787030027417,35.40075290022622],[111.76444229977238,35.37865440008056],[111.75250230044088,35.37030389990508],[111.74160779986016,35.36791240023712],[111.73206330038107,35.36965190041491],[111.71813180004261,35.382331899697476],[111.70908330005432,35.38796589960663],[111.7029038001703,35.38836289992793],[111.67353830035233,35.383491400108085],[111.66014879982731,35.37923389982467],[111.64321879970788,35.368076399706126],[111.62622830039578,35.36103439961789]]]}},{"type":"Feature","properties":{"shapeName":"Yuanping City","shapeISO":"","shapeID":"62558664B86831130508671","shapeGroup":"CHN","shapeType":"ADM3"},"geometry":{"type":"Polygon","coordinates":[[[112.62686129970928,39.08473589974204],[112.58085629967854,39.05163590037654],[112.57103730013137,39.047633900184394],[112.56333930036851,39.04829390004352],[112.55092629990884,39.05406189983688],[112.5470733002926,39.05438989967416],[112.51495380027768,39.038154400105554],[112.50366979972159,39.034099400167236],[112.48690029980901,39.02296840037144],[112.47878279958661,39.01535039980115],[112.47132129993815,39.00660690038819],[112.47167980028257,39.00019889985941],[112.45657329971812,38.99118439964036],[112.44846329984148,38.98860939960417],[112.43515030014635,38.98951740010796],[112.41912080018483,38.99652490040387],[112.4066773001174,38.99242039998154],[112.39219679964265,38.99305340039416],[112.38553630006027,38.98593540039849],[112.37389380005891,38.97841239971251],[112.36382279968257,38.974384400120016],[112.34377329959818,38.984447400127465],[112.33989729982056,38.980182400397496],[112.33778380038211,38.971160899855704],[112.3337783000286,38.96390589983747],[112.31841280011065,38.949591899846325],[112.315681300052,38.94100589960266],[112.31498730042358,38.93777089970729],[112.32784279970554,38.91965489975388],[112.32425679981156,38.915397400369784],[112.31227130018044,38.90900040034825],[112.30008680036565,38.89594640000638],[112.2872617997923,38.87392039960679],[112.27909830014653,38.86765690034571],[112.27922829984618,38.86054989995796],[112.29147329975308,38.85273740031084],[112.29622630040353,38.84671789971134],[112.29620380026518,38.822402899873964],[112.29469279983289,38.81317140043984],[112.28811629962763,38.80008689959078],[112.28724679999993,38.78973389969974],[112.29282379997846,38.77020989956725],[112.30458079986408,38.75022139959799],[112.30800629955115,38.73199439992169],[112.3113632996766,38.72500240034054],[112.32570630010571,38.71565640012284],[112.33409130007351,38.71297839983333],[112.34382630024368,38.712180899928626],[112.35623180035736,38.71606440005206],[112.36241130024132,38.72087489975689],[112.38066880042481,38.745380400285285],[112.3862912998037,38.74970990029169],[112.39630130006503,38.74937840029298],[112.40070329981745,38.73921190000925],[112.41497030033918,38.7312313998093],[112.41882329995542,38.730678400387944],[112.41960129986012,38.737586399692646],[112.4260023000661,38.74377439996863],[112.43401329987398,38.74245090008901],[112.44725029966162,38.736953900202366],[112.45414730025777,38.72916789997868],[112.46843730004139,38.72071839973444],[112.47006230033492,38.718025399652504],[112.46987929998977,38.710906899633756],[112.46325680036114,38.68774039969975],[112.46643080014132,38.678443899966055],[112.47411330008879,38.67756639996941],[112.49931330026868,38.65229039988208],[112.50533279996876,38.64424490028199],[112.52890030040862,38.631980900398275],[112.55029280037252,38.606109399828995],[112.56049330042549,38.60187140044485],[112.57965129986769,38.59999840040592],[112.60163880029052,38.594550900104025],[112.61611180041928,38.58724190029352],[112.63800830024297,38.5888939000335],[112.66935729979957,38.60530839976292],[112.67778029972112,38.606963899664265],[112.6986312998946,38.606276900358694],[112.71740729970713,38.6169853995566],[112.72749329987596,38.62052890018862],[112.73896029987804,38.62157439983872],[112.74989330043547,38.629515900038825],[112.79147329965315,38.63636790035838],[112.81959460001087,38.643623299675596],[112.83234220043232,38.643288900262576],[112.83364439986917,38.63939000014847],[112.85349279985292,38.63352939986197],[112.86244599958331,38.63269809983751],[112.87086560006742,38.635914699603745],[112.87444669955562,38.640322300333935],[112.87976399960894,38.642780300370646],[112.89095820016087,38.642085500345615],[112.8963700999002,38.644733099952646],[112.90772229964443,38.63982389965332],[112.91605849970006,38.62967759994132],[112.92478180033993,38.62728140041634],[112.93157979996784,38.62038439982024],[112.94143680036814,38.61678690029527],[112.95761880016755,38.61568439981528],[112.9638843004202,38.61666060040642],[112.9685667996182,38.613494899570014],[112.97852330011028,38.614028899913876],[113.0016632997216,38.6202394003281],[113.00776679969806,38.627307899839764],[113.00847630004125,38.636501400219515],[113.01795270015702,38.63983800012363],[113.02316449984187,38.63970670000424],[113.02888240020263,38.63509139994818],[113.03145549997146,38.63665469955481],[113.03410220025637,38.632395100253746],[113.04470210002194,38.63211369968752],[113.03873290030322,38.646014900067655],[113.04389749996972,38.651550300106294],[113.07309690040165,38.662584799948604],[113.07807129975072,38.662131199894986],[113.08405440029037,38.65887800041946],[113.08571629976745,38.66061820026977],[113.08289329998581,38.66854839958904],[113.07830030041862,38.67253890015019],[113.0650713001005,38.679027399894665],[113.05909729980056,38.68733189974745],[113.05526730034569,38.70556239958512],[113.04277779995562,38.72100839961797],[113.0407333001018,38.72690940014877],[113.04062629966404,38.74089440025642],[113.02999879970491,38.75410439969835],[113.01554879973742,38.76720040017835],[113.00224280036502,38.77482240003377],[112.97814929995025,38.780738900380015],[112.96401230002766,38.78145189998526],[112.95886229995529,38.784503900434686],[112.95594779955138,38.78992090022939],[112.95570379999049,38.79495590039454],[112.96089930036248,38.80245590001982],[112.98224630002676,38.81067639959622],[113.00872779994802,38.816066899967495],[113.01209329956623,38.8193778997703],[113.01402280041202,38.82814740038225],[113.0114517996609,38.83839389985866],[113.0116727999598,38.84596640012933],[112.9922032996426,38.85294339991805],[112.98355880029851,38.86116390039376],[112.96797180005854,38.88453689995799],[112.95715330028463,38.9186018997579],[112.95024880024198,38.93283439958793],[112.94114679958523,38.93806089959088],[112.93343330000687,38.93919739984017],[112.92617779996556,38.93713740017091],[112.91882379987851,38.936908900425465],[112.91046130004906,38.93917439967885],[112.90367880023655,38.94515590032461],[112.89646130014899,38.959605900292104],[112.87365729984458,38.96760939975405],[112.86332680009184,38.973705400284075],[112.83451080043312,38.98403139982929],[112.80702229993926,38.996913900356276],[112.80139929963798,39.00292589971053],[112.78652179974131,39.03363789956944],[112.7698667997131,39.05855540021162],[112.74516279992338,39.07403940019822],[112.7355877999371,39.07625189970548],[112.72464729993305,39.082317399728254],[112.71938329999932,39.08695989977963],[112.71795629984342,39.09127039980916],[112.72183229962104,39.09621440027439],[112.76450329968759,39.11548240029259],[112.76580030014384,39.11873239998033],[112.75946030005287,39.127013899671795],[112.73470279959463,39.14566439999214],[112.72598280036595,39.13698940014075],[112.7178118003743,39.131954399975655],[112.69416029965817,39.12254689961975],[112.68688979982448,39.12158590026911],[112.66982279968249,39.124511900304014],[112.6628493000552,39.12352389970823],[112.65701229977788,39.12012490034391],[112.65261830039435,39.11451739985819],[112.64605730000449,39.09224689987457],[112.64350129994511,39.089011899979255],[112.6318658002665,39.08451440031939],[112.62686129970928,39.08473589974204]]]}},{"type":"Feature","properties":{"shapeName":"Youyu County","shapeISO":"","shapeID":"62558664B16857230624561","shapeGroup":"CHN","shapeType":"ADM3"},"geometry":{"type":"Polygon","coordinates":[[[112.61828539975147,40.23808100043789],[112.60803010040888,40.240556200008655],[112.60099470044509,40.23981910037122],[112.58787860011739,40.24349989960075],[112.5720302002336,40.25118489966343],[112.51845460019968,40.26223209973165],[112.49535290001643,40.27309979961609],[112.49253800042845,40.27807450023806],[112.48903699995765,40.28022830009604],[112.47379629985937,40.28337500005625],[112.47117469965269,40.2849996999762],[112.46728990000895,40.29266379979458],[112.45619470042516,40.29870340024178],[112.43171639989203,40.295659800359545],[112.42523159995847,40.29623050023747],[112.41561130022137,40.2933497001286],[112.40534960040384,40.294300899566906],[112.38718080035369,40.27614939977502],[112.3851904999417,40.27216319977191],[112.36205289972156,40.266506300425476],[112.35856980025619,40.25891230006266],[112.35369349985524,40.255418700112955],[112.34181620035747,40.25276009999868],[112.32670619963142,40.25310769966069],[112.32269360002965,40.25627090038182],[112.31835139979728,40.25711849971901],[112.30380270013461,40.25492540038698],[112.30379130032827,40.247263199936754],[112.29598599975418,40.23641269958648],[112.29412770003341,40.23095459987496],[112.28326439963234,40.22220250024526],[112.28961869984323,40.21782900000841],[112.29286420022277,40.21102690037122],[112.2810348004158,40.199819399745536],[112.2674052996149,40.19170400033937],[112.26585620030346,40.18809750039935],[112.25265270026193,40.18416120017929],[112.22721539957115,40.16926830029189],[112.22639850039059,40.16262850040505],[112.22270659992967,40.15545069998984],[112.21883839997224,40.155164899940246],[112.22167960023341,40.14812530014257],[112.21954140001571,40.143007299747126],[112.22319049994167,40.14169149986287],[112.22145199981003,40.13970459978748],[112.22559529968339,40.132160500107034],[112.21591089986816,40.12697319975342],[112.20858440015002,40.11413389995954],[112.20342770012837,40.11032439965135],[112.20360730013681,40.10680449992776],[112.19341569977473,40.09914119960672],[112.19420079982706,40.09473240008026],[112.18988679963616,40.09358359980337],[112.17664500016667,40.08337959958891],[112.17616889997487,40.07599230030445],[112.17271630011726,40.071355000133224],[112.17473679976354,40.0709255001118],[112.1757694004375,40.06271309982975],[112.17475920007712,40.06011859979361],[112.16903449994231,40.05628679989593],[112.17026580042636,40.05341750031744],[112.1682955000374,40.04973320002722],[112.15971690031472,40.05013600007641],[112.15654599959828,40.04281549973558],[112.13641340035815,40.02726460008125],[112.13305769975307,40.01739579967648],[112.12803350044578,40.01253800012864],[112.12576869996565,40.00546610028033],[112.12640359974637,39.99846189959703],[112.12145080031428,39.99106769981455],[112.11535579983035,39.98853999962131],[112.11235499958366,39.983825499847],[112.11230709989286,39.97880720009226],[112.10968429999048,39.97634229955753],[112.1214493002451,39.96751429984511],[112.12569260023338,39.957678400238024],[112.13657139955046,39.95324780024583],[112.15741760004232,39.95027989989751],[112.16167339970764,39.94769690039169],[112.16056000034382,39.93671350002808],[112.14972280006725,39.921982200218395],[112.14983679992838,39.91534080043766],[112.15249230007964,39.91107979999282],[112.17478039979562,39.905004699707206],[112.18227239995133,39.88533250029468],[112.1925148003179,39.87302350013448],[112.20338679986094,39.866081099962855],[112.22493589967212,39.86103720010675],[112.22517239978652,39.85256130026386],[112.21967909971079,39.8423094003586],[112.22447759976149,39.83698049995019],[112.23772259991813,39.83998249989253],[112.24736660038832,39.838270000060504],[112.25521840040892,39.83311499975747],[112.26560759981089,39.81788520034178],[112.30181639990701,39.82346669962851],[112.311055399687,39.818751699831125],[112.31409240034407,39.81290029960917],[112.31369540002277,39.80944790030043],[112.31110729956231,39.800978700406745],[112.30606429992758,39.795527799768195],[112.30507230004662,39.787238400431875],[112.30637160006938,39.78480279980943],[112.32151609968832,39.77571240040703],[112.33751200007885,39.75538990032368],[112.34656750038994,39.748374500382965],[112.35314449971895,39.747920500131045],[112.36778960040976,39.74316350019541],[112.36872010015259,39.73746059962701],[112.36582859991006,39.730941700099436],[112.37011659980135,39.72375869980419],[112.37685310019049,39.720783300009316],[112.38973909997958,39.724445199986064],[112.39732340025478,39.704221299773224],[112.40458639974258,39.69691239978749],[112.41185789962242,39.69464639961171],[112.42090650033481,39.69595200028465],[112.43441559990003,39.69424580020359],[112.44294729997796,39.691707399876634],[112.43465589965012,39.704992699553486],[112.43754370008173,39.71002299986162],[112.44369149976296,39.71352419998192],[112.44542260027288,39.717600500362835],[112.46133560025783,39.71799299957735],[112.47161830014454,39.7227460002278],[112.4796373003212,39.72139740026984],[112.48957830009851,39.724716400441594],[112.49616229975038,39.73457339994252],[112.50847630014118,39.73773940025319],[112.5256727999598,39.73947140008511],[112.53053280014865,39.73757539988486],[112.53930680006886,39.729846899614756],[112.55255879964898,39.72731389971676],[112.5646973000404,39.728408899850876],[112.58598329958966,39.72591389990663],[112.5979382996129,39.71989440020644],[112.61038229970347,39.7102204001514],[112.61396030012781,39.710109899552265],[112.62019329978102,39.71582040029131],[112.62336729956132,39.72830190031249],[112.63108080003894,39.734287400243375],[112.64179979972107,39.73968139987676],[112.63775630031307,39.742759899749615],[112.6331713002154,39.75040039955883],[112.61450179991823,39.75941489977788],[112.61290730013184,39.77196890044445],[112.61608880025801,39.800498900403966],[112.61386130005906,39.808444899912274],[112.59351329969911,39.815105400393975],[112.58863829971779,39.82227690015884],[112.58464830007904,39.83497989960273],[112.59339879981485,39.85452639987352],[112.59736630021462,39.87964239977697],[112.59005730040417,39.91950990006188],[112.61087780007051,39.947704399838244],[112.61753779962976,39.97290790017951],[112.62111680010025,39.97852690029629],[112.62589280001282,40.0000073998217],[112.63247679966469,40.01156590044599],[112.63745880008366,40.0261533995598],[112.63607029990453,40.033477900085074],[112.62889920033786,40.038326200094104],[112.62542840000071,40.05283710035195],[112.6167464996513,40.055145099766605],[112.61092330037013,40.07043430030279],[112.6056375997955,40.0734583003603],[112.60375510021777,40.078155999899536],[112.60456240003475,40.0827886002138],[112.61532620034393,40.087420900154484],[112.61317339963273,40.09040600003692],[112.6038433003281,40.094734400172456],[112.59958510037211,40.093030999680934],[112.58384560029424,40.09856150021312],[112.57749509971916,40.109410399770184],[112.58842019973247,40.11321429999998],[112.58263129969475,40.12251339967372],[112.57610920037939,40.123590200227625],[112.57428929991136,40.12878900021224],[112.57765299998607,40.13290390039475],[112.57066880022501,40.13973899975508],[112.57419620029452,40.14454230038689],[112.5786295998762,40.14663019972397],[112.57410180025795,40.14840430041818],[112.57361659982632,40.154297100031215],[112.58323679973853,40.16047290010431],[112.61553179975283,40.16275790025696],[112.62069679961769,40.16911690032475],[112.61990329989749,40.176433399581754],[112.61550879959145,40.18241140006609],[112.60101330022371,40.19302740039427],[112.59665679987143,40.201972900129306],[112.59735879986874,40.209510899708334],[112.6031492998004,40.217468399746906],[112.61036729991099,40.22084439984923],[112.61801709960957,40.21987459973303],[112.61828539975147,40.23808100043789]]]}},{"type":"Feature","properties":{"shapeName":"Yongji City","shapeISO":"","shapeID":"62558664B42266111814678","shapeGroup":"CHN","shapeType":"ADM3"},"geometry":{"type":"Polygon","coordinates":[[[110.27239229976487,34.9682732000482],[110.27129709998127,34.956046000422646],[110.26389720029562,34.94501189987932],[110.25650890006574,34.944122300403876],[110.221445999933,34.903682299798334],[110.2410500999822,34.87499360007462],[110.23707369989143,34.854880300285686],[110.24115970035996,34.768820300316634],[110.2339412002263,34.72147319972845],[110.23837990041216,34.691193100181465],[110.23701510006686,34.67269869968527],[110.27442689988158,34.67678210021381],[110.27834689988958,34.6819405997789],[110.2797112002118,34.69136130038373],[110.2822134001284,34.694419099661786],[110.28259710037594,34.69826149986835],[110.27921690043968,34.700856300278076],[110.27950690032327,34.70363770011983],[110.28347000034029,34.708802799809405],[110.28588650026182,34.70840550001384],[110.2893663001147,34.71102770006837],[110.29180370028058,34.71760869958189],[110.29690589958767,34.72262779973323],[110.2961326004392,34.72874509980659],[110.29864579996377,34.73486189985687],[110.3064977996338,34.735298500025806],[110.30753860032621,34.73637109984645],[110.30492880012406,34.74097819988407],[110.31324159982006,34.73843640011984],[110.31285500015821,34.74042220032436],[110.30850519975525,34.74367880013659],[110.3147671000217,34.751349500079414],[110.32000790014456,34.75130349975677],[110.3235843996004,34.746141000007185],[110.32822410006224,34.74399650003852],[110.32949239955468,34.74580549982403],[110.34540810020371,34.75291550035013],[110.34658670041597,34.755428600049925],[110.35838239992785,34.760436300394986],[110.37645799963701,34.76186569994218],[110.38187269986526,34.76507259962085],[110.39860290030367,34.765452500232755],[110.40550469968218,34.76342829987618],[110.41667499985141,34.7694135003328],[110.42968530033642,34.781210899563405],[110.43790629993583,34.78098280001626],[110.44151100033247,34.77822250006835],[110.44702070044502,34.77679339999548],[110.45001720013374,34.779731000385425],[110.45320700010302,34.779016399986915],[110.45890999959687,34.780763100136994],[110.46277640001091,34.77957219989713],[110.4683827997265,34.78258899998241],[110.47276829961737,34.78035329976501],[110.47780090039129,34.78089249998891],[110.48001189982938,34.79139289966264],[110.48475130003254,34.79277519991558],[110.48625399972235,34.79785509963318],[110.49216029995796,34.803601200035416],[110.49809430021185,34.80468809997586],[110.50134029971514,34.8079205997559],[110.51596049997715,34.80177010030991],[110.52079440004161,34.80466280024808],[110.52561109967257,34.80536549991791],[110.53244340034269,34.80371429967522],[110.53785420021126,34.80690430019337],[110.54314199980348,34.80572340041465],[110.55292539968752,34.79597100016156],[110.56167240016117,34.795225099758625],[110.57192249962372,34.79071649976669],[110.58498500035756,34.79159759974948],[110.59097460029761,34.79724889991684],[110.60151459981898,34.792048099839974],[110.60590740040624,34.79367389963079],[110.62190830012798,34.79303949987309],[110.63769999955542,34.78428850011426],[110.64972359986433,34.782195099624175],[110.65793919993416,34.78434180023396],[110.65925769958324,34.78954070004335],[110.66719070029063,34.791853000015976],[110.66812830018097,34.79970520023488],[110.68143419972859,34.80571859983354],[110.68844809960018,34.80758179996013],[110.69092360044385,34.8049563002931],[110.69269250035865,34.79894510043607],[110.69762820008145,34.79428430008045],[110.70052700012104,34.794215699794734],[110.70701449981937,34.80012869997955],[110.71567830041329,34.80358410032602],[110.72011410028557,34.80885220026886],[110.74991859966372,34.812714499774415],[110.76398569978028,34.81852709964596],[110.75972399966292,34.83061789999613],[110.75574899981655,34.83754080016786],[110.75015630037302,34.84192089962988],[110.74745589977005,34.84975779968278],[110.74682350010448,34.85963790006906],[110.74280009964497,34.86581150040047],[110.74589549957773,34.86843320043192],[110.74559590033061,34.87424959993916],[110.73928279986137,34.88231809970057],[110.73396539998328,34.88581049995469],[110.73571060006418,34.89546380031419],[110.74357079975266,34.9006980003125],[110.74659439961192,34.91077729963274],[110.74988950030024,34.912988100320604],[110.75727850020269,34.91405250012281],[110.76197149988485,34.91184180015898],[110.76473770028468,34.912183500268384],[110.76526659967391,34.92584230008214],[110.76396850024616,34.92731590040853],[110.75343779971473,34.92595269995718],[110.7437985998256,34.927643300398074],[110.74247099993676,34.929176300046265],[110.74036580034146,34.95063299991307],[110.73581050035438,34.96251069960914],[110.74369620031945,34.97787580022805],[110.7581771999179,34.98591090006806],[110.75937539995482,34.993436899993014],[110.75634460012327,34.994315099662174],[110.75178670019613,35.002679700307965],[110.75198640005237,35.012085099847525],[110.75378369965807,35.018790900080035],[110.75659419976256,35.02232650016788],[110.76302530027743,35.02320119967567],[110.76039619972488,35.032921299878126],[110.75454290013482,35.03257439988869],[110.75092339959525,35.03442510033818],[110.7479684000217,35.03835299999099],[110.74792689990659,35.043130800346205],[110.74541370038202,35.044634400257394],[110.73468820040017,35.040924800239395],[110.72586150020811,35.04237230044134],[110.69753320019709,35.03531049997963],[110.69630980025715,35.032367199686576],[110.69321660006608,35.03133829972279],[110.69379659983326,35.026035100139836],[110.70092660038239,35.02097139991025],[110.70261929984088,35.01228639959771],[110.69911299966526,35.00893579994727],[110.67820289964419,35.004382699701864],[110.67213579972741,35.00105820017586],[110.67137119972114,34.99610899983054],[110.66518490006314,34.995633899684776],[110.65706539974843,34.98874459998336],[110.65397219955742,34.99017000024537],[110.6501058000427,34.98969480027489],[110.64884919983075,34.98581440011452],[110.64614270002562,34.98581440011452],[110.6447894002107,34.98391379988203],[110.63270679987897,34.98613119979507],[110.6320300996095,34.98874459998336],[110.62885709987535,34.98931260009647],[110.62797039981416,34.99214970034842],[110.6175310002555,34.989853199665504],[110.61443780006448,34.98526010027348],[110.61081730037819,34.98541050019446],[110.5948607003611,34.988890399872105],[110.58708269960698,34.993971000161594],[110.58151279977596,34.99357990029222],[110.57620509998543,34.99128400035636],[110.5752900002334,34.98533929996876],[110.56826390015891,34.982740500273906],[110.55442219982473,34.98100610015143],[110.5378936004094,34.98145300025578],[110.52581779985167,34.989082399733036],[110.51999979955116,34.99001159995544],[110.51574669965055,34.99468370029257],[110.50994710037844,34.994841999858465],[110.50308409955159,34.997217600412],[110.49883099965098,34.996900799832076],[110.49718779977718,34.99405019985687],[110.49832570027093,34.99026119959473],[110.49641449972944,34.98533929996876],[110.4894549000237,34.98644800037499],[110.483233200352,34.99189709967146],[110.476018999877,34.9943668997127],[110.47447239978146,34.99903880040034],[110.47050929976444,35.00363110029508],[110.44692399994273,35.01218180034988],[110.4300768004041,35.027030899656324],[110.38682340027975,35.050763799809545],[110.37562259960333,35.056151899890324],[110.346834299963,35.05881259992162],[110.33734070031312,35.06121810023518],[110.33600779982015,35.049573699966345],[110.32130040039323,35.03800459993238],[110.28967179981379,34.99673070026165],[110.27239229976487,34.9682732000482]]]}},{"type":"Feature","properties":{"shapeName":"Yonghe County","shapeISO":"","shapeID":"62558664B40883936313119","shapeGroup":"CHN","shapeType":"ADM3"},"geometry":{"type":"Polygon","coordinates":[[[110.40470690030327,36.894951799685884],[110.3984113995665,36.88766439979224],[110.38570339989207,36.883710800213294],[110.37335949974118,36.882798300401305],[110.37069810003737,36.87941739989316],[110.37132670006724,36.875520700420054],[110.37789019967306,36.87105759982842],[110.40634479957288,36.86666670040796],[110.41639959956194,36.86172710032548],[110.41995299993107,36.8539083998528],[110.41855639955827,36.84301230027751],[110.41362960042579,36.83343620042035],[110.40399420017224,36.82958019976644],[110.40209939966763,36.82654670017013],[110.41782389995308,36.819688599749156],[110.41891840006417,36.81428509967765],[110.41700849994237,36.80260790023448],[110.4018355997332,36.77394569993413],[110.38781230019754,36.77379200040053],[110.38301520039124,36.774984499635025],[110.37900929983937,36.773133200237055],[110.37827180000363,36.770652100214306],[110.38144539958557,36.76671160016025],[110.40993490037539,36.76208440027489],[110.42412320032548,36.754083200379455],[110.42858970035445,36.74635289966665],[110.42165910018741,36.73810429987361],[110.41476730037067,36.73518809975104],[110.40888279970153,36.72730160028868],[110.41038500026758,36.72293189968747],[110.4138884999544,36.72088570011505],[110.41968230039788,36.720884899718385],[110.42519349968035,36.72357649955586],[110.42912140023248,36.73399899995394],[110.4325905997764,36.73619389972873],[110.44215970021008,36.737628599880054],[110.4471698997711,36.735249199690884],[110.44898580005469,36.72811819999498],[110.4442064996303,36.72130819981362],[110.43157370036602,36.71088210032872],[110.42886700001208,36.70581940014523],[110.42935690030077,36.6965108998582],[110.43271169978516,36.68734770033615],[110.4309230003962,36.68167690016884],[110.42655949972118,36.67911920039086],[110.42075690031078,36.678741200046375],[110.41281979959416,36.685530899831235],[110.40789890001429,36.69355900024772],[110.4020385002766,36.69564739960788],[110.39611150034551,36.69564739960788],[110.39078460002935,36.69383539968402],[110.38818700003009,36.68901860022828],[110.38835320014016,36.6819490997712],[110.39454669977044,36.672954399925686],[110.41544129997607,36.66375039996103],[110.4276169000999,36.64429629963456],[110.43997630006623,36.62211670042541],[110.45183049957797,36.60801480014294],[110.45793560034775,36.60641430007996],[110.4642327000791,36.59817629969655],[110.47457320029304,36.592160099608975],[110.4782495002143,36.5876882998752],[110.48745949955634,36.584286099823714],[110.49096190027154,36.579942199872676],[110.49318130027683,36.57547860015734],[110.48363050014751,36.55907920004512],[110.50853729975665,36.553317900200966],[110.51574680037459,36.53560640001541],[110.52308629979296,36.533790399907105],[110.53072330034007,36.53639589955117],[110.54324330033808,36.535846900314255],[110.5652467997001,36.52876290008783],[110.5946577998177,36.52615340025926],[110.60473629964059,36.52140039960881],[110.6125792997949,36.51974090042228],[110.6367032998175,36.525127899732865],[110.65139780026834,36.530483400288745],[110.65370180039781,36.53381740025287],[110.65644079990307,36.55324939974008],[110.66533680005335,36.55990990022178],[110.70152329966061,36.57899089971028],[110.70661879991775,36.58315640024773],[110.73121630019216,36.58992390026782],[110.73415329983499,36.59260189965801],[110.73461130027135,36.605026399748624],[110.73771679959071,36.60908489984831],[110.74786379987455,36.599956399768075],[110.75488279980141,36.60146340001597],[110.755172799685,36.608825399572595],[110.75274680022471,36.61421589994387],[110.7549133003086,36.62305089997909],[110.76904279988537,36.62514490031697],[110.77870180014804,36.62953540043844],[110.77889229993974,36.63436890030454],[110.77500130036975,36.6403734002123],[110.77443680041807,36.64746489988528],[110.79470079960225,36.65537639960121],[110.79757680002933,36.66241090024289],[110.79730229996125,36.6807668995728],[110.79033629978045,36.69671989960375],[110.78848279974147,36.70603940039808],[110.79097030023922,36.71443189981238],[110.79557030012933,36.72155389999256],[110.79582230005917,36.72570039965376],[110.79033629978045,36.741039400148225],[110.80294030005484,36.77037789962043],[110.80182629994385,36.777438899685535],[110.79296879977034,36.7919199001833],[110.78935230026849,36.80161290021522],[110.79033629978045,36.81107689957929],[110.79395280018167,36.81975939977656],[110.8242262996041,36.83941639974711],[110.82869679981752,36.84469240023412],[110.83326730014585,36.858733900249376],[110.81903080013137,36.85729190030099],[110.7980268000968,36.86420839999772],[110.78568280012121,36.864230900135965],[110.7786638001943,36.867992400029266],[110.77075929990184,36.87643439992769],[110.76339730034522,36.89681990021825],[110.7600327998739,36.899844900321966],[110.71962729996,36.910526400073365],[110.71212780035773,36.93230039964379],[110.70646680010282,36.93549340030023],[110.69966130012898,36.93624089969779],[110.67990880025098,36.931972399806455],[110.65624229974242,36.933524900353916],[110.64785779979769,36.92816539961353],[110.64325729988457,36.92320990041662],[110.64067080021732,36.91579790035286],[110.6416932997061,36.892440899727774],[110.63437630042597,36.884002399990834],[110.63260679976406,36.87607190029803],[110.62493130013945,36.87180689966874],[110.59944930044492,36.87487039974923],[110.59044629985692,36.86909090032486],[110.57893379955527,36.86880090044127],[110.54860680036359,36.87221539962104],[110.53484329967858,36.867244899732384],[110.46781929982092,36.87612890022859],[110.44936380039911,36.875411900438905],[110.44122330001534,36.879466900377224],[110.43112180003112,36.88919440020146],[110.41713729994649,36.89759439996163],[110.40470690030327,36.894951799685884]]]}},{"type":"Feature","properties":{"shapeName":"Yingze District","shapeISO":"","shapeID":"62558664B22025833682640","shapeGroup":"CHN","shapeType":"ADM3"},"geometry":{"type":"Polygon","coordinates":[[[112.76853540018863,37.88149750010962],[112.77119920018299,37.882548699662834],[112.77086620011505,37.88622789989773],[112.7595450998266,37.89463680024818],[112.76220889982096,37.906066099770726],[112.75654839958906,37.911320399616784],[112.75405649960783,37.91832799973747],[112.75114450021852,37.92100800011917],[112.74726190031652,37.921901300304796],[112.74014390032085,37.917689900168796],[112.73383470021133,37.91781749957801],[112.73351109985742,37.920752699677394],[112.73076100002015,37.92151839955454],[112.72234870023237,37.91960419977403],[112.71134799961055,37.92100800011917],[112.70827430031875,37.91654119971662],[112.69711189979444,37.91475450041992],[112.69274399963592,37.91717940000933],[112.68821429975014,37.911818999946945],[112.68158160001087,37.90964920025044],[112.6786695997223,37.91143610009601],[112.67284569986919,37.90365000004749],[112.6751106001741,37.90211820009489],[112.6746252999177,37.89994810002486],[112.66815430008091,37.89560780005996],[112.6731693002231,37.89024580010363],[112.66297750021158,37.88207439991368],[112.66508059988985,37.880286800395595],[112.66653649975967,37.86968799960158],[112.65537410013462,37.870071100001326],[112.65149150023262,37.86777239957661],[112.64712360007411,37.86828320010966],[112.63806420030267,37.86509040000203],[112.63353460024166,37.86623980012672],[112.62965200033966,37.86368559961079],[112.6220486002627,37.86202520020288],[112.61150490003115,37.866887599782956],[112.60851420007032,37.866198800034624],[112.60801609976329,37.86191180018949],[112.59852710014559,37.861920900429254],[112.59852319978586,37.86468819980064],[112.5789532002301,37.86395999985416],[112.57883429996298,37.86671169958532],[112.57403479986613,37.871574699912514],[112.5739962000647,37.86977919985026],[112.55479030003244,37.87072439991118],[112.55450590022713,37.86757910019537],[112.53105839992531,37.86879430011692],[112.52864879960248,37.86674560042917],[112.52838060018462,37.84484999992759],[112.53204489955249,37.83578929973646],[112.57741969965946,37.83629850037556],[112.5788846997691,37.82993459990189],[112.58144849964856,37.83217650004548],[112.59170379989052,37.830006899998466],[112.59435920021701,37.82827120035569],[112.58895680001638,37.823280700444],[112.5830966997529,37.82566750025501],[112.58135699992567,37.823136100250906],[112.57952569965141,37.82458260040676],[112.577969099994,37.82342539956261],[112.57925099993372,37.81091170021483],[112.58437859969263,37.80331559993505],[112.58740020035907,37.80273679986345],[112.58547740036181,37.80866910039873],[112.59838800020611,37.808524400380804],[112.59875430037073,37.81105640023276],[112.6015012004201,37.813298800399366],[112.60424820029425,37.81351590033859],[112.60461439973483,37.8096818997999],[112.60699510034362,37.81235849984495],[112.60900949988854,37.80924779974623],[112.61212270010265,37.8088138004166],[112.62668150005129,37.81474560002948],[112.63080200031209,37.81235849984495],[112.63391519962681,37.813443500417236],[112.64078250011232,37.821544800252354],[112.65067150018967,37.824944199815036],[112.65048840001975,37.82892209997499],[112.65460879955651,37.831525600426176],[112.65781360021754,37.837672499886025],[112.65607379966616,37.84034809988498],[112.66330750014106,37.84136040016239],[112.66422309991617,37.84678350005851],[112.66944230012211,37.84866329987142],[112.67566869965083,37.84822950019134],[112.67658440014998,37.84179429966724],[112.6805217004162,37.8425173995584],[112.68455349964438,37.83853719983193],[112.68594330024314,37.839396199874784],[112.6886071002375,37.8376868998306],[112.69393460040158,37.840185099562746],[112.69892920032237,37.83887029972459],[112.70026109986998,37.84149979957613],[112.69576599960124,37.8428146003136],[112.69926220039031,37.845181099727995],[112.69876279966354,37.84899360017454],[112.70525569979077,37.8484677000244],[112.70791949978513,37.84649579974143],[112.71359480015997,37.846666900257276],[112.72691370030714,37.85797220035681],[112.72591479992809,37.86336129958437],[112.72807910027029,37.86598999993862],[112.72924450023356,37.872561400088614],[112.7395667001432,37.8780809001135],[112.74289650027333,37.87676670012314],[112.7490565001574,37.87834370000178],[112.75987809989442,37.86953859972664],[112.76920140032439,37.869144399894196],[112.76986729973612,37.87243000014445],[112.76470620023099,37.87453269962447],[112.7632078001999,37.87768659955697],[112.76470620023099,37.88149750010962],[112.76853540018863,37.88149750010962]]]}},{"type":"Feature","properties":{"shapeName":"Ying County","shapeISO":"","shapeID":"62558664B47038517869465","shapeGroup":"CHN","shapeType":"ADM3"},"geometry":{"type":"Polygon","coordinates":[[[112.9529798002776,39.61108389970224],[112.95465830034038,39.60150889971601],[112.96935279989191,39.55771239990736],[112.96900179989325,39.55288690041016],[112.96571330022869,39.54751590003883],[112.96598029995096,39.54202290033663],[112.98152930023707,39.51040289997388],[112.99049379994892,39.497379400139266],[113.01132980033003,39.47829040028182],[113.02047730038714,39.46710189963301],[113.02542129995311,39.45143090001608],[113.03060929997923,39.4424168998201],[113.03730030006886,39.391040900317364],[113.04434180013402,39.37451539996579],[113.05448130007198,39.36701939962563],[113.06017229991176,39.359855400206584],[113.0684663001797,39.35345089983923],[113.07309729970063,39.351756899961],[113.08187879996672,39.35463340041116],[113.09916630038447,39.35671590021866],[113.10450730027173,39.35459889971952],[113.11575329997493,39.346389899774124],[113.12587730009739,39.34451289955075],[113.12885279971704,39.34261690024982],[113.123016300362,39.324218899882396],[113.13326279983835,39.31725689988605],[113.15769180043628,39.3059499000679],[113.21169229956001,39.293464399862216],[113.21824629962714,39.29539089967034],[113.23896780012399,39.30798340031373],[113.25176979963658,39.31370139959995],[113.25942980034506,39.31505590000984],[113.27797680038907,39.31190889967604],[113.29678329980948,39.31404890033656],[113.33978279973644,39.31110390032478],[113.349601800183,39.31293840038694],[113.37886029956326,39.30597290022922],[113.40988929965147,39.31570790039933],[113.41478679977104,39.32217039984414],[113.42185230004372,39.3254204004312],[113.43643930003373,39.32724740014743],[113.44817329975808,39.33351489959301],[113.45317830033832,39.3388099000569],[113.4618303000284,39.34259790027295],[113.48030829958839,39.344508900265566],[113.49809280044246,39.34209440043628],[113.5082473001728,39.3459664000294],[113.51703629988538,39.35990539981441],[113.5271532996851,39.383888399629996],[113.53864279982542,39.39039990043511],[113.55445080036418,39.40342340026979],[113.55581680040507,39.409995900290596],[113.55419929955804,39.42587290041405],[113.55860879965644,39.434688400449375],[113.5706482999791,39.43721390000155],[113.56075279960203,39.449950900114004],[113.5262528004265,39.466029899660214],[113.50884229973246,39.477958400260036],[113.49883280039353,39.49007389959087],[113.49662029998694,39.499870399899066],[113.50182329980555,39.51719290013227],[113.49727629966151,39.52578739986865],[113.4753113002763,39.546531399604476],[113.46411880034248,39.551276899909055],[113.45346029985296,39.57093790006411],[113.44880680019378,39.57540139995467],[113.43443280013366,39.57823190008219],[113.42194329974359,39.57835739957437],[113.41976179986727,39.5808218999108],[113.42079930004775,39.597575900007826],[113.419403300422,39.60235189992028],[113.39692679993198,39.626506899573826],[113.38099680006235,39.63708089976376],[113.37317630004623,39.64580890026059],[113.37297829990871,39.65015790026695],[113.38413229986577,39.660083900251834],[113.38263630012523,39.6669158996491],[113.37576279971347,39.67429740010499],[113.3761367998735,39.67911840029399],[113.38723730006143,39.69041439960489],[113.37605279959712,39.69446940044253],[113.34203330009677,39.69676190004168],[113.32230430040318,39.68568039983063],[113.290527299995,39.68412389999804],[113.26634980020322,39.68597389987565],[113.26132979983049,39.69156639966968],[113.24170679962913,39.70385339971466],[113.23139179969189,39.70814889995182],[113.2069098002471,39.722354900358425],[113.17797829975882,39.72978590039901],[113.16529829957688,39.7273599000394],[113.15473930007875,39.717891899591564],[113.13841229988782,39.698398399966266],[113.12198629962813,39.693340399639794],[113.0885163002871,39.69030389990513],[113.07758329972955,39.68265140044184],[113.06640629961112,39.66788540029103],[113.06289679964766,39.66663340011138],[113.04715729956979,39.666168400251536],[113.03875729980962,39.667526399923474],[113.03238680011077,39.66412739965983],[113.02781679980558,39.6543649000202],[113.02055380031766,39.65093990035615],[113.00200630025063,39.646945899633636],[112.99920629973099,39.6436538998077],[112.99344630030657,39.62789539975296],[112.9809567999165,39.61628740044324],[112.9731058002925,39.61283889969553],[112.9529798002776,39.61108389970224]]]}},{"type":"Feature","properties":{"shapeName":"Yicheng County","shapeISO":"","shapeID":"62558664B51209651362797","shapeGroup":"CHN","shapeType":"ADM3"},"geometry":{"type":"Polygon","coordinates":[[[111.60655979989491,35.650394400281414],[111.64707180022344,35.64356239998483],[111.65907279967001,35.6503068998436],[111.65960680001388,35.6530568998561],[111.66940330032213,35.65626540032804],[111.67392730030474,35.65470889959607],[111.68224329978852,35.644035400213625],[111.6918562997285,35.640239899651704],[111.70670330001735,35.64473340002644],[111.71653730025628,35.64506139986378],[111.72530379983056,35.64194089985267],[111.75834630014168,35.61159139962342],[111.77615330023468,35.60580439985324],[111.79303730003141,35.60344289977007],[111.82228829996512,35.60233289984353],[111.8481217996814,35.60416039958284],[111.86916329964663,35.60823440039729],[111.87428280011119,35.55843739996607],[111.88011180001962,35.55244040040418],[111.88683329971707,35.55055589983493],[111.90116879980036,35.55204390010596],[111.90843180018749,35.54877839970345],[111.91457380014083,35.545524399831265],[111.9175568001063,35.53725789993217],[111.91383380018976,35.531562899907954],[111.8896407996832,35.527633400361196],[111.87947080013737,35.52222039985162],[111.85234830033386,35.482585900419],[111.8475263000987,35.477817399953096],[111.84548929969151,35.47164889967701],[111.85501079990854,35.44570140009961],[111.86136629981496,35.43809490005964],[111.87473280017866,35.42974840006866],[111.87666330017123,35.42629990022027],[111.87265779981766,35.41991789999116],[111.85594930002026,35.40539190011617],[111.85334779966126,35.39854039981964],[111.85720779960036,35.3930168996103],[111.8857422997674,35.38844290001987],[111.9011613003538,35.38877840020308],[111.92726880011509,35.39245990000444],[111.93566879987526,35.39170440023793],[111.94326779956936,35.39415740004404],[111.96202829956644,35.41484089968782],[111.96829980009574,35.42279789970337],[111.96790329979751,35.43189640019875],[111.96556079969122,35.44011689977515],[111.96508030001587,35.45727939982447],[111.95645129958785,35.47552090016944],[111.94960030021372,35.48484790041033],[111.9409178000165,35.50698090034831],[111.94558730041365,35.51502589992538],[111.95894630043148,35.52589040002198],[111.9610673002158,35.53620539995927],[111.94951629993733,35.56357590040756],[111.94185630012822,35.59326940006281],[111.94056680001785,35.60721990037814],[111.9353103004301,35.622966899902565],[111.93609629980443,35.62731940007029],[111.94782230005916,35.6351963999939],[111.95281229994777,35.641185900109235],[111.95340730040664,35.661556399708104],[111.95786279992831,35.66593940038308],[111.98312380022327,35.67071140011109],[111.99709329961615,35.67905439994064],[112.0210492999853,35.70119840038592],[112.02490979994741,35.70786290015275],[112.03064730013284,35.723007399771745],[112.0186768002942,35.73710639974058],[112.01521279973099,35.746005900052296],[112.01879130017846,35.752208900120706],[112.03249379984902,35.76169190036097],[112.04229729958081,35.76633839969742],[112.04728680034566,35.773010399810175],[112.04606629981993,35.782382900350626],[112.04203780020441,35.7903633996512],[112.02435280034149,35.81105789980228],[112.02229329979605,35.81859590028063],[112.02892279974742,35.83100140039437],[112.00562279995233,35.84730540042392],[111.99514779983116,35.85134489964747],[111.96945180016053,35.85435089977426],[111.94126129966929,35.85412990037463],[111.93363180036738,35.85567090039177],[111.89283729960175,35.848933899979556],[111.87740330012224,35.84377290029914],[111.85755929962204,35.83056239993488],[111.84895330025466,35.82064839960401],[111.8396832999444,35.818050400305765],[111.82128130029184,35.824523900257816],[111.80800629965108,35.826465399858364],[111.78191379968217,35.83881390004149],[111.76180280035902,35.84549389962382],[111.7123487995575,35.85348889959312],[111.67133330029162,35.862922400248635],[111.67489630002427,35.85059690022683],[111.66455829992566,35.844318400274005],[111.65329730043015,35.843288400439405],[111.63407129965083,35.84720989961721],[111.6013793002146,35.864257899782274],[111.59207129995059,35.86438740035828],[111.57575979957517,35.861694400276406],[111.58344329956867,35.85742939964712],[111.59320079987708,35.846549899758145],[111.59583279984389,35.823238400331945],[111.59245279955712,35.80581289984548],[111.58521280023058,35.783309899931965],[111.58257279989488,35.75513440013253],[111.5764692999183,35.73218090012847],[111.57988730015882,35.72947340027724],[111.60462130043271,35.73202490012909],[111.61171730031322,35.72867240021117],[111.61472330044,35.716346900189365],[111.59645079956482,35.697383899847125],[111.59426130021888,35.69393139981429],[111.59358230038293,35.68362440024595],[111.59853380029472,35.67360689963874],[111.60913079974665,35.66136189973196],[111.61093130003951,35.65428539985135],[111.60655979989491,35.650394400281414]]]}},{"type":"Feature","properties":{"shapeName":"Yaodu District","shapeISO":"","shapeID":"62558664B44862671971311","shapeGroup":"CHN","shapeType":"ADM3"},"geometry":{"type":"Polygon","coordinates":[[[111.28695680031615,36.05409240004428],[111.31723029973858,36.04700140039438],[111.34877030000939,36.0418013998148],[111.3850708003772,36.02923190023205],[111.39703379987003,36.03253190042693],[111.40360279972947,36.03994739975275],[111.41623679958872,36.041667899953666],[111.42289730007042,36.03944339989306],[111.4247437997866,36.03333289959369],[111.42318729995401,36.02293390027933],[111.42607880019654,36.018016900159864],[111.43273180033236,36.0160218998908],[111.44632729956527,36.015949400144734],[111.45648929964153,36.02076740019544],[111.46746080017584,36.02194989986805],[111.47325130010745,36.02014140010556],[111.47839329981099,36.01532340005491],[111.48509979971607,36.00415040012092],[111.49201180010454,36.00000389956034],[111.48909779972377,35.996642900149766],[111.49418629965805,35.97999589959113],[111.49846630007977,35.97729890022413],[111.50299830043127,35.97666539978843],[111.53399680001235,35.97998790012156],[111.54418929969648,35.9789579002869],[111.5505292997874,35.97124789997065],[111.55879230042439,35.94983289986851],[111.56860329960267,35.936439400058305],[111.58704380013131,35.93091940001034],[111.6121367998735,35.9320984004209],[111.61868279957162,35.9289628997181],[111.63184280030504,35.91743090031582],[111.6416323002905,35.90449139985827],[111.64846779984913,35.900214899597984],[111.66114029968514,35.901485399731484],[111.66644279959559,35.90565939976153],[111.67015079971969,35.9212568995863],[111.67537679969962,35.930232899828525],[111.6905672996412,35.93335740002402],[111.6967008001019,35.93822090037429],[111.70010379965072,35.956104400397805],[111.71233379976513,35.988254400020594],[111.71138780020686,35.99488089983373],[111.70778629959813,36.00000389956034],[111.7360763001812,36.017177400116964],[111.78675830005557,36.03974540032999],[111.8006668002327,36.048129900274716],[111.81197330002783,36.057781400191516],[111.81533829962291,36.071689400345576],[111.81382730008988,36.086540399919556],[111.81498729962425,36.09508139988674],[111.81363680029818,36.11177439986869],[111.81204229961247,36.1146889002726],[111.80883029987848,36.1161613998288],[111.79286930037796,36.11732490042385],[111.78015879968893,36.11197290002934],[111.75978830009007,36.11570340029175],[111.75013730019629,36.1157528998765],[111.74230180038785,36.10968389969224],[111.73235330026466,36.10581590028363],[111.72419730006538,36.1001928999824],[111.70359779979867,36.098624899619494],[111.69611670032555,36.09552300028628],[111.67669900005887,36.09444130022587],[111.66348379983754,36.09848419978607],[111.6511601002585,36.10631990014332],[111.64354960003408,36.10890400041933],[111.64146390043874,36.107534900415374],[111.63742300007146,36.10795609969432],[111.63390339982209,36.110062400059746],[111.63781169965029,36.114695399672996],[111.63519280010769,36.1211469004092],[111.63495629999329,36.12894040007944],[111.63990029955926,36.14865890018814],[111.63181279982092,36.15519340025526],[111.58770730015186,36.15258040026532],[111.56593379970514,36.15988539989132],[111.55761730019833,36.165256400262706],[111.55365730014432,36.17357639993094],[111.55650330008729,36.17783040005298],[111.5810927999928,36.18808740001356],[111.58641029969561,36.20186290035264],[111.58692930024705,36.20693589957216],[111.58458730016383,36.21211239996734],[111.5534972999605,36.22681039968023],[111.54602829996611,36.228088400159606],[111.52719880038438,36.22082889993385],[111.50846879999517,36.2289464001563],[111.49952680042156,36.23933790002411],[111.49214930015012,36.26425539976691],[111.47709630025412,36.28492739977975],[111.4575802995912,36.30011739969831],[111.43183130017445,36.31479590031063],[111.42105080035424,36.31843940015824],[111.36911030000039,36.32090389959535],[111.35717780011544,36.32472240031859],[111.3451612999541,36.33140940022372],[111.33920280036898,36.32963540025355],[111.31886280037799,36.2990914000481],[111.30449679978756,36.284889399826],[111.29553980042152,36.278960899825734],[111.29084030043958,36.27300640042512],[111.28974929959054,36.26423639979009],[111.29842380031818,36.24604389990611],[111.29939280003777,36.240352400043264],[111.29736329997638,36.22901090043274],[111.28711679960071,36.22509389966382],[111.26721930023058,36.221183900116955],[111.25390629963607,36.212527900242435],[111.22386179998216,36.19964589973853],[111.21346279976848,36.19823839958252],[111.18871279965606,36.21061690024982],[111.16223129973474,36.20339189981638],[111.15058130028683,36.203529399861964],[111.13607779965082,36.2115593996466],[111.12608330010426,36.21223040001303],[111.12615179966588,36.2074128999854],[111.12256629979498,36.198058900298065],[111.11165630029808,36.1878969002218],[111.10263829991766,36.183101400309454],[111.10059330004083,36.18001940027517],[111.09998329978953,36.176776900033985],[111.10459130004853,36.16414240015172],[111.09693929970899,36.15620039992859],[111.08209230031946,36.149516900184835],[111.08470929959458,36.14482090036432],[111.11885030020125,36.128097899898194],[111.13934330005333,36.115535899761994],[111.16647330020271,36.11705789980226],[111.18818679968115,36.10707089970231],[111.20253729955681,36.10476290028765],[111.21795630014321,36.119262899862974],[111.22460179993317,36.12163939973857],[111.2309038000704,36.12078840006467],[111.24172179982128,36.1123464001663],[111.24674979966358,36.10546490028497],[111.24809280044246,36.09864040033426],[111.25228130024186,36.09149189983134],[111.25306679959317,36.084415399950785],[111.26923379960022,36.064281399566994],[111.28695680031615,36.05409240004428]]]}},{"type":"Feature","properties":{"shapeName":"Yanggao County","shapeISO":"","shapeID":"62558664B37854678006826","shapeGroup":"CHN","shapeType":"ADM3"},"geometry":{"type":"Polygon","coordinates":[[[113.93836209993106,40.505954700049415],[113.90023850020668,40.467645199666265],[113.85273980000181,40.441843400152834],[113.78797909965579,40.51672740004955],[113.76204680041951,40.47580339960729],[113.67372130029787,40.442798599775585],[113.66284180040884,40.42012019968752],[113.64108279973152,40.41453930024858],[113.54915620009865,40.34469219988517],[113.5291997996311,40.3327252002079],[113.50720810027371,40.336032900398095],[113.48015719999489,40.330363299926375],[113.48528279966149,40.30887239974152],[113.49073780030926,40.30033089975126],[113.50530230016113,40.28593439955296],[113.51014729965823,40.277404900116096],[113.51320630043051,40.26912689968674],[113.51381679980557,40.25883089972632],[113.5394128002606,40.254092899767556],[113.57144179969941,40.23392839977589],[113.61015329973509,40.21799089956039],[113.61387629965157,40.20747740036177],[113.60272980004027,40.20195390015243],[113.5981293001272,40.19727340014737],[113.6003262998189,40.187263399886035],[113.61141180021446,40.171520399646795],[113.6113128001457,40.15894289969509],[113.6194303003681,40.147434399577946],[113.62497729986251,40.1432263997786],[113.65493780013946,40.13633340026627],[113.67350780034474,40.12847889958158],[113.692260799996,40.11695839981036],[113.71494280007028,40.097141399655925],[113.72403680035814,40.09264389999606],[113.73502379980857,40.09062190028055],[113.76872229979438,40.0996324003151],[113.78362279985242,40.10805490021352],[113.79315929986183,40.107883400398634],[113.80107079957781,40.10339740036977],[113.80740330022218,40.09596989959124],[113.81771079981365,40.082523400034916],[113.82251730023324,40.06529240042397],[113.82878130041672,40.056033899744705],[113.83947729993747,40.04577989992248],[113.8463362996805,40.03651039963529],[113.8585892999563,40.01022739987468],[113.86669929983293,40.000011400006144],[113.8590018000931,39.99605189997527],[113.85147830028336,39.9974824002926],[113.8442763000113,39.99044340034271],[113.8512268003766,39.98052589985048],[113.8511428001002,39.97502489977933],[113.83863129959491,39.94335189967046],[113.83260330040207,39.9219094000988],[113.83534229990732,39.904792900372115],[113.83393879993571,39.88711940014025],[113.82948280039102,39.87899789973335],[113.82119729961573,39.869411400116064],[113.82057209992252,39.86373399982426],[113.82895180018545,39.852657999866835],[113.83049780043325,39.844882900325615],[113.84416180012704,39.830764900379904],[113.87660980000237,39.83951940030016],[113.90411380031173,39.837390900169964],[113.92645279985686,39.83789039982213],[113.93081679965564,39.84073639976509],[113.93534829998407,39.84725189985534],[113.9380187999277,39.871593400015456],[113.94345080041421,39.88591739956837],[113.95623029978856,39.90338140003166],[113.97093980003183,39.91721789958643],[113.98063680024825,39.92934390030081],[113.99482729993997,39.941333900139455],[114.01603609988615,39.93898239961811],[114.02860010011455,39.942587199839465],[114.02677489994176,39.959595199958585],[114.01731260029635,39.97264909957636],[114.01452689989662,39.98970679982898],[113.99210900013031,39.99007800039948],[113.97118350011851,39.99748100004814],[113.95769959955692,40.00038039993558],[113.94823729991151,39.99893069999189],[113.9333341000887,40.008172199887156],[113.92616859970121,40.00790420011879],[113.92079639963424,40.004367000136995],[113.90818020005622,40.0049515001117],[113.90412899975365,40.01760099978634],[113.94049069988591,40.026279399974385],[113.96399689983707,40.042514799718276],[113.96824649957637,40.087692300259505],[113.98811340041311,40.126850099652415],[114.02445980037953,40.07847979990288],[114.02790830022798,40.057292900247205],[114.07272340006489,40.07221600026827],[114.08833310009254,40.103420299807055],[114.05697629981648,40.170410200070705],[114.04728679994594,40.16999440032134],[114.02986929982842,40.17761239999231],[114.01878330030911,40.18048090007352],[114.00776680039758,40.17832989980508],[113.9999998001507,40.17337789987022],[113.9947968003321,40.17532739983966],[113.98010229988131,40.18965539957708],[113.97638680031059,40.195804399853216],[113.96739979956112,40.20103440001759],[113.94402329983552,40.20190040038324],[113.93540179975332,40.2081068997137],[113.93512729968518,40.21154039976966],[113.937232799654,40.21267690001895],[113.94557929964503,40.21219640034366],[113.95451279972599,40.208507400196424],[113.95635980036457,40.21056339968118],[113.94975279965206,40.218357400273874],[113.94155880039841,40.22331639963221],[113.93874430010942,40.22840090028137],[113.94294729967817,40.23768989966919],[113.93386079973618,40.25181189979941],[113.93142729992996,40.25962839963097],[113.93074029972513,40.26558690011541],[113.94035329966516,40.28415290013629],[113.94389330013576,40.300087400213386],[113.93736280025314,40.31918689965573],[113.93388379989756,40.32268139982682],[113.91446680020272,40.31527690010893],[113.90940829985323,40.31605890019813],[113.90277829987872,40.32373039963829],[113.90133679995347,40.34341790011604],[113.9026338004096,40.37265790044182],[113.9111022997314,40.401531400054125],[113.96765130036727,40.424228399920764],[113.97532629996886,40.42933589983198],[113.97913380018474,40.43497890015618],[113.9769518002854,40.450111400121045],[113.97267930020962,40.456596399704154],[113.96510329977752,40.48051840030399],[113.96376029989801,40.49357990009236],[113.9585418002639,40.49893589977199],[113.93836209993106,40.505954700049415]]]}},{"type":"Feature","properties":{"shapeName":"Yangcheng County","shapeISO":"","shapeID":"62558664B1307910109359","shapeGroup":"CHN","shapeType":"ADM3"},"geometry":{"type":"Polygon","coordinates":[[[112.6103973003951,35.532939899556766],[112.59552779996807,35.530837899749315],[112.59242229974939,35.53540790005462],[112.58623249993002,35.5379876997726],[112.58528489957848,35.54388239965306],[112.59126280023816,35.54433039962828],[112.59236930000327,35.5477638996843],[112.60343209971165,35.55172839994577],[112.59932729981506,35.56082889963409],[112.59240910039978,35.559542399662064],[112.58336659978886,35.55409869989512],[112.57906770011436,35.55876189964198],[112.56695260008246,35.55229699990667],[112.56161150037053,35.55929179997662],[112.54933180012256,35.56159990011537],[112.54315180021547,35.56112289970213],[112.52213280038848,35.55258940008082],[112.51454180016401,35.55279140040284],[112.51200830024288,35.55415740044373],[112.50042730037967,35.56624640035113],[112.49368279962152,35.568054400090546],[112.49002079982017,35.56826790004362],[112.4715117997298,35.56156540032299],[112.46560679991399,35.56268689988059],[112.4576872998291,35.5715824000078],[112.45455930037144,35.578208899820936],[112.45480329993245,35.58667740004205],[112.45673379992502,35.5912588999783],[112.46064779965627,35.594478400058165],[112.46060130020987,35.602260400097464],[112.4481963001192,35.609306400370144],[112.44068930017113,35.64223089973626],[112.43412779975824,35.657534900415385],[112.41828130014198,35.673259899824586],[112.41094980019318,35.67574690029926],[112.40136729986102,35.677993899598846],[112.37386209985607,35.67737639990099],[112.35180680044357,35.68418189987483],[112.31186680041253,35.68421539962105],[112.30174979971355,35.682563899904096],[112.28912330020023,35.67860790003459],[112.28240179960346,35.67445740018894],[112.27188130008199,35.65289290038709],[112.26096330021619,35.64642339972016],[112.25057979981796,35.644081399636946],[112.24327080000751,35.64426790014352],[112.21109780022334,35.656902400025785],[112.20320879974633,35.65845489967393],[112.19480129964029,35.655662400399535],[112.18920879984626,35.6515084003924],[112.18422680032666,35.64186840010666],[112.18827079975767,35.63113789989421],[112.20049280040246,35.617252399878396],[112.20482579967097,35.60240190032749],[112.2038117996749,35.59072489963444],[112.2064588003334,35.577464899685424],[112.21244030007983,35.56743240018517],[112.23512280017712,35.54353339974665],[112.23628980003434,35.538501899742926],[112.23325330029968,35.5318488996071],[112.22316730013085,35.52927389957085],[112.20742029970711,35.531699899930516],[112.19702929986238,35.53118140030142],[112.18668380031716,35.52768690013039],[112.1802517995809,35.52352889993881],[112.17275980032457,35.51341640034667],[112.17236330002629,35.496246399951474],[112.1670682995624,35.491409399923896],[112.15809630040405,35.48975390002249],[112.13700079974717,35.49510889965603],[112.12577029985948,35.49503689993304],[112.10812379997344,35.491946900429184],[112.09863280026354,35.486850900148966],[112.08970629960606,35.48038140038136],[112.07646929981843,35.458091900420925],[112.06693279980891,35.43101890020216],[112.06517779981561,35.41109439958694],[112.0594178003912,35.39846790007357],[112.05106330003139,35.393142900024884],[112.03765080024425,35.389156399648186],[112.02616130010392,35.388389400250674],[112.02321580006912,35.37486239968007],[112.01690679960916,35.36360140018451],[112.01641080011836,35.35741790011605],[112.02098080042367,35.34966639968462],[112.029716300367,35.344695399772945],[112.03897880033139,35.343387399708774],[112.04350280031406,35.33953089993116],[112.04959879994476,35.320117900420826],[112.05117779991565,35.30342090025442],[112.04885029960167,35.285095399633065],[112.05230710019259,35.27866749980535],[112.20282749978935,35.25675200000484],[112.1990585004495,35.23979189957657],[112.21087649955086,35.23162079976015],[112.28092960042079,35.25444410041496],[112.28910830040775,35.24647140003515],[112.2795028997391,35.22216029965813],[112.28595729988956,35.21807099957704],[112.35252380023326,35.22046279961859],[112.39263150044349,35.247657800067486],[112.44703669988382,35.22636409962354],[112.57241059996932,35.21695329965513],[112.61554910001098,35.221111299846655],[112.61810379965073,35.22259189959652],[112.6197507002347,35.23267829996365],[112.62340590026213,35.23205110017818],[112.62511709967453,35.229856800251184],[112.62412769973366,35.227699799706045],[112.62834960035389,35.2298739997853],[112.62821909973172,35.23199379987403],[112.63252909973824,35.22922560028127],[112.6306882001004,35.23564899990146],[112.6334788998314,35.23851149970602],[112.63584769971169,35.238590999774885],[112.63529599981064,35.24269889963455],[112.62844910044566,35.242566399819566],[112.62234859970818,35.24526960001208],[112.61968770002738,35.24420949986859],[112.61582620001923,35.24768120042711],[112.61339239983943,35.246382699901744],[112.61076399985882,35.24905920012202],[112.61115340000947,35.252080200041235],[112.60761639967711,35.25388209967923],[112.60553830025242,35.25904410030506],[112.61171539984593,35.25745120041262],[112.61390199977757,35.25965399983227],[112.61273900010485,35.271187000179964],[112.60976360030998,35.272843199753936],[112.60630369975604,35.272510900257885],[112.59941929956108,35.26797989995248],[112.59703430019283,35.26848249956777],[112.60173809983348,35.27423599959178],[112.60193900028469,35.27675029988649],[112.59539459958114,35.28118339999395],[112.59387079999749,35.28426359958553],[112.59782210000992,35.28621480017296],[112.60507040007894,35.28022999991464],[112.6075642003276,35.28135510035764],[112.6112576997831,35.29099519956884],[112.6139188000127,35.29099519956884],[112.62071760003732,35.28670559978366],[112.62944239984688,35.28391609974824],[112.63339390040824,35.284138600116364],[112.63536510011932,35.287080099966715],[112.62665249961321,35.289813100094534],[112.62705869999911,35.29352520022786],[112.6294965003633,35.2957770001085],[112.62887379988604,35.298765600152365],[112.62510760013572,35.29853150032852],[112.62209080005039,35.295331600073325],[112.62247519997061,35.29373570004259],[112.61929259997362,35.2924708998122],[112.60728129969232,35.30099659961343],[112.60591090016794,35.30373839960748],[112.60956069976658,35.30651000043622],[112.60929139957852,35.30863110004526],[112.60242979989539,35.31240370027058],[112.59391049966985,35.32272309969136],[112.59554300030925,35.32681229994773],[112.59790629993586,35.32794649973124],[112.59830740026632,35.33112980030012],[112.59665219983924,35.33329030010731],[112.59171890040705,35.33275540044144],[112.58973820025778,35.340615100106845],[112.60111740034779,35.347507200297116],[112.60076070044602,35.351808100063806],[112.5947975999294,35.35459359991478],[112.59660470034669,35.35792099975441],[112.6008502000767,35.36036170043218],[112.6011329001633,35.363951499961786],[112.5965766001301,35.364257600407996],[112.59010119991046,35.35932410042693],[112.5930973003002,35.35118739967879],[112.59186520031881,35.349012599751745],[112.57869319993131,35.34950180036782],[112.57723799973394,35.35151950042467],[112.57865040029583,35.35889220011501],[112.58377959994868,35.36418099975339],[112.58496199979652,35.36910009978982],[112.58338139993168,35.37012050026095],[112.58027579988834,35.36812969982583],[112.57673060043692,35.368188699848645],[112.56598859969415,35.37818559968571],[112.55543859971169,35.37805950034573],[112.5440051003552,35.389567899738836],[112.54577920015004,35.392696699593046],[112.54868060012961,35.39293319970744],[112.55246219987066,35.39153720008176],[112.55665450020513,35.38732670016714],[112.57272610012944,35.38709549975755],[112.56974739982275,35.39508799961152],[112.5718711002711,35.40300939996388],[112.57778809974104,35.40052829994113],[112.5783965000985,35.40181489973787],[112.5817032002426,35.400730900111],[112.58296119979957,35.40388029983603],[112.58890159962914,35.40296629995481],[112.58802470037972,35.398492099930536],[112.5915975000247,35.39944519963632],[112.59439069987093,35.3979625997942],[112.60176360011008,35.39809499978446],[112.60270549965912,35.39632109963907],[112.60699279987784,35.39968350019342],[112.60644069977855,35.40706969960701],[112.6095261999742,35.40908159993592],[112.60767489967691,35.410722900441556],[112.602510600384,35.41066989979612],[112.60361490040736,35.4187169003647],[112.60871420030014,35.42506919958396],[112.61348870014342,35.42657779972575],[112.61254679969511,35.428351000198575],[112.6087791997004,35.426736600213985],[112.60569359967997,35.42742470028975],[112.60907150004971,35.430229999614824],[112.60468679965618,35.433882200403275],[112.60647309965384,35.43594630008175],[112.60998089989869,35.43515240016319],[112.61095530004707,35.437004800331295],[112.61335880026843,35.43647559966922],[112.61712650008792,35.43893659984428],[112.61946500000977,35.43472900024324],[112.62284290037962,35.44179449961649],[112.610732799679,35.4507828997111],[112.60841960038431,35.45800330011224],[112.60087880031642,35.466040400044506],[112.60257330021773,35.476467499575506],[112.60673069966208,35.481175499949416],[112.6097182996599,35.49288539964152],[112.61107630023116,35.50387590015271],[112.6103973003951,35.532939899556766]]]}},{"type":"Feature","properties":{"shapeName":"Xinjiang County","shapeISO":"","shapeID":"62558664B60814101052334","shapeGroup":"CHN","shapeType":"ADM3"},"geometry":{"type":"Polygon","coordinates":[[[111.0509567998165,35.74108139958696],[111.05068179972534,35.72035189962054],[111.05322279999228,35.69585390033728],[111.05889880003963,35.675449400069795],[111.06854979993341,35.65958389957734],[111.0692062996311,35.64333340021631],[111.07354730016783,35.62957389971575],[111.08701379974713,35.60361090032285],[111.08940829955344,35.59192290002187],[111.07427230032647,35.544681899650016],[111.0608518001705,35.52373889973052],[111.03896329981649,35.497367900408335],[111.03238679961117,35.48643489985079],[111.02970129987517,35.47135140034692],[111.02960980015223,35.45453640013483],[111.03994730022777,35.45629490028949],[111.05436679968813,35.46406589982149],[111.08190929997426,35.47477740005701],[111.09905980036956,35.473655899600146],[111.1433182998997,35.4777299004146],[111.15937780034528,35.47498689982564],[111.17397329982799,35.47519290033216],[111.18343329990694,35.478988399994705],[111.20195779981265,35.492519399850494],[111.21199030021222,35.49586490034494],[111.2302167998655,35.49679940027215],[111.23972330029011,35.499446900054465],[111.25021380022679,35.508285400251054],[111.2624512997877,35.527446899854624],[111.2798918000666,35.540267900243464],[111.28772679985201,35.54209489995969],[111.277526799822,35.54653939987344],[111.26696029997794,35.555553400069414],[111.26521280033052,35.55919239970956],[111.26956929978343,35.56565840021506],[111.27430729974213,35.56732539974746],[111.27786179998213,35.57217789959043],[111.26748629995285,35.58508290025571],[111.26020030030367,35.598262900112786],[111.25933830012252,35.61207190019809],[111.26116930002325,35.616584899673455],[111.26206179981227,35.630119399690614],[111.26757829969881,35.634639900411116],[111.28138729978411,35.63315190014015],[111.28320329989242,35.65420539975946],[111.28687280003976,35.663982400067766],[111.29974380003642,35.675273900070465],[111.30711379996194,35.6775359000618],[111.31540680018372,35.67754340040767],[111.3200073000969,35.676044399629404],[111.33289329988594,35.68915189974041],[111.3305282996414,35.70972040037623],[111.32483679977855,35.71239090031986],[111.315826299744,35.71319190038594],[111.29312879985429,35.70854940033462],[111.28531630020717,35.70478440027989],[111.2684708003872,35.68968590008427],[111.26464780035576,35.683685400361014],[111.25910180000812,35.67995089991416],[111.25180830001312,35.679164899640455],[111.24671179970983,35.680473399727646],[111.22991929963604,35.70381539966104],[111.18991830038931,35.719512899600716],[111.18237279956509,35.73062140015753],[111.18306730011585,35.75031289992046],[111.17768880029797,35.76488540014117],[111.16027829960393,35.7760809002134],[111.15223680018823,35.79587940041404],[111.13865679987146,35.81147390010045],[111.12074280024012,35.819686900230295],[111.10608679976605,35.81924439960943],[111.09992980002033,35.8175503997312],[111.09353630016017,35.813339399793506],[111.08556380032917,35.804984900332954],[111.07816329989646,35.79640939967413],[111.05695330025469,35.7629088998259],[111.05446629977996,35.74776840039141],[111.0509567998165,35.74108139958696]]]}},{"type":"Feature","properties":{"shapeName":"Xinghualing District","shapeISO":"","shapeID":"62558664B86116096291970","shapeGroup":"CHN","shapeType":"ADM3"},"geometry":{"type":"Polygon","coordinates":[[[112.63985720024971,37.975469800191206],[112.63300240034062,37.97814840032845],[112.63294519986118,37.97589410033254],[112.63031419994047,37.97575889985342],[112.62876990031066,37.977742600140914],[112.62059089995012,37.97801310002461],[112.61876070044605,37.974721899695965],[112.61510009998972,37.9759392004338],[112.6135558003599,37.9723772996727],[112.61086759995987,37.972647900280435],[112.6140133996987,37.9694916998821],[112.61241189958957,37.965929499646734],[112.60755030040605,37.96845459989993],[112.59559630042895,37.969266200275],[112.59296529960898,37.968229100292774],[112.58901880017754,37.96304349965783],[112.58467190008821,37.963088599759146],[112.58329920009805,37.96692150042696],[112.58066820017734,37.96674110002181],[112.57878070036907,37.968905500188725],[112.57500579967802,37.96741749991776],[112.57203159957874,37.96169069986598],[112.56865710044485,37.96110450017261],[112.56797070008781,37.958759499950986],[112.57763679959874,37.952445799634006],[112.57757960001857,37.95091229996274],[112.57128810036556,37.94789049964692],[112.55933410038847,37.94883769980004],[112.55847620021655,37.94626679977307],[112.55876219991569,37.92307969996824],[112.56230829958838,37.92150050034786],[112.56190799965452,37.91752989998497],[112.55881940039512,37.91617629979646],[112.56053529966437,37.9132884004394],[112.55493009964448,37.910129600101016],[112.55538760005777,37.9042630004372],[112.54875290022619,37.90092329967058],[112.5402879001665,37.90146490018503],[112.5381144995846,37.90029149985287],[112.53697059971341,37.89631969979439],[112.52960590039208,37.8916843997153],[112.53010799998424,37.880968800369885],[112.52864879960248,37.86674560042917],[112.53105839992531,37.86879430011692],[112.55450590022713,37.86757910019537],[112.55479030003244,37.87072439991118],[112.5739962000647,37.86977919985026],[112.57403479986613,37.871574699912514],[112.57883429996298,37.86671169958532],[112.5789532002301,37.86395999985416],[112.59852319978586,37.86468819980064],[112.59852710014559,37.861920900429254],[112.60801609976329,37.86191180018949],[112.60851420007032,37.866198800034624],[112.61150490003115,37.866887599782956],[112.6220486002627,37.86202520020288],[112.62965200033966,37.86368559961079],[112.63353460024166,37.86623980012672],[112.63806420030267,37.86509040000203],[112.64712360007411,37.86828320010966],[112.65149150023262,37.86777239957661],[112.65537410013462,37.870071100001326],[112.66653649975967,37.86968799960158],[112.66508059988985,37.880286800395595],[112.66297750021158,37.88207439991368],[112.6731693002231,37.89024580010363],[112.66815430008091,37.89560780005996],[112.6746252999177,37.89994810002486],[112.6751106001741,37.90211820009489],[112.67284569986919,37.90365000004749],[112.6786695997223,37.91143610009601],[112.68158160001087,37.90964920025044],[112.68821429975014,37.911818999946945],[112.69274399963592,37.91717940000933],[112.69711189979444,37.91475450041992],[112.70827430031875,37.91654119971662],[112.71134799961055,37.92100800011917],[112.72234870023237,37.91960419977403],[112.73076100002015,37.92151839955454],[112.73351109985742,37.920752699677394],[112.73383470021133,37.91781749957801],[112.74014390032085,37.917689900168796],[112.74726190031652,37.921901300304796],[112.75114450021852,37.92100800011917],[112.75405649960783,37.91832799973747],[112.75654839958906,37.911320399616784],[112.76270840037239,37.91526079984607],[112.76270840037239,37.919463699590096],[112.76853540018863,37.92025179978077],[112.77069969963145,37.92353509956524],[112.76737000022536,37.92878809989094],[112.76104349985769,37.93220240032059],[112.75987809989442,37.93587910044016],[112.75813830024242,37.94088069978454],[112.75487810044399,37.941692599633825],[112.75224709962401,37.94633840019708],[112.74858659989172,37.947285600350256],[112.74761419983554,37.94927010013504],[112.74589840039096,37.94845830011053],[112.74321019999081,37.94967600014735],[112.74006440025198,37.952427199855435],[112.73651819985514,37.951976199741864],[112.73937799989483,37.95423120030972],[112.73600349986168,37.956621399558],[112.7285108000334,37.95278799976643],[112.73034110026163,37.94773659956445],[112.72290560001352,37.93839969958651],[112.72170449966302,37.9380387998508],[112.7203890001523,37.94115130039228],[112.71890190010265,37.9380387998508],[112.71690010005966,37.938174199979414],[112.71386870038032,37.94205340044414],[112.70854950005946,37.94146700020195],[112.70431700002962,37.94327130013045],[112.70134279993033,37.942143599747396],[112.69813979971207,37.94534609994258],[112.69356410040302,37.942143599747396],[112.69173389999958,37.942459400281166],[112.68241089994319,37.9522918995516],[112.67634820040917,37.95247229995675],[112.67160089966183,37.95589979973602],[112.67051420027019,37.959687999601556],[112.66433699995264,37.961266299899876],[112.65381300026979,37.97371139986126],[112.64614879972737,37.97537959998863],[112.64397530021995,37.972629299602545],[112.63985720024971,37.975469800191206]],[[112.58200600017688,37.873359999864135],[112.58407939974461,37.87377529959048],[112.5844405998539,37.872377899720334],[112.58200600017688,37.873359999864135]]]}},{"type":"Feature","properties":{"shapeName":"Xing County","shapeISO":"","shapeID":"62558664B7413761125906","shapeGroup":"CHN","shapeType":"ADM3"},"geometry":{"type":"Polygon","coordinates":[[[110.91738219962889,38.71153570021244],[110.90793320005719,38.70140319969795],[110.90532430007647,38.68950600000193],[110.91123959982775,38.67168429959082],[110.8878539000375,38.6567414000956],[110.8823470004138,38.63137929981491],[110.87570060040247,38.62514869955288],[110.87778949978565,38.610459999729244],[110.88647910013043,38.604739899626736],[110.89092329967059,38.58650019972447],[110.91847990042714,38.579853100040566],[110.90361530040587,38.56221840015911],[110.90665359968392,38.54439790034286],[110.90311839979438,38.52155499986338],[110.89526170026733,38.514350000352295],[110.87341000017142,38.514336399905005],[110.86427609966233,38.50901330012374],[110.86672610022941,38.49715580010013],[110.86933460001183,38.49257010032994],[110.86605030018126,38.47535210041917],[110.87354679964517,38.460344699748134],[110.87143599997148,38.45557449956357],[110.84424730017281,38.44129800040247],[110.83672040002648,38.43887600022725],[110.83052269966294,38.44106079971618],[110.81973930042841,38.448932699584475],[110.80876379970965,38.451827600163654],[110.79272659975283,38.45169720026564],[110.78078320008467,38.448850599575565],[110.77451390019638,38.44351109975747],[110.76941680004535,38.43342210034973],[110.74843270020904,38.38768970011961],[110.74660280017912,38.371827900337394],[110.7404633003411,38.36574550025466],[110.71255099972893,38.35764890027656],[110.68821049961491,38.344615700354325],[110.66399619956502,38.31096900041911],[110.64366560018738,38.30364420041957],[110.58932619964446,38.30678840026451],[110.57809910009348,38.30238329964959],[110.56713309981279,38.28903539996378],[110.56861700007454,38.266922700422356],[110.5630770000036,38.246945799908815],[110.56316760040448,38.22499370039901],[110.55911139987126,38.214754200346135],[110.5507100996914,38.20835349961436],[110.55189770031865,38.20615389998255],[110.54766880027495,38.197561299614335],[110.55048310001513,38.19503360032047],[110.55463750022051,38.19598150014616],[110.56184990025275,38.202519799848915],[110.56721500017215,38.19652729959523],[110.57939459958118,38.193867399960595],[110.57369670014265,38.1832746003426],[110.58050189974296,38.17923360015055],[110.5853263002686,38.167644699743164],[110.58934669969051,38.167223299915406],[110.60099029956274,38.17179299984713],[110.6053883998548,38.16738790013153],[110.6326294995518,38.16306760018966],[110.64419610036981,38.15919020016764],[110.65669229980983,38.16323540019363],[110.68916329984648,38.169460400377204],[110.71260079968721,38.17178739976873],[110.72232030004187,38.17066590021119],[110.73349780018339,38.165942900044854],[110.7478338002897,38.15448340038864],[110.75705730025425,38.13749290017728],[110.76953129992961,38.13466690025729],[110.78502630042351,38.14140689990853],[110.8081513002424,38.144157399944106],[110.81636030018774,38.14363840029199],[110.82684329977855,38.14025089965935],[110.84532180026093,38.127609400353606],[110.85299679986247,38.1263809003583],[110.86099229985484,38.12860889968101],[110.87814330027317,38.13679140020304],[110.90290830017796,38.14075090023391],[110.9199373003662,38.15053189982734],[110.93784329962864,38.15667739994211],[110.95140880017607,38.158473900050524],[110.95850380001042,38.16478739981869],[110.9592668001228,38.17010490042088],[110.96288279960157,38.17624640035115],[110.96633130034928,38.17687240044097],[110.97319030009231,38.174903899595336],[110.98282630019366,38.17858140011157],[111.00801079965873,38.19263839994227],[111.02535229986881,38.19874189991879],[111.02942629978395,38.20260640006535],[111.03386680041257,38.21337890041599],[111.03398879974338,38.231063900278855],[111.03613279968903,38.23369190006122],[111.03984830015901,38.23455790042681],[111.04489880013955,38.23341739999307],[111.05209330006579,38.22709639987903],[111.05647279968002,38.219497400184935],[111.07182329980549,38.20943090001606],[111.08344279964552,38.20630239963606],[111.09803029965866,38.20629490018956],[111.12490030040863,38.19423689991305],[111.13455180032537,38.19789889971452],[111.14334080003795,38.197387900431295],[111.15445699969086,38.193369000179246],[111.1616297000507,38.19906469987603],[111.18217449995325,38.20224600035266],[111.19051129985667,38.196570000305314],[111.20307930026956,38.20243840041189],[111.20876830001708,38.20967929995976],[111.21507459981297,38.21110899988048],[111.22688439979527,38.20932920018248],[111.23786150040797,38.20491350015794],[111.23798690007544,38.200297000406295],[111.23281880024751,38.19874940026466],[111.23031319999427,38.195238900255106],[111.2197488998919,38.191862900152785],[111.21799020008774,38.187200699552704],[111.21414710020855,38.1834047996918],[111.21597669986488,38.16878339973414],[111.20881769977706,38.167420899854676],[111.21205099995376,38.16204440012899],[111.2082212999731,38.156299399597685],[111.20566539973845,38.1453037999305],[111.21266539968849,38.143411999564194],[111.21628860003892,38.13967320035795],[111.2276164002767,38.11775880042836],[111.23625569974081,38.11174659962592],[111.24344160034963,38.09746660030339],[111.25987979991288,38.09432239955913],[111.26830329985745,38.12024289969014],[111.2708443001244,38.12293579994724],[111.28346730037566,38.12669069971605],[111.28811720004882,38.1313660996658],[111.3039336002555,38.13096119969964],[111.31450920033939,38.12567089999209],[111.32070749965146,38.11962370027362],[111.33504160038962,38.11655679985648],[111.34090560011339,38.1172941998675],[111.34102329978549,38.12116549978805],[111.3507206003755,38.12306250003439],[111.35705589971008,38.1328689000797],[111.36205769960321,38.145053300069776],[111.35887930033948,38.157832400145196],[111.3619003002587,38.172660899580876],[111.3621062998659,38.19837940028913],[111.36444129962632,38.210651399642416],[111.36730979970753,38.215370399624305],[111.37307730037719,38.22044739992759],[111.39840680023372,38.233505899577665],[111.40441130014148,38.243640900207424],[111.4054868002757,38.25722889999378],[111.41599280002777,38.265727899822764],[111.41964109955717,38.27338300012542],[111.42657109987641,38.27943899971012],[111.43443279963407,38.281688900222605],[111.43726329976153,38.28709040020186],[111.43270179984825,38.29817510020075],[111.43674609965285,38.30509259994358],[111.440835399734,38.30601880002763],[111.44323730006141,38.31420839979785],[111.45924379986155,38.3214795003787],[111.46398930016613,38.32659139977335],[111.47087080004746,38.3284988996046],[111.47346520025883,38.334101399859776],[111.45474969963897,38.356389200101546],[111.4579772999125,38.36213690039767],[111.45337679999938,38.37364190035345],[111.44867679999436,38.378024900129105],[111.4331651998142,38.38972519955837],[111.41924260006601,38.393007900394366],[111.40756250030921,38.39764449999376],[111.39848330016423,38.39717089991717],[111.3857812000424,38.40207929981989],[111.38200380013535,38.414801899987765],[111.38398550033065,38.421970299789564],[111.39050279996428,38.42711240021714],[111.3890803000159,38.43586619956551],[111.39338300022536,38.438927699553744],[111.39568329964465,38.45695490044835],[111.39118909959734,38.46172580030549],[111.38195679976656,38.47888549986595],[111.3865738004406,38.4902954001127],[111.37983680002839,38.5147818997649],[111.37915780019239,38.5202633998361],[111.38198830031985,38.538062899583224],[111.37805179955097,38.54798889956811],[111.37801379959723,38.55280689961876],[111.38231680018026,38.55804490015208],[111.4041672996812,38.56405640038264],[111.4116972997906,38.570209399943906],[111.40342779975322,38.572253899797715],[111.38733679965367,38.572849400279665],[111.35585780039725,38.579509899862046],[111.34230030021877,38.586124400021106],[111.34024029965019,38.590668400026686],[111.34261330026368,38.60454939983498],[111.31973280002876,38.609592400369024],[111.29448680042555,38.61920140012455],[111.28363029979857,38.61936589961664],[111.28243230031046,38.61692440034085],[111.28706379985454,38.60249340035023],[111.28617880041139,38.59564190005369],[111.2804413002259,38.59217440022843],[111.2697602995982,38.5937119000842],[111.2664717999337,38.59558490012307],[111.26283280029355,38.599330900200925],[111.24577329959817,38.62926840031645],[111.24360630039052,38.635429400246664],[111.24533079987657,38.64429089970531],[111.24426280008822,38.654289400335585],[111.24163030009834,38.656802900233686],[111.2247772999325,38.66319640009385],[111.22112279957759,38.666709900241756],[111.21321880020753,38.711139399563706],[111.20504780021588,38.72330839956305],[111.19600679967414,38.728622400003815],[111.18077829977875,38.72935090032382],[111.14523330007682,38.72312540011717],[111.13214880012708,38.7174569004157],[111.1171188003924,38.70571140016102],[111.10891729989356,38.7038078996149],[111.07396729975113,38.6880644002519],[111.06482680001687,38.68553939982348],[111.03748329991441,38.666896899872086],[111.02770230032098,38.66395940020618],[111.01879879982482,38.6586448997424],[111.00588979987441,38.658942899994884],[111.00070179984823,38.65980140001466],[110.99693329963213,38.66262789995767],[110.9798433002282,38.68375790040682],[110.96933729957675,38.68455490028845],[110.95382680016678,38.68297190013311],[110.94352730004493,38.68536739998558],[110.93961330031362,38.6893544003853],[110.93990330019722,38.69878389995705],[110.94687629980143,38.71001039966029],[110.94814279975049,38.71544640033119],[110.94817330025768,38.72051640031168],[110.9446952999482,38.726051900175094],[110.94721070011377,38.73711589957918],[110.93950560020335,38.72966290032264],[110.9361835998933,38.72220830027288],[110.92638780015693,38.713986699926295],[110.91738219962889,38.71153570021244]]]}},{"type":"Feature","properties":{"shapeName":"Xinfu District","shapeISO":"","shapeID":"62558664B18522825123836","shapeGroup":"CHN","shapeType":"ADM3"},"geometry":{"type":"Polygon","coordinates":[[[112.96613710034694,38.35773160013332],[112.96310900028016,38.35780760004076],[112.94240160025367,38.36714679958516],[112.9286834002188,38.36984350037727],[112.9242558003649,38.37767929966003],[112.90167919993519,38.375862900252685],[112.89821179993464,38.37750920008955],[112.89409470001044,38.382932800008746],[112.89259899974411,38.389512800375485],[112.89703159982855,38.392965199684284],[112.89853740038075,38.41195439997563],[112.90465199979008,38.41842759955415],[112.90222689965174,38.4275981995973],[112.9060250001537,38.42844829994914],[112.9041510998934,38.43495009976732],[112.90108270030646,38.438512999675254],[112.87123669991388,38.438651399942216],[112.85491360008268,38.4321886999486],[112.8614185996887,38.43951039998501],[112.86956339973119,38.45530659961992],[112.87422959961634,38.45760100038592],[112.87479599983556,38.47234439967434],[112.85740950024831,38.47170570025793],[112.85486309955252,38.473231900132134],[112.85274330036304,38.47697289997939],[112.85677249965124,38.482566600368386],[112.85047110026107,38.48970620028098],[112.85078999985865,38.494216400166806],[112.85318730015388,38.496825899995315],[112.86498189979488,38.49877980034756],[112.86855749992878,38.503671300190376],[112.87094090030234,38.51284119966169],[112.87585740039879,38.51748419973609],[112.87032300040619,38.52181429959029],[112.86495369975353,38.54184130043569],[112.85375280015171,38.55160039973873],[112.85356690039225,38.55524980003827],[112.84694229994727,38.56342210044966],[112.84711000012646,38.56679210027528],[112.83718400014152,38.579525299852776],[112.83526470030574,38.58490100008112],[112.824603199678,38.58855420001635],[112.81921589999388,38.59323179970784],[112.8098615999329,38.595031200129824],[112.80371370042701,38.59791770014181],[112.79378459957968,38.595971399960206],[112.78180960043278,38.59888550016575],[112.77549619958995,38.5986341000837],[112.76420390009002,38.607262899962905],[112.75786099968548,38.60805920017202],[112.7507206002756,38.611345300445294],[112.73896029987804,38.62157439983872],[112.72749329987596,38.62052890018862],[112.71740729970713,38.6169853995566],[112.6986312998946,38.606276900358694],[112.67778029972112,38.606963899664265],[112.66935729979957,38.60530839976292],[112.63800830024297,38.5888939000335],[112.61611180041928,38.58724190029352],[112.60163880029052,38.594550900104025],[112.57965129986769,38.59999840040592],[112.56049330042549,38.60187140044485],[112.55029280037252,38.606109399828995],[112.52890030040862,38.631980900398275],[112.50533279996876,38.64424490028199],[112.49931330026868,38.65229039988208],[112.47411330008879,38.67756639996941],[112.46643080014132,38.678443899966055],[112.45620729992697,38.677627400084475],[112.44554880033695,38.67404540037501],[112.44188679963611,38.67139040024682],[112.42714679978508,38.652065400298056],[112.411636300375,38.64119339985558],[112.40306830006205,38.63194290044453],[112.38807680030413,38.622234399697845],[112.36479929974792,38.60396890004478],[112.3471068004385,38.580623399950014],[112.33409130007351,38.5725858998195],[112.32660680026368,38.5702514000821],[112.3163377997497,38.560474399773796],[112.311599799791,38.54630640022026],[112.30931829979977,38.50034340032772],[112.30644230027201,38.49450289988897],[112.29779029968267,38.48730439977828],[112.29367829981379,38.472701899972776],[112.29680630017072,38.46432889965905],[112.30139929973791,38.46082690004147],[112.32314279970046,38.454273399997476],[112.32923880023054,38.45013439978277],[112.3318708001973,38.445182899870986],[112.33249680028712,38.43947240003126],[112.32373830018241,38.414146400336165],[112.32402029969717,38.40933989991652],[112.33032229983428,38.401538899900345],[112.33239730019534,38.39611039957532],[112.33228280031108,38.38807290034413],[112.32968129995209,38.38247290020422],[112.31278230036298,38.36648989968916],[112.31078329990942,38.3508143998647],[112.27046180027196,38.33098990026372],[112.26242079997996,38.3187599001493],[112.2655562997835,38.30981839969945],[112.28441629987242,38.310470400088946],[112.30388630021264,38.309219399955396],[112.31289630022411,38.31073739981122],[112.32702629982396,38.30694939959517],[112.33556379962965,38.300887899756844],[112.34529879979982,38.288944400263915],[112.35999280022759,38.276790400056996],[112.3659973001354,38.27371989965371],[112.38436079981113,38.268859900364134],[112.39890280042391,38.268028399790865],[112.40754679974509,38.26910790010953],[112.42001379999692,38.2742308998362],[112.42639930038752,38.27989590027562],[112.43791179978984,38.280486899650725],[112.44101780003155,38.277667900053586],[112.45356729959121,38.24860389975021],[112.46729280032253,38.24206939968309],[112.48412330035012,38.23894490038691],[112.49830629969608,38.239749899738115],[112.51093280010866,38.24600639957572],[112.51506780013892,38.26249289992745],[112.51936330037609,38.26787940011428],[112.53137180016847,38.26171890020714],[112.5498502997516,38.23949789980827],[112.55329130015343,38.2308728995647],[112.55555730032916,38.21219239965956],[112.56054680019474,38.20619590012075],[112.56764980039804,38.204631899942285],[112.58442729978015,38.21119689961728],[112.61788929965155,38.21971140016103],[112.63407130035034,38.22216790012857],[112.63945779963785,38.245006400225236],[112.64409630040404,38.24666190012664],[112.66127030008431,38.245788400314495],[112.67608629984295,38.238895399902844],[112.68164830002911,38.23884889955713],[112.69171080001342,38.24347289965465],[112.6984633002412,38.24354939958516],[112.71736929975339,38.23858239985793],[112.72725679976156,38.23998639985251],[112.73544329956871,38.2438544001605],[112.74880979993236,38.247016900309745],[112.76885229969389,38.24771490012262],[112.78488930000128,38.251086900040434],[112.79174030027468,38.25576790006858],[112.80534329985346,38.27622990028971],[112.8187333004015,38.29139690004695],[112.83825679961171,38.30830390000506],[112.84835829959593,38.311065399648555],[112.87551880025251,38.31408689959079],[112.9420211996187,38.33514810010479],[112.94917280008474,38.3393404004392],[112.95020279991934,38.343055999834576],[112.95750010044935,38.34588890025259],[112.95833010005413,38.350366700263066],[112.96613710034694,38.35773160013332]]]}},{"type":"Feature","properties":{"shapeName":"Xi County","shapeISO":"","shapeID":"62558664B31194119293260","shapeGroup":"CHN","shapeType":"ADM3"},"geometry":{"type":"Polygon","coordinates":[[[110.75488279980141,36.60146340001597],[110.77072880029397,36.59239189986636],[110.7851332999619,36.57980290028365],[110.79409030022725,36.57474489995724],[110.81685629967853,36.56831340014338],[110.8260728002196,36.5637243998612],[110.83619680034212,36.535987899621944],[110.83368679970613,36.51657490011161],[110.83540329972254,36.50540939962417],[110.83200829964335,36.49766140025349],[110.83698279971651,36.492400899581924],[110.8434827999913,36.48950940023866],[110.85227179970383,36.482604900196066],[110.85848979956467,36.46844840027353],[110.86144229992226,36.45596690025229],[110.8696667996831,36.45637890036602],[110.87521380007689,36.45849239980447],[110.89045729976465,36.467975400044736],[110.8951032999774,36.47440739988167],[110.89787279998978,36.48303590028661],[110.89766680038258,36.49313039994803],[110.90234380022628,36.49933239997034],[110.91510030033862,36.50777039968426],[110.92048629960311,36.51951990012333],[110.94386280022809,36.53123089968631],[110.96186829958242,36.542217400013044],[110.968559299672,36.54805740042872],[110.97509779992356,36.55985639955327],[110.98194880019702,36.56363690032276],[110.99656679981803,36.56664290044955],[111.00523380019979,36.56545639969312],[111.02513879991574,36.56642540031203],[111.04711930001577,36.57024390013595],[111.05358130033682,36.56779839977639],[111.06504079999297,36.56720340021678],[111.07211279966606,36.56822939986694],[111.08094030025472,36.572330400127896],[111.09027880012661,36.573463400215815],[111.1341173000734,36.57119389987861],[111.17622380018827,36.565379899762604],[111.19390880005113,36.56552490015406],[111.2013628002531,36.57299039998702],[111.20596330016622,36.58835990008936],[111.21476729967122,36.600936900017984],[111.23478680017075,36.604396900396694],[111.2467727998249,36.60863089959639],[111.25335680037608,36.6165084004424],[111.25604230011214,36.62283339984157],[111.26673130020941,36.633201400424355],[111.2643432998035,36.650764400057085],[111.2576063002906,36.66101090043276],[111.25628679969611,36.667381400131546],[111.26656329965664,36.68782789963791],[111.27259880009461,36.70738989972415],[111.271499799776,36.7107808996189],[111.26629629993437,36.71559140022299],[111.26056680011777,36.731628399631006],[111.25533279976895,36.73689639974913],[111.24257679967963,36.74319090043974],[111.23828879978834,36.747123900147926],[111.23680879988626,36.75187689989906],[111.23922729990005,36.75795739971426],[111.23928830001512,36.76380939978401],[111.23420730042665,36.76444989964318],[111.21130380003041,36.78105139990225],[111.20021030016528,36.800391899666465],[111.17196629990485,36.82732789986272],[111.16300979966258,36.83380890016065],[111.15252680007183,36.83971790016102],[111.0984723002565,36.84839640017378],[111.0883177996268,36.8521994001822],[111.0786588002635,36.86011139992121],[111.07594280002024,36.86608890038252],[111.07407380016582,36.88837440015851],[111.07848380028719,36.90093989955676],[111.07964329979853,36.91514589996336],[111.07418830005008,36.922260399797665],[111.05632780018789,36.92712790033238],[111.03898629997781,36.92826439968235],[111.02012629988889,36.917293400070434],[111.01193229973592,36.916091900420895],[110.99886329960168,36.91734689983963],[110.99439979971106,36.91608440007508],[110.98554230043686,36.90224839964401],[110.97480730001695,36.8966368998731],[110.96524879989227,36.8959999001753],[110.9460678002888,36.903716899915025],[110.93171680039006,36.9062194002052],[110.92121129976175,36.89527890020116],[110.90918730015386,36.890907400056506],[110.89450080007191,36.888126400413114],[110.89106730001595,36.88585640005289],[110.889579799768,36.87582789983776],[110.87164279997529,36.87237139962048],[110.85289030034716,36.86437240036605],[110.83814230012712,36.86112539991734],[110.83326730014585,36.858733900249376],[110.82869679981752,36.84469240023412],[110.8242262996041,36.83941639974711],[110.79395280018167,36.81975939977656],[110.79033629978045,36.81107689957929],[110.78935230026849,36.80161290021522],[110.79296879977034,36.7919199001833],[110.80182629994385,36.777438899685535],[110.80294030005484,36.77037789962043],[110.79033629978045,36.741039400148225],[110.79582230005917,36.72570039965376],[110.79557030012933,36.72155389999256],[110.79097030023922,36.71443189981238],[110.78848279974147,36.70603940039808],[110.79033629978045,36.69671989960375],[110.79730229996125,36.6807668995728],[110.79757680002933,36.66241090024289],[110.79470079960225,36.65537639960121],[110.77443680041807,36.64746489988528],[110.77500130036975,36.6403734002123],[110.77889229993974,36.63436890030454],[110.77870180014804,36.62953540043844],[110.76904279988537,36.62514490031697],[110.7549133003086,36.62305089997909],[110.75274680022471,36.61421589994387],[110.755172799685,36.608825399572595],[110.75488279980141,36.60146340001597]]]}},{"type":"Feature","properties":{"shapeName":"Xiaoyi City","shapeISO":"","shapeID":"62558664B35840945607256","shapeGroup":"CHN","shapeType":"ADM3"},"geometry":{"type":"Polygon","coordinates":[[[111.35411830021945,37.20468890007271],[111.35711629997735,37.19058990010387],[111.39086929977844,37.15675740023386],[111.40352629979895,37.15663890016515],[111.4140623000352,37.158256400112805],[111.43241880028745,37.16734290005485],[111.44927979992286,37.16900989958725],[111.4525603001178,37.16732039991655],[111.45540630006076,37.1594084001776],[111.44983680042805,37.10682689994155],[111.47942329964565,37.073931900137154],[111.48744179979929,37.061660899930644],[111.48632030024174,37.05289090019494],[111.45549030033715,37.04601689976016],[111.44687629970156,37.045860399737705],[111.43538679956123,37.041679400284124],[111.43769830003657,37.03741839983934],[111.45852680007181,37.03099839965648],[111.4648438000014,37.02692039955684],[111.48116279982344,37.00262090043424],[111.48889979958614,36.99446890041946],[111.49428870006352,36.991919200111056],[111.49873260012947,36.997123100150986],[111.50319319970646,36.99552930003722],[111.51011879964295,36.99759179982175],[111.51422730024979,37.00199800030754],[111.51786620006516,36.99834180023396],[111.52397020006475,37.00087299968925],[111.52373539966902,36.98868499971303],[111.51943120028972,36.98189889991437],[111.52922249981856,36.97592660023247],[111.53369130031331,36.97663089979625],[111.54006980038105,36.983714900022676],[111.55239879966496,36.981075399709994],[111.5741502999964,36.966807900064566],[111.58071879983282,36.96418389956739],[111.60462689961179,36.960276900158874],[111.61299129970877,36.953414900277494],[111.61246369983996,36.947715099672166],[111.62888550026571,36.944316299957336],[111.6315078001449,36.96086490029495],[111.64923880033041,36.968837900149026],[111.65933420021321,36.97519290003237],[111.66743809998837,36.97141459990394],[111.67538730018384,36.97331839992427],[111.66961680027515,36.98396689995252],[111.68058779988712,36.99296590035607],[111.71286780010894,36.99762740038426],[111.72061929964104,36.997436399670164],[111.7295296997359,36.994661099929885],[111.73358130023689,36.997493899623805],[111.73657069977804,37.00709330001581],[111.743841099787,37.010853299839994],[111.743630699797,37.014539100199386],[111.75524680019976,37.0172123997325],[111.7587989001492,37.01994320011863],[111.76067660004514,37.01723179990768],[111.7744969001119,37.02029000028335],[111.77846229969543,37.02550310038782],[111.77723109993536,37.03081769977706],[111.78452440028093,37.031319900093365],[111.79780860008691,37.022922100074936],[111.80486559996751,37.03003490019057],[111.8121354999534,37.0303769995989],[111.8193786999671,37.0366589997131],[111.8210832003295,37.04081819960027],[111.81760679991396,37.04800899971559],[111.81980819998847,37.048995100043896],[111.82520340021682,37.04422520023286],[111.83081359956805,37.045771800328396],[111.8365951998087,37.04007430018885],[111.84155510028774,37.041641400330434],[111.84678430005545,37.04084629981696],[111.84985540030652,37.04309890009421],[111.85317240038603,37.04326100019506],[111.85811599975364,37.053828699734765],[111.86681969966946,37.0531890002722],[111.86726380018428,37.06295390020239],[111.87280750006613,37.06345809971157],[111.8761985997856,37.065398699990055],[111.87976990026073,37.06306060026657],[111.88395780021239,37.062837599875365],[111.88442730027975,37.06990939989896],[111.88909889969455,37.07485529973235],[111.8954613999237,37.07688679988598],[111.887890100248,37.081335100334684],[111.88559570038132,37.08822880041885],[111.88894660040535,37.09121419977555],[111.90620940004385,37.0930552999622],[111.90741730016833,37.102432399635575],[111.91363570022742,37.1100177997817],[111.9182372001867,37.111071699999],[111.92242500031358,37.121804399953135],[111.92253220040078,37.13093340005639],[111.93119390017841,37.14833560000801],[111.9005583004253,37.14754840003866],[111.88789380005886,37.15231290032017],[111.87914280030003,37.158843400202784],[111.86134329965364,37.16729739975523],[111.84338379972263,37.173904399568414],[111.80448129987218,37.17482739986468],[111.78318779997704,37.17050540020409],[111.7628632998015,37.173328399985735],[111.72393779978967,37.17468639965767],[111.71420279961956,37.174044899752346],[111.65933229994573,37.1641464001363],[111.62896779992411,37.17088289962618],[111.61736279985337,37.17658239985792],[111.6106872995793,37.1818043996534],[111.59768679990594,37.19524389978619],[111.59242229994925,37.205116400001884],[111.58574679967512,37.21010990005192],[111.57512680006181,37.21401190012915],[111.56320929996929,37.21578990028371],[111.54373180018251,37.222747900095555],[111.51936329967663,37.238208899920835],[111.49952680042156,37.25845690016587],[111.49375130028233,37.26715840033995],[111.45626079989609,37.27606590012124],[111.44799780015842,37.278911400041125],[111.44103980034657,37.28364939999989],[111.42772679975207,37.30096790004859],[111.42598729957427,37.30938339962427],[111.42719280030752,37.31287739977222],[111.4056702997446,37.31558989985405],[111.40112279957759,37.31469740006503],[111.39734629989186,37.30672440021095],[111.40656280043294,37.27821290020523],[111.40772229994423,37.26977140032989],[111.40434279968053,37.24390840015258],[111.39671330037856,37.22956439967737],[111.38462829975629,37.217082899656134],[111.37020129995011,37.20931640033166],[111.35411830021945,37.20468890007271]]]}},{"type":"Feature","properties":{"shapeName":"Xiaodian District","shapeISO":"","shapeID":"62558664B85340122329193","shapeGroup":"CHN","shapeType":"ADM3"},"geometry":{"type":"Polygon","coordinates":[[[112.68455349964438,37.83853719983193],[112.6805217004162,37.8425173995584],[112.67658440014998,37.84179429966724],[112.67566869965083,37.84822950019134],[112.66944230012211,37.84866329987142],[112.66422309991617,37.84678350005851],[112.66330750014106,37.84136040016239],[112.65607379966616,37.84034809988498],[112.65781360021754,37.837672499886025],[112.65460879955651,37.831525600426176],[112.65048840001975,37.82892209997499],[112.65067150018967,37.824944199815036],[112.64078250011232,37.821544800252354],[112.63391519962681,37.813443500417236],[112.63080200031209,37.81235849984495],[112.62668150005129,37.81474560002948],[112.61212270010265,37.8088138004166],[112.60900949988854,37.80924779974623],[112.60699510034362,37.81235849984495],[112.60461439973483,37.8096818997999],[112.60424820029425,37.81351590033859],[112.6015012004201,37.813298800399366],[112.59875430037073,37.81105640023276],[112.59838800020611,37.808524400380804],[112.58547740036181,37.80866910039873],[112.58740020035907,37.80273679986345],[112.58437859969263,37.80331559993505],[112.57925099993372,37.81091170021483],[112.577969099994,37.82342539956261],[112.57952569965141,37.82458260040676],[112.58135699992567,37.823136100250906],[112.5830966997529,37.82566750025501],[112.58895680001638,37.823280700444],[112.59435920021701,37.82827120035569],[112.59170379989052,37.830006899998466],[112.58144849964856,37.83217650004548],[112.5788846997691,37.82993459990189],[112.57741969965946,37.83629850037556],[112.53204489955249,37.83578929973646],[112.53514179955448,37.82627820017882],[112.53446160002284,37.81368089985369],[112.534924400141,37.7935259003001],[112.52825430029577,37.77705000025736],[112.53183449956259,37.76625509959325],[112.53973089966132,37.75404100039191],[112.54007249994595,37.74128879993822],[112.54281909962185,37.72907059982839],[112.54281909962185,37.725133199737456],[112.53972919994271,37.71915880013859],[112.53475100005869,37.71454190018858],[112.53492259969823,37.71046790027344],[112.53131769965216,37.705714600148724],[112.51621150036055,37.69742960029589],[112.51157670030454,37.691724699635245],[112.50951679956074,37.68248710009965],[112.4995603997927,37.67841139956647],[112.4921790000609,37.67759620010463],[112.48840239965114,37.67759620010463],[112.47569950003196,37.68370980036707],[112.4703780001447,37.68194370004176],[112.45836169963275,37.66876449968197],[112.45304019974549,37.666182799696514],[112.45286850028117,37.66292150002727],[112.4502936000697,37.66074720012324],[112.44634540002028,37.66006770026422],[112.44325550034114,37.653952199734306],[112.4410239001329,37.65422400003763],[112.43621729988854,37.64851569993965],[112.430037499631,37.6452535998738],[112.42454440010408,37.64634099983732],[112.41510299980371,37.643622500378115],[112.40662960007603,37.637590799575776],[112.39862349977477,37.62459049955197],[112.39295869988416,37.62268699990517],[112.39904000009597,37.618778399703444],[112.39986400032342,37.615514599918924],[112.40334349980276,37.61478930028602],[112.40316039963284,37.61087250006585],[112.4065482995644,37.609421700251346],[112.4105770995535,37.60456160023773],[112.41442290009684,37.60434400027543],[112.4160710003764,37.60165989988451],[112.42769980010576,37.59687179959394],[112.4287070003279,37.59288149958161],[112.43557429991404,37.59331690005496],[112.43529960019646,37.59679929984787],[112.44042729978014,37.59600129992009],[112.44033570023248,37.59999140028293],[112.44592109987889,37.6010795997438],[112.44610429987358,37.602603000028466],[112.45214760013175,37.60202260006298],[112.45141499980241,37.60434400027543],[112.45581019978101,37.60753580033696],[112.45251379957222,37.6076807998291],[112.45452820001651,37.614281499891376],[112.45205599968472,37.616820099867766],[112.45214760013175,37.62022890004374],[112.45278850018917,37.62225959980077],[112.45581019978101,37.62117179963889],[112.45791609994808,37.62276730037064],[112.46981960029439,37.61943109976551],[112.47503879960095,37.62225959980077],[112.4742147004481,37.614716699815915],[112.48291330030861,37.6123232000557],[112.48373740036084,37.61406389992908],[112.48886509994452,37.61464420006985],[112.4889565996674,37.61928610027337],[112.5004937998491,37.62516049975733],[112.51294659980579,37.62088169993058],[112.51926459978154,37.61631240019716],[112.52393439965283,37.60535960016546],[112.5302522998038,37.605069399733054],[112.53409810034714,37.60746319986686],[112.53702809966717,37.60717310015849],[112.53913409965901,37.60456160023773],[112.54655090030383,37.602385400066225],[112.55149539989281,37.604996899986986],[112.55579889959961,37.60086189995678],[112.55872899964368,37.600426700032244],[112.56559639995396,37.60681039998002],[112.57306530012352,37.60433099967594],[112.57473009991429,37.621212100058415],[112.57123390002448,37.62305819957629],[112.569236100166,37.628728200246314],[112.58089019962313,37.639407600080744],[112.59071289988049,37.63953950004793],[112.59204480032736,37.634661400103596],[112.59720589983249,37.63426589985147],[112.60170100010112,37.635979799927895],[112.60469780016342,37.63558429967571],[112.60669560002202,37.633474800421766],[112.60736150033301,37.639407600080744],[112.61235610025392,37.639935000300056],[112.61485339976468,37.645735499793545],[112.61235610025392,37.64824010000069],[112.61052479997954,37.65509439988671],[112.60286640006439,37.65390820040318],[112.59870420003881,37.65588529966692],[112.59470849959769,37.665243000064436],[112.59953669975891,37.66590190005269],[112.60053560013785,37.66906480040029],[112.60619610036974,37.669196599643385],[112.60652910043768,37.6723593003415],[112.61069129956388,37.67249109958465],[112.61435399993718,37.66985549963164],[112.61452050042078,37.67367699959391],[112.61785019982688,37.67380879973638],[112.61934859985809,37.67723490017056],[112.62101350037278,37.685404099719506],[112.61984799968548,37.69014709990881],[112.60935940001639,37.69541669992083],[112.60736150033301,37.6980513996524],[112.61235610025392,37.69923700018745],[112.61435399993718,37.703847399837684],[112.62001450016908,37.70595489989876],[112.62184590026811,37.70885260006747],[112.62450970026248,37.707140299885],[112.62634099963748,37.711486799776026],[112.63766209992605,37.71069659966838],[112.63932700044074,37.7085892003314],[112.64515400025698,37.71438430029525],[112.64681889987241,37.72031070037855],[112.64565349990914,37.727948500423],[112.64765129976774,37.73058199955966],[112.65397780013541,37.73018700022993],[112.65547620016662,37.73519040001702],[112.66063729967175,37.73979859992551],[112.65997130043525,37.742168399851835],[112.65580920023444,37.742168399851835],[112.65331189982442,37.74401150013068],[112.65580920023444,37.759544600403046],[112.64265669984684,37.770205199910095],[112.64482110001381,37.773363600050175],[112.64931620028244,37.7748112000769],[112.65281240017214,37.77402159981705],[112.65564269975084,37.77678509955274],[112.65497669961508,37.78033799989885],[112.66280160001384,37.786785399726455],[112.66962760003378,37.78573279992884],[112.67079299999705,37.790995600166866],[112.67595410040144,37.79704739991763],[112.67179190037598,37.8004678004487],[112.67329030040707,37.805598000147654],[112.66430000004505,37.8065187998028],[112.66879510031367,37.814410699694065],[112.67095949958127,37.82335389986264],[112.67778539977644,37.82493189978737],[112.68427839972844,37.83124400021052],[112.68211410028562,37.83702949991152],[112.68455349964438,37.83853719983193]],[[112.534131199895,37.77026529980378],[112.54166110017968,37.77122079980012],[112.54197010004009,37.768302800134165],[112.53613650009947,37.76706000001906],[112.534131199895,37.77026529980378]]]}},{"type":"Feature","properties":{"shapeName":"Xiangyuan County","shapeISO":"","shapeID":"62558664B29831130924180","shapeGroup":"CHN","shapeType":"ADM3"},"geometry":{"type":"Polygon","coordinates":[[[113.01365679972162,36.42457589965812],[113.00031280039548,36.427249899763126],[112.99598679965118,36.430900399933535],[112.99459030000241,36.438892399764484],[113.00018329981947,36.44574740022239],[113.01528930036102,36.45307139982532],[113.09644329981847,36.47317489970192],[113.12258130008695,36.477561899661964],[113.1335218000911,36.4760324001752],[113.13939680032217,36.47314840027849],[113.14555380006789,36.462611900019226],[113.1618272995903,36.45847689998902],[113.17878730019379,36.45705039985614],[113.19516730013083,36.463069899556274],[113.20406330028118,36.468902399626074],[113.22727180035338,36.46708290025572],[113.23194880019707,36.46962739978471],[113.24082929963254,36.47915240016317],[113.2394178001914,36.48242189985086],[113.19332130043767,36.512710399965044],[113.18073279997884,36.53274890044145],[113.16697679963966,36.57155590038457],[113.1697082996983,36.586772899749576],[113.18492129977824,36.609702899569186],[113.19011680015024,36.61466990019579],[113.20430729984207,36.622661400003665],[113.21865829974081,36.62720890017067],[113.2160568002812,36.6468543996109],[113.22162629991385,36.65975940027613],[113.21130379963074,36.6572649003549],[113.19790629963609,36.66306289973306],[113.19042179982625,36.664447899750826],[113.18360880040586,36.66975039966127],[113.17446879979536,36.68232340030471],[113.16671730026326,36.689430399793196],[113.15142830027594,36.69883740012597],[113.14131929994585,36.7136688997],[113.13015729961978,36.72021090011299],[113.12178780036675,36.722026900221294],[113.11270879987126,36.72060390024984],[113.102088800258,36.71546539980841],[113.0951772998925,36.71663289968865],[113.08061980036359,36.72857289991947],[113.07183079975164,36.73312390024785],[113.06382780031277,36.73310490027097],[113.05252129961832,36.730464899935214],[113.02622980036506,36.73033890041995],[113.01721930033045,36.72753889990037],[113.00591279963601,36.70723339970169],[113.00079330007077,36.70661539998076],[112.99733729987656,36.713157400393754],[112.97646330044097,36.725345400369974],[112.96843729994146,36.72578439993015],[112.9553832995997,36.723765900376065],[112.94616679995795,36.72530740041623],[112.92436229988027,36.73860939960417],[112.9154282997763,36.74015789996719],[112.89521780036125,36.738364900020144],[112.89174630035154,36.73343290010831],[112.88327029978461,36.6969183997644],[112.87834180003415,36.686897399895145],[112.87328329968454,36.68535990003943],[112.84442880004917,36.69107440006354],[112.83901979972404,36.69066990029569],[112.82994829957443,36.67798589992941],[112.81974780042071,36.670539900096344],[112.8043822996035,36.669578399823365],[112.78511030030018,36.66091140034092],[112.78227980017266,36.654853899787724],[112.78347779966077,36.648242899790034],[112.78891729959378,36.64223090043578],[112.78485080002451,36.63246139957397],[112.77394879999713,36.627967900098554],[112.7673263003685,36.62339040034675],[112.75598129969728,36.61085489963398],[112.7552037998156,36.598216899590284],[112.7566832996946,36.5916098997771],[112.75144179989923,36.57147989957775],[112.74701679998543,36.56330490030098],[112.7254713001604,36.538722899842014],[112.70246130024884,36.526019900398126],[112.6984633002412,36.51533489958598],[112.70123280025359,36.50579440029139],[112.70574929989039,36.501128900078754],[112.71021279978095,36.492107400436225],[112.71878830043977,36.485972899929436],[112.72991930023557,36.48015589967508],[112.73590830032788,36.479896400298685],[112.75180030024376,36.475616399877026],[112.76217630029612,36.467475900392515],[112.76596080035074,36.4604909002349],[112.77583329966706,36.45692040015638],[112.78634629974204,36.45726789999367],[112.80361180004456,36.46495440012552],[112.81384279970553,36.46551890007726],[112.83273330030158,36.45811090019794],[112.84384930030501,36.45205289962166],[112.8730773000774,36.448417400142944],[112.88210279990437,36.44435489985881],[112.88947279982995,36.43931590040853],[112.90606679974303,36.41439439958191],[112.92633029980357,36.39577839995326],[112.93238830037978,36.39413789984428],[112.9566268002867,36.39307390024038],[112.98763280021365,36.39932639989348],[113.01085680010135,36.401202900093836],[113.01365679972162,36.42457589965812]]]}},{"type":"Feature","properties":{"shapeName":"Xiangfen County","shapeISO":"","shapeID":"62558664B90128670686609","shapeGroup":"CHN","shapeType":"ADM3"},"geometry":{"type":"Polygon","coordinates":[[[111.12074280024012,35.819686900230295],[111.13865679987146,35.81147390010045],[111.15223680018823,35.79587940041404],[111.16027829960393,35.7760809002134],[111.17768880029797,35.76488540014117],[111.18306730011585,35.75031289992046],[111.18237279956509,35.73062140015753],[111.18991830038931,35.719512899600716],[111.22991929963604,35.70381539966104],[111.24671179970983,35.680473399727646],[111.25180830001312,35.679164899640455],[111.25910180000812,35.67995089991416],[111.26464780035576,35.683685400361014],[111.2684708003872,35.68968590008427],[111.28531630020717,35.70478440027989],[111.29312879985429,35.70854940033462],[111.315826299744,35.71319190038594],[111.32483679977855,35.71239090031986],[111.3305282996414,35.70972040037623],[111.33289329988594,35.68915189974041],[111.33883509995997,35.68699030006235],[111.35253880022549,35.68904890038647],[111.35574329961366,35.696506399850534],[111.36086280007822,35.702159899759636],[111.38017280023462,35.70959840014609],[111.39370730025178,35.71866590011126],[111.40569279988284,35.74224490018207],[111.40844730010286,35.74224490018207],[111.40844730010286,35.7445028999889],[111.42413330041154,35.76254640019624],[111.42165380028274,35.7792858996246],[111.42915329988494,35.798698400011176],[111.43219729996548,35.80170840032247],[111.44428229968844,35.803451399762366],[111.46430180018797,35.80254740034229],[111.49053929964901,35.81703940044804],[111.51838679961116,35.8196449000921],[111.52876279966353,35.82342139977783],[111.53933729987654,35.83063140041884],[111.55506879958551,35.85116939964814],[111.56008129961236,35.85488890030257],[111.57575979957517,35.861694400276406],[111.59207129995059,35.86438740035828],[111.6013793002146,35.864257899782274],[111.63407129965083,35.84720989961721],[111.65329730043015,35.843288400439405],[111.66455829992566,35.844318400274005],[111.67489630002427,35.85059690022683],[111.67133330029162,35.862922400248635],[111.65212230020404,35.86478439978026],[111.6460267996971,35.87547690003896],[111.6449433000933,35.8914833998391],[111.64846779984913,35.900214899597984],[111.6416323002905,35.90449139985827],[111.63184280030504,35.91743090031582],[111.61868279957162,35.9289628997181],[111.6121367998735,35.9320984004209],[111.58704380013131,35.93091940001034],[111.56860329960267,35.936439400058305],[111.55879230042439,35.94983289986851],[111.5505292997874,35.97124789997065],[111.54418929969648,35.9789579002869],[111.53399680001235,35.97998790012156],[111.50299830043127,35.97666539978843],[111.49846630007977,35.97729890022413],[111.49418629965805,35.97999589959113],[111.48909779972377,35.996642900149766],[111.49201180010454,36.00000389956034],[111.48509979971607,36.00415040012092],[111.47839329981099,36.01532340005491],[111.47325130010745,36.02014140010556],[111.46746080017584,36.02194989986805],[111.45648929964153,36.02076740019544],[111.44632729956527,36.015949400144734],[111.43273180033236,36.0160218998908],[111.42607880019654,36.018016900159864],[111.42318729995401,36.02293390027933],[111.4247437997866,36.03333289959369],[111.42289730007042,36.03944339989306],[111.41623679958872,36.041667899953666],[111.40360279972947,36.03994739975275],[111.39703379987003,36.03253190042693],[111.3850708003772,36.02923190023205],[111.34877030000939,36.0418013998148],[111.31723029973858,36.04700140039438],[111.28695680031615,36.05409240004428],[111.27443680031814,36.04272089994964],[111.27295680041607,36.0355378996544],[111.27954080006793,36.01863089969629],[111.28003679955873,36.011539400023366],[111.27736679963817,36.00000739972177],[111.27127830035334,35.98594290044457],[111.2732312995849,35.95919790006309],[111.2691878001769,35.94976440030689],[111.24252329991043,35.92835589960515],[111.21108229970844,35.90687940026419],[111.20758030009085,35.898822400133724],[111.20812229990429,35.88624240006675],[111.20413230026548,35.8747483997189],[111.18466179990219,35.84839240018914],[111.17910780008498,35.844425399812394],[111.16429879974987,35.83826389985916],[111.140586799841,35.83953139985425],[111.1321718002884,35.83780690036821],[111.12801380009688,35.83454490012707],[111.12074280024012,35.819686900230295]]]}},{"type":"Feature","properties":{"shapeName":"Xia County","shapeISO":"","shapeID":"62558664B63178101845041","shapeGroup":"CHN","shapeType":"ADM3"},"geometry":{"type":"Polygon","coordinates":[[[111.06877879970193,35.2839014003294],[111.06471230013261,35.277656400122794],[111.0589063003855,35.274368399582045],[111.0422207998501,35.26930589994737],[111.03288280000129,35.261840900137486],[111.03220380016529,35.254504899981214],[111.05657980011773,35.22854589987344],[111.0764768003641,35.176875900302605],[111.08696730030073,35.17016290009781],[111.09285730032423,35.16910539989436],[111.10001380029672,35.16211340031322],[111.10305780037726,35.15071489987281],[111.09253679993344,35.13293089994113],[111.08328230033794,35.10921139968639],[111.08561680007534,35.10466739968081],[111.09358229958355,35.09837339991253],[111.12064380017131,35.087783899907095],[111.12545029969164,35.0846479000806],[111.15869130016341,35.045291900001246],[111.16591629969753,35.03371789956145],[111.16311630007726,35.020625900165214],[111.17130279988436,35.01707840024801],[111.19512180023094,35.01237890026607],[111.20989179966688,35.013271400055146],[111.2496873002288,35.01953890039999],[111.25948329961466,35.01807040012892],[111.27578679962119,35.012561899711955],[111.2910992997929,35.00040440024293],[111.29979679978254,34.998000900021566],[111.30843329965711,34.99925989962475],[111.3271103003002,35.01438139998169],[111.34500129977022,35.01323690026277],[111.34786979985142,35.008926400233236],[111.3628923001396,34.996982399817966],[111.38388080035872,34.993583899577345],[111.39179980042053,34.98795689999099],[111.39472180027093,34.98089589992588],[111.40178679962116,34.97549039976218],[111.42665879996372,34.95816390024385],[111.43477630018617,34.956432400435006],[111.4420088000661,34.95743539992384],[111.45919780043818,34.963821400337395],[111.49613180034237,34.98966589966159],[111.5044632996416,34.99228289983603],[111.53854380015633,34.973438899585574],[111.56482729994002,34.952667900403355],[111.57192229977437,34.944961400248474],[111.58486929967847,34.937774399768784],[111.62097930025459,34.92877590028763],[111.62816620001018,34.928348500183176],[111.64064290034963,34.93971159971062],[111.65436330012625,34.93971159971062],[111.67565489975391,34.95031880017257],[111.6727410999219,34.95704509955175],[111.67085290044105,34.9713838003222],[111.66606969965699,34.97757240044598],[111.65913040034775,34.98244939962012],[111.65851720030861,34.985513700097215],[111.66279690035674,34.98912310035087],[111.67428209993903,34.989060600166624],[111.67066179990218,34.99980539959955],[111.65868379971766,35.016853399764614],[111.64727080040717,35.05107489958698],[111.64414980037304,35.05401989959876],[111.62097179990872,35.05423339955178],[111.61562329967558,35.05692340039468],[111.58326730044564,35.10625440002059],[111.58344329956867,35.113353900062464],[111.59938830012999,35.12932189988584],[111.59584829965934,35.14096039970275],[111.59184280020514,35.14709490020954],[111.58730330040703,35.151168900124674],[111.57074730044764,35.154422899996916],[111.55725080038417,35.15930939960913],[111.54855330039453,35.17775739958438],[111.54062629996383,35.18361639997693],[111.5144808002488,35.19133439976281],[111.51024630012671,35.19403440016748],[111.50344080015287,35.1829678997488],[111.49820729982707,35.17810040011341],[111.49181379996696,35.17619689956729],[111.48703780005451,35.17705539958706],[111.48105630030807,35.18270890039548],[111.47322829994613,35.19932939973205],[111.4698097996826,35.20249189988135],[111.45551279957613,35.20461289966562],[111.4439468004046,35.209281900039684],[111.4226377997947,35.22756939980803],[111.40622730024978,35.23767089979225],[111.39327229997673,35.24208840025949],[111.36443380017977,35.24264539986535],[111.34815979973501,35.24472789967291],[111.3286668001328,35.25363540035352],[111.32100680032363,35.259258399755424],[111.31546180002209,35.26789700044628],[111.31870249982057,35.270948199599786],[111.31438219987871,35.27123980027659],[111.30800030037364,35.26577229995172],[111.30506589977153,35.26714220035234],[111.3102661000006,35.272707299602246],[111.30360070001234,35.27612670008722],[111.29971950035474,35.271460199828425],[111.29506459955167,35.27101579983935],[111.28957550020925,35.276812399872426],[111.28628880008813,35.27490749998117],[111.28075690021086,35.27819270003312],[111.28555340016936,35.28581119972716],[111.28107390044022,35.2978526003173],[111.28354659989571,35.301679999832174],[111.2815246001802,35.304017300058376],[111.26904400038035,35.31033250044459],[111.2554120003636,35.308829700030685],[111.2522486998177,35.315365100319184],[111.24941239996235,35.31719040031675],[111.24455520026237,35.3141701000701],[111.23949929985287,35.31469910018336],[111.23727589966308,35.30875570021544],[111.22860930037899,35.314321099838935],[111.22893189978743,35.306011699580324],[111.20542030030668,35.297064000103546],[111.19820759990085,35.30143879986076],[111.19747570014351,35.305201600173746],[111.19571560009496,35.30529459996586],[111.1881393001886,35.299733900199385],[111.18471209988354,35.301767600094706],[111.17852029997192,35.29877139988025],[111.16240679973407,35.27885439961091],[111.1489028002241,35.26927939962462],[111.13912179973136,35.268222900366595],[111.12870779972525,35.283637899869234],[111.11932429957682,35.29082490034892],[111.1080167997356,35.29478090021843],[111.09990729988203,35.294433400381195],[111.07351679966064,35.28442740030431],[111.06877879970193,35.2839014003294]]]}},{"type":"Feature","properties":{"shapeName":"Wuzhai County","shapeISO":"","shapeID":"62558664B54965145264523","shapeGroup":"CHN","shapeType":"ADM3"},"geometry":{"type":"Polygon","coordinates":[[[111.45665730019431,38.97577240027613],[111.46051029981055,38.96722039980165],[111.46906280030805,38.96299740020993],[111.4814912996838,38.96238689993555],[111.49001379969718,38.966884399595415],[111.4975967995527,38.96812790028241],[111.50182330020522,38.96670090012651],[111.51291630004727,38.955478399708454],[111.52673329960214,38.95629489958998],[111.5361327995891,38.96082689994154],[111.54383829969782,38.960235399644034],[111.54812629958911,38.95789339956082],[111.55082629999379,38.95296089962585],[111.55304679987,38.9379118999143],[111.5451277998082,38.92908490024803],[111.53547679991442,38.91100690024831],[111.5400083002429,38.90523140010907],[111.55033930001872,38.90497990020231],[111.57982630004375,38.921603899700244],[111.58741830031437,38.92261489955803],[111.62552630039852,38.908153399959474],[111.6545712998257,38.89261640022676],[111.66532880038392,38.89466840042638],[111.67357630030608,38.8945538996428],[111.67994680000487,38.8918344001375],[111.71781930002072,38.85852039989658],[111.7363967996726,38.84482939985696],[111.7398378000745,38.83739839981632],[111.75620280021911,38.82154389983117],[111.76267179996364,38.812632899888456],[111.782226299704,38.80149439974679],[111.79441080041818,38.77743890018513],[111.79930130021489,38.774654400380314],[111.80584729991301,38.77331539978593],[111.81903830027738,38.77407439971381],[111.85832179971135,38.7802428999899],[111.87354280016018,38.78130739961688],[111.87523630001527,38.76416789972882],[111.86917130001552,38.74901189957956],[111.85736080036071,38.73637839974339],[111.83457179984873,38.72536840013163],[111.83139029972261,38.72019189973645],[111.83354930036,38.71408439957543],[111.83914180015404,38.71119690041667],[111.8462297996656,38.71780390022985],[111.86472329994041,38.72267890021112],[111.88995379972812,38.73217039994404],[111.9175033003371,38.73785390033726],[111.92450729957227,38.74317540022457],[111.92768080022881,38.748580900388276],[111.93116780005397,38.76293939973357],[111.93213629975048,38.77537140017006],[111.93528730026873,38.78123089968631],[111.95037830011853,38.793522399938865],[111.95184330022818,38.79816790012853],[111.94885229989376,38.80814739988267],[111.93438730013384,38.8227194000803],[111.93595879975885,38.83035289956672],[111.94391629979748,38.843971399860266],[111.9470977999236,38.85396190012165],[111.94367979968308,38.86140039960878],[111.94360329975257,38.87653739978123],[111.95105729995447,38.88417440032839],[111.96182229995924,38.89996339999095],[111.97720329969258,38.91272340026478],[111.99057780042523,38.92012389979817],[112.01389330003587,38.92423989985156],[112.01802830006602,38.928527899742846],[112.01232929985736,38.9301453996905],[112.00663729997143,38.93634389955139],[111.9989472996782,38.941325899970366],[111.97781379996695,38.98179990034515],[111.97308380037714,38.98665989963473],[111.95894630043148,38.99092840042539],[111.95397180035837,38.99509440008654],[111.94238280012621,39.010238399682464],[111.92430129996507,39.03912339982509],[111.91761780022136,39.046661400303435],[111.90630330005729,39.052867899633895],[111.89581280012067,39.05520639955574],[111.87535880026849,39.056690399642264],[111.8663022999113,39.05977639986099],[111.83904280008522,39.07497390012543],[111.8270493000852,39.07770540018413],[111.81613180024243,39.08208439977528],[111.80489329998585,39.08232490007413],[111.7881162997275,39.09036240020464],[111.76289380030869,39.11434940020473],[111.75495130006249,39.12710190013263],[111.7483978000185,39.132343399928004],[111.74253080015637,39.14059039982715],[111.73702980008528,39.156425399812406],[111.74019630041897,39.16206339990606],[111.76072680020172,39.17322140004762],[111.76730330040704,39.18106090004056],[111.76972180042083,39.18918589970957],[111.76763929971395,39.20263690037268],[111.76509830034632,39.209644399769275],[111.75418829995016,39.21356189966201],[111.73217029991946,39.2287213999727],[111.73066779987914,39.23347839990828],[111.73513079974668,39.250636899773156],[111.70876329968661,39.251163399771144],[111.66107180012352,39.24300789959494],[111.60836779963432,39.22200389956038],[111.60196680032766,39.21599590039057],[111.59501629996231,39.20891190016414],[111.59591680012028,39.201591399823315],[111.58886729968617,39.19448839962001],[111.54358679979106,39.172202899844024],[111.51296979981646,39.168239399628646],[111.50582130021292,39.16465739991912],[111.4994887995685,39.152873899710755],[111.4891508003692,39.14238739995858],[111.48827380039563,39.133861399783825],[111.49305729975464,39.12465639977307],[111.49418629965805,39.1169014000796],[111.49265279998679,39.109496900361705],[111.47421280038049,39.077956900090896],[111.47038280002624,39.0653989001392],[111.47789780034327,39.04667690011888],[111.47679880002465,39.02460090011152],[111.47988880042789,39.00592040020638],[111.48377229965195,38.9969064000104],[111.47487630040098,38.98505040005597],[111.46697979957816,38.979888900352535],[111.45857230037143,38.97791990038314],[111.45665730019431,38.97577240027613]]]}},{"type":"Feature","properties":{"shapeName":"Wuxiang County","shapeISO":"","shapeID":"62558664B78083158444138","shapeGroup":"CHN","shapeType":"ADM3"},"geometry":{"type":"Polygon","coordinates":[[[113.20806879973543,36.946262399590125],[113.20449829965685,36.92747089996209],[113.19730379973066,36.92562840043041],[113.18498229989325,36.92798590032908],[113.17312629993887,36.94115839984033],[113.16095729993947,36.94072739974973],[113.1550903000774,36.9380608999906],[113.15032979998034,36.925578899946345],[113.14385980018972,36.92088690031028],[113.13652780021789,36.919982899990885],[113.08296180044681,36.91823190018209],[113.0765993002176,36.91999789978331],[113.06939729994554,36.925777400106995],[113.06108080043862,36.9279669003522],[113.04026029987301,36.92742939984697],[113.0336302998985,36.925521900015724],[113.01315279986193,36.92725740000907],[113.00234229955754,36.93014139990572],[112.96161630015217,36.90607439981375],[112.95291129981672,36.899741900068705],[112.94595330000482,36.89162439984625],[112.9223707997727,36.87422939986698],[112.90704329980849,36.87175740008399],[112.89137280021464,36.874862400279596],[112.88495630019315,36.88610089963686],[112.87169630024414,36.89382989992998],[112.86853079995649,36.899673399607764],[112.86939979956117,36.90560139958495],[112.87551129990663,36.915878399568555],[112.87632729976508,36.93128190033946],[112.87564829992914,36.93643190041195],[112.8657532995752,36.947536399884996],[112.87335180014554,36.9699208997298],[112.87077329994793,36.97779490041438],[112.86480730001699,36.9843634002508],[112.84703080043118,36.98696889989486],[112.84221629964259,36.98950189979291],[112.83667729961769,36.993030399733186],[112.82673629984038,37.005977399637345],[112.82261679962562,37.00729390009349],[112.81456729984109,37.00943389985463],[112.78794879989721,37.006854899633936],[112.78119679969257,37.01002440010603],[112.77615330003482,37.014892399764506],[112.77226229956557,37.02981189979937],[112.7612687998153,37.037540400069474],[112.75630180008807,37.04701239980244],[112.75254829966434,37.04898439991018],[112.74669629959465,37.048373899635806],[112.73926350001057,37.04479769965417],[112.73241609972331,37.04442199977552],[112.73224850026816,37.0684001000846],[112.72340680028367,37.072967700099355],[112.72855380021781,37.07848339958929],[112.71623359990076,37.08170270001966],[112.70939140039286,37.0863378004492],[112.7053525001179,37.092094500261055],[112.7006915999375,37.09358549977105],[112.68762910010298,37.09208659971688],[112.67802830036578,37.09855479996412],[112.66791789979129,37.09854989955829],[112.65855889987336,37.104713100129516],[112.65645940018123,37.10876290018774],[112.65253110033007,37.11119720039056],[112.64798830002007,37.11131470041312],[112.6409221998997,37.118890600121176],[112.6344297997955,37.12025440042032],[112.63143930038348,37.11752689964675],[112.6312867996462,37.10645289978157],[112.6169663002546,37.10523240015522],[112.60825330044952,37.10280239961111],[112.59825129965782,37.089401400354404],[112.58441179996464,37.08143589994688],[112.53991680032016,37.09313940006331],[112.53498829967032,37.09705339979462],[112.53106679959319,37.110118899767485],[112.51451880000263,37.12964640006135],[112.47763829986775,37.12607940014425],[112.44793679984355,37.120231400258945],[112.44019329978107,37.11745840008513],[112.43921679971561,37.11363189989231],[112.44075779973275,37.108180900328364],[112.44566330022121,37.10403839995223],[112.47261830039429,37.098819900318176],[112.47918680023076,37.09429590033557],[112.48169729999051,37.085521900415415],[112.48285680040112,37.06924839999374],[112.48143779971474,37.05921539957109],[112.47857730000248,37.0532419001936],[112.47969780041319,37.048980899748756],[112.49141680034518,37.04213689979815],[112.49857330031762,37.03363389978472],[112.50592030008181,37.0142554000667],[112.50266280004826,37.00138840025454],[112.50684330037802,36.99430840021256],[112.51622030022679,36.991370899647336],[112.53240980037208,36.99173740036076],[112.54110730036166,36.986087899736845],[112.54293079991658,36.98060989982707],[112.54847730028723,36.97561239959259],[112.56199629958962,36.96966190037648],[112.59194930041997,36.967262400339564],[112.60331730035318,36.96375290037611],[112.61054229988724,36.95735140014705],[112.62171179965992,36.941448399723924],[112.62735730009933,36.93774039959982],[112.63342280012216,36.93703440031737],[112.64327979962309,36.94012439982123],[112.64714079960822,36.94300889974096],[112.65370179999809,36.943691399738384],[112.66915879963892,36.9387129003801],[112.69586179988221,36.92126439973231],[112.70226280008819,36.91964739980773],[112.7065117999797,36.92047490019655],[112.7131727995851,36.9258959001757],[112.72767580019809,36.92077240042602],[112.74038680001092,36.90853890015018],[112.75234280008021,36.90478140044132],[112.76226029967313,36.89829189975143],[112.76644130002603,36.89024790022046],[112.76956930038295,36.86664589998833],[112.78028079971921,36.85579689970723],[112.77751179972984,36.839572899769564],[112.78482829988616,36.82353590036155],[112.7818832998745,36.79728690037018],[112.77831279979591,36.788680900103486],[112.77113279963908,36.7781213996829],[112.77139279993787,36.7730829002557],[112.7772063000308,36.76547990037716],[112.79225179958098,36.75083540043346],[112.81049329992595,36.75212489964446],[112.82389079992049,36.758296900081916],[112.85337829996865,36.757652400038296],[112.85719279960813,36.755714399699855],[112.86051179977983,36.74641789996616],[112.86850729977209,36.74093990005639],[112.88596329986649,36.74058890005773],[112.89521780036125,36.738364900020144],[112.9154282997763,36.74015789996719],[112.92436229988027,36.73860939960417],[112.94616679995795,36.72530740041623],[112.9553832995997,36.723765900376065],[112.96843729994146,36.72578439993015],[112.97646330044097,36.725345400369974],[112.99733729987656,36.713157400393754],[113.00079330007077,36.70661539998076],[113.00591279963601,36.70723339970169],[113.01721930033045,36.72753889990037],[113.02622980036506,36.73033890041995],[113.05252129961832,36.730464899935214],[113.06382780031277,36.73310490027097],[113.07183079975164,36.73312390024785],[113.08061980036359,36.72857289991947],[113.0951772998925,36.71663289968865],[113.102088800258,36.71546539980841],[113.11270879987126,36.72060390024984],[113.12178780036675,36.722026900221294],[113.13015729961978,36.72021090011299],[113.14131929994585,36.7136688997],[113.15142830027594,36.69883740012597],[113.16671730026326,36.689430399793196],[113.17446879979536,36.68232340030471],[113.18360880040586,36.66975039966127],[113.19042179982625,36.664447899750826],[113.19790629963609,36.66306289973306],[113.21130379963074,36.6572649003549],[113.22162629991385,36.65975940027613],[113.23326879991521,36.68313990018629],[113.23681629983241,36.686679399734544],[113.25673630024016,36.694598899819425],[113.26534279963062,36.700580399565865],[113.27822079994996,36.70622990018978],[113.2977372997367,36.71046040012743],[113.30227680043402,36.71792589996039],[113.3024597998799,36.72664640011135],[113.29842379991851,36.74694439996415],[113.29862980042503,36.75520340041663],[113.31294230034689,36.76776939983796],[113.31806930025812,36.77479540008767],[113.31543730029125,36.7825164000119],[113.31693280000877,36.80067440010356],[113.32241079991854,36.806106399690634],[113.3370438002313,36.811794400291376],[113.34287280013973,36.815860899860695],[113.34934229990722,36.82498539975643],[113.34512329960069,36.836334399712825],[113.32792679978206,36.85648740007349],[113.32650729997192,36.86286940030266],[113.3296888000981,36.86869039984214],[113.33773779985961,36.87442389984318],[113.36905679983147,36.886092900167284],[113.3658597998899,36.90282440012601],[113.36691279988588,36.90965640042259],[113.36305930024662,36.916511399981175],[113.35208130031185,36.921993400075394],[113.34194180037389,36.93293390007949],[113.32450880044087,36.94713989958677],[113.31179030028215,36.96388640023724],[113.30529030000741,36.976085399821386],[113.29799629998934,36.979343399878076],[113.28813180014254,36.977077399702296],[113.2823028002341,36.970943900140924],[113.27163680029821,36.95211040037475],[113.24669630039398,36.93212889982891],[113.2291563000233,36.92668140042633],[113.22283930009371,36.92868440016497],[113.21948229996826,36.93317390035526],[113.21713230041541,36.94427090038181],[113.20806879973543,36.946262399590125]]]}},{"type":"Feature","properties":{"shapeName":"Wutai County","shapeISO":"","shapeID":"62558664B67639053136699","shapeGroup":"CHN","shapeType":"ADM3"},"geometry":{"type":"Polygon","coordinates":[[[113.54026849979152,38.51703850022665],[113.54920640025523,38.52030959980823],[113.5606536997085,38.56611249969217],[113.59992980042,38.59230420027865],[113.6063918996665,38.64554599984808],[113.7031936998294,38.6546782995639],[113.70940509956574,38.66642500041348],[113.70541569977479,38.68199809983247],[113.70908600031873,38.69395590034458],[113.703111400171,38.711809700257504],[113.72105430041574,38.7086513999422],[113.74594860034767,38.699062300384924],[113.75643159993842,38.70071409957609],[113.76924700024892,38.71201340029825],[113.76512549994197,38.72502700039581],[113.75919359960506,38.73367640014578],[113.77961959996458,38.74214069963364],[113.7822617002173,38.750942399572125],[113.79635619997873,38.76263430023283],[113.82274630000177,38.755824999723984],[113.83312230005413,38.75778960020995],[113.83010099976138,38.79533389983965],[113.84722900001839,38.80957409966504],[113.8491287000295,38.828350100376895],[113.79474640002638,38.85415649992257],[113.76956179983722,38.884891499942796],[113.76088710035947,38.95883560038271],[113.77670279999427,38.98848340008891],[113.77192680008181,38.99443440022742],[113.76953879967596,39.00285740014897],[113.76303880030048,39.01095590039455],[113.75331929994582,39.0182874003433],[113.74318680033059,39.021022899687125],[113.73375679983656,39.02102639984855],[113.68443279963401,39.00905239984843],[113.67228229958846,39.014554899988696],[113.67342890012367,39.022696900441645],[113.66529900004889,39.02715580030002],[113.66400609960192,39.03815209963972],[113.66087610005206,39.04102450008065],[113.65748109997287,39.05479729975565],[113.6449829004406,39.0607086002218],[113.63687880011662,39.06197739973726],[113.62716610043526,39.06265400018202],[113.62040430031823,39.06057520018538],[113.61392980032008,39.06071489997271],[113.6055312997297,39.06700560012837],[113.59805280019668,39.06673439967284],[113.56915280026158,39.08067340035717],[113.56296170002247,39.07891170041472],[113.55929240042406,39.07115390023239],[113.55062320030049,39.06565679962165],[113.54838249985255,39.06142910017286],[113.53478990003396,39.0532713004302],[113.53630050026788,39.04477389959584],[113.54068049990519,39.04290899975058],[113.536397699894,39.03193850016169],[113.53176559960275,39.02695670029152],[113.50601889975246,39.01248220009353],[113.50055510013783,39.00779429956731],[113.49985040037575,39.00102270043732],[113.49548870014348,38.998444600438006],[113.48271179980975,38.978030900106035],[113.47244280019515,38.97019540029754],[113.45040880032593,38.96204739956789],[113.4436722999368,38.961181400101566],[113.43031329991891,38.96380589972256],[113.4134062999608,38.97275539964204],[113.38800829964339,38.981010399910076],[113.3666303003481,38.984786899595804],[113.35664380027117,38.99070740012644],[113.3432922996999,38.98621339972868],[113.32894129980116,38.984214900197514],[113.30225330024962,38.97522340013984],[113.28016679975804,38.96177290039907],[113.27776330043605,38.95666190032648],[113.2779693000432,38.95207990036715],[113.28410329962765,38.927490399562316],[113.28375229962899,38.909366400139334],[113.27818279999633,38.90256040014242],[113.2727508004092,38.89897190013312],[113.25787329961315,38.89602990025975],[113.24002030009683,38.887504400108014],[113.22762280035204,38.87591539987585],[113.21643829988773,38.875827900337356],[113.18721030011534,38.884162899798014],[113.17801679973559,38.879310399955045],[113.1539917997818,38.852477900035126],[113.14183030012828,38.84845339970468],[113.12963879999074,38.85130639997044],[113.1171798001078,38.859656900145865],[113.09722880006916,38.85861189961952],[113.07753730030618,38.87041089964333],[113.06699379972417,38.86940740013148],[113.05889829961689,38.86641689982014],[113.03959629982944,38.852081399736846],[113.02848880021804,38.850829899580276],[113.0116727999598,38.84596640012933],[113.0114517996609,38.83839389985866],[113.01402280041202,38.82814740038225],[113.01209329956623,38.8193778997703],[113.00872779994802,38.816066899967495],[112.98224630002676,38.81067639959622],[112.96089930036248,38.80245590001982],[112.95570379999049,38.79495590039454],[112.95594779955138,38.78992090022939],[112.95886229995529,38.784503900434686],[112.96401230002766,38.78145189998526],[112.97814929995025,38.780738900380015],[113.00224280036502,38.77482240003377],[113.01554879973742,38.76720040017835],[113.02999879970491,38.75410439969835],[113.04062629966404,38.74089440025642],[113.0407333001018,38.72690940014877],[113.04277779995562,38.72100839961797],[113.05526730034569,38.70556239958512],[113.05909729980056,38.68733189974745],[113.0650713001005,38.679027399894665],[113.07830030041862,38.67253890015019],[113.08289329998581,38.66854839958904],[113.08571629976745,38.66061820026977],[113.08405440029037,38.65887800041946],[113.08111019977594,38.65122960006602],[113.08926219979071,38.64721820015984],[113.09228059976988,38.6359160998482],[113.08757289976961,38.63301600028825],[113.08396549960821,38.62764680035963],[113.08291720036857,38.615882800151155],[113.09342329994536,38.61391959990965],[113.10423280020359,38.615291399678426],[113.12028469957932,38.60883749955104],[113.14053329967214,38.57920890037053],[113.15263430013295,38.57130790023945],[113.17308419997596,38.56561700022445],[113.1836184995941,38.5552062998309],[113.18788129958239,38.550311899674455],[113.19332130043767,38.53419089999011],[113.20153130042922,38.531460999825356],[113.2033296999058,38.534063799704654],[113.20941190033898,38.53551110025711],[113.21885629987844,38.54547140038488],[113.22493729971666,38.54701989984858],[113.22524769982158,38.54533789962443],[113.23059059997627,38.54190579981287],[113.23454959998412,38.53319480009998],[113.24005350036884,38.531415500425055],[113.24303610013601,38.52444919987073],[113.24568719990441,38.52365639982304],[113.24573980035154,38.52171280030552],[113.24817520042518,38.52163719969707],[113.24699500031909,38.51998360006314],[113.24908720021415,38.51717989973264],[113.2559599002293,38.51284739958788],[113.2622602995732,38.505889899799115],[113.26589920028789,38.492176799819504],[113.26510530036933,38.48965760001829],[113.26668249989757,38.4891206004354],[113.26452629974904,38.481876400375654],[113.27030880021107,38.4752796995985],[113.28490960029785,38.46865950043565],[113.28792130032775,38.46860029986402],[113.29320519956036,38.47054660004562],[113.29685190009513,38.47025679981152],[113.30579660033288,38.476436299695536],[113.31233690012789,38.47663119987004],[113.31615630017313,38.478505899627635],[113.32424799974547,38.48720160007383],[113.3344382996878,38.49189600000045],[113.33797449962356,38.491929499746675],[113.34272839959601,38.496073500191926],[113.3610458000237,38.495657900092056],[113.36974039969971,38.497256700436424],[113.37579149977796,38.50154230003716],[113.3801613002039,38.50769350005504],[113.39994829987415,38.513160399632795],[113.4054025999501,38.52042640015827],[113.41236640038915,38.525766800197744],[113.43036159980807,38.517356200128575],[113.43746180042183,38.51575090038381],[113.44473319957751,38.51001679963565],[113.45545179996066,38.508449400019856],[113.45848619977835,38.50566950024728],[113.46510329987746,38.50796890034451],[113.4690689000098,38.50710769966065],[113.47389850041554,38.50983230012059],[113.48142379976855,38.506843999550995],[113.48737660034988,38.512293099746785],[113.49265279958706,38.51267239961163],[113.49704920016052,38.52075439999561],[113.51077279972503,38.51921840020907],[113.52173639971511,38.524640000036015],[113.53447370020115,38.5209856004052],[113.54026849979152,38.51703850022665]]]}},{"type":"Feature","properties":{"shapeName":"Shuocheng District","shapeISO":"","shapeID":"62558664B48401647155637","shapeGroup":"CHN","shapeType":"ADM3"},"geometry":{"type":"Polygon","coordinates":[[[112.73470279959463,39.14566439999214],[112.7405623000102,39.157141899579074],[112.74304180013905,39.177703899915116],[112.74900830009301,39.1838569003757],[112.75380680014382,39.18619540029755],[112.7512437997616,39.18728240006277],[112.74977130020545,39.192512400227145],[112.75105279994682,39.201953900352294],[112.75546280006824,39.21333289989349],[112.75007770012587,39.212912099913524],[112.74254130044073,39.22445910000749],[112.75324690022433,39.23491269986124],[112.76583680002841,39.24226579972691],[112.76662259975319,39.255246900124405],[112.76020030000393,39.25773639981503],[112.75975780028227,39.277210400339754],[112.76223719968709,39.292886699661494],[112.75036030038757,39.33989229978988],[112.74357500008625,39.339796100209924],[112.73737330043753,39.34183490016056],[112.73822029992698,39.348052900021344],[112.74288509956773,39.35159329979098],[112.7375110001326,39.36584479959788],[112.75033029990345,39.374346900289254],[112.74977990042214,39.381796500108464],[112.739710900138,39.37868489978837],[112.73261280034058,39.386390399897095],[112.72920979989237,39.394534400442296],[112.72357930014459,39.40008139993671],[112.72024099962255,39.40916639980958],[112.7128373003012,39.412345899843444],[112.70950330033713,39.41934189960904],[112.71538079978416,39.42402389968328],[112.70736739968584,39.433759899899485],[112.69045290028123,39.447904300343225],[112.68375150043141,39.456185399836386],[112.67849409972303,39.458968000273046],[112.67618489971346,39.455738499732036],[112.66263510042961,39.45383030022822],[112.65254619994721,39.44622099969945],[112.64973069961218,39.441328900008784],[112.64081480016296,39.434080699764536],[112.63706079971621,39.43335580032999],[112.6239217001264,39.43806729996595],[112.61946380031418,39.43589280041249],[112.60820170004843,39.4369799998272],[112.6058554003065,39.44332200001037],[112.59107390034023,39.44640219960189],[112.58239280038754,39.43661760002226],[112.57934260038076,39.42918769985249],[112.57465009982229,39.427556600356866],[112.57488469966927,39.41976319961202],[112.54790260022492,39.41378160004086],[112.54485250004291,39.411425100188296],[112.54109839977139,39.41160630009074],[112.54180230003612,39.415412999910075],[112.5373444002239,39.421938200087936],[112.53359039977715,39.421938200087936],[112.52842859970019,39.42465680027118],[112.52819399985322,39.42955009965743],[112.52561310026442,39.43118120005238],[112.52443989958181,39.43806729996595],[112.52138980029906,39.44114770010634],[112.51787039969929,39.44169129981367],[112.51435099999867,39.43842969977089],[112.50613899991492,39.43842969977089],[112.50261960021442,39.440422899597195],[112.49933490018554,39.43879209957578],[112.49276529957899,39.43897330037754],[112.48948049972535,39.43516790007857],[112.48384949995454,39.43462430037124],[112.48314559968969,39.427919099986525],[112.47516830017696,39.42773780025931],[112.45991749979282,39.423569400307656],[112.45123630001524,39.4237506002101],[112.43973959990262,39.426650400295784],[112.43575099960901,39.42973140028397],[112.42871220020788,39.43172479975976],[112.42284649986618,39.42864400032039],[112.41791929963608,39.42918769985249],[112.41064590038809,39.43462430037124],[112.40196469971113,39.43734250035618],[112.37756349985568,39.43879209957578],[112.37169790023802,39.433537000232434],[112.35503930022355,39.43389940003732],[112.35339699967187,39.43063749962096],[112.35668169970074,39.42828149979141],[112.35738559996548,39.42556300033226],[112.34870440018801,39.4190382003527],[112.3170298001852,39.41758810021071],[112.31679520033833,39.415775500439054],[112.32430320033245,39.41106249983454],[112.32359939989249,39.4087059001572],[112.31538739980874,39.4087059001572],[112.30412530044237,39.40417370015621],[112.28957850014774,39.40580529967491],[112.28300890044045,39.4019980998325],[112.27831639988199,39.40127299984914],[112.27362380039813,39.40254199991341],[112.27315459980503,39.40743690009293],[112.26940060025754,39.41160630009074],[112.26447340002744,39.411787599817956],[112.26423880018058,39.41976319961202],[112.25743459972705,39.42320689977868],[112.25321129976169,39.42302560005146],[112.2485188001026,39.41795059984037],[112.23561430035977,39.418856899726165],[112.23326799971846,39.4206693996731],[112.2330333998716,39.42538180042982],[112.22446429968772,39.427300799892066],[112.22030440012804,39.431815400160644],[112.20802589957566,39.434944200014854],[112.19398979998937,39.43340880007611],[112.18425899965314,39.43990409959457],[112.1799496003938,39.439355700205454],[112.16112550034165,39.420124000422334],[112.14324090044727,39.41207320021806],[112.1327792003998,39.41055719955517],[112.12884249998149,39.40770480003653],[112.12745130003748,39.4050801996915],[112.12792059955609,39.39329530013805],[112.10938500021769,39.385860700111266],[112.10774269966589,39.3818710997715],[112.10351939970064,39.378425299687876],[112.10070390026488,39.36935669985189],[112.08884600004296,39.36991380018179],[112.08486430024732,39.36734860005788],[112.08254159961518,39.36067869986215],[112.07258719993933,39.35683040010292],[112.0626328002636,39.36503980024662],[112.05267850041253,39.368631199670176],[112.04902850026508,39.37273539971898],[112.03243789978933,39.37170930024405],[112.03343330000689,39.36709209992051],[112.02845619999368,39.36657899982106],[112.01883359979081,39.370683299694576],[112.01444089992765,39.36798540010619],[112.0081788000117,39.36222389971323],[112.00779730040517,39.35002890031353],[112.02078230026302,39.342933399556784],[112.0270692997085,39.33686440027191],[112.0318677997592,39.32654189998874],[112.05126180019204,39.3036729002842],[112.05107879984678,39.30022789969786],[112.04134379967672,39.29643990038113],[112.04576130014391,39.28983689985307],[112.0506593002865,39.28873040008796],[112.061180299831,39.28114690020931],[112.07848380008738,39.251991900206065],[112.0858917999667,39.24974439998414],[112.0905532999949,39.25119390027834],[112.10106680009278,39.26898939984096],[112.1076127997909,39.27327739973225],[112.1278912996438,39.27801140040583],[112.14492029983205,39.27655389974274],[112.17604829998913,39.26558290013077],[112.1816022998064,39.260719399780555],[112.1876067997141,39.248664899665414],[112.18525680016126,39.23202490032895],[112.18905630000825,39.21692640013333],[112.18769830033636,39.2052763997861],[112.19854729971814,39.1960333998216],[112.20787830014353,39.196845900418],[112.21991730044317,39.202270399659255],[112.24758930040593,39.19849790015803],[112.25192279969747,39.19558339975413],[112.25543929998378,39.18904889968701],[112.25552380028319,39.168731399834314],[112.26603680035817,39.150970400063954],[112.26867679979455,39.136581400211526],[112.27404780016593,39.126041399790836],[112.29197679958963,39.11040489996623],[112.29789730012033,39.10827589981295],[112.30433630028006,39.10771189988435],[112.32962780018295,39.11451339967368],[112.3370818003848,39.11478789974183],[112.3431623002001,39.11379239969955],[112.35691829963991,39.10635740037378],[112.36615730031917,39.104625899665564],[112.37371079971365,39.105579399569706],[112.39829230014959,39.11357889974647],[112.41649629966457,39.110359399666606],[112.42511729972364,39.10429339962076],[112.43090829967832,39.1033208997398],[112.45070629985594,39.111041899663974],[112.49153130022944,39.13674939986498],[112.4987562997635,39.13957189962355],[112.52162929965255,39.14169689959232],[112.53968030020576,39.137321400162534],[112.54622629990388,39.13142739995459],[112.55211679995045,39.123054399640864],[112.55502329998535,39.114482900065866],[112.56044780012598,39.1130753999098],[112.57824679985004,39.11310190023255],[112.5853728002146,39.11107989961772],[112.59113329966215,39.10387039989911],[112.5921783001885,39.09892640033314],[112.5963822998034,39.09323889975548],[112.60520180002311,39.086677400241854],[112.61180080036672,39.08516289964814],[112.62686129970928,39.08473589974204],[112.6318658002665,39.08451440031939],[112.64350129994511,39.089011899979255],[112.64605730000449,39.09224689987457],[112.65261830039435,39.11451739985819],[112.65701229977788,39.12012490034391],[112.6628493000552,39.12352389970823],[112.66982279968249,39.124511900304014],[112.68688979982448,39.12158590026911],[112.69416029965817,39.12254689961975],[112.7178118003743,39.131954399975655],[112.72598280036595,39.13698940014075],[112.73470279959463,39.14566439999214]]]}},{"type":"Feature","properties":{"shapeName":"Xiyang County","shapeISO":"","shapeID":"62558664B12827417745701","shapeGroup":"CHN","shapeType":"ADM3"},"geometry":{"type":"Polygon","coordinates":[[[113.45151520026639,37.71689659959844],[113.44723970005214,37.71513839981736],[113.44603830022743,37.71186499977],[113.44323519974478,37.710597800148435],[113.42788499999278,37.71556079969122],[113.41039900031365,37.71682779966329],[113.40772939969213,37.71429369989437],[113.40385849996983,37.713660099633955],[113.3961165998013,37.71629990032022],[113.38623910025433,37.71292090007955],[113.37823020036353,37.70764100013213],[113.37769629984439,37.69940359959651],[113.37289100001965,37.69581270019603],[113.37075529991716,37.690320300341625],[113.36715130009247,37.68725699991069],[113.37222359963948,37.681235799592514],[113.3708887997783,37.6795456002493],[113.36635049967583,37.68165840001518],[113.36221260023137,37.68028510017729],[113.34232399965288,37.66718439984021],[113.34285790017202,37.66190120028023],[113.33444859962322,37.65492690025627],[113.33084459979852,37.64879739998008],[113.32790810017877,37.63558550027068],[113.33257990014238,37.636853899587834],[113.33912039958682,37.62903150020361],[113.34646189999671,37.62575429962129],[113.34766319999676,37.623745599979486],[113.34325829993065,37.62205400039187],[113.34325829993065,37.6179306996421],[113.34619490027444,37.61433580005718],[113.34232399965288,37.609048899786956],[113.34312489989429,37.60429029995743],[113.34726280023813,37.599954500200056],[113.34739620027449,37.59582989992998],[113.3412560996893,37.59519529962341],[113.33885349968932,37.589695500147286],[113.34839630034901,37.58339690034671],[113.3477777997058,37.56457140005011],[113.33319830006155,37.53480889991084],[113.33273330020165,37.525619399715595],[113.33460230005619,37.51604089956794],[113.34838880000314,37.49142840040042],[113.34880080011692,37.48203639986002],[113.35305030003133,37.46403489979082],[113.35710880013107,37.45703890002528],[113.36248779997209,37.45283490041038],[113.36862879987927,37.45093890021013],[113.37925729988456,37.45192339974517],[113.39325729978464,37.45529190040094],[113.42030329965758,37.457176400070864],[113.44180280005924,37.46051390019636],[113.46296680027763,37.45810689981363],[113.47676079967118,37.459396399923946],[113.51003279977397,37.45730189956305],[113.51587680037414,37.462272400351026],[113.51230630029556,37.47180940038356],[113.51400729959721,37.47965239963861],[113.51933279966909,37.490573899665776],[113.53595730008942,37.500182900320624],[113.56516279972345,37.4993439003008],[113.58323680043804,37.49476639964968],[113.5951078001849,37.486820400141426],[113.59551980029858,37.476737900134026],[113.59262830005605,37.46267690011888],[113.59435280044147,37.45584039961483],[113.60518630000774,37.44465640007286],[113.63574980021315,37.45231639988202],[113.66190330029713,37.44770440033784],[113.6700667999429,37.45272839999569],[113.67870329981747,37.45340339964724],[113.68392979982048,37.45238889962809],[113.70346080027582,37.42512889977894],[113.70668030035563,37.42383190022207],[113.71498880039292,37.42518589970956],[113.72466280044796,37.428863400225794],[113.73336779988415,37.42724590027814],[113.73693029959372,37.42457939961963],[113.73387129972082,37.4141843995904],[113.74391929993578,37.400443899966035],[113.74202029959724,37.38985039977621],[113.7444533002797,37.38669940015723],[113.7544097998724,37.382587400288344],[113.76239080009543,37.37727740003203],[113.77427679963466,37.35280240001083],[113.78138730018384,37.347469399593194],[113.79298889991787,37.346871399895235],[113.79833230009558,37.34146090040031],[113.80419150013768,37.33879789990323],[113.82010629966601,37.336707899749854],[113.83791329975907,37.33071140021099],[113.8501954002976,37.32853980007178],[113.85500189981792,37.332809800032294],[113.8607788002015,37.35097490027147],[113.87184130043568,37.363387899831764],[113.87678210021386,37.37586369994983],[113.88501880017759,37.38172979959063],[113.89043739986619,37.38282259998306],[113.89652430015644,37.3811403002847],[113.89618999966876,37.374494400296385],[113.90479459969106,37.37330650019487],[113.90836730041065,37.365945099586725],[113.91998380011239,37.360271099631575],[113.9136381001183,37.36077620026151],[113.9193273004147,37.35715440015548],[113.92145409992679,37.34935409981193],[113.9371479000556,37.342331099700516],[113.95245659969237,37.34928870021338],[113.95336339960124,37.37099330000086],[113.94974919966592,37.38246449983683],[113.96943119988998,37.39743339963172],[113.97024630042654,37.40892320014564],[113.99852519977821,37.426919600159465],[114.00862430037125,37.418975900217674],[114.02291940021018,37.449554000017145],[114.02515730016933,37.45997720008779],[114.02435959971581,37.4647435997374],[114.01966140015361,37.4703686999556],[114.02356330040607,37.48092249957375],[114.02823789995921,37.4874323995856],[114.03518950019532,37.48774689969969],[114.04034909963127,37.502539300348474],[114.04617859956284,37.503857600348056],[114.04642300022135,37.51011439965987],[114.05262870005447,37.51118529976185],[114.05461949959033,37.51402769971861],[114.06003440036739,37.51320659980479],[114.06345859963471,37.51585940019123],[114.07067930040944,37.54035819987109],[114.07874780017096,37.54484529977083],[114.08448130017189,37.54440339989702],[114.08679060000622,37.54718140030144],[114.08416270004864,37.54989619994973],[114.08750719959767,37.56182750013909],[114.08201269982635,37.56845509982304],[114.09785930016665,37.56965439973084],[114.10295569974585,37.5743248003493],[114.10359280016769,37.584611500420465],[114.109087299939,37.585116399602214],[114.12214690035921,37.60511749997272],[114.1187227001925,37.608208700071486],[114.11816530038834,37.611299800345535],[114.09977049980876,37.61735539973199],[114.10511110039704,37.62173659996415],[114.11127709965854,37.635767300020916],[114.13238450014467,37.646629300002246],[114.12700440043284,37.655632900438036],[114.13303160012833,37.6763796997634],[114.12652659962293,37.68185449988533],[114.12811269974134,37.68465260013744],[114.12516929962351,37.69376689992254],[114.11185460020965,37.699880199811446],[114.10899449979638,37.70621630044195],[114.11034559986956,37.70820860004693],[114.1051723001616,37.70998789972185],[114.10060479997162,37.706517999606035],[114.09621930008075,37.707875699803765],[114.09642629973405,37.714242300042145],[114.09397990005243,37.71639469965572],[114.09251749988277,37.71311110039704],[114.08326980006132,37.711150099897225],[114.07764490039187,37.71454400010555],[114.06439299973727,37.71477030010931],[114.0527619004414,37.72457400038985],[114.03645929975698,37.72879669960804],[114.03378979985939,37.726760799970975],[114.02606750041491,37.72555430009095],[114.02969029966766,37.71884270013055],[114.02368410004124,37.71333729967671],[114.0167245003355,37.71823939982852],[114.01319700044132,37.71703280012366],[114.01119490002463,37.71989849971607],[113.99508289985602,37.711904300143374],[114.0003200001679,37.704459900204256],[113.99249919977831,37.70061919971636],[113.99384760008672,37.69208360017808],[113.99061139959645,37.67757090037679],[113.98359959964182,37.676076700179635],[113.97375619968898,37.67838039993558],[113.96957609955746,37.67592580023552],[113.96728379960769,37.67699299962726],[113.96633989996644,37.680301400389396],[113.96135080029921,37.68083499963558],[113.95420420006383,37.69193270023396],[113.94759699970189,37.69257289971961],[113.94638339967423,37.69481360016755],[113.94260780020988,37.6956671997815],[113.94125939990147,37.701641899753895],[113.9275056002034,37.70078839996472],[113.92602229978934,37.70281549973555],[113.91793179991271,37.70537590017773],[113.91118980016915,37.70420240002079],[113.89541330018369,37.70932300035622],[113.89015450013017,37.70718949999548],[113.8850305003574,37.70772289959217],[113.86574820021929,37.69972150004725],[113.866557199755,37.69492030023173],[113.84875820003094,37.68947859965772],[113.8486232999254,37.68179540003774],[113.83810569981824,37.6806214996825],[113.83513919971438,37.67677960039828],[113.82691389955687,37.67741989970864],[113.82489120016885,37.67400469995698],[113.81666590001134,37.67005570041027],[113.81558720008923,37.671976899614265],[113.81100260018991,37.671976899614265],[113.81154190023858,37.669735500393074],[113.8072269998263,37.66952210026477],[113.8000803995908,37.67432489997418],[113.79333830002258,37.67219039956734],[113.78956280038301,37.67293749966592],[113.78875370012327,37.675285500025836],[113.78659630027914,37.67560560021832],[113.7864614001735,37.6779534998542],[113.7829555001963,37.67261729964872],[113.77688769970769,37.66994900034615],[113.77783160024819,37.66461220029288],[113.77351660001113,37.6640785003226],[113.77041529962639,37.66664020028509],[113.76825779995761,37.664291899551586],[113.7647518999803,37.66525260032728],[113.75814469961824,37.6806214996825],[113.74668319986984,37.67998120037214],[113.74425599981464,37.68264910037573],[113.74209859997052,37.68115509982806],[113.73670489981134,37.682862600328804],[113.73657010042984,37.68659750007464],[113.73400810009377,37.68734439962441],[113.73023249973016,37.687024300331245],[113.72969319968149,37.68414310002407],[113.72740089973183,37.68371629976747],[113.7195801002415,37.68457000010545],[113.7121637996197,37.682862600328804],[113.70582619981928,37.68435659997715],[113.7013765000255,37.682435700247424],[113.69449950035175,37.68360959970329],[113.69180269973492,37.67741989970864],[113.69511230019259,37.67356790013855],[113.69404890043643,37.6698876998575],[113.6796669998322,37.67219039956734],[113.67211589982901,37.664718900357],[113.67171130023632,37.661943599717404],[113.66699190005625,37.66098289984103],[113.66577830002859,37.657887200434004],[113.66011500020716,37.65810070038708],[113.6586316997932,37.66012890002878],[113.65135030017632,37.65639269986326],[113.64568689963073,37.663010999657956],[113.63907970016805,37.66365150041645],[113.6365176998321,37.665893000361734],[113.62775299980115,37.665466100280355],[113.62559559995702,37.668668200277295],[113.62020189979785,37.670802900333626],[113.6192580001566,37.67645940038108],[113.61440369987088,37.68072819974668],[113.60280730001693,37.67891400008108],[113.59889690027182,37.6804080995542],[113.5895929001922,37.677206499580336],[113.59053679983356,37.6730441997301],[113.58810959977825,37.67421819991006],[113.58433410013868,37.67315089979422],[113.58244629995681,37.67592580023552],[113.57651329974908,37.671763399661245],[113.57772679995196,37.66962880032895],[113.57462549956722,37.668988400294495],[113.57368159992598,37.6732575998584],[113.5700408996679,37.672083599678444],[113.56343360038045,37.67421819991006],[113.55507349994218,37.6736845997645],[113.55062370032363,37.67560560021832],[113.54334229980736,37.67261729964872],[113.54010610021646,37.66792100035394],[113.53633049985274,37.670909600397806],[113.53120650007997,37.671550000432205],[113.52810519969523,37.67517870013694],[113.52109339974072,37.6735777998756],[113.51987979971307,37.67709980041553],[113.51569980030558,37.67784679979002],[113.51273320037694,37.681261799892184],[113.50949709971144,37.682329000183245],[113.51071059991432,37.6857437997366],[113.5085532000702,37.69363990036118],[113.50545179986068,37.69524040042421],[113.50032780008792,37.69524040042421],[113.48252880036387,37.69310640004039],[113.47983189992226,37.691185799784876],[113.46742649963335,37.703028800039135],[113.46756139973888,37.71092310022095],[113.46176319981191,37.71423000001454],[113.45893149998881,37.718709899941985],[113.45461659957653,37.715830000054495],[113.45151520026639,37.71689659959844]]]}},{"type":"Feature","properties":{"shapeName":"Xinrong District","shapeISO":"","shapeID":"62558664B98609475771018","shapeGroup":"CHN","shapeType":"ADM3"},"geometry":{"type":"MultiPolygon","coordinates":[[[[113.37842880034896,40.14309549985751],[113.37699560026681,40.1472980003025],[113.386543300433,40.14802940003682],[113.39862079981015,40.153339400293135],[113.41172029955226,40.163436900092904],[113.41697680003938,40.169990400136896],[113.41771679999044,40.175693399630745],[113.42404180028893,40.18885789967237],[113.43329629988443,40.19992440009105],[113.46166230037488,40.22121789998613],[113.50174729989806,40.24393089969129],[113.5084993001027,40.25022889964407],[113.51381679980557,40.25883089972632],[113.51320630043051,40.26912689968674],[113.51014729965823,40.277404900116096],[113.50530230016113,40.28593439955296],[113.49073780030926,40.30033089975126],[113.48528279966149,40.30887239974152],[113.48015719999489,40.330363299926375],[113.45213200029161,40.32627380019579],[113.4362848999283,40.32203239957562],[113.37395809958673,40.313860600086684],[113.3718436999269,40.31525819960626],[113.36783029992841,40.31404620037188],[113.36686269955396,40.31521749988775],[113.36218779962735,40.312107000337846],[113.35531349971825,40.313803799805555],[113.35249219965533,40.317257799907566],[113.34589599980063,40.316197400289866],[113.3435912999986,40.31777290009933],[113.33210759958615,40.3188029997587],[113.33222680022675,40.31577319997325],[113.32940559998849,40.31480370023064],[113.32706109978994,40.31634890008172],[113.31745269988221,40.31476310033685],[113.31165320043488,40.316669600122],[113.29377190015316,40.33617870028684],[113.28447369980142,40.36337290033913],[113.26824270044028,40.388444300164394],[113.25781440031437,40.392572000397536],[113.25156239978503,40.399992199580424],[113.24845350012902,40.41370669980438],[113.22332709956606,40.40088909975219],[112.9841614000286,40.354495999990434],[112.88958350007852,40.32664649993609],[112.89155400011703,40.31863259981469],[112.88958309988027,40.30450589982746],[112.87008900040712,40.25842079988007],[112.89119730021525,40.24678439998013],[112.89792630025863,40.23871990040311],[112.89988679983605,40.21561439968485],[112.90574630025162,40.2086984000112],[112.9368972996707,40.196727900172505],[112.94692980007028,40.18976990036066],[112.95687129987061,40.17892440024093],[112.96002979983541,40.17226389975923],[112.95905279974693,40.16747290005435],[112.95115679984644,40.161155900124754],[112.94342900014829,40.15175859987954],[112.95247390015038,40.141429899670186],[112.96152769984349,40.144588100160775],[112.95951070035858,40.14796699967735],[112.96843710029202,40.153936999792734],[112.97229939979752,40.15328100011811],[112.97457390036527,40.150000800296766],[112.98985180002057,40.14845899988302],[112.98628980033413,40.14462090023443],[112.99148260004199,40.141110699699084],[112.99049549966765,40.13842040028129],[112.99525909972772,40.136648799702414],[112.99392880007417,40.13540200030212],[112.98834980000333,40.13694400036536],[112.9878347996364,40.132514699893534],[112.99169719986594,40.131267799769205],[112.99388589971454,40.132744400233946],[112.99607449973848,40.1313990998886],[112.99736199975655,40.13356459992639],[113.00452890038855,40.130808499812474],[113.00577340022232,40.1340895998552],[113.0128544003104,40.13973279982889],[113.01933470003644,40.13766579983684],[113.02838980014917,40.12861000005154],[113.03139390000854,40.1213580001716],[113.0370158004389,40.13044750025199],[113.03894700010403,40.130808499812474],[113.04499800035751,40.12746159997289],[113.04285229979382,40.13044750025199],[113.04263769996999,40.14524419966011],[113.04452600017487,40.145014600043794],[113.04499800035751,40.14278380023222],[113.04692920002265,40.14357110002629],[113.05087740007207,40.142357300349204],[113.05645640014279,40.137272100027474],[113.06057629965653,40.13717369980645],[113.06049049983676,40.139634299783154],[113.06319410022763,40.14058569977027],[113.07503880020056,40.13638630018767],[113.07679830040126,40.141537099757386],[113.07834329970353,40.141635599803124],[113.0844800997769,40.138453200354945],[113.09087449985839,40.143505499878984],[113.0915718998234,40.14877890042595],[113.09309539993285,40.14498999998858],[113.09691489980287,40.14459630017916],[113.09758010044129,40.149664600440985],[113.09440430021834,40.15425679961169],[113.09627110033102,40.15820920039431],[113.09856710009171,40.157356400277706],[113.10401739998304,40.164145500214715],[113.1107980004274,40.16445700019045],[113.11481060002927,40.16317799966498],[113.11790049970841,40.15522439998614],[113.12244949994454,40.1579959999155],[113.12618310017001,40.15625759960858],[113.12970220039631,40.15957030002937],[113.1322985998006,40.15947189980841],[113.13901479979324,40.162767999643506],[113.14043099999071,40.17096669965349],[113.14858490027302,40.17354090019245],[113.14931449956453,40.170638799640926],[113.15399229980483,40.171032299800856],[113.1587558998649,40.1671625997742],[113.15965709969544,40.164440600153625],[113.1713729996643,40.16499819960728],[113.17300379968572,40.161980900398305],[113.17244589985842,40.15755319982037],[113.17536410007324,40.15679879992473],[113.18090019978445,40.15932430037623],[113.18389349968527,40.159037299731665],[113.1859963997141,40.15318259989709],[113.19663940038811,40.1499352001494],[113.1993860000639,40.147606099941584],[113.20239009992326,40.14872150029703],[113.20226129991909,40.15344499958712],[113.20848399963688,40.15610180015801],[113.21191730004341,40.1540025999401],[113.21268969986977,40.1586928998575],[113.21620880009607,40.16213669984887],[113.23431910014642,40.16449800028255],[113.24354589972359,40.163022200214414],[113.2367222999942,40.17040100000622],[113.2446187999177,40.17525420042108],[113.25002609962485,40.18128740039327],[113.2482666003234,40.18610700033787],[113.25401720003379,40.194892900087325],[113.24841679969563,40.198056199733855],[113.25116330044602,40.199957399814195],[113.25412449994576,40.19917069986798],[113.25382410030204,40.20107180012354],[113.25652779961831,40.20103900004989],[113.263029399787,40.20623420004836],[113.26191360013263,40.21128140041634],[113.26338890017769,40.21309619992974],[113.2766603997577,40.21865910033728],[113.27777620031145,40.228407299857054],[113.28082319963107,40.229996400113805],[113.28680449972796,40.24319489992473],[113.27747579976835,40.24355929982187],[113.27232600024479,40.24617989998245],[113.26999780025835,40.25013510035467],[113.26740139995468,40.24970930014416],[113.26662900012832,40.2461225996783],[113.264375899828,40.248661099829974],[113.25538510034221,40.251019400125244],[113.24394819974964,40.25123230023053],[113.2408583000705,40.249054199791544],[113.24092269962296,40.251134099659],[113.23450680034864,40.252051200402605],[113.2315241996821,40.25463870011595],[113.23435660007715,40.25820849962264],[113.24135180034534,40.25873250040462],[113.23987119969615,40.264758299855714],[113.2448922999398,40.261139599712806],[113.24892639963366,40.26277709968343],[113.24377650028532,40.26500390020988],[113.24736000006396,40.26539690034673],[113.24879399964345,40.26753950004792],[113.24682349960483,40.26939190021608],[113.24823969980241,40.27173309990269],[113.25208069976452,40.27055430004094],[113.26484799983541,40.27566229997524],[113.26521279993085,40.27695559972119],[113.26276659989878,40.27819970025604],[113.26426859991602,40.2795093002141],[113.26692939977204,40.27996769994945],[113.27109219964541,40.27679179990167],[113.27495450005017,40.278068699610856],[113.27220800019916,40.279476599965164],[113.2738387003958,40.28108079983912],[113.27478290041063,40.293880700334114],[113.28722829984622,40.29194939994488],[113.29083319989229,40.27921470029821],[113.29426639957478,40.27986950027724],[113.29778549980108,40.27800330001236],[113.30821389975176,40.267721899646006],[113.3103167997806,40.267230699837],[113.31362130018294,40.26978479962884],[113.31859940024219,40.270537900004115],[113.3270337001452,40.26566080010588],[113.32685949966628,40.25781290044506],[113.33233400031395,40.251144000295426],[113.33170469971219,40.24828029989595],[113.33404359983228,40.24310480044625],[113.32775110013324,40.234091800296426],[113.33152769964363,40.23355119982807],[113.3342743002188,40.230651600291196],[113.33781479981326,40.230143799896496],[113.33996060020161,40.231323300330075],[113.34188099990831,40.22843189991232],[113.3535540004168,40.229382000379076],[113.35921880030742,40.22790759965608],[113.35458400025152,40.21968309989518],[113.35107029955475,40.21740970009762],[113.35055530008708,40.21282169986159],[113.34450420000883,40.209446099957574],[113.33866769975464,40.21128140041634],[113.32665140014205,40.186467599699995],[113.32776719979654,40.183680800328716],[113.33592110007874,40.182598899719494],[113.33656489955058,40.17761509975708],[113.33454790006556,40.17620510038512],[113.32914049963438,40.17600839976791],[113.32643690014288,40.17364739970776],[113.32377610028686,40.1535761998818],[113.32592189977595,40.14973839970742],[113.33102879983926,40.14901670006071],[113.33399000023837,40.146753200000205],[113.33420450023755,40.14229170020184],[113.33587819971922,40.14160279972947],[113.3414143003298,40.14134030021472],[113.34776580005166,40.14973839970742],[113.36667000002058,40.147425700435804],[113.37310729956232,40.14447329990293],[113.37542469959033,40.146015100316674],[113.37842880034896,40.14309549985751]],[[113.1221560997243,40.18727889970154],[113.12723079956186,40.18754109974202],[113.12786379997442,40.18623790025896],[113.12355079982956,40.18392660033237],[113.1221560997243,40.18727889970154]]],[[[113.11045340000442,39.97528149974147],[113.11508820006043,39.973004099759464],[113.11670829994819,39.974779999997054],[113.11045340000442,39.97528149974147]]]]}},{"type":"Feature","properties":{"shapeName":"Shilou County","shapeISO":"","shapeID":"62558664B43561965327527","shapeGroup":"CHN","shapeType":"ADM3"},"geometry":{"type":"Polygon","coordinates":[[[110.83085629957861,37.16170539998427],[110.82412730043461,37.17055889997329],[110.80924230019207,37.180606900188366],[110.80177280017466,37.20618439979029],[110.80666329997138,37.23215090024388],[110.79357129967582,37.24481589973402],[110.78642280007222,37.24790189995275],[110.77101129983168,37.24598339961426],[110.75344830019895,37.23843739966634],[110.74111179966985,37.226795399688],[110.72585280016665,37.21591539977595],[110.71153279989886,37.214732900103286],[110.7019273003047,37.21952840001569],[110.69727329972307,37.22755439961588],[110.69492330017022,37.24259539985786],[110.68665330010975,37.24148539993132],[110.67046329994139,37.24226740002052],[110.66412379987355,37.24584939973005],[110.65957629970654,37.25204839961401],[110.65912629963907,37.26144040015441],[110.64761420043504,37.26878889998778],[110.6465277996183,37.25537940033911],[110.63307760025111,37.245430400192845],[110.62702400005765,37.23336839973189],[110.60739939996239,37.21362300000152],[110.57258449957504,37.174136900397684],[110.5465348999657,37.1544770001135],[110.53215820014088,37.14108589969459],[110.52915930016161,37.129747800420716],[110.53034000029083,37.1161211999335],[110.52585129959783,37.10869699966685],[110.51352769984351,37.099948300373796],[110.4938199996933,37.090560200193124],[110.47987239969154,37.072024699780115],[110.4731801000816,37.06709560018186],[110.4544271004304,37.044481499821416],[110.44736200035607,37.042645399865364],[110.43085800009669,37.04319590007077],[110.41980290038362,37.03941409978091],[110.41140749975636,37.03225959990067],[110.41121850003378,37.027885900014326],[110.41478990033369,37.02458449957504],[110.44234559996954,37.018820699615674],[110.4448090004351,37.01464110040649],[110.43857299974422,37.00550690042314],[110.43181929982092,37.00550690042314],[110.42296090032534,37.00804289956022],[110.40140869965182,37.02179200030065],[110.38529120012885,37.02375009958746],[110.37704330000832,37.02174599997795],[110.37246990026574,37.017656400422595],[110.37121110031211,37.010476599915194],[110.37511859974364,37.00267559989908],[110.38114750005712,36.998143899921104],[110.40184419994995,36.989134599582144],[110.41718719972954,36.96733680035311],[110.420140799958,36.96151060003422],[110.41896229957052,36.951554399915665],[110.40746429993754,36.92329389979369],[110.40487690004898,36.9095026001649],[110.40470690030327,36.894951799685884],[110.41713729994649,36.89759439996163],[110.43112180003112,36.88919440020146],[110.44122330001534,36.879466900377224],[110.44936380039911,36.875411900438905],[110.46781929982092,36.87612890022859],[110.53484329967858,36.867244899732384],[110.54860680036359,36.87221539962104],[110.57893379955527,36.86880090044127],[110.59044629985692,36.86909090032486],[110.59944930044492,36.87487039974923],[110.62493130013945,36.87180689966874],[110.63260679976406,36.87607190029803],[110.63437630042597,36.884002399990834],[110.6416932997061,36.892440899727774],[110.64067080021732,36.91579790035286],[110.64325729988457,36.92320990041662],[110.64785779979769,36.92816539961353],[110.65624229974242,36.933524900353916],[110.67990880025098,36.931972399806455],[110.69966130012898,36.93624089969779],[110.70646680010282,36.93549340030023],[110.71212780035773,36.93230039964379],[110.71962729996,36.910526400073365],[110.7600327998739,36.899844900321966],[110.76339730034522,36.89681990021825],[110.77075929990184,36.87643439992769],[110.7786638001943,36.867992400029266],[110.78568280012121,36.864230900135965],[110.7980268000968,36.86420839999772],[110.81903080013137,36.85729190030099],[110.83326730014585,36.858733900249376],[110.83814230012712,36.86112539991734],[110.85289030034716,36.86437240036605],[110.87164279997529,36.87237139962048],[110.889579799768,36.87582789983776],[110.89106730001595,36.88585640005289],[110.89450080007191,36.888126400413114],[110.90918730015386,36.890907400056506],[110.92121129976175,36.89527890020116],[110.93171680039006,36.9062194002052],[110.9460678002888,36.903716899915025],[110.96524879989227,36.8959999001753],[110.97480730001695,36.8966368998731],[110.98554230043686,36.90224839964401],[110.99439979971106,36.91608440007508],[110.99886329960168,36.91734689983963],[111.01193229973592,36.916091900420895],[111.02012629988889,36.917293400070434],[111.03898629997781,36.92826439968235],[111.05632780018789,36.92712790033238],[111.06958029979108,36.931327899762834],[111.07520280006923,36.94445790001214],[111.08899680036211,36.95567690026877],[111.09108729963924,36.96243239973552],[111.08718130027682,36.976482400142686],[111.08982079969019,36.99520890037053],[111.09519980043052,37.0117644003069],[111.09488680038561,37.02759540010766],[111.09795379972815,37.05230690024331],[111.09647379982607,37.0607299001648],[111.08502179961641,37.075568900084704],[111.07483680027815,37.104244399559434],[111.0683213001879,37.10691839966444],[111.06107379961622,37.10771939973057],[111.04366279979843,37.11377690028377],[111.0350723002465,37.11313240024015],[111.00695030021626,37.10465989983459],[110.99581130005151,37.10366439979225],[110.98857129982571,37.10055939959665],[110.96822330036508,37.09979989964569],[110.95497129988564,37.10007489973691],[110.90022280044195,37.109104399748276],[110.88292679963217,37.11330390005497],[110.84306330043103,37.12671639984205],[110.83528130039178,37.134368900204606],[110.83645629971852,37.141319399670635],[110.83432779958832,37.15406740029033],[110.83085629957861,37.16170539998427]]]}},{"type":"Feature","properties":{"shapeName":"Shanyin County","shapeISO":"","shapeID":"62558664B5602480819629","shapeGroup":"CHN","shapeType":"ADM3"},"geometry":{"type":"Polygon","coordinates":[[[112.64179979972107,39.73968139987676],[112.63108080003894,39.734287400243375],[112.62336729956132,39.72830190031249],[112.62019329978102,39.71582040029131],[112.61396030012781,39.710109899552265],[112.61038229970347,39.7102204001514],[112.5979382996129,39.71989440020644],[112.58598329958966,39.72591389990663],[112.5646973000404,39.728408899850876],[112.55255879964898,39.72731389971676],[112.53930680006886,39.729846899614756],[112.53053280014865,39.73757539988486],[112.5256727999598,39.73947140008511],[112.50847630014118,39.73773940025319],[112.49616229975038,39.73457339994252],[112.48957830009851,39.724716400441594],[112.4796373003212,39.72139740026984],[112.47161830014454,39.7227460002278],[112.46133560025783,39.71799299957735],[112.44542260027288,39.717600500362835],[112.44369149976296,39.71352419998192],[112.43754370008173,39.71002299986162],[112.43465589965012,39.704992699553486],[112.44294729997796,39.691707399876634],[112.4478073001668,39.684997399810186],[112.4530412996163,39.67164990032268],[112.45726780026882,39.65505989969466],[112.4553908000454,39.65155790007708],[112.449958799559,39.64770140029941],[112.42413330021168,39.63648590020421],[112.42318729975409,39.632327900012626],[112.4247963002091,39.63009290036712],[112.44912729988505,39.62589240001432],[112.45511629997736,39.60982139993769],[112.46114330002331,39.60337839959351],[112.46501929980093,39.592738899980304],[112.47492179960147,39.585971899983235],[112.4884032998724,39.58941240036205],[112.50744630030658,39.588691900410936],[112.51860030026376,39.59136190033149],[112.53495029971657,39.591232399755484],[112.55824280006527,39.58399190040592],[112.55795280018162,39.57870839957303],[112.55168930002128,39.56841239961261],[112.55052879956452,39.56264089965782],[112.55455780010243,39.55452340033469],[112.56871780018639,39.53505339999447],[112.57467629977145,39.51324439970932],[112.58210729981215,39.507991900306024],[112.59282680041656,39.50720189984787],[112.61110679983904,39.5094184004389],[112.63925180003059,39.51608290020573],[112.65126780016885,39.51350039982367],[112.67928379980754,39.478881899680005],[112.6881126997414,39.476984599959394],[112.68240760033052,39.47029989962073],[112.67849409972303,39.458968000273046],[112.68375150043141,39.456185399836386],[112.69045290028123,39.447904300343225],[112.70736739968584,39.433759899899485],[112.71538079978416,39.42402389968328],[112.70950330033713,39.41934189960904],[112.7128373003012,39.412345899843444],[112.72024099962255,39.40916639980958],[112.72357930014459,39.40008139993671],[112.72920979989237,39.394534400442296],[112.73261280034058,39.386390399897095],[112.739710900138,39.37868489978837],[112.74977990042214,39.381796500108464],[112.75033029990345,39.374346900289254],[112.7375110001326,39.36584479959788],[112.74288509956773,39.35159329979098],[112.73822029992698,39.348052900021344],[112.73737330043753,39.34183490016056],[112.74357500008625,39.339796100209924],[112.75036030038757,39.33989229978988],[112.76223719968709,39.292886699661494],[112.75975780028227,39.277210400339754],[112.76020030000393,39.25773639981503],[112.76662259975319,39.255246900124405],[112.76583680002841,39.24226579972691],[112.75324690022433,39.23491269986124],[112.74254130044073,39.22445910000749],[112.75007770012587,39.212912099913524],[112.75546280006824,39.21333289989349],[112.75105279994682,39.201953900352294],[112.74977130020545,39.192512400227145],[112.7512437997616,39.18728240006277],[112.75380680014382,39.18619540029755],[112.75277730033224,39.18721389960183],[112.77870930009419,39.19178389990708],[112.78462230027901,39.18962840033049],[112.8010477996163,39.172427900327364],[112.80993630032003,39.17230990028173],[112.81317130021534,39.17409489985977],[112.82124330013824,39.18628690002049],[112.82228829976532,39.19520190014765],[112.82710279965454,39.20538690038518],[112.84501630016223,39.20998390013693],[112.866378799642,39.2117239003378],[112.91356680026763,39.23879639963417],[112.91986080003596,39.24884790001062],[112.91735829974584,39.25392540033698],[112.906967299901,39.265735399968776],[112.90625779955792,39.27088540004121],[112.90749379989904,39.27700789999466],[112.9145507997797,39.286289899958945],[112.93866730035563,39.29423140015905],[112.96070879967147,39.29635640012782],[112.9750133001238,39.30034639976657],[112.99883279959408,39.3101538996828],[113.0190123002775,39.31567389973077],[113.03797130043517,39.32476790001863],[113.05594630018163,39.33903489964098],[113.06912980020013,39.347278400278014],[113.07309729970063,39.351756899961],[113.0684663001797,39.35345089983923],[113.06017229991176,39.359855400206584],[113.05448130007198,39.36701939962563],[113.04434180013402,39.37451539996579],[113.03730030006886,39.391040900317364],[113.03060929997923,39.4424168998201],[113.02542129995311,39.45143090001608],[113.02047730038714,39.46710189963301],[113.01132980033003,39.47829040028182],[112.99049379994892,39.497379400139266],[112.98152930023707,39.51040289997388],[112.96598029995096,39.54202290033663],[112.96571330022869,39.54751590003883],[112.96900179989325,39.55288690041016],[112.96935279989191,39.55771239990736],[112.95465830034038,39.60150889971601],[112.9529798002776,39.61108389970224],[112.94901279990086,39.613258400155075],[112.94303879960103,39.613761899991744],[112.89792630025863,39.612148400228534],[112.87848680042555,39.6145284002655],[112.86122879956952,39.62636940042756],[112.82917780001549,39.653560399792696],[112.81256880030992,39.65830990028172],[112.80062079971015,39.6648098996572],[112.79213679967359,39.67325189955557],[112.78571330022874,39.68795040019086],[112.77942629988388,39.69416790002862],[112.775101300085,39.6972388995556],[112.76905780017739,39.698879399664634],[112.76434330040308,39.70376940033759],[112.76801279965105,39.71305839972541],[112.79357180019849,39.72487240044097],[112.81140130042968,39.73689640004886],[112.82272330004037,39.74802389968329],[112.82685830007051,39.75434489979733],[112.82633980044147,39.76418340024378],[112.81411729977367,39.77571839978435],[112.80230730014182,39.77351389974672],[112.77551280017565,39.77334990027771],[112.75904079959332,39.7748869001104],[112.7460327995741,39.77309390016342],[112.74481980029361,39.756782399787994],[112.73827379969612,39.75107189994827],[112.71473679976361,39.75673290020325],[112.6870193004005,39.76798240006775],[112.67825329994992,39.764716899665245],[112.67385080017436,39.75265490010361],[112.6695707997527,39.74930590034705],[112.66264330044805,39.74518189992477],[112.64179979972107,39.73968139987676]]]}},{"type":"Feature","properties":{"shapeName":"Qinyuan County","shapeISO":"","shapeID":"62558664B45301025894155","shapeGroup":"CHN","shapeType":"ADM3"},"geometry":{"type":"Polygon","coordinates":[[[112.00197000021535,36.83826350036031],[112.00571650031634,36.82583950029277],[112.00363110019521,36.82071289968064],[111.99268550013579,36.81280659984475],[111.98220659965489,36.81181529963641],[111.977563399931,36.79732760008875],[111.98295329955516,36.79226940011279],[111.9818139997164,36.78694979959363],[111.9863568998511,36.782157700017876],[111.9794179998409,36.77106970040643],[111.9814527996071,36.76181340036817],[111.98895399982729,36.762682899995866],[111.99448600042865,36.75855149995181],[111.99348190016963,36.75053950009789],[112.00102620039888,36.74878140014158],[112.00395960005551,36.73750589997735],[111.99156930028306,36.7281568996213],[111.99621919995616,36.70709929999276],[111.98986029971314,36.704765400103156],[111.98844930029503,36.69634640036611],[111.9900587998738,36.68697339980264],[112.00669079974068,36.684829899880015],[112.01294729957829,36.678050900228925],[112.01529680000738,36.66999790028291],[112.01608280028108,36.65446489983532],[112.02678680017073,36.644527400219374],[112.03260030026365,36.63663090029587],[112.03507230004664,36.601791399853255],[112.04209880031942,36.59655740040375],[112.04447180003365,36.59288790025647],[112.05552629989893,36.58776040032228],[112.07317329980799,36.584823399780134],[112.078308300088,36.58252689999648],[112.08661630010226,36.563556400207744],[112.09948730009887,36.54441439970486],[112.12625129955791,36.524276900058965],[112.13461280024057,36.52053089998111],[112.14734630019166,36.51732240040849],[112.15529629988441,36.51269139998817],[112.16088080020882,36.501117899571454],[112.17015079961982,36.470512400127234],[112.17881029965565,36.45011890036699],[112.19642629993382,36.41784290032962],[112.20644379964165,36.409560899715814],[112.250862300255,36.410426900081404],[112.26696029977802,36.4006683997269],[112.28452280028705,36.382926899956544],[112.29254929991032,36.37689190044091],[112.30747230010661,36.36907939989442],[112.33058180011005,36.362602399781],[112.34118629990792,36.34640140000465],[112.34842680015674,36.34297540029456],[112.38818379984252,36.3453633998011],[112.41011829961985,36.34289940038707],[112.43718729965417,36.34250240006577],[112.4427723000017,36.33945089963936],[112.46307380001588,36.35914240030161],[112.48195630024316,36.383220400001505],[112.47953029988355,36.401485399631554],[112.4915772996527,36.415450899739255],[112.49329379966923,36.420558399650474],[112.49365980035952,36.43984240040652],[112.47884379970162,36.4764708997123],[112.47846980044096,36.4831119001941],[112.4877703003591,36.51624690027427],[112.4928437996017,36.52262490031893],[112.49999230010462,36.52723689986311],[112.50164780000603,36.53348940041553],[112.49999979955112,36.537563400330725],[112.48940330012226,36.543605900192176],[112.48584729981314,36.55128089979377],[112.48499279997782,36.566848900056755],[112.4727627998634,36.57673239988043],[112.48499279997782,36.58772290039161],[112.49698629997783,36.60810839978285],[112.52636729961125,36.63484589981846],[112.53196729975116,36.64743040009296],[112.51069629999427,36.65516639980956],[112.50097629961658,36.660556900180836],[112.48755630038306,36.67086039958781],[112.48062880017903,36.68254489972742],[112.4819338001048,36.690158900113204],[112.49044030027972,36.71202839959102],[112.49204230041187,36.72975140030695],[112.49532329973056,36.73766690020733],[112.50125129970775,36.744300900366284],[112.5207977999786,36.752795900010824],[112.52990730008185,36.75884990040265],[112.53114330042308,36.76233690022781],[112.52982329980546,36.78660939990391],[112.52628330023413,36.7938233998301],[112.52838129985719,36.79734040013943],[112.53957379979113,36.802093399890566],[112.54128280036105,36.80743039959333],[112.52974679987494,36.81964089970779],[112.53420230029599,36.837692400284084],[112.53074630010178,36.843302900008894],[112.52957930024456,36.85427539968998],[112.53967279985989,36.87917689959431],[112.53530129971523,36.89118190012465],[112.52609230041935,36.9023323999204],[112.51953880037536,36.906917400018074],[112.49960330015222,36.915157399594364],[112.49291180003956,36.92226389995909],[112.49021929998082,36.92950840039242],[112.47696680037757,36.94624339961325],[112.46528630042246,36.95513889974046],[112.46009830039634,36.95307139972539],[112.44783779977467,36.941715400345515],[112.44193279995886,36.93855989961975],[112.43215929981193,36.93667589997284],[112.41589329973601,36.93769090001507],[112.39843729964173,36.9487379004338],[112.39293679959371,36.950622400103725],[112.37471029994049,36.95203789972936],[112.3614118000146,36.95577640036066],[112.35366829995212,36.95601289957568],[112.34398630042745,36.95272840009562],[112.3351972998156,36.94128040007047],[112.33171830035928,36.93905640003288],[112.32678979970956,36.93880440010304],[112.31944279994536,36.94177639956126],[112.31252280008721,36.95001590001385],[112.30415329993491,36.95607739985218],[112.28903979994686,36.96343590014675],[112.27266680033267,36.9782903998821],[112.26470179994817,36.98107889987136],[112.24228679959617,36.983539400023346],[112.23081180012457,36.99010439969834],[112.22695180018547,36.993449900192786],[112.22438829978023,36.99991189961452],[112.22251129955691,37.00723590011677],[112.22551140013104,37.01108660016649],[112.22430419967918,37.0130902995777],[112.21645489977391,37.008463999913715],[112.21067479960243,37.009047700391136],[112.20620490013607,37.00594969961901],[112.19890060018258,37.003825500046844],[112.1896725001858,37.006405199940104],[112.18133580010715,37.011400299883974],[112.17504469975313,37.00555249964822],[112.16958679969116,37.00607660025497],[112.16539429970726,36.99863320036195],[112.15760030001388,36.99821090031287],[112.14806380000448,36.993743900260824],[112.12658679974106,36.99471640014178],[112.12055979969512,36.99270640008035],[112.119209300369,36.9849738996258],[112.1158372995518,36.981345899593634],[112.09419229963498,36.976787399818704],[112.06681829992465,36.976646399611695],[112.05477879960199,36.974929899595224],[112.05354330018326,36.967883900221864],[112.05618279959663,36.96187990033718],[112.07076280016315,36.94629290009732],[112.08898929981638,36.934306900443175],[112.09300979996237,36.93002690002146],[112.09162129978324,36.92830289965917],[112.06780230033598,36.918159400436025],[112.06179829955192,36.90783289996841],[112.07811210039313,36.89504140004061],[112.08556020014316,36.89474299958982],[112.0832228999169,36.886324300226306],[112.07957179989876,36.880860499712355],[112.06429330039555,36.87740820022833],[112.04479979987093,36.88000890019066],[112.03431270027102,36.88518489966344],[112.02829929977293,36.88174860001794],[112.0215658004214,36.881475500194256],[112.0175499003077,36.87828449963001],[112.0167793998495,36.8752105997894],[112.02345139996225,36.86552250016331],[112.00994989966819,36.84347370015121],[112.00197000021535,36.83826350036031]]]}},{"type":"Feature","properties":{"shapeName":"Qinshui County","shapeISO":"","shapeID":"62558664B96590976083753","shapeGroup":"CHN","shapeType":"ADM3"},"geometry":{"type":"Polygon","coordinates":[[[112.71494330029316,35.713951400336896],[112.71971830015946,35.716934400302364],[112.72589880008957,35.724036899583325],[112.72643280043349,35.73387540002972],[112.72020730022678,35.74439240028909],[112.71202080041962,35.753299900070374],[112.71481329969413,35.762458899758485],[112.72210629966605,35.76887889994134],[112.72463979958718,35.7750624000098],[112.71614830010401,35.78854740044221],[112.71415730001945,35.79677939964961],[112.72313680042305,35.80983740017592],[112.74028779994205,35.82519539974794],[112.75179279989788,35.848548900211654],[112.77346029995294,35.86619940028214],[112.77512380022324,35.88153090043079],[112.77027879982677,35.90394589988341],[112.77924379956175,35.936672400011275],[112.77977729988254,35.95108790018651],[112.77265180044026,35.98562640023823],[112.74413280008866,35.991077399802236],[112.73310080036174,35.99448789969688],[112.71549230042933,36.01188289967615],[112.70818329971962,36.014743900310805],[112.6815032996376,36.005115399656006],[112.67479679973258,36.00855640005784],[112.67131780027637,36.01577740030683],[112.65692880042388,36.031104900270975],[112.65202329993542,36.04377740010699],[112.6470032995627,36.047733399976494],[112.63862410022216,36.049638299867695],[112.63007330034259,36.05701039971024],[112.62255090040378,36.05991880001267],[112.61745640019274,36.064472699755356],[112.61019580009611,36.0664175996925],[112.5962010999009,36.05151480006805],[112.58601430011993,36.05454989955825],[112.569778799652,36.04564370019665],[112.5517216000718,36.04333850037153],[112.5422020001223,36.04527990014731],[112.53377049980872,36.04089889956464],[112.52407460036261,36.0384369002428],[112.52058329997942,36.0300320000768],[112.51930979970757,36.024829899580254],[112.52126329986152,36.02049240010422],[112.52271280015566,35.99717689959431],[112.5261613000041,35.98506540044792],[112.52395629994339,35.97361740042277],[112.51074230031702,35.96282189991081],[112.49497930005475,35.95521940005534],[112.45694729987804,35.94066239965008],[112.44091779991663,35.93236540014317],[112.422081300012,35.921306400070364],[112.40554029984503,35.90545290013131],[112.38923629981548,35.89691939961068],[112.37541980028357,35.89571439979977],[112.35762779998299,35.89929190020109],[112.34097279995478,35.90081790042581],[112.33336629991481,35.89986789978383],[112.32099130030838,35.89500090017145],[112.30547329965316,35.89583990019128],[112.29332729981513,35.897605899792495],[112.27184280010522,35.90390389974522],[112.25943729999142,35.90246589998134],[112.24227880012654,35.89710590011725],[112.23410029978902,35.89706039981763],[112.19954679994487,35.91173939955371],[112.18905630000825,35.91785440006055],[112.17462930020213,35.922344400273914],[112.16560380037515,35.92297339960277],[112.1534728003295,35.92221090041278],[112.14058679964114,35.912063400105865],[112.14035030042612,35.9036328998385],[112.14626329971156,35.88365540037648],[112.14528629962308,35.875423900292844],[112.14230329965767,35.86400589985243],[112.12886829973229,35.85223390017438],[112.11390679955923,35.850547899765786],[112.09956380002939,35.852290900105004],[112.0516202996372,35.8705938996888],[112.03253179980277,35.861228900393485],[112.02921279963107,35.85594190029849],[112.02763379966018,35.84471889985741],[112.02892279974742,35.83100140039437],[112.02229329979605,35.81859590028063],[112.02435280034149,35.81105789980228],[112.04203780020441,35.7903633996512],[112.04606629981993,35.782382900350626],[112.04728680034566,35.773010399810175],[112.04229729958081,35.76633839969742],[112.03249379984902,35.76169190036097],[112.01879130017846,35.752208900120706],[112.01521279973099,35.746005900052296],[112.0186768002942,35.73710639974058],[112.03064730013284,35.723007399771745],[112.02490979994741,35.70786290015275],[112.0210492999853,35.70119840038592],[111.99709329961615,35.67905439994064],[111.98312380022327,35.67071140011109],[111.95786279992831,35.66593940038308],[111.95340730040664,35.661556399708104],[111.95281229994777,35.641185900109235],[111.94782230005916,35.6351963999939],[111.93609629980443,35.62731940007029],[111.9353103004301,35.622966899902565],[111.94056680001785,35.60721990037814],[111.94185630012822,35.59326940006281],[111.94951629993733,35.56357590040756],[111.9610673002158,35.53620539995927],[111.95894630043148,35.52589040002198],[111.94558730041365,35.51502589992538],[111.9409178000165,35.50698090034831],[111.94960030021372,35.48484790041033],[111.95645129958785,35.47552090016944],[111.96508030001587,35.45727939982447],[111.96556079969122,35.44011689977515],[111.96790329979751,35.43189640019875],[111.9781728003345,35.41709890039397],[111.98809029992748,35.408244900381874],[111.99627679973457,35.40235889964356],[112.01061229981781,35.399944399814274],[112.01934829978427,35.396346900289245],[112.0264208003797,35.39044939991993],[112.02616130010392,35.388389400250674],[112.03765080024425,35.389156399648186],[112.05106330003139,35.393142900024884],[112.0594178003912,35.39846790007357],[112.06517779981561,35.41109439958694],[112.06693279980891,35.43101890020216],[112.07646929981843,35.458091900420925],[112.08970629960606,35.48038140038136],[112.09863280026354,35.486850900148966],[112.10812379997344,35.491946900429184],[112.12577029985948,35.49503689993304],[112.13700079974717,35.49510889965603],[112.15809630040405,35.48975390002249],[112.1670682995624,35.491409399923896],[112.17236330002629,35.496246399951474],[112.17275980032457,35.51341640034667],[112.1802517995809,35.52352889993881],[112.18668380031716,35.52768690013039],[112.19702929986238,35.53118140030142],[112.20742029970711,35.531699899930516],[112.22316730013085,35.52927389957085],[112.23325330029968,35.5318488996071],[112.23628980003434,35.538501899742926],[112.23512280017712,35.54353339974665],[112.21244030007983,35.56743240018517],[112.2064588003334,35.577464899685424],[112.2038117996749,35.59072489963444],[112.20482579967097,35.60240190032749],[112.20049280040246,35.617252399878396],[112.18827079975767,35.63113789989421],[112.18422680032666,35.64186840010666],[112.18920879984626,35.6515084003924],[112.19480129964029,35.655662400399535],[112.20320879974633,35.65845489967393],[112.21109780022334,35.656902400025785],[112.24327080000751,35.64426790014352],[112.25057979981796,35.644081399636946],[112.26096330021619,35.64642339972016],[112.27188130008199,35.65289290038709],[112.28240179960346,35.67445740018894],[112.28912330020023,35.67860790003459],[112.30174979971355,35.682563899904096],[112.31186680041253,35.68421539962105],[112.35180680044357,35.68418189987483],[112.37386209985607,35.67737639990099],[112.40136729986102,35.677993899598846],[112.41094980019318,35.67574690029926],[112.41828130014198,35.673259899824586],[112.43412779975824,35.657534900415385],[112.44068930017113,35.64223089973626],[112.4481963001192,35.609306400370144],[112.46060130020987,35.602260400097464],[112.46064779965627,35.594478400058165],[112.45673379992502,35.5912588999783],[112.45480329993245,35.58667740004205],[112.45455930037144,35.578208899820936],[112.4576872998291,35.5715824000078],[112.46560679991399,35.56268689988059],[112.4715117997298,35.56156540032299],[112.49002079982017,35.56826790004362],[112.49368279962152,35.568054400090546],[112.50042730037967,35.56624640035113],[112.51200830024288,35.55415740044373],[112.51454180016401,35.55279140040284],[112.52213280038848,35.55258940008082],[112.54315180021547,35.56112289970213],[112.54933180012256,35.56159990011537],[112.56161150037053,35.55929179997662],[112.56695260008246,35.55229699990667],[112.57906770011436,35.55876189964198],[112.58336659978886,35.55409869989512],[112.59240910039978,35.559542399662064],[112.59932729981506,35.56082889963409],[112.60343209971165,35.55172839994577],[112.59236930000327,35.5477638996843],[112.59126280023816,35.54433039962828],[112.58528489957848,35.54388239965306],[112.58623249993002,35.5379876997726],[112.59242229974939,35.53540790005462],[112.59552779996807,35.530837899749315],[112.6103973003951,35.532939899556766],[112.60952779986815,35.54232039956685],[112.61149319985134,35.553145000341544],[112.60577299992406,35.55515860038912],[112.60238600021376,35.56151720025866],[112.60955080002941,35.56215310008554],[112.6085813002868,35.56402660014754],[112.60329780035329,35.564378500367525],[112.59952000024782,35.56713360043534],[112.60629399966842,35.57508069981452],[112.62661270011608,35.57730429965375],[112.62517759976652,35.58323679983852],[112.639640799983,35.6021234000749],[112.64520280016916,35.62090290004886],[112.64369980010576,35.64767439985371],[112.64704130041571,35.656833400441144],[112.65824129979626,35.66990289969914],[112.66187279998974,35.678149899598225],[112.66043830038734,35.686610900372784],[112.66322330021524,35.69691439977976],[112.66713729994649,35.701728899669035],[112.67949679973754,35.707244900431874],[112.70229329969607,35.71323739978624],[112.71494330029316,35.713951400336896]]]}},{"type":"Feature","properties":{"shapeName":"Qingxu County","shapeISO":"","shapeID":"62558664B37956474515785","shapeGroup":"CHN","shapeType":"ADM3"},"geometry":{"type":"Polygon","coordinates":[[[112.17120090020148,37.669395500002395],[112.17103649963485,37.662641899903804],[112.1672973002303,37.65881339961874],[112.16771679979058,37.65346540030805],[112.17198180041976,37.638083899652315],[112.17774179984428,37.62718939997086],[112.20764180002914,37.599857400398776],[112.22248880031793,37.570842899680144],[112.23214729965821,37.55682789998764],[112.24046330004137,37.554015899813976],[112.26123029993846,37.55725840005516],[112.26737980023768,37.55971540004572],[112.2849733003776,37.563003399687204],[112.2908932999859,37.559707399676824],[112.29048129987211,37.55258540039597],[112.27394880009706,37.533962400444466],[112.27229330019566,37.52833890012022],[112.27311680040009,37.52387590025262],[112.2782667995732,37.517570399954025],[112.27996080035075,37.51472440001112],[112.2908932999859,37.507751400406846],[112.29387679997444,37.50217839971344],[112.289161800177,37.48712539981739],[112.29284680013973,37.47825239982842],[112.30200980001234,37.46496589955666],[112.30635150022158,37.45222290006683],[112.29903960009756,37.44731440033934],[112.30006199976151,37.44409719982599],[112.30343599977164,37.4414184000392],[112.31612880000421,37.44562789990772],[112.3212701998599,37.450602599630315],[112.32143089971635,37.45736250037913],[112.32721500007221,37.45787270016501],[112.32914299994957,37.46169870033481],[112.33605169982616,37.45902050039581],[112.34038980004925,37.45927560028878],[112.34745919978229,37.46552459978051],[112.34665580032504,37.473940799928016],[112.34970850044704,37.48312110005878],[112.3596700002704,37.48120859999693],[112.36256199963668,37.48414099960752],[112.3821635995705,37.48159109964956],[112.3794322002359,37.47011539960607],[112.3869835997134,37.46055090010401],[112.39357099970198,37.45965819976618],[112.40080110019073,37.462591399773316],[112.4056212001583,37.461953800227775],[112.40867390028029,37.457107399586846],[112.42056330015623,37.458127700233206],[112.4274720998576,37.46131609995808],[112.4244193997356,37.464631900342],[112.4253834001239,37.46743750004066],[112.43277409974496,37.472028100216676],[112.43197080011237,37.47661849984394],[112.43566619983528,37.477638599941486],[112.44916229970045,37.475343399678195],[112.4571956998218,37.465652100264265],[112.46940650030979,37.46960529964491],[112.47261990028824,37.47470589995737],[112.47808260003205,37.47253820017784],[112.48418800027605,37.47559839974639],[112.48724070039805,37.47406830041177],[112.49029339962078,37.4764910002595],[112.49773809993337,37.475188299900196],[112.50021030026517,37.481260800245764],[112.5005634001808,37.49134950017935],[112.50680280030906,37.50003589983697],[112.4996217002813,37.50405189977539],[112.4982090002452,37.50844110037656],[112.50209389971371,37.510682399772975],[112.51680930040891,37.510122099655234],[112.52210689991352,37.50582629994386],[112.52693360000569,37.51292350041928],[112.5347033998421,37.513016900409696],[112.5371756001739,37.516378499668065],[112.54094270014559,37.51469770003888],[112.54447449969848,37.51684539979544],[112.55047839975839,37.51339039964728],[112.55671770006188,37.513110300400115],[112.5616620998261,37.50825440022044],[112.56236850020616,37.50451879990277],[112.58438290025072,37.503584899823295],[112.57955620015855,37.5147911000293],[112.58367649987065,37.518059300196626],[112.58391199993889,37.5204870002749],[112.58614870020244,37.52216760025459],[112.59909830004653,37.52244770040113],[112.60733900019477,37.51964660001062],[112.61663919973932,37.52235440023543],[112.6172277997232,37.52524870006749],[112.62040640043506,37.52636909975422],[112.62017090036682,37.531877399622374],[112.61640380039512,37.53215739994408],[112.61463789971936,37.535424799714804],[112.60745669986682,37.5366383997424],[112.60816310024688,37.542425900435035],[112.60416050020694,37.542892600013545],[112.60321869958341,37.54587960016346],[112.59738099963351,37.54786200003133],[112.59796959961739,37.55392869974975],[112.6016190997417,37.557661700127426],[112.60338489969342,37.57109920016802],[112.60032410027702,37.57501810030516],[112.60008870003355,37.579589800329074],[112.59395280018168,37.58819190023604],[112.59228629977292,37.60079009988323],[112.58440939967409,37.5999327995591],[112.58263529987926,37.60144480003754],[112.57578850033906,37.60212079973519],[112.57306530012352,37.60433099967594],[112.56559639995396,37.60681039998002],[112.55872899964368,37.600426700032244],[112.55579889959961,37.60086189995678],[112.55149539989281,37.604996899986986],[112.54655090030383,37.602385400066225],[112.53913409965901,37.60456160023773],[112.53702809966717,37.60717310015849],[112.53409810034714,37.60746319986686],[112.5302522998038,37.605069399733054],[112.52393439965283,37.60535960016546],[112.51926459978154,37.61631240019716],[112.51294659980579,37.62088169993058],[112.5004937998491,37.62516049975733],[112.4889565996674,37.61928610027337],[112.48886509994452,37.61464420006985],[112.48373740036084,37.61406389992908],[112.48291330030861,37.6123232000557],[112.4742147004481,37.614716699815915],[112.47503879960095,37.62225959980077],[112.46981960029439,37.61943109976551],[112.45791609994808,37.62276730037064],[112.45581019978101,37.62117179963889],[112.45278850018917,37.62225959980077],[112.45214760013175,37.62022890004374],[112.45205599968472,37.616820099867766],[112.45452820001651,37.614281499891376],[112.45251379957222,37.6076807998291],[112.45581019978101,37.60753580033696],[112.45141499980241,37.60434400027543],[112.45214760013175,37.60202260006298],[112.44610429987358,37.602603000028466],[112.44592109987889,37.6010795997438],[112.44033570023248,37.59999140028293],[112.44042729978014,37.59600129992009],[112.43529960019646,37.59679929984787],[112.43557429991404,37.59331690005496],[112.4287070003279,37.59288149958161],[112.42769980010576,37.59687179959394],[112.4160710003764,37.60165989988451],[112.41442290009684,37.60434400027543],[112.4105770995535,37.60456160023773],[112.4065482995644,37.609421700251346],[112.40316039963284,37.61087250006585],[112.40334349980276,37.61478930028602],[112.39986400032342,37.615514599918924],[112.39904000009597,37.618778399703444],[112.39295869988416,37.62268699990517],[112.39021210020837,37.61588850025413],[112.38255449979044,37.606094699710695],[112.37589190029098,37.607017799831624],[112.36942689983164,37.611133500410745],[112.36106039981769,37.628642400426486],[112.36332999997956,37.63626760006974],[112.35970419968908,37.6428302003535],[112.36229409969303,37.64805940012127],[112.36086959965235,37.653288199690735],[112.34999230040444,37.66261710019904],[112.34906370002977,37.67001370027208],[112.33807900014585,37.67276480015545],[112.33458270043138,37.676249500414144],[112.32383489996073,37.694490499836775],[112.32007959999362,37.697871799643906],[112.32422339989,37.712624600445],[112.32375520024232,37.716890500396346],[112.32007959999362,37.71907799965004],[112.31901389977168,37.72770950019333],[112.32641070039358,37.733999300127664],[112.33556019964351,37.73804500017667],[112.34028040022031,37.747241200321184],[112.33887280023964,37.75031579983437],[112.33341729956874,37.754101100285595],[112.33249620043932,37.77024069974857],[112.32755060008014,37.77529209995049],[112.32432790021244,37.77637260031531],[112.32381919959641,37.781356299553636],[112.31127420024416,37.77356479997559],[112.31050910021486,37.77076919983875],[112.30454050034393,37.768228499945394],[112.29677099998173,37.759527200320065],[112.28524619965242,37.75451060028405],[112.28317430015386,37.751029599836215],[112.27242649968332,37.74519330013072],[112.27074310011403,37.740892600013524],[112.26621080028826,37.73956140013854],[112.26426850029111,37.73741089989318],[112.26478640007235,37.73454349968284],[112.25753490021555,37.72747690043866],[112.255981000323,37.72010229958153],[112.25131919992123,37.71620989976714],[112.25248469970916,37.71395630034306],[112.2471754998495,37.71252220003953],[112.24743450010214,37.709448900046766],[112.2527436999618,37.70381419956573],[112.24808189956013,37.70186759990986],[112.24445610016892,37.6969495997443],[112.23966489991528,37.69592500033855],[112.22788110023271,37.69756439967733],[112.2264567000168,37.69172390013796],[112.2243849003429,37.691006599974685],[112.21829869972532,37.69028929981141],[112.21169460022566,37.69213380033466],[112.2100111997571,37.689572100372175],[112.21065869993913,37.685883000400224],[112.20625589979,37.68660029966418],[112.20340710025755,37.68434580001872],[112.19939289986246,37.686087900136556],[112.19499009971344,37.684038400052145],[112.19071689996497,37.685575499709614],[112.18722060025061,37.68178379968265],[112.18942200032507,37.67788939977601],[112.18139339988556,37.67840180020295],[112.17724969981384,37.67245730036416],[112.17120090020148,37.669395500002395]]]}},{"type":"Feature","properties":{"shapeName":"Qin County","shapeISO":"","shapeID":"62558664B30514151971482","shapeGroup":"CHN","shapeType":"ADM3"},"geometry":{"type":"Polygon","coordinates":[[[112.89521780036125,36.738364900020144],[112.88596329986649,36.74058890005773],[112.86850729977209,36.74093990005639],[112.86051179977983,36.74641789996616],[112.85719279960813,36.755714399699855],[112.85337829996865,36.757652400038296],[112.82389079992049,36.758296900081916],[112.81049329992595,36.75212489964446],[112.79225179958098,36.75083540043346],[112.7772063000308,36.76547990037716],[112.77139279993787,36.7730829002557],[112.77113279963908,36.7781213996829],[112.77831279979591,36.788680900103486],[112.7818832998745,36.79728690037018],[112.78482829988616,36.82353590036155],[112.77751179972984,36.839572899769564],[112.78028079971921,36.85579689970723],[112.76956930038295,36.86664589998833],[112.76644130002603,36.89024790022046],[112.76226029967313,36.89829189975143],[112.75234280008021,36.90478140044132],[112.74038680001092,36.90853890015018],[112.72767580019809,36.92077240042602],[112.7131727995851,36.9258959001757],[112.7065117999797,36.92047490019655],[112.70226280008819,36.91964739980773],[112.69586179988221,36.92126439973231],[112.66915879963892,36.9387129003801],[112.65370179999809,36.943691399738384],[112.64714079960822,36.94300889974096],[112.64327979962309,36.94012439982123],[112.63342280012216,36.93703440031737],[112.62735730009933,36.93774039959982],[112.62171179965992,36.941448399723924],[112.61054229988724,36.95735140014705],[112.60331730035318,36.96375290037611],[112.59194930041997,36.967262400339564],[112.56199629958962,36.96966190037648],[112.54847730028723,36.97561239959259],[112.54293079991658,36.98060989982707],[112.54483030027825,36.973738900429964],[112.54237380031066,36.966571899973246],[112.53652879966444,36.95994940034461],[112.52181229999769,36.95367489967691],[112.50409679962763,36.95067589987292],[112.49091329960913,36.95511240031709],[112.48441330023365,36.96009439983675],[112.47598279996635,36.96155539976195],[112.46528630042246,36.95513889974046],[112.47696680037757,36.94624339961325],[112.49021929998082,36.92950840039242],[112.49291180003956,36.92226389995909],[112.49960330015222,36.915157399594364],[112.51953880037536,36.906917400018074],[112.52609230041935,36.9023323999204],[112.53530129971523,36.89118190012465],[112.53967279985989,36.87917689959431],[112.52957930024456,36.85427539968998],[112.53074630010178,36.843302900008894],[112.53420230029599,36.837692400284084],[112.52974679987494,36.81964089970779],[112.54128280036105,36.80743039959333],[112.53957379979113,36.802093399890566],[112.52838129985719,36.79734040013943],[112.52628330023413,36.7938233998301],[112.52982329980546,36.78660939990391],[112.53114330042308,36.76233690022781],[112.52990730008185,36.75884990040265],[112.5207977999786,36.752795900010824],[112.50125129970775,36.744300900366284],[112.49532329973056,36.73766690020733],[112.49204230041187,36.72975140030695],[112.49044030027972,36.71202839959102],[112.4819338001048,36.690158900113204],[112.48062880017903,36.68254489972742],[112.48755630038306,36.67086039958781],[112.50097629961658,36.660556900180836],[112.51069629999427,36.65516639980956],[112.53196729975116,36.64743040009296],[112.52636729961125,36.63484589981846],[112.49698629997783,36.60810839978285],[112.48499279997782,36.58772290039161],[112.4727627998634,36.57673239988043],[112.48499279997782,36.566848900056755],[112.48584729981314,36.55128089979377],[112.48940330012226,36.543605900192176],[112.49999979955112,36.537563400330725],[112.50164780000603,36.53348940041553],[112.49999230010462,36.52723689986311],[112.4928437996017,36.52262490031893],[112.4877703003591,36.51624690027427],[112.47846980044096,36.4831119001941],[112.47884379970162,36.4764708997123],[112.49365980035952,36.43984240040652],[112.51061229971788,36.442279900397125],[112.5310593001467,36.44851290005033],[112.55780779979023,36.46482440042581],[112.56291180043934,36.46523290037811],[112.56878679977103,36.46199789958342],[112.57422629970404,36.4401704002438],[112.58828729971913,36.43263239976551],[112.61869029971763,36.428642400126705],[112.62978429960583,36.429027399894665],[112.64885729962475,36.434272899874486],[112.66502379960878,36.44102089989468],[112.67199680011231,36.449058400025194],[112.67701729960879,36.462074400413314],[112.67568180007504,36.47671140001114],[112.68103829977781,36.49960339987706],[112.69085680020123,36.507964899660465],[112.70123280025359,36.50579440029139],[112.6984633002412,36.51533489958598],[112.70246130024884,36.526019900398126],[112.7254713001604,36.538722899842014],[112.74701679998543,36.56330490030098],[112.75144179989923,36.57147989957775],[112.7566832996946,36.5916098997771],[112.7552037998156,36.598216899590284],[112.75598129969728,36.61085489963398],[112.7673263003685,36.62339040034675],[112.77394879999713,36.627967900098554],[112.78485080002451,36.63246139957397],[112.78891729959378,36.64223090043578],[112.78347779966077,36.648242899790034],[112.78227980017266,36.654853899787724],[112.78511030030018,36.66091140034092],[112.8043822996035,36.669578399823365],[112.81974780042071,36.670539900096344],[112.82994829957443,36.67798589992941],[112.83901979972404,36.69066990029569],[112.84442880004917,36.69107440006354],[112.87328329968454,36.68535990003943],[112.87834180003415,36.686897399895145],[112.88327029978461,36.6969183997644],[112.89174630035154,36.73343290010831],[112.89521780036125,36.738364900020144]]]}},{"type":"Feature","properties":{"shapeName":"Qi County","shapeISO":"","shapeID":"62558664B88059651365665","shapeGroup":"CHN","shapeType":"ADM3"},"geometry":{"type":"Polygon","coordinates":[[[112.21598620010309,37.341793600094604],[112.25205769980312,37.33987330021267],[112.26548809969609,37.3349156003747],[112.26868280007125,37.33150640000042],[112.26921740026285,37.32759250009383],[112.26583560043264,37.326662600198915],[112.2625846996242,37.32353209972666],[112.25931929994579,37.31330860041163],[112.26298079972423,37.30386689973767],[112.2721512999426,37.30498339996399],[112.29190410019407,37.3021978002883],[112.3027713000555,37.30354850016323],[112.31034369960207,37.30293999998105],[112.32754680044457,37.2966660002358],[112.33192120000342,37.29010819963378],[112.3331972003906,37.28013260023937],[112.33882100018911,37.268073300442495],[112.35446910036876,37.259884400344845],[112.3794832997146,37.2526181003451],[112.37723709991224,37.24660579971794],[112.37782910023282,37.24265380003288],[112.39039709974645,37.22714799958055],[112.39894669993032,37.22313780026934],[112.40210650031474,37.223736700188624],[112.40820140007463,37.21831370011722],[112.40815489972886,37.21038309970032],[112.4064327996341,37.20815920038683],[112.41646229989533,37.197208100073794],[112.41991730004338,37.19627660028493],[112.42097349982726,37.18662649971327],[112.42499340012535,37.18210330012727],[112.43250240016573,37.181834300312744],[112.43601109973258,37.17963779974474],[112.43500860026677,37.17324760039651],[112.4400212001184,37.1644601996785],[112.45656249975957,37.15866800002823],[112.45180060031748,37.14848049967537],[112.44603619961094,37.14228740024339],[112.44703869997613,37.13769229985979],[112.44352989968513,37.13269719991587],[112.44578559992556,37.12770179959841],[112.44019329978107,37.11745840008513],[112.44793679984355,37.120231400258945],[112.47763829986775,37.12607940014425],[112.51451880000263,37.12964640006135],[112.53106679959319,37.110118899767485],[112.53498829967032,37.09705339979462],[112.53991680032016,37.09313940006331],[112.58441179996464,37.08143589994688],[112.59825129965782,37.089401400354404],[112.60825330044952,37.10280239961111],[112.6169663002546,37.10523240015522],[112.6312867996462,37.10645289978157],[112.63143930038348,37.11752689964675],[112.6344297997955,37.12025440042032],[112.63522540033205,37.123958400359925],[112.63776150019316,37.125767599794926],[112.64109850029558,37.124703399642215],[112.64577030025919,37.127683299644616],[112.65311169994504,37.12778970023453],[112.66165450035498,37.13938889967801],[112.66806159976306,37.13970809964911],[112.67059769962418,37.143113000364735],[112.68140960017297,37.14907130030031],[112.67967439965389,37.16024170029431],[112.68194349979274,37.16300739977174],[112.67179899962423,37.170772300101646],[112.67086460042106,37.17343130041422],[112.67673780020937,37.180238000083705],[112.67326730024581,37.19448739997358],[112.66779460004079,37.201504800006546],[112.66258889955816,37.201504800006546],[112.66245539969702,37.20639529980332],[112.65886479977075,37.21064770003136],[112.65392600008488,37.21266740018041],[112.64645109963863,37.21288009973688],[112.63830879971135,37.2168132001691],[112.63363699974775,37.2168132001691],[112.63163480040578,37.21904540022507],[112.63176830026691,37.221277499557004],[112.63497179960893,37.22297820028376],[112.63497179960893,37.22574160019474],[112.63043350040573,37.23222470040963],[112.63403740040576,37.23881349974329],[112.62896519978415,37.239663699919845],[112.62522770009832,37.243276600334866],[112.60987750034644,37.25145819973619],[112.60987750034644,37.253689399746065],[112.61521669979095,37.2596388998154],[112.61575060030998,37.2632509000091],[112.61268059992983,37.266543999705846],[112.61241360020756,37.27036809960816],[112.60747479962231,37.274935499973424],[112.60680740014152,37.278865399718484],[112.60013339993657,37.28364470014287],[112.59279200025071,37.285981100147694],[112.59012239962908,37.28991040004496],[112.58651839980439,37.2912908998552],[112.58384880008214,37.301590900000065],[112.57583990019134,37.306050200056745],[112.56355969992023,37.304139100239354],[112.56048970043935,37.30127239970153],[112.55955530033691,37.29670650030482],[112.5538157002344,37.296812700345924],[112.54767559964921,37.294264299557824],[112.5456732995832,37.303926799981866],[112.54206939958317,37.30180320025755],[112.53806499999985,37.303820599940764],[112.53339310021147,37.303820599940764],[112.52925519986763,37.307430500217436],[112.5187102999405,37.307430500217436],[112.51457239959666,37.31188949990053],[112.51857680007936,37.31475580024005],[112.51510630011569,37.31794050015401],[112.51617420007938,37.32154969985879],[112.5065636004299,37.33152709969596],[112.50709750004967,37.33948690020031],[112.49935559988114,37.3454295995964],[112.49922210002,37.35466109992984],[112.49414990029777,37.354554999713514],[112.49148029967614,37.3525390002747],[112.49148029967614,37.34946189974693],[112.48894409999025,37.34850689977367],[112.48480619964641,37.350204700186794],[112.4826705004433,37.34893139956449],[112.48400540012915,37.34649079961076],[112.4812022996465,37.3454295995964],[112.47920010030441,37.34787020044945],[112.48106879978536,37.35126580037644],[112.47799869958033,37.35158410012616],[112.47613000009949,37.35561609990316],[112.47079079975572,37.35710150023408],[112.46651939955075,37.360284399705336],[112.46998990041368,37.368559300171626],[112.47466170037728,37.37078709984485],[112.47839920006311,37.37884870000755],[112.4725260002748,37.384470200239605],[112.47439479958041,37.38680350028136],[112.47225910037719,37.38966700013202],[112.47292649985809,37.39136379959973],[112.47626349996062,37.392106100016576],[112.4905458995737,37.401331900446905],[112.491346799815,37.40546729977609],[112.48867720009275,37.41447939970459],[112.48400540012915,37.416599699816345],[112.48640800012913,37.426670499643876],[112.48280400030444,37.43303030010833],[112.4854736000267,37.4417211001487],[112.4906794003341,37.44182709964099],[112.49228110009278,37.46704599997298],[112.49508419967617,37.46958860013382],[112.49975610036381,37.469058900348045],[112.50015650012244,37.4735082997683],[112.49773809993337,37.475188299900196],[112.49029339962078,37.4764910002595],[112.48724070039805,37.47406830041177],[112.48418800027605,37.47559839974639],[112.47808260003205,37.47253820017784],[112.47261990028824,37.47470589995737],[112.46940650030979,37.46960529964491],[112.4571956998218,37.465652100264265],[112.44916229970045,37.475343399678195],[112.43566619983528,37.477638599941486],[112.43197080011237,37.47661849984394],[112.43277409974496,37.472028100216676],[112.4253834001239,37.46743750004066],[112.4244193997356,37.464631900342],[112.4274720998576,37.46131609995808],[112.42056330015623,37.458127700233206],[112.40867390028029,37.457107399586846],[112.4056212001583,37.461953800227775],[112.40080110019073,37.462591399773316],[112.39357099970198,37.45965819976618],[112.3869835997134,37.46055090010401],[112.3794322002359,37.47011539960607],[112.3821635995705,37.48159109964956],[112.36256199963668,37.48414099960752],[112.3596700002704,37.48120859999693],[112.34970850044704,37.48312110005878],[112.34665580032504,37.473940799928016],[112.34745919978229,37.46552459978051],[112.34038980004925,37.45927560028878],[112.33605169982616,37.45902050039581],[112.32914299994957,37.46169870033481],[112.32721500007221,37.45787270016501],[112.32143089971635,37.45736250037913],[112.3212701998599,37.450602599630315],[112.31612880000421,37.44562789990772],[112.30343599977164,37.4414184000392],[112.30006199976151,37.44409719982599],[112.29903960009756,37.44731440033934],[112.29456800001321,37.44159609978021],[112.27899880005464,37.43531359964294],[112.26963810041809,37.4289211996537],[112.26049189988134,37.42616940009776],[112.25737819964422,37.41971290003039],[112.2570331000976,37.414687900326385],[112.251534500317,37.407425899985355],[112.25204400043037,37.405536900107904],[112.24319330003084,37.38855030025621],[112.24177690018382,37.38198390033676],[112.23815040022089,37.37743440007756],[112.23815040022089,37.37457660013007],[112.23595649959282,37.371357699898],[112.23198089989864,37.369709300144166],[112.23146180042181,37.36640889975098],[112.21790969977292,37.352233499676345],[112.21531659998118,37.34687249976611],[112.21598620010309,37.341793600094604]]]}},{"type":"Feature","properties":{"shapeName":"Wanrong County","shapeISO":"","shapeID":"62558664B88268510872121","shapeGroup":"CHN","shapeType":"ADM3"},"geometry":{"type":"Polygon","coordinates":[[[111.00140379984555,35.3879508998142],[110.98507679965462,35.39021339982861],[110.98966980012125,35.4101983996365],[110.98918130007701,35.419120900109476],[110.98515279956212,35.42340489981632],[110.9594572999145,35.43055739960437],[110.94460280017915,35.44199389999852],[110.93636329972657,35.445983899637326],[110.92362979977548,35.45035939996637],[110.9036027998294,35.45461290006534],[110.88989279981291,35.464462400119714],[110.8805618002869,35.46728489987828],[110.87045279995681,35.467574399738794],[110.84446730042566,35.463023900332814],[110.83882129996306,35.46430189991281],[110.8355637999295,35.471343900001045],[110.83499929997777,35.49330890028557],[110.83174129992113,35.511336899778144],[110.83644370021665,35.520640300009916],[110.83763969961251,35.528168399851836],[110.82358150008622,35.524126799811995],[110.81876209979112,35.52470259974524],[110.81184619994224,35.52940409981943],[110.8018667001881,35.52737230019153],[110.79577009981034,35.528503099638385],[110.7954954000927,35.52447400017502],[110.79331080025327,35.52510069993741],[110.79232720004029,35.5276024996557],[110.7855049996561,35.52548109967307],[110.78208050001513,35.521056900155884],[110.7725907998256,35.51834139993571],[110.76896460023619,35.51559320036597],[110.76861260019143,35.50702450038045],[110.7641692001485,35.50638489984328],[110.76097220020694,35.5159936001246],[110.75379510036367,35.51617730014232],[110.75002870006449,35.50648499978297],[110.7411382999926,35.503444200389595],[110.73978540037598,35.49869019969299],[110.73355199962515,35.493471399685404],[110.73418559988556,35.4837386001563],[110.73119489992473,35.47440239985093],[110.72560480042125,35.4734698001912],[110.72296930029302,35.483381500056225],[110.71736210018082,35.483530800106394],[110.71413170031775,35.48845860018429],[110.70932870005953,35.49186960010201],[110.70625470039414,35.49247029956473],[110.70318069982949,35.485562200435254],[110.6929005000581,35.48162729956027],[110.68619130038826,35.48458709971493],[110.67674420018477,35.49467280040949],[110.67268649958237,35.4944725996308],[110.66965919991219,35.48840560043817],[110.66378219958892,35.49098569963036],[110.66117970008315,35.50060920005461],[110.65543380022973,35.499095900055806],[110.65018370021767,35.49948359958853],[110.64748350016345,35.49693149988889],[110.6450203002467,35.4971755003491],[110.63765650024737,35.50468260012195],[110.63282460027517,35.50537449983335],[110.62992930039695,35.51033180037234],[110.62992930039695,35.51393919963442],[110.62459169994708,35.51138509984253],[110.6186164999516,35.52135469985956],[110.59891010022102,35.51529300037174],[110.59540709965796,35.50839609960036],[110.57963369963556,35.509108100058825],[110.56417040024382,35.50413369981044],[110.52884510042111,35.50643369975552],[110.50277709978337,35.490818500373564],[110.4784086001768,35.436387199909404],[110.46566890029959,35.40267530002512],[110.47205349956943,35.36802289993693],[110.45519259975873,35.331516300137196],[110.41268200007431,35.30480810001387],[110.41676429983261,35.29890720020717],[110.43702679984699,35.29094290039461],[110.44621279988087,35.28357289956972],[110.45352930003725,35.282115899828966],[110.47907310024345,35.29093590007176],[110.48863220021593,35.298797500004696],[110.49700559982864,35.29823109978548],[110.50798249989253,35.29421459982399],[110.51723269982932,35.29515640044758],[110.5244203001568,35.2923447995729],[110.52301189977942,35.289974299974006],[110.5272525998277,35.28843589989691],[110.5272525998277,35.285281999964354],[110.53045669991684,35.28428199971455],[110.52819500029909,35.27912779980818],[110.53205879987377,35.27658900018224],[110.53337809991945,35.2704341003535],[110.54939860036518,35.26450949981364],[110.55335660032688,35.26366310017198],[110.55590100003121,35.26481729997846],[110.55561829994463,35.267048699637826],[110.56155530033692,35.269741599894985],[110.56466510021426,35.27774300033923],[110.56739799961804,35.278358499944886],[110.57031939962064,35.276973699576615],[110.570790600306,35.26712559976664],[110.58162800023206,35.2605083000181],[110.58662260015296,35.26066220010051],[110.60914550026467,35.25350570012802],[110.61602490022904,35.25735340003945],[110.61894620040687,35.26235510010781],[110.62233880019551,35.26297059971347],[110.63817080004247,35.25850759984593],[110.63977280017463,35.25743030016827],[110.64033830017246,35.250889199976655],[110.63713420008332,35.24019130018843],[110.64401360004769,35.23295599981958],[110.64759459971106,35.233340899762766],[110.65013900031465,35.23680459995239],[110.65560480002159,35.2357269999012],[110.65720689997852,35.23888280010118],[110.65928009989676,35.2469641997381],[110.65767809976455,35.249734799621365],[110.65862050023594,35.25673769988498],[110.64900819996853,35.25981579955953],[110.66333240007026,35.289051299677794],[110.66568830007503,35.29005120010288],[110.67756229996024,35.286282000214214],[110.68227419979456,35.291974199749575],[110.70055639985804,35.286051299827704],[110.70281810037511,35.28851280002573],[110.71893280030855,35.28382040019136],[110.72986439972232,35.283205000410476],[110.73042979989543,35.29020510018529],[110.73560530024446,35.29797799998477],[110.7429112000919,35.298358200070936],[110.75402879998921,35.296416300272085],[110.77217240013624,35.30241999978324],[110.77574359988728,35.30669890033403],[110.78515549972661,35.304125199818145],[110.79159649997854,35.29574140044531],[110.7939462998819,35.28843589989691],[110.79359300031678,35.28134989957823],[110.78904590034807,35.27189439970681],[110.78555629968355,35.26992439969132],[110.7857358996921,35.26759270044283],[110.79371780013645,35.264253499699294],[110.79620419986401,35.25940819982861],[110.7961395997628,35.2520335998708],[110.80039710004621,35.25018989974416],[110.80807349989215,35.26140980022217],[110.81316959999708,35.26125180013054],[110.8327798001477,35.25387729999744],[110.83647340032724,35.254294199617675],[110.8500741003395,35.26208279978141],[110.85646429968773,35.2607227001925],[110.8609382002378,35.256135600177856],[110.86428030039559,35.24848800022107],[110.8682588004034,35.24650220001655],[110.88740769960572,35.24483239999529],[110.88110330007731,35.25164790043033],[110.89533980009179,35.26447340012737],[110.94302380020827,35.29637890016619],[110.97428130004204,35.32480239971102],[110.98016329969658,35.33679939987246],[110.98404679982002,35.35036440039681],[110.98686230015511,35.37421839965947],[111.00140379984555,35.3879508998142]]]}},{"type":"Feature","properties":{"shapeName":"Wanbailin District","shapeISO":"","shapeID":"62558664B52648869548672","shapeGroup":"CHN","shapeType":"ADM3"},"geometry":{"type":"Polygon","coordinates":[[[112.32381919959641,37.781356299553636],[112.34899649998852,37.785573699966335],[112.37922209972021,37.7959430998942],[112.39518069982944,37.79708770033716],[112.40768820015035,37.80128759994284],[112.40967849966307,37.80308460007427],[112.4117664997242,37.813786000023924],[112.42499469964571,37.82003550043805],[112.43428710026956,37.818619300240584],[112.44840720013224,37.8088263000937],[112.46581190019913,37.808679799633126],[112.47107199977302,37.805787499893256],[112.46964770028126,37.79930860041162],[112.47336600034066,37.79665229986381],[112.47821580041887,37.799441000401885],[112.4816276996587,37.806798399926265],[112.4810434002328,37.81426349956092],[112.47554929976047,37.81673750033542],[112.47771820013486,37.819096600128034],[112.47560140018459,37.822059500245814],[112.4805580999764,37.82366320009663],[112.48076339991098,37.82487120004589],[112.48520160007388,37.823968299597425],[112.48564430034423,37.822277799880624],[112.49518140020155,37.82143030036809],[112.49548129982225,37.816754199846514],[112.50678159969118,37.8153961003498],[112.5080411002167,37.81152330036008],[112.505988599994,37.8080372996817],[112.51164419982001,37.80723159975855],[112.51241940013529,37.80452380043312],[112.51482159993691,37.80406930015812],[112.51443069971708,37.80251169955534],[112.51199400012308,37.802678500412526],[112.51235120004787,37.799644800267345],[112.51888050023501,37.79936139960898],[112.51730229976135,37.80326210016585],[112.52297650026537,37.80356919975884],[112.52494119967673,37.81219210008538],[112.52765319973548,37.811910300220234],[112.52822839982082,37.81384590026812],[112.53446160002284,37.81368089985369],[112.53514179955448,37.82627820017882],[112.53204489955249,37.83578929973646],[112.52838060018462,37.84484999992759],[112.52864879960248,37.86674560042917],[112.53010799998424,37.880968800369885],[112.5217302998135,37.883527799668286],[112.5217302998135,37.88655229974887],[112.50108260038178,37.88686829993213],[112.50096820032229,37.89386469989603],[112.49879479974027,37.89476749962046],[112.49856599962129,37.898739299678994],[112.48912870022934,37.89905520003748],[112.48443859996144,37.896708300447756],[112.48300870039122,37.898739299678994],[112.47946259981916,37.89891979990887],[112.47957699987876,37.89413559997803],[112.4773462998919,37.893007100097634],[112.47700309971333,37.895986099878655],[112.47282780016292,37.895940999777395],[112.468789899934,37.90614330027313],[112.45794830017394,37.90884720013821],[112.44753859982654,37.915074499888306],[112.43575630021314,37.91381100007766],[112.43541310003457,37.92094030005484],[112.42706250003437,37.925181400301426],[112.42843520002452,37.92806879963547],[112.42099979960108,37.9259934998002],[112.41859749997468,37.92906130043872],[112.4156232998755,37.92951250020178],[112.4129922999548,37.92788830030486],[112.41196280014321,37.93348239999284],[112.40681520036128,37.93979780002849],[112.40201070003388,37.940158699764254],[112.4017818999148,37.938534800240916],[112.40578559982566,37.93736189993177],[112.40406980038108,37.93564780020586],[112.3990364999346,37.93465530030193],[112.3990364999346,37.93131699977977],[112.39377450009317,37.92851989957376],[112.39606229983531,37.92500090007155],[112.39240180010302,37.92554230003719],[112.39137230029144,37.922654799979114],[112.38942760000384,37.92202309998612],[112.38828370013266,37.922925500411566],[112.38599590039053,37.92202309998612],[112.38256410005329,37.92500090007155],[112.38279290017226,37.92779810010228],[112.38496629985491,37.92815899983805],[112.3848519996202,37.92933199997185],[112.38027630031104,37.92861019960111],[112.37467110029115,37.931768099718056],[112.37592940022171,37.93564780020586],[112.3684938999736,37.93194859994799],[112.3654053996396,37.93393349993113],[112.3622024003206,37.933031300054495],[112.35922820022131,37.93627929965004],[112.35087760022111,37.9400683997369],[112.34412850033004,37.94773639991496],[112.34836100035989,37.9486384001421],[112.35030559992356,37.95116410024309],[112.35648280024111,37.95215629977349],[112.35796990029075,37.95414069973356],[112.35888500004273,37.957838800120555],[112.3559143999297,37.96327689980916],[112.3572310002105,37.9651905995666],[112.3520810999629,37.969656499747714],[112.3520810999629,37.971956999715815],[112.35585770037267,37.97506940043252],[112.35551440036932,37.9775050001557],[112.35242449979091,37.978181599701145],[112.35173779995955,37.98048180019498],[112.3398931998114,37.97398680015078],[112.33748990013885,37.979534699866576],[112.33439999956045,37.979128799854266],[112.33422839992079,37.98115839974042],[112.33199679971256,37.98156429975268],[112.3297652004037,37.980211199587245],[112.32878129981714,37.97809040035173],[112.3246631998469,37.976918199715215],[112.31574060044841,37.976737900034095],[112.31516860015086,37.974663899719246],[112.31791400013105,37.9697943999916],[112.32226090022039,37.96772029985203],[112.32317609979725,37.96555589968506],[112.33072590028019,37.965646099887636],[112.3330137998471,37.96456379997943],[112.3332425001413,37.96239939981251],[112.3301539998073,37.96014459979352],[112.33084030033967,37.95644669995528],[112.3228987003148,37.9531446996682],[112.32169709994128,37.95003150035353],[112.3228987003148,37.94813629965057],[112.31843549989844,37.9459704003138],[112.31448729984902,37.93838929982638],[112.31843549989844,37.93513999981121],[112.31774889989185,37.93378610014844],[112.31156909963431,37.93554620019705],[112.31105410016664,37.941232299631],[112.30779250012381,37.945429000348156],[112.30573260027938,37.945429000348156],[112.30298599970422,37.93893079961674],[112.3048742999091,37.9359522998588],[112.30229929987286,37.93432769976357],[112.30710590011722,37.929994999969324],[112.30641920028597,37.92769309975682],[112.29491790014106,37.928776399711126],[112.29543289960873,37.93608769998741],[112.280326700317,37.93933700000258],[112.2734602002281,37.93554620019705],[112.27380360005611,37.93419229963496],[112.28238660016154,37.933650700019825],[112.28461820036966,37.932296699633014],[112.2820433001582,37.92904719996835],[112.27397519969577,37.92945340035419],[112.27414690005946,37.92701610001308],[112.26779540033749,37.92566199980149],[112.26482649994307,37.92256940035759],[112.26284250018125,37.924532099676696],[112.26264559991455,37.92850560035322],[112.25757090007698,37.92744960021895],[112.25845800033653,37.91877520021535],[112.26622749979936,37.91152189991578],[112.26687490015661,37.90702650017289],[112.27037119987108,37.90375699958594],[112.28034210030773,37.88188829960541],[112.2848744001335,37.88209270021798],[112.29083100035041,37.885158800238514],[112.29329139977835,37.88526100009511],[112.29601069963417,37.88260370040052],[112.29795310035536,37.87238259957735],[112.29445679974162,37.871769299713435],[112.2870757003833,37.874222500068356],[112.28435639962822,37.87289369958461],[112.280100000115,37.87685650012742],[112.27698679990101,37.87714559978963],[112.27662049973628,37.87512190035545],[112.27863490018058,37.87136339970118],[112.27826869984074,37.863267600119684],[112.28284690016437,37.8609543001009],[112.28138190005473,37.857050499580964],[112.28742520031278,37.848230000214414],[112.29987800026959,37.83564819970468],[112.29914549976502,37.830875199930574],[112.3018923998145,37.829284200305665],[112.30720319956811,37.830152000214696],[112.313612700166,37.825378700067006],[112.33577140003013,37.81915849956516],[112.33687019979993,37.81640979997235],[112.33174250021625,37.81322700032587],[112.32972809977207,37.809175999672675],[112.32936190033149,37.79687699997362],[112.32130409980448,37.79268030015578],[112.3209379003639,37.789351800445274],[112.3242082004482,37.78487210016732],[112.32381919959641,37.781356299553636]]]}},{"type":"Feature","properties":{"shapeName":"Tunliu County","shapeISO":"","shapeID":"62558664B49295963149000","shapeGroup":"CHN","shapeType":"ADM3"},"geometry":{"type":"Polygon","coordinates":[[[113.01085680010135,36.401202900093836],[112.98763280021365,36.39932639989348],[112.9566268002867,36.39307390024038],[112.93238830037978,36.39413789984428],[112.92633029980357,36.39577839995326],[112.90606679974303,36.41439439958191],[112.88947279982995,36.43931590040853],[112.88210279990437,36.44435489985881],[112.8730773000774,36.448417400142944],[112.84384930030501,36.45205289962166],[112.83273330030158,36.45811090019794],[112.81384279970553,36.46551890007726],[112.80361180004456,36.46495440012552],[112.78634629974204,36.45726789999367],[112.77583329966706,36.45692040015638],[112.76596080035074,36.4604909002349],[112.76217630029612,36.467475900392515],[112.75180030024376,36.475616399877026],[112.73590830032788,36.479896400298685],[112.72991930023557,36.48015589967508],[112.71878830043977,36.485972899929436],[112.71021279978095,36.492107400436225],[112.70574929989039,36.501128900078754],[112.70123280025359,36.50579440029139],[112.69085680020123,36.507964899660465],[112.68103829977781,36.49960339987706],[112.67568180007504,36.47671140001114],[112.67701729960879,36.462074400413314],[112.67199680011231,36.449058400025194],[112.66502379960878,36.44102089989468],[112.64885729962475,36.434272899874486],[112.62978429960583,36.429027399894665],[112.61869029971763,36.428642400126705],[112.58828729971913,36.43263239976551],[112.57422629970404,36.4401704002438],[112.56878679977103,36.46199789958342],[112.56291180043934,36.46523290037811],[112.55780779979023,36.46482440042581],[112.5310593001467,36.44851290005033],[112.51061229971788,36.442279900397125],[112.49365980035952,36.43984240040652],[112.49329379966923,36.420558399650474],[112.4915772996527,36.415450899739255],[112.47953029988355,36.401485399631554],[112.48195630024316,36.383220400001505],[112.46307380001588,36.35914240030161],[112.4427723000017,36.33945089963936],[112.44671630021719,36.32892990009486],[112.44814280035007,36.30432140021253],[112.4577027996445,36.2787399004261],[112.463043300408,36.27201439964489],[112.47106930000825,36.26827239975148],[112.49616980009625,36.262038900075254],[112.51911179956994,36.258765900226194],[112.52552779956841,36.25978839971492],[112.53016680035762,36.262363399751166],[112.53350080032169,36.26574690019936],[112.53656779966434,36.273315400285526],[112.54414380009632,36.280467900073575],[112.55352780026783,36.278213400428115],[112.565879799713,36.27267839968846],[112.56780979968255,36.27019140011305],[112.56765729984454,36.26304639977161],[112.5625533000948,36.24504489970241],[112.55697630011616,36.237941900398425],[112.55486279977845,36.224971900333],[112.5611417997543,36.18859840019604],[112.580322300234,36.198619900088374],[112.59322329981546,36.20159539970797],[112.62229130030335,36.19939789999313],[112.63392679998185,36.194064899575494],[112.64282230010917,36.19208139983681],[112.65296180004714,36.19357689955433],[112.67112729958524,36.20429590013572],[112.69606780038873,36.21065140004214],[112.71127380014582,36.218738899780476],[112.7208098001322,36.22089740039479],[112.73671569996964,36.229051500326534],[112.7398367000037,36.228770900156974],[112.74986940005283,36.239174000379876],[112.75800919986477,36.24206170008745],[112.7688239000031,36.24416300022233],[112.79024639955173,36.24505809995139],[112.80574779962137,36.248050899829195],[112.81919079991553,36.24047090011203],[112.8255462998219,36.243888900352545],[112.82864379967168,36.25018240009774],[112.8356398003366,36.25798039997551],[112.85190030015883,36.259821900360464],[112.85351859960372,36.255852899891465],[112.85715960023538,36.25623350017594],[112.85906230038495,36.26103989987155],[112.86759179982175,36.26086039968777],[112.8711698002461,36.25730889958612],[112.87399280002774,36.24065789974236],[112.88007329984293,36.23237239986639],[112.88863379981012,36.2317313999842],[112.89557629980641,36.23470689960379],[112.89687409976,36.2381256004162],[112.9055328002986,36.24007389979067],[112.91046880039494,36.24367540039947],[112.91829679985744,36.24599090015994],[112.93373130025941,36.244190399867136],[112.93805680008131,36.23676289998792],[112.93794230019705,36.22758490032294],[112.94590240017567,36.2099911996342],[112.95228040022039,36.20721420017526],[112.96586589989147,36.20535669995178],[112.98718790020155,36.21111520020639],[113.01446139977384,36.22621969977939],[113.0195747003122,36.23599179968187],[113.02100380038519,36.27666840022653],[113.02860640006543,36.27832890035853],[113.0362767996346,36.29027449976843],[113.04218009973192,36.30375809995638],[113.04408010011662,36.31403130030429],[113.03658440014999,36.33167599974763],[113.03822330036508,36.342937400340816],[113.03634630014164,36.3477398996767],[113.02615109979354,36.35555319972042],[113.02330369960612,36.36359670012769],[113.02676760034456,36.371688799898266],[113.02843979975705,36.383419800383535],[113.0133672998611,36.39155939964661],[113.01085680010135,36.401202900093836]]]}},{"type":"Feature","properties":{"shapeName":"Pingyao County","shapeISO":"","shapeID":"62558664B22888326787445","shapeGroup":"CHN","shapeType":"ADM3"},"geometry":{"type":"Polygon","coordinates":[[[112.05998559995555,37.31848879971841],[112.05909949974216,37.31454240011175],[112.05590950012345,37.31271009979133],[112.05502339991006,37.30777669963504],[112.04226360018504,37.301151299692776],[112.03978250016235,37.29593520034928],[112.03925090010898,37.28268179962538],[112.03428870006348,37.28014359984729],[112.02666830010207,37.27943859971168],[112.02489609967529,37.27450299981365],[112.01904780031578,37.271682500147335],[112.01089569957696,37.272951699861096],[112.01302240016366,37.277746400276214],[112.00664240002675,37.28550180016799],[111.99813589985195,37.28042560026131],[112.00398410028606,37.278028399790855],[112.00433860044609,37.27351579961453],[112.00788300040017,37.27013120019478],[111.99707259992061,37.26787469955781],[111.99370539968453,37.271682500147335],[111.98856599992104,37.27365679982148],[111.98342660015754,37.27323380009983],[111.97740120000543,37.26561809999538],[111.97669230040941,37.274220899574914],[111.97350229989127,37.27450299981365],[111.96978070021919,37.26956710044141],[111.96995789993719,37.260117400297815],[111.96535020005177,37.260117400297815],[111.9610968996023,37.25518059980487],[111.95134989977811,37.25588579959003],[111.94709660022795,37.25856589979651],[111.94215640029768,37.25886149975844],[111.93256460007632,37.257296399709105],[111.92745820003597,37.254304699702175],[111.93135860021931,37.25220510018528],[111.93289550022723,37.24848980026411],[111.94912400037236,37.2439818999448],[111.95062469996998,37.23624109964709],[111.94913120034471,37.23514870035228],[111.94831929959605,37.22579569981173],[111.94063629962557,37.213675800098144],[111.94188810015578,37.18892560033623],[111.94417909968575,37.18529910037324],[111.94328259971229,37.178642699900706],[111.95302069984547,37.179402199851666],[111.95912469984506,37.1831430998742],[111.96299840005616,37.18089859979062],[111.96182449970098,37.17294860009787],[111.96393750001567,37.16920720005231],[111.95994639960674,37.16509139964842],[111.9733282001364,37.16518490036293],[111.97461939996538,37.16322050042578],[111.98365800021662,37.16284629971699],[111.98330590034709,37.15966569981225],[111.99293139996422,37.16003989962172],[111.99903539996382,37.158636600198975],[112.00326120004445,37.15489449958153],[112.01429529968834,37.155829999554896],[112.01265199998988,37.15180710001772],[112.01934290025474,37.15180710001772],[112.0241555997012,37.15816889967505],[112.02896839987181,37.15807530003514],[112.03119869966031,37.16163019957412],[112.04188059961007,37.15957210017234],[112.04144339959328,37.1548476997616],[112.05316760030462,37.15512889977896],[112.05505589961012,37.15595580031999],[112.0512377999845,37.16099980000081],[112.0524412997263,37.16267000022037],[112.05669520002357,37.16349689986208],[112.0596211002337,37.16232270003263],[112.06224659990073,37.15861040024981],[112.06905059980545,37.158200900251416],[112.06952009987276,37.15464589998834],[112.07327639988603,37.15502009979781],[112.07656319983187,37.16025910037723],[112.08548439988522,37.16100740017146],[112.08689299991204,37.16343970028197],[112.09088410032098,37.16212999959987],[112.09933569958298,37.16343970028197],[112.09886620041493,37.15240049968338],[112.1075526000725,37.1514648998853],[112.11529999959532,37.14585109964861],[112.12891659962145,37.14435400003714],[112.13337720009781,37.140423999567986],[112.13384670016512,37.13499650018838],[112.13689869971529,37.131814699688675],[112.13549009968835,37.12713529955448],[112.13877689963431,37.12264289994994],[112.13502059962104,37.11946060032648],[112.13337720009781,37.114593199616536],[112.13642919964786,37.11309550015727],[112.14135930019165,37.113657099795375],[112.14323750011056,37.10991280033551],[112.14581989976864,37.10860220033135],[112.14769809968766,37.11215940033611],[112.1512196002044,37.11328270033641],[112.1556801997815,37.11141049979477],[112.15873220023093,37.10616819960279],[112.1563845002446,37.10073829993263],[112.15873220023093,37.09474619987725],[112.15544540028509,37.091188099651106],[112.15685400031191,37.088191799611934],[112.15262820023133,37.085944400114045],[112.15168910027182,37.080138400366934],[112.14652420023174,37.07545590026962],[112.14981100017758,37.07377010040983],[112.16037559975416,37.073020799670246],[112.16014080025775,37.06833780044917],[112.16577520036526,37.06234320027852],[112.16061030032517,37.05559859969566],[112.1617841997811,37.0411706996681],[112.1512196002044,37.04004629979693],[112.14910669971448,37.0370479996655],[112.15168910027182,37.03236269997865],[112.14276790021847,37.032175300150016],[112.14675899972815,37.02692749970441],[112.15802789976783,37.02224169999454],[112.16958679969116,37.00607660025497],[112.17504469975313,37.00555249964822],[112.18133580010715,37.011400299883974],[112.1896725001858,37.006405199940104],[112.19890060018258,37.003825500046844],[112.20620490013607,37.00594969961901],[112.21067479960243,37.009047700391136],[112.21645489977391,37.008463999913715],[112.22430419967918,37.0130902995777],[112.22551140013104,37.01108660016649],[112.22251129955691,37.00723590011677],[112.22438829978023,36.99991189961452],[112.22695180018547,36.993449900192786],[112.23081180012457,36.99010439969834],[112.24228679959617,36.983539400023346],[112.26470179994817,36.98107889987136],[112.27266680033267,36.9782903998821],[112.28903979994686,36.96343590014675],[112.30415329993491,36.95607739985218],[112.31252280008721,36.95001590001385],[112.31944279994536,36.94177639956126],[112.32678979970956,36.93880440010304],[112.33171830035928,36.93905640003288],[112.3351972998156,36.94128040007047],[112.34398630042745,36.95272840009562],[112.35366829995212,36.95601289957568],[112.3614118000146,36.95577640036066],[112.37471029994049,36.95203789972936],[112.39293679959371,36.950622400103725],[112.39843729964173,36.9487379004338],[112.41589329973601,36.93769090001507],[112.43215929981193,36.93667589997284],[112.44193279995886,36.93855989961975],[112.44783779977467,36.941715400345515],[112.46009830039634,36.95307139972539],[112.46528630042246,36.95513889974046],[112.47598279996635,36.96155539976195],[112.48441330023365,36.96009439983675],[112.49091329960913,36.95511240031709],[112.50409679962763,36.95067589987292],[112.52181229999769,36.95367489967691],[112.53652879966444,36.95994940034461],[112.54237380031066,36.966571899973246],[112.54483030027825,36.973738900429964],[112.54293079991658,36.98060989982707],[112.54110730036166,36.986087899736845],[112.53240980037208,36.99173740036076],[112.51622030022679,36.991370899647336],[112.50684330037802,36.99430840021256],[112.50266280004826,37.00138840025454],[112.50592030008181,37.0142554000667],[112.49857330031762,37.03363389978472],[112.49141680034518,37.04213689979815],[112.47969780041319,37.048980899748756],[112.47857730000248,37.0532419001936],[112.48143779971474,37.05921539957109],[112.48285680040112,37.06924839999374],[112.48169729999051,37.085521900415415],[112.47918680023076,37.09429590033557],[112.47261830039429,37.098819900318176],[112.44566330022121,37.10403839995223],[112.44075779973275,37.108180900328364],[112.43921679971561,37.11363189989231],[112.44019329978107,37.11745840008513],[112.44578559992556,37.12770179959841],[112.44352989968513,37.13269719991587],[112.44703869997613,37.13769229985979],[112.44603619961094,37.14228740024339],[112.45180060031748,37.14848049967537],[112.45656249975957,37.15866800002823],[112.4400212001184,37.1644601996785],[112.43500860026677,37.17324760039651],[112.43601109973258,37.17963779974474],[112.43250240016573,37.181834300312744],[112.42499340012535,37.18210330012727],[112.42097349982726,37.18662649971327],[112.41991730004338,37.19627660028493],[112.41646229989533,37.197208100073794],[112.4064327996341,37.20815920038683],[112.40815489972886,37.21038309970032],[112.40820140007463,37.21831370011722],[112.40210650031474,37.223736700188624],[112.39894669993032,37.22313780026934],[112.39039709974645,37.22714799958055],[112.37782910023282,37.24265380003288],[112.37723709991224,37.24660579971794],[112.3794832997146,37.2526181003451],[112.35446910036876,37.259884400344845],[112.33882100018911,37.268073300442495],[112.3331972003906,37.28013260023937],[112.33192120000342,37.29010819963378],[112.32754680044457,37.2966660002358],[112.31034369960207,37.30293999998105],[112.3027713000555,37.30354850016323],[112.29190410019407,37.3021978002883],[112.2721512999426,37.30498339996399],[112.26298079972423,37.30386689973767],[112.25931929994579,37.31330860041163],[112.2625846996242,37.32353209972666],[112.26583560043264,37.326662600198915],[112.26921740026285,37.32759250009383],[112.26868280007125,37.33150640000042],[112.26548809969609,37.3349156003747],[112.25205769980312,37.33987330021267],[112.21598620010309,37.341793600094604],[112.21193559964831,37.33834019984039],[112.1978493997301,37.33137120042062],[112.1895971001261,37.31676530027846],[112.17209969974147,37.30884769956174],[112.16915190014015,37.30266900007433],[112.16300409955966,37.29901930030053],[112.14872090044923,37.282860799786135],[112.14820890022065,37.28014480044226],[112.14273019973893,37.276194100277564],[112.13951040018492,37.26885960019047],[112.13175650036226,37.26816480016544],[112.13201449966948,37.270825500196736],[112.12697469982265,37.2711184003939],[112.12502529967787,37.27351579961453],[112.11510100031103,37.27675929990181],[112.1140375996556,37.28183570035736],[112.1165186996783,37.284937800239334],[112.11261990028822,37.29734500007174],[112.10588549981605,37.297203999864735],[112.10641719969408,37.30101030038509],[112.09755620025851,37.29819079986555],[112.09383459968706,37.30298390038672],[112.08869519992356,37.30397070038754],[112.0874547002743,37.312146300411484],[112.08958130013696,37.315810900153],[112.08780909971028,37.317643199574036],[112.07504929998527,37.32102569997613],[112.05998559995555,37.31848879971841]]]}},{"type":"Feature","properties":{"shapeName":"Pingshun County","shapeISO":"","shapeID":"62558664B47525009312949","shapeGroup":"CHN","shapeType":"ADM3"},"geometry":{"type":"Polygon","coordinates":[[[113.19953930029851,36.219489900238784],[113.24326330036104,36.21813589985197],[113.25299080018533,36.21635739967428],[113.26051329994891,36.21313839961749],[113.26468729997896,36.20844289982],[113.26737980003782,36.19912339992504],[113.27359829992167,36.193111899694486],[113.28563680019818,36.190249899913],[113.28830730014181,36.187576399831016],[113.28617829998859,36.17811190044392],[113.27493280030853,36.16311240031706],[113.27452080019486,36.15943139963946],[113.28045579959553,36.15341189993927],[113.290314300065,36.14842240007374],[113.32348630005276,36.14204039984463],[113.33470929959458,36.13823289962869],[113.34201029993551,36.13339589960111],[113.34652729959521,36.120689399995854],[113.35478229986336,36.10670489991128],[113.37464879960248,36.09282290005683],[113.37783830009755,36.07113239984045],[113.38764179982923,36.060401899628005],[113.39132679979207,36.05362690016136],[113.3852232998155,36.037635900176724],[113.38944230012214,36.0313339000395],[113.39910879983131,36.023811400275974],[113.40663129959489,36.01989340036022],[113.41290280012424,36.01892089957988],[113.41995980000479,36.019347900385355],[113.44087979976302,36.02680589987244],[113.44859330024065,36.02518439974028],[113.4566802999559,36.02128239966305],[113.49031080040322,36.00000389956034],[113.48905179990072,35.994586899765636],[113.49919880018456,35.99179839977637],[113.50623329992686,35.987647899930664],[113.50617229981185,35.97826739992064],[113.5027237999634,35.9698178996764],[113.50379930009763,35.9620358996371],[113.51423630026511,35.96198640005235],[113.5408708000474,35.974674399703815],[113.54991129966686,35.97508639981754],[113.56308730023875,35.96289839984132],[113.5709762998165,35.96216990042063],[113.5887982997018,35.965968900244604],[113.59866329957163,35.96294390014094],[113.61042779980323,35.952586900065455],[113.616928300101,35.953922399599094],[113.62296279959355,35.965560900315324],[113.63374330031309,35.96989820014187],[113.63703919959949,35.9929923999793],[113.68018340044364,35.98656850033609],[113.6913299998796,36.002510099661436],[113.67446900024424,36.01493840028701],[113.68894959964439,36.01830289985901],[113.68887330026269,36.026870699623146],[113.65419770036362,36.03482819966172],[113.6784133997586,36.06402209984009],[113.66285709967542,36.099613199689486],[113.64994809972507,36.10648729994898],[113.66529850002587,36.113471999733065],[113.64716340027076,36.1234245000407],[113.65704349975772,36.13559340021533],[113.67890170015335,36.12571720018872],[113.6977310000857,36.13117980010776],[113.6973800999117,36.14902499980394],[113.65090940034861,36.16582109986393],[113.65590670003428,36.17779919987322],[113.6907730002738,36.18161769969714],[113.69232180011102,36.18793490017555],[113.66567989980763,36.20015339975964],[113.6958770998483,36.20884700028887],[113.67794040042918,36.22017290025917],[113.69035339998948,36.23554989980806],[113.70210269987979,36.29609300009196],[113.73004149991539,36.32467270018503],[113.7330815996362,36.35536860038064],[113.73388910000199,36.37282420027668],[113.72324369993692,36.38157649955588],[113.70201110033213,36.42330929988435],[113.6639175001925,36.4251288999788],[113.62299349975024,36.454750100436854],[113.58820339996703,36.45759580000623],[113.58859280011768,36.45427340039714],[113.58408329990448,36.44612889982892],[113.57772079967526,36.44137590007779],[113.57290629978593,36.44055940019621],[113.54625630018813,36.44512939960214],[113.53604130036581,36.444396899997],[113.5218198001437,36.437137399771245],[113.51450329998738,36.435336900377706],[113.50624080027274,36.43534089966283],[113.48835730024928,36.441051400401875],[113.46943680006837,36.444206400205246],[113.46071629991741,36.4416768995693],[113.44406129988909,36.41140790035439],[113.43422679962714,36.401508399792874],[113.42838279992634,36.39859340026527],[113.40200780041971,36.39648840031947],[113.39256280013319,36.397826899991514],[113.38324730042268,36.40238589978952],[113.37748730009889,36.39279189982636],[113.38527679958474,36.376292899797534],[113.39557629970648,36.36508990027875],[113.40107729977763,36.36176689992254],[113.41674780027085,36.363200900401296],[113.43028280031103,36.356296400358644],[113.44113930003869,36.34688539984137],[113.47075629976348,36.34228890011269],[113.47360980005226,36.340381400281444],[113.47416679965818,36.33662789985772],[113.47062680008685,36.32472589958064],[113.45909129962388,36.32219289968265],[113.42237079967276,36.33073439967285],[113.41001079985858,36.330352900066316],[113.4027403000249,36.323913399883565],[113.39819329988097,36.31281289969564],[113.39827730015736,36.30031589985896],[113.39597330002789,36.29268639965767],[113.38834379982654,36.27819439955192],[113.3753587999687,36.26238239972804],[113.35970280014419,36.25331489976287],[113.35098280001625,36.25048439963541],[113.332626299764,36.24815340005944],[113.32215079961975,36.25058339970417],[113.30448929994134,36.26227590021267],[113.28752880021398,36.265346399716634],[113.26049029978753,36.26409589960616],[113.23932629956914,36.26017739966733],[113.22902680034667,36.26003640035964],[113.21851330024867,36.26222989989003],[113.20954130019095,36.276752399603595],[113.2002717999037,36.27396389961433],[113.19275679958673,36.26713939966362],[113.19046029980302,36.242805399849374],[113.19257330011772,36.23589340036017],[113.19908880020807,36.226009399614156],[113.19953930029851,36.219489900238784]]]}},{"type":"Feature","properties":{"shapeName":"Pinglu District","shapeISO":"","shapeID":"62558664B38117191926175","shapeGroup":"CHN","shapeType":"ADM3"},"geometry":{"type":"Polygon","coordinates":[[[112.10968429999048,39.97634229955753],[112.086288800288,39.95147790028494],[111.96952060009568,39.789199800230676],[111.95149990040017,39.69660189985785],[111.92681880004767,39.67167279975996],[111.91928860028872,39.61532969980584],[111.91921980035357,39.61049290032713],[111.92994730042761,39.586765399703495],[111.94918079975417,39.570628900203644],[111.96855180002564,39.559783900106936],[111.99439230006465,39.53340090023141],[111.9881133000888,39.52469990008035],[111.97973629959063,39.52240390031977],[111.9361502995967,39.521896400298715],[111.91325380042264,39.5180359003366],[111.89839180034136,39.51396939986796],[111.88974780012092,39.50753439989268],[111.88707730017734,39.498992899902476],[111.88815330033458,39.493827900037616],[111.8956983002364,39.483745400030216],[111.9016572998446,39.468719399580664],[111.90727229977688,39.459716899915065],[111.91361980021367,39.458267899643886],[111.94023129983469,39.459041400240494],[111.95224779999603,39.44904289961016],[111.96772779979818,39.44474740027238],[111.98990630003578,39.45003889967552],[111.99497229983183,39.45007739965234],[112.00351729998351,39.445201899648],[112.00791180028943,39.43399039973718],[112.00846080042561,39.427257400408735],[112.00316629998485,39.40855390034227],[112.00173130035932,39.38329690023181],[112.00492880032391,39.37425989987452],[112.01444089992765,39.36798540010619],[112.01883359979081,39.370683299694576],[112.02845619999368,39.36657899982106],[112.03343330000689,39.36709209992051],[112.03243789978933,39.37170930024405],[112.04902850026508,39.37273539971898],[112.05267850041253,39.368631199670176],[112.0626328002636,39.36503980024662],[112.07258719993933,39.35683040010292],[112.08254159961518,39.36067869986215],[112.08486430024732,39.36734860005788],[112.08884600004296,39.36991380018179],[112.10070390026488,39.36935669985189],[112.10351939970064,39.378425299687876],[112.10774269966589,39.3818710997715],[112.10938500021769,39.385860700111266],[112.12792059955609,39.39329530013805],[112.12745130003748,39.4050801996915],[112.12884249998149,39.40770480003653],[112.1327792003998,39.41055719955517],[112.14324090044727,39.41207320021806],[112.16112550034165,39.420124000422334],[112.1799496003938,39.439355700205454],[112.18425899965314,39.43990409959457],[112.19398979998937,39.43340880007611],[112.20802589957566,39.434944200014854],[112.22030440012804,39.431815400160644],[112.22446429968772,39.427300799892066],[112.2330333998716,39.42538180042982],[112.23326799971846,39.4206693996731],[112.23561430035977,39.418856899726165],[112.2485188001026,39.41795059984037],[112.25321129976169,39.42302560005146],[112.25743459972705,39.42320689977868],[112.26423880018058,39.41976319961202],[112.26447340002744,39.411787599817956],[112.26940060025754,39.41160630009074],[112.27315459980503,39.40743690009293],[112.27362380039813,39.40254199991341],[112.27831639988199,39.40127299984914],[112.28300890044045,39.4019980998325],[112.28957850014774,39.40580529967491],[112.30412530044237,39.40417370015621],[112.31538739980874,39.4087059001572],[112.32359939989249,39.4087059001572],[112.32430320033245,39.41106249983454],[112.31679520033833,39.415775500439054],[112.3170298001852,39.41758810021071],[112.34870440018801,39.4190382003527],[112.35738559996548,39.42556300033226],[112.35668169970074,39.42828149979141],[112.35339699967187,39.43063749962096],[112.35503930022355,39.43389940003732],[112.37169790023802,39.433537000232434],[112.37756349985568,39.43879209957578],[112.40196469971113,39.43734250035618],[112.41064590038809,39.43462430037124],[112.41791929963608,39.42918769985249],[112.42284649986618,39.42864400032039],[112.42871220020788,39.43172479975976],[112.43575099960901,39.42973140028397],[112.43973959990262,39.426650400295784],[112.45123630001524,39.4237506002101],[112.45991749979282,39.423569400307656],[112.47516830017696,39.42773780025931],[112.48314559968969,39.427919099986525],[112.48384949995454,39.43462430037124],[112.48948049972535,39.43516790007857],[112.49276529957899,39.43897330037754],[112.49933490018554,39.43879209957578],[112.50261960021442,39.440422899597195],[112.50613899991492,39.43842969977089],[112.51435099999867,39.43842969977089],[112.51787039969929,39.44169129981367],[112.52138980029906,39.44114770010634],[112.52443989958181,39.43806729996595],[112.52561310026442,39.43118120005238],[112.52819399985322,39.42955009965743],[112.52842859970019,39.42465680027118],[112.53359039977715,39.421938200087936],[112.5373444002239,39.421938200087936],[112.54180230003612,39.415412999910075],[112.54109839977139,39.41160630009074],[112.54485250004291,39.411425100188296],[112.54790260022492,39.41378160004086],[112.57488469966927,39.41976319961202],[112.57465009982229,39.427556600356866],[112.57934260038076,39.42918769985249],[112.58239280038754,39.43661760002226],[112.59107390034023,39.44640219960189],[112.6058554003065,39.44332200001037],[112.60820170004843,39.4369799998272],[112.61946380031418,39.43589280041249],[112.6239217001264,39.43806729996595],[112.63706079971621,39.43335580032999],[112.64081480016296,39.434080699764536],[112.64973069961218,39.441328900008784],[112.65254619994721,39.44622099969945],[112.66263510042961,39.45383030022822],[112.67618489971346,39.455738499732036],[112.67849409972303,39.458968000273046],[112.68240760033052,39.47029989962073],[112.6881126997414,39.476984599959394],[112.67928379980754,39.478881899680005],[112.65126780016885,39.51350039982367],[112.63925180003059,39.51608290020573],[112.61110679983904,39.5094184004389],[112.59282680041656,39.50720189984787],[112.58210729981215,39.507991900306024],[112.57467629977145,39.51324439970932],[112.56871780018639,39.53505339999447],[112.55455780010243,39.55452340033469],[112.55052879956452,39.56264089965782],[112.55168930002128,39.56841239961261],[112.55795280018162,39.57870839957303],[112.55824280006527,39.58399190040592],[112.53495029971657,39.591232399755484],[112.51860030026376,39.59136190033149],[112.50744630030658,39.588691900410936],[112.4884032998724,39.58941240036205],[112.47492179960147,39.585971899983235],[112.46501929980093,39.592738899980304],[112.46114330002331,39.60337839959351],[112.45511629997736,39.60982139993769],[112.44912729988505,39.62589240001432],[112.4247963002091,39.63009290036712],[112.42318729975409,39.632327900012626],[112.42413330021168,39.63648590020421],[112.449958799559,39.64770140029941],[112.4553908000454,39.65155790007708],[112.45726780026882,39.65505989969466],[112.4530412996163,39.67164990032268],[112.4478073001668,39.684997399810186],[112.44294729997796,39.691707399876634],[112.43441559990003,39.69424580020359],[112.42090650033481,39.69595200028465],[112.41185789962242,39.69464639961171],[112.40458639974258,39.69691239978749],[112.39732340025478,39.704221299773224],[112.38973909997958,39.724445199986064],[112.37685310019049,39.720783300009316],[112.37011659980135,39.72375869980419],[112.36582859991006,39.730941700099436],[112.36872010015259,39.73746059962701],[112.36778960040976,39.74316350019541],[112.35314449971895,39.747920500131045],[112.34656750038994,39.748374500382965],[112.33751200007885,39.75538990032368],[112.32151609968832,39.77571240040703],[112.30637160006938,39.78480279980943],[112.30507230004662,39.787238400431875],[112.30606429992758,39.795527799768195],[112.31110729956231,39.800978700406745],[112.31369540002277,39.80944790030043],[112.31409240034407,39.81290029960917],[112.311055399687,39.818751699831125],[112.30181639990701,39.82346669962851],[112.26560759981089,39.81788520034178],[112.25521840040892,39.83311499975747],[112.24736660038832,39.838270000060504],[112.23772259991813,39.83998249989253],[112.22447759976149,39.83698049995019],[112.21967909971079,39.8423094003586],[112.22517239978652,39.85256130026386],[112.22493589967212,39.86103720010675],[112.20338679986094,39.866081099962855],[112.1925148003179,39.87302350013448],[112.18227239995133,39.88533250029468],[112.17478039979562,39.905004699707206],[112.15249230007964,39.91107979999282],[112.14983679992838,39.91534080043766],[112.14972280006725,39.921982200218395],[112.16056000034382,39.93671350002808],[112.16167339970764,39.94769690039169],[112.15741760004232,39.95027989989751],[112.13657139955046,39.95324780024583],[112.12569260023338,39.957678400238024],[112.1214493002451,39.96751429984511],[112.10968429999048,39.97634229955753]]]}},{"type":"Feature","properties":{"shapeName":"Pianguan County","shapeISO":"","shapeID":"62558664B36053967135079","shapeGroup":"CHN","shapeType":"ADM3"},"geometry":{"type":"Polygon","coordinates":[[[111.35566710005668,39.44648739957387],[111.37921880030746,39.44943989993146],[111.3902282998962,39.449001400394366],[111.39771279970603,39.44818090032834],[111.40856179998713,39.441768399592036],[111.41114030018474,39.434768399641996],[111.40831730040316,39.416293900243375],[111.41793080036621,39.393997399960085],[111.43495130016242,39.38830940025866],[111.44286329990143,39.38130940030862],[111.44213879976587,39.37485140017202],[111.43924680039959,39.36968240012271],[111.42986230020506,39.36009989979061],[111.4259033001972,39.3532753998399],[111.41484830030885,39.34614140000565],[111.41113279983892,39.340244399659355],[111.40804280033501,39.333686900330235],[111.40902729987005,39.328220400051464],[111.41401679973558,39.32063690017287],[111.45514679978504,39.30474840041842],[111.46359229984483,39.298457899912194],[111.47827129958085,39.27522639967867],[111.48741929966098,39.27148789994669],[111.50833880029546,39.26871089958837],[111.52097330017773,39.261680400030514],[111.5296098000523,39.248279399874434],[111.54244230007214,39.24676140001867],[111.57029730038016,39.250461399773826],[111.58615879978885,39.247913400083405],[111.59542079973016,39.24233640010482],[111.60125729998447,39.23501189957955],[111.60302679974706,39.222240399674774],[111.60196680032766,39.21599590039057],[111.60836779963432,39.22200389956038],[111.66107180012352,39.24300789959494],[111.70876329968661,39.251163399771144],[111.73513079974668,39.250636899773156],[111.73902879963947,39.25423790035887],[111.74046330014124,39.259342400131686],[111.73869330035558,39.263629899999955],[111.72872930041694,39.27538289970113],[111.7264023001261,39.28354640024622],[111.72313679972359,39.28800189976789],[111.71582029956721,39.29114589996334],[111.70924380026122,39.29637890026606],[111.70732129973823,39.30295539957211],[111.71177680015927,39.31139390020837],[111.71877279992486,39.31764589983845],[111.72799679991243,39.321231899732425],[111.7354437997916,39.3295669000924],[111.75518830019996,39.34436039971274],[111.76376329993639,39.34470790044929],[111.7752227995926,39.34172839974593],[111.79810329982746,39.32292190032547],[111.8122177996118,39.31546039977769],[111.829376300376,39.32027489966691],[111.85041029999542,39.33372840044535],[111.86170980036707,39.34656539977345],[111.86588280035102,39.35521690033971],[111.86889629992436,39.36336490017004],[111.86884330017824,39.373454899623994],[111.87560279982944,39.378768900064756],[111.88452929958754,39.3827894002107],[111.91742680040659,39.38752339998496],[111.92294280027005,39.389346900439136],[111.92710879993126,39.39363839959253],[111.95593279995882,39.40187089972227],[111.96972630022861,39.39942190010066],[111.98561880016757,39.392009900036896],[111.9974593003065,39.383060400117415],[112.00173130035932,39.38329690023181],[112.00316629998485,39.40855390034227],[112.00846080042561,39.427257400408735],[112.00791180028943,39.43399039973718],[112.00351729998351,39.445201899648],[111.99497229983183,39.45007739965234],[111.98990630003578,39.45003889967552],[111.96772779979818,39.44474740027238],[111.95224779999603,39.44904289961016],[111.94023129983469,39.459041400240494],[111.91361980021367,39.458267899643886],[111.90727229977688,39.459716899915065],[111.9016572998446,39.468719399580664],[111.8956983002364,39.483745400030216],[111.88815330033458,39.493827900037616],[111.88707730017734,39.498992899902476],[111.88974780012092,39.50753439989268],[111.89839180034136,39.51396939986796],[111.91325380042264,39.5180359003366],[111.9361502995967,39.521896400298715],[111.97973629959063,39.52240390031977],[111.9881133000888,39.52469990008035],[111.99439230006465,39.53340090023141],[111.96855180002564,39.559783900106936],[111.94918079975417,39.570628900203644],[111.92994730042761,39.586765399703495],[111.91921980035357,39.61049290032713],[111.91928860028872,39.61532969980584],[111.90481050010453,39.613004699607245],[111.88967009959549,39.61335459973503],[111.88572880004415,39.60920969996772],[111.88058580029451,39.61288799998124],[111.86605099965396,39.60588940027566],[111.86075180025546,39.60973870008098],[111.8513335997659,39.609432200335846],[111.84076640024921,39.61230480042627],[111.83270260034482,39.61281590043353],[111.80155269989723,39.59982340022981],[111.80079570006154,39.59644020015514],[111.78762350002455,39.59270679957916],[111.78610939962914,39.58920660040434],[111.77213289991346,39.591045400125154],[111.76127909995057,39.589789999608854],[111.748527500244,39.59297559974419],[111.73432910000804,39.59959009990325],[111.72312520026782,39.60238989987403],[111.71560669978942,39.60096360028996],[111.67487100029649,39.62499110035907],[111.66634860010788,39.623384600019335],[111.64681740000304,39.62804920001065],[111.60299680016226,39.63544849984845],[111.53624730037268,39.656246199902284],[111.48916630018465,39.65908049966538],[111.46275560029079,39.64833179987272],[111.45554170018937,39.64795929978192],[111.45505000035729,39.64967529977531],[111.45160909978017,39.64633170044766],[111.44734800040993,39.64758069958964],[111.44338229955355,39.64316429989259],[111.43921989987854,39.64149859988055],[111.44056370015471,39.63980760014067],[111.43921989987854,39.63879810035212],[111.43761400028592,39.638671900288045],[111.43666349962086,39.64104430015436],[111.4329695001424,39.64052950033624],[111.43485259956788,39.63203430014289],[111.44092419969212,39.6276161998278],[111.45334580036848,39.62701040030976],[111.45596770004937,39.624031600178284],[111.4568525996678,39.608176199971695],[111.45048209996901,39.60516190000175],[111.4427595999756,39.61067599959773],[111.43849889990435,39.61741719984394],[111.43198639995245,39.62109819962228],[111.42414360034695,39.61852809999186],[111.4214630001174,39.61188510031718],[111.43393949990804,39.597762600163946],[111.43466419969315,39.59105439964088],[111.42827660028496,39.58089510022876],[111.42774879986729,39.56495950028079],[111.41514989964821,39.540035100039916],[111.41642499981396,39.53550850011726],[111.42632550042157,39.52552280043693],[111.42778519992709,39.52052940021173],[111.42213079979666,39.50610479979673],[111.41696889989487,39.502115300181],[111.38951590013875,39.494087799612316],[111.36367030004436,39.478130300273165],[111.35886229955554,39.471212599981584],[111.35566710005668,39.44648739957387]]]}},{"type":"Feature","properties":{"shapeName":"Ningwu County","shapeISO":"","shapeID":"62558664B83932733005085","shapeGroup":"CHN","shapeType":"ADM3"},"geometry":{"type":"Polygon","coordinates":[[[112.62686129970928,39.08473589974204],[112.61180080036672,39.08516289964814],[112.60520180002311,39.086677400241854],[112.5963822998034,39.09323889975548],[112.5921783001885,39.09892640033314],[112.59113329966215,39.10387039989911],[112.5853728002146,39.11107989961772],[112.57824679985004,39.11310190023255],[112.56044780012598,39.1130753999098],[112.55502329998535,39.114482900065866],[112.55211679995045,39.123054399640864],[112.54622629990388,39.13142739995459],[112.53968030020576,39.137321400162534],[112.52162929965255,39.14169689959232],[112.4987562997635,39.13957189962355],[112.49153130022944,39.13674939986498],[112.45070629985594,39.111041899663974],[112.43090829967832,39.1033208997398],[112.42511729972364,39.10429339962076],[112.41649629966457,39.110359399666606],[112.39829230014959,39.11357889974647],[112.37371079971365,39.105579399569706],[112.36615730031917,39.104625899665564],[112.35691829963991,39.10635740037378],[112.3431623002001,39.11379239969955],[112.3370818003848,39.11478789974183],[112.32962780018295,39.11451339967368],[112.30433630028006,39.10771189988435],[112.29789730012033,39.10827589981295],[112.29197679958963,39.11040489996623],[112.27404780016593,39.126041399790836],[112.26867679979455,39.136581400211526],[112.26029980019564,39.128227399874675],[112.26175679993639,39.118644900441836],[112.27777080008241,39.10271439964987],[112.29197679958963,39.09222039955188],[112.29495979955516,39.08682239973399],[112.2956467997601,39.065288400439385],[112.29379329972107,39.056735899941884],[112.28930679966913,39.047855399607045],[112.27481829972476,39.04343389985462],[112.26650230024097,39.04932039971675],[112.23661030042513,39.060615399880874],[112.22177879995172,39.05709090012499],[112.21582030036666,39.04333889997031],[112.21473679986343,39.03687639962618],[112.2167432997635,39.02800389966029],[112.21315779989266,39.01915739999407],[112.19573230030551,39.009795899960864],[112.15918730035366,39.00453940037306],[112.14820880039588,39.000915399626024],[112.14231130002656,38.996108900105696],[112.140533299872,38.99145140026195],[112.1434633000913,38.972750900333835],[112.13948079989905,38.965492400154176],[112.12465679977151,38.9525489004115],[112.11580679994393,38.94785689987606],[112.09365830019044,38.92981339966872],[112.08267229988678,38.926414400304395],[112.07344829989916,38.927898400390916],[112.05226130041876,38.92754690036924],[112.03629279967299,38.937949899868045],[112.0314713003603,38.939597900322894],[112.02773279972894,38.9383089002356],[112.01802830006602,38.928527899742846],[112.01389330003587,38.92423989985156],[111.99057780042523,38.92012389979817],[111.97720329969258,38.91272340026478],[111.96182229995924,38.89996339999095],[111.95105729995447,38.88417440032839],[111.94360329975257,38.87653739978123],[111.94367979968308,38.86140039960878],[111.9470977999236,38.85396190012165],[111.94391629979748,38.843971399860266],[111.93595879975885,38.83035289956672],[111.93438730013384,38.8227194000803],[111.94885229989376,38.80814739988267],[111.95184330022818,38.79816790012853],[111.95037830011853,38.793522399938865],[111.93528730026873,38.78123089968631],[111.93213629975048,38.77537140017006],[111.93116780005397,38.76293939973357],[111.92768080022881,38.748580900388276],[111.92450729957227,38.74317540022457],[111.9175033003371,38.73785390033726],[111.88995379972812,38.73217039994404],[111.86472329994041,38.72267890021112],[111.8462297996656,38.71780390022985],[111.83914180015404,38.71119690041667],[111.84129379956926,38.6675874002384],[111.82843029991847,38.65330089971678],[111.82862830005604,38.64573739986116],[111.83698280041597,38.62565239993836],[111.85260779971026,38.620086399567754],[111.85665130001752,38.61198790022149],[111.86174780032081,38.57868939979602],[111.86953729980661,38.58060840015759],[111.89958180035984,38.57400489960651],[111.90534229980733,38.57102189964098],[111.91483230037045,38.56015390028233],[111.92064679961015,38.55625540036647],[111.94542680020675,38.549201899747914],[111.95646680030268,38.53219989990549],[111.95703130025436,38.528091400198036],[111.96382130041275,38.52262089973476],[111.97167980038256,38.51879889974947],[111.97879780037823,38.517471399685405],[112.00193779998949,38.51745639989298],[112.00480630007075,38.51848589970456],[112.00437179981873,38.54393739979122],[112.0107877998172,38.553825399822415],[112.01952379978354,38.55461890044194],[112.02867880018653,38.55360040023834],[112.03576679969808,38.557315899809],[112.04006179991222,38.56367489987679],[112.04611979958918,38.57928090009352],[112.05290979974757,38.58803189985235],[112.05845630011822,38.593062899833],[112.08133680035314,38.5976104],[112.08898180036988,38.60203189975243],[112.10739879981486,38.62200539992932],[112.12827230012658,38.65009690035174],[112.17717729989249,38.67579290002237],[112.1910017997933,38.680209400443516],[112.19457229987177,38.679424400215964],[112.19986730033565,38.6644783998583],[112.20532230008416,38.66170140039935],[112.2167432997635,38.662349899728156],[112.2186278003328,38.660129399851996],[112.22136679983805,38.6487578997573],[112.220687800002,38.640476400065836],[112.22319030029223,38.63299939970261],[112.22746280036802,38.625354899708896],[112.23523730006139,38.617843399553294],[112.25940680038354,38.60106640019427],[112.2885282997413,38.58974439968438],[112.29559329999086,38.584266399774606],[112.30371080021337,38.57079690005696],[112.3163377997497,38.560474399773796],[112.32660680026368,38.5702514000821],[112.33409130007351,38.5725858998195],[112.3471068004385,38.580623399950014],[112.36479929974792,38.60396890004478],[112.38807680030413,38.622234399697845],[112.40306830006205,38.63194290044453],[112.411636300375,38.64119339985558],[112.42714679978508,38.652065400298056],[112.44188679963611,38.67139040024682],[112.44554880033695,38.67404540037501],[112.45620729992697,38.677627400084475],[112.46643080014132,38.678443899966055],[112.46325680036114,38.68774039969975],[112.46987929998977,38.710906899633756],[112.47006230033492,38.718025399652504],[112.46843730004139,38.72071839973444],[112.45414730025777,38.72916789997868],[112.44725029966162,38.736953900202366],[112.43401329987398,38.74245090008901],[112.4260023000661,38.74377439996863],[112.41960129986012,38.737586399692646],[112.41882329995542,38.730678400387944],[112.41497030033918,38.7312313998093],[112.40070329981745,38.73921190000925],[112.39630130006503,38.74937840029298],[112.3862912998037,38.74970990029169],[112.38066880042481,38.745380400285285],[112.36241130024132,38.72087489975689],[112.35623180035736,38.71606440005206],[112.34382630024368,38.712180899928626],[112.33409130007351,38.71297839983333],[112.32570630010571,38.71565640012284],[112.3113632996766,38.72500240034054],[112.30800629955115,38.73199439992169],[112.30458079986408,38.75022139959799],[112.29282379997846,38.77020989956725],[112.28724679999993,38.78973389969974],[112.28811629962763,38.80008689959078],[112.29469279983289,38.81317140043984],[112.29620380026518,38.822402899873964],[112.29622630040353,38.84671789971134],[112.29147329975308,38.85273740031084],[112.27922829984618,38.86054989995796],[112.27909830014653,38.86765690034571],[112.2872617997923,38.87392039960679],[112.30008680036565,38.89594640000638],[112.31227130018044,38.90900040034825],[112.32425679981156,38.915397400369784],[112.32784279970554,38.91965489975388],[112.31498730042358,38.93777089970729],[112.315681300052,38.94100589960266],[112.31841280011065,38.949591899846325],[112.3337783000286,38.96390589983747],[112.33778380038211,38.971160899855704],[112.33989729982056,38.980182400397496],[112.34377329959818,38.984447400127465],[112.36382279968257,38.974384400120016],[112.37389380005891,38.97841239971251],[112.38553630006027,38.98593540039849],[112.39219679964265,38.99305340039416],[112.4066773001174,38.99242039998154],[112.41912080018483,38.99652490040387],[112.43515030014635,38.98951740010796],[112.44846329984148,38.98860939960417],[112.45657329971812,38.99118439964036],[112.47167980028257,39.00019889985941],[112.47132129993815,39.00660690038819],[112.47878279958661,39.01535039980115],[112.48690029980901,39.02296840037144],[112.50366979972159,39.034099400167236],[112.51495380027768,39.038154400105554],[112.5470733002926,39.05438989967416],[112.55092629990884,39.05406189983688],[112.56333930036851,39.04829390004352],[112.57103730013137,39.047633900184394],[112.58085629967854,39.05163590037654],[112.62686129970928,39.08473589974204]]]}},{"type":"Feature","properties":{"shapeName":"Shenchi County","shapeISO":"","shapeID":"62558664B89181800660938","shapeGroup":"CHN","shapeType":"ADM3"},"geometry":{"type":"Polygon","coordinates":[[[112.01802830006602,38.928527899742846],[112.02773279972894,38.9383089002356],[112.0314713003603,38.939597900322894],[112.03629279967299,38.937949899868045],[112.05226130041876,38.92754690036924],[112.07344829989916,38.927898400390916],[112.08267229988678,38.926414400304395],[112.09365830019044,38.92981339966872],[112.11580679994393,38.94785689987606],[112.12465679977151,38.9525489004115],[112.13948079989905,38.965492400154176],[112.1434633000913,38.972750900333835],[112.140533299872,38.99145140026195],[112.14231130002656,38.996108900105696],[112.14820880039588,39.000915399626024],[112.15918730035366,39.00453940037306],[112.19573230030551,39.009795899960864],[112.21315779989266,39.01915739999407],[112.2167432997635,39.02800389966029],[112.21473679986343,39.03687639962618],[112.21582030036666,39.04333889997031],[112.22177879995172,39.05709090012499],[112.23661030042513,39.060615399880874],[112.26650230024097,39.04932039971675],[112.27481829972476,39.04343389985462],[112.28930679966913,39.047855399607045],[112.29379329972107,39.056735899941884],[112.2956467997601,39.065288400439385],[112.29495979955516,39.08682239973399],[112.29197679958963,39.09222039955188],[112.27777080008241,39.10271439964987],[112.26175679993639,39.118644900441836],[112.26029980019564,39.128227399874675],[112.26867679979455,39.136581400211526],[112.26603680035817,39.150970400063954],[112.25552380028319,39.168731399834314],[112.25543929998378,39.18904889968701],[112.25192279969747,39.19558339975413],[112.24758930040593,39.19849790015803],[112.21991730044317,39.202270399659255],[112.20787830014353,39.196845900418],[112.19854729971814,39.1960333998216],[112.18769830033636,39.2052763997861],[112.18905630000825,39.21692640013333],[112.18525680016126,39.23202490032895],[112.1876067997141,39.248664899665414],[112.1816022998064,39.260719399780555],[112.17604829998913,39.26558290013077],[112.14492029983205,39.27655389974274],[112.1278912996438,39.27801140040583],[112.1076127997909,39.27327739973225],[112.10106680009278,39.26898939984096],[112.0905532999949,39.25119390027834],[112.0858917999667,39.24974439998414],[112.07848380008738,39.251991900206065],[112.061180299831,39.28114690020931],[112.0506593002865,39.28873040008796],[112.04576130014391,39.28983689985307],[112.04134379967672,39.29643990038113],[112.05107879984678,39.30022789969786],[112.05126180019204,39.3036729002842],[112.0318677997592,39.32654189998874],[112.0270692997085,39.33686440027191],[112.02078230026302,39.342933399556784],[112.00779730040517,39.35002890031353],[112.0081788000117,39.36222389971323],[112.01444089992765,39.36798540010619],[112.00492880032391,39.37425989987452],[112.00173130035932,39.38329690023181],[111.9974593003065,39.383060400117415],[111.98561880016757,39.392009900036896],[111.96972630022861,39.39942190010066],[111.95593279995882,39.40187089972227],[111.92710879993126,39.39363839959253],[111.92294280027005,39.389346900439136],[111.91742680040659,39.38752339998496],[111.88452929958754,39.3827894002107],[111.87560279982944,39.378768900064756],[111.86884330017824,39.373454899623994],[111.86889629992436,39.36336490017004],[111.86588280035102,39.35521690033971],[111.86170980036707,39.34656539977345],[111.85041029999542,39.33372840044535],[111.829376300376,39.32027489966691],[111.8122177996118,39.31546039977769],[111.79810329982746,39.32292190032547],[111.7752227995926,39.34172839974593],[111.76376329993639,39.34470790044929],[111.75518830019996,39.34436039971274],[111.7354437997916,39.3295669000924],[111.72799679991243,39.321231899732425],[111.71877279992486,39.31764589983845],[111.71177680015927,39.31139390020837],[111.70732129973823,39.30295539957211],[111.70924380026122,39.29637890026606],[111.71582029956721,39.29114589996334],[111.72313679972359,39.28800189976789],[111.7264023001261,39.28354640024622],[111.72872930041694,39.27538289970113],[111.73869330035558,39.263629899999955],[111.74046330014124,39.259342400131686],[111.73902879963947,39.25423790035887],[111.73513079974668,39.250636899773156],[111.73066779987914,39.23347839990828],[111.73217029991946,39.2287213999727],[111.75418829995016,39.21356189966201],[111.76509830034632,39.209644399769275],[111.76763929971395,39.20263690037268],[111.76972180042083,39.18918589970957],[111.76730330040704,39.18106090004056],[111.76072680020172,39.17322140004762],[111.74019630041897,39.16206339990606],[111.73702980008528,39.156425399812406],[111.74253080015637,39.14059039982715],[111.7483978000185,39.132343399928004],[111.75495130006249,39.12710190013263],[111.76289380030869,39.11434940020473],[111.7881162997275,39.09036240020464],[111.80489329998585,39.08232490007413],[111.81613180024243,39.08208439977528],[111.8270493000852,39.07770540018413],[111.83904280008522,39.07497390012543],[111.8663022999113,39.05977639986099],[111.87535880026849,39.056690399642264],[111.89581280012067,39.05520639955574],[111.90630330005729,39.052867899633895],[111.91761780022136,39.046661400303435],[111.92430129996507,39.03912339982509],[111.94238280012621,39.010238399682464],[111.95397180035837,38.99509440008654],[111.95894630043148,38.99092840042539],[111.97308380037714,38.98665989963473],[111.97781379996695,38.98179990034515],[111.9989472996782,38.941325899970366],[112.00663729997143,38.93634389955139],[112.01232929985736,38.9301453996905],[112.01802830006602,38.928527899742846]]]}},{"type":"Feature","properties":{"shapeName":"Lucheng City","shapeISO":"","shapeID":"62558664B90115511600625","shapeGroup":"CHN","shapeType":"ADM3"},"geometry":{"type":"Polygon","coordinates":[[[113.19275679958673,36.26713939966362],[113.2002717999037,36.27396389961433],[113.20954130019095,36.276752399603595],[113.21851330024867,36.26222989989003],[113.22902680034667,36.26003640035964],[113.23932629956914,36.26017739966733],[113.26049029978753,36.26409589960616],[113.28752880021398,36.265346399716634],[113.30448929994134,36.26227590021267],[113.32215079961975,36.25058339970417],[113.332626299764,36.24815340005944],[113.35098280001625,36.25048439963541],[113.35970280014419,36.25331489976287],[113.3753587999687,36.26238239972804],[113.38834379982654,36.27819439955192],[113.39597330002789,36.29268639965767],[113.39827730015736,36.30031589985896],[113.39819329988097,36.31281289969564],[113.4027403000249,36.323913399883565],[113.41001079985858,36.330352900066316],[113.42237079967276,36.33073439967285],[113.45909129962388,36.32219289968265],[113.47062680008685,36.32472589958064],[113.47416679965818,36.33662789985772],[113.47360980005226,36.340381400281444],[113.47075629976348,36.34228890011269],[113.44113930003869,36.34688539984137],[113.43028280031103,36.356296400358644],[113.41674780027085,36.363200900401296],[113.40107729977763,36.36176689992254],[113.39557629970648,36.36508990027875],[113.38527679958474,36.376292899797534],[113.37748730009889,36.39279189982636],[113.38324730042268,36.40238589978952],[113.38223280040347,36.41450840034247],[113.36617279993482,36.42374089982275],[113.35974130012096,36.4322433998131],[113.35221880035738,36.43738540041596],[113.31977079958278,36.45563490023051],[113.31646730012585,36.462203900089946],[113.31252279988735,36.483402400100715],[113.29727179985377,36.48675890020314],[113.28592680008182,36.481872399691554],[113.27439929998775,36.481391900016206],[113.26598380041207,36.47875589986495],[113.25525680036105,36.47796240014469],[113.24082929963254,36.47915240016317],[113.23194880019707,36.46962739978471],[113.22727180035338,36.46708290025572],[113.20406330028118,36.468902399626074],[113.19516730013083,36.463069899556274],[113.17878730019379,36.45705039985614],[113.1618272995903,36.45847689998902],[113.14555380006789,36.462611900019226],[113.13939680032217,36.47314840027849],[113.1335218000911,36.4760324001752],[113.12258130008695,36.477561899661964],[113.09644329981847,36.47317489970192],[113.01528930036102,36.45307139982532],[113.00018329981947,36.44574740022239],[112.99459030000241,36.438892399764484],[112.99598679965118,36.430900399933535],[113.00031280039548,36.427249899763126],[113.01365679972162,36.42457589965812],[113.02644330031808,36.42668939999584],[113.04680629957113,36.43557739977723],[113.05561830034435,36.43584839968395],[113.06453679973356,36.433830400152885],[113.06950380036017,36.43123239995532],[113.07200629975102,36.42626190006666],[113.07521830038434,36.4123723998664],[113.07324230009215,36.38777140032994],[113.07166280009824,36.38520039957882],[113.08992729970521,36.37773489974586],[113.10949680013732,36.37902089969481],[113.1159133001587,36.38173689993806],[113.13014980017317,36.381480899823714],[113.13691730019332,36.376640399634766],[113.140258799604,36.37192539983738],[113.14093780033932,36.35726940026268],[113.1384963001642,36.335868899929835],[113.12351930017564,36.27877040003398],[113.12290929992434,36.26728840023952],[113.1285782996489,36.255306399870506],[113.16088080000895,36.26316089965587],[113.17228679989591,36.268314399889675],[113.19275679958673,36.26713939966362]]]}},{"type":"Feature","properties":{"shapeName":"Loufan County","shapeISO":"","shapeID":"62558664B76724660748048","shapeGroup":"CHN","shapeType":"ADM3"},"geometry":{"type":"Polygon","coordinates":[[[112.04459380026378,38.1789514000871],[112.02787780012045,38.1829258999104],[112.00605780022738,38.18387240039101],[111.97245780028732,38.17359140022302],[111.95571879998272,38.17317189976342],[111.91587830004357,38.18786640021426],[111.89858979957967,38.20064140028046],[111.88181280022059,38.202060900090544],[111.85458380000244,38.21497740038677],[111.81725379982305,38.2268869001104],[111.80333730017634,38.230129400351586],[111.79836280010318,38.23008740021339],[111.79637129999554,38.22840489996622],[111.7981873001039,38.209331399924224],[111.79358680019072,38.19679640013379],[111.79022980006528,38.193614900007674],[111.77066779997904,38.18740439959345],[111.74472030040158,38.181495399593075],[111.7360763001812,38.18037039987411],[111.72498330033909,38.18267840018808],[111.7192992999228,38.18176640039911],[111.71489730017032,38.17728789981675],[111.71399680001235,38.163978400282986],[111.68652330021018,38.15080239971104],[111.6790997996161,38.134574899612005],[111.67318730035367,38.1274489001467],[111.64607980034259,38.12138740030832],[111.60930629974598,38.10181040042971],[111.55151380022176,38.09340290032367],[111.54161080039819,38.08913789969438],[111.54186230030496,38.079887400283326],[111.5111463002616,38.06163040012291],[111.51049029968766,38.05430589959764],[111.51799779965881,38.04469689984211],[111.51824180011903,38.03982940020671],[111.51744830039883,38.035972400406024],[111.50952129996807,38.02439489980486],[111.50875080040919,38.01845940038106],[111.51513679992343,38.00478740031832],[111.52905280044644,37.98611840004418],[111.53417980035755,37.96285990036415],[111.5383222998343,37.95214089978276],[111.54676829991718,37.94083389996456],[111.56006629981994,37.93328489987829],[111.56606280025807,37.92563989986155],[111.57189929961305,37.9078594000913],[111.57109080010042,37.90169540002273],[111.56627630021114,37.89609139969838],[111.56043229961102,37.89149840013113],[111.54830179958844,37.88557040015388],[111.54701979982394,37.882446399981404],[111.54846930011814,37.87794440011402],[111.55850979998735,37.86558540034599],[111.55860880005616,37.86188489966844],[111.56130230016106,37.857974900121576],[111.56799330025069,37.85367939988447],[111.57756730019082,37.853172399886375],[111.62499180003158,37.86172090019943],[111.65509030037714,37.86245739998907],[111.67339329996088,37.86647039978919],[111.68769879956,37.87335940001634],[111.70065329980997,37.874355900104774],[111.7106932996561,37.870979399979376],[111.72190829972828,37.885421899601056],[111.74883280029354,37.90008540042095],[111.75800329961265,37.90206890015969],[111.77776329983647,37.90196589990643],[111.79247280007974,37.9034878999467],[111.82334880030697,37.90222940036659],[111.83161180004458,37.90026839986683],[111.84004230031195,37.89120089990166],[111.8480988004194,37.88785939959166],[111.8578873003587,37.88917139984028],[111.87068180042479,37.893592899592704],[111.87677830007857,37.89360790028445],[111.88417030011931,37.89160939985396],[111.91731279964603,37.891105399994274],[111.9304503002412,37.885433400131376],[111.9418332999669,37.889327899862735],[111.94180280035903,37.898967900148534],[111.94611380041164,37.90418639978259],[111.95108030011579,37.908283399859044],[111.96771980032861,37.91628640019724],[111.98502279966254,37.922935400148674],[112.01360330015223,37.926124399721346],[112.03890230040088,37.93973140038389],[112.04944229992225,37.94247039988909],[112.04647610019197,37.94902549982703],[112.02805430016588,37.95404760011672],[112.02091570029938,37.957954700249275],[112.01962150033205,37.96216389974421],[112.01185629962856,37.96101589986392],[112.00636320010165,37.966431100115244],[112.00845909980762,37.96879589981097],[112.01670959986825,37.96637269994022],[112.02043040004298,37.966627799833134],[112.01816549973807,37.97287690004896],[112.0350477998162,37.9687169995899],[112.04047880025644,37.97073990042611],[112.03676960043674,37.97734020029009],[112.03846580005666,37.9850221003897],[112.0331606003815,37.99300280023908],[112.03173079973669,37.999114900432346],[112.03234880035689,38.00786190000673],[112.02852630034852,38.01298939994092],[112.01116930032299,38.025619399615664],[112.01013180014252,38.032924400140985],[112.01374829964436,38.077583400153856],[112.0120468003197,38.090824400125996],[112.00993329998187,38.09671039996505],[112.00528729976918,38.10111589987895],[112.00110630031554,38.1027868995958],[111.99375929965203,38.11305590010977],[111.99246980044097,38.11965939976153],[112.00180830031286,38.128745899703574],[112.00617979955814,38.13809590010578],[112.01640329977249,38.151801899937766],[112.04459380026378,38.1789514000871]]]}},{"type":"Feature","properties":{"shapeName":"Liulin County","shapeISO":"","shapeID":"62558664B72580646535822","shapeGroup":"CHN","shapeType":"ADM3"},"geometry":{"type":"Polygon","coordinates":[[[110.65530429965378,37.44012150030704],[110.64790709973295,37.43960470039667],[110.64049620043937,37.43702129979323],[110.63804340028275,37.433938000238584],[110.6320606999414,37.40886670023809],[110.62452950013636,37.39893930000875],[110.62557120015083,37.368727000350816],[110.6363675999848,37.358880000411716],[110.66901150008073,37.3543198000188],[110.68329520011343,37.35474570005408],[110.69239590035056,37.34986819995754],[110.69405669995677,37.33617690044366],[110.68870469956232,37.32580369998084],[110.67246989966623,37.316826199669435],[110.67163980023668,37.30987660042484],[110.68557670010466,37.29323810025818],[110.6852582996309,37.288256500037505],[110.68147379957622,37.282758000081685],[110.67439440028141,37.28070609970678],[110.65695349980422,37.2822852004017],[110.65144670000524,37.278119699864305],[110.64761420043504,37.26878889998778],[110.65912629963907,37.26144040015441],[110.65957629970654,37.25204839961401],[110.66412379987355,37.24584939973005],[110.67046329994139,37.24226740002052],[110.68665330010975,37.24148539993132],[110.69492330017022,37.24259539985786],[110.69727329972307,37.22755439961588],[110.7019273003047,37.21952840001569],[110.71153279989886,37.214732900103286],[110.72585280016665,37.21591539977595],[110.74111179966985,37.226795399688],[110.75344830019895,37.23843739966634],[110.77101129983168,37.24598339961426],[110.78642280007222,37.24790189995275],[110.79357129967582,37.24481589973402],[110.80666329997138,37.23215090024388],[110.80177280017466,37.20618439979029],[110.80924230019207,37.180606900188366],[110.82412730043461,37.17055889997329],[110.83085629957861,37.16170539998427],[110.84049229967997,37.159889399875965],[110.85115030014629,37.15238189990481],[110.85843679981849,37.15113439993269],[110.8768232996556,37.162833899864665],[110.88538379962273,37.16371890020713],[110.89356980030612,37.16205589995985],[110.95549779988363,37.17266089978074],[110.95979330012074,37.180679399934434],[110.96002980023513,37.185050900079034],[110.94127629966158,37.200671900088196],[110.9376983001365,37.20991139989127],[110.93740780022983,37.21747589979299],[110.94116229980034,37.22110339980213],[110.94975280025159,37.2217519000302],[110.97264880030195,37.21987889999127],[110.98220080012686,37.223098900094215],[110.98461930014065,37.229183400093916],[110.97512830043075,37.24043640011985],[110.95394880039686,37.24997340015233],[110.96256230011011,37.26554489967742],[110.9621887999732,37.27425390019738],[110.95458229993324,37.306030399683266],[110.95761180024442,37.31168739975374],[110.96412680031165,37.31705840012512],[110.97032930035698,37.31896589995637],[110.9786303000484,37.31592189987583],[110.99453729975664,37.30383339999145],[111.00418829965037,37.305904400168004],[111.01669329985594,37.31592189987583],[111.02494830012404,37.325042899610196],[111.04934680021472,37.33814989969818],[111.06027929984987,37.34624839994376],[111.06630679991895,37.354343400027915],[111.06662730030973,37.361705899607614],[111.06033329964214,37.37656040024234],[111.06018830015,37.3822944002664],[111.06337729972267,37.3858903997222],[111.07734680001488,37.388160900105504],[111.08251179987974,37.39253989969666],[111.0841292998274,37.39789640029869],[111.0834502999914,37.40314490041686],[111.07087730024728,37.40921040043969],[111.06217179988869,37.417518399554524],[111.05786880020503,37.42489239966454],[111.05580879963645,37.43305990039414],[111.05815880008862,37.44029240027413],[111.06569679966765,37.45144290006982],[111.08384680028968,37.46378339988405],[111.08786030011282,37.4681054004439],[111.09265370010826,37.479941000177064],[111.08561670025057,37.48259469988557],[111.08504310005907,37.48432779958836],[111.08826500042949,37.485988299720304],[111.08836470017081,37.487648700027535],[111.08401339969868,37.490969499742675],[111.077457699913,37.49317509965118],[111.06946500040948,37.49157570035834],[111.06524369963711,37.493301299715256],[111.05880280010922,37.50053569986272],[111.05765309961095,37.506576800379094],[111.04942330014524,37.51059740034981],[111.03376780034375,37.52661139959645],[111.01112380022329,37.539302900308655],[110.9968182997248,37.55239489970489],[110.98753329962216,37.564346399566716],[110.98233029980355,37.56800089992163],[110.97840879972637,37.57768639960773],[110.97808489989825,37.586956599567486],[110.96802389998305,37.59153920027393],[110.95379879977486,37.60315310003557],[110.94957919962042,37.61009810014724],[110.94386499996983,37.61430790038935],[110.93841529992619,37.630355099908],[110.92669710039092,37.63231160020024],[110.89497800013464,37.628730499812775],[110.88520299991859,37.63125839965545],[110.87835380008784,37.6348394002182],[110.85501330022367,37.63657709995323],[110.85241999988313,37.63231160020024],[110.85454790016553,37.6234111996672],[110.85394940044455,37.614193699979296],[110.84989310008655,37.61124390028584],[110.83912059973596,37.61055909982264],[110.83552970033548,37.61261339958878],[110.83227139990527,37.61798620040287],[110.82508970002971,37.621673199558586],[110.82249629986438,37.62104110026661],[110.81957039965425,37.61772279976742],[110.80733500001031,37.61551059973442],[110.78922810029667,37.60738269975184],[110.78008659961694,37.611162699598935],[110.7670183998793,37.60904079959329],[110.76694979959365,37.59991069961916],[110.76961170021985,37.58958909955737],[110.78764290039959,37.5661574003438],[110.7889547000994,37.55874860006787],[110.77739980036057,37.5468001003444],[110.7768175001276,37.54417180018851],[110.76549789990821,37.53758120041215],[110.76617429980416,37.519868600355665],[110.75573280032853,37.507519100126444],[110.75085749997373,37.492738700031055],[110.75412549959219,37.480045799973766],[110.75158429967576,37.468348200309265],[110.7448454997201,37.45323720043649],[110.73959639975413,37.44978010037141],[110.65530429965378,37.44012150030704]]]}},{"type":"Feature","properties":{"shapeName":"Lishi District","shapeISO":"","shapeID":"62558664B16498755346458","shapeGroup":"CHN","shapeType":"ADM3"},"geometry":{"type":"Polygon","coordinates":[[[111.55882459957564,37.582120800134874],[111.55001829960491,37.604755399642045],[111.54351029986049,37.6111299004246],[111.54038230040288,37.63991539957607],[111.53309629985444,37.64464940024965],[111.52333080007645,37.64789589977602],[111.51368729962923,37.65321739966333],[111.50961279969101,37.65785989971465],[111.50842279967253,37.666759400026365],[111.51280979963263,37.67865740011899],[111.50937629957662,37.686542900434574],[111.50257129962586,37.688541399965686],[111.48916630018465,37.68956440037681],[111.47408279978146,37.681556899831094],[111.46591179978981,37.67407990036713],[111.44061280044048,37.65896240019464],[111.42990879965146,37.65045539999676],[111.41811379981209,37.645339899716646],[111.40632630031854,37.648028899614076],[111.39221179963488,37.65933540030852],[111.3861008002118,37.66801839962949],[111.36801129968177,37.67386989967616],[111.3469773000624,37.68440189972796],[111.33116130005402,37.68690490004116],[111.31134780006096,37.68440189972796],[111.29479979957114,37.676761399918746],[111.26405329991991,37.657226400178274],[111.25859539985788,37.64371309987973],[111.25010679978902,37.64579790015301],[111.24542229959951,37.64259740005002],[111.2368773003472,37.64059839959651],[111.23601590001385,37.63101409972097],[111.22925950032572,37.62006999973073],[111.22320630033056,37.618422400373504],[111.20781549978557,37.618701799948155],[111.19539299978715,37.616476899689246],[111.19095119963822,37.624635700377326],[111.18311330043855,37.62342089975476],[111.15376280041295,37.632846900064465],[111.13642879964942,37.63616990042061],[111.116752799702,37.635932900283194],[111.0779798004275,37.64329139967839],[111.05354330038307,37.65246189989682],[111.05411789972135,37.6608856003902],[111.05197129983566,37.67328239956316],[111.05335479978424,37.691247899770815],[111.06178470020382,37.695763599910265],[111.06227819957928,37.704388600153834],[111.058326299719,37.70595179993569],[111.05305449996524,37.71658230003317],[111.04412319962603,37.71196640012931],[111.03207469978764,37.71376779974423],[111.02890780015491,37.720400200009294],[111.01785819979614,37.72710860018179],[111.01542040033127,37.735648199904574],[111.01353849970207,37.73557379989103],[111.00846079972621,37.730364299772646],[110.98336050018702,37.73576750036989],[110.97881300002001,37.72894410029005],[110.98128699989519,37.722546399696625],[110.97863230014059,37.71316889982489],[110.96948439988523,37.71384219975778],[110.96809210007041,37.71153480019092],[110.9703503004261,37.70885500035803],[110.96946969956701,37.70513970043686],[110.95924749977235,37.70252740011949],[110.95592710025551,37.69813249961521],[110.95864339997297,37.692353299665115],[110.95426059984686,37.68249899992895],[110.9551342003831,37.679673099833735],[110.97279670010766,37.67497760003624],[110.98719280010772,37.6646996000066],[110.98133519995957,37.66242710043042],[110.97522190007066,37.66309719967609],[110.97453620028546,37.66037520005551],[110.98085000042721,37.65079490036442],[110.97442690028129,37.65067450002823],[110.97216869992565,37.64896100015011],[110.97329779965378,37.645459499656226],[110.96568280012121,37.64228440000511],[110.95821380012683,37.64146439996216],[110.94419880043438,37.642852400118215],[110.9406202999869,37.640384399620416],[110.93841529992619,37.630355099908],[110.94386499996983,37.61430790038935],[110.94957919962042,37.61009810014724],[110.95379879977486,37.60315310003557],[110.96802389998305,37.59153920027393],[110.97808489989825,37.586956599567486],[110.97840879972637,37.57768639960773],[110.98233029980355,37.56800089992163],[110.98753329962216,37.564346399566716],[110.9968182997248,37.55239489970489],[111.01112380022329,37.539302900308655],[111.03376780034375,37.52661139959645],[111.04942330014524,37.51059740034981],[111.05765309961095,37.506576800379094],[111.05880280010922,37.50053569986272],[111.06524369963711,37.493301299715256],[111.06946500040948,37.49157570035834],[111.077457699913,37.49317509965118],[111.08401339969868,37.490969499742675],[111.08836470017081,37.487648700027535],[111.08826500042949,37.485988299720304],[111.08504310005907,37.48432779958836],[111.08561670025057,37.48259469988557],[111.09265370010826,37.479941000177064],[111.09749899997894,37.48266730035567],[111.1014990999036,37.48269150021264],[111.10709829964685,37.481744700257764],[111.10989279991287,37.4797911002791],[111.12634280037997,37.47910689966375],[111.18036629966508,37.46349340000046],[111.18881899969716,37.46417320023306],[111.19608009981681,37.461401600303645],[111.20471129998657,37.46043730044113],[111.21101530021599,37.46446360031496],[111.21456089986572,37.47407660025493],[111.22933109985041,37.4695531002954],[111.24423669996378,37.46804450015361],[111.24985710032496,37.473451799860754],[111.26561399958649,37.478729300416944],[111.27765990038415,37.459878000369486],[111.2798612995594,37.43777790032988],[111.29084030043958,37.40544889964707],[111.29332760038852,37.403164799715796],[111.29278900001242,37.397854900183575],[111.30057500023611,37.392623899973046],[111.3214568003911,37.38893489982581],[111.34075930020163,37.39348239999282],[111.35133380041464,37.390975900417516],[111.36058779998706,37.386569899581275],[111.382202300296,37.390987400048516],[111.385923399945,37.39334969962897],[111.39718219969882,37.39466670010819],[111.40810040011343,37.393690899715295],[111.41002019997234,37.378183000245315],[111.4276199000384,37.37539009987324],[111.43145730001447,37.36747340027728],[111.44336619989025,37.366550900004086],[111.45584879978236,37.35684590031809],[111.45980669991934,37.35846860014584],[111.4642337997501,37.352401900427424],[111.48693970020707,37.34327900042558],[111.49163040032278,37.34702489977934],[111.49311569992966,37.355516199612964],[111.49861080044815,37.35742049965637],[111.49913080014636,37.360542899934956],[111.50820509988552,37.361764299782635],[111.51176019997331,37.35913150031854],[111.52852249991349,37.36209050007659],[111.52950050004807,37.36601030043505],[111.53594040042918,37.36560310000311],[111.54419470012539,37.36845749961395],[111.55005629955866,37.3638665001389],[111.55642999994461,37.36349350002507],[111.57604310040881,37.38258449997477],[111.58164230015211,37.381858899968336],[111.58987409971002,37.390317899751324],[111.58770580008269,37.395504000409346],[111.59657279979496,37.40430439992815],[111.59664469969317,37.41107349984219],[111.60027329957319,37.42237090029687],[111.59322859972013,37.43543490020056],[111.58737330003783,37.439194800199914],[111.58897409957507,37.445891600017376],[111.58169319998126,37.458197699864],[111.57078719976954,37.45950300016335],[111.56375129978272,37.458438899835414],[111.55861630040198,37.46165839991528],[111.55563330043651,37.46749890035403],[111.54875930000173,37.47148220004357],[111.53990179982827,37.49895490034845],[111.54116450014163,37.50702590022519],[111.53362420009682,37.512502599715276],[111.53048989998894,37.52454700044376],[111.52472679970208,37.526298399551536],[111.51292340019484,37.53543289990847],[111.51357510021074,37.5396196999892],[111.50819119996396,37.54609329976603],[111.50496659982878,37.55945930010665],[111.50851280022562,37.568414099730944],[111.51524059967397,37.572535799687444],[111.51800379993546,37.58120010030444],[111.52257929959507,37.585026899971524],[111.53042989992002,37.574323800303205],[111.54205330011979,37.569057400078975],[111.54640180010307,37.56878640017226],[111.55785380031267,37.57479090008002],[111.55988380039713,37.57901389967179],[111.55882459957564,37.582120800134874]]]}},{"type":"Feature","properties":{"shapeName":"Linyi County","shapeISO":"","shapeID":"62558664B79073733696722","shapeGroup":"CHN","shapeType":"ADM3"},"geometry":{"type":"Polygon","coordinates":[[[110.33734070031312,35.06121810023518],[110.346834299963,35.05881259992162],[110.37562259960333,35.056151899890324],[110.38682340027975,35.050763799809545],[110.4300768004041,35.027030899656324],[110.44692399994273,35.01218180034988],[110.47050929976444,35.00363110029508],[110.47447239978146,34.99903880040034],[110.476018999877,34.9943668997127],[110.483233200352,34.99189709967146],[110.4894549000237,34.98644800037499],[110.49641449972944,34.98533929996876],[110.49832570027093,34.99026119959473],[110.49718779977718,34.99405019985687],[110.49883099965098,34.996900799832076],[110.50308409955159,34.997217600412],[110.50994710037844,34.994841999858465],[110.51574669965055,34.99468370029257],[110.51999979955116,34.99001159995544],[110.52581779985167,34.989082399733036],[110.5378936004094,34.98145300025578],[110.55442219982473,34.98100610015143],[110.56826390015891,34.982740500273906],[110.5752900002334,34.98533929996876],[110.57620509998543,34.99128400035636],[110.58151279977596,34.99357990029222],[110.58708269960698,34.993971000161594],[110.5948607003611,34.988890399872105],[110.61081730037819,34.98541050019446],[110.61443780006448,34.98526010027348],[110.6175310002555,34.989853199665504],[110.62797039981416,34.99214970034842],[110.62885709987535,34.98931260009647],[110.6320300996095,34.98874459998336],[110.63270679987897,34.98613119979507],[110.6447894002107,34.98391379988203],[110.64614270002562,34.98581440011452],[110.64884919983075,34.98581440011452],[110.6501058000427,34.98969480027489],[110.65397219955742,34.99017000024537],[110.65706539974843,34.98874459998336],[110.66518490006314,34.995633899684776],[110.67137119972114,34.99610899983054],[110.67213579972741,35.00105820017586],[110.67820289964419,35.004382699701864],[110.69911299966526,35.00893579994727],[110.70261929984088,35.01228639959771],[110.70092660038239,35.02097139991025],[110.69379659983326,35.026035100139836],[110.69321660006608,35.03133829972279],[110.69630980025715,35.032367199686576],[110.69753320019709,35.03531049997963],[110.72586150020811,35.04237230044134],[110.73468820040017,35.040924800239395],[110.74541370038202,35.044634400257394],[110.74792689990659,35.043130800346205],[110.7479684000217,35.03835299999099],[110.75092339959525,35.03442510033818],[110.75454290013482,35.03257439988869],[110.76039619972488,35.032921299878126],[110.76302530027743,35.02320119967567],[110.76800090022141,35.01845570027041],[110.77739670039745,35.01605449961551],[110.78006210028576,35.017473399577796],[110.78326070012128,35.02713239984041],[110.79466440044177,35.03286320007669],[110.80153530001417,35.03041640019677],[110.82204829988916,35.030049000161284],[110.82903980034655,35.033625600341225],[110.83303800000374,35.04279170017685],[110.83899150025758,35.045586099718776],[110.84996369956514,35.04415560030077],[110.86060410029904,35.04667509957625],[110.8705703998042,35.055915899799004],[110.87955019968206,35.05724790007059],[110.89014539959055,35.06275700033535],[110.8942463000268,35.06126180009204],[110.89887469960775,35.054738699831205],[110.90976379975962,35.0512036995911],[110.91713310001262,35.055338800345396],[110.91686660031343,35.06237520035529],[110.91408690019034,35.06840650006001],[110.90408779971227,35.07099869963031],[110.89583359984084,35.07797160030918],[110.89504880016204,35.08427570036332],[110.89723719963712,35.09329109990438],[110.89612879960447,35.0995941000877],[110.8914253003374,35.110316599931195],[110.88814630021164,35.11303050025742],[110.88065310036035,35.131650599895295],[110.87022110042352,35.14703759990539],[110.87038769983252,35.15404200023818],[110.87661820026977,35.15847899980605],[110.87629679965767,35.16182689969173],[110.87228670017112,35.16635179989572],[110.853857100325,35.17861460008379],[110.8494920995808,35.19858779988709],[110.85700230021604,35.20706540034797],[110.86919009964345,35.21072030000187],[110.88208240008277,35.223719099956554],[110.8889711997611,35.239660299982916],[110.88740769960572,35.24483239999529],[110.8682588004034,35.24650220001655],[110.86428030039559,35.24848800022107],[110.8609382002378,35.256135600177856],[110.85646429968773,35.2607227001925],[110.8500741003395,35.26208279978141],[110.83647340032724,35.254294199617675],[110.8327798001477,35.25387729999744],[110.81316959999708,35.26125180013054],[110.80807349989215,35.26140980022217],[110.80039710004621,35.25018989974416],[110.7961395997628,35.2520335998708],[110.79620419986401,35.25940819982861],[110.79371780013645,35.264253499699294],[110.7857358996921,35.26759270044283],[110.78555629968355,35.26992439969132],[110.78904590034807,35.27189439970681],[110.79359300031678,35.28134989957823],[110.7939462998819,35.28843589989691],[110.79159649997854,35.29574140044531],[110.78515549972661,35.304125199818145],[110.77574359988728,35.30669890033403],[110.77217240013624,35.30241999978324],[110.75402879998921,35.296416300272085],[110.7429112000919,35.298358200070936],[110.73560530024446,35.29797799998477],[110.73042979989543,35.29020510018529],[110.72986439972232,35.283205000410476],[110.71893280030855,35.28382040019136],[110.70281810037511,35.28851280002573],[110.70055639985804,35.286051299827704],[110.68227419979456,35.291974199749575],[110.67756229996024,35.286282000214214],[110.66568830007503,35.29005120010288],[110.66333240007026,35.289051299677794],[110.64900819996853,35.25981579955953],[110.65862050023594,35.25673769988498],[110.65767809976455,35.249734799621365],[110.65928009989676,35.2469641997381],[110.65720689997852,35.23888280010118],[110.65560480002159,35.2357269999012],[110.65013900031465,35.23680459995239],[110.64759459971106,35.233340899762766],[110.64401360004769,35.23295599981958],[110.63713420008332,35.24019130018843],[110.64033830017246,35.250889199976655],[110.63977280017463,35.25743030016827],[110.63817080004247,35.25850759984593],[110.62233880019551,35.26297059971347],[110.61894620040687,35.26235510010781],[110.61602490022904,35.25735340003945],[110.60914550026467,35.25350570012802],[110.58662260015296,35.26066220010051],[110.58162800023206,35.2605083000181],[110.570790600306,35.26712559976664],[110.57031939962064,35.276973699576615],[110.56739799961804,35.278358499944886],[110.56466510021426,35.27774300033923],[110.56155530033692,35.269741599894985],[110.55561829994463,35.267048699637826],[110.55590100003121,35.26481729997846],[110.55335660032688,35.26366310017198],[110.54939860036518,35.26450949981364],[110.53337809991945,35.2704341003535],[110.53205879987377,35.27658900018224],[110.52819500029909,35.27912779980818],[110.53045669991684,35.28428199971455],[110.5272525998277,35.285281999964354],[110.5272525998277,35.28843589989691],[110.52301189977942,35.289974299974006],[110.5244203001568,35.2923447995729],[110.51723269982932,35.29515640044758],[110.50798249989253,35.29421459982399],[110.49700559982864,35.29823109978548],[110.48863220021593,35.298797500004696],[110.47907310024345,35.29093590007176],[110.45352930003725,35.282115899828966],[110.44621279988087,35.28357289956972],[110.43702679984699,35.29094290039461],[110.41676429983261,35.29890720020717],[110.41268200007431,35.30480810001387],[110.39525749963394,35.296462100045915],[110.3513326998443,35.17810889960606],[110.36802280041195,35.13726380028419],[110.35437660010007,35.106870000350284],[110.33734070031312,35.06121810023518]]]}},{"type":"Feature","properties":{"shapeName":"Lingshi County","shapeISO":"","shapeID":"62558664B69689348896489","shapeGroup":"CHN","shapeType":"ADM3"},"geometry":{"type":"Polygon","coordinates":[[[111.49428870006352,36.991919200111056],[111.49814560003949,36.988122499853546],[111.49579799987788,36.98484070013825],[111.49779350016996,36.98230899976056],[111.49544580018357,36.97855810017626],[111.49873260012947,36.97574490030695],[111.50906240020964,36.9761200003378],[111.51680969990781,36.96786719981145],[111.52303110010524,36.964021800365856],[111.52350069999738,36.959519699774376],[111.53136539989333,36.9575499003077],[111.53115830041531,36.94569789963839],[111.54647830003358,36.92620089985172],[111.56058390012697,36.93119759968954],[111.57681429964026,36.922551100253145],[111.5599213003278,36.914466900127366],[111.55573279962908,36.906509400088794],[111.53372930026705,36.88965239973851],[111.52867129994058,36.88384239980695],[111.51715829961591,36.876956899741174],[111.4897538002977,36.87161239969254],[111.46334830028388,36.860641400080624],[111.44254280040997,36.85520190014762],[111.41647329970306,36.84442889977396],[111.4070962998544,36.833892900437036],[111.4022977998037,36.82321539997076],[111.40235879991872,36.81237039987411],[111.4081423004269,36.803592399769514],[111.41481030035516,36.799583400153836],[111.42822280014218,36.78533539960904],[111.44259580015614,36.776542399712014],[111.45545180036038,36.77156040019236],[111.46980330028214,36.77152989968516],[111.48394030020478,36.77889640034863],[111.49070730020179,36.79817589999783],[111.49622330006531,36.79864139988075],[111.50486730028575,36.794463899689276],[111.52307129980073,36.790878399818325],[111.53646080032576,36.78561389986163],[111.54532629996885,36.77864839970391],[111.54315180041533,36.775138899740455],[111.5358198004435,36.77390290029865],[111.53193680034315,36.76822640022823],[111.53529379956927,36.75410840028252],[111.54019930005774,36.74539190031601],[111.55966930039796,36.72277839980336],[111.5660172999585,36.71648039985064],[111.59742729963023,36.69539639972413],[111.61681379971714,36.68777089970729],[111.62281779960182,36.68103790037884],[111.63819930025755,36.671436400069865],[111.65207679990448,36.656890900194924],[111.66223129963481,36.651187399778735],[111.66873179993269,36.6506689001497],[111.67652879976436,36.67092890004875],[111.66882329965563,36.680305399874385],[111.66452780031779,36.68899540041747],[111.67008890028256,36.69492729985507],[111.71189080002046,36.71112840035545],[111.7298963002741,36.7128333998416],[111.7487333002017,36.718612400142206],[111.78024279996532,36.70300689994855],[111.80062880027896,36.709800900291384],[111.8210068002237,36.71428740034332],[111.83138280027606,36.71454989985807],[111.86805729990454,36.70562740028436],[111.8978497996286,36.70744390041574],[111.90885179977079,36.70603190005221],[111.91510779958537,36.70779789965337],[111.92188279995133,36.70697789961042],[111.94374830014402,36.698852399918394],[111.94902779989309,36.693317400078],[111.9755173001833,36.67693339995651],[111.98325329989996,36.67902740029433],[111.98899879955502,36.68337240011624],[111.9900587998738,36.68697339980264],[111.98844930029503,36.69634640036611],[111.98986029971314,36.704765400103156],[111.99621919995616,36.70709929999276],[111.99156930028306,36.7281568996213],[112.00395960005551,36.73750589997735],[112.00102620039888,36.74878140014158],[111.99348190016963,36.75053950009789],[111.99448600042865,36.75855149995181],[111.98895399982729,36.762682899995866],[111.9814527996071,36.76181340036817],[111.9794179998409,36.77106970040643],[111.9863568998511,36.782157700017876],[111.9818139997164,36.78694979959363],[111.98295329955516,36.79226940011279],[111.977563399931,36.79732760008875],[111.98220659965489,36.81181529963641],[111.99268550013579,36.81280659984475],[112.00363110019521,36.82071289968064],[112.00571650031634,36.82583950029277],[112.00197000021535,36.83826350036031],[111.99304410030504,36.84052519997806],[111.98740960037281,36.847288900362514],[111.98130560037322,36.84804039994458],[111.97707980029259,36.853864100148144],[111.9712105997894,36.85705750010362],[111.96651519981668,36.86569800016264],[111.94843800021363,36.87039349996013],[111.93669960010652,36.87170810014874],[111.93576050014701,36.87565210036422],[111.93270849969758,36.878656800071326],[111.92519589967111,36.8782812000174],[111.91909200039555,36.879971300435216],[111.91275320000022,36.87922020015219],[111.91674430040922,36.885604800321346],[111.91533570038234,36.90419240025909],[111.9097011995508,36.906445200185885],[111.90711879989277,36.9094487001974],[111.90078000039676,36.910387300133834],[111.89373700026243,36.90869779956387],[111.89068499981295,36.91095039984111],[111.8864590999076,36.910199599931616],[111.88434620031694,36.9130152999162],[111.87894649988112,36.9130152999162],[111.87706839978688,36.916393899958564],[111.88505049988072,36.91808319997972],[111.8817637997596,36.92258779978721],[111.8871634003707,36.926529100237815],[111.88786769993447,36.93722590015523],[111.87683360029047,36.93891470015336],[111.87730310035784,36.941916899745195],[111.86767759984144,36.94679539988783],[111.85875639978809,36.94491910023635],[111.85570440023793,36.950360200063244],[111.85288720018423,36.94942210014983],[111.85124379976162,36.945294300091916],[111.84044449961402,36.94792110017869],[111.83293189958755,36.94792110017869],[111.8331666001585,36.95505040015587],[111.82706269998368,36.95411240006729],[111.81908050006507,36.96161630005224],[111.83199279962804,36.968931999812014],[111.8308189999969,36.97830999970677],[111.83527959957394,36.97924770032114],[111.83974020005024,36.9863740999848],[111.83577030025918,36.98739139959349],[111.83070710005268,36.99386219978072],[111.81877100018158,36.98707500011119],[111.81381159972563,36.9758776995962],[111.80845789961245,36.97165029962167],[111.80528299961082,36.964322200009576],[111.80135069957521,36.96159470013538],[111.79907850037256,36.94777349984719],[111.79510470022177,36.94552629999879],[111.78619230003466,36.94497079956278],[111.78094539981043,36.95214609986266],[111.77774920026542,36.96067999968227],[111.78537919959047,36.97137199991789],[111.78350099967145,36.974279199625414],[111.7784534998292,36.97409160014729],[111.7745797996181,36.977373899885606],[111.76730199998735,36.97746760024961],[111.76061109972255,36.9826250997686],[111.75662000021288,36.980749700338436],[111.75016390034381,36.981593599864766],[111.73666469961626,36.98590690038321],[111.73478649969724,36.99209510030869],[111.7295296997359,36.994661099929885],[111.72061929964104,36.997436399670164],[111.71286780010894,36.99762740038426],[111.68058779988712,36.99296590035607],[111.66961680027515,36.98396689995252],[111.67538730018384,36.97331839992427],[111.66743809998837,36.97141459990394],[111.65933420021321,36.97519290003237],[111.64923880033041,36.968837900149026],[111.6315078001449,36.96086490029495],[111.62888550026571,36.944316299957336],[111.61246369983996,36.947715099672166],[111.61299129970877,36.953414900277494],[111.60462689961179,36.960276900158874],[111.58071879983282,36.96418389956739],[111.5741502999964,36.966807900064566],[111.55239879966496,36.981075399709994],[111.54006980038105,36.983714900022676],[111.53369130031331,36.97663089979625],[111.52922249981856,36.97592660023247],[111.51943120028972,36.98189889991437],[111.52373539966902,36.98868499971303],[111.52397020006475,37.00087299968925],[111.51786620006516,36.99834180023396],[111.51422730024979,37.00199800030754],[111.51011879964295,36.99759179982175],[111.50319319970646,36.99552930003722],[111.49873260012947,36.997123100150986],[111.49428870006352,36.991919200111056]]]}},{"type":"Feature","properties":{"shapeName":"Lingqiu County","shapeISO":"","shapeID":"62558664B42559442813243","shapeGroup":"CHN","shapeType":"ADM3"},"geometry":{"type":"Polygon","coordinates":[[[114.38734159963519,39.645335900031796],[114.38126379958476,39.646945899633636],[114.37136079976119,39.65277490044133],[114.36422729995002,39.65406040036726],[114.34680929980937,39.65086739971076],[114.31517080039214,39.647720400276285],[114.27203430044267,39.628166399659676],[114.23885330003986,39.615138899640556],[114.22580730006689,39.60168389969226],[114.21434780041068,39.59786589989142],[114.20852729999501,39.59320840004767],[114.20207229999676,39.590831900172134],[114.19727329992293,39.59397140016006],[114.19249730001047,39.60855089980424],[114.1839368000434,39.61988039976069],[114.16499329970111,39.63265990003441],[114.12949380029875,39.63055440006559],[114.11820979974254,39.631767400245394],[114.11200729969721,39.63099289960269],[114.09353629956058,39.62293989965667],[114.07968880039789,39.6199914003829],[114.07048779967226,39.62054089964283],[114.0573502999764,39.62492390031781],[114.04340379984558,39.62631589975899],[114.03217379998091,39.62477489974191],[114.01223729971173,39.61668790002659],[113.9999998001507,39.61456290005782],[113.98844929989536,39.61701189967948],[113.98117830003855,39.62097940007931],[113.96597230028146,39.63874440003411],[113.95227029973455,39.623092400394],[113.9487533003246,39.62186789968388],[113.93305180020047,39.62839490030444],[113.92574330041305,39.63350290023868],[113.91441330043358,39.63416690028225],[113.90765379988306,39.632179400359064],[113.90014629991185,39.626052900221225],[113.89472179977133,39.61241589997388],[113.89530130041476,39.59707240017116],[113.90418229987336,39.589942899645166],[113.90950779994512,39.58249639978908],[113.91130079989205,39.57429140002813],[113.90677629988636,39.56021090001309],[113.9074478002758,39.55037289958972],[113.91159830012157,39.54244590005828],[113.91575630031309,39.526500900396286],[113.91552729964519,39.50884990030272],[113.91811380021181,39.49515890026311],[113.92398830041975,39.488643400172805],[113.93274679962519,39.492275400389474],[113.93959829992161,39.49174090002259],[113.94933330009178,39.48531340039318],[113.95369729989056,39.47922140004761],[113.95407880039636,39.468917899741314],[113.95162979987538,39.454883400048914],[113.96130379993053,39.40926739997059],[113.9598238000284,39.39342040033125],[113.95188129978226,39.38362089988465],[113.93242630013367,39.3808974001949],[113.91377279967503,39.372916899995005],[113.89668280027104,39.37046790037334],[113.89502730036963,39.36910989980208],[113.89154830001405,39.355354400385295],[113.89179279959808,39.34422739987468],[113.89675129983266,39.33818389996708],[113.93582130021287,39.30789189969147],[113.94051379987206,39.29493340015637],[113.96076979958661,39.280631899842376],[113.96035780037221,39.26031890019715],[113.95218680038056,39.222053400044445],[113.9337693000133,39.2061004000135],[113.93054979993337,39.19925690008591],[113.93316630008474,39.19528939968609],[113.93988779978224,39.158763899734254],[113.94544229962253,39.14571389957683],[113.94613630015021,39.126674400203456],[113.95539089957038,39.100067100416425],[113.98864749968243,39.09461590030361],[113.9996566997969,39.11935039970126],[114.04419709991635,39.134826699692496],[114.05837249999092,39.09634780031081],[114.09015659964746,39.08262250012831],[114.102073700441,39.05120469973713],[114.12003330019672,39.04986190040643],[114.15064999979768,39.06014630001181],[114.16612169975667,39.07024150024512],[114.17915930006166,39.0583506003],[114.2034383998623,39.055378799592006],[114.20962559974168,39.05973279982891],[114.21097900028064,39.068890499996655],[114.23688799988133,39.071292299599975],[114.24806940038263,39.078207599601114],[114.26376380035913,39.07699620021452],[114.28517060044294,39.07861599972864],[114.29663339971171,39.08420059987782],[114.3159684999464,39.07579540023761],[114.33048050007505,39.08043630039498],[114.3459445998634,39.08030469990206],[114.35785680025117,39.10345079961479],[114.35405730040418,39.131790199957834],[114.37335210021934,39.16774750014707],[114.38172909981813,39.17586140038338],[114.41156010041834,39.17050169999351],[114.4276276003335,39.17664720010828],[114.45319370012919,39.21060180003309],[114.45118710040447,39.222942399672036],[114.41956330040603,39.22874829959443],[114.40783689995305,39.24097059971348],[114.41177370019614,39.2971039004247],[114.4620513999522,39.35149379969914],[114.46454620024701,39.40760420007382],[114.49057770010086,39.4374313003143],[114.4962235000146,39.46862410022209],[114.53637699999865,39.50409319984135],[114.54991760011717,39.54866670040798],[114.55549789970837,39.55644740002754],[114.55003929997383,39.55663550042806],[114.55534589989338,39.56426000039875],[114.54738599956431,39.56928049989523],[114.5235060998267,39.55998290029066],[114.51799600041511,39.551511700304786],[114.5116868003056,39.55421779991161],[114.50059109979952,39.55347389960082],[114.48761039960027,39.59438700025993],[114.4779172997437,39.59103190040196],[114.44776590037611,39.60274130007099],[114.43667019986992,39.597165599612765],[114.42238139978178,39.596239799727016],[114.41182550024666,39.603484700358706],[114.41279039995709,39.61482040024134],[114.40290070020717,39.622995900440515],[114.40145339965477,39.63228499965305],[114.38987530010513,39.63451419957073],[114.38734159963519,39.645335900031796]]]}},{"type":"Feature","properties":{"shapeName":"Lingchuan County","shapeISO":"","shapeID":"62558664B37096727013599","shapeGroup":"CHN","shapeType":"ADM3"},"geometry":{"type":"Polygon","coordinates":[[[113.23615260016243,35.44535059975044],[113.2932815996661,35.425289199836755],[113.2943497001786,35.47701260025133],[113.34398649987713,35.474117300373166],[113.40059659955352,35.51214220040225],[113.44127660043478,35.50901410022061],[113.49054719979347,35.530548100414535],[113.5021281996568,35.57337680019924],[113.53551140003117,35.59377909982567],[113.53393120036469,35.601970599863364],[113.53985720024968,35.60437979998784],[113.54031369971756,35.61729049965686],[113.54894370019167,35.624292399874435],[113.54005470036418,35.630875400379466],[113.54558560019541,35.63456799961352],[113.5444564995679,35.647708899646034],[113.54914130013094,35.65029990042012],[113.55486970007667,35.642434300302796],[113.56375869990416,35.64291589984896],[113.56889460040554,35.63071480034779],[113.5813392003439,35.63408640006736],[113.59606170028735,35.630054500115136],[113.61531499998728,35.63007259987063],[113.61859889961954,35.63657000020538],[113.61354660009556,35.666996399664185],[113.60169329990595,35.68640899987548],[113.59136950010236,35.69168839979989],[113.59344660038039,35.706399199563464],[113.59048360043789,35.71393770006483],[113.59462969990079,35.71633329974202],[113.58638379987258,35.74407900004587],[113.60020200002236,35.77103589958716],[113.59906110028965,35.77559719985095],[113.59421850018373,35.78215880008861],[113.59303000023442,35.78956839986182],[113.58681699970487,35.786520299772064],[113.58312250020333,35.78663970006215],[113.58089109964465,35.791481700320276],[113.5832418995941,35.79419780038825],[113.59378099979335,35.79741390013146],[113.60455789962748,35.79739879961494],[113.60495389990263,35.79995979990491],[113.59361180044425,35.806064100278036],[113.58697380010085,35.80487720022268],[113.58582389995308,35.80623360000067],[113.58890310039783,35.81418909994704],[113.58355810032617,35.81697540019462],[113.58340539993935,35.821309500233326],[113.58689580010116,35.823952800181644],[113.57027190042788,35.82644820032425],[113.55956279958355,35.82975390042219],[113.54215229978888,35.83922189997077],[113.52813730009643,35.85026990043559],[113.51998129989715,35.85351189975444],[113.5089723003315,35.85081490038738],[113.49826030007284,35.850864399972124],[113.48390980019724,35.85458739988866],[113.47070330001736,35.8615113999312],[113.4554978002833,35.864547899665865],[113.44871049988967,35.86453449976739],[113.4428423003319,35.861944900137075],[113.43858329997943,35.86484539989533],[113.43487140039485,35.85858599974415],[113.42488700023489,35.85761869974323],[113.4209823003929,35.84477989997248],[113.41728980008429,35.839072900294184],[113.41105630040795,35.833602899853986],[113.39553829975284,35.83137489963195],[113.3862532996501,35.832095899606145],[113.37020129955044,35.836268899590095],[113.35926030042253,35.846374899781836],[113.35816180012705,35.85278340033369],[113.3607482997943,35.862842400156694],[113.35433179977281,35.87613639987501],[113.3439332995822,35.883033899594864],[113.3318328000438,35.88673390024934],[113.32421180023448,35.887442899670134],[113.31517780001548,35.885639400138245],[113.29200729989702,35.87426740002053],[113.2789992998778,35.86584089993761],[113.27024830011896,35.86334589999336],[113.25701130033133,35.86704239958715],[113.24241629997232,35.88492190032548],[113.23313129986968,35.892265399928306],[113.22325879965399,35.892288400089626],[113.20604680001986,35.88820639980554],[113.1975937996142,35.888912399987305],[113.19338279967656,35.89784239990689],[113.18715680034609,35.89419539989785],[113.16909780032324,35.88828289973611],[113.15187830034336,35.88030639972061],[113.14620979974256,35.86933139992419],[113.14282230000924,35.86842340031973],[113.1331402995852,35.82519539974794],[113.12719729981563,35.81925189995525],[113.10662830005606,35.814708899995765],[113.10041829966485,35.810828900033755],[113.10125729968468,35.80556089991563],[113.10546879964545,35.79892339959525],[113.10936729956131,35.77786639981457],[113.11273930037851,35.77099590044048],[113.12679280004772,35.76090940024869],[113.14732379985355,35.74943539992381],[113.15265630024817,35.74462140005761],[113.15630380028017,35.73797989955278],[113.15515879963891,35.732032899598664],[113.14698030020077,35.724723899788216],[113.1393738001608,35.7206154000807],[113.1267008003017,35.717433899954585],[113.11853030033319,35.71309639957923],[113.11739330006083,35.704860900210406],[113.11849230037944,35.696166900382195],[113.10916129995405,35.674209400443544],[113.1046372999715,35.667350899824214],[113.09648129977222,35.66278389965731],[113.05090329964764,35.65436940012779],[113.0385202996722,35.64156340043064],[113.03456880001022,35.633556399908],[113.03737629997636,35.62691889958762],[113.04215229988881,35.62279490006466],[113.05507679965467,35.61729440001659],[113.07190679965913,35.59873939960369],[113.07977279997476,35.58752040024632],[113.08818829955044,35.58247389955085],[113.12077330034765,35.575336399555226],[113.13170630000582,35.56891240008724],[113.14401230002773,35.54394539986038],[113.1740263000737,35.53359590013076],[113.18076329958672,35.525802399561144],[113.18885030020124,35.51159640005386],[113.19473279987892,35.50495140028693],[113.20538329999931,35.49828739964386],[113.21235629960358,35.4884339003043],[113.21734630039145,35.46805590035956],[113.23615260016243,35.44535059975044]]]}},{"type":"Feature","properties":{"shapeName":"Lin County","shapeISO":"","shapeID":"62558664B72541522078072","shapeGroup":"CHN","shapeType":"ADM3"},"geometry":{"type":"Polygon","coordinates":[[[110.52197109998633,38.20864429989456],[110.50895930033153,38.198667900103544],[110.50213779961985,38.187716399592205],[110.50146840004669,38.1711446003431],[110.50367740029185,38.15415570002557],[110.50727839997825,38.142150900044044],[110.51629590033559,38.12423190018211],[110.51218240039753,38.11363299956332],[110.496641399581,38.097391100418974],[110.49408560007043,38.09124499955715],[110.4988708998722,38.075309799807485],[110.5024718995586,38.053298999749074],[110.49684520034577,38.04503480031582],[110.49607090025188,38.02488330002433],[110.49971719968909,38.02000229976636],[110.50140689990855,38.01221030016529],[110.50779579973641,38.00704530030043],[110.51402630017367,38.006487699947456],[110.51801390042124,38.00221209990855],[110.52274170026931,37.99158579964501],[110.5165835997534,37.983207700175285],[110.51105949969622,37.968375599854085],[110.51141890026207,37.963559500070915],[110.51842340041964,37.9523759996527],[110.52892230002419,37.94589080042016],[110.56449990015034,37.933284700228796],[110.58528180001514,37.923610499624886],[110.59016519966428,37.91983709990228],[110.62341759994234,37.86620130014995],[110.65545599999444,37.82331320014413],[110.65855590013473,37.80276880043982],[110.68137259976572,37.78459789957344],[110.71045080036419,37.77888639968762],[110.73691790034087,37.765119100266304],[110.74924870006754,37.75683959976777],[110.75274270021549,37.74723629991536],[110.75145599969471,37.742530699832],[110.74197770021078,37.73556120038916],[110.7161270998858,37.730686999905174],[110.70490630008572,37.72514020006025],[110.69761649990159,37.7192173999631],[110.69929139997816,37.71126979966158],[110.69920360006614,37.70411019972602],[110.71481060032903,37.69217750019152],[110.72876529957898,37.68789839999124],[110.76024000007601,37.683711799559944],[110.77138150035603,37.677966899752676],[110.79147720041254,37.658929799770476],[110.79004470000297,37.65294860039762],[110.782975800293,37.645659599710825],[110.76577180012856,37.645700599802865],[110.76254500025163,37.644444299964505],[110.75754030004487,37.63848890034251],[110.75721409975097,37.6327338004246],[110.76614919972587,37.61643410005371],[110.7670183998793,37.60904079959329],[110.78008659961694,37.611162699598935],[110.78922810029667,37.60738269975184],[110.80733500001031,37.61551059973442],[110.81957039965425,37.61772279976742],[110.82249629986438,37.62104110026661],[110.82508970002971,37.621673199558586],[110.83227139990527,37.61798620040287],[110.83552970033548,37.61261339958878],[110.83912059973596,37.61055909982264],[110.84989310008655,37.61124390028584],[110.85394940044455,37.614193699979296],[110.85454790016553,37.6234111996672],[110.85241999988313,37.63231160020024],[110.85501330022367,37.63657709995323],[110.87835380008784,37.6348394002182],[110.88520299991859,37.63125839965545],[110.89497800013464,37.628730499812775],[110.92669710039092,37.63231160020024],[110.93841529992619,37.630355099908],[110.9406202999869,37.640384399620416],[110.94419880043438,37.642852400118215],[110.95821380012683,37.64146439996216],[110.96568280012121,37.64228440000511],[110.97329779965378,37.645459499656226],[110.97216869992565,37.64896100015011],[110.97442690028129,37.65067450002823],[110.98085000042721,37.65079490036442],[110.97453620028546,37.66037520005551],[110.97522190007066,37.66309719967609],[110.98133519995957,37.66242710043042],[110.98719280010772,37.6646996000066],[110.97279670010766,37.67497760003624],[110.9551342003831,37.679673099833735],[110.95426059984686,37.68249899992895],[110.95864339997297,37.692353299665115],[110.95592710025551,37.69813249961521],[110.95924749977235,37.70252740011949],[110.96946969956701,37.70513970043686],[110.9703503004261,37.70885500035803],[110.96809210007041,37.71153480019092],[110.96948439988523,37.71384219975778],[110.97863230014059,37.71316889982489],[110.98128699989519,37.722546399696625],[110.97881300002001,37.72894410029005],[110.98336050018702,37.73576750036989],[111.00846079972621,37.730364299772646],[111.01353849970207,37.73557379989103],[111.01542040033127,37.735648199904574],[111.01785819979614,37.72710860018179],[111.02890780015491,37.720400200009294],[111.03207469978764,37.71376779974423],[111.04412319962603,37.71196640012931],[111.05305449996524,37.71658230003317],[111.07366930039797,37.720233900074504],[111.08643329995687,37.720149899798116],[111.09264380037115,37.71860489959647],[111.10559080027525,37.71209639982902],[111.1129613002239,37.71037689967426],[111.12021630024213,37.7141608997058],[111.1271973002153,37.72160739956189],[111.14143380022978,37.721355399632046],[111.15204630039653,37.71886439987219],[111.17301929990083,37.72144690025431],[111.1744538004026,37.725646899684705],[111.17291280038552,37.730857899872206],[111.15059680010228,37.73463839974238],[111.14685880039337,37.73813990023626],[111.14341729996846,37.74922939991694],[111.14557629970653,37.75529840010114],[111.13777180042831,37.76296990044062],[111.11733230034542,37.764766899672736],[111.11208330020418,37.76911140037089],[111.11309029987751,37.782707399626815],[111.11782080038967,37.804969900140804],[111.11643979965709,37.83521640011685],[111.12481680015526,37.86315889996331],[111.13260629964105,37.867885400291016],[111.14331030043007,37.8644788996815],[111.16490930002425,37.86709189967149],[111.18337229979187,37.876674400003594],[111.19763880029046,37.888122400028806],[111.20348380003742,37.911578899846404],[111.22006979958167,37.947009899687146],[111.222907800055,37.96389789966838],[111.24015030019626,37.97869490034941],[111.24571230038242,37.986293900043506],[111.2509992995781,38.0055884003844],[111.26490779975524,38.0183903998971],[111.27498679960121,38.023898900314066],[111.28823830005757,38.041946399806534],[111.29756929958359,38.082084399975145],[111.29309079990054,38.08761989983856],[111.27232380000345,38.092880399610806],[111.25987979991288,38.09432239955913],[111.24344160034963,38.09746660030339],[111.23625569974081,38.11174659962592],[111.2276164002767,38.11775880042836],[111.21628860003892,38.13967320035795],[111.21266539968849,38.143411999564194],[111.20566539973845,38.1453037999305],[111.2082212999731,38.156299399597685],[111.21205099995376,38.16204440012899],[111.20881769977706,38.167420899854676],[111.21597669986488,38.16878339973414],[111.21414710020855,38.1834047996918],[111.21799020008774,38.187200699552704],[111.2197488998919,38.191862900152785],[111.23031319999427,38.195238900255106],[111.23281880024751,38.19874940026466],[111.23798690007544,38.200297000406295],[111.23786150040797,38.20491350015794],[111.22688439979527,38.20932920018248],[111.21507459981297,38.21110899988048],[111.20876830001708,38.20967929995976],[111.20307930026956,38.20243840041189],[111.19051129985667,38.196570000305314],[111.18217449995325,38.20224600035266],[111.1616297000507,38.19906469987603],[111.15445699969086,38.193369000179246],[111.14334080003795,38.197387900431295],[111.13455180032537,38.19789889971452],[111.12490030040863,38.19423689991305],[111.09803029965866,38.20629490018956],[111.08344279964552,38.20630239963606],[111.07182329980549,38.20943090001606],[111.05647279968002,38.219497400184935],[111.05209330006579,38.22709639987903],[111.04489880013955,38.23341739999307],[111.03984830015901,38.23455790042681],[111.03613279968903,38.23369190006122],[111.03398879974338,38.231063900278855],[111.03386680041257,38.21337890041599],[111.02942629978395,38.20260640006535],[111.02535229986881,38.19874189991879],[111.00801079965873,38.19263839994227],[110.98282630019366,38.17858140011157],[110.97319030009231,38.174903899595336],[110.96633130034928,38.17687240044097],[110.96288279960157,38.17624640035115],[110.9592668001228,38.17010490042088],[110.95850380001042,38.16478739981869],[110.95140880017607,38.158473900050524],[110.93784329962864,38.15667739994211],[110.9199373003662,38.15053189982734],[110.90290830017796,38.14075090023391],[110.87814330027317,38.13679140020304],[110.86099229985484,38.12860889968101],[110.85299679986247,38.1263809003583],[110.84532180026093,38.127609400353606],[110.82684329977855,38.14025089965935],[110.81636030018774,38.14363840029199],[110.8081513002424,38.144157399944106],[110.78502630042351,38.14140689990853],[110.76953129992961,38.13466690025729],[110.75705730025425,38.13749290017728],[110.7478338002897,38.15448340038864],[110.73349780018339,38.165942900044854],[110.72232030004187,38.17066590021119],[110.71260079968721,38.17178739976873],[110.68916329984648,38.169460400377204],[110.65669229980983,38.16323540019363],[110.64419610036981,38.15919020016764],[110.6326294995518,38.16306760018966],[110.6053883998548,38.16738790013153],[110.60099029956274,38.17179299984713],[110.58934669969051,38.167223299915406],[110.5853263002686,38.167644699743164],[110.58050189974296,38.17923360015055],[110.57369670014265,38.1832746003426],[110.57939459958118,38.193867399960595],[110.56721500017215,38.19652729959523],[110.56184990025275,38.202519799848915],[110.55463750022051,38.19598150014616],[110.55048310001513,38.19503360032047],[110.54766880027495,38.197561299614335],[110.55189770031865,38.20615389998255],[110.5507100996914,38.20835349961436],[110.53409440003657,38.2102252999577],[110.52197109998633,38.20864429989456]]]}},{"type":"Feature","properties":{"shapeName":"Pu County","shapeISO":"","shapeID":"62558664B31248018232238","shapeGroup":"CHN","shapeType":"ADM3"},"geometry":{"type":"Polygon","coordinates":[[[111.12608330010426,36.21223040001303],[111.13607779965082,36.2115593996466],[111.15058130028683,36.203529399861964],[111.16223129973474,36.20339189981638],[111.18871279965606,36.21061690024982],[111.21346279976848,36.19823839958252],[111.22386179998216,36.19964589973853],[111.25390629963607,36.212527900242435],[111.26721930023058,36.221183900116955],[111.28711679960071,36.22509389966382],[111.29736329997638,36.22901090043274],[111.29939280003777,36.240352400043264],[111.29842380031818,36.24604389990611],[111.28974929959054,36.26423639979009],[111.29084030043958,36.27300640042512],[111.29553980042152,36.278960899825734],[111.30449679978756,36.284889399826],[111.31886280037799,36.2990914000481],[111.33920280036898,36.32963540025355],[111.3451612999541,36.33140940022372],[111.34351330039857,36.337177400017026],[111.34471129988663,36.35651389959685],[111.34678630024763,36.36349539959309],[111.35169980020567,36.37060540011919],[111.37155929962205,36.37977590033756],[111.37499229965499,36.38360189960804],[111.37737279971498,36.39036939962813],[111.37802880028897,36.3972854002011],[111.36836229968043,36.417503399962015],[111.36834729988806,36.425765899676605],[111.37139880031447,36.43118290037063],[111.38909129962383,36.44713590040152],[111.39128129989211,36.45251440021946],[111.38748930039094,36.47024540040496],[111.38202680029667,36.48308189970993],[111.36269379997896,36.498729900064916],[111.356658799564,36.507636899823126],[111.35793279985887,36.51389289963765],[111.36621829973478,36.517711400360895],[111.37151330019873,36.52368939994591],[111.38466629971003,36.54356740021541],[111.38572680005183,36.5488968995723],[111.38703129995457,36.56709289961765],[111.38214130018093,36.58408740001357],[111.37818130012698,36.59170889984591],[111.3608932996861,36.60630440022794],[111.35099780020835,36.61296839997175],[111.32076279986336,36.624671900088174],[111.31207330024267,36.62633889962058],[111.29566930009815,36.62397740043673],[111.27884680043957,36.6275634003307],[111.26673130020941,36.633201400424355],[111.25604230011214,36.62283339984157],[111.25335680037608,36.6165084004424],[111.2467727998249,36.60863089959639],[111.23478680017075,36.604396900396694],[111.21476729967122,36.600936900017984],[111.20596330016622,36.58835990008936],[111.2013628002531,36.57299039998702],[111.19390880005113,36.56552490015406],[111.17622380018827,36.565379899762604],[111.1341173000734,36.57119389987861],[111.09027880012661,36.573463400215815],[111.08094030025472,36.572330400127896],[111.07211279966606,36.56822939986694],[111.06504079999297,36.56720340021678],[111.05358130033682,36.56779839977639],[111.04711930001577,36.57024390013595],[111.02513879991574,36.56642540031203],[111.00523380019979,36.56545639969312],[110.99656679981803,36.56664290044955],[110.98194880019702,36.56363690032276],[110.97509779992356,36.55985639955327],[110.968559299672,36.54805740042872],[110.96186829958242,36.542217400013044],[110.94386280022809,36.53123089968631],[110.92048629960311,36.51951990012333],[110.91510030033862,36.50777039968426],[110.90234380022628,36.49933239997034],[110.89766680038258,36.49313039994803],[110.89787279998978,36.48303590028661],[110.8951032999774,36.47440739988167],[110.89045729976465,36.467975400044736],[110.87521380007689,36.45849239980447],[110.8696667996831,36.45637890036602],[110.86144229992226,36.45596690025229],[110.85968029960623,36.45289589982599],[110.86049630036405,36.44581589978401],[110.87029279977293,36.425872900114314],[110.88182830023595,36.412902900048834],[110.88365930013663,36.40748190006968],[110.88072979994035,36.401134399632895],[110.87531280014565,36.39742290024668],[110.87370279964455,36.3925168997352],[110.8744733001028,36.38613140024398],[110.8900527999968,36.36463540000375],[110.91110979977748,36.33101289992544],[110.91885379986303,36.32657240019614],[110.93002329963565,36.32551940020022],[110.93755329974505,36.32749939977754],[110.94444279999527,36.323016899910044],[110.95040879992621,36.31550589977752],[110.9565887998333,36.31282440022596],[110.96238780015693,36.311271399655425],[110.98400879986627,36.31141640004688],[110.99368279992132,36.30752939976202],[110.99936680033761,36.303672899984406],[111.00718680033066,36.29418190027451],[111.01571679979054,36.27555440011554],[111.02207980004277,36.273788399615],[111.0381467999349,36.264011400206016],[111.04799629998934,36.25002289993694],[111.06513229971591,36.25291840036391],[111.07224280026509,36.25280389958033],[111.07967380030573,36.24856940035761],[111.08820329974253,36.24071489967292],[111.09190380042014,36.23285689972619],[111.1184388001106,36.21966940042256],[111.12608330010426,36.21223040001303]]]}},{"type":"Feature","properties":{"shapeName":"Licheng County","shapeISO":"","shapeID":"62558664B16503907188950","shapeGroup":"CHN","shapeType":"ADM3"},"geometry":{"type":"Polygon","coordinates":[[[113.36905679983147,36.886092900167284],[113.33773779985961,36.87442389984318],[113.3296888000981,36.86869039984214],[113.32650729997192,36.86286940030266],[113.32792679978206,36.85648740007349],[113.34512329960069,36.836334399712825],[113.34934229990722,36.82498539975643],[113.34287280013973,36.815860899860695],[113.3370438002313,36.811794400291376],[113.32241079991854,36.806106399690634],[113.31693280000877,36.80067440010356],[113.31543730029125,36.7825164000119],[113.31806930025812,36.77479540008767],[113.31294230034689,36.76776939983796],[113.29862980042503,36.75520340041663],[113.29842379991851,36.74694439996415],[113.3024597998799,36.72664640011135],[113.30227680043402,36.71792589996039],[113.2977372997367,36.71046040012743],[113.27822079994996,36.70622990018978],[113.26534279963062,36.700580399565865],[113.25673630024016,36.694598899819425],[113.23681629983241,36.686679399734544],[113.23326879991521,36.68313990018629],[113.22162629991385,36.65975940027613],[113.2160568002812,36.6468543996109],[113.21865829974081,36.62720890017067],[113.20430729984207,36.622661400003665],[113.19011680015024,36.61466990019579],[113.18492129977824,36.609702899569186],[113.1697082996983,36.586772899749576],[113.16697679963966,36.57155590038457],[113.18073279997884,36.53274890044145],[113.19332130043767,36.512710399965044],[113.2394178001914,36.48242189985086],[113.24082929963254,36.47915240016317],[113.25525680036105,36.47796240014469],[113.26598380041207,36.47875589986495],[113.27439929998775,36.481391900016206],[113.28592680008182,36.481872399691554],[113.29727179985377,36.48675890020314],[113.31252279988735,36.483402400100715],[113.31646730012585,36.462203900089946],[113.31977079958278,36.45563490023051],[113.35221880035738,36.43738540041596],[113.35974130012096,36.4322433998131],[113.36617279993482,36.42374089982275],[113.38223280040347,36.41450840034247],[113.38324730042268,36.40238589978952],[113.39256280013319,36.397826899991514],[113.40200780041971,36.39648840031947],[113.42838279992634,36.39859340026527],[113.43422679962714,36.401508399792874],[113.44406129988909,36.41140790035439],[113.46071629991741,36.4416768995693],[113.46943680006837,36.444206400205246],[113.48835730024928,36.441051400401875],[113.50624080027274,36.43534089966283],[113.51450329998738,36.435336900377706],[113.5218198001437,36.437137399771245],[113.53604130036581,36.444396899997],[113.54625630018813,36.44512939960214],[113.57290629978593,36.44055940019621],[113.57772079967526,36.44137590007779],[113.58408329990448,36.44612889982892],[113.58859280011768,36.45427340039714],[113.58820339996703,36.45759580000623],[113.57565310001064,36.4838447999976],[113.54588320024959,36.50258260020689],[113.54895019959213,36.529788999562754],[113.58167270043486,36.54844669985539],[113.58188630021266,36.56276319996175],[113.56340030028366,36.58591079974366],[113.53337100007161,36.59403230015056],[113.53793340020627,36.623405499963894],[113.48027799963006,36.63498690002547],[113.46888729990906,36.646766700422916],[113.50129700035632,36.69669719981596],[113.50052640007334,36.704639399688574],[113.46027370037109,36.69896699962737],[113.47106929980839,36.726093299965896],[113.49282070031518,36.7403297001556],[113.52980800033902,36.73221970027902],[113.53713230031542,36.74420140027445],[113.51540380014535,36.75424889956713],[113.50720979999232,36.76455690008095],[113.49777980039755,36.78169239978445],[113.4887313004092,36.80687690014889],[113.48355880019858,36.812484899758374],[113.47178629959808,36.820137400120984],[113.46476679964815,36.82130039979364],[113.45509329961612,36.825736900237814],[113.44142929992233,36.839816900229835],[113.42276779999406,36.853241399670935],[113.41123180040734,36.858783899857144],[113.39222729995004,36.86252189956605],[113.38263630012523,36.86763389968479],[113.37062830035586,36.87945940003135],[113.36905679983147,36.886092900167284]]]}},{"type":"Feature","properties":{"shapeName":"Jishan County","shapeISO":"","shapeID":"62558664B74096945117556","shapeGroup":"CHN","shapeType":"ADM3"},"geometry":{"type":"Polygon","coordinates":[[[110.81698520040675,35.723021199868526],[110.82212079963523,35.702758900402955],[110.81639560037672,35.69438630028759],[110.82112130030782,35.68671789991123],[110.81935129962284,35.645721399722845],[110.82122290031668,35.64080150018913],[110.81968279962155,35.6306732004079],[110.82963629997533,35.61951570028941],[110.83029019973299,35.60903479971631],[110.82601840022903,35.60631869964834],[110.81371700023942,35.604812999820126],[110.81716519971428,35.59902049979627],[110.82786280002824,35.59242150035203],[110.83032159956224,35.56355429959132],[110.82739289976257,35.56021890028205],[110.8188866999613,35.56231920037084],[110.81630449995276,35.56061870019289],[110.81581259957187,35.55711759989737],[110.81691929988585,35.55361639977707],[110.82872349978976,35.54421239958265],[110.83646999999058,35.53560769973558],[110.83763969961251,35.528168399851836],[110.83644370021665,35.520640300009916],[110.83174129992113,35.511336899778144],[110.83499929997777,35.49330890028557],[110.8355637999295,35.471343900001045],[110.83882129996306,35.46430189991281],[110.84446730042566,35.463023900332814],[110.87045279995681,35.467574399738794],[110.8805618002869,35.46728489987828],[110.88989279981291,35.464462400119714],[110.9036027998294,35.45461290006534],[110.92362979977548,35.45035939996637],[110.93636329972657,35.445983899637326],[110.94460280017915,35.44199389999852],[110.9594572999145,35.43055739960437],[110.98515279956212,35.42340489981632],[110.98918130007701,35.419120900109476],[110.98966980012125,35.4101983996365],[110.98507679965462,35.39021339982861],[111.00140379984555,35.3879508998142],[111.0252838003072,35.42265340023431],[111.02868629983294,35.433460400377214],[111.02960980015223,35.45453640013483],[111.02970129987517,35.47135140034692],[111.03238679961117,35.48643489985079],[111.03896329981649,35.497367900408335],[111.0608518001705,35.52373889973052],[111.07427230032647,35.544681899650016],[111.08940829955344,35.59192290002187],[111.08701379974713,35.60361090032285],[111.07354730016783,35.62957389971575],[111.0692062996311,35.64333340021631],[111.06854979993341,35.65958389957734],[111.05889880003963,35.675449400069795],[111.05322279999228,35.69585390033728],[111.05068179972534,35.72035189962054],[111.0509567998165,35.74108139958696],[111.0445632999564,35.7382393998285],[111.01952430000648,35.73763289973857],[111.00328080006892,35.733947899775785],[110.99680329993242,35.73430640012032],[110.99331680013029,35.73837289968964],[110.99024979988843,35.76144039955483],[110.97693630017017,35.77679439984172],[110.97496830024693,35.78843289965863],[110.97791280023563,35.795120899609856],[110.97769930028255,35.80380990010684],[110.97270980041702,35.81220240042052],[110.96614830000408,35.815757899807295],[110.95964829972934,35.8165738996658],[110.95294179982426,35.81417839981333],[110.94827280034951,35.809528900338535],[110.94154380030619,35.79660789983478],[110.94597629966654,35.775852399568635],[110.94242080027976,35.736659899834535],[110.94860080018685,35.72531490006264],[110.94818129972725,35.71936089978573],[110.94331380009186,35.71173089956142],[110.9349822998933,35.70656190041143],[110.9201812999271,35.7022054000592],[110.90695179958595,35.690780400195365],[110.89996330016623,35.68929289994742],[110.89315830021542,35.69124239991686],[110.8779217999512,35.7042693999129],[110.84755679990644,35.72528090029334],[110.83908080023878,35.726970399964046],[110.83210729971216,35.72433489983581],[110.81698520040675,35.723021199868526]]]}},{"type":"Feature","properties":{"shapeName":"Jinyuan District","shapeISO":"","shapeID":"62558664B11696421499882","shapeGroup":"CHN","shapeType":"ADM3"},"geometry":{"type":"Polygon","coordinates":[[[112.53446160002284,37.81368089985369],[112.52822839982082,37.81384590026812],[112.52765319973548,37.811910300220234],[112.52494119967673,37.81219210008538],[112.52297650026537,37.80356919975884],[112.51730229976135,37.80326210016585],[112.51888050023501,37.79936139960898],[112.51235120004787,37.799644800267345],[112.51199400012308,37.802678500412526],[112.51443069971708,37.80251169955534],[112.51482159993691,37.80406930015812],[112.51241940013529,37.80452380043312],[112.51164419982001,37.80723159975855],[112.505988599994,37.8080372996817],[112.5080411002167,37.81152330036008],[112.50678159969118,37.8153961003498],[112.49548129982225,37.816754199846514],[112.49518140020155,37.82143030036809],[112.48564430034423,37.822277799880624],[112.48520160007388,37.823968299597425],[112.48076339991098,37.82487120004589],[112.4805580999764,37.82366320009663],[112.47560140018459,37.822059500245814],[112.47771820013486,37.819096600128034],[112.47554929976047,37.81673750033542],[112.4810434002328,37.81426349956092],[112.4816276996587,37.806798399926265],[112.47821580041887,37.799441000401885],[112.47336600034066,37.79665229986381],[112.46964770028126,37.79930860041162],[112.47107199977302,37.805787499893256],[112.46581190019913,37.808679799633126],[112.44840720013224,37.8088263000937],[112.43428710026956,37.818619300240584],[112.42499469964571,37.82003550043805],[112.4117664997242,37.813786000023924],[112.40967849966307,37.80308460007427],[112.40768820015035,37.80128759994284],[112.39518069982944,37.79708770033716],[112.37922209972021,37.7959430998942],[112.34899649998852,37.785573699966335],[112.32381919959641,37.781356299553636],[112.32432790021244,37.77637260031531],[112.32755060008014,37.77529209995049],[112.33249620043932,37.77024069974857],[112.33341729956874,37.754101100285595],[112.33887280023964,37.75031579983437],[112.34028040022031,37.747241200321184],[112.33556019964351,37.73804500017667],[112.32641070039358,37.733999300127664],[112.31901389977168,37.72770950019333],[112.32007959999362,37.71907799965004],[112.32375520024232,37.716890500396346],[112.32422339989,37.712624600445],[112.32007959999362,37.697871799643906],[112.32383489996073,37.694490499836775],[112.33458270043138,37.676249500414144],[112.33807900014585,37.67276480015545],[112.34906370002977,37.67001370027208],[112.34999230040444,37.66261710019904],[112.36086959965235,37.653288199690735],[112.36229409969303,37.64805940012127],[112.35970419968908,37.6428302003535],[112.36332999997956,37.63626760006974],[112.36106039981769,37.628642400426486],[112.36942689983164,37.611133500410745],[112.37589190029098,37.607017799831624],[112.38255449979044,37.606094699710695],[112.39021210020837,37.61588850025413],[112.39295869988416,37.62268699990517],[112.39862349977477,37.62459049955197],[112.40662960007603,37.637590799575776],[112.41510299980371,37.643622500378115],[112.42454440010408,37.64634099983732],[112.430037499631,37.6452535998738],[112.43621729988854,37.64851569993965],[112.4410239001329,37.65422400003763],[112.44325550034114,37.653952199734306],[112.44634540002028,37.66006770026422],[112.4502936000697,37.66074720012324],[112.45286850028117,37.66292150002727],[112.45304019974549,37.666182799696514],[112.45836169963275,37.66876449968197],[112.4703780001447,37.68194370004176],[112.47569950003196,37.68370980036707],[112.48840239965114,37.67759620010463],[112.4921790000609,37.67759620010463],[112.4995603997927,37.67841139956647],[112.50951679956074,37.68248710009965],[112.51157670030454,37.691724699635245],[112.51621150036055,37.69742960029589],[112.53131769965216,37.705714600148724],[112.53492259969823,37.71046790027344],[112.53475100005869,37.71454190018858],[112.53972919994271,37.71915880013859],[112.54281909962185,37.725133199737456],[112.54281909962185,37.72907059982839],[112.54007249994595,37.74128879993822],[112.53973089966132,37.75404100039191],[112.53183449956259,37.76625509959325],[112.52825430029577,37.77705000025736],[112.534924400141,37.7935259003001],[112.53446160002284,37.81368089985369]]]}},{"type":"Feature","properties":{"shapeName":"Jingle County","shapeISO":"","shapeID":"62558664B68093976260518","shapeGroup":"CHN","shapeType":"ADM3"},"geometry":{"type":"Polygon","coordinates":[[[112.21147280042942,38.13010740043626],[112.20633089965133,38.14070260034481],[112.2166045001976,38.14338540031605],[112.22264080013292,38.137882400152705],[112.23397829955888,38.143585399646554],[112.24582680006688,38.152934900025684],[112.25404380038117,38.165603399677195],[112.25636280030301,38.17786789958393],[112.24994680030466,38.201057399679314],[112.23551180012953,38.22748940001583],[112.22656230021005,38.2388913997184],[112.21598029965116,38.24697490017155],[112.21305080035427,38.25323089998608],[112.21410380035013,38.25660339992703],[112.21753680038307,38.25814840012862],[112.24629980029556,38.26048289986596],[112.25535340033923,38.2622354995687],[112.26042180042577,38.26501840037895],[112.26143630044498,38.268161899652],[112.25791179978978,38.27424240036652],[112.24243179998768,38.28713989978661],[112.2454833004141,38.30049489961999],[112.25229629983448,38.3052099003167],[112.2655562997835,38.30981839969945],[112.26242079997996,38.3187599001493],[112.27046180027196,38.33098990026372],[112.31078329990942,38.3508143998647],[112.31278230036298,38.36648989968916],[112.32968129995209,38.38247290020422],[112.33228280031108,38.38807290034413],[112.33239730019534,38.39611039957532],[112.33032229983428,38.401538899900345],[112.32402029969717,38.40933989991652],[112.32373830018241,38.414146400336165],[112.33249680028712,38.43947240003126],[112.3318708001973,38.445182899870986],[112.32923880023054,38.45013439978277],[112.32314279970046,38.454273399997476],[112.30139929973791,38.46082690004147],[112.29680630017072,38.46432889965905],[112.29367829981379,38.472701899972776],[112.29779029968267,38.48730439977828],[112.30644230027201,38.49450289988897],[112.30931829979977,38.50034340032772],[112.311599799791,38.54630640022026],[112.3163377997497,38.560474399773796],[112.30371080021337,38.57079690005696],[112.29559329999086,38.584266399774606],[112.2885282997413,38.58974439968438],[112.25940680038354,38.60106640019427],[112.23523730006139,38.617843399553294],[112.22746280036802,38.625354899708896],[112.22319030029223,38.63299939970261],[112.220687800002,38.640476400065836],[112.22136679983805,38.6487578997573],[112.2186278003328,38.660129399851996],[112.2167432997635,38.662349899728156],[112.20532230008416,38.66170140039935],[112.19986730033565,38.6644783998583],[112.19457229987177,38.679424400215964],[112.1910017997933,38.680209400443516],[112.17717729989249,38.67579290002237],[112.12827230012658,38.65009690035174],[112.10739879981486,38.62200539992932],[112.08898180036988,38.60203189975243],[112.08133680035314,38.5976104],[112.05845630011822,38.593062899833],[112.05290979974757,38.58803189985235],[112.04611979958918,38.57928090009352],[112.04006179991222,38.56367489987679],[112.03576679969808,38.557315899809],[112.02867880018653,38.55360040023834],[112.01952379978354,38.55461890044194],[112.0107877998172,38.553825399822415],[112.00437179981873,38.54393739979122],[112.00480630007075,38.51848589970456],[112.00193779998949,38.51745639989298],[111.97879780037823,38.517471399685405],[111.97167980038256,38.51879889974947],[111.96382130041275,38.52262089973476],[111.95703130025436,38.528091400198036],[111.95646680030268,38.53219989990549],[111.94542680020675,38.549201899747914],[111.92064679961015,38.55625540036647],[111.91483230037045,38.56015390028233],[111.90534229980733,38.57102189964098],[111.89958180035984,38.57400489960651],[111.86953729980661,38.58060840015759],[111.86174780032081,38.57868939979602],[111.85459879979481,38.57588189982988],[111.83656329995637,38.57377990002243],[111.79698929971647,38.56024540000527],[111.79039779971873,38.5535543999157],[111.78658280005624,38.54490640041013],[111.7799832996896,38.538211900159126],[111.77229330029564,38.53491590014875],[111.76239779991857,38.53651440011953],[111.74722279979244,38.52854539955058],[111.73330680016875,38.523467900123535],[111.72299929967801,38.51670839957302],[111.71875780013244,38.51359940009229],[111.716819799794,38.505683400168834],[111.72216029965819,38.499473899800705],[111.75274680002485,38.477786899745695],[111.77983830019747,38.45430389960535],[111.79107679955473,38.44182939990691],[111.793853799913,38.436290899905146],[111.78363029969864,38.39306989965621],[111.78385930036649,38.38820640020526],[111.78729230039943,38.3810003997487],[111.79155730012934,38.377872400291096],[111.81456730004095,38.367873899660765],[111.81775679963664,38.3611448996175],[111.81947329965311,38.34554289958521],[111.81607030010434,38.32251739985816],[111.79646279971848,38.31400690039817],[111.77198030025073,38.30636190038143],[111.7683333002417,38.30320739970176],[111.76981330014377,38.253013399848555],[111.77258280015616,38.247470899662346],[111.78366829965239,38.23846789997367],[111.79371629986741,38.23485539975695],[111.79637129999554,38.22840489996622],[111.79836280010318,38.23008740021339],[111.80333730017634,38.230129400351586],[111.81725379982305,38.2268869001104],[111.85458380000244,38.21497740038677],[111.88181280022059,38.202060900090544],[111.89858979957967,38.20064140028046],[111.91587830004357,38.18786640021426],[111.95571879998272,38.17317189976342],[111.97245780028732,38.17359140022302],[112.00605780022738,38.18387240039101],[112.02787780012045,38.1829258999104],[112.04459380026378,38.1789514000871],[112.06304180023892,38.176902900048844],[112.09686279957862,38.16752240003876],[112.10825329965007,38.160999399602645],[112.11749280035247,38.14749890025411],[112.12576280041299,38.14378339978413],[112.13569629984443,38.14591990028322],[112.15377780000551,38.15381640020678],[112.15901180035439,38.15359489988475],[112.16118260009694,38.15081040007993],[112.17555779985264,38.14168070030411],[112.179971999808,38.141852799966784],[112.18930059994284,38.137436699743944],[112.19866000005902,38.13868059972992],[112.20541100021751,38.13085360031346],[112.21147280042942,38.13010740043626]]]}},{"type":"Feature","properties":{"shapeName":"Jiexiu City","shapeISO":"","shapeID":"62558664B52306992399662","shapeGroup":"CHN","shapeType":"ADM3"},"geometry":{"type":"Polygon","coordinates":[[[111.7295296997359,36.994661099929885],[111.73478649969724,36.99209510030869],[111.73666469961626,36.98590690038321],[111.75016390034381,36.981593599864766],[111.75662000021288,36.980749700338436],[111.76061109972255,36.9826250997686],[111.76730199998735,36.97746760024961],[111.7745797996181,36.977373899885606],[111.7784534998292,36.97409160014729],[111.78350099967145,36.974279199625414],[111.78537919959047,36.97137199991789],[111.77774920026542,36.96067999968227],[111.78094539981043,36.95214609986266],[111.78619230003466,36.94497079956278],[111.79510470022177,36.94552629999879],[111.79907850037256,36.94777349984719],[111.80135069957521,36.96159470013538],[111.80528299961082,36.964322200009576],[111.80845789961245,36.97165029962167],[111.81381159972563,36.9758776995962],[111.81877100018158,36.98707500011119],[111.83070710005268,36.99386219978072],[111.83577030025918,36.98739139959349],[111.83974020005024,36.9863740999848],[111.83527959957394,36.97924770032114],[111.8308189999969,36.97830999970677],[111.83199279962804,36.968931999812014],[111.81908050006507,36.96161630005224],[111.82706269998368,36.95411240006729],[111.8331666001585,36.95505040015587],[111.83293189958755,36.94792110017869],[111.84044449961402,36.94792110017869],[111.85124379976162,36.945294300091916],[111.85288720018423,36.94942210014983],[111.85570440023793,36.950360200063244],[111.85875639978809,36.94491910023635],[111.86767759984144,36.94679539988783],[111.87730310035784,36.941916899745195],[111.87683360029047,36.93891470015336],[111.88786769993447,36.93722590015523],[111.8871634003707,36.926529100237815],[111.8817637997596,36.92258779978721],[111.88505049988072,36.91808319997972],[111.87706839978688,36.916393899958564],[111.87894649988112,36.9130152999162],[111.88434620031694,36.9130152999162],[111.8864590999076,36.910199599931616],[111.89068499981295,36.91095039984111],[111.89373700026243,36.90869779956387],[111.90078000039676,36.910387300133834],[111.90711879989277,36.9094487001974],[111.9097011995508,36.906445200185885],[111.91533570038234,36.90419240025909],[111.91674430040922,36.885604800321346],[111.91275320000022,36.87922020015219],[111.91909200039555,36.879971300435216],[111.92519589967111,36.8782812000174],[111.93270849969758,36.878656800071326],[111.93576050014701,36.87565210036422],[111.93669960010652,36.87170810014874],[111.94843800021363,36.87039349996013],[111.96651519981668,36.86569800016264],[111.9712105997894,36.85705750010362],[111.97707980029259,36.853864100148144],[111.98130560037322,36.84804039994458],[111.98740960037281,36.847288900362514],[111.99304410030504,36.84052519997806],[112.00197000021535,36.83826350036031],[112.00994989966819,36.84347370015121],[112.02345139996225,36.86552250016331],[112.0167793998495,36.8752105997894],[112.0175499003077,36.87828449963001],[112.0215658004214,36.881475500194256],[112.02829929977293,36.88174860001794],[112.03431270027102,36.88518489966344],[112.04479979987093,36.88000890019066],[112.06429330039555,36.87740820022833],[112.07957179989876,36.880860499712355],[112.0832228999169,36.886324300226306],[112.08556020014316,36.89474299958982],[112.07811210039313,36.89504140004061],[112.06179829955192,36.90783289996841],[112.06780230033598,36.918159400436025],[112.09162129978324,36.92830289965917],[112.09300979996237,36.93002690002146],[112.08898929981638,36.934306900443175],[112.07076280016315,36.94629290009732],[112.05618279959663,36.96187990033718],[112.05354330018326,36.967883900221864],[112.05477879960199,36.974929899595224],[112.06681829992465,36.976646399611695],[112.09419229963498,36.976787399818704],[112.1158372995518,36.981345899593634],[112.119209300369,36.9849738996258],[112.12055979969512,36.99270640008035],[112.12658679974106,36.99471640014178],[112.14806380000448,36.993743900260824],[112.15760030001388,36.99821090031287],[112.16539429970726,36.99863320036195],[112.16958679969116,37.00607660025497],[112.15802789976783,37.02224169999454],[112.14675899972815,37.02692749970441],[112.14276790021847,37.032175300150016],[112.15168910027182,37.03236269997865],[112.14910669971448,37.0370479996655],[112.1512196002044,37.04004629979693],[112.1617841997811,37.0411706996681],[112.16061030032517,37.05559859969566],[112.16577520036526,37.06234320027852],[112.16014080025775,37.06833780044917],[112.16037559975416,37.073020799670246],[112.14981100017758,37.07377010040983],[112.14652420023174,37.07545590026962],[112.15168910027182,37.080138400366934],[112.15262820023133,37.085944400114045],[112.15685400031191,37.088191799611934],[112.15544540028509,37.091188099651106],[112.15873220023093,37.09474619987725],[112.1563845002446,37.10073829993263],[112.15873220023093,37.10616819960279],[112.1556801997815,37.11141049979477],[112.1512196002044,37.11328270033641],[112.14769809968766,37.11215940033611],[112.14581989976864,37.10860220033135],[112.14323750011056,37.10991280033551],[112.14135930019165,37.113657099795375],[112.13642919964786,37.11309550015727],[112.13337720009781,37.114593199616536],[112.13502059962104,37.11946060032648],[112.13877689963431,37.12264289994994],[112.13549009968835,37.12713529955448],[112.13689869971529,37.131814699688675],[112.13384670016512,37.13499650018838],[112.13337720009781,37.140423999567986],[112.12891659962145,37.14435400003714],[112.11529999959532,37.14585109964861],[112.1075526000725,37.1514648998853],[112.09886620041493,37.15240049968338],[112.09933569958298,37.16343970028197],[112.09088410032098,37.16212999959987],[112.08689299991204,37.16343970028197],[112.08548439988522,37.16100740017146],[112.07656319983187,37.16025910037723],[112.07327639988603,37.15502009979781],[112.06952009987276,37.15464589998834],[112.06905059980545,37.158200900251416],[112.06224659990073,37.15861040024981],[112.0596211002337,37.16232270003263],[112.05669520002357,37.16349689986208],[112.0524412997263,37.16267000022037],[112.0512377999845,37.16099980000081],[112.05505589961012,37.15595580031999],[112.05316760030462,37.15512889977896],[112.04144339959328,37.1548476997616],[112.04188059961007,37.15957210017234],[112.03119869966031,37.16163019957412],[112.02896839987181,37.15807530003514],[112.0241555997012,37.15816889967505],[112.01934290025474,37.15180710001772],[112.01265199998988,37.15180710001772],[112.01429529968834,37.155829999554896],[112.00326120004445,37.15489449958153],[111.99903539996382,37.158636600198975],[111.99293139996422,37.16003989962172],[111.98330590034709,37.15966569981225],[111.98365800021662,37.16284629971699],[111.97461939996538,37.16322050042578],[111.9733282001364,37.16518490036293],[111.95994639960674,37.16509139964842],[111.96393750001567,37.16920720005231],[111.96182449970098,37.17294860009787],[111.96299840005616,37.18089859979062],[111.95912469984506,37.1831430998742],[111.95302069984547,37.179402199851666],[111.94328259971229,37.178642699900706],[111.94017749969191,37.16911039972524],[111.93231279979591,37.16111250034169],[111.93119390017841,37.14833560000801],[111.92253220040078,37.13093340005639],[111.92242500031358,37.121804399953135],[111.9182372001867,37.111071699999],[111.91363570022742,37.1100177997817],[111.90741730016833,37.102432399635575],[111.90620940004385,37.0930552999622],[111.88894660040535,37.09121419977555],[111.88559570038132,37.08822880041885],[111.887890100248,37.081335100334684],[111.8954613999237,37.07688679988598],[111.88909889969455,37.07485529973235],[111.88442730027975,37.06990939989896],[111.88395780021239,37.062837599875365],[111.87976990026073,37.06306060026657],[111.8761985997856,37.065398699990055],[111.87280750006613,37.06345809971157],[111.86726380018428,37.06295390020239],[111.86681969966946,37.0531890002722],[111.85811599975364,37.053828699734765],[111.85317240038603,37.04326100019506],[111.84985540030652,37.04309890009421],[111.84678430005545,37.04084629981696],[111.84155510028774,37.041641400330434],[111.8365951998087,37.04007430018885],[111.83081359956805,37.045771800328396],[111.82520340021682,37.04422520023286],[111.81980819998847,37.048995100043896],[111.81760679991396,37.04800899971559],[111.8210832003295,37.04081819960027],[111.8193786999671,37.0366589997131],[111.8121354999534,37.0303769995989],[111.80486559996751,37.03003490019057],[111.79780860008691,37.022922100074936],[111.78452440028093,37.031319900093365],[111.77723109993536,37.03081769977706],[111.77846229969543,37.02550310038782],[111.7744969001119,37.02029000028335],[111.76067660004514,37.01723179990768],[111.7587989001492,37.01994320011863],[111.75524680019976,37.0172123997325],[111.743630699797,37.014539100199386],[111.743841099787,37.010853299839994],[111.73657069977804,37.00709330001581],[111.73358130023689,36.997493899623805],[111.7295296997359,36.994661099929885]]]}},{"type":"Feature","properties":{"shapeName":"Jiaokou County","shapeISO":"","shapeID":"62558664B96514171349485","shapeGroup":"CHN","shapeType":"ADM3"},"geometry":{"type":"Polygon","coordinates":[[[111.09647379982607,37.0607299001648],[111.09795379972815,37.05230690024331],[111.09488680038561,37.02759540010766],[111.09519980043052,37.0117644003069],[111.08982079969019,36.99520890037053],[111.08718130027682,36.976482400142686],[111.09108729963924,36.96243239973552],[111.08899680036211,36.95567690026877],[111.07520280006923,36.94445790001214],[111.06958029979108,36.931327899762834],[111.05632780018789,36.92712790033238],[111.07418830005008,36.922260399797665],[111.07964329979853,36.91514589996336],[111.07848380028719,36.90093989955676],[111.07407380016582,36.88837440015851],[111.07594280002024,36.86608890038252],[111.0786588002635,36.86011139992121],[111.0883177996268,36.8521994001822],[111.0984723002565,36.84839640017378],[111.15252680007183,36.83971790016102],[111.16300979966258,36.83380890016065],[111.17196629990485,36.82732789986272],[111.20021030016528,36.800391899666465],[111.21130380003041,36.78105139990225],[111.23420730042665,36.76444989964318],[111.23928830001512,36.76380939978401],[111.26286329990143,36.75960139998466],[111.27716830037684,36.74322490020904],[111.285942300297,36.73997889980643],[111.29318229962348,36.74054339975817],[111.31507880034644,36.745918400314],[111.32610329972755,36.75147640031565],[111.34985329959017,36.76015090014397],[111.3551103001003,36.763183399694185],[111.36260230025601,36.77479540008767],[111.36911780034626,36.78095239983344],[111.3884887997184,36.7957459003531],[111.4081423004269,36.803592399769514],[111.40235879991872,36.81237039987411],[111.4022977998037,36.82321539997076],[111.4070962998544,36.833892900437036],[111.41647329970306,36.84442889977396],[111.44254280040997,36.85520190014762],[111.46334830028388,36.860641400080624],[111.4897538002977,36.87161239969254],[111.51715829961591,36.876956899741174],[111.52867129994058,36.88384239980695],[111.53372930026705,36.88965239973851],[111.55573279962908,36.906509400088794],[111.5599213003278,36.914466900127366],[111.57681429964026,36.922551100253145],[111.56058390012697,36.93119759968954],[111.54647830003358,36.92620089985172],[111.53115830041531,36.94569789963839],[111.53136539989333,36.9575499003077],[111.52350069999738,36.959519699774376],[111.52303110010524,36.964021800365856],[111.51680969990781,36.96786719981145],[111.50906240020964,36.9761200003378],[111.49873260012947,36.97574490030695],[111.49544580018357,36.97855810017626],[111.49779350016996,36.98230899976056],[111.49579799987788,36.98484070013825],[111.49814560003949,36.988122499853546],[111.49428870006352,36.991919200111056],[111.48889979958614,36.99446890041946],[111.48116279982344,37.00262090043424],[111.4648438000014,37.02692039955684],[111.45852680007181,37.03099839965648],[111.43769830003657,37.03741839983934],[111.43538679956123,37.041679400284124],[111.44687629970156,37.045860399737705],[111.45549030033715,37.04601689976016],[111.48632030024174,37.05289090019494],[111.48744179979929,37.061660899930644],[111.47942329964565,37.073931900137154],[111.44983680042805,37.10682689994155],[111.45540630006076,37.1594084001776],[111.4525603001178,37.16732039991655],[111.44927979992286,37.16900989958725],[111.43241880028745,37.16734290005485],[111.4140623000352,37.158256400112805],[111.40352629979895,37.15663890016515],[111.39086929977844,37.15675740023386],[111.35711629997735,37.19058990010387],[111.35411830021945,37.20468890007271],[111.35344679983001,37.20603490009063],[111.34996780037375,37.20633689962824],[111.31897730026225,37.19276439965739],[111.31424729977311,37.186347899635905],[111.31316380016932,37.18148040000051],[111.31894679975505,37.17692190022558],[111.33196330016625,37.17200490010612],[111.33833279981894,37.16747289975456],[111.35048680002586,37.14185340001444],[111.35067729981762,37.13520390003998],[111.34815230028846,37.130268399966724],[111.34326179959243,37.12614440044376],[111.31786330015126,37.119479899777616],[111.29900380008536,37.1057619002915],[111.27951029956074,37.076632899688605],[111.2704697999414,37.07047639996591],[111.26628130014194,37.06477389959582],[111.24378180038985,37.04996089997559],[111.23339079964575,37.05062490001916],[111.22969830023641,37.05803289989848],[111.22251129975672,37.06206140041337],[111.21111280021563,37.06474690014937],[111.1936262996141,37.06806190013663],[111.1606828002711,37.07065189996524],[111.13304880026197,37.07509239969454],[111.11212929962755,37.07042690038122],[111.10430929963451,37.067302900208745],[111.09647379982607,37.0607299001648]]]}},{"type":"Feature","properties":{"shapeName":"Jiaocheng County","shapeISO":"","shapeID":"62558664B74179680678586","shapeGroup":"CHN","shapeType":"ADM3"},"geometry":{"type":"Polygon","coordinates":[[[111.7106932996561,37.870979399979376],[111.70065329980997,37.874355900104774],[111.68769879956,37.87335940001634],[111.67339329996088,37.86647039978919],[111.65509030037714,37.86245739998907],[111.62499180003158,37.86172090019943],[111.57756730019082,37.853172399886375],[111.56799330025069,37.85367939988447],[111.56130230016106,37.857974900121576],[111.55860880005616,37.86188489966844],[111.55850979998735,37.86558540034599],[111.54846930011814,37.87794440011402],[111.54701979982394,37.882446399981404],[111.54830179958844,37.88557040015388],[111.56043229961102,37.89149840013113],[111.56627630021114,37.89609139969838],[111.55609129997356,37.89331790040086],[111.54480730031673,37.892600899711795],[111.48947880020654,37.89869290005737],[111.47660079988708,37.89583589960711],[111.46476730007089,37.890498899904344],[111.44695279963207,37.887878399568535],[111.42429279967303,37.879535399738984],[111.41903630008522,37.875629900399645],[111.41779330032062,37.86868640035715],[111.41903630008522,37.83430839961301],[111.405906799859,37.81467439980378],[111.42598729957427,37.78503389989464],[111.44645680014128,37.774455900419525],[111.45144630000681,37.769397900093054],[111.45114879977734,37.748725900080274],[111.44899730038514,37.73807139977532],[111.4453732996381,37.731941400375376],[111.44570180039784,37.72713489995573],[111.45130129961535,37.7175104003847],[111.45427680013427,37.699737400061],[111.4630738002158,37.69415639989796],[111.48055279957208,37.69285590017972],[111.48916630018465,37.68956440037681],[111.50257129962586,37.688541399965686],[111.50937629957662,37.686542900434574],[111.51280979963263,37.67865740011899],[111.50842279967253,37.666759400026365],[111.50961279969101,37.65785989971465],[111.51368729962923,37.65321739966333],[111.52333080007645,37.64789589977602],[111.53309629985444,37.64464940024965],[111.54038230040288,37.63991539957607],[111.54351029986049,37.6111299004246],[111.55001829960491,37.604755399642045],[111.55882459957564,37.582120800134874],[111.58461440033437,37.58062030018675],[111.59554659959593,37.57850250019027],[111.60887600022727,37.57313089997109],[111.61800169981865,37.57285930021658],[111.64514209972816,37.58014729995796],[111.66958700033985,37.581417700266684],[111.67761049982477,37.58038430009543],[111.68672090014951,37.57559309984174],[111.69757630000629,37.57339040024681],[111.71010850020718,37.557565399823375],[111.7206404004342,37.552080899613884],[111.76659099957504,37.552985700329884],[111.77277530004011,37.5516187002429],[111.78012930012716,37.54625279992683],[111.80020130034978,37.55307390044021],[111.82310410017413,37.55588870020341],[111.85433230009562,37.56537369963661],[111.86042850027513,37.559989400090785],[111.87244450041345,37.54335370041298],[111.87271300020484,37.53964489989227],[111.86780529997469,37.52395059974043],[111.85931490036245,37.518794899764885],[111.86050889966606,37.51058720023917],[111.86579010003317,37.50637739999706],[111.88690879960149,37.49974730019778],[111.90284660019051,37.49642310014599],[111.90388959972529,37.49953680038311],[111.89803820040271,37.50916840010166],[111.89818210002397,37.51203349984621],[111.90847779961081,37.51277780035525],[111.92310879983131,37.511157800292324],[111.92576410033303,37.51249470007042],[111.92798679995093,37.5208305997524],[111.93461629990236,37.52683509966016],[111.94505959982075,37.5284934998752],[111.96213239969057,37.528419099861594],[111.97332169983662,37.525022999911585],[111.97873609969133,37.51882169956184],[111.97826709964698,37.506320999914294],[111.98126889993983,37.50475820033074],[111.98680349958192,37.50475820033074],[111.99603549993844,37.51385390033727],[111.9986874001035,37.52645539959707],[112.00288190017966,37.530006500399736],[112.01825729983454,37.53068140022651],[112.02830129986512,37.52757459958815],[112.03579239979945,37.523032599674764],[112.0506799999821,37.52515809966661],[112.05244629995684,37.53249209973069],[112.05723819988305,37.53325900020275],[112.06267729961769,37.53157580028301],[112.06307529998514,37.52505289967161],[112.07335360038837,37.510664700215784],[112.07919429957735,37.50827529956547],[112.08125010031199,37.500744699608276],[112.08589330003588,37.50053419979355],[112.0882811997177,37.50590160017873],[112.09530469985202,37.50345640019276],[112.10534359982728,37.496973100328375],[112.10524370043652,37.492230000314294],[112.09850300021333,37.4800041002091],[112.10122249971869,37.47537180026842],[112.11478869993857,37.46575139980729],[112.1241414001056,37.466383199625],[112.12898360001316,37.47185839994523],[112.12725899980308,37.478859700314956],[112.13077450004323,37.482807500166075],[112.14452359988434,37.48912469974516],[112.14994430038917,37.48849199970607],[112.16161860041814,37.47712260042772],[112.16380749991629,37.472332199671314],[112.16804910018584,37.47161950043966],[112.17475219975427,37.47338509984252],[112.17375719973506,37.48038619966343],[112.1693793998395,37.48912359987429],[112.17760439962342,37.49733369969056],[112.18602850031505,37.49591279963607],[112.17970979976747,37.47423089963638],[112.18397230028154,37.47570130017493],[112.19375549961671,37.47509210032024],[112.20343030006836,37.47996140039834],[112.23590830042781,37.48767840013812],[112.25888080040863,37.499267400370286],[112.2782667995732,37.517570399954025],[112.27311680040009,37.52387590025262],[112.27229330019566,37.52833890012022],[112.27394880009706,37.533962400444466],[112.29048129987211,37.55258540039597],[112.2908932999859,37.559707399676824],[112.2849733003776,37.563003399687204],[112.26737980023768,37.55971540004572],[112.26123029993846,37.55725840005516],[112.24046330004137,37.554015899813976],[112.23214729965821,37.55682789998764],[112.22248880031793,37.570842899680144],[112.20764180002914,37.599857400398776],[112.17774179984428,37.62718939997086],[112.17198180041976,37.638083899652315],[112.16771679979058,37.65346540030805],[112.1672973002303,37.65881339961874],[112.17103649963485,37.662641899903804],[112.17120090020148,37.669395500002395],[112.16766730020584,37.66958740003855],[112.17038660006165,37.67532709996573],[112.15891359978286,37.676654500205075],[112.15220370044051,37.68485830027038],[112.14309940021724,37.68506360020501],[112.13798370028758,37.687946600055625],[112.12682329985546,37.68774790024543],[112.10398879994318,37.70774439968437],[112.08892829970137,37.71667090034185],[112.04839330011077,37.71580139981478],[112.04118330036908,37.71411490028248],[112.03099079978563,37.71407740035181],[112.019172799785,37.71694190024857],[112.00750729962226,37.72533389963979],[111.99355330004482,37.727458899608564],[111.97881330019374,37.72388090008354],[111.97074130027084,37.71580139981478],[111.96344730025277,37.71134939955522],[111.94995879965893,37.7148169002798],[111.9446027999793,37.722430899766266],[111.94178779966728,37.73605740042876],[111.91813679987348,37.74615490022853],[111.91017929983491,37.76691439977975],[111.89787279978992,37.785735899891904],[111.89090729963226,37.78586889972996],[111.87960029981406,37.77967440005358],[111.87246680000288,37.78074239984193],[111.85404979965858,37.79315540030154],[111.84700779957035,37.79490289994891],[111.82489080037021,37.79054240031155],[111.81388079985908,37.79309090002505],[111.81117229996175,37.79677940014926],[111.80094929977042,37.80087290006435],[111.79705830020043,37.80443189961255],[111.78785680035111,37.81836339995101],[111.77813729999644,37.82633189959756],[111.76315329968509,37.83613190006719],[111.75340279969953,37.83948490000819],[111.73153680038308,37.85470190027252],[111.72427379999596,37.856921900125656],[111.71864330024817,37.860626400088336],[111.7106932996561,37.870979399979376]]]}},{"type":"Feature","properties":{"shapeName":"Jiancaoping District","shapeISO":"","shapeID":"62558664B93151339910195","shapeGroup":"CHN","shapeType":"ADM3"},"geometry":{"type":"Polygon","coordinates":[[[112.35585770037267,37.97506940043252],[112.3520810999629,37.971956999715815],[112.3520810999629,37.969656499747714],[112.3572310002105,37.9651905995666],[112.3559143999297,37.96327689980916],[112.35888500004273,37.957838800120555],[112.35796990029075,37.95414069973356],[112.35648280024111,37.95215629977349],[112.35030559992356,37.95116410024309],[112.34836100035989,37.9486384001421],[112.34412850033004,37.94773639991496],[112.35087760022111,37.9400683997369],[112.35922820022131,37.93627929965004],[112.3622024003206,37.933031300054495],[112.3654053996396,37.93393349993113],[112.3684938999736,37.93194859994799],[112.37592940022171,37.93564780020586],[112.37467110029115,37.931768099718056],[112.38027630031104,37.92861019960111],[112.3848519996202,37.92933199997185],[112.38496629985491,37.92815899983805],[112.38279290017226,37.92779810010228],[112.38256410005329,37.92500090007155],[112.38599590039053,37.92202309998612],[112.38828370013266,37.922925500411566],[112.38942760000384,37.92202309998612],[112.39137230029144,37.922654799979114],[112.39240180010302,37.92554230003719],[112.39606229983531,37.92500090007155],[112.39377450009317,37.92851989957376],[112.3990364999346,37.93131699977977],[112.3990364999346,37.93465530030193],[112.40406980038108,37.93564780020586],[112.40578559982566,37.93736189993177],[112.4017818999148,37.938534800240916],[112.40201070003388,37.940158699764254],[112.40681520036128,37.93979780002849],[112.41196280014321,37.93348239999284],[112.4129922999548,37.92788830030486],[112.4156232998755,37.92951250020178],[112.41859749997468,37.92906130043872],[112.42099979960108,37.9259934998002],[112.42843520002452,37.92806879963547],[112.42706250003437,37.925181400301426],[112.43541310003457,37.92094030005484],[112.43575630021314,37.91381100007766],[112.44753859982654,37.915074499888306],[112.45794830017394,37.90884720013821],[112.468789899934,37.90614330027313],[112.47282780016292,37.895940999777395],[112.47700309971333,37.895986099878655],[112.4773462998919,37.893007100097634],[112.47957699987876,37.89413559997803],[112.47946259981916,37.89891979990887],[112.48300870039122,37.898739299678994],[112.48443859996144,37.896708300447756],[112.48912870022934,37.89905520003748],[112.49856599962129,37.898739299678994],[112.49879479974027,37.89476749962046],[112.50096820032229,37.89386469989603],[112.50108260038178,37.88686829993213],[112.5217302998135,37.88655229974887],[112.5217302998135,37.883527799668286],[112.53010799998424,37.880968800369885],[112.52960590039208,37.8916843997153],[112.53697059971341,37.89631969979439],[112.5381144995846,37.90029149985287],[112.5402879001665,37.90146490018503],[112.54875290022619,37.90092329967058],[112.55538760005777,37.9042630004372],[112.55493009964448,37.910129600101016],[112.56053529966437,37.9132884004394],[112.55881940039512,37.91617629979646],[112.56190799965452,37.91752989998497],[112.56230829958838,37.92150050034786],[112.55876219991569,37.92307969996824],[112.55847620021655,37.94626679977307],[112.55933410038847,37.94883769980004],[112.57128810036556,37.94789049964692],[112.57757960001857,37.95091229996274],[112.57763679959874,37.952445799634006],[112.56797070008781,37.958759499950986],[112.56865710044485,37.96110450017261],[112.57203159957874,37.96169069986598],[112.57500579967802,37.96741749991776],[112.57878070036907,37.968905500188725],[112.58066820017734,37.96674110002181],[112.58329920009805,37.96692150042696],[112.58467190008821,37.963088599759146],[112.58901880017754,37.96304349965783],[112.59296529960898,37.968229100292774],[112.59559630042895,37.969266200275],[112.60755030040605,37.96845459989993],[112.61241189958957,37.965929499646734],[112.6140133996987,37.9694916998821],[112.61086759995987,37.972647900280435],[112.6135558003599,37.9723772996727],[112.61510009998972,37.9759392004338],[112.61876070044605,37.974721899695965],[112.62059089995012,37.97801310002461],[112.62876990031066,37.977742600140914],[112.63031419994047,37.97575889985342],[112.63294519986118,37.97589410033254],[112.63300240034062,37.97814840032845],[112.63985720024971,37.975469800191206],[112.6397428001901,37.97781419966566],[112.63064870007747,37.98236760028459],[112.6288756003288,37.98538810018073],[112.6227555995913,37.98547819965921],[112.61629250029875,37.994583800302166],[112.61600649970023,37.99994740015245],[112.61818000010703,38.00161500043197],[112.61835159974657,38.00472480030936],[112.61263199966709,38.00909629955464],[112.612803600206,38.01189029979753],[112.6097721996274,38.010583399604286],[112.60862829975633,38.01148470015886],[112.60965779956791,38.01378289966112],[112.6070267996472,38.01567550042404],[112.60736990000089,38.02126290016275],[112.61022970004069,38.025903699596086],[112.60754149964055,38.0259487996974],[112.60519650031824,38.03027390022038],[112.60193629962055,38.02923769956021],[112.60084960022891,38.034733999774346],[112.60313749979582,38.03671610016795],[112.5982186003082,38.03928390023185],[112.59850460000735,38.050364500221576],[112.59507279966999,38.05004930043492],[112.59158389957736,38.04545500044799],[112.58632189973594,38.04387849969305],[112.5777997000962,38.04378840021457],[112.57511149969605,38.04144609975776],[112.57242330019517,38.044013600347455],[112.5590393997486,38.04946369969002],[112.5427386004061,38.045590100203015],[112.53741940008535,38.047797200180696],[112.53370169987363,38.045184800038555],[112.53107060012815,38.0452298003151],[112.52449309987674,38.04761700032435],[112.52083260014444,38.04554509992647],[112.51808720016425,38.040049600109],[112.5153989997641,38.04027490006666],[112.51328269983674,38.04306769971464],[112.49303540016365,38.053337100426916],[112.49171989975366,38.0520309997309],[112.4847419997435,38.051580600364446],[112.48468480016345,38.0499140999558],[112.47724929991534,38.04959880034443],[112.47559060022604,38.054913399733664],[112.47816450039147,38.05509359959001],[112.47959439996168,38.05883160019823],[112.47427509981605,38.0632448001075],[112.47450389993514,38.0670724999959],[112.47210170013341,38.06576659984876],[112.46758320040442,38.0674327000591],[112.46226400008356,38.07189050004661],[112.46014779998109,38.077158400339954],[112.44790780030485,38.06153359979584],[112.43847050001364,38.054688199600776],[112.43681180032434,38.05387760017118],[112.4353247002748,38.054913399733664],[112.4340091998647,38.06063289998838],[112.4231420000034,38.05437299981412],[112.4285183999043,38.04797740003704],[112.42205529971238,38.0371215999819],[112.42359960024146,38.034238399582534],[112.422988599944,38.02389519960383],[112.42722109997385,38.01821790003612],[112.42390380042013,38.01470310036785],[112.41542419986695,38.012136900197845],[112.41748409971149,38.01795229965893],[112.41405090002911,38.020792300224514],[112.40872940014174,38.01687039994903],[112.39825809983154,38.01822280044195],[112.39928799984136,38.015382700051646],[112.40380090039127,38.01364500031656],[112.40237790041988,38.009161299854156],[112.3960264996233,38.00659139987323],[112.39757140000017,38.00469779996354],[112.40289289988743,38.003615699704824],[112.40186290005283,37.99942240022364],[112.40066129967931,37.998610700023846],[112.39379490031445,38.003615699704824],[112.38950330043701,37.999692900107334],[112.38692840022554,37.9991517996159],[112.380748599968,38.0011809003783],[112.37233720040149,37.998746000327685],[112.37353879987575,37.99617579997323],[112.37783039975318,37.99414660028543],[112.3715973002752,37.99211390043621],[112.37733800024853,37.988946599705855],[112.37786140028345,37.982335300233956],[112.37480600039669,37.9802554003665],[112.37070300004348,37.98223899992996],[112.36220920009453,37.971821700311295],[112.35911930041539,37.974934000303904],[112.35585770037267,37.97506940043252]]]}},{"type":"Feature","properties":{"shapeName":"Huguan County","shapeISO":"","shapeID":"62558664B23046798753153","shapeGroup":"CHN","shapeType":"ADM3"},"geometry":{"type":"Polygon","coordinates":[[[113.16956330020616,36.13531089977823],[113.17165380038261,36.13025290035114],[113.17212679971215,36.1124113995665],[113.16831180004965,36.082973900025536],[113.16018680038064,36.072448900296536],[113.15332030029174,36.07034689958982],[113.15055829972584,36.06322490030897],[113.15133679965368,36.053211399886266],[113.148139799712,36.043128899878866],[113.13152329966056,36.03089539960308],[113.12474830019391,36.01792540043692],[113.13263679974852,36.00397890030604],[113.14602680029668,36.000011399906214],[113.14511130034634,35.998828900233605],[113.14792629975898,35.99356090011548],[113.16625230040336,35.984149899598265],[113.17047129981074,35.977737399761224],[113.17041029969562,35.95485690042568],[113.17714680008487,35.942489400265686],[113.18562329977556,35.941787900291445],[113.18984230008209,35.93949139960847],[113.19235229981882,35.93056089966586],[113.19143679986848,35.910202399721015],[113.1948087997863,35.90424740029732],[113.19535829994561,35.899440899877675],[113.19338279967656,35.89784239990689],[113.1975937996142,35.888912399987305],[113.20604680001986,35.88820639980554],[113.22325879965399,35.892288400089626],[113.23313129986968,35.892265399928306],[113.24241629997232,35.88492190032548],[113.25701130033133,35.86704239958715],[113.27024830011896,35.86334589999336],[113.2789992998778,35.86584089993761],[113.29200729989702,35.87426740002053],[113.31517780001548,35.885639400138245],[113.32421180023448,35.887442899670134],[113.3318328000438,35.88673390024934],[113.3439332995822,35.883033899594864],[113.35433179977281,35.87613639987501],[113.3607482997943,35.862842400156694],[113.35816180012705,35.85278340033369],[113.35926030042253,35.846374899781836],[113.37020129955044,35.836268899590095],[113.3862532996501,35.832095899606145],[113.39553829975284,35.83137489963195],[113.41105630040795,35.833602899853986],[113.41728980008429,35.839072900294184],[113.4209823003929,35.84477989997248],[113.42488700023489,35.85761869974323],[113.43487140039485,35.85858599974415],[113.43858329997943,35.86484539989533],[113.4428423003319,35.861944900137075],[113.44871049988967,35.86453449976739],[113.4554978002833,35.864547899665865],[113.47070330001736,35.8615113999312],[113.48390980019724,35.85458739988866],[113.49826030007284,35.850864399972124],[113.5089723003315,35.85081490038738],[113.51998129989715,35.85351189975444],[113.52813730009643,35.85026990043559],[113.54215229978888,35.83922189997077],[113.55956279958355,35.82975390042219],[113.57027190042788,35.82644820032425],[113.58689580010116,35.823952800181644],[113.59001940007533,35.823597700173764],[113.59333180012254,35.826819599644864],[113.61000969958798,35.83448160044554],[113.6350479000406,35.82276149974348],[113.64977559986414,35.82719650011842],[113.65067290023421,35.83686449989682],[113.64384900013135,35.84114600038765],[113.64996680022773,35.8521488998519],[113.63065739991919,35.85695249995797],[113.62070300024334,35.86782760036351],[113.62702489967944,35.880501299895116],[113.63906940023264,35.8894851997822],[113.63543689999301,35.903888300104995],[113.64824680004983,35.9174193997855],[113.64161680007533,35.967338600096355],[113.63374330031309,35.96989820014187],[113.62296279959355,35.965560900315324],[113.616928300101,35.953922399599094],[113.61042779980323,35.952586900065455],[113.59866329957163,35.96294390014094],[113.5887982997018,35.965968900244604],[113.5709762998165,35.96216990042063],[113.56308730023875,35.96289839984132],[113.54991129966686,35.97508639981754],[113.5408708000474,35.974674399703815],[113.51423630026511,35.96198640005235],[113.50379930009763,35.9620358996371],[113.5027237999634,35.9698178996764],[113.50617229981185,35.97826739992064],[113.50623329992686,35.987647899930664],[113.49919880018456,35.99179839977637],[113.48905179990072,35.994586899765636],[113.49031080040322,36.00000389956034],[113.4566802999559,36.02128239966305],[113.44859330024065,36.02518439974028],[113.44087979976302,36.02680589987244],[113.41995980000479,36.019347900385355],[113.41290280012424,36.01892089957988],[113.40663129959489,36.01989340036022],[113.39910879983131,36.023811400275974],[113.38944230012214,36.0313339000395],[113.3852232998155,36.037635900176724],[113.39132679979207,36.05362690016136],[113.38764179982923,36.060401899628005],[113.37783830009755,36.07113239984045],[113.37464879960248,36.09282290005683],[113.35478229986336,36.10670489991128],[113.34652729959521,36.120689399995854],[113.34201029993551,36.13339589960111],[113.33470929959458,36.13823289962869],[113.32348630005276,36.14204039984463],[113.290314300065,36.14842240007374],[113.28045579959553,36.15341189993927],[113.27452080019486,36.15943139963946],[113.27493280030853,36.16311240031706],[113.28617829998859,36.17811190044392],[113.28830730014181,36.187576399831016],[113.28563680019818,36.190249899913],[113.27359829992167,36.193111899694486],[113.26737980003782,36.19912339992504],[113.26468729997896,36.20844289982],[113.26051329994891,36.21313839961749],[113.25299080018533,36.21635739967428],[113.24326330036104,36.21813589985197],[113.19953930029851,36.219489900238784],[113.19740279979942,36.20907190004817],[113.19303129965476,36.20464690013438],[113.19029230014962,36.19775389972273],[113.18878179974035,36.16092290007185],[113.18676780039368,36.15510939997887],[113.16956330020616,36.13531089977823]]]}},{"type":"Feature","properties":{"shapeName":"Huairen County","shapeISO":"","shapeID":"62558664B95056707866217","shapeGroup":"CHN","shapeType":"ADM3"},"geometry":{"type":"Polygon","coordinates":[[[112.93239269986327,39.89451379957222],[112.93098209974414,39.88888999977371],[112.93456849983647,39.88421619971791],[112.9424612001244,39.882476599715346],[112.95461280004076,39.866229899989946],[112.95546729987609,39.860984900033145],[112.95200330021214,39.85308840010964],[112.94718180000018,39.848129399851985],[112.92896279979345,39.84276189964203],[112.9039002996592,39.82572189984586],[112.89074680012482,39.82623690021285],[112.87519080041511,39.82162839993077],[112.87040730015678,39.81621190015909],[112.87165830029039,39.803642399677074],[112.86797330032766,39.80009089957542],[112.84705279964703,39.79531489966297],[112.82462330042506,39.79690540016412],[112.81674180029393,39.79367839973838],[112.81079879962499,39.78776140026844],[112.81059980034058,39.78019340020529],[112.81411729977367,39.77571839978435],[112.82633980044147,39.76418340024378],[112.82685830007051,39.75434489979733],[112.82272330004037,39.74802389968329],[112.81140130042968,39.73689640004886],[112.79357180019849,39.72487240044097],[112.76801279965105,39.71305839972541],[112.76434330040308,39.70376940033759],[112.76905780017739,39.698879399664634],[112.775101300085,39.6972388995556],[112.77942629988388,39.69416790002862],[112.78571330022874,39.68795040019086],[112.79213679967359,39.67325189955557],[112.80062079971015,39.6648098996572],[112.81256880030992,39.65830990028172],[112.82917780001549,39.653560399792696],[112.86122879956952,39.62636940042756],[112.87848680042555,39.6145284002655],[112.89792630025863,39.612148400228534],[112.94303879960103,39.613761899991744],[112.94901279990086,39.613258400155075],[112.9529798002776,39.61108389970224],[112.9731058002925,39.61283889969553],[112.9809567999165,39.61628740044324],[112.99344630030657,39.62789539975296],[112.99920629973099,39.6436538998077],[113.00200630025063,39.646945899633636],[113.02055380031766,39.65093990035615],[113.02781679980558,39.6543649000202],[113.03238680011077,39.66412739965983],[113.03875729980962,39.667526399923474],[113.04715729956979,39.666168400251536],[113.06289679964766,39.66663340011138],[113.06640629961112,39.66788540029103],[113.07758329972955,39.68265140044184],[113.0885163002871,39.69030389990513],[113.12198629962813,39.693340399639794],[113.13841229988782,39.698398399966266],[113.15473930007875,39.717891899591564],[113.16529829957688,39.7273599000394],[113.17797829975882,39.72978590039901],[113.2069098002471,39.722354900358425],[113.23139179969189,39.70814889995182],[113.24170679962913,39.70385339971466],[113.26132979983049,39.69156639966968],[113.26634980020322,39.68597389987565],[113.290527299995,39.68412389999804],[113.32230430040318,39.68568039983063],[113.34203330009677,39.69676190004168],[113.37605279959712,39.69446940044253],[113.38723730006143,39.69041439960489],[113.40512080008489,39.70303739985616],[113.41735829964591,39.71573640001492],[113.40216829972735,39.72931290017027],[113.37748730009889,39.76188290027568],[113.37252030037166,39.7663343996129],[113.35244730010288,39.77541740029284],[113.34568030010587,39.78027340029723],[113.34066029973314,39.78586940025269],[113.33760830018298,39.794036900082915],[113.34538329989948,39.799972400406034],[113.35040280024907,39.807674400353335],[113.35485829977074,39.8274993999774],[113.36329630038404,39.83849689991206],[113.3753587999687,39.84225789978228],[113.39401230042733,39.84527589956315],[113.4113463002916,39.85077589958814],[113.42446880019509,39.85089489967993],[113.4231263003386,39.85406890035949],[113.40778379968265,39.863975400344486],[113.38343380002993,39.88459839989628],[113.3897852997518,39.89144759972697],[113.38334800021005,39.89045979968006],[113.37957139980028,39.893225699706306],[113.37416410009325,39.90494650008094],[113.36437939978953,39.90632909980815],[113.35064650033576,39.90461729964869],[113.3451533000848,39.906065799896794],[113.33940270037442,39.91324200041805],[113.31863159956868,39.93180450027751],[113.2969165001964,39.93417390000553],[113.28919169973722,39.94200519998003],[113.27889199996594,39.947795899561186],[113.23563339996144,39.95713889964054],[113.22850939968907,39.95713889964054],[113.20318940027062,39.944242599916095],[113.1964087000016,39.93792509996342],[113.17417860026228,39.92476190034148],[113.16126229961549,39.91220889972101],[113.14380630042047,39.90621190015912],[113.11551679986053,39.90376289963814],[113.06999979985096,39.90821089971331],[113.05280280000932,39.911418900162175],[112.99573660016404,39.9125177997567],[112.97719720029068,39.91192530031242],[112.96724079962326,39.90869929993278],[112.95539620037437,39.90837010039985],[112.94200660002468,39.915546100372296],[112.93762920032736,39.91640189972793],[112.93265100044334,39.91199110010922],[112.9325651997242,39.905275699613924],[112.93514009993578,39.89796690035223],[112.93239269986327,39.89451379957222]]]}},{"type":"Feature","properties":{"shapeName":"Hongdong County","shapeISO":"","shapeID":"62558664B64446900590241","shapeGroup":"CHN","shapeType":"ADM3"},"geometry":{"type":"Polygon","coordinates":[[[111.81363680029818,36.11177439986869],[111.82936880003018,36.11426539962855],[111.83807380036563,36.12013240038999],[111.87339030032217,36.14959340011535],[111.8831712999156,36.165595899731045],[111.89356639976961,36.1708028997341],[111.8865128002256,36.17560239983095],[111.88580329988247,36.18245340010441],[111.89137740044674,36.18756619972038],[111.88679129957887,36.19716059988184],[111.87622080044963,36.19949740008502],[111.85771929980592,36.213649899823054],[111.85591880041238,36.219768399592],[111.86440280044894,36.24605829985069],[111.86880139986476,36.247925299612916],[111.87116980044601,36.26022359963946],[111.86697440014854,36.26250869961683],[111.87189539955313,36.26846210004595],[111.87960179988323,36.27274099969742],[111.88499090001011,36.269927399629864],[111.887439799807,36.27049639978907],[111.88839079959581,36.278652399988346],[111.88689069984599,36.28522359958953],[111.88991660017103,36.2897263000288],[111.8836972000658,36.30684689976465],[111.88810730001194,36.327106399640684],[111.8859633000663,36.33871840003417],[111.87153580023704,36.355335400108686],[111.86954790011555,36.36046659985374],[111.86488880037791,36.36255919994716],[111.86250280006425,36.376991399633425],[111.86366939972311,36.38572290029168],[111.86067979963309,36.39229190015112],[111.86182199978555,36.40459309959192],[111.86939259978868,36.40776610022539],[111.88095080003944,36.41859439991168],[111.88411730037319,36.4223973999201],[111.8846433003481,36.42792490031394],[111.87931830029936,36.43550890021561],[111.8674927999528,36.44236739993562],[111.86264659986074,36.442142799650526],[111.85389600030021,36.43896080040065],[111.84267819973917,36.4384417000245],[111.82872029980206,36.44282540037199],[111.81353780022937,36.4575689003845],[111.80432880003417,36.45902239996383],[111.77416979959662,36.45385740009897],[111.7508393001936,36.45333490028548],[111.7418668001128,36.45547840020805],[111.69019330038054,36.47462439999612],[111.68595079988955,36.47834789993567],[111.68652330021018,36.48273089971133],[111.69062779973325,36.485202900393574],[111.6945188002025,36.491103900024996],[111.69238279972649,36.497669399723065],[111.68641679979555,36.50154490037693],[111.66977679955971,36.507488400169564],[111.67144780017588,36.499526899946545],[111.67014330027314,36.484782899910954],[111.64421079958879,36.480224400136024],[111.62512980010024,36.47137090014695],[111.60797130023536,36.45938090030836],[111.59570280014418,36.45540240030061],[111.57610330012727,36.47566240019967],[111.57250230044087,36.48262040001151],[111.5540313003043,36.50292590021019],[111.52081279997083,36.496642900049835],[111.5123212995884,36.49144739967778],[111.47255679955674,36.48509189977142],[111.46454679979502,36.48542039963178],[111.45612279982743,36.48780039966874],[111.43589779974371,36.49584189998376],[111.42279029963271,36.50397890020611],[111.39621729998845,36.529403399947],[111.38572680005183,36.5488968995723],[111.38466629971003,36.54356740021541],[111.37151330019873,36.52368939994591],[111.36621829973478,36.517711400360895],[111.35793279985887,36.51389289963765],[111.356658799564,36.507636899823126],[111.36269379997896,36.498729900064916],[111.38202680029667,36.48308189970993],[111.38748930039094,36.47024540040496],[111.39128129989211,36.45251440021946],[111.38909129962383,36.44713590040152],[111.37139880031447,36.43118290037063],[111.36834729988806,36.425765899676605],[111.36836229968043,36.417503399962015],[111.37802880028897,36.3972854002011],[111.37737279971498,36.39036939962813],[111.37499229965499,36.38360189960804],[111.37155929962205,36.37977590033756],[111.35169980020567,36.37060540011919],[111.34678630024763,36.36349539959309],[111.34471129988663,36.35651389959685],[111.34351330039857,36.337177400017026],[111.3451612999541,36.33140940022372],[111.35717780011544,36.32472240031859],[111.36911030000039,36.32090389959535],[111.42105080035424,36.31843940015824],[111.43183130017445,36.31479590031063],[111.4575802995912,36.30011739969831],[111.47709630025412,36.28492739977975],[111.49214930015012,36.26425539976691],[111.49952680042156,36.23933790002411],[111.50846879999517,36.2289464001563],[111.52719880038438,36.22082889993385],[111.54602829996611,36.228088400159606],[111.5534972999605,36.22681039968023],[111.58458730016383,36.21211239996734],[111.58692930024705,36.20693589957216],[111.58641029969561,36.20186290035264],[111.5810927999928,36.18808740001356],[111.55650330008729,36.17783040005298],[111.55365730014432,36.17357639993094],[111.55761730019833,36.165256400262706],[111.56593379970514,36.15988539989132],[111.58770730015186,36.15258040026532],[111.63181279982092,36.15519340025526],[111.63990029955926,36.14865890018814],[111.63495629999329,36.12894040007944],[111.63519280010769,36.1211469004092],[111.63781169965029,36.114695399672996],[111.63390339982209,36.110062400059746],[111.63742300007146,36.10795609969432],[111.64146390043874,36.107534900415374],[111.64354960003408,36.10890400041933],[111.6511601002585,36.10631990014332],[111.66348379983754,36.09848419978607],[111.67669900005887,36.09444130022587],[111.69611670032555,36.09552300028628],[111.70359779979867,36.098624899619494],[111.72419730006538,36.1001928999824],[111.73235330026466,36.10581590028363],[111.74230180038785,36.10968389969224],[111.75013730019629,36.1157528998765],[111.75978830009007,36.11570340029175],[111.78015879968893,36.11197290002934],[111.79286930037796,36.11732490042385],[111.80883029987848,36.1161613998288],[111.81204229961247,36.1146889002726],[111.81363680029818,36.11177439986869]]]}},{"type":"Feature","properties":{"shapeName":"Heshun County","shapeISO":"","shapeID":"62558664B53798312473315","shapeGroup":"CHN","shapeType":"ADM3"},"geometry":{"type":"Polygon","coordinates":[[[113.06266030043253,37.39868990001895],[113.06958030029068,37.392707900249434],[113.07472980034004,37.38139740026986],[113.07153330042149,37.37602239971403],[113.07103730003143,37.3620149003674],[113.07946780029886,37.354472899704604],[113.08680729971718,37.35148639957771],[113.10764330009829,37.349818900022285],[113.11559279976791,37.34615690022082],[113.12406930035797,37.33746739970081],[113.13362879962949,37.32398989961422],[113.13538379962267,37.311198899709495],[113.12709030027725,37.30360790038435],[113.11952230021404,37.29925540021662],[113.11351780030634,37.292194400151516],[113.13516230020002,37.260272900274174],[113.13764180032888,37.250255399667026],[113.13411729967368,37.22698190019457],[113.11750029959921,37.21341340040817],[113.11739330006083,37.20973589989194],[113.12204729974314,37.202308400012726],[113.14333330019167,37.19606389982914],[113.15780630032054,37.19397339965275],[113.18572229984431,37.19342040023133],[113.19654079961822,37.195804399553424],[113.20475779993262,37.19856640011932],[113.22013829964283,37.208190899690294],[113.23676280006327,37.21578590009926],[113.24648280044096,37.223632900438076],[113.26418280009625,37.22666539998829],[113.28774280019013,37.233531900077196],[113.31310279965453,37.25237290018924],[113.32137279971505,37.26040640013531],[113.32646930001829,37.26880639989548],[113.33258030034062,37.273792399599586],[113.33824930006517,37.27578739986865],[113.35038730043368,37.2747533998496],[113.36174029967515,37.25855590023468],[113.36927780013048,37.25073990042614],[113.38565129976769,37.23812090035932],[113.40033729982656,37.2309609002254],[113.4194793003295,37.22758490012308],[113.45073680016321,37.229583899677266],[113.46372980039007,37.22191240023716],[113.47757729955276,37.22090889982593],[113.48750280041395,37.224384400020085],[113.49387380013582,37.22341140011605],[113.51348879996817,37.20811089959841],[113.5257033002672,37.20476540000328],[113.53276829961737,37.200824899949225],[113.54379279989791,37.19836439979724],[113.56716130015388,37.20356390035374],[113.58103929982394,37.1805344004423],[113.57712089970983,37.17450600015184],[113.57870880027099,37.168495999990455],[113.59088259995212,37.162590799625775],[113.59970079975221,37.140156099624335],[113.60745969980542,37.13649950025177],[113.61296599958132,37.12223499984543],[113.62560560041823,37.123025000303585],[113.6451032998774,37.11659990006541],[113.66522229956956,37.123302399785985],[113.70523080006149,37.09908690004045],[113.71482079984014,37.08854689961976],[113.71447270015506,37.08000159999392],[113.71807750037635,37.074295800011214],[113.72897379960125,37.07170089977677],[113.73236829965731,37.07292939977202],[113.73619079966568,37.062934900225514],[113.74043230011057,37.064872899664635],[113.7517088003209,37.075168399602035],[113.75761120019683,37.09422680002683],[113.76277190040298,37.09792090022944],[113.76708980005424,37.106445299610925],[113.76832950020628,37.11760200023218],[113.76330119999045,37.13701430006995],[113.76701980042355,37.14388159965614],[113.76565559992605,37.15125390004749],[113.77875570041533,37.15515609977422],[113.79556330010632,37.1563915002676],[113.7976780999644,37.16517439987871],[113.81051350029782,37.1706574998438],[113.82204659957097,37.170613899811656],[113.82758339985412,37.177194599850964],[113.82465069986995,37.18711549978053],[113.82680969960802,37.190393900058496],[113.8315270996959,37.19357290006934],[113.83572130029779,37.19400910003998],[113.84204009977088,37.20478809979102],[113.84799679981256,37.20622830019596],[113.84894459981354,37.21118109962811],[113.85152059989582,37.21189019977294],[113.8612598997247,37.22404460017822],[113.86646059997679,37.24217409985488],[113.86913319983739,37.24611569977975],[113.87432489967443,37.245371699644295],[113.877601899708,37.25654320040843],[113.8764110003674,37.26444190007368],[113.88098690022537,37.273582200158444],[113.88501210022832,37.27486689968771],[113.88884950020429,37.28223719998687],[113.88845249988299,37.28750129974526],[113.89387780042023,37.2890805002649],[113.89374550025468,37.29981780025133],[113.88858480004853,37.312237599585615],[113.90377580001325,37.32294199967362],[113.92145409992679,37.34935409981193],[113.9193273004147,37.35715440015548],[113.9136381001183,37.36077620026151],[113.91998380011239,37.360271099631575],[113.90836730041065,37.365945099586725],[113.90479459969106,37.37330650019487],[113.89618999966876,37.374494400296385],[113.89652430015644,37.3811403002847],[113.89043739986619,37.38282259998306],[113.88501880017759,37.38172979959063],[113.87678210021386,37.37586369994983],[113.87184130043568,37.363387899831764],[113.8607788002015,37.35097490027147],[113.85500189981792,37.332809800032294],[113.8501954002976,37.32853980007178],[113.83791329975907,37.33071140021099],[113.82010629966601,37.336707899749854],[113.80419150013768,37.33879789990323],[113.79833230009558,37.34146090040031],[113.79298889991787,37.346871399895235],[113.78138730018384,37.347469399593194],[113.77427679963466,37.35280240001083],[113.76239080009543,37.37727740003203],[113.7544097998724,37.382587400288344],[113.7444533002797,37.38669940015723],[113.74202029959724,37.38985039977621],[113.74391929993578,37.400443899966035],[113.73387129972082,37.4141843995904],[113.73693029959372,37.42457939961963],[113.73336779988415,37.42724590027814],[113.72466280044796,37.428863400225794],[113.71498880039292,37.42518589970956],[113.70668030035563,37.42383190022207],[113.70346080027582,37.42512889977894],[113.68392979982048,37.45238889962809],[113.67870329981747,37.45340339964724],[113.6700667999429,37.45272839999569],[113.66190330029713,37.44770440033784],[113.63574980021315,37.45231639988202],[113.60518630000774,37.44465640007286],[113.59435280044147,37.45584039961483],[113.59262830005605,37.46267690011888],[113.59551980029858,37.476737900134026],[113.5951078001849,37.486820400141426],[113.58323680043804,37.49476639964968],[113.56516279972345,37.4993439003008],[113.53595730008942,37.500182900320624],[113.51933279966909,37.490573899665776],[113.51400729959721,37.47965239963861],[113.51230630029556,37.47180940038356],[113.51587680037414,37.462272400351026],[113.51003279977397,37.45730189956305],[113.47676079967118,37.459396399923946],[113.46296680027763,37.45810689981363],[113.44180280005924,37.46051390019636],[113.42030329965758,37.457176400070864],[113.39325729978464,37.45529190040094],[113.37925729988456,37.45192339974517],[113.36862879987927,37.45093890021013],[113.36248779997209,37.45283490041038],[113.35710880013107,37.45703890002528],[113.35305030003133,37.46403489979082],[113.34880080011692,37.48203639986002],[113.34838880000314,37.49142840040042],[113.33460230005619,37.51604089956794],[113.33273330020165,37.525619399715595],[113.33319830006155,37.53480889991084],[113.3477777997058,37.56457140005011],[113.34839630034901,37.58339690034671],[113.32826229996522,37.580997400309855],[113.32206730026576,37.57715590032461],[113.31468179962542,37.56800089992163],[113.3096387999907,37.564418900212104],[113.28515629962362,37.57519539984787],[113.27414680003483,37.5757978997533],[113.26094830022396,37.57381440001461],[113.25303629958557,37.56969089961535],[113.24418629975798,37.567371399670435],[113.2225263000488,37.57339839971644],[113.21215830036533,37.57263539960405],[113.19879129997855,37.56169889978446],[113.18733929976895,37.559299399747545],[113.17579629985937,37.55873089961136],[113.16517630024612,37.563464900285],[113.15249270007814,37.565839999916136],[113.14939170006699,37.56826970008666],[113.14129050005658,37.567321099689025],[113.13194740015251,37.559407199682596],[113.12560780025979,37.559385900139205],[113.12381030010533,37.54282179998614],[113.13154700039377,37.53777530018999],[113.12305240004832,37.53208700011504],[113.11795560027076,37.53552999970975],[113.11115990020926,37.53478150026609],[113.10757329956823,37.53298519980717],[113.10851710028396,37.52984149998531],[113.10266520003904,37.52864389979618],[113.10096629975499,37.52520059982788],[113.0953031995831,37.52310460029713],[113.09568069990439,37.51996060010168],[113.0915907999755,37.52058910030678],[113.08852269986278,37.51767240016119],[113.07925779960783,37.52145780043719],[113.06981929962103,37.51996060010168],[113.07180540019908,37.51661499978246],[113.06958779973718,37.513461800421794],[113.07186199993146,37.51104950033425],[113.0712727002749,37.50531670000578],[113.06443829968782,37.50039159969265],[113.06478459982952,37.49059499955962],[113.06804180038887,37.48272650002798],[113.07405550036117,37.47568159962617],[113.06868659990675,37.472334000114074],[113.06377860020234,37.473981999669604],[113.06075829995564,37.47338269955202],[113.06607109980143,37.46450949991356],[113.06491120009184,37.46079729995546],[113.06981929962103,37.46004809993991],[113.07060699961335,37.45674580017857],[113.0739186999881,37.45359419981253],[113.07246199972155,37.441915000277106],[113.07737010015012,37.440266399974405],[113.08001280025064,37.43307170039873],[113.08377359957205,37.43225469959475],[113.08644079990302,37.426246400051355],[113.08624269994073,37.42143190016213],[113.08226279968846,37.41733790022397],[113.06840849985247,37.40897259990561],[113.06266030043253,37.39868990001895]]]}},{"type":"Feature","properties":{"shapeName":"Hequ County","shapeISO":"","shapeID":"62558664B55929200468895","shapeGroup":"CHN","shapeType":"ADM3"},"geometry":{"type":"Polygon","coordinates":[[[111.15770860017182,39.10722220014446],[111.16248329966459,39.108398400066164],[111.17194379976661,39.10770789969985],[111.18094630033158,39.10581989986855],[111.18708029991598,39.10288640038709],[111.19512180023094,39.09016790022844],[111.20085130004753,39.076659899634706],[111.21663680044804,39.062915899848974],[111.22991180018948,39.05915439995567],[111.2381667995582,39.055167899578976],[111.26080330023217,39.032546899619774],[111.26300830029288,39.026679899757596],[111.26155079962979,39.0224799003272],[111.2573698001762,39.01908090006356],[111.2589263000088,39.0138739000605],[111.26367929975993,39.00949489957003],[111.28833029980353,39.00325390044719],[111.31031029988048,38.98105640023272],[111.31326280023808,38.97705440004057],[111.30377179962892,38.92522440028591],[111.30860130020989,38.91557290036911],[111.32045730016432,38.91862489991922],[111.33458729976411,38.918792899572736],[111.36015329973503,38.915794399791764],[111.36736280035302,38.91381440021445],[111.38567330028263,38.90497990020231],[111.39978780006697,38.901241399571006],[111.3874433000683,38.92548389966231],[111.38713830039234,38.9337308995614],[111.38906080001595,38.93978089976878],[111.39615629987338,38.951797399930115],[111.40595230015856,38.959110399925066],[111.4173507996997,38.96465690029578],[111.443527299945,38.973827399614834],[111.45665730019431,38.97577240027613],[111.45857230037143,38.97791990038314],[111.46697979957816,38.979888900352535],[111.47487630040098,38.98505040005597],[111.48377229965195,38.9969064000104],[111.47988880042789,39.00592040020638],[111.47679880002465,39.02460090011152],[111.47789780034327,39.04667690011888],[111.47038280002624,39.0653989001392],[111.47421280038049,39.077956900090896],[111.49265279998679,39.109496900361705],[111.49418629965805,39.1169014000796],[111.49305729975464,39.12465639977307],[111.48827380039563,39.133861399783825],[111.4891508003692,39.14238739995858],[111.4994887995685,39.152873899710755],[111.50582130021292,39.16465739991912],[111.51296979981646,39.168239399628646],[111.54358679979106,39.172202899844024],[111.58886729968617,39.19448839962001],[111.59591680012028,39.201591399823315],[111.59501629996231,39.20891190016414],[111.60196680032766,39.21599590039057],[111.60302679974706,39.222240399674774],[111.60125729998447,39.23501189957955],[111.59542079973016,39.24233640010482],[111.58615879978885,39.247913400083405],[111.57029730038016,39.250461399773826],[111.54244230007214,39.24676140001867],[111.5296098000523,39.248279399874434],[111.52097330017773,39.261680400030514],[111.50833880029546,39.26871089958837],[111.48741929966098,39.27148789994669],[111.47827129958085,39.27522639967867],[111.46359229984483,39.298457899912194],[111.45514679978504,39.30474840041842],[111.41401679973558,39.32063690017287],[111.40902729987005,39.328220400051464],[111.40804280033501,39.333686900330235],[111.41113279983892,39.340244399659355],[111.41484830030885,39.34614140000565],[111.4259033001972,39.3532753998399],[111.42986230020506,39.36009989979061],[111.43924680039959,39.36968240012271],[111.44213879976587,39.37485140017202],[111.44286329990143,39.38130940030862],[111.43495130016242,39.38830940025866],[111.41793080036621,39.393997399960085],[111.40831730040316,39.416293900243375],[111.41114030018474,39.434768399641996],[111.40856179998713,39.441768399592036],[111.39771279970603,39.44818090032834],[111.3902282998962,39.449001400394366],[111.37921880030746,39.44943989993146],[111.35566710005668,39.44648739957387],[111.35480049984324,39.43666510041413],[111.3462676998945,39.4246329997132],[111.33247900020575,39.41924250024124],[111.264733299802,39.42247619971687],[111.23712749983429,39.427201699998534],[111.21086119958477,39.426437400365785],[111.19343140033891,39.419254800268845],[111.1663733000878,39.42283660032888],[111.15194859984808,39.41043830018748],[111.13656970003171,39.40575720033456],[111.13171930010566,39.4007209995745],[111.12977369959663,39.38892699978129],[111.10784610031732,39.375065599797665],[111.10784610031732,39.369616999624895],[111.11940040020835,39.36535230026851],[111.14547369965157,39.368350399851124],[111.15046680040257,39.36595220023389],[111.15190380012035,39.35945959958093],[111.14641999958337,39.34139710029598],[111.15241240001234,39.334381099608095],[111.15975119975815,39.33576840009164],[111.16206370027959,39.34360630019063],[111.17845419980154,39.35086490019506],[111.18802519960332,39.3470671998914],[111.1894741998745,39.34176529982875],[111.18450899969065,39.336978300308374],[111.17158599999397,39.32935009962745],[111.17954219961291,39.31583509961018],[111.19151459971908,39.306144599693596],[111.21130730019183,39.30009200044549],[111.23524889971702,39.30272360021405],[111.24089430033177,39.30172359996419],[111.2424779003349,39.29981500026213],[111.23246029990298,39.289353999887226],[111.22055750012856,39.2838790001158],[111.21776879959049,39.27656090006553],[111.21049190018113,39.266842200107476],[111.20770249997048,39.254918000065686],[111.20892670030702,39.24933499981046],[111.2132798003226,39.24311950006495],[111.2102870004448,39.235246500325786],[111.20749839973143,39.22958040001549],[111.19625290005138,39.22184400010059],[111.1832166999908,39.19348089992366],[111.15677379987102,39.15108129996207],[111.16700369966105,39.13828009994671],[111.16397360040139,39.12280630007075],[111.1590810996131,39.11538979979946],[111.15770860017182,39.10722220014446]]]}},{"type":"Feature","properties":{"shapeName":"Hejin City","shapeISO":"","shapeID":"62558664B6497243618409","shapeGroup":"CHN","shapeType":"ADM3"},"geometry":{"type":"Polygon","coordinates":[[[110.57218070037908,35.73936899957971],[110.57475370032307,35.71382780021287],[110.5724621998707,35.70984299955484],[110.5721009997614,35.70200580002768],[110.576035000415,35.69723440014752],[110.57759429983713,35.69128149974148],[110.58664920030043,35.68432099981436],[110.58651869967832,35.66769180043627],[110.58826889998983,35.66393910040921],[110.59767400005512,35.66019680014227],[110.60087059979838,35.65669290025721],[110.60598750032295,35.61872479960988],[110.52884510042111,35.50643369975552],[110.56417040024382,35.50413369981044],[110.57963369963556,35.509108100058825],[110.59540709965796,35.50839609960036],[110.59891010022102,35.51529300037174],[110.6186164999516,35.52135469985956],[110.62459169994708,35.51138509984253],[110.62992930039695,35.51393919963442],[110.62992930039695,35.51033180037234],[110.63282460027517,35.50537449983335],[110.63765650024737,35.50468260012195],[110.6450203002467,35.4971755003491],[110.64748350016345,35.49693149988889],[110.65018370021767,35.49948359958853],[110.65543380022973,35.499095900055806],[110.66117970008315,35.50060920005461],[110.66378219958892,35.49098569963036],[110.66965919991219,35.48840560043817],[110.67268649958237,35.4944725996308],[110.67674420018477,35.49467280040949],[110.68619130038826,35.48458709971493],[110.6929005000581,35.48162729956027],[110.70318069982949,35.485562200435254],[110.70625470039414,35.49247029956473],[110.70932870005953,35.49186960010201],[110.71413170031775,35.48845860018429],[110.71736210018082,35.483530800106394],[110.72296930029302,35.483381500056225],[110.72560480042125,35.4734698001912],[110.73119489992473,35.47440239985093],[110.73418559988556,35.4837386001563],[110.73355199962515,35.493471399685404],[110.73978540037598,35.49869019969299],[110.7411382999926,35.503444200389595],[110.75002870006449,35.50648499978297],[110.75379510036367,35.51617730014232],[110.76097220020694,35.5159936001246],[110.7641692001485,35.50638489984328],[110.76861260019143,35.50702450038045],[110.76896460023619,35.51559320036597],[110.7725907998256,35.51834139993571],[110.78208050001513,35.521056900155884],[110.7855049996561,35.52548109967307],[110.79232720004029,35.5276024996557],[110.79331080025327,35.52510069993741],[110.7954954000927,35.52447400017502],[110.79577009981034,35.528503099638385],[110.8018667001881,35.52737230019153],[110.81184619994224,35.52940409981943],[110.81876209979112,35.52470259974524],[110.82358150008622,35.524126799811995],[110.83763969961251,35.528168399851836],[110.83646999999058,35.53560769973558],[110.82872349978976,35.54421239958265],[110.81691929988585,35.55361639977707],[110.81581259957187,35.55711759989737],[110.81630449995276,35.56061870019289],[110.8188866999613,35.56231920037084],[110.82739289976257,35.56021890028205],[110.83032159956224,35.56355429959132],[110.82786280002824,35.59242150035203],[110.81716519971428,35.59902049979627],[110.81371700023942,35.604812999820126],[110.82601840022903,35.60631869964834],[110.83029019973299,35.60903479971631],[110.82963629997533,35.61951570028941],[110.81968279962155,35.6306732004079],[110.82122290031668,35.64080150018913],[110.81935129962284,35.645721399722845],[110.82112130030782,35.68671789991123],[110.81639560037672,35.69438630028759],[110.82212079963523,35.702758900402955],[110.81698520040675,35.723021199868526],[110.81296749985029,35.725548999886485],[110.80926249986453,35.72594219967283],[110.79535740002405,35.723952099809594],[110.7836302998985,35.72717639957125],[110.77050009999965,35.72586530044333],[110.7584655999076,35.72763730032119],[110.74839780021836,35.73961640037663],[110.73741849986396,35.740319900443126],[110.73616849977651,35.74383470011139],[110.72925209990456,35.74007310039332],[110.72596639982953,35.741456600341905],[110.71376780044369,35.739921400052594],[110.70838910007694,35.73443279983388],[110.70375580009016,35.73473070026165],[110.69884719963864,35.73227289987449],[110.67668250039713,35.73029050000662],[110.6745309002809,35.744260199948314],[110.67852519957836,35.75130200038706],[110.69100759982092,35.75643470020128],[110.69334380017631,35.76142370004379],[110.69137649992558,35.7666120004435],[110.68043299978319,35.77030339998197],[110.6701887998733,35.76866890014969],[110.6665723003714,35.777301899862834],[110.65991229991278,35.78404589969858],[110.65077230020154,35.78845589981995],[110.63948080019884,35.789394399931666],[110.62966930009816,35.787841900283524],[110.62214680033463,35.78472889971897],[110.61871659989123,35.772969000419096],[110.61374280039001,35.768254800118996],[110.6125678001639,35.76361549985546],[110.60559080037518,35.75989910006348],[110.60174719957365,35.7538370003773],[110.59127030008432,35.74956889978495],[110.5910143997948,35.745800100094584],[110.58618359969341,35.74573309970282],[110.58744160014982,35.745086399917454],[110.58590809957917,35.743632699789316],[110.58078640027219,35.740793299970846],[110.57218070037908,35.73936899957971]]]}},{"type":"Feature","properties":{"shapeName":"Lan County","shapeISO":"","shapeID":"62558664B79843782901255","shapeGroup":"CHN","shapeType":"ADM3"},"geometry":{"type":"Polygon","coordinates":[[[111.3619003002587,38.172660899580876],[111.38957230022152,38.1649398996567],[111.40753180015253,38.162517400357785],[111.41393280035851,38.158672400211174],[111.42252329991044,38.14849090013496],[111.43549329997586,38.14240239995087],[111.46761330001385,38.137381899555066],[111.50875080040919,38.12425240022816],[111.52213279968902,38.11611189984433],[111.53196729995102,38.10023889990538],[111.53521779966178,38.091197900262955],[111.53977979959814,38.08840940027363],[111.54161080039819,38.08913789969438],[111.55151380022176,38.09340290032367],[111.60930629974598,38.10181040042971],[111.64607980034259,38.12138740030832],[111.67318730035367,38.1274489001467],[111.6790997996161,38.134574899612005],[111.68652330021018,38.15080239971104],[111.71399680001235,38.163978400282986],[111.71489730017032,38.17728789981675],[111.7192992999228,38.18176640039911],[111.72498330033909,38.18267840018808],[111.7360763001812,38.18037039987411],[111.74472030040158,38.181495399593075],[111.77066779997904,38.18740439959345],[111.79022980006528,38.193614900007674],[111.79358680019072,38.19679640013379],[111.7981873001039,38.209331399924224],[111.79637129999554,38.22840489996622],[111.79371629986741,38.23485539975695],[111.78366829965239,38.23846789997367],[111.77258280015616,38.247470899662346],[111.76981330014377,38.253013399848555],[111.7683333002417,38.30320739970176],[111.77198030025073,38.30636190038143],[111.79646279971848,38.31400690039817],[111.81607030010434,38.32251739985816],[111.81947329965311,38.34554289958521],[111.81775679963664,38.3611448996175],[111.81456730004095,38.367873899660765],[111.79155730012934,38.377872400291096],[111.78729230039943,38.3810003997487],[111.78385930036649,38.38820640020526],[111.78363029969864,38.39306989965621],[111.793853799913,38.436290899905146],[111.79107679955473,38.44182939990691],[111.77983830019747,38.45430389960535],[111.75274680002485,38.477786899745695],[111.72216029965819,38.499473899800705],[111.716819799794,38.505683400168834],[111.71875780013244,38.51359940009229],[111.72299929967801,38.51670839957302],[111.73330680016875,38.523467900123535],[111.74722279979244,38.52854539955058],[111.76239779991857,38.53651440011953],[111.76029179992668,38.54706940033259],[111.7546233002252,38.55953989984653],[111.7431333000618,38.58125690038571],[111.73803729978164,38.58721539997077],[111.731849800428,38.59372689987657],[111.71263129999454,38.601775899638085],[111.7033308000764,38.60046690042719],[111.69973729983656,38.597766900022464],[111.69133780009946,38.58115740029382],[111.67785629982842,38.5661164000519],[111.65242779990308,38.55621340022827],[111.64071630031708,38.5544053995896],[111.60317979960814,38.54179389986865],[111.59841180006458,38.53687639972611],[111.5899582996359,38.53295489964893],[111.55919630016916,38.51147440012352],[111.55261979996385,38.50831590015872],[111.54531879962298,38.50637439965885],[111.53954330038306,38.50707639965617],[111.52844230017206,38.51212639961369],[111.51592230017405,38.524215900443494],[111.50599680021224,38.52478789984178],[111.4992982997768,38.51841339995849],[111.49783329966709,38.51391590029863],[111.49820729982707,38.507888900252624],[111.50009929984287,38.5065839003268],[111.49706280010821,38.48330289960916],[111.48478679967116,38.492828400010694],[111.4802092999193,38.498271900128145],[111.46172329999035,38.50968190019961],[111.44821180013452,38.52322789984777],[111.44403830012749,38.529555900284606],[111.4406433000483,38.541824400375845],[111.4395598004445,38.56290090015648],[111.43697329987793,38.5656433998231],[111.4260102997356,38.56952289976209],[111.4116972997906,38.570209399943906],[111.4041672996812,38.56405640038264],[111.38231680018026,38.55804490015208],[111.37801379959723,38.55280689961876],[111.37805179955097,38.54798889956811],[111.38198830031985,38.538062899583224],[111.37915780019239,38.5202633998361],[111.37983680002839,38.5147818997649],[111.3865738004406,38.4902954001127],[111.38195679976656,38.47888549986595],[111.39118909959734,38.46172580030549],[111.39568329964465,38.45695490044835],[111.39338300022536,38.438927699553744],[111.3890803000159,38.43586619956551],[111.39050279996428,38.42711240021714],[111.38398550033065,38.421970299789564],[111.38200380013535,38.414801899987765],[111.3857812000424,38.40207929981989],[111.39848330016423,38.39717089991717],[111.40756250030921,38.39764449999376],[111.41924260006601,38.393007900394366],[111.4331651998142,38.38972519955837],[111.44867679999436,38.378024900129105],[111.45337679999938,38.37364190035345],[111.4579772999125,38.36213690039767],[111.45474969963897,38.356389200101546],[111.47346520025883,38.334101399859776],[111.47087080004746,38.3284988996046],[111.46398930016613,38.32659139977335],[111.45924379986155,38.3214795003787],[111.44323730006141,38.31420839979785],[111.440835399734,38.30601880002763],[111.43674609965285,38.30509259994358],[111.43270179984825,38.29817510020075],[111.43726329976153,38.28709040020186],[111.43443279963407,38.281688900222605],[111.42657109987641,38.27943899971012],[111.41964109955717,38.27338300012542],[111.41599280002777,38.265727899822764],[111.4054868002757,38.25722889999378],[111.40441130014148,38.243640900207424],[111.39840680023372,38.233505899577665],[111.37307730037719,38.22044739992759],[111.36730979970753,38.215370399624305],[111.36444129962632,38.210651399642416],[111.3621062998659,38.19837940028913],[111.3619003002587,38.172660899580876]]]}},{"type":"Feature","properties":{"shapeName":"Kelan County","shapeISO":"","shapeID":"62558664B49329923843366","shapeGroup":"CHN","shapeType":"ADM3"},"geometry":{"type":"Polygon","coordinates":[[[111.4116972997906,38.570209399943906],[111.4260102997356,38.56952289976209],[111.43697329987793,38.5656433998231],[111.4395598004445,38.56290090015648],[111.4406433000483,38.541824400375845],[111.44403830012749,38.529555900284606],[111.44821180013452,38.52322789984777],[111.46172329999035,38.50968190019961],[111.4802092999193,38.498271900128145],[111.48478679967116,38.492828400010694],[111.49706280010821,38.48330289960916],[111.50009929984287,38.5065839003268],[111.49820729982707,38.507888900252624],[111.49783329966709,38.51391590029863],[111.4992982997768,38.51841339995849],[111.50599680021224,38.52478789984178],[111.51592230017405,38.524215900443494],[111.52844230017206,38.51212639961369],[111.53954330038306,38.50707639965617],[111.54531879962298,38.50637439965885],[111.55261979996385,38.50831590015872],[111.55919630016916,38.51147440012352],[111.5899582996359,38.53295489964893],[111.59841180006458,38.53687639972611],[111.60317979960814,38.54179389986865],[111.64071630031708,38.5544053995896],[111.65242779990308,38.55621340022827],[111.67785629982842,38.5661164000519],[111.69133780009946,38.58115740029382],[111.69973729983656,38.597766900022464],[111.7033308000764,38.60046690042719],[111.71263129999454,38.601775899638085],[111.731849800428,38.59372689987657],[111.73803729978164,38.58721539997077],[111.7431333000618,38.58125690038571],[111.7546233002252,38.55953989984653],[111.76029179992668,38.54706940033259],[111.76239779991857,38.53651440011953],[111.77229330029564,38.53491590014875],[111.7799832996896,38.538211900159126],[111.78658280005624,38.54490640041013],[111.79039779971873,38.5535543999157],[111.79698929971647,38.56024540000527],[111.83656329995637,38.57377990002243],[111.85459879979481,38.57588189982988],[111.86174780032081,38.57868939979602],[111.85665130001752,38.61198790022149],[111.85260779971026,38.620086399567754],[111.83698280041597,38.62565239993836],[111.82862830005604,38.64573739986116],[111.82843029991847,38.65330089971678],[111.84129379956926,38.6675874002384],[111.83914180015404,38.71119690041667],[111.83354930036,38.71408439957543],[111.83139029972261,38.72019189973645],[111.83457179984873,38.72536840013163],[111.85736080036071,38.73637839974339],[111.86917130001552,38.74901189957956],[111.87523630001527,38.76416789972882],[111.87354280016018,38.78130739961688],[111.85832179971135,38.7802428999899],[111.81903830027738,38.77407439971381],[111.80584729991301,38.77331539978593],[111.79930130021489,38.774654400380314],[111.79441080041818,38.77743890018513],[111.782226299704,38.80149439974679],[111.76267179996364,38.812632899888456],[111.75620280021911,38.82154389983117],[111.7398378000745,38.83739839981632],[111.7363967996726,38.84482939985696],[111.71781930002072,38.85852039989658],[111.67994680000487,38.8918344001375],[111.67357630030608,38.8945538996428],[111.66532880038392,38.89466840042638],[111.6545712998257,38.89261640022676],[111.62552630039852,38.908153399959474],[111.58741830031437,38.92261489955803],[111.57982630004375,38.921603899700244],[111.55033930001872,38.90497990020231],[111.5400083002429,38.90523140010907],[111.53547679991442,38.91100690024831],[111.5451277998082,38.92908490024803],[111.55304679987,38.9379118999143],[111.55082629999379,38.95296089962585],[111.54812629958911,38.95789339956082],[111.54383829969782,38.960235399644034],[111.5361327995891,38.96082689994154],[111.52673329960214,38.95629489958998],[111.51291630004727,38.955478399708454],[111.50182330020522,38.96670090012651],[111.4975967995527,38.96812790028241],[111.49001379969718,38.966884399595415],[111.4814912996838,38.96238689993555],[111.46906280030805,38.96299740020993],[111.46051029981055,38.96722039980165],[111.45665730019431,38.97577240027613],[111.443527299945,38.973827399614834],[111.4173507996997,38.96465690029578],[111.40595230015856,38.959110399925066],[111.39615629987338,38.951797399930115],[111.38906080001595,38.93978089976878],[111.38713830039234,38.9337308995614],[111.3874433000683,38.92548389966231],[111.39978780006697,38.901241399571006],[111.38567330028263,38.90497990020231],[111.36736280035302,38.91381440021445],[111.36015329973503,38.915794399791764],[111.33458729976411,38.918792899572736],[111.32045730016432,38.91862489991922],[111.30860130020989,38.91557290036911],[111.31059280031752,38.90854640009633],[111.30962379969867,38.901618899892355],[111.32003080028124,38.88395290000636],[111.32055680025621,38.87662890040349],[111.31111880029243,38.86886590034106],[111.30001079975864,38.851615899853925],[111.27697729966269,38.848517899981175],[111.26547980005279,38.85672389978822],[111.25108329985449,38.85240540028906],[111.24237080007242,38.84673290040308],[111.23638129995709,38.83613590005177],[111.23652630034854,38.83017340028226],[111.2325132996491,38.81690990017182],[111.23557280044446,38.80327590006277],[111.23441330003385,38.79909189957158],[111.21694180012406,38.792564399827256],[111.21000679957422,38.786968399871796],[111.21266179970235,38.77102290018672],[111.21779629995933,38.761153900132456],[111.23670180034787,38.74801190022907],[111.23786930022806,38.74415989975961],[111.23383330026667,38.73525640016277],[111.22297679963964,38.73476389993408],[111.21322629965408,38.731567400015535],[111.20504780021588,38.72330839956305],[111.21321880020753,38.711139399563706],[111.22112279957759,38.666709900241756],[111.2247772999325,38.66319640009385],[111.24163030009834,38.656802900233686],[111.24426280008822,38.654289400335585],[111.24533079987657,38.64429089970531],[111.24360630039052,38.635429400246664],[111.24577329959817,38.62926840031645],[111.26283280029355,38.599330900200925],[111.2664717999337,38.59558490012307],[111.2697602995982,38.5937119000842],[111.2804413002259,38.59217440022843],[111.28617880041139,38.59564190005369],[111.28706379985454,38.60249340035023],[111.28243230031046,38.61692440034085],[111.28363029979857,38.61936589961664],[111.29448680042555,38.61920140012455],[111.31973280002876,38.609592400369024],[111.34261330026368,38.60454939983498],[111.34024029965019,38.590668400026686],[111.34230030021877,38.586124400021106],[111.35585780039725,38.579509899862046],[111.38733679965367,38.572849400279665],[111.40342779975322,38.572253899797715],[111.4116972997906,38.570209399943906]]]}},{"type":"Feature","properties":{"shapeName":"Gaoping City","shapeISO":"","shapeID":"62558664B50711945253764","shapeGroup":"CHN","shapeType":"ADM3"},"geometry":{"type":"Polygon","coordinates":[[[113.05090329964764,35.65436940012779],[113.09648129977222,35.66278389965731],[113.1046372999715,35.667350899824214],[113.10916129995405,35.674209400443544],[113.11849230037944,35.696166900382195],[113.11739330006083,35.704860900210406],[113.11853030033319,35.71309639957923],[113.1267008003017,35.717433899954585],[113.1393738001608,35.7206154000807],[113.14698030020077,35.724723899788216],[113.15515879963891,35.732032899598664],[113.15630380028017,35.73797989955278],[113.15265630024817,35.74462140005761],[113.14732379985355,35.74943539992381],[113.12679280004772,35.76090940024869],[113.11273930037851,35.77099590044048],[113.10936729956131,35.77786639981457],[113.10546879964545,35.79892339959525],[113.10125729968468,35.80556089991563],[113.10041829966485,35.810828900033755],[113.10662830005606,35.814708899995765],[113.12719729981563,35.81925189995525],[113.1331402995852,35.82519539974794],[113.14282230000924,35.86842340031973],[113.1340868000658,35.87141039957032],[113.1155088003909,35.886997399810184],[113.10762029993691,35.889297399755264],[113.09776280041297,35.89113990018632],[113.05911229959304,35.890956899841115],[113.05235279994179,35.893249400339585],[113.04615029989645,35.89828889981294],[113.03318780017685,35.914771900003245],[113.01683030037816,35.92027290007434],[113.0111923002845,35.92576989996098],[113.00894179992417,35.93194589968357],[113.00443279973399,35.93584040031425],[112.99568179997516,35.93492889964904],[112.98043830028735,35.9264678997738],[112.96547680011429,35.92624290018972],[112.96125779980764,35.929904899991186],[112.93727129983063,35.92419039996702],[112.92485830027044,35.923045900248155],[112.90425880000373,35.922813400318205],[112.88421630024209,35.92440790010454],[112.87435130037227,35.927150399771165],[112.87011730027325,35.93012240012871],[112.86615730021924,35.93652340033469],[112.86615730021924,35.941787900291445],[112.87290930042388,35.95711890041696],[112.87233730012633,35.966270399759196],[112.86753079970674,35.976333399766645],[112.84438329974955,35.97929389959387],[112.83251179997967,35.985458399685456],[112.82290630038551,35.987281900139635],[112.81160730003694,35.98566790035335],[112.80343580002227,35.98085789977233],[112.79074080004796,35.977641899853836],[112.77265180044026,35.98562640023823],[112.77977729988254,35.95108790018651],[112.77924379956175,35.936672400011275],[112.77027879982677,35.90394589988341],[112.77512380022324,35.88153090043079],[112.77346029995294,35.86619940028214],[112.75179279989788,35.848548900211654],[112.74028779994205,35.82519539974794],[112.72313680042305,35.80983740017592],[112.71415730001945,35.79677939964961],[112.71614830010401,35.78854740044221],[112.72463979958718,35.7750624000098],[112.72210629966605,35.76887889994134],[112.71481329969413,35.762458899758485],[112.71202080041962,35.753299900070374],[112.72020730022678,35.74439240028909],[112.72643280043349,35.73387540002972],[112.72589880008957,35.724036899583325],[112.71971830015946,35.716934400302364],[112.71494330029316,35.713951400336896],[112.73072030030164,35.709171400239995],[112.73635880041832,35.70437640035067],[112.73947130006047,35.69636939982797],[112.74681080037817,35.688373399812576],[112.7682038003652,35.68176639999939],[112.80478680027068,35.67723439964789],[112.8301008003117,35.67977539991483],[112.83966079960624,35.6829878996719],[112.84696980031606,35.688255399766945],[112.85314930020013,35.69809740037476],[112.85961879996773,35.70382690019136],[112.86721030021522,35.70382690019136],[112.90042879964949,35.68484890005675],[112.94460279977943,35.67180990040663],[112.96317279998482,35.67180990040663],[112.98061380028673,35.67935540033153],[112.98285680030119,35.68416189985186],[112.99777929957509,35.697196900216795],[113.00312779980823,35.69604890033651],[113.00789630027407,35.69078440037981],[113.04586030001292,35.66695789968736],[113.0500717999737,35.66123190003219],[113.05090329964764,35.65436940012779]]]}},{"type":"Feature","properties":{"shapeName":"Fenyang City","shapeISO":"","shapeID":"62558664B13713280420185","shapeGroup":"CHN","shapeType":"ADM3"},"geometry":{"type":"Polygon","coordinates":[[[111.58169319998126,37.458197699864],[111.58897409957507,37.445891600017376],[111.58737330003783,37.439194800199914],[111.59322859972013,37.43543490020056],[111.60027329957319,37.42237090029687],[111.59664469969317,37.41107349984219],[111.59657279979496,37.40430439992815],[111.58770580008269,37.395504000409346],[111.58987409971002,37.390317899751324],[111.58164230015211,37.381858899968336],[111.57604310040881,37.38258449997477],[111.55642999994461,37.36349350002507],[111.55005629955866,37.3638665001389],[111.54419470012539,37.36845749961395],[111.53594040042918,37.36560310000311],[111.52950050004807,37.36601030043505],[111.52852249991349,37.36209050007659],[111.51176019997331,37.35913150031854],[111.50820509988552,37.361764299782635],[111.49913080014636,37.360542899934956],[111.49861080044815,37.35742049965637],[111.49311569992966,37.355516199612964],[111.49163040032278,37.34702489977934],[111.48693970020707,37.34327900042558],[111.49226380003438,37.335037400056024],[111.49317929998477,37.33002840019054],[111.49115730026926,37.32580939988395],[111.48786929972846,37.32336789970884],[111.46402730011988,37.32621739981323],[111.4546128003405,37.32488639958774],[111.43734730003791,37.32021690008992],[111.42719280030752,37.31287739977222],[111.42598729957427,37.30938339962427],[111.42772679975207,37.30096790004859],[111.44103980034657,37.28364939999989],[111.44799780015842,37.278911400041125],[111.45626079989609,37.27606590012124],[111.49375130028233,37.26715840033995],[111.49952680042156,37.25845690016587],[111.51936329967663,37.238208899920835],[111.54373180018251,37.222747900095555],[111.56320929996929,37.21578990028371],[111.57512680006181,37.21401190012915],[111.58574679967512,37.21010990005192],[111.59242229994925,37.205116400001884],[111.59768679990594,37.19524389978619],[111.6106872995793,37.1818043996534],[111.61736279985337,37.17658239985792],[111.62896779992411,37.17088289962618],[111.65933229994573,37.1641464001363],[111.71420279961956,37.174044899752346],[111.72393779978967,37.17468639965767],[111.7628632998015,37.173328399985735],[111.78318779997704,37.17050540020409],[111.80448129987218,37.17482739986468],[111.84338379972263,37.173904399568414],[111.86134329965364,37.16729739975523],[111.87914280030003,37.158843400202784],[111.88789380005886,37.15231290032017],[111.9005583004253,37.14754840003866],[111.93119390017841,37.14833560000801],[111.93231279979591,37.16111250034169],[111.94017749969191,37.16911039972524],[111.94328259971229,37.178642699900706],[111.94417909968575,37.18529910037324],[111.94188810015578,37.18892560033623],[111.94063629962557,37.213675800098144],[111.94831929959605,37.22579569981173],[111.94913120034471,37.23514870035228],[111.95062469996998,37.23624109964709],[111.94912400037236,37.2439818999448],[111.93289550022723,37.24848980026411],[111.93135860021931,37.25220510018528],[111.92745820003597,37.254304699702175],[111.93256460007632,37.257296399709105],[111.94215640029768,37.25886149975844],[111.94709660022795,37.25856589979651],[111.95134989977811,37.25588579959003],[111.9610968996023,37.25518059980487],[111.96535020005177,37.260117400297815],[111.96995789993719,37.260117400297815],[111.96978070021919,37.26956710044141],[111.97350229989127,37.27450299981365],[111.97669230040941,37.274220899574914],[111.97740120000543,37.26561809999538],[111.98342660015754,37.27323380009983],[111.98856599992104,37.27365679982148],[111.99370539968453,37.271682500147335],[111.99707259992061,37.26787469955781],[112.00788300040017,37.27013120019478],[112.00433860044609,37.27351579961453],[112.00398410028606,37.278028399790855],[111.99813589985195,37.28042560026131],[112.00664240002675,37.28550180016799],[112.01302240016366,37.277746400276214],[112.01089569957696,37.272951699861096],[112.01904780031578,37.271682500147335],[112.02489609967529,37.27450299981365],[112.02666830010207,37.27943859971168],[112.03428870006348,37.28014359984729],[112.03925090010898,37.28268179962538],[112.03978250016235,37.29593520034928],[112.04226360018504,37.301151299692776],[112.05502339991006,37.30777669963504],[112.05590950012345,37.31271009979133],[112.05909949974216,37.31454240011175],[112.05998559995555,37.31848879971841],[112.023101800208,37.32915090019395],[111.99667380005587,37.34164790003064],[111.98007179977378,37.33961489980783],[111.96861280014065,37.34328840013961],[111.94706730031572,37.35573590039155],[111.91773230010563,37.39105290037111],[111.90985880034344,37.39234140043533],[111.89206730006589,37.39070489961148],[111.88790130040474,37.39282989958025],[111.88507080027728,37.4055668996927],[111.88063830001761,37.41181540006073],[111.87042909992306,37.41346779999901],[111.85180659999463,37.41271640024172],[111.8407645998065,37.410467499775336],[111.83849959967682,37.4124914995831],[111.84359590033057,37.4264330003827],[111.84317119999093,37.43250339991204],[111.83665920006212,37.4396973998152],[111.83846669977845,37.4527042999635],[111.83581209984857,37.45841989985854],[111.7691267999619,37.45772940039154],[111.74813829974278,37.46076189994176],[111.74042130000305,37.458377000398286],[111.73699519956887,37.459899899760615],[111.73137659965039,37.45783310031737],[111.7299908001354,37.459495800191064],[111.72732480039929,37.45936319965199],[111.72384060016361,37.46327999987216],[111.71531979986895,37.46405530001215],[111.70472230039388,37.47081080037816],[111.69821610019295,37.468708000174104],[111.69417490035141,37.47355289984648],[111.6850476997916,37.472260399597815],[111.67668129960236,37.47566590016123],[111.65132089993966,37.47218620013308],[111.64524080032271,37.47938139973189],[111.63243300018286,37.48350149979444],[111.62516980014624,37.48165280033652],[111.61797309957893,37.482599600291394],[111.60831379984205,37.476323899928104],[111.59853240005026,37.47329760030408],[111.59417729994249,37.469619900138355],[111.59323190023207,37.46461009987627],[111.58490700015801,37.46221850038353],[111.58169319998126,37.458197699864]]]}},{"type":"Feature","properties":{"shapeName":"Fenxi County","shapeISO":"","shapeID":"62558664B95888174264041","shapeGroup":"CHN","shapeType":"ADM3"},"geometry":{"type":"Polygon","coordinates":[[[111.26673130020941,36.633201400424355],[111.27884680043957,36.6275634003307],[111.29566930009815,36.62397740043673],[111.31207330024267,36.62633889962058],[111.32076279986336,36.624671900088174],[111.35099780020835,36.61296839997175],[111.3608932996861,36.60630440022794],[111.37818130012698,36.59170889984591],[111.38214130018093,36.58408740001357],[111.38703129995457,36.56709289961765],[111.38572680005183,36.5488968995723],[111.39621729998845,36.529403399947],[111.42279029963271,36.50397890020611],[111.43589779974371,36.49584189998376],[111.45612279982743,36.48780039966874],[111.46454679979502,36.48542039963178],[111.47255679955674,36.48509189977142],[111.5123212995884,36.49144739967778],[111.52081279997083,36.496642900049835],[111.5540313003043,36.50292590021019],[111.57250230044087,36.48262040001151],[111.57610330012727,36.47566240019967],[111.59570280014418,36.45540240030061],[111.60797130023536,36.45938090030836],[111.62512980010024,36.47137090014695],[111.64421079958879,36.480224400136024],[111.67014330027314,36.484782899910954],[111.67144780017588,36.499526899946545],[111.66977679955971,36.507488400169564],[111.66058330007928,36.50869740016492],[111.65473930037848,36.51510189963301],[111.64277629998634,36.53639240028912],[111.63568879959848,36.54434940030461],[111.62317629994635,36.547939400383086],[111.61887380028571,36.552802899834035],[111.62123130018443,36.56024939969012],[111.64038829958042,36.576911900064204],[111.65019230023455,36.58834839955904],[111.65180179981326,36.598518400004195],[111.64974230016708,36.61243040034276],[111.64704129971625,36.61873989992648],[111.63538379992247,36.63521939995542],[111.65918729955428,36.64244090022743],[111.66581730042816,36.64570989989204],[111.66873179993269,36.6506689001497],[111.66223129963481,36.651187399778735],[111.65207679990448,36.656890900194924],[111.63819930025755,36.671436400069865],[111.62281779960182,36.68103790037884],[111.61681379971714,36.68777089970729],[111.59742729963023,36.69539639972413],[111.5660172999585,36.71648039985064],[111.55966930039796,36.72277839980336],[111.54019930005774,36.74539190031601],[111.53529379956927,36.75410840028252],[111.53193680034315,36.76822640022823],[111.5358198004435,36.77390290029865],[111.54315180041533,36.775138899740455],[111.54532629996885,36.77864839970391],[111.53646080032576,36.78561389986163],[111.52307129980073,36.790878399818325],[111.50486730028575,36.794463899689276],[111.49622330006531,36.79864139988075],[111.49070730020179,36.79817589999783],[111.48394030020478,36.77889640034863],[111.46980330028214,36.77152989968516],[111.45545180036038,36.77156040019236],[111.44259580015614,36.776542399712014],[111.42822280014218,36.78533539960904],[111.41481030035516,36.799583400153836],[111.4081423004269,36.803592399769514],[111.3884887997184,36.7957459003531],[111.36911780034626,36.78095239983344],[111.36260230025601,36.77479540008767],[111.3551103001003,36.763183399694185],[111.34985329959017,36.76015090014397],[111.32610329972755,36.75147640031565],[111.31507880034644,36.745918400314],[111.29318229962348,36.74054339975817],[111.285942300297,36.73997889980643],[111.27716830037684,36.74322490020904],[111.26286329990143,36.75960139998466],[111.23928830001512,36.76380939978401],[111.23922729990005,36.75795739971426],[111.23680879988626,36.75187689989906],[111.23828879978834,36.747123900147926],[111.24257679967963,36.74319090043974],[111.25533279976895,36.73689639974913],[111.26056680011777,36.731628399631006],[111.26629629993437,36.71559140022299],[111.271499799776,36.7107808996189],[111.27259880009461,36.70738989972415],[111.26656329965664,36.68782789963791],[111.25628679969611,36.667381400131546],[111.2576063002906,36.66101090043276],[111.2643432998035,36.650764400057085],[111.26673130020941,36.633201400424355]]]}},{"type":"Feature","properties":{"shapeName":"Fanshi County","shapeISO":"","shapeID":"62558664B12913054002512","shapeGroup":"CHN","shapeType":"ADM3"},"geometry":{"type":"Polygon","coordinates":[[[113.15769180043628,39.3059499000679],[113.15117630034604,39.2962644003818],[113.13876329988648,39.28375239985343],[113.13745879998373,39.27981940014524],[113.13983930004372,39.267279900147344],[113.14684280015513,39.25693889991038],[113.1606903002172,39.25183490016059],[113.17591079974363,39.24883290021825],[113.18528729956927,39.24451840000421],[113.18847630004132,39.23956690009243],[113.1821137998121,39.20545189978537],[113.21887980006284,39.15216839955207],[113.2204132997341,39.14464939994991],[113.21748330041407,39.13791289956072],[113.18752280013723,39.121928899898876],[113.18537129984566,39.117511900353975],[113.18850729967221,39.10086439977226],[113.20514679988491,39.07979190017613],[113.21101379974709,39.07422639982855],[113.21945180036039,39.070339400443004],[113.2446288003789,39.074489400265634],[113.25348679967612,39.07427989959774],[113.2710268000468,39.06491490030248],[113.28028829996515,39.062424399666384],[113.30419179971182,39.062167900428335],[113.31136330037612,39.06007390009046],[113.32150280031408,39.051185400286045],[113.32433330044148,39.04071440034937],[113.32559980039059,39.0061339001594],[113.34084330007829,39.001277900155],[113.3488312997248,39.00057990034219],[113.35492680023174,38.995929899945],[113.35664380027117,38.99070740012644],[113.3666303003481,38.984786899595804],[113.38800829964339,38.981010399910076],[113.4134062999608,38.97275539964204],[113.43031329991891,38.96380589972256],[113.4436722999368,38.961181400101566],[113.45040880032593,38.96204739956789],[113.47244280019515,38.97019540029754],[113.48271179980975,38.978030900106035],[113.49548870014348,38.998444600438006],[113.49985040037575,39.00102270043732],[113.50055510013783,39.00779429956731],[113.50601889975246,39.01248220009353],[113.53176559960275,39.02695670029152],[113.536397699894,39.03193850016169],[113.54068049990519,39.04290899975058],[113.53630050026788,39.04477389959584],[113.53478990003396,39.0532713004302],[113.54838249985255,39.06142910017286],[113.55062320030049,39.06565679962165],[113.55929240042406,39.07115390023239],[113.56296170002247,39.07891170041472],[113.56915280026158,39.08067340035717],[113.59805280019668,39.06673439967284],[113.6055312997297,39.06700560012837],[113.61392980032008,39.06071489997271],[113.62040430031823,39.06057520018538],[113.62716610043526,39.06265400018202],[113.63687880011662,39.06197739973726],[113.6449829004406,39.0607086002218],[113.65748109997287,39.05479729975565],[113.66087610005206,39.04102450008065],[113.66400609960192,39.03815209963972],[113.66529900004889,39.02715580030002],[113.67342890012367,39.022696900441645],[113.67228229958846,39.014554899988696],[113.68443279963401,39.00905239984843],[113.73375679983656,39.02102639984855],[113.74318680033059,39.021022899687125],[113.75331929994582,39.0182874003433],[113.76303880030048,39.01095590039455],[113.76953879967596,39.00285740014897],[113.77192680008181,38.99443440022742],[113.77670279999427,38.98848340008891],[113.7986479000806,38.99176390028384],[113.80314629996178,38.989396399923976],[113.81042740010446,38.99670289961915],[113.8130623003849,39.01260160038362],[113.83135149987186,39.015491900031236],[113.84049620033943,39.0250048998563],[113.85057069997788,39.02620900034515],[113.85506549987304,39.03499819970722],[113.85956039959285,39.0371652996389],[113.86095530024693,39.04101759958263],[113.87064549979004,39.044060499792295],[113.87335480008403,39.05558249963269],[113.8816604996324,39.06378169966575],[113.92395019974197,39.06275939982652],[113.95539089957038,39.100067100416425],[113.94613630015021,39.126674400203456],[113.94544229962253,39.14571389957683],[113.93988779978224,39.158763899734254],[113.93316630008474,39.19528939968609],[113.93054979993337,39.19925690008591],[113.9337693000133,39.2061004000135],[113.95218680038056,39.222053400044445],[113.96035780037221,39.26031890019715],[113.96076979958661,39.280631899842376],[113.94051379987206,39.29493340015637],[113.93582130021287,39.30789189969147],[113.89675129983266,39.33818389996708],[113.89179279959808,39.34422739987468],[113.89154830001405,39.355354400385295],[113.89502730036963,39.36910989980208],[113.88791629979744,39.371211899609534],[113.88081329959414,39.37145990025425],[113.83397679988946,39.36781290024521],[113.82277679960964,39.37031539963601],[113.79138179973029,39.37343989983157],[113.77342980014521,39.38030639992047],[113.76596829959738,39.38751989982359],[113.75969629994438,39.40201139990626],[113.74732230038387,39.41202140016753],[113.73243730014133,39.41765590009976],[113.71038030011084,39.41960089986168],[113.69154380020632,39.415675899623125],[113.6838838003971,39.41619890035901],[113.6665193000257,39.42137139967042],[113.6573563001532,39.42735689960131],[113.64282229990931,39.43155289974658],[113.61341079976864,39.42495739956439],[113.5984577999875,39.41924639970165],[113.59248329966465,39.42098589987944],[113.58312980000028,39.43692390011796],[113.57946029985305,39.438205899882405],[113.5706482999791,39.43721390000155],[113.55860879965644,39.434688400449375],[113.55419929955804,39.42587290041405],[113.55581680040507,39.409995900290596],[113.55445080036418,39.40342340026979],[113.53864279982542,39.39039990043511],[113.5271532996851,39.383888399629996],[113.51703629988538,39.35990539981441],[113.5082473001728,39.3459664000294],[113.49809280044246,39.34209440043628],[113.48030829958839,39.344508900265566],[113.4618303000284,39.34259790027295],[113.45317830033832,39.3388099000569],[113.44817329975808,39.33351489959301],[113.43643930003373,39.32724740014743],[113.42185230004372,39.3254204004312],[113.41478679977104,39.32217039984414],[113.40988929965147,39.31570790039933],[113.37886029956326,39.30597290022922],[113.349601800183,39.31293840038694],[113.33978279973644,39.31110390032478],[113.29678329980948,39.31404890033656],[113.27797680038907,39.31190889967604],[113.25942980034506,39.31505590000984],[113.25176979963658,39.31370139959995],[113.23896780012399,39.30798340031373],[113.21824629962714,39.29539089967034],[113.21169229956001,39.293464399862216],[113.15769180043628,39.3059499000679]]]}},{"type":"Feature","properties":{"shapeName":"Fangshan County","shapeISO":"","shapeID":"62558664B63965161347413","shapeGroup":"CHN","shapeType":"ADM3"},"geometry":{"type":"Polygon","coordinates":[[[111.25987979991288,38.09432239955913],[111.27232380000345,38.092880399610806],[111.29309079990054,38.08761989983856],[111.29756929958359,38.082084399975145],[111.28823830005757,38.041946399806534],[111.27498679960121,38.023898900314066],[111.26490779975524,38.0183903998971],[111.2509992995781,38.0055884003844],[111.24571230038242,37.986293900043506],[111.24015030019626,37.97869490034941],[111.222907800055,37.96389789966838],[111.22006979958167,37.947009899687146],[111.20348380003742,37.911578899846404],[111.19763880029046,37.888122400028806],[111.18337229979187,37.876674400003594],[111.16490930002425,37.86709189967149],[111.14331030043007,37.8644788996815],[111.13260629964105,37.867885400291016],[111.12481680015526,37.86315889996331],[111.11643979965709,37.83521640011685],[111.11782080038967,37.804969900140804],[111.11309029987751,37.782707399626815],[111.11208330020418,37.76911140037089],[111.11733230034542,37.764766899672736],[111.13777180042831,37.76296990044062],[111.14557629970653,37.75529840010114],[111.14341729996846,37.74922939991694],[111.14685880039337,37.73813990023626],[111.15059680010228,37.73463839974238],[111.17291280038552,37.730857899872206],[111.1744538004026,37.725646899684705],[111.17301929990083,37.72144690025431],[111.15204630039653,37.71886439987219],[111.14143380022978,37.721355399632046],[111.1271973002153,37.72160739956189],[111.12021630024213,37.7141608997058],[111.1129613002239,37.71037689967426],[111.10559080027525,37.71209639982902],[111.09264380037115,37.71860489959647],[111.08643329995687,37.720149899798116],[111.07366930039797,37.720233900074504],[111.05305449996524,37.71658230003317],[111.058326299719,37.70595179993569],[111.06227819957928,37.704388600153834],[111.06178470020382,37.695763599910265],[111.05335479978424,37.691247899770815],[111.05197129983566,37.67328239956316],[111.05411789972135,37.6608856003902],[111.05354330038307,37.65246189989682],[111.0779798004275,37.64329139967839],[111.116752799702,37.635932900283194],[111.13642879964942,37.63616990042061],[111.15376280041295,37.632846900064465],[111.18311330043855,37.62342089975476],[111.19095119963822,37.624635700377326],[111.19539299978715,37.616476899689246],[111.20781549978557,37.618701799948155],[111.22320630033056,37.618422400373504],[111.22925950032572,37.62006999973073],[111.23601590001385,37.63101409972097],[111.2368773003472,37.64059839959651],[111.24542229959951,37.64259740005002],[111.25010679978902,37.64579790015301],[111.25859539985788,37.64371309987973],[111.26405329991991,37.657226400178274],[111.29479979957114,37.676761399918746],[111.31134780006096,37.68440189972796],[111.33116130005402,37.68690490004116],[111.3469773000624,37.68440189972796],[111.36801129968177,37.67386989967616],[111.3861008002118,37.66801839962949],[111.39221179963488,37.65933540030852],[111.40632630031854,37.648028899614076],[111.41811379981209,37.645339899716646],[111.42990879965146,37.65045539999676],[111.44061280044048,37.65896240019464],[111.46591179978981,37.67407990036713],[111.47408279978146,37.681556899831094],[111.48916630018465,37.68956440037681],[111.48055279957208,37.69285590017972],[111.4630738002158,37.69415639989796],[111.45427680013427,37.699737400061],[111.45130129961535,37.7175104003847],[111.44570180039784,37.72713489995573],[111.4453732996381,37.731941400375376],[111.44899730038514,37.73807139977532],[111.45114879977734,37.748725900080274],[111.45144630000681,37.769397900093054],[111.44645680014128,37.774455900419525],[111.42598729957427,37.78503389989464],[111.405906799859,37.81467439980378],[111.41903630008522,37.83430839961301],[111.41779330032062,37.86868640035715],[111.41903630008522,37.875629900399645],[111.42429279967303,37.879535399738984],[111.44695279963207,37.887878399568535],[111.46476730007089,37.890498899904344],[111.47660079988708,37.89583589960711],[111.48947880020654,37.89869290005737],[111.54480730031673,37.892600899711795],[111.55609129997356,37.89331790040086],[111.56627630021114,37.89609139969838],[111.57109080010042,37.90169540002273],[111.57189929961305,37.9078594000913],[111.56606280025807,37.92563989986155],[111.56006629981994,37.93328489987829],[111.54676829991718,37.94083389996456],[111.5383222998343,37.95214089978276],[111.53417980035755,37.96285990036415],[111.52905280044644,37.98611840004418],[111.51513679992343,38.00478740031832],[111.50875080040919,38.01845940038106],[111.50952129996807,38.02439489980486],[111.51744830039883,38.035972400406024],[111.51824180011903,38.03982940020671],[111.51799779965881,38.04469689984211],[111.51049029968766,38.05430589959764],[111.5111463002616,38.06163040012291],[111.54186230030496,38.079887400283326],[111.54161080039819,38.08913789969438],[111.53977979959814,38.08840940027363],[111.53521779966178,38.091197900262955],[111.53196729995102,38.10023889990538],[111.52213279968902,38.11611189984433],[111.50875080040919,38.12425240022816],[111.46761330001385,38.137381899555066],[111.43549329997586,38.14240239995087],[111.42252329991044,38.14849090013496],[111.41393280035851,38.158672400211174],[111.40753180015253,38.162517400357785],[111.38957230022152,38.1649398996567],[111.3619003002587,38.172660899580876],[111.35887930033948,38.157832400145196],[111.36205769960321,38.145053300069776],[111.35705589971008,38.1328689000797],[111.3507206003755,38.12306250003439],[111.34102329978549,38.12116549978805],[111.34090560011339,38.1172941998675],[111.33504160038962,38.11655679985648],[111.32070749965146,38.11962370027362],[111.31450920033939,38.12567089999209],[111.3039336002555,38.13096119969964],[111.28811720004882,38.1313660996658],[111.28346730037566,38.12669069971605],[111.2708443001244,38.12293579994724],[111.26830329985745,38.12024289969014],[111.25987979991288,38.09432239955913]]]}},{"type":"Feature","properties":{"shapeName":"Huozhou City","shapeISO":"","shapeID":"62558664B92278296396058","shapeGroup":"CHN","shapeType":"ADM3"},"geometry":{"type":"Polygon","coordinates":[[[111.9900587998738,36.68697339980264],[111.98899879955502,36.68337240011624],[111.98325329989996,36.67902740029433],[111.9755173001833,36.67693339995651],[111.94902779989309,36.693317400078],[111.94374830014402,36.698852399918394],[111.92188279995133,36.70697789961042],[111.91510779958537,36.70779789965337],[111.90885179977079,36.70603190005221],[111.8978497996286,36.70744390041574],[111.86805729990454,36.70562740028436],[111.83138280027606,36.71454989985807],[111.8210068002237,36.71428740034332],[111.80062880027896,36.709800900291384],[111.78024279996532,36.70300689994855],[111.7487333002017,36.718612400142206],[111.7298963002741,36.7128333998416],[111.71189080002046,36.71112840035545],[111.67008890028256,36.69492729985507],[111.66452780031779,36.68899540041747],[111.66882329965563,36.680305399874385],[111.67652879976436,36.67092890004875],[111.66873179993269,36.6506689001497],[111.66581730042816,36.64570989989204],[111.65918729955428,36.64244090022743],[111.63538379992247,36.63521939995542],[111.64704129971625,36.61873989992648],[111.64974230016708,36.61243040034276],[111.65180179981326,36.598518400004195],[111.65019230023455,36.58834839955904],[111.64038829958042,36.576911900064204],[111.62123130018443,36.56024939969012],[111.61887380028571,36.552802899834035],[111.62317629994635,36.547939400383086],[111.63568879959848,36.54434940030461],[111.64277629998634,36.53639240028912],[111.65473930037848,36.51510189963301],[111.66058330007928,36.50869740016492],[111.66977679955971,36.507488400169564],[111.68641679979555,36.50154490037693],[111.69238279972649,36.497669399723065],[111.6945188002025,36.491103900024996],[111.69062779973325,36.485202900393574],[111.68652330021018,36.48273089971133],[111.68595079988955,36.47834789993567],[111.69019330038054,36.47462439999612],[111.7418668001128,36.45547840020805],[111.7508393001936,36.45333490028548],[111.77416979959662,36.45385740009897],[111.80432880003417,36.45902239996383],[111.81353780022937,36.4575689003845],[111.82872029980206,36.44282540037199],[111.84267819973917,36.4384417000245],[111.85389600030021,36.43896080040065],[111.86264659986074,36.442142799650526],[111.85974130042075,36.45237340001245],[111.86177829992869,36.460716399842056],[111.8606261002144,36.47267060036796],[111.86913280003876,36.47960640041509],[111.88211079957381,36.4998738997607],[111.90129880039939,36.51213440038231],[111.92726129976921,36.51640689955883],[111.94248180019497,36.52390690008343],[111.95239280038749,36.54335390026233],[111.95744330036808,36.5495223996391],[111.96938329969959,36.55940989964722],[111.97221379982705,36.56434639976658],[111.97226729959624,36.57719789976329],[111.97461680002539,36.58073440007257],[111.98576329963663,36.585311899824376],[112.04116829967734,36.589122900201744],[112.04463969986227,36.59081699990469],[112.04447180003365,36.59288790025647],[112.04209880031942,36.59655740040375],[112.03507230004664,36.601791399853255],[112.03260030026365,36.63663090029587],[112.02678680017073,36.644527400219374],[112.01608280028108,36.65446489983532],[112.01529680000738,36.66999790028291],[112.01294729957829,36.678050900228925],[112.00669079974068,36.684829899880015],[111.9900587998738,36.68697339980264]]]}},{"type":"Feature","properties":{"shapeName":"Hunyuan County","shapeISO":"","shapeID":"62558664B34312493012915","shapeGroup":"CHN","shapeType":"ADM3"},"geometry":{"type":"Polygon","coordinates":[[[113.5706482999791,39.43721390000155],[113.57946029985305,39.438205899882405],[113.58312980000028,39.43692390011796],[113.59248329966465,39.42098589987944],[113.5984577999875,39.41924639970165],[113.61341079976864,39.42495739956439],[113.64282229990931,39.43155289974658],[113.6573563001532,39.42735689960131],[113.6665193000257,39.42137139967042],[113.6838838003971,39.41619890035901],[113.69154380020632,39.415675899623125],[113.71038030011084,39.41960089986168],[113.73243730014133,39.41765590009976],[113.74732230038387,39.41202140016753],[113.75969629994438,39.40201139990626],[113.76596829959738,39.38751989982359],[113.77342980014521,39.38030639992047],[113.79138179973029,39.37343989983157],[113.82277679960964,39.37031539963601],[113.83397679988946,39.36781290024521],[113.88081329959414,39.37145990025425],[113.88791629979744,39.371211899609534],[113.89502730036963,39.36910989980208],[113.89668280027104,39.37046790037334],[113.91377279967503,39.372916899995005],[113.93242630013367,39.3808974001949],[113.95188129978226,39.38362089988465],[113.9598238000284,39.39342040033125],[113.96130379993053,39.40926739997059],[113.95162979987538,39.454883400048914],[113.95407880039636,39.468917899741314],[113.95369729989056,39.47922140004761],[113.94933330009178,39.48531340039318],[113.93959829992161,39.49174090002259],[113.93274679962519,39.492275400389474],[113.92398830041975,39.488643400172805],[113.91811380021181,39.49515890026311],[113.91552729964519,39.50884990030272],[113.91575630031309,39.526500900396286],[113.91159830012157,39.54244590005828],[113.9074478002758,39.55037289958972],[113.90677629988636,39.56021090001309],[113.91130079989205,39.57429140002813],[113.90950779994512,39.58249639978908],[113.90418229987336,39.589942899645166],[113.89530130041476,39.59707240017116],[113.89472179977133,39.61241589997388],[113.90014629991185,39.626052900221225],[113.90765379988306,39.632179400359064],[113.91441330043358,39.63416690028225],[113.92574330041305,39.63350290023868],[113.93305180020047,39.62839490030444],[113.9487533003246,39.62186789968388],[113.95227029973455,39.623092400394],[113.96597230028146,39.63874440003411],[113.96999379957424,39.65052039989661],[113.96917729969266,39.656226899551825],[113.9510572995548,39.680347400312314],[113.93923929955406,39.710330899851215],[113.93100730034666,39.71564490029198],[113.93058030044062,39.71907440016349],[113.92552930043689,39.72675339994947],[113.91042329989546,39.733058900248125],[113.88973980025162,39.76031890009722],[113.88783280044345,39.76348090022344],[113.88892430041619,39.7742768998591],[113.87756329990646,39.78318389961731],[113.8793863003375,39.79765689974619],[113.87790679955924,39.80518739987866],[113.8744427998954,39.81060389965029],[113.85250830011796,39.822936900017964],[113.84416180012704,39.830764900379904],[113.83049780043325,39.844882900325615],[113.82895180018545,39.852657999866835],[113.82057209992252,39.86373399982426],[113.80735779992256,39.864967400225396],[113.77391830018951,39.873580899938645],[113.76113879991578,39.87236389957434],[113.73341380020679,39.85750589967756],[113.71514879967742,39.85179589986092],[113.70884680043957,39.85256190011165],[113.69333630013023,39.860210400289816],[113.67967230043632,39.858959900179286],[113.66021679986545,39.8605498997581],[113.63642880004909,39.866382399827955],[113.61464680010977,39.86653090038078],[113.60636130023386,39.86495190040995],[113.57785779969777,39.84796889964508],[113.56630730034169,39.84584439969933],[113.54640930004916,39.837321899685946],[113.53215029989644,39.82206740039027],[113.52146930016818,39.81400339993701],[113.51238230020306,39.81056589969654],[113.48903630008522,39.80606439985223],[113.48001879972787,39.80102140021751],[113.46688830035487,39.78784939983001],[113.46395129981272,39.77997990025227],[113.4679107998436,39.77114840037842],[113.46775830000558,39.754188399774876],[113.46605679978154,39.73168539986136],[113.46253980037159,39.72380039956886],[113.41735829964591,39.71573640001492],[113.40512080008489,39.70303739985616],[113.38723730006143,39.69041439960489],[113.3761367998735,39.67911840029399],[113.37576279971347,39.67429740010499],[113.38263630012523,39.6669158996491],[113.38413229986577,39.660083900251834],[113.37297829990871,39.65015790026695],[113.37317630004623,39.64580890026059],[113.38099680006235,39.63708089976376],[113.39692679993198,39.626506899573826],[113.419403300422,39.60235189992028],[113.42079930004775,39.597575900007826],[113.41976179986727,39.5808218999108],[113.42194329974359,39.57835739957437],[113.43443280013366,39.57823190008219],[113.44880680019378,39.57540139995467],[113.45346029985296,39.57093790006411],[113.46411880034248,39.551276899909055],[113.4753113002763,39.546531399604476],[113.49727629966151,39.52578739986865],[113.50182329980555,39.51719290013227],[113.49662029998694,39.499870399899066],[113.49883280039353,39.49007389959087],[113.50884229973246,39.477958400260036],[113.5262528004265,39.466029899660214],[113.56075279960203,39.449950900114004],[113.5706482999791,39.43721390000155]]]}},{"type":"Feature","properties":{"shapeName":"Dai County","shapeISO":"","shapeID":"62558664B30694066452832","shapeGroup":"CHN","shapeType":"ADM3"},"geometry":{"type":"Polygon","coordinates":[[[113.0116727999598,38.84596640012933],[113.02848880021804,38.850829899580276],[113.03959629982944,38.852081399736846],[113.05889829961689,38.86641689982014],[113.06699379972417,38.86940740013148],[113.07753730030618,38.87041089964333],[113.09722880006916,38.85861189961952],[113.1171798001078,38.859656900145865],[113.12963879999074,38.85130639997044],[113.14183030012828,38.84845339970468],[113.1539917997818,38.852477900035126],[113.17801679973559,38.879310399955045],[113.18721030011534,38.884162899798014],[113.21643829988773,38.875827900337356],[113.22762280035204,38.87591539987585],[113.24002030009683,38.887504400108014],[113.25787329961315,38.89602990025975],[113.2727508004092,38.89897190013312],[113.27818279999633,38.90256040014242],[113.28375229962899,38.909366400139334],[113.28410329962765,38.927490399562316],[113.2779693000432,38.95207990036715],[113.27776330043605,38.95666190032648],[113.28016679975804,38.96177290039907],[113.30225330024962,38.97522340013984],[113.32894129980116,38.984214900197514],[113.3432922996999,38.98621339972868],[113.35664380027117,38.99070740012644],[113.35492680023174,38.995929899945],[113.3488312997248,39.00057990034219],[113.34084330007829,39.001277900155],[113.32559980039059,39.0061339001594],[113.32433330044148,39.04071440034937],[113.32150280031408,39.051185400286045],[113.31136330037612,39.06007390009046],[113.30419179971182,39.062167900428335],[113.28028829996515,39.062424399666384],[113.2710268000468,39.06491490030248],[113.25348679967612,39.07427989959774],[113.2446288003789,39.074489400265634],[113.21945180036039,39.070339400443004],[113.21101379974709,39.07422639982855],[113.20514679988491,39.07979190017613],[113.18850729967221,39.10086439977226],[113.18537129984566,39.117511900353975],[113.18752280013723,39.121928899898876],[113.21748330041407,39.13791289956072],[113.2204132997341,39.14464939994991],[113.21887980006284,39.15216839955207],[113.1821137998121,39.20545189978537],[113.18847630004132,39.23956690009243],[113.18528729956927,39.24451840000421],[113.17591079974363,39.24883290021825],[113.1606903002172,39.25183490016059],[113.14684280015513,39.25693889991038],[113.13983930004372,39.267279900147344],[113.13745879998373,39.27981940014524],[113.13876329988648,39.28375239985343],[113.15117630034604,39.2962644003818],[113.15769180043628,39.3059499000679],[113.13326279983835,39.31725689988605],[113.123016300362,39.324218899882396],[113.12885279971704,39.34261690024982],[113.12587730009739,39.34451289955075],[113.11575329997493,39.346389899774124],[113.10450730027173,39.35459889971952],[113.09916630038447,39.35671590021866],[113.08187879996672,39.35463340041116],[113.07309729970063,39.351756899961],[113.06912980020013,39.347278400278014],[113.05594630018163,39.33903489964098],[113.03797130043517,39.32476790001863],[113.0190123002775,39.31567389973077],[112.99883279959408,39.3101538996828],[112.9750133001238,39.30034639976657],[112.96070879967147,39.29635640012782],[112.93866730035563,39.29423140015905],[112.9145507997797,39.286289899958945],[112.90749379989904,39.27700789999466],[112.90625779955792,39.27088540004121],[112.906967299901,39.265735399968776],[112.91735829974584,39.25392540033698],[112.91986080003596,39.24884790001062],[112.91356680026763,39.23879639963417],[112.866378799642,39.2117239003378],[112.84501630016223,39.20998390013693],[112.82710279965454,39.20538690038518],[112.82228829976532,39.19520190014765],[112.82124330013824,39.18628690002049],[112.81317130021534,39.17409489985977],[112.80993630032003,39.17230990028173],[112.8010477996163,39.172427900327364],[112.78462230027901,39.18962840033049],[112.77870930009419,39.19178389990708],[112.75277730033224,39.18721389960183],[112.75380680014382,39.18619540029755],[112.74900830009301,39.1838569003757],[112.74304180013905,39.177703899915116],[112.7405623000102,39.157141899579074],[112.73470279959463,39.14566439999214],[112.75946030005287,39.127013899671795],[112.76580030014384,39.11873239998033],[112.76450329968759,39.11548240029259],[112.72183229962104,39.09621440027439],[112.71795629984342,39.09127039980916],[112.71938329999932,39.08695989977963],[112.72464729993305,39.082317399728254],[112.7355877999371,39.07625189970548],[112.74516279992338,39.07403940019822],[112.7698667997131,39.05855540021162],[112.78652179974131,39.03363789956944],[112.80139929963798,39.00292589971053],[112.80702229993926,38.996913900356276],[112.83451080043312,38.98403139982929],[112.86332680009184,38.973705400284075],[112.87365729984458,38.96760939975405],[112.89646130014899,38.959605900292104],[112.90367880023655,38.94515590032461],[112.91046130004906,38.93917439967885],[112.91882379987851,38.936908900425465],[112.92617779996556,38.93713740017091],[112.93343330000687,38.93919739984017],[112.94114679958523,38.93806089959088],[112.95024880024198,38.93283439958793],[112.95715330028463,38.9186018997579],[112.96797180005854,38.88453689995799],[112.98355880029851,38.86116390039376],[112.9922032996426,38.85294339991805],[113.0116727999598,38.84596640012933]]]}},{"type":"Feature","properties":{"shapeName":"Chengqu District","shapeISO":"","shapeID":"62558664B98182155314723","shapeGroup":"CHN","shapeType":"ADM3"},"geometry":{"type":"MultiPolygon","coordinates":[[[[113.5434812000974,37.858129700425366],[113.55515419970664,37.85452109966906],[113.55581940034506,37.85785869961933],[113.55693519999954,37.85299630003925],[113.56148420023567,37.84955679970659],[113.56931629970757,37.847811599625686],[113.56927340024731,37.845507200197176],[113.5661619995767,37.84289770036861],[113.56518029963115,37.83688620013805],[113.56038460006926,37.83338669973648],[113.57004589989845,37.83117079989256],[113.57173569994268,37.833827300089865],[113.56995469964977,37.83486109956016],[113.57464310019895,37.83842830002607],[113.59207750037638,37.83730140003962],[113.59265690029576,37.83862320020057],[113.58953480039077,37.83866559963775],[113.59126749989525,37.84077109960663],[113.58527000031029,37.84311800009567],[113.58788789980679,37.84741339960874],[113.59986670038802,37.843842400406515],[113.59958240040748,37.841940300104795],[113.60339110031907,37.8421352002793],[113.60309069977609,37.84510049978826],[113.61023880008065,37.8464624996447],[113.61119360040436,37.84823310017748],[113.61465640037261,37.84750669977444],[113.61447399987526,37.84276220041528],[113.60960839960796,37.842563100406835],[113.60927579973838,37.83787760017117],[113.60609469981057,37.83728030014578],[113.60631470006342,37.83630160033863],[113.6122585002297,37.836759199677374],[113.61280030039359,37.83316220017542],[113.60576209994099,37.833297799953584],[113.60358420005082,37.83689900018874],[113.60084829960942,37.83633130044922],[113.60021530009612,37.831586099618846],[113.61100320043738,37.83276819999247],[113.609769399838,37.83007350019193],[113.61744049997912,37.830251399582494],[113.61513919961442,37.837314200090304],[113.62612550029166,37.83839869974025],[113.62533149964906,37.83985609967931],[113.63049749955997,37.84345269988222],[113.64185399986229,37.84359250039364],[113.64596310031686,37.84593930015865],[113.6463600997389,37.8482607003711],[113.63121090026289,37.8488283002859],[113.62894719965357,37.85208139993671],[113.61940120010536,37.85248589970456],[113.61247300022887,37.8581085996322],[113.60107630023117,37.858932400210165],[113.59127019966002,37.861905500438525],[113.59063720014672,37.86371820003495],[113.58712889987885,37.86364189975393],[113.58854510007632,37.86569170021187],[113.57730120029021,37.86685209994448],[113.57718320024458,37.86902880013906],[113.57407190029801,37.86953690000797],[113.57192609990966,37.87256890043449],[113.57255910032234,37.878759599575915],[113.5707245004354,37.874499899550756],[113.57273079978665,37.86947759961157],[113.56375070043453,37.872221700071464],[113.56284949970473,37.870316099608374],[113.56770970044238,37.87000270026448],[113.56473779990961,37.86974019985041],[113.56365149981696,37.86661700007454],[113.56150570032787,37.85908690014037],[113.56373729963673,37.85818060025457],[113.55957449976347,37.85802810041656],[113.5538668004126,37.86017959980876],[113.55300840021755,37.85892599973516],[113.5434812000974,37.858129700425366]]],[[[113.60243350040582,37.870430399843144],[113.60556099984035,37.866572499821075],[113.60436739983572,37.8712498000383],[113.60243350040582,37.870430399843144]]],[[[113.6393246997751,37.867732899553744],[113.64037609987713,37.86344710030346],[113.6441312001948,37.8620072002721],[113.65601869980321,37.8626847998637],[113.65582560007147,37.8657678997688],[113.6497315996337,37.86727549986449],[113.64784330032808,37.869257399709284],[113.64069789978828,37.86954540039994],[113.6393246997751,37.867732899553744]]]]}},{"type":"Feature","properties":{"shapeName":"Chengqu District","shapeISO":"","shapeID":"62558664B6765954968037","shapeGroup":"CHN","shapeType":"ADM3"},"geometry":{"type":"Polygon","coordinates":[[[112.74965370035807,35.52085339976463],[112.74971890030702,35.5172959002856],[112.75389400020799,35.51437539960506],[112.75448119994746,35.511614200335146],[112.7516760004471,35.50587889989134],[112.75428539955158,35.50306419995292],[112.76067859993748,35.50083359979084],[112.77431310006955,35.500993000126925],[112.77868389964226,35.49801880002764],[112.78194580005868,35.49785950041564],[112.7858598996147,35.49993080006641],[112.78925219992914,35.49812500006874],[112.79205740032887,35.49955899964817],[112.79649349967531,35.49881550043506],[112.79740679988402,35.49653169997805],[112.79394929962052,35.49313240024014],[112.79636299995252,35.49005169972622],[112.79675450002026,35.485430400292785],[112.80438710018461,35.48123380029972],[112.80856229991025,35.481977500061646],[112.81201980017374,35.486280300095814],[112.81763020007372,35.487608300182956],[112.81991339978367,35.48723649976472],[112.82558899963271,35.482083799927466],[112.82571950025476,35.47719640009382],[112.80882320043042,35.463170200244576],[112.81071509972219,35.45567779989062],[112.81521639991695,35.44861000005153],[112.83283030027815,35.44876940038756],[112.83354789991574,35.446749899888005],[112.83022080044964,35.441700999801355],[112.82943799996383,35.43362199955567],[112.83433070040155,35.42952899966366],[112.83759250009382,35.42814689995953],[112.84072389988808,35.4296353004288],[112.84581229999776,35.4352166000661],[112.84561660032591,35.44345489992372],[112.84979180005155,35.44887570025344],[112.8524012000554,35.4469624996197],[112.86009919981825,35.44914139955597],[112.86355670008174,35.44451779965681],[112.86518759992782,35.44802540025205],[112.86707950011885,35.4475471003185],[112.87288549986602,35.440691099814444],[112.87295079963974,35.433834600186685],[112.87653879962602,35.4305920999455],[112.8851499997727,35.430698499636094],[112.88934749998725,35.43247079988754],[112.8902701000851,35.436079000445545],[112.88491909973675,35.442843899626325],[112.88325849978003,35.458476199616996],[112.88934749998725,35.46884589991839],[112.8902701000851,35.47650960043774],[112.89765080014433,35.482069099609305],[112.89813210021634,35.48798009970187],[112.89043420027815,35.493876000177295],[112.88893370033009,35.49706280000828],[112.88436720018615,35.497965699557426],[112.87934390020087,35.50460429974868],[112.8754296999208,35.50465740021889],[112.8757559002147,35.510180400405204],[112.88051819985515,35.51442850007527],[112.87523400024895,35.513791299828654],[112.87034129981123,35.51872960039077],[112.86975419989642,35.521437500440356],[112.87340739983165,35.526375300080076],[112.87640829990323,35.52733089990119],[112.88247529999512,35.5268530999906],[112.90132869995955,35.520800400018516],[112.90837420020921,35.5267468999495],[112.91007039982912,35.53343630014518],[112.91522409971253,35.538161000030186],[112.91724639980157,35.54707869992211],[112.91444120030121,35.55079420039209],[112.91326699957244,35.5569507999395],[112.90843949998305,35.55912679956219],[112.90602569982627,35.56491130011648],[112.90087199994286,35.567033899794694],[112.89734919990576,35.57064230000219],[112.8970231003359,35.572711800109516],[112.90021960025445,35.57674439973431],[112.8976102002506,35.58093600039615],[112.88560669978938,35.58353570031238],[112.88404099989225,35.586453699978335],[112.88064869957793,35.58677199972806],[112.87438599981408,35.59223620044037],[112.86929749987974,35.591016100112995],[112.86583999961636,35.58629450019106],[112.85579350036983,35.5818378998992],[112.8511616995529,35.5835887000585],[112.84672570003113,35.582103199902804],[112.8400063002506,35.583376499625786],[112.83446120012434,35.5802461997024],[112.83530930038398,35.56469899985899],[112.82995989992946,35.565441999948405],[112.82252289961218,35.5573753995551],[112.81639069957123,35.555411700189836],[112.81195460022468,35.55201489966794],[112.81182409960263,35.54697259970578],[112.81051940005034,35.54601720043348],[112.8034737999759,35.548564899750374],[112.80112529959297,35.54654790026541],[112.80060339962722,35.54320389984014],[112.79740679988402,35.54543330030663],[112.79655869962437,35.55222719992537],[112.78494660030537,35.560718899957294],[112.78533810037311,35.56629100042937],[112.78259809992244,35.566131799742834],[112.77052940041153,35.5606658003864],[112.76870270016957,35.55780000007002],[112.77105119965324,35.54835260039226],[112.76739799971801,35.541876799974375],[112.76361430006,35.53879799972793],[112.75395929998172,35.53545360000368],[112.7516760004471,35.53094109965207],[112.75258929975644,35.52770259959533],[112.75676439965741,35.52653459969207],[112.75598160007087,35.52441080031821],[112.74965370035807,35.52085339976463]]]}},{"type":"Feature","properties":{"shapeName":"Chengqu District","shapeISO":"","shapeID":"62558664B63025908645317","shapeGroup":"CHN","shapeType":"ADM3"},"geometry":{"type":"MultiPolygon","coordinates":[[[[113.28286570029195,40.041485799929774],[113.28593950030779,40.04128049999514],[113.28894190044844,40.03765430040568],[113.29283819972318,40.03253220000107],[113.29485520010746,40.03345229998371],[113.28895430030082,40.041485799929774],[113.29498390028687,40.04140369992086],[113.29541309993465,40.04789230038938],[113.31016389974423,40.047786499647316],[113.3101289997536,40.06581779965177],[113.315641000332,40.06573369955066],[113.31559270044283,40.078791799901694],[113.3124652999337,40.07873019993883],[113.31255109975348,40.08171009994123],[113.31601649966183,40.08171829995962],[113.316799700346,40.08890890042545],[113.31235800002173,40.08907310044327],[113.31233649992964,40.08419739989017],[113.30853850015171,40.08419739989017],[113.30845270033194,40.09637790041984],[113.31307149965005,40.09625890032805],[113.31266380009436,40.09845840013509],[113.31609699977673,40.098400900181446],[113.3127603000479,40.111645599964504],[113.30783040005304,40.11202709957104],[113.30633910016945,40.12632740018944],[113.30125360037346,40.12629460011573],[113.30217630029608,40.13016659970884],[113.29934389990115,40.130461900196565],[113.2965329995983,40.124046800419535],[113.29533130029938,40.12427649986063],[113.29230580017258,40.139632199866185],[113.27031169962527,40.13927139995519],[113.27059060007616,40.13118369966804],[113.28119070039054,40.131413400008455],[113.28331499978742,40.12937910026534],[113.27887330036253,40.128427499729355],[113.27975309992564,40.12601569966483],[113.28475270007709,40.12675399989723],[113.28333649987962,40.12471949960525],[113.27953850010181,40.12424369978697],[113.27998910001702,40.12268490038787],[113.2777359997167,40.12475229967896],[113.263831499724,40.1219302001187],[113.26475409982186,40.11530099964148],[113.2547762997865,40.10893369973053],[113.25642320037048,40.10687810044402],[113.25996369996483,40.10933990011637],[113.2633648001455,40.10639399988327],[113.2664869000505,40.107501800068064],[113.26689449978142,40.10202010034743],[113.26927630026114,40.09959090019993],[113.25547910018042,40.09021810018521],[113.25728419960615,40.089235199644804],[113.25704809969011,40.08544299959482],[113.25063230024057,40.08555789967738],[113.2398443998992,40.07561260024136],[113.24086900020427,40.07222609965481],[113.24820760030059,40.06523069973707],[113.25255269994716,40.067357299599735],[113.25632930035704,40.06254570002409],[113.25004220018741,40.058784899803356],[113.24893170023779,40.057302600334765],[113.25100240004076,40.05504430015441],[113.24729559961224,40.05274900006634],[113.24975780038221,40.05267100006665],[113.25664579966394,40.05846049995216],[113.25845890035805,40.05638289965117],[113.25762210007997,40.05455160027617],[113.2608406999384,40.05343469985155],[113.25378119994252,40.04827720033256],[113.2642095998932,40.04242930027203],[113.26925210040417,40.043513500447716],[113.28075339964971,40.04111510028173],[113.28026000009902,40.047710599564596],[113.2777655001778,40.04801030043507],[113.27811419971056,40.05811569987969],[113.27320169979862,40.06155530003713],[113.28972279976745,40.06206539999829],[113.28989440030637,40.05997970040289],[113.2881026998798,40.05969229956003],[113.28252639957373,40.060991800131546],[113.28256669999325,40.05822239994387],[113.28829590033558,40.05822239994387],[113.28816710033152,40.047891199619244],[113.2828724002411,40.047788599564285],[113.28286570029195,40.041485799929774]],[[113.3036379998938,40.07281719975401],[113.30810120031026,40.07272689972672],[113.3057300999642,40.07230819966372],[113.30571939983054,40.071052100374175],[113.30364870002757,40.07110129958534],[113.3036379998938,40.07281719975401]],[[113.25824440035888,40.09115999973426],[113.26101240030209,40.09328990010886],[113.26109820012186,40.08944869959788],[113.2638234004296,40.089432299561054],[113.26376970011165,40.08820929981937],[113.25934410035006,40.08807789987526],[113.25824440035888,40.09115999973426]],[[113.26130009971985,40.08184509987149],[113.2654843996853,40.08175479984419],[113.2654092999993,40.079193599904784],[113.26131089967839,40.07898009995171],[113.26130009971985,40.08184509987149]],[[113.26118750010312,40.08428719989439],[113.26492110032859,40.084443199893826],[113.26597250043062,40.08200519988014],[113.26133770037461,40.08200519988014],[113.26118750010312,40.08428719989439]],[[113.30154060011864,40.11550400000965],[113.30650330018716,40.11551780010643],[113.30647579981837,40.11311589977902],[113.30259739975031,40.11299329970109],[113.30154060011864,40.11550400000965]],[[113.25826920006364,40.07453469981658],[113.26081199987391,40.076127400059534],[113.25829070015573,40.07342629978393],[113.25826920006364,40.07453469981658]],[[113.25804929963556,40.07273259962983],[113.26098360041294,40.07454289983502],[113.26121970032898,40.07068420031567],[113.25804929963556,40.07273259962983]],[[113.31037579980341,40.076905700337875],[113.31037579980341,40.0783587997189],[113.31494620030696,40.07820279971946],[113.31471020021559,40.07687290026416],[113.31037579980341,40.076905700337875]],[[113.30633900034468,40.05890189980289],[113.30640339989702,40.06036360029998],[113.30938599966419,40.06033070040155],[113.30906409992838,40.05888549976606],[113.30633900034468,40.05890189980289]],[[113.29602320001072,40.06027740028185],[113.2961304999227,40.06214139990573],[113.30113019989892,40.06217419997938],[113.30109799967306,40.06008850038404],[113.29602320001072,40.06027740028185]],[[113.29348050002511,40.071558999648175],[113.29506839968701,40.07162469962026],[113.29516489964044,40.069728200296254],[113.29349120015877,40.06976100036991],[113.29348050002511,40.071558999648175]],[[113.26528319975989,40.06644140035041],[113.26725729978466,40.06749240025414],[113.26871640034165,40.066006200425875],[113.2668389000952,40.06494699960439],[113.26528319975989,40.06644140035041]],[[113.28590060013266,40.06801630031208],[113.28812140038235,40.067991600432094],[113.28814289957518,40.06674360043684],[113.28590060013266,40.06801630031208]]],[[[113.2098949001296,40.058834199738556],[113.22261929984086,40.03480259966028],[113.22670159959921,40.036022399614126],[113.2269805000501,40.03776389988411],[113.2339972004105,40.037747499847285],[113.2344048999662,40.038880999958224],[113.23204459957867,40.03985030005134],[113.2321625996243,40.043718900207125],[113.22970029992894,40.04415009994722],[113.23272580005573,40.04605559968621],[113.23092340039466,40.04748469975914],[113.2335841004259,40.05021140013605],[113.23197479959742,40.051098399671446],[113.22907799965003,40.048601700008476],[113.22725409989687,40.05063849986692],[113.2242715001297,40.05090129975525],[113.21929330024568,40.05789809991745],[113.21420790027446,40.05581219977324],[113.2098949001296,40.058834199738556]]],[[[113.21751229995277,40.07801399964643],[113.22871319955459,40.06817850023765],[113.2338415997101,40.068901000281016],[113.23210890020562,40.072632499690144],[113.2343833998741,40.07427449986835],[113.23242009980777,40.074307399766724],[113.23219479985016,40.07618740012845],[113.22563940043801,40.0745043998582],[113.22403009960942,40.074808100013854],[113.22409450006114,40.07858449987481],[113.21751229995277,40.07801399964643]]],[[[113.19854380025629,40.063366899762684],[113.20265289981148,40.06312059973595],[113.20369359977985,40.05670730040163],[113.20549600034019,40.05560689983861],[113.2098949001296,40.05981960039429],[113.21639650029829,40.06091990023327],[113.21019529977332,40.070534800440726],[113.20668689968079,40.07059230039442],[113.20731990009335,40.0683591002923],[113.19854380025629,40.0658629995778],[113.19854380025629,40.063366899762684]]],[[[113.44469399992818,40.109303699706004],[113.43282259998307,40.10932650021789],[113.43282259998307,40.1021708995674],[113.44784300035428,40.10207240042098],[113.4477733001977,40.1092978001534],[113.44469399992818,40.109303699706004]]]]}},{"type":"Feature","properties":{"shapeName":"Changzhi County","shapeISO":"","shapeID":"62558664B97525413482694","shapeGroup":"CHN","shapeType":"ADM3"},"geometry":{"type":"Polygon","coordinates":[[[113.13662649991306,36.131265699752305],[113.13558439970029,36.130097500199554],[113.14583359984078,36.12397510007088],[113.13754580039847,36.12031980021868],[113.12261379978713,36.12294789982576],[113.10550490023104,36.13326029982301],[113.08873040008791,36.13462889980394],[113.08858579989476,36.161354800383776],[113.08388100020807,36.16419530007312],[113.07672589958065,36.16321500037202],[113.0783393004184,36.16684949980464],[113.06917629964653,36.1633511001732],[113.05830580017255,36.168277800380224],[113.04593329978206,36.16968440031485],[113.01419740018991,36.16959079977562],[112.99276729957126,36.16709889979444],[112.99191279973593,36.15447590044249],[112.99804680021975,36.1439473996528],[113.00050330018723,36.13539139989325],[112.99955729972964,36.12508789958696],[112.99318680003091,36.116687899826786],[112.97928630022261,36.10740689990854],[112.97604379998143,36.10263840034196],[112.97577680025915,36.09896490001017],[112.98219280025762,36.086330400127906],[112.9804763002411,36.080489899689155],[112.97080979963266,36.078651400341926],[112.96991779986661,36.0706519001651],[112.97019980028062,36.062770900057046],[112.97608179993517,36.054347900135554],[112.96051030041008,36.03158940013077],[112.9620972998506,36.021041900263526],[112.98076630012474,36.00468040028028],[112.9837873000439,36.00000739972177],[112.98442079958033,35.98206339960626],[112.98130779991504,35.9703939001584],[112.95871729956377,35.94065840036495],[112.95871729956377,35.93333790002413],[112.96125779980764,35.929904899991186],[112.96547680011429,35.92624290018972],[112.98043830028735,35.9264678997738],[112.99568179997516,35.93492889964904],[113.00443279973399,35.93584040031425],[113.00894179992417,35.93194589968357],[113.0111923002845,35.92576989996098],[113.01683030037816,35.92027290007434],[113.03318780017685,35.914771900003245],[113.04615029989645,35.89828889981294],[113.05235279994179,35.893249400339585],[113.05911229959304,35.890956899841115],[113.09776280041297,35.89113990018632],[113.10762029993691,35.889297399755264],[113.1155088003909,35.886997399810184],[113.1340868000658,35.87141039957032],[113.14282230000924,35.86842340031973],[113.14620979974256,35.86933139992419],[113.15187830034336,35.88030639972061],[113.16909780032324,35.88828289973611],[113.18715680034609,35.89419539989785],[113.19338279967656,35.89784239990689],[113.19535829994561,35.899440899877675],[113.1948087997863,35.90424740029732],[113.19143679986848,35.910202399721015],[113.19235229981882,35.93056089966586],[113.18984230008209,35.93949139960847],[113.18562329977556,35.941787900291445],[113.17714680008487,35.942489400265686],[113.17041029969562,35.95485690042568],[113.17047129981074,35.977737399761224],[113.16625230040336,35.984149899598265],[113.14792629975898,35.99356090011548],[113.14511130034634,35.998828900233605],[113.14602680029668,36.000011399906214],[113.13263679974852,36.00397890030604],[113.12474830019391,36.01792540043692],[113.13152329966056,36.03089539960308],[113.148139799712,36.043128899878866],[113.15133679965368,36.053211399886266],[113.15055829972584,36.06322490030897],[113.15332030029174,36.07034689958982],[113.16018680038064,36.072448900296536],[113.16831180004965,36.082973900025536],[113.17212679971215,36.1124113995665],[113.17165380038261,36.13025290035114],[113.16956330020616,36.13531089977823],[113.15331279994587,36.13681039968026],[113.13662649991306,36.131265699752305]]]}},{"type":"Feature","properties":{"shapeName":"Gu County","shapeISO":"","shapeID":"62558664B74685832162118","shapeGroup":"CHN","shapeType":"ADM3"},"geometry":{"type":"Polygon","coordinates":[[[112.04602030039666,36.044402900173736],[112.06278229996326,36.04828190008965],[112.0781632996966,36.04705790030192],[112.08229829972686,36.04882439992616],[112.09117129971582,36.06156540022312],[112.14820880039588,36.11794290014478],[112.15898830017,36.13235490015859],[112.14232629981893,36.1693304001779],[112.13716129995407,36.19918039985561],[112.11134330005336,36.26562089978472],[112.10967230033646,36.27932340035471],[112.1040498000583,36.28782290020672],[112.08869929993284,36.29731389991662],[112.07417280003472,36.31669989998045],[112.06331630030706,36.32223489982084],[112.06062330022519,36.329242900139775],[112.05478679997088,36.33635389981265],[112.04694379981652,36.329849400229705],[112.04194629958215,36.32299789993317],[112.02140029998395,36.3194233996702],[112.01143630004526,36.319485399831365],[112.00624830001914,36.3254738999006],[112.00620279971952,36.3355634002308],[112.00943729959181,36.33845140031195],[112.02810679988897,36.340110900397804],[112.0343933002107,36.34426490040488],[112.04328079996901,36.35723489957098],[112.04981980024365,36.36208340012888],[112.06214130008095,36.38413990013635],[112.08048229961844,36.391513900246366],[112.08619679964261,36.39587039969922],[112.08954630032156,36.4017373995614],[112.09120929966946,36.4073104002548],[112.09072879999417,36.41532140006262],[112.08709729980058,36.42343890028508],[112.08592929989732,36.43830489965143],[112.08144379989153,36.451438900085236],[112.0787887997634,36.48116290024768],[112.08186330035107,36.49642539991231],[112.08949279965304,36.50223139965942],[112.09662630036348,36.502055399637015],[112.1038892998514,36.49981289964563],[112.11012230040387,36.4956968995923],[112.12093329983202,36.486484400135],[112.13423930010367,36.468875900202704],[112.15524280011516,36.451103399902024],[112.16075879997868,36.4492529000014],[112.17881029965565,36.45011890036699],[112.17015079961982,36.470512400127234],[112.16088080020882,36.501117899571454],[112.15529629988441,36.51269139998817],[112.14734630019166,36.51732240040849],[112.13461280024057,36.52053089998111],[112.12625129955791,36.524276900058965],[112.09948730009887,36.54441439970486],[112.08661630010226,36.563556400207744],[112.078308300088,36.58252689999648],[112.07317329980799,36.584823399780134],[112.05552629989893,36.58776040032228],[112.04447180003365,36.59288790025647],[112.04463969986227,36.59081699990469],[112.04116829967734,36.589122900201744],[111.98576329963663,36.585311899824376],[111.97461680002539,36.58073440007257],[111.97226729959624,36.57719789976329],[111.97221379982705,36.56434639976658],[111.96938329969959,36.55940989964722],[111.95744330036808,36.5495223996391],[111.95239280038749,36.54335390026233],[111.94248180019497,36.52390690008343],[111.92726129976921,36.51640689955883],[111.90129880039939,36.51213440038231],[111.88211079957381,36.4998738997607],[111.86913280003876,36.47960640041509],[111.8606261002144,36.47267060036796],[111.86177829992869,36.460716399842056],[111.85974130042075,36.45237340001245],[111.86264659986074,36.442142799650526],[111.8674927999528,36.44236739993562],[111.87931830029936,36.43550890021561],[111.8846433003481,36.42792490031394],[111.88411730037319,36.4223973999201],[111.88095080003944,36.41859439991168],[111.86939259978868,36.40776610022539],[111.86182199978555,36.40459309959192],[111.86067979963309,36.39229190015112],[111.86366939972311,36.38572290029168],[111.86250280006425,36.376991399633425],[111.86488880037791,36.36255919994716],[111.86954790011555,36.36046659985374],[111.87153580023704,36.355335400108686],[111.8859633000663,36.33871840003417],[111.88810730001194,36.327106399640684],[111.8836972000658,36.30684689976465],[111.88991660017103,36.2897263000288],[111.88689069984599,36.28522359958953],[111.88839079959581,36.278652399988346],[111.887439799807,36.27049639978907],[111.88499090001011,36.269927399629864],[111.87960179988323,36.27274099969742],[111.87189539955313,36.26846210004595],[111.86697440014854,36.26250869961683],[111.87116980044601,36.26022359963946],[111.86880139986476,36.247925299612916],[111.86440280044894,36.24605829985069],[111.85591880041238,36.219768399592],[111.85771929980592,36.213649899823054],[111.87622080044963,36.19949740008502],[111.88679129957887,36.19716059988184],[111.89137740044674,36.18756619972038],[111.88580329988247,36.18245340010441],[111.8865128002256,36.17560239983095],[111.89356639976961,36.1708028997341],[111.8831712999156,36.165595899731045],[111.87339030032217,36.14959340011535],[111.83807380036563,36.12013240038999],[111.82936880003018,36.11426539962855],[111.81363680029818,36.11177439986869],[111.81498729962425,36.09508139988674],[111.84461980006381,36.10182189956106],[111.85562879962947,36.107097400025054],[111.89359280026758,36.11233489963598],[111.90254230018706,36.10972139962297],[111.9047162997175,36.10659790037283],[111.90136729996101,36.08764639966165],[111.90170280014416,36.07779290032215],[111.91316229980038,36.07115540000177],[111.92088329972455,36.07009489965992],[111.9313433000533,36.066161899951794],[111.97035979976499,36.06751989962373],[111.99957279974495,36.071910899768284],[112.01035329956517,36.07188390032178],[112.01870729990208,36.069469399593174],[112.03462980032509,36.05932240020866],[112.0406417996794,36.05359639965417],[112.04602030039666,36.044402900173736]]]}},{"type":"Feature","properties":{"shapeName":"Guangling County","shapeISO":"","shapeID":"62558664B16142523763321","shapeGroup":"CHN","shapeType":"ADM3"},"geometry":{"type":"Polygon","coordinates":[[[114.20875329962519,39.923595899631096],[114.19881780010144,39.92214459979351],[114.13967800013961,39.90218529991171],[114.10230170016337,39.91851609973827],[114.0768485003581,39.91914469976814],[114.06066730005591,39.93230340008188],[114.03464569993912,39.923595899631096],[114.02860010011455,39.942587199839465],[114.01603609988615,39.93898239961811],[113.99482729993997,39.941333900139455],[113.98063680024825,39.92934390030081],[113.97093980003183,39.91721789958643],[113.95623029978856,39.90338140003166],[113.94345080041421,39.88591739956837],[113.9380187999277,39.871593400015456],[113.93534829998407,39.84725189985534],[113.93081679965564,39.84073639976509],[113.92645279985686,39.83789039982213],[113.90411380031173,39.837390900169964],[113.87660980000237,39.83951940030016],[113.84416180012704,39.830764900379904],[113.85250830011796,39.822936900017964],[113.8744427998954,39.81060389965029],[113.87790679955924,39.80518739987866],[113.8793863003375,39.79765689974619],[113.87756329990646,39.78318389961731],[113.88892430041619,39.7742768998591],[113.88783280044345,39.76348090022344],[113.88973980025162,39.76031890009722],[113.91042329989546,39.733058900248125],[113.92552930043689,39.72675339994947],[113.93058030044062,39.71907440016349],[113.93100730034666,39.71564490029198],[113.93923929955406,39.710330899851215],[113.9510572995548,39.680347400312314],[113.96917729969266,39.656226899551825],[113.96999379957424,39.65052039989661],[113.96597230028146,39.63874440003411],[113.98117830003855,39.62097940007931],[113.98844929989536,39.61701189967948],[113.9999998001507,39.61456290005782],[114.01223729971173,39.61668790002659],[114.03217379998091,39.62477489974191],[114.04340379984558,39.62631589975899],[114.0573502999764,39.62492390031781],[114.07048779967226,39.62054089964283],[114.07968880039789,39.6199914003829],[114.09353629956058,39.62293989965667],[114.11200729969721,39.63099289960269],[114.11820979974254,39.631767400245394],[114.12949380029875,39.63055440006559],[114.16499329970111,39.63265990003441],[114.1839368000434,39.61988039976069],[114.19249730001047,39.60855089980424],[114.19727329992293,39.59397140016006],[114.20207229999676,39.590831900172134],[114.20852729999501,39.59320840004767],[114.21434780041068,39.59786589989142],[114.22580730006689,39.60168389969226],[114.23885330003986,39.615138899640556],[114.27203430044267,39.628166399659676],[114.31517080039214,39.647720400276285],[114.34680929980937,39.65086739971076],[114.36422729995002,39.65406040036726],[114.37136079976119,39.65277490044133],[114.38126379958476,39.646945899633636],[114.38734159963519,39.645335900031796],[114.38698079972414,39.65234519987115],[114.39252859961528,39.656059399921446],[114.38915170019084,39.65958770021223],[114.39180499970098,39.67332779963829],[114.39518199984946,39.67815480010398],[114.39011650007649,39.6846520997147],[114.3949407998781,39.69189119971912],[114.39011650007649,39.69912960005104],[114.40412899965372,39.76508710018959],[114.40388679963621,39.78806070004134],[114.38310699968838,39.81846429988758],[114.4010854995962,39.83408839985981],[114.39746409968848,39.85537030029917],[114.37739120014385,39.86808750003814],[114.33390270014957,39.862420600230564],[114.31943990013133,39.86533719965212],[114.30788119985755,39.85951529989126],[114.27640920002466,39.86479150002776],[114.2724387003858,39.88045979987993],[114.22418210012393,39.863712300082625],[114.189355399732,39.878952699807314],[114.18924709977387,39.891185799884795],[114.2177425001164,39.907629300052236],[114.20875329962519,39.923595899631096]]]}},{"type":"Feature","properties":{"shapeName":"Baode County","shapeISO":"","shapeID":"62558664B34781653969795","shapeGroup":"CHN","shapeType":"ADM3"},"geometry":{"type":"Polygon","coordinates":[[[110.94721070011377,38.73711589957918],[110.9446952999482,38.726051900175094],[110.94817330025768,38.72051640031168],[110.94814279975049,38.71544640033119],[110.94687629980143,38.71001039966029],[110.93990330019722,38.69878389995705],[110.93961330031362,38.6893544003853],[110.94352730004493,38.68536739998558],[110.95382680016678,38.68297190013311],[110.96933729957675,38.68455490028845],[110.9798433002282,38.68375790040682],[110.99693329963213,38.66262789995767],[111.00070179984823,38.65980140001466],[111.00588979987441,38.658942899994884],[111.01879879982482,38.6586448997424],[111.02770230032098,38.66395940020618],[111.03748329991441,38.666896899872086],[111.06482680001687,38.68553939982348],[111.07396729975113,38.6880644002519],[111.10891729989356,38.7038078996149],[111.1171188003924,38.70571140016102],[111.13214880012708,38.7174569004157],[111.14523330007682,38.72312540011717],[111.18077829977875,38.72935090032382],[111.19600679967414,38.728622400003815],[111.20504780021588,38.72330839956305],[111.21322629965408,38.731567400015535],[111.22297679963964,38.73476389993408],[111.23383330026667,38.73525640016277],[111.23786930022806,38.74415989975961],[111.23670180034787,38.74801190022907],[111.21779629995933,38.761153900132456],[111.21266179970235,38.77102290018672],[111.21000679957422,38.786968399871796],[111.21694180012406,38.792564399827256],[111.23441330003385,38.79909189957158],[111.23557280044446,38.80327590006277],[111.2325132996491,38.81690990017182],[111.23652630034854,38.83017340028226],[111.23638129995709,38.83613590005177],[111.24237080007242,38.84673290040308],[111.25108329985449,38.85240540028906],[111.26547980005279,38.85672389978822],[111.27697729966269,38.848517899981175],[111.30001079975864,38.851615899853925],[111.31111880029243,38.86886590034106],[111.32055680025621,38.87662890040349],[111.32003080028124,38.88395290000636],[111.30962379969867,38.901618899892355],[111.31059280031752,38.90854640009633],[111.30860130020989,38.91557290036911],[111.30377179962892,38.92522440028591],[111.31326280023808,38.97705440004057],[111.31031029988048,38.98105640023272],[111.28833029980353,39.00325390044719],[111.26367929975993,39.00949489957003],[111.2589263000088,39.0138739000605],[111.2573698001762,39.01908090006356],[111.26155079962979,39.0224799003272],[111.26300830029288,39.026679899757596],[111.26080330023217,39.032546899619774],[111.2381667995582,39.055167899578976],[111.22991180018948,39.05915439995567],[111.21663680044804,39.062915899848974],[111.20085130004753,39.076659899634706],[111.19512180023094,39.09016790022844],[111.18708029991598,39.10288640038709],[111.18094630033158,39.10581989986855],[111.17194379976661,39.10770789969985],[111.16248329966459,39.108398400066164],[111.15770860017182,39.10722220014446],[111.14182070026516,39.09997209963274],[111.13773779975969,39.09618570020996],[111.14154039956986,39.0855198999235],[111.13536410037301,39.067460100403366],[111.11065129981768,39.044250999583994],[111.09009989979063,39.0333794002392],[111.08636879968043,39.02852879976433],[111.07860750023599,39.02309969959151],[111.02256400042836,39.017042399587126],[111.01249819993205,39.00639670004773],[110.98930500002581,38.99544249977163],[110.97436909995406,38.97549680033711],[110.97575629971351,38.96912269975286],[110.98296519958433,38.96139149971799],[110.99464869967778,38.95327279979995],[110.99191430020483,38.94341309963488],[111.00679709980636,38.92847130001053],[111.00310060021258,38.90589499995434],[111.00981239982247,38.89738300042518],[111.01252060024558,38.88547399982531],[110.99818329971959,38.87143890028506],[110.98874899956672,38.86750629987591],[110.99058749981333,38.86197620044135],[111.00103179977782,38.848519300225576],[111.00015949966127,38.835922800297055],[110.9903771996481,38.82488030008585],[110.98236059976193,38.80991129956686],[110.98346639985454,38.805710700288614],[110.98104250031122,38.79739290036213],[110.971597900223,38.78593349963137],[110.95225080033424,38.778188399674946],[110.9507094001188,38.769501099795946],[110.96039410030755,38.75809989959072],[110.95374770029622,38.743438499587114],[110.94721070011377,38.73711589957918]]]}},{"type":"Feature","properties":{"shapeName":"Dingxiang County","shapeISO":"","shapeID":"62558664B3700830427884","shapeGroup":"CHN","shapeType":"ADM3"},"geometry":{"type":"Polygon","coordinates":[[[113.28792130032775,38.46860029986402],[113.28490960029785,38.46865950043565],[113.27030880021107,38.4752796995985],[113.26452629974904,38.481876400375654],[113.26668249989757,38.4891206004354],[113.26510530036933,38.48965760001829],[113.26589920028789,38.492176799819504],[113.2622602995732,38.505889899799115],[113.2559599002293,38.51284739958788],[113.24908720021415,38.51717989973264],[113.24699500031909,38.51998360006314],[113.24817520042518,38.52163719969707],[113.24573980035154,38.52171280030552],[113.24568719990441,38.52365639982304],[113.24303610013601,38.52444919987073],[113.24005350036884,38.531415500425055],[113.23454959998412,38.53319480009998],[113.23059059997627,38.54190579981287],[113.22524769982158,38.54533789962443],[113.22493729971666,38.54701989984858],[113.21885629987844,38.54547140038488],[113.20941190033898,38.53551110025711],[113.2033296999058,38.534063799704654],[113.20153130042922,38.531460999825356],[113.19332130043767,38.53419089999011],[113.18788129958239,38.550311899674455],[113.1836184995941,38.5552062998309],[113.17308419997596,38.56561700022445],[113.15263430013295,38.57130790023945],[113.14053329967214,38.57920890037053],[113.12028469957932,38.60883749955104],[113.10423280020359,38.615291399678426],[113.09342329994536,38.61391959990965],[113.08291720036857,38.615882800151155],[113.08396549960821,38.62764680035963],[113.08757289976961,38.63301600028825],[113.09228059976988,38.6359160998482],[113.08926219979071,38.64721820015984],[113.08111019977594,38.65122960006602],[113.08405440029037,38.65887800041946],[113.07807129975072,38.662131199894986],[113.07309690040165,38.662584799948604],[113.04389749996972,38.651550300106294],[113.03873290030322,38.646014900067655],[113.04470210002194,38.63211369968752],[113.03410220025637,38.632395100253746],[113.03145549997146,38.63665469955481],[113.02888240020263,38.63509139994818],[113.02316449984187,38.63970670000424],[113.01795270015702,38.63983800012363],[113.00847630004125,38.636501400219515],[113.00776679969806,38.627307899839764],[113.0016632997216,38.6202394003281],[112.97852330011028,38.614028899913876],[112.9685667996182,38.613494899570014],[112.9638843004202,38.61666060040642],[112.95761880016755,38.61568439981528],[112.94143680036814,38.61678690029527],[112.93157979996784,38.62038439982024],[112.92478180033993,38.62728140041634],[112.91605849970006,38.62967759994132],[112.90772229964443,38.63982389965332],[112.8963700999002,38.644733099952646],[112.89095820016087,38.642085500345615],[112.87976399960894,38.642780300370646],[112.87444669955562,38.640322300333935],[112.87086560006742,38.635914699603745],[112.86244599958331,38.63269809983751],[112.85349279985292,38.63352939986197],[112.83364439986917,38.63939000014847],[112.83234220043232,38.643288900262576],[112.81959460001087,38.643623299675596],[112.79147329965315,38.63636790035838],[112.74989330043547,38.629515900038825],[112.73896029987804,38.62157439983872],[112.7507206002756,38.611345300445294],[112.75786099968548,38.60805920017202],[112.76420390009002,38.607262899962905],[112.77549619958995,38.5986341000837],[112.78180960043278,38.59888550016575],[112.79378459957968,38.595971399960206],[112.80371370042701,38.59791770014181],[112.8098615999329,38.595031200129824],[112.81921589999388,38.59323179970784],[112.824603199678,38.58855420001635],[112.83526470030574,38.58490100008112],[112.83718400014152,38.579525299852776],[112.84711000012646,38.56679210027528],[112.84694229994727,38.56342210044966],[112.85356690039225,38.55524980003827],[112.85375280015171,38.55160039973873],[112.86495369975353,38.54184130043569],[112.87032300040619,38.52181429959029],[112.87585740039879,38.51748419973609],[112.87094090030234,38.51284119966169],[112.86855749992878,38.503671300190376],[112.86498189979488,38.49877980034756],[112.85318730015388,38.496825899995315],[112.85078999985865,38.494216400166806],[112.85047110026107,38.48970620028098],[112.85677249965124,38.482566600368386],[112.85274330036304,38.47697289997939],[112.85486309955252,38.473231900132134],[112.85740950024831,38.47170570025793],[112.87479599983556,38.47234439967434],[112.87422959961634,38.45760100038592],[112.86956339973119,38.45530659961992],[112.8614185996887,38.43951039998501],[112.85491360008268,38.4321886999486],[112.87123669991388,38.438651399942216],[112.90108270030646,38.438512999675254],[112.9041510998934,38.43495009976732],[112.9060250001537,38.42844829994914],[112.90222689965174,38.4275981995973],[112.90465199979008,38.41842759955415],[112.89853740038075,38.41195439997563],[112.89703159982855,38.392965199684284],[112.89259899974411,38.389512800375485],[112.89409470001044,38.382932800008746],[112.89821179993464,38.37750920008955],[112.90167919993519,38.375862900252685],[112.9242558003649,38.37767929966003],[112.9286834002188,38.36984350037727],[112.94240160025367,38.36714679958516],[112.96310900028016,38.35780760004076],[112.96613710034694,38.35773160013332],[112.9687037996407,38.35614039995954],[112.9688032997326,38.350673399657694],[112.97220299966875,38.34205329982001],[112.97575380009789,38.340316899605284],[112.9926530002358,38.34100100039592],[113.00115269973742,38.34393520044921],[113.00703530013902,38.35204199963863],[113.01625479991912,38.35624290018973],[113.01617279973493,38.364729699815825],[113.0279319004369,38.36888159990599],[113.02847500012126,38.376751200207764],[113.03352169956679,38.380974500173124],[113.05390180032794,38.38888940022571],[113.06398190004472,38.387538700350774],[113.07847879965698,38.395360700436015],[113.07952930043689,38.39791289996043],[113.07186059968694,38.41149600024028],[113.0999892996665,38.419578700296825],[113.11551839975436,38.42085409993683],[113.13218559998552,38.41781710017909],[113.13996690035219,38.412153599808846],[113.15338119968271,38.41487739987218],[113.16167469992752,38.4130144002944],[113.16723629991532,38.41696940011775],[113.18004310000913,38.415398299791775],[113.18319039981714,38.4135755997342],[113.1947918997264,38.41436870015542],[113.20149519984363,38.4177986002253],[113.20485760039799,38.422211099562674],[113.20780020011921,38.42226040039719],[113.21288490041786,38.425925199788196],[113.2121698998211,38.4291184999189],[113.21455010040688,38.43191129956688],[113.23682470039967,38.4325851004221],[113.25065840036496,38.438156699971785],[113.25521969972942,38.438280499745304],[113.25964330029808,38.4421079001595],[113.26724039972476,38.44216149975347],[113.27088820013034,38.44501850020367],[113.27591999960839,38.4461696998718],[113.28391279983589,38.46381440021446],[113.28792130032775,38.46860029986402]]]}},{"type":"Feature","properties":{"shapeName":"Datong County","shapeISO":"","shapeID":"62558664B27177142707411","shapeGroup":"CHN","shapeType":"ADM3"},"geometry":{"type":"Polygon","coordinates":[[[113.3897852997518,39.89144759972697],[113.38343380002993,39.88459839989628],[113.40778379968265,39.863975400344486],[113.4231263003386,39.85406890035949],[113.42446880019509,39.85089489967993],[113.4113463002916,39.85077589958814],[113.39401230042733,39.84527589956315],[113.3753587999687,39.84225789978228],[113.36329630038404,39.83849689991206],[113.35485829977074,39.8274993999774],[113.35040280024907,39.807674400353335],[113.34538329989948,39.799972400406034],[113.33760830018298,39.794036900082915],[113.34066029973314,39.78586940025269],[113.34568030010587,39.78027340029723],[113.35244730010288,39.77541740029284],[113.37252030037166,39.7663343996129],[113.37748730009889,39.76188290027568],[113.40216829972735,39.72931290017027],[113.41735829964591,39.71573640001492],[113.46253980037159,39.72380039956886],[113.46605679978154,39.73168539986136],[113.46775830000558,39.754188399774876],[113.4679107998436,39.77114840037842],[113.46395129981272,39.77997990025227],[113.46688830035487,39.78784939983001],[113.48001879972787,39.80102140021751],[113.48903630008522,39.80606439985223],[113.51238230020306,39.81056589969654],[113.52146930016818,39.81400339993701],[113.53215029989644,39.82206740039027],[113.54640930004916,39.837321899685946],[113.56630730034169,39.84584439969933],[113.57785779969777,39.84796889964508],[113.60636130023386,39.86495190040995],[113.61464680010977,39.86653090038078],[113.63642880004909,39.866382399827955],[113.66021679986545,39.8605498997581],[113.67967230043632,39.858959900179286],[113.69333630013023,39.860210400289816],[113.70884680043957,39.85256190011165],[113.71514879967742,39.85179589986092],[113.73341380020679,39.85750589967756],[113.76113879991578,39.87236389957434],[113.77391830018951,39.873580899938645],[113.80735779992256,39.864967400225396],[113.82057209992252,39.86373399982426],[113.82119729961573,39.869411400116064],[113.82948280039102,39.87899789973335],[113.83393879993571,39.88711940014025],[113.83534229990732,39.904792900372115],[113.83260330040207,39.9219094000988],[113.83863129959491,39.94335189967046],[113.8511428001002,39.97502489977933],[113.8512268003766,39.98052589985048],[113.8442763000113,39.99044340034271],[113.85147830028336,39.9974824002926],[113.8590018000931,39.99605189997527],[113.86669929983293,40.000011400006144],[113.8585892999563,40.01022739987468],[113.8463362996805,40.03651039963529],[113.83947729993747,40.04577989992248],[113.82878130041672,40.056033899744705],[113.82251730023324,40.06529240042397],[113.81771079981365,40.082523400034916],[113.80740330022218,40.09596989959124],[113.80107079957781,40.10339740036977],[113.79315929986183,40.107883400398634],[113.78362279985242,40.10805490021352],[113.76872229979438,40.0996324003151],[113.73502379980857,40.09062190028055],[113.72403680035814,40.09264389999606],[113.71494280007028,40.097141399655925],[113.692260799996,40.11695839981036],[113.67350780034474,40.12847889958158],[113.65493780013946,40.13633340026627],[113.62497729986251,40.1432263997786],[113.6194303003681,40.147434399577946],[113.6113128001457,40.15894289969509],[113.61141180021446,40.171520399646795],[113.6003262998189,40.187263399886035],[113.5981293001272,40.19727340014737],[113.60272980004027,40.20195390015243],[113.61387629965157,40.20747740036177],[113.61015329973509,40.21799089956039],[113.57144179969941,40.23392839977589],[113.5394128002606,40.254092899767556],[113.51381679980557,40.25883089972632],[113.5084993001027,40.25022889964407],[113.50174729989806,40.24393089969129],[113.46166230037488,40.22121789998613],[113.43329629988443,40.19992440009105],[113.42404180028893,40.18885789967237],[113.41771679999044,40.175693399630745],[113.41697680003938,40.169990400136896],[113.41172029955226,40.163436900092904],[113.39862079981015,40.153339400293135],[113.386543300433,40.14802940003682],[113.37699560026681,40.1472980003025],[113.37842880034896,40.14309549985751],[113.37658339960421,40.1365666996935],[113.37894379981662,40.127970199864876],[113.3953374002009,40.11458099971344],[113.3969252998628,40.106638100168254],[113.38937219976731,40.09038850012922],[113.39573570004256,40.07741580029898],[113.39009240024416,40.07493649981967],[113.38932520029778,40.07164840035347],[113.3853878002069,40.071664800390295],[113.38122500033353,40.05706560019735],[113.38337069999784,40.04878749994322],[113.39553719988191,40.03094679955518],[113.38995819981119,40.01517210001248],[113.37762010028746,40.00679029983252],[113.37352169996655,40.00023209993151],[113.36283570000762,39.97499590024063],[113.36103330034655,39.95812270040233],[113.36502439985622,39.94785860029424],[113.3709466999303,39.94499630013917],[113.37704070036807,39.937132399740506],[113.37858569967034,39.93051810013026],[113.38128930006121,39.92837899969112],[113.37948690040014,39.91959159987249],[113.37656870018543,39.916859699615486],[113.37759729977563,39.9075800999417],[113.38618039970572,39.89823030008836],[113.3897852997518,39.89144759972697]],[[113.4477733001977,40.1092978001534],[113.44784300035428,40.10207240042098],[113.43282259998307,40.1021708995674],[113.43282259998307,40.10932650021789],[113.44469399992818,40.109303699706004],[113.44469419957773,40.114682499897526],[113.44771969970441,40.114649699823815],[113.4477733001977,40.1092978001534]]]}},{"type":"Feature","properties":{"shapeName":"Daning County","shapeISO":"","shapeID":"62558664B75440997923425","shapeGroup":"CHN","shapeType":"ADM3"},"geometry":{"type":"Polygon","coordinates":[[[111.01571679979054,36.27555440011554],[111.00718680033066,36.29418190027451],[110.99936680033761,36.303672899984406],[110.99368279992132,36.30752939976202],[110.98400879986627,36.31141640004688],[110.96238780015693,36.311271399655425],[110.9565887998333,36.31282440022596],[110.95040879992621,36.31550589977752],[110.94444279999527,36.323016899910044],[110.93755329974505,36.32749939977754],[110.93002329963565,36.32551940020022],[110.91885379986303,36.32657240019614],[110.91110979977748,36.33101289992544],[110.8900527999968,36.36463540000375],[110.8744733001028,36.38613140024398],[110.87370279964455,36.3925168997352],[110.87531280014565,36.39742290024668],[110.88072979994035,36.401134399632895],[110.88365930013663,36.40748190006968],[110.88182830023595,36.412902900048834],[110.87029279977293,36.425872900114314],[110.86049630036405,36.44581589978401],[110.85968029960623,36.45289589982599],[110.86144229992226,36.45596690025229],[110.85848979956467,36.46844840027353],[110.85227179970383,36.482604900196066],[110.8434827999913,36.48950940023866],[110.83698279971651,36.492400899581924],[110.83200829964335,36.49766140025349],[110.83540329972254,36.50540939962417],[110.83368679970613,36.51657490011161],[110.83619680034212,36.535987899621944],[110.8260728002196,36.5637243998612],[110.81685629967853,36.56831340014338],[110.79409030022725,36.57474489995724],[110.7851332999619,36.57980290028365],[110.77072880029397,36.59239189986636],[110.75488279980141,36.60146340001597],[110.74786379987455,36.599956399768075],[110.73771679959071,36.60908489984831],[110.73461130027135,36.605026399748624],[110.73415329983499,36.59260189965801],[110.73121630019216,36.58992390026782],[110.70661879991775,36.58315640024773],[110.70152329966061,36.57899089971028],[110.66533680005335,36.55990990022178],[110.65644079990307,36.55324939974008],[110.65370180039781,36.53381740025287],[110.65139780026834,36.530483400288745],[110.6367032998175,36.525127899732865],[110.6125792997949,36.51974090042228],[110.60473629964059,36.52140039960881],[110.5946577998177,36.52615340025926],[110.5652467997001,36.52876290008783],[110.54324330033808,36.535846900314255],[110.53072330034007,36.53639589955117],[110.52308629979296,36.533790399907105],[110.51574680037459,36.53560640001541],[110.50853729975665,36.553317900200966],[110.48363050014751,36.55907920004512],[110.48379630005928,36.54989129974376],[110.49515070044453,36.53824960013901],[110.49675140015705,36.530422199624866],[110.49558660004163,36.51057379964118],[110.49961339993854,36.49066429971771],[110.49251230000272,36.473004300108414],[110.48040029993393,36.46686420042255],[110.46782599977013,36.45327240010124],[110.46797219985717,36.44784870035727],[110.47373990017633,36.43840789990469],[110.48274160034464,36.43222870039426],[110.48675720008475,36.425847600386476],[110.48621089971329,36.41678359968341],[110.48112389984817,36.40076050019695],[110.48314259995107,36.39589609962536],[110.47149280015265,36.37542240012374],[110.46622160024674,36.371862700003646],[110.46441440000461,36.36630679991896],[110.46670970009262,36.354424400365815],[110.48728179981526,36.34479939987244],[110.50826279968851,36.342471899558575],[110.51502230023902,36.33984739993758],[110.51978280033603,36.337341400385355],[110.52728279996131,36.32556889978497],[110.53926080014588,36.325282900085824],[110.56947330035257,36.33192839987578],[110.57943730029126,36.33176040022232],[110.62906630016965,36.32333390013946],[110.65940830005309,36.31044390016592],[110.68341830021444,36.29469289955773],[110.69156630004477,36.29235439963588],[110.7017668000978,36.29288089963387],[110.7189637999395,36.29858790021149],[110.72992680008184,36.300296899882085],[110.76277929972497,36.302203899690255],[110.76017780026535,36.313781900314495],[110.76357280034455,36.317626899561844],[110.77330080019186,36.3206484004034],[110.80590029985899,36.322299900120356],[110.82875829995567,36.32850240016569],[110.82955179967587,36.32188389982218],[110.83438879970339,36.318225900205164],[110.83960730023676,36.30953190037695],[110.85883330011677,36.29626089992064],[110.86646280031806,36.29320140002466],[110.88210280030404,36.28961940031513],[110.89192980022017,36.29492939967213],[110.89887230021657,36.304691400188005],[110.90453329957217,36.30887239964159],[110.90957630010621,36.309810399730225],[110.91631329961916,36.29614239985193],[110.92646780024882,36.29343039979318],[110.92746729957628,36.283840400014526],[110.93254830006407,36.28064740025735],[110.938301300065,36.27978139989176],[110.96005230037343,36.2817718999533],[110.98803730038117,36.28015890021311],[111.00138880005312,36.27667989985753],[111.01571679979054,36.27555440011554]]]}},{"type":"Feature","properties":{"shapeName":"Anze County","shapeISO":"","shapeID":"62558664B86153157792898","shapeGroup":"CHN","shapeType":"ADM3"},"geometry":{"type":"Polygon","coordinates":[[[112.14058679964114,35.912063400105865],[112.1534728003295,35.92221090041278],[112.16560380037515,35.92297339960277],[112.17462930020213,35.922344400273914],[112.18905630000825,35.91785440006055],[112.19954679994487,35.91173939955371],[112.23410029978902,35.89706039981763],[112.24227880012654,35.89710590011725],[112.25943729999142,35.90246589998134],[112.27184280010522,35.90390389974522],[112.29332729981513,35.897605899792495],[112.30547329965316,35.89583990019128],[112.32099130030838,35.89500090017145],[112.33336629991481,35.89986789978383],[112.34097279995478,35.90081790042581],[112.35762779998299,35.89929190020109],[112.37541980028357,35.89571439979977],[112.38923629981548,35.89691939961068],[112.40554029984503,35.90545290013131],[112.422081300012,35.921306400070364],[112.44091779991663,35.93236540014317],[112.45694729987804,35.94066239965008],[112.49497930005475,35.95521940005534],[112.51074230031702,35.96282189991081],[112.52395629994339,35.97361740042277],[112.5261613000041,35.98506540044792],[112.52271280015566,35.99717689959431],[112.52126329986152,36.02049240010422],[112.51930979970757,36.024829899580254],[112.52058329997942,36.0300320000768],[112.49707779970072,36.032661400103564],[112.49410230008118,36.03778439983023],[112.49514030028467,36.051311400400834],[112.49281329999383,36.05706789966388],[112.48419930025761,36.06871389982666],[112.49182879955947,36.082557399704285],[112.54633330034164,36.107761400068625],[112.55870029957919,36.114692899557724],[112.5624008002568,36.11873990002641],[112.56417080004246,36.12319190028603],[112.5643002997191,36.132186899605756],[112.55844879967242,36.14728089959391],[112.55490880010109,36.162616899950024],[112.55935680017626,36.17190540021409],[112.5611417997543,36.18859840019604],[112.55486279977845,36.224971900333],[112.55697630011616,36.237941900398425],[112.5625533000948,36.24504489970241],[112.56765729984454,36.26304639977161],[112.56780979968255,36.27019140011305],[112.565879799713,36.27267839968846],[112.55352780026783,36.278213400428115],[112.54414380009632,36.280467900073575],[112.53656779966434,36.273315400285526],[112.53350080032169,36.26574690019936],[112.53016680035762,36.262363399751166],[112.52552779956841,36.25978839971492],[112.51911179956994,36.258765900226194],[112.49616980009625,36.262038900075254],[112.47106930000825,36.26827239975148],[112.463043300408,36.27201439964489],[112.4577027996445,36.2787399004261],[112.44814280035007,36.30432140021253],[112.44671630021719,36.32892990009486],[112.4427723000017,36.33945089963936],[112.43718729965417,36.34250240006577],[112.41011829961985,36.34289940038707],[112.38818379984252,36.3453633998011],[112.34842680015674,36.34297540029456],[112.34118629990792,36.34640140000465],[112.33058180011005,36.362602399781],[112.30747230010661,36.36907939989442],[112.29254929991032,36.37689190044091],[112.28452280028705,36.382926899956544],[112.26696029977802,36.4006683997269],[112.250862300255,36.410426900081404],[112.20644379964165,36.409560899715814],[112.19642629993382,36.41784290032962],[112.17881029965565,36.45011890036699],[112.16075879997868,36.4492529000014],[112.15524280011516,36.451103399902024],[112.13423930010367,36.468875900202704],[112.12093329983202,36.486484400135],[112.11012230040387,36.4956968995923],[112.1038892998514,36.49981289964563],[112.09662630036348,36.502055399637015],[112.08949279965304,36.50223139965942],[112.08186330035107,36.49642539991231],[112.0787887997634,36.48116290024768],[112.08144379989153,36.451438900085236],[112.08592929989732,36.43830489965143],[112.08709729980058,36.42343890028508],[112.09072879999417,36.41532140006262],[112.09120929966946,36.4073104002548],[112.08954630032156,36.4017373995614],[112.08619679964261,36.39587039969922],[112.08048229961844,36.391513900246366],[112.06214130008095,36.38413990013635],[112.04981980024365,36.36208340012888],[112.04328079996901,36.35723489957098],[112.0343933002107,36.34426490040488],[112.02810679988897,36.340110900397804],[112.00943729959181,36.33845140031195],[112.00620279971952,36.3355634002308],[112.00624830001914,36.3254738999006],[112.01143630004526,36.319485399831365],[112.02140029998395,36.3194233996702],[112.04194629958215,36.32299789993317],[112.04694379981652,36.329849400229705],[112.05478679997088,36.33635389981265],[112.06062330022519,36.329242900139775],[112.06331630030706,36.32223489982084],[112.07417280003472,36.31669989998045],[112.08869929993284,36.29731389991662],[112.1040498000583,36.28782290020672],[112.10967230033646,36.27932340035471],[112.11134330005336,36.26562089978472],[112.13716129995407,36.19918039985561],[112.14232629981893,36.1693304001779],[112.15898830017,36.13235490015859],[112.14820880039588,36.11794290014478],[112.09117129971582,36.06156540022312],[112.08229829972686,36.04882439992616],[112.0781632996966,36.04705790030192],[112.06278229996326,36.04828190008965],[112.04602030039666,36.044402900173736],[112.04914080040771,36.0348928995877],[112.06249230007961,36.02487189971845],[112.06797780033526,36.01361839966944],[112.06877130005546,36.005161399978704],[112.08425129985767,35.98628189988983],[112.10733030025324,35.965617900245945],[112.13881679985548,35.920520899819735],[112.14058679964114,35.912063400105865]]]}}]}