{"type":"FeatureCollection","features":[{"type":"Feature","properties":{"shapeName":"Wanshan District","shapeISO":"","shapeID":"62558664B45601911634993","shapeGroup":"CHN","shapeType":"ADM3"},"geometry":{"type":"Polygon","coordinates":[[[109.12477879970191,27.52405739982919],[109.13317130001553,27.52122489960948],[109.13609329986593,27.517444399739304],[109.14659879959498,27.494102399805968],[109.14761379963721,27.48832689966673],[109.14195230025854,27.46167940018421],[109.1427232998405,27.45800300043817],[109.14842940019673,27.45243709989228],[109.1516377001198,27.445514500094134],[109.1545099998367,27.445514500094134],[109.1555043001834,27.438651400341882],[109.15064339977312,27.423452999856124],[109.15160370035056,27.419714000101067],[109.16235380038762,27.42051109980747],[109.16694239957212,27.426029800335073],[109.203216600166,27.453676200196526],[109.23661039995005,27.435195900170697],[109.24102020042199,27.421495399693015],[109.28964229955255,27.426679600083503],[109.30230710029252,27.437681200027384],[109.30190280017416,27.48404880041187],[109.34215359960899,27.51516000033382],[109.36006340030576,27.52328020032104],[109.36127080040717,27.528455400296536],[109.36700600012688,27.532024299581792],[109.36891769979206,27.538002100416634],[109.37837569977876,27.537912800435436],[109.38440000006,27.544556700331498],[109.37317679996943,27.554437399666313],[109.3698273001898,27.570176899744183],[109.35901629986239,27.591708899845912],[109.3563538002877,27.605813900091448],[109.351638799591,27.614946400356132],[109.3444822996185,27.621875899753036],[109.33641830006457,27.62608539962156],[109.3317573000594,27.625804900176036],[109.31419380040364,27.620964399987145],[109.29551679976055,27.61960590029213],[109.27718329966962,27.61455889957358],[109.27150729962221,27.61477489964193],[109.26627330017271,27.618646400111345],[109.25282230040892,27.623740900322332],[109.2491987996849,27.623875900252642],[109.23139179959196,27.61903590008677],[109.21169280038248,27.60714740043221],[109.21160880010609,27.594754399995622],[109.21459980044051,27.58179090022992],[109.20593280005875,27.568111399821305],[109.19049829965684,27.55881490008761],[109.17780279965956,27.557908899676022],[109.16784680008982,27.555293899593835],[109.16327679978457,27.551330400277777],[109.15680679999389,27.54055039958132],[109.1502532999499,27.538268899590093],[109.1432573001843,27.53806890025959],[109.1322097997425,27.533654899953717],[109.1273423001071,27.52901289992542],[109.12477879970191,27.52405739982919]]]}},{"type":"Feature","properties":{"shapeName":"Bozhou District","shapeISO":"","shapeID":"62558664B80285127477887","shapeGroup":"CHN","shapeType":"ADM3"},"geometry":{"type":"Polygon","coordinates":[[[106.29987329981299,27.600358900343053],[106.31323980017669,27.5888709002719],[106.32250230014108,27.584037400405748],[106.33023080041119,27.581952899606677],[106.33769230005964,27.57689290008733],[106.3443068002187,27.55694590023319],[106.34324629987691,27.547559899969485],[106.33807379966618,27.54116039983262],[106.32903280002375,27.536376899574293],[106.31945780003753,27.52815840009015],[106.31710829960838,27.520147400282326],[106.31939679992246,27.51189440010654],[106.33065780031728,27.491020399771685],[106.32745179996067,27.482078500022794],[106.33244460033808,27.47534489994723],[106.33258670041596,27.47947930012964],[106.3361030001534,27.482305999722143],[106.34003830032736,27.480373399812606],[106.34250279976447,27.47525250000291],[106.34996199984647,27.48040719993236],[106.35763789966938,27.47604089966785],[106.36023610041576,27.47634319957905],[106.36177050030841,27.47333539990882],[106.36639710034598,27.471193599704918],[106.36768310029493,27.474107600085745],[106.3627594002262,27.48433930031848],[106.36400440008305,27.48642640015828],[106.37041200041352,27.486344599623635],[106.37251700035932,27.483778699827212],[106.3765968000024,27.487364500071692],[106.37452200019021,27.490813599767876],[106.37581799970098,27.491457400138984],[106.38016889997482,27.489273900170417],[106.38475480029388,27.48945710016511],[106.38725469974463,27.49435400043683],[106.39202499975397,27.497353799738107],[106.39605650040721,27.496226799926944],[106.4034147003282,27.497208999895463],[106.40832970035547,27.503299500171863],[106.41190500011572,27.50501700023443],[106.41254419955521,27.508785100252226],[106.42326370015968,27.506110500299428],[106.42958820043515,27.508695200423233],[106.4326904001419,27.513308399662947],[106.43457239969655,27.512346599915702],[106.43354950000946,27.507199699806336],[106.43822599983008,27.506418799588005],[106.44480939963415,27.511614899807853],[106.44948219964385,27.510854200161248],[106.45319050014155,27.51218099965348],[106.45477899965118,27.511062199860703],[106.45536170008245,27.506824400125993],[106.45820390038978,27.504952800331523],[106.45798369958811,27.50024350043725],[106.46220050015302,27.4970755998591],[106.46154000027087,27.494994799770268],[106.46458820018535,27.494489399666122],[106.46444469986307,27.49875049993568],[106.4668328000937,27.499088699883657],[106.46983820037269,27.493649600148956],[106.473994599771,27.49325409989683],[106.4736974997399,27.488639000389583],[106.4787063997806,27.487054400340355],[106.47970249967068,27.488746999974126],[106.47852810019174,27.49089240016417],[106.48048470030875,27.491658299690812],[106.48662990004993,27.485023199660986],[106.49197159960971,27.48837869971726],[106.49445900028269,27.48182440017598],[106.50024950021435,27.480147300357658],[106.5052754999644,27.484624200146754],[106.50719119981409,27.480990100013173],[106.50690739985669,27.474695500397104],[106.50792690010644,27.473723999662923],[106.51226999966082,27.474732399580603],[106.51912459992042,27.478968100297664],[106.52403709983236,27.478359299741953],[106.52502189974092,27.480279999822187],[106.52116220017547,27.484764700330686],[106.5263420001832,27.485977800335263],[106.52752189991583,27.487512999725197],[106.52223530001913,27.502179800157705],[106.51911689992505,27.499624899969206],[106.51622520003303,27.501314299815135],[106.51755000033234,27.50515600034919],[106.52243819966327,27.505048599713177],[106.52086710023656,27.508059699895284],[106.52359589963112,27.508772599675808],[106.52749410007272,27.506209799842452],[106.53091229996272,27.50914290002487],[106.529285299577,27.511554899738883],[106.53105309962092,27.513846400191255],[106.53403639995997,27.514247299972965],[106.53524310038881,27.512346300441436],[106.54027260030034,27.514621300132944],[106.5413150998121,27.510956999865698],[106.54580190023756,27.50683500043499],[106.54784749996219,27.509000600297497],[106.54371600009341,27.517455400246547],[106.54634549994495,27.520253899797694],[106.55280779974021,27.52250850016719],[106.55396699977729,27.527685200211863],[106.55835179999565,27.526401999852453],[106.55908550019575,27.523759000277664],[106.5572952998383,27.522436000421123],[106.55890180017798,27.518673799955934],[106.56060910012991,27.519200399778697],[106.56281960044424,27.5248603001628],[106.56416520026386,27.522628299756263],[106.56761889999228,27.52163310008757],[106.56957769985104,27.52876120036916],[106.58200989993702,27.532742699615937],[106.5848624001797,27.529835200434206],[106.5861055995938,27.53025670008668],[106.58699050011154,27.532583499828718],[106.58564490029198,27.534431799987658],[106.5871743997788,27.535842099733145],[106.59550299966378,27.53340919977478],[106.59946249969465,27.534873500211916],[106.60613780031929,27.530783799932465],[106.60955650023237,27.53156980020617],[106.61848760002277,27.52282019979242],[106.62521939965563,27.5185393000487],[106.63048300029027,27.519266900147386],[106.63566399999365,27.515728999593705],[106.63703810022821,27.509392899862462],[106.64093560009792,27.504693499705297],[106.64105739977924,27.499132299915743],[106.65010529991974,27.489711299836642],[106.65331209977364,27.48134119983655],[106.66397170013391,27.470944099890346],[106.66648760032257,27.465453899777685],[106.67174569980426,27.46371999967829],[106.67336019961357,27.468622900226705],[106.67566729970616,27.46955309959594],[106.68218770020223,27.466413700332055],[106.68595370030306,27.469561599987912],[106.68912310005106,27.467936800243194],[106.69183190032203,27.468369000029384],[106.69187650040021,27.463024099782444],[106.69365580007519,27.461487900346356],[106.69938389964733,27.461467699774573],[106.70292199985045,27.458890400171867],[106.70056199983651,27.45077659976033],[106.70386009976386,27.448703899865166],[106.70491419963065,27.443220100227506],[106.69854319990878,27.435059400171212],[106.70032460040005,27.433722799867382],[106.7034431003189,27.435075900032814],[106.7158476003865,27.415505799752907],[106.71919090023994,27.414777900180013],[106.72326550000287,27.40856650044367],[106.72229169970223,27.402802599760207],[106.71830510040013,27.40143260043419],[106.7143321995714,27.397421199628695],[106.71021099963798,27.38735859981955],[106.70621380002689,27.38499249970414],[106.70613470015633,27.373328999633657],[106.703563399931,27.372044599578658],[106.70229870042476,27.369236899963028],[106.69696980001629,27.366522700162534],[106.69728730026873,27.36052929968747],[106.68982190026054,27.36039360008465],[106.68876060042146,27.35901110018216],[106.69095340027928,27.345955099748096],[106.69406809966313,27.34000680027367],[106.70224569977927,27.3363394000433],[106.70287660027492,27.331925899760506],[106.7090684001866,27.32976740004551],[106.71205710005518,27.32582050041583],[106.71278119999243,27.320888700153432],[106.70896589995635,27.31079309972182],[106.72277080003244,27.30039039969722],[106.72878819981565,27.282243699587127],[106.72772460041006,27.271656699696962],[106.7313774999717,27.26636360039987],[106.73014720043301,27.25935719997483],[106.73868420021574,27.251526200373917],[106.74934169975967,27.250166099885632],[106.75018269987174,27.24732510017327],[106.74093209973665,27.242988599844068],[106.7363910000447,27.23880160011379],[106.73605459964011,27.23267030029416],[106.73162270012756,27.22890160042857],[106.73346840034645,27.22448829979527],[106.74184160030967,27.220942899795034],[106.74850080037169,27.224145700363806],[106.75085539995678,27.22848279964154],[106.75654670017013,27.232744399934177],[106.75554100001722,27.239631700442658],[106.75775129978274,27.245680199681544],[106.75573299987809,27.251362299830305],[106.75960140038438,27.2519604002523],[106.76438460026912,27.256626699962283],[106.76952469970519,27.25569839996126],[106.78189360010964,27.27257190017309],[106.78841070009378,27.27349030043706],[106.78967600034719,27.275587800036988],[106.78820509978561,27.277538999725095],[106.78903499956562,27.282458800333416],[106.79441710026902,27.290978900056245],[106.79038049956046,27.295014499819388],[106.79071160026018,27.315763200311494],[106.80491149966605,27.324237299711683],[106.81422059980088,27.32343030026817],[106.83204600002296,27.32696500013469],[106.85893309958294,27.31152250026321],[106.8630634995809,27.304226099954576],[106.8611825000724,27.29317069986797],[106.86216720015625,27.290545600399184],[106.87820139997467,27.281038699776218],[106.88260429994853,27.273282000364077],[106.89287889964157,27.263504099834392],[106.89770819967373,27.265268600265756],[106.90239860031522,27.2701326995645],[106.90907940029416,27.282223499914664],[106.92172880014408,27.29150530022946],[106.93042780020289,27.308810100006156],[106.93376459975656,27.3101839996919],[106.94545140036189,27.3101839996919],[106.94920820039817,27.312977099713407],[106.95543590034657,27.32151510044156],[106.98021780031132,27.339894000108075],[106.99684239965706,27.356829999604827],[107.02497759993634,27.359991700256785],[107.03743790023896,27.356417399643306],[107.04848200034411,27.35228360020801],[107.05606529967389,27.347301999987337],[107.07532080001499,27.327964500361475],[107.09217430020385,27.323878700441696],[107.09912839965597,27.324434600176687],[107.11061679992542,27.329713400253297],[107.1343336004154,27.34792890029854],[107.14474000025086,27.35035710039989],[107.1508703000244,27.354743399788106],[107.16961769959721,27.358885099767576],[107.19153940022318,27.35941430042965],[107.19542920009758,27.362856399803036],[107.19627609976226,27.366537000282392],[107.2042991999482,27.371474700097394],[107.21698709977488,27.385528099941894],[107.22514200010329,27.389478200258793],[107.23265129961783,27.404226800326626],[107.23563629967555,27.405332399870417],[107.24624180041883,27.401685499686096],[107.2492292996925,27.409045400225068],[107.24190999994659,27.41408429985063],[107.24122950004147,27.418445000036797],[107.24181380036663,27.4207573998342],[107.2469886999686,27.42276930016311],[107.25371800038545,27.423180999903252],[107.2600589996232,27.43383989969169],[107.26057559988408,27.439592000370567],[107.26394270029544,27.44351759955765],[107.26678079969423,27.46644879997217],[107.26114390037077,27.473699500331747],[107.26127530031494,27.477408700151443],[107.26401369997234,27.48095429980117],[107.26521469959874,27.487409299799424],[107.26778819956581,27.489611400445824],[107.27073550004337,27.492700999751378],[107.26748290041559,27.50864650033577],[107.27012919960293,27.514558799948702],[107.26647439977381,27.517624999793952],[107.26211349993815,27.51764530019051],[107.26061960011452,27.520249799788473],[107.2618045999024,27.52417310030836],[107.26662490041889,27.529190400017],[107.26783340039117,27.53366359999518],[107.27367759974152,27.53791640042158],[107.27636170013244,27.54501179955497],[107.27189060007117,27.55549110023412],[107.2723030003832,27.56385729987454],[107.27614839982886,27.571510699559212],[107.27635900036762,27.57566399989372],[107.26975389992259,27.587057400278866],[107.26721510029671,27.59761849969408],[107.26695710009017,27.60538900010232],[107.27075700013552,27.61129690023182],[107.27210679978901,27.62004239973703],[107.27714999997261,27.62241610002303],[107.28237440005859,27.62189539975293],[107.28370240014573,27.623660300382596],[107.28271939978055,27.62886080008593],[107.28762409987235,27.62947400012507],[107.2877737002961,27.637104199998873],[107.2931148998328,27.642427299780138],[107.29662720028512,27.642343199678976],[107.29974689989956,27.64044029987997],[107.3079359996467,27.645513899846662],[107.30743790023894,27.653652400138185],[107.31240480014145,27.657203199668004],[107.31473929987885,27.66538300042521],[107.31998090039832,27.662336000206324],[107.32085509988303,27.658920199707495],[107.32294700030388,27.659120600135623],[107.32682180038586,27.663320200267094],[107.32729619995973,27.666541200416134],[107.32556620022001,27.66921209965875],[107.33206959993214,27.67204469970318],[107.33030200043703,27.680773499697295],[107.34051869997808,27.686810000181424],[107.33901229957803,27.692033900244326],[107.33035280044146,27.70532789996264],[107.32911680010028,27.71014990019779],[107.33339679962268,27.72247890038102],[107.35693379955529,27.744920900179466],[107.3723222996345,27.7573644002469],[107.37944779997605,27.769203400316712],[107.3850632999314,27.783803900030023],[107.39733129999956,27.79330039999354],[107.40641779994155,27.796411399566466],[107.41214729975815,27.800020399621815],[107.43969730039015,27.83179840007614],[107.44396230012012,27.84091389955688],[107.44122329971555,27.848729900264743],[107.42633030000343,27.875676400045904],[107.42666630020966,27.882087899836733],[107.42960379987551,27.888238900205124],[107.43773629989039,27.897315899709042],[107.43704230026202,27.903047399617833],[107.4334718001835,27.906978400133085],[107.41471080016333,27.91587440028337],[107.39655280007173,27.93117139974038],[107.38947280002975,27.92437340011236],[107.36839280008769,27.913362399555126],[107.34953380004492,27.89568540006121],[107.31424729967318,27.885949899868024],[107.29406729986607,27.88499639996394],[107.28497329957816,27.881416400346666],[107.28234879995722,27.878234900220548],[107.28016680005783,27.87001039956033],[107.2770387997009,27.866834399687832],[107.26899780030828,27.864389400250673],[107.254287800042,27.867044400378802],[107.24295780006247,27.871040400294305],[107.23468029965619,27.8706568996962],[107.21758279990632,27.86714539964055],[107.20871730026323,27.86172689977667],[107.19834879965742,27.858382900250717],[107.19032280005723,27.857766399699642],[107.18389879968993,27.86125539961705],[107.17855829982574,27.868860399587845],[107.17923679963866,27.88328190003972],[107.17797830005856,27.88627040025881],[107.17488080020883,27.886524900303982],[107.1541288001041,27.880977399887172],[107.14029450029102,27.874074700287224],[107.15340139965491,27.866586800140738],[107.1588659996662,27.856294300341744],[107.16908239973304,27.843689999693765],[107.16908239973304,27.836967199576634],[107.16076669972347,27.83213479958141],[107.1605290997382,27.827302299761357],[107.16551849977901,27.82330999965683],[107.1605290997382,27.820158099816524],[107.15957879962195,27.81238310010002],[107.14936239955517,27.809441000401875],[107.14627369957162,27.805237900109034],[107.15102549962717,27.800614300209816],[107.16242989962024,27.79514989984807],[107.16314259975121,27.783589499855566],[107.15031269967142,27.77034609959287],[107.15672769962367,27.746377700270727],[107.14627369957162,27.743854399560917],[107.12987990043712,27.748270099585454],[107.11847560026882,27.770135800326955],[107.11419890035904,27.775601600033838],[107.11372380021328,27.76466980007126],[107.10754640024624,27.759413799607216],[107.09376610022542,27.76466980007126],[107.09067740024187,27.74448520023185],[107.0802235000146,27.753316499556888],[107.05884029993996,27.752895900125736],[107.03745709986532,27.770556299933332],[107.01251009966143,27.758152299888764],[106.9961162996276,27.761726499778206],[106.99250430033328,27.74228309958545],[106.99445280025657,27.73973440022246],[106.9923628001032,27.73263190004218],[106.99516279972352,27.724824899749365],[107.00956680026769,27.711011900378935],[107.00980380040511,27.705276400285697],[107.00694279977046,27.70070089972677],[106.98287979986293,27.687713399753648],[106.9810487999622,27.681754900168585],[106.97992680038158,27.6608884001796],[106.97785180002063,27.655849399830004],[106.97241230008763,27.650592900242202],[106.96517179983874,27.646488399819873],[106.95121780026136,27.640800400118394],[106.9266202999869,27.617482900415553],[106.91835029992649,27.61292239964905],[106.90984329972855,27.611799400022335],[106.88613129981968,27.617832400345037],[106.87093330043155,27.623838400321972],[106.86035930024156,27.625701899922774],[106.8520812998122,27.618154399905677],[106.84664129985617,27.60991090016796],[106.8420027999893,27.609235899617147],[106.83838629958814,27.613372899739602],[106.83096329991639,27.629674899676957],[106.82631679968063,27.63244040040422],[106.82169329960612,27.632221400197523],[106.8159867999509,27.626043400382684],[106.81053929964901,27.61183539988383],[106.80563330003685,27.610467899773823],[106.80100229961647,27.6143799003122],[106.79562379979859,27.626546900219296],[106.79226679967314,27.628619899588728],[106.78090680010882,27.624973399602766],[106.77188130028185,27.625680899853705],[106.7574468001298,27.629836899953034],[106.75125879985382,27.632602899804056],[106.7229432000687,27.66464630008676],[106.70861809974559,27.663924200241695],[106.70770829969831,27.675068000088174],[106.7120855995708,27.700612400142177],[106.734049699634,27.716159599985588],[106.73505389971774,27.732297100430912],[106.71999920010308,27.747619500339738],[106.70491869983817,27.759497299860527],[106.70044699992917,27.775537300306212],[106.68504889958712,27.778673599606975],[106.6852806998445,27.787611300421247],[106.6916150000323,27.79487780007048],[106.69567479965235,27.793177000418268],[106.70222369966405,27.801301099865896],[106.71153629996036,27.800450700039846],[106.71649730031021,27.79450570017798],[106.7292775002565,27.807792300274514],[106.7379720999325,27.812582700131543],[106.74551669963603,27.811944999861907],[106.75029740030482,27.805416099873185],[106.78504790024044,27.80596369976496],[106.78323500009526,27.811752599802674],[106.787274000195,27.8199480002001],[106.79582730018979,27.82520110035057],[106.81887360033647,27.826041600439567],[106.82505100030346,27.823730299613715],[106.82885240041799,27.825831499923822],[106.82861480043277,27.83045399995217],[106.83265390035729,27.831714600348562],[106.8366928995577,27.82625170005599],[106.84001920042584,27.82877309959889],[106.83716810042756,27.83528639994745],[106.842157499569,27.84158919958196],[106.83978160044057,27.850412500336688],[106.8488099996818,27.865956600216975],[106.86045199966014,27.86553649990958],[106.86734209975816,27.871837599825426],[106.87969679986747,27.86637669962505],[106.89561539993082,27.87225770013282],[106.8984664999291,27.88254860003792],[106.89870409991431,27.900817800401228],[106.89704099984232,27.903547400192394],[106.88040959982322,27.895568300236903],[106.8766081997087,27.90459720040053],[106.88682459977554,27.918664000143565],[106.88231029988049,27.927481000248008],[106.86829249969918,27.92055340021932],[106.87019319975644,27.935877599671528],[106.86567899968617,27.93797660023995],[106.84477099958201,27.93251899965219],[106.84429579961153,27.94721180038431],[106.84857239969654,27.951619300390462],[106.84785969956556,27.97470299974367],[106.83025379957326,27.988233399751664],[106.81468980039404,27.98329140027795],[106.80716679970811,27.982423899843127],[106.78315729956978,27.989206399655643],[106.76814279965055,27.988607399911643],[106.76242829962638,27.985664399992118],[106.74707030005436,27.973157899717364],[106.73071330027864,27.96477890002626],[106.70894630013169,27.962379399989345],[106.6863937997341,27.954484900158093],[106.68200729979714,27.95702540040196],[106.67790979969755,27.963001399894722],[106.66959430023684,27.995101899932763],[106.66980730016684,28.000009399614157],[106.67283629955563,28.006578900395994],[106.67215729971969,28.009803399807083],[106.6636582998907,28.02743539992383],[106.65400260013996,28.029640200335052],[106.6405640002285,28.038548100314642],[106.6287759998126,28.030927700353118],[106.62405969959553,28.03287000035027],[106.6138213003128,28.03218920007157],[106.60887739967234,28.03320839994774],[106.60573529974437,28.035603600325942],[106.59880640019526,28.03421329970405],[106.59506209983613,28.035985599955552],[106.58804690044417,28.03590259972526],[106.57533739980124,28.035231100235137],[106.56753860042613,28.032236699564066],[106.56381730022827,28.032537799779675],[106.55566070018125,28.02870630025558],[106.54767109974154,28.02904090021741],[106.54378709959502,28.018549800432993],[106.54758980012923,28.01571620034241],[106.54929690043167,28.008508400342464],[106.55175329967511,28.00611710032399],[106.5501637002946,28.003218800307422],[106.55127229997674,28.001294299692233],[106.55464820025429,27.999921800250945],[106.55297590011776,27.992464700085918],[106.5589003001088,27.98986080033569],[106.5643809997834,27.98930050021795],[106.56684969995376,27.986501499744463],[106.57140330022219,27.984635699677824],[106.58542850002533,27.98309490020955],[106.58642340021981,27.97994499956212],[106.59842479986469,27.972863199976757],[106.59344600013287,27.9654864002772],[106.5932429997647,27.96139279963802],[106.59069650014345,27.961372099942537],[106.59254430027931,27.95598649997703],[106.59054160001489,27.949535400338505],[106.59438410004623,27.946110399775193],[106.59717439957893,27.939193900078465],[106.59702389983318,27.937199999680274],[106.59345620024351,27.935186799831],[106.59274989968816,27.931870299774573],[106.5959704996389,27.92871449957454],[106.59555179957596,27.919201599574194],[106.5987987001999,27.913403299822505],[106.5950825000574,27.906721700346225],[106.5983727003399,27.903744299559833],[106.5981271998105,27.901383900246856],[106.59655170000099,27.897768700265374],[106.59326199974157,27.895227399624844],[106.5920776996262,27.8915883999847],[106.59308820036023,27.88852949993651],[106.59124019967555,27.887395300153003],[106.58586739976073,27.889475799868308],[106.58073679986347,27.885886600186495],[106.57657140005011,27.877674199904448],[106.57733779959983,27.875896000100397],[106.5691833003691,27.865291399578496],[106.56009680042706,27.861667399730777],[106.54279330017073,27.863344399724326],[106.52287279973996,27.85884840013364],[106.50758379975264,27.853187899901684],[106.49770280004424,27.842922400448458],[106.4973983003913,27.834451400112073],[106.50272379956374,27.81587989983757],[106.50395979990492,27.805110899648355],[106.50312029986202,27.79251839990428],[106.49945830006055,27.78406140021349],[106.4919202995822,27.776075399759918],[106.48072829967134,27.760087899936707],[106.46774279979041,27.746167900128512],[106.46797179955894,27.74021139973638],[106.47157280014466,27.734929899895008],[106.48005680018122,27.72917189966347],[106.48416129970428,27.724347900235443],[106.48921179968488,27.703487899646916],[106.4891587999387,27.692951400286972],[106.48677829987872,27.68128189993979],[106.48076629962509,27.667793400245273],[106.46365330005983,27.65044939991992],[106.46206679974307,27.645417899916197],[106.46507279986986,27.625940400129423],[106.46221929958108,27.6227434001878],[106.44954679974506,27.61683590025666],[106.41829680025717,27.609845899868446],[106.40438079973416,27.610580399565833],[106.38762679963713,27.615445900008353],[106.36673730038615,27.615741900168587],[106.345382800376,27.627944899937233],[106.33995830023542,27.627961899821855],[106.32524129964634,27.62456689974266],[106.31153879997572,27.61750639970063],[106.30066680043257,27.608144899667423],[106.29987329981299,27.600358900343053]]]}},{"type":"Feature","properties":{"shapeName":"Chishui City","shapeISO":"","shapeID":"62558664B55116014786196","shapeGroup":"CHN","shapeType":"ADM3"},"geometry":{"type":"Polygon","coordinates":[[[106.26780240006076,28.538448500298102],[106.26559150044744,28.540833200192083],[106.257911100417,28.541917600017257],[106.25580870041125,28.546765700376795],[106.25064030020974,28.5429179995661],[106.24529659965839,28.54807380026574],[106.24564699980925,28.55115180011552],[106.24188020021114,28.55492219969983],[106.23355809972657,28.557307399616832],[106.23215650002254,28.56323190033197],[106.220680799979,28.569617600372],[106.21796510010932,28.572002599740244],[106.2178774998468,28.575156700221612],[106.21043150001378,28.576387599608097],[106.20902979958566,28.574156699971752],[106.20464979994836,28.57484899988151],[106.20149620038939,28.57146400026346],[106.19825489984379,28.574925999835102],[106.1877427999903,28.580926399733585],[106.18073479967131,28.593464600211178],[106.18222399963793,28.600002300066137],[106.1806472003081,28.604463100191992],[106.16864579976391,28.61676779979416],[106.16566739983068,28.625457099765413],[106.16724420005983,28.632915500350123],[106.16181299997004,28.63914320029852],[106.1550676997146,28.640450200316536],[106.15287770034564,28.643141099582124],[106.14683320039194,28.6402195997548],[106.1435044003079,28.64667750006663],[106.13973759981042,28.648907000357838],[106.13614590001333,28.64706189998674],[106.13439390015844,28.642295399613033],[106.12843710029199,28.64298730022375],[106.11810020006425,28.64852260043773],[106.11520929966952,28.647292600373248],[106.11258129988715,28.648676299971328],[106.11214330037308,28.64590880005113],[106.11845060021511,28.64091150036552],[106.11871340010339,28.63791310040932],[106.11678609989866,28.636452300133612],[106.10574840026851,28.63576029969812],[106.10145599999447,28.638374399558927],[106.0968130997448,28.642756699662016],[106.09427270022502,28.657977999585057],[106.08831590035857,28.658285399551573],[106.07876739979571,28.662743800286194],[106.08542499996383,28.672735900441523],[106.08051939965065,28.680805800447388],[106.08078220043825,28.685493700074232],[106.07622689955184,28.689566600118553],[106.06150999968679,28.696328900258607],[106.06308679991594,28.691026699822373],[106.06194800010019,28.68964350024737],[106.05327550036412,28.691026699822373],[106.05187389976072,28.693793099871698],[106.04285099987379,28.697251000333438],[106.03864619986228,28.69709729990052],[106.0346164996518,28.693332000371583],[106.03093730031622,28.6954835995885],[106.026995300193,28.699556200158554],[106.03198849986944,28.70754710011863],[106.03102489967944,28.71100460038207],[106.02024999993762,28.71085089994915],[106.01709640037865,28.712771699854102],[106.01648309961541,28.715153299785015],[106.02182680016676,28.718841000411885],[106.02375399964745,28.72345040001602],[106.01420549998392,28.726062300135084],[106.01394270009558,28.729595900130732],[106.00973790008408,28.73228449982986],[106.0107890996373,28.735587500163035],[106.00789829996666,28.73935119979808],[106.0023793997895,28.74111789997113],[105.9986126001914,28.744343799626677],[105.99887540007973,28.74672469988502],[105.98582279998232,28.746263899859116],[105.98275679978656,28.748875200130442],[105.97513549960371,28.750104100323995],[105.96637550032915,28.76385070004983],[105.9624334003812,28.76392750035393],[105.96068139962694,28.747415999748625],[105.95805339984457,28.74357570035835],[105.96182020034206,28.739044000380375],[105.9577905999563,28.73673969987732],[105.95481210019835,28.731593199966255],[105.94999410014765,28.727982799666506],[105.95235930004173,28.717381300007048],[105.94219760033906,28.71607530003513],[105.93886880025497,28.713847299813096],[105.93580280005926,28.708853299740042],[105.9297583001055,28.70616410019312],[105.92914510006636,28.69909509975912],[105.9336126999662,28.69033509958524],[105.93203589973706,28.685416799945415],[105.92537829956893,28.681189999818685],[105.91837020032455,28.682189099847108],[105.89927320009815,28.672274700217315],[105.89524359971244,28.672274700217315],[105.88902390013294,28.675195299823258],[105.88657109997632,28.674657300194326],[105.88657109997632,28.66013030027318],[105.89629480016498,28.653673200357957],[105.89638240042751,28.651520700020342],[105.89157720042749,28.646598900219146],[105.89170110002578,28.639966699603576],[105.88909949984213,28.63768340006891],[105.88959500020917,28.627462200320338],[105.88699340002546,28.62485230029347],[105.89194890012169,28.61963250023973],[105.8969043003932,28.618762499689637],[105.90223140035891,28.614956100243887],[105.90173589999188,28.611149600074043],[105.89839100024454,28.609083199929785],[105.89170110002578,28.60962700018598],[105.88724120012137,28.60810440029786],[105.8809229995968,28.598532899573684],[105.87733029975357,28.598315299611443],[105.87460479997162,28.599838100048316],[105.86915380040762,28.60810440029786],[105.85552629969902,28.602013499823215],[105.84982750003917,28.608648199654738],[105.84450040007346,28.609409500048457],[105.83632389982819,28.606907999804378],[105.83112070036009,28.602666100060503],[105.82579360039438,28.604623899873104],[105.81315720024463,28.606037900328886],[105.80733450008717,28.603210000141416],[105.80101719978398,28.604719700154078],[105.79817439962892,28.609182000349108],[105.79305130007748,28.606247499922233],[105.79106010034343,28.610273199948267],[105.78172509973365,28.6143996995865],[105.77747790028491,28.610497099661472],[105.77438069990944,28.60190479966684],[105.76521319982936,28.59701010003613],[105.75369170001198,28.593746800274687],[105.75332010014256,28.6051677001293],[105.74489579980138,28.613542300336917],[105.74514359989729,28.617566199920248],[105.74031200029862,28.62006749961546],[105.73424159987002,28.618218700332818],[105.73275490001868,28.616696200269473],[105.73312659971288,28.612454699824582],[105.72427419959467,28.607062800108167],[105.71438740015844,28.591305300099577],[105.70785109964856,28.59014810015475],[105.69773109971055,28.593710500039606],[105.69552699987122,28.595894500031193],[105.69304010012058,28.595763699934878],[105.68939470000544,28.59222390001304],[105.68753640028473,28.578734599921916],[105.68904319998376,28.570318700147936],[105.68059879979484,28.56263210019131],[105.67799719961113,28.55468880044782],[105.68022710010064,28.53792970029548],[105.66796239964509,28.53967100001671],[105.66474129967128,28.5386914998129],[105.66449360029947,28.531290600081206],[105.661396399924,28.52748099994824],[105.65780370008076,28.52639259993856],[105.65606929995829,28.527698699735254],[105.65569760026409,28.52595720036453],[105.64987499993134,28.526828000411967],[105.64801670021063,28.52541299991009],[105.64603449999225,28.526610299725576],[105.64541510002692,28.52334480022239],[105.64318509971264,28.524324500075693],[105.63736250027921,28.520841299886115],[105.63030090036631,28.52149440014648],[105.62955759990336,28.523671399815328],[105.62336329987647,28.523236000241297],[105.62001840012914,28.520950099867264],[105.62435440043527,28.51137070039755],[105.62026610040027,28.50244369971699],[105.62076169969276,28.496346799864966],[105.61729290034714,28.48839840006616],[105.61159409978791,28.487745100156303],[105.60874470040767,28.484478499882925],[105.60577139963044,28.477073699791447],[105.6072581003811,28.474569099584357],[105.61035520003253,28.475113600412385],[105.61208969997972,28.473697900237937],[105.61394789987571,28.4695595996958],[105.6164257002859,28.468034899890768],[105.61593010009409,28.46487659957546],[105.6122134997533,28.463896399699138],[105.60991599992354,28.460594299587285],[105.60676250018929,28.447231699583313],[105.60762970025053,28.44254770031614],[105.6282192000561,28.43542970032047],[105.63339809984251,28.439715399745978],[105.6395923998694,28.43415960038533],[105.64247500042097,28.429310699629127],[105.64491949983511,28.415855900229644],[105.64430009986978,28.411606299591085],[105.63804619997222,28.40184589986842],[105.6444240003674,28.39547840030798],[105.64814059980887,28.37651399972134],[105.65569760026409,28.3684475998769],[105.65061830039429,28.36583140009907],[105.64875029968664,28.34630200043705],[105.63550419965912,28.32559849987092],[105.63847739971231,28.31262039961183],[105.64219400005311,28.31469260038324],[105.64665389995758,28.321672499586214],[105.653839299644,28.314256400412603],[105.66098279991633,28.31597670006471],[105.66614169967977,28.315068300261885],[105.67068149985141,28.307983100339868],[105.67849269997816,28.300077000153465],[105.68443929973398,28.28742310009602],[105.70051220007804,28.282453700078236],[105.70748209971919,28.285786699996265],[105.71144650015594,28.280331899897305],[105.72670120000043,28.275100899686834],[105.73591399983127,28.280052299773843],[105.73421039969026,28.28388030003589],[105.73448279984137,28.290508700116447],[105.73159190034596,28.294574300363706],[105.73649029978759,28.298972399756508],[105.73233660015404,28.302292800172665],[105.73626790014356,28.30857740022691],[105.75781359961798,28.31296130022389],[105.78335200029466,28.312320400166413],[105.78124949956481,28.3146341003835],[105.77205140005213,28.317487499948243],[105.77082499997385,28.32180600034667],[105.76740859962723,28.32288559959079],[105.76880879998618,28.334984000111547],[105.7738034997318,28.338307299942016],[105.78032459990044,28.339997500184552],[105.78378999980873,28.338461500397955],[105.78517389995557,28.335204600212194],[105.78969410030254,28.332563599830337],[105.78935040010094,28.32674899986648],[105.79199870027986,28.325633600410356],[105.7917424996167,28.322456899966028],[105.79459850002081,28.321292500048912],[105.79325080028428,28.319723899838152],[105.79479040005697,28.31789499985439],[105.79365460037957,28.316000499723316],[105.79852660022249,28.315224200436546],[105.79743570009754,28.312500699847476],[105.80344589990841,28.310492100030444],[105.82050239956612,28.30988080025878],[105.82978040024534,28.28733010030396],[105.83512409989737,28.27938440026992],[105.84263610007599,28.262530099684398],[105.84757620018155,28.265173799831075],[105.85590210030176,28.283850900298887],[105.85982940010678,28.287032600074497],[105.86548469955932,28.287862599679272],[105.87098290004087,28.284542600360794],[105.87553850040155,28.284957599713493],[105.87930870033631,28.291735799867297],[105.889362600104,28.293257399709262],[105.89690299997352,28.297683700042796],[105.90381500036204,28.293395700151507],[105.90428629997285,28.288415900373536],[105.90679970004618,28.28634090001259],[105.91496850029608,28.29159750032443],[105.92517949993402,28.292704099914317],[105.93758969990478,28.30473769978505],[105.94795769958824,28.302524700254764],[105.9534559000698,28.30598249999241],[105.958482899866,28.304876000227296],[105.97262110038355,28.31109969999119],[105.97324949986461,28.31469549979755],[105.98518850004928,28.319259200351894],[106.00058339970417,28.316216700340476],[106.01126569985223,28.318844299924535],[106.00843800021357,28.327418000140653],[106.01157979976801,28.328662499974428],[106.01236530001864,28.337788499939393],[106.01566420034266,28.3404154996756],[106.0318447000729,28.339447699651657],[106.03357269972037,28.3426276997086],[106.03341559985012,28.346913700407015],[106.03027369957164,28.349816999754808],[106.0293312001748,28.35368790037637],[106.03200170011843,28.360738200307765],[106.02995959965585,28.365991099909365],[106.0415843002753,28.37649599979062],[106.04896760027458,28.37815459965509],[106.06059239981948,28.37829280027256],[106.0637343000979,28.377187100004733],[106.06483390026432,28.36986149960859],[106.0731596996605,28.374146299712038],[106.07834380022626,28.373040600343472],[106.08007179987374,28.375805000300602],[106.07755829997564,28.384512300202516],[106.08399909967875,28.393771600379125],[106.0891831004198,28.395291799976633],[106.09421000039129,28.394462599869144],[106.09578090016845,28.397226399978422],[106.09986529984377,28.398884700368683],[106.11337519980566,28.394462599869144],[106.11588869970382,28.397641000032195],[106.11730249961073,28.408557300179325],[106.11510320035245,28.41145889980845],[106.1070914999728,28.413669599772277],[106.10740569971335,28.418643599822303],[106.10410680028866,28.41974880006711],[106.10190750013106,28.42306459955165],[106.09216780010394,28.422926499658274],[106.0924819998445,28.433425800360453],[106.09012559981664,28.436188600423634],[106.08431330031863,28.437293699944348],[106.08337070019769,28.44019450007619],[106.08085720029959,28.44088520009194],[106.07410229978137,28.439918199565284],[106.07363100017056,28.44350959988816],[106.07850090009651,28.446686499982036],[106.0744165004212,28.450415799649477],[106.0731596996605,28.453730699812013],[106.0676615000782,28.455526100049553],[106.06561939961568,28.459393200136105],[106.06797569981876,28.46353640018475],[106.0638273997148,28.466559099822632],[106.06342370034355,28.472461399873737],[106.08612099968445,28.469539400023336],[106.08883709975242,28.464599200093062],[106.09310310042781,28.463525100203242],[106.10308079973919,28.463537400230905],[106.11682269960795,28.46100540037895],[106.14296229977037,28.466597599799456],[106.1473477996613,28.464749500189328],[106.14923380029973,28.461789100186877],[106.14887300038873,28.456464699985986],[106.15355329984499,28.456102300181044],[106.15827510031568,28.453482700066616],[106.15842450019062,28.450419000336638],[106.15147990027725,28.445487200074297],[106.14774050032389,28.438911100067287],[106.15508569964538,28.43808900010731],[106.16643750009064,28.443021199668692],[106.17832349962987,28.45405900002288],[106.18419969955653,28.453471900108127],[106.18152869958988,28.460751600006404],[106.18139519972874,28.46626979961161],[106.19421599956877,28.482470300264197],[106.20276330018623,28.490804299678757],[106.20356459972658,28.49573400002413],[106.20930719996738,28.49878570010003],[106.21812160013178,28.50688370032259],[106.22119320040593,28.507587900061594],[106.22333000037929,28.51204739976771],[106.22680239971106,28.513572999794178],[106.23307919994517,28.513103599551528],[106.23922260014297,28.510169699871824],[106.24509880006963,28.502658699739243],[106.24963949956333,28.499959300081684],[106.25538219962885,28.500428800149052],[106.25765250036267,28.510873799786054],[106.25484799963556,28.518032200026084],[106.25791959990966,28.52319529962341],[106.2648642996478,28.52155259977269],[106.26686749993524,28.52307800014961],[106.26940500004076,28.529883500123503],[106.2628610004349,28.53316880000017],[106.2635288001141,28.535515400115685],[106.26780240006076,28.538448500298102]]]}},{"type":"Feature","properties":{"shapeName":"Congjiang County","shapeISO":"","shapeID":"62558664B40926253724600","shapeGroup":"CHN","shapeType":"ADM3"},"geometry":{"type":"Polygon","coordinates":[[[108.2348005999678,25.62703400041886],[108.23797790025998,25.62517190016314],[108.23810220005657,25.595692399584607],[108.24108539967153,25.588629699800833],[108.24270140044933,25.586387500183037],[108.25513149971897,25.588293400120392],[108.26109799967298,25.585378500417505],[108.26607010035491,25.58044539973548],[108.27104210031274,25.57405449981536],[108.27941239996233,25.555734899645927],[108.27751629993736,25.550511499606046],[108.2808085003121,25.538858199646256],[108.28571549997042,25.529036299785446],[108.29043320043189,25.525270900431735],[108.29931729985356,25.521830499877694],[108.29901149978093,25.51885679980154],[108.30204429970473,25.518021799966164],[108.31223130003451,25.528881000357956],[108.31139480012996,25.533122400078753],[108.31480100036595,25.53724629977694],[108.32299079978566,25.53784769981155],[108.32729249994895,25.541222900416585],[108.33129650023335,25.53896389966428],[108.34008630034253,25.541340299715102],[108.34524760039648,25.538185200086957],[108.34730500012574,25.535147599582103],[108.34515139991726,25.529573400092374],[108.3529159000488,25.518101300035028],[108.39520829992318,25.495084100151132],[108.40996069962665,25.465259400201205],[108.40846440041179,25.459686799706105],[108.41501069958417,25.445254699844554],[108.42903790037889,25.439758700004063],[108.43427480014196,25.450060899890673],[108.44564060033349,25.45445819978613],[108.45597050023844,25.455296199759857],[108.46663140011907,25.459686799706105],[108.48178089996861,25.461375499879466],[108.48641939983548,25.45454329993339],[108.49917489990179,25.447358799568974],[108.501232299631,25.43840750010611],[108.50871349982822,25.432833699915363],[108.50534700016397,25.418306799818993],[108.52049659983828,25.421854299736196],[108.53845159956171,25.411549599734315],[108.53882570044578,25.40783289956869],[108.5444366003689,25.40512980010027],[108.5468681000828,25.398540800217802],[108.55248550030564,25.39761899961718],[108.55266610036028,25.393810000231383],[108.557715899769,25.38857199969806],[108.55977330039758,25.381644100195103],[108.55734189960901,25.379785400276035],[108.55845779998754,25.37579079970567],[108.58188390002204,25.368894100382477],[108.58317580042291,25.362907800054984],[108.58838920000164,25.352576400080864],[108.58820020027906,25.342603799925485],[108.58483760007522,25.33854660024548],[108.58825060008519,25.337217600112183],[108.59287789979533,25.332292399974335],[108.59886300042717,25.323501599819053],[108.60447390035029,25.322825399572594],[108.60877559961432,25.31285040002598],[108.61345139976237,25.30811619970291],[108.62144429981464,25.308723699838936],[108.6225993998425,25.31858120026226],[108.62036349997561,25.328579899642705],[108.6253578004222,25.33614190032847],[108.62217709979336,25.355358100296144],[108.61765090006907,25.35478850028909],[108.61054260016095,25.369328400085635],[108.61690249955075,25.372286100323322],[108.6167144000496,25.37651389959683],[108.61933639955527,25.380147700256202],[108.61503310039734,25.389275800138137],[108.61671699998959,25.393501500393995],[108.60941999983316,25.39789609962537],[108.61409139959846,25.40019039966728],[108.60829740040475,25.404149600223946],[108.60736190043144,25.411247799846137],[108.5890258004004,25.410909800446973],[108.58359990001543,25.42510509982054],[108.5877160997183,25.42713280033854],[108.58865159969162,25.433553799668175],[108.59554939978506,25.434027899767784],[108.59463890006526,25.453997399760226],[108.59925899980306,25.460928800323927],[108.60742989996999,25.48306290013278],[108.61765249996296,25.46970779957536],[108.62813029967367,25.46768079962925],[108.62233009965445,25.481362599604324],[108.61641189958954,25.48179759987937],[108.61369619971993,25.487986500376735],[108.60754899988649,25.490314099616057],[108.6068434997278,25.489444099965283],[108.60370139979983,25.495512699951178],[108.61755650003249,25.49639520017837],[108.6157107998136,25.50149459989592],[108.61737070009781,25.50559889976944],[108.62625919990222,25.51074799962055],[108.62958890020764,25.522616599976175],[108.63907539971001,25.528309900281727],[108.64646629987988,25.526788699738745],[108.65020829977328,25.53320440026289],[108.65806669991832,25.52813939961368],[108.66243379968017,25.536416999844732],[108.67640270012458,25.526450999813846],[108.68519810031216,25.522603100252923],[108.68725459982,25.529996600362892],[108.68276420030764,25.538269200363345],[108.67266060040646,25.54232079996501],[108.66274419978504,25.551605399869345],[108.6540418002889,25.55396859967118],[108.6574944001465,25.561566000370647],[108.66199370024913,25.565444799737747],[108.65862630036355,25.56907439966386],[108.65638040003552,25.577177099743437],[108.65937419995942,25.58038379977262],[108.66270390026483,25.57988420029568],[108.66489420000738,25.581311300276354],[108.65937460015772,25.58308339997899],[108.6577832003345,25.587978099609643],[108.66031189967447,25.59261760042199],[108.66798309964042,25.593629999624852],[108.6758531001405,25.590089199656916],[108.68313580017707,25.590171100016278],[108.68360270030445,25.598355699555952],[108.68734389980119,25.60121060008919],[108.68463520025438,25.60780369998082],[108.67948710044936,25.608563799779574],[108.67949659998817,25.614605500143796],[108.68388679973606,25.62754279996028],[108.69679689955734,25.629567100141628],[108.7047307995868,25.62708280033104],[108.7113908998702,25.629061000364914],[108.71887500038105,25.638001499869347],[108.74357249987105,25.64137509968117],[108.75610830005809,25.641206400355145],[108.7626568996962,25.63698940014075],[108.75910200015727,25.63597730041215],[108.75928909961232,25.633447000278863],[108.76546350034033,25.634290399782174],[108.77837350033684,25.632434899650946],[108.77912189995578,25.629567100141628],[108.77575409987185,25.62838630018763],[108.78009430001202,25.62568920009653],[108.78043169956334,25.621807000392778],[108.77725090000911,25.620963400340713],[108.7736959995708,25.623325299722865],[108.7720120999785,25.620963400340713],[108.7735089001157,25.616408300003116],[108.77743800036347,25.617420600280525],[108.77725090000911,25.6123591996174],[108.77893479960136,25.609322199859662],[108.77519279970801,25.610334500137128],[108.77419319965651,25.605448999671637],[108.78155429989107,25.603923000346242],[108.78959969966644,25.5970048998563],[108.78959969966644,25.592786299748013],[108.79203199977701,25.590086400067378],[108.7905351996398,25.58569880025948],[108.79371590026864,25.581986100278357],[108.7928313999492,25.57937429998401],[108.78510920032937,25.57894839994873],[108.78136720043602,25.575404300368234],[108.7796832999444,25.562577100053204],[108.77454419965517,25.557335999556813],[108.78417370035606,25.55801970014909],[108.78997390037529,25.5499173004431],[108.79371590026864,25.548904500142612],[108.79472749997421,25.54120789972484],[108.80496220034536,25.528392799787923],[108.81130359978135,25.53100960031287],[108.81541980038355,25.543333700090216],[108.82140709985782,25.553462200420256],[108.83434300032928,25.551959999854148],[108.84984669996527,25.552280600069707],[108.85153059955758,25.554981399971666],[108.84442069975557,25.556500600422396],[108.84629169970225,25.559370099650437],[108.86200830034284,25.562070699902904],[108.86963969991228,25.55672839959601],[108.8762280999469,25.559032500449575],[108.88539619987478,25.559370099650437],[108.88277669958507,25.54789160001735],[108.89030130016494,25.543665899761493],[108.9085969001269,25.546709999666803],[108.91982299963178,25.551942999969526],[108.92262949955182,25.55700699967332],[108.92655869962437,25.55987649980068],[108.93043919960945,25.557013499973095],[108.94657870014697,25.560045200026025],[108.95125620001369,25.554812599921604],[108.96173399972434,25.551098999719102],[108.96641149959112,25.54637239956662],[108.96801249967717,25.53509230026947],[108.9843630000525,25.536661899627006],[108.98905089967934,25.539619699689467],[108.99231120020181,25.53716779975423],[108.99316720010626,25.533373200313008],[109.00077859965273,25.52833650042919],[109.00401909980167,25.523411900139138],[109.02030519972527,25.515094200037368],[109.03965489955402,25.530995700391315],[109.04131040035475,25.530380600084698],[109.03994710007868,25.52857919957046],[109.04429700030636,25.527041000042175],[109.04184599969318,25.52603090040577],[109.04273889968056,25.524559200346857],[109.05038439972031,25.52805149987688],[109.06205320039493,25.541191200213746],[109.07265770019279,25.539043600281957],[109.07518479963886,25.5416361002259],[109.07643080044113,25.547617400322792],[109.07823670026357,25.549075300284926],[109.08174589985344,25.548984500234553],[109.08420630018065,25.552327399889634],[109.0698791997653,25.556669399573195],[109.06333060012713,25.56494010020549],[109.0550980999974,25.56882210025975],[109.04611720024866,25.570678600437134],[109.04133279976895,25.57722240039351],[109.03676199996636,25.612527899842746],[109.0406912000389,25.61269660006809],[109.04312350014948,25.617083199829835],[109.04162670001227,25.623662700173497],[109.03451680021021,25.62349399994821],[109.03582649999305,25.627711500185626],[109.02740690040821,25.630916700145633],[109.02591010027095,25.63361569960489],[109.02628430008042,25.63817020009469],[109.02815530002715,25.640700400403205],[109.03620069980252,25.64356779971422],[109.03690229960148,25.6537952002883],[109.03938150025607,25.6621204996614],[109.04462040011146,25.664650199946834],[109.0453687997304,25.67004669969549],[109.04948500033254,25.67409389981367],[109.05098179957048,25.684717100114142],[109.07044049992919,25.69803700030735],[109.06744689965478,25.71540109958113],[109.06837270043985,25.727332700144075],[109.04906199971157,25.735376400200778],[109.04994490013712,25.7410479000406],[109.03948959966533,25.741925400037246],[109.03574029997492,25.732654600229694],[109.03163530042883,25.727489100341757],[109.02498910006699,25.725669400422532],[109.01925510004287,25.728956599667413],[109.02023250032971,25.734650200346493],[109.01808229955856,25.73418059955509],[109.01616899999942,25.730732800278588],[108.9980785003226,25.739756700211615],[108.99327309977377,25.738271600254222],[108.99638439972034,25.728076100431736],[108.9944947999951,25.726197600139187],[108.97888479959391,25.72342600020977],[108.97370909959534,25.70823410002373],[108.96373729983657,25.699597500324444],[108.95517369990637,25.696405700262915],[108.95259359981486,25.69399769983403],[108.95222500008373,25.690302499760605],[108.95075060026005,25.69134040013938],[108.94826259973922,25.689887299859038],[108.9491379998189,25.686108899905832],[108.94531380009187,25.684281900189603],[108.94278609989863,25.67917790043981],[108.93580020041895,25.680696400318652],[108.93515520035226,25.682606500089946],[108.92253079985659,25.68700780016991],[108.91128869961386,25.680364199748055],[108.89580779959033,25.684931699938033],[108.89212179958145,25.688668599776122],[108.89387259974075,25.69414919962594],[108.88972600025477,25.706603999674883],[108.89166110027963,25.718974599798003],[108.89857220044678,25.72071810016024],[108.90115240036306,25.71772940029166],[108.90797140006015,25.722046299896874],[108.90596669970347,25.728417799641818],[108.9160311997801,25.735096999726807],[108.92418950044515,25.73624150034499],[108.93358860023375,25.74337989966267],[108.94307990031723,25.738897700168764],[108.9423426999557,25.735411400016176],[108.94409359993972,25.73391719981896],[108.9578560996793,25.73399979985095],[108.95920590023218,25.739644700442625],[108.95478279968654,25.7427158996191],[108.95791580027401,25.74786200023118],[108.9672227995926,25.745288899563093],[108.97505539998679,25.748276999583936],[108.97408869983371,25.753224400385818],[108.98404349970781,25.766248699717778],[108.98924629987692,25.766701400449335],[108.99394589968358,25.763298900024267],[108.99486739991062,25.767116299977317],[108.98437380001093,25.782093899813674],[108.99376159981801,25.787694999824453],[109.00021199978403,25.783878199719197],[109.00352930023706,25.78611859979361],[109.00795249970815,25.782633699885366],[109.00905819997598,25.79043310000759],[109.01173050036238,25.793834800036052],[109.02020819974871,25.794498499706037],[109.02564499991689,25.796738600306185],[109.03264819965477,25.792590200377504],[109.04444330021818,25.793585900069274],[109.0499721999571,25.78877359992174],[109.07356219963589,25.77972950031625],[109.07374650040072,25.788690700415543],[109.0805655000978,25.79856379957971],[109.09014889975197,25.79715340000945],[109.09291340043313,25.798232000106793],[109.08978030002089,25.805532600249364],[109.09214070023319,25.811277699706125],[109.09779720028064,25.807938300212413],[109.1060905998014,25.809016799585663],[109.11254099976736,25.812500899996564],[109.12405950034571,25.81150549977906],[109.13032560044616,25.808767899618942],[109.13382729969021,25.80196529995868],[109.13891919996115,25.79757400033992],[109.13861899996692,25.780144300019458],[109.12681170009995,25.764471800333354],[109.13312209990505,25.754393099961646],[109.1438715002696,25.74445899978309],[109.14949249957925,25.747363999748814],[109.15382349965483,25.75483370031509],[109.15428419985602,25.76188800043093],[109.16497350032682,25.765954500000248],[109.16902800024206,25.7619709997619],[109.17473139993422,25.762974199799544],[109.18533830002258,25.776493299825972],[109.18533830002258,25.778816700130676],[109.17861139989623,25.778816700130676],[109.17299039968725,25.78313149981892],[109.17335900031765,25.78736320035148],[109.17833499956066,25.79159459961113],[109.16191400043084,25.797724799559887],[109.16018170022534,25.800223100016126],[109.17002190039045,25.80936299990259],[109.17460629974101,25.81351640006187],[109.16990679975908,25.827241899893806],[109.17180580009767,25.835210899563435],[109.17269879990977,25.83793089999108],[109.17713929963901,25.84029140002815],[109.18123629971552,25.846340400189376],[109.18192279989734,25.84998890026759],[109.17828380025725,25.85908489974838],[109.176376300426,25.86191189971447],[109.16458129968731,25.865569900230753],[109.1583862999878,25.880040900267375],[109.1475217998912,25.88733840044688],[109.13952629989888,25.890851899695463],[109.12399280032753,25.906818400348925],[109.1190487998623,25.93755140027696],[109.10883330001684,25.958600899711826],[109.08988929965153,25.97331240004729],[109.07649980002583,25.975871900268032],[109.06366730000593,25.97404689974468],[109.05737230019156,25.975427399554917],[109.05494679985497,25.978271400304948],[109.05249780023337,25.991452900231195],[109.05029280017266,25.993371899693443],[109.04345679969163,25.99431039980516],[109.03244029978009,25.993106900063424],[109.021712799706,25.987066400294168],[109.01367929975993,25.978631899842355],[109.01036829995712,25.97301089963338],[109.00424930016516,25.95072539985739],[108.98831179994966,25.93086240027958],[108.98710630011573,25.926772899649677],[108.99025729973465,25.911960400052465],[108.98710630011573,25.90449540024258],[108.95258329987945,25.895406900208343],[108.9284972998106,25.88111490033242],[108.92072280011718,25.87794890002175],[108.91718279964653,25.87830540027403],[108.91075880017854,25.882898399841338],[108.90411380041161,25.893470899962097],[108.90370929974443,25.90175239965356],[108.90905779997757,25.918786900095427],[108.90811929986586,25.926168399652],[108.90441079971868,25.934339399643648],[108.89823129983466,25.944204400412787],[108.88710780038474,25.946208900220597],[108.88316330014624,25.949104399748308],[108.87493130003952,25.96455339991951],[108.86724830006904,25.96367840003819],[108.84748080039867,25.954500400373206],[108.84184280030507,25.953550399731228],[108.83323680003838,25.955001400094602],[108.82245630021816,25.95331389961683],[108.81488780013194,25.949214900347442],[108.79380780018988,25.933187399578856],[108.78708629959311,25.930896900071957],[108.77845780008744,25.93165589999984],[108.77420029980408,25.933410399970057],[108.77057629995636,25.937900400183366],[108.76817329975802,25.946712400057265],[108.7624893002411,25.956783400433608],[108.73899080028525,25.967241399770842],[108.7348477998861,25.971517400008054],[108.73224630042648,25.981942899645162],[108.73380280025907,25.98831939962065],[108.73708329955468,25.993488399669957],[108.74886329960168,26.000657900241947],[108.75588230042786,26.009832399745505],[108.75787329961315,26.014356399728115],[108.75785080037417,26.031579899892506],[108.75244130002602,26.03613090022094],[108.7248227998324,26.034097399975053],[108.71555330044453,26.032119899613747],[108.71005230037343,26.028632899788533],[108.70839679957271,26.02570539968451],[108.70641279981095,26.02117939960965],[108.70671080006343,26.01611689997503],[108.71134879990723,25.999654899853795],[108.70281230014757,25.99076089979576],[108.68541730016835,25.983547399892643],[108.67019629971952,25.979242400116732],[108.66766379984455,25.97932989965517],[108.65952280033702,25.98557639993095],[108.6523668003876,25.98513040004798],[108.64787279998978,25.981149399924902],[108.647552299599,25.967841899584073],[108.64353180035238,25.963153900132454],[108.63610080031174,25.962257400158933],[108.62019329968109,25.965320400216342],[108.61357880042135,25.959802400260628],[108.61128229973838,25.95367640014581],[108.59339879971492,25.940500399573807],[108.59136979967656,25.934596899827113],[108.59291830003957,25.886779899872522],[108.59176629997484,25.877633899884643],[108.57569129971375,25.834308400212535],[108.56762630011372,25.824245900228163],[108.55645730036417,25.81864740015743],[108.54295279993181,25.82437639995095],[108.52249930010265,25.815868399706915],[108.51264930002526,25.817571400000134],[108.48663329998686,25.83472989986501],[108.47855379971816,25.83591439962987],[108.47403730008142,25.831699400407047],[108.46930679956921,25.815778900076225],[108.46331780037627,25.812301399789817],[108.4507368002632,25.809724899684397],[108.44309979971604,25.803085400171142],[108.44046779974923,25.79467389988065],[108.43784330012824,25.773862899753055],[108.42610930040394,25.760694400426303],[108.42466729955629,25.75660889998079],[108.41207129965079,25.746911899764427],[108.40081080017836,25.74520890037053],[108.3925478004407,25.742029400336605],[108.38585680035112,25.73397839958352],[108.38155329974506,25.715514899792822],[108.39514929990031,25.693263399786133],[108.39502729967023,25.690282899935937],[108.38787830004355,25.68316439991719],[108.37523629981547,25.678748900441462],[108.3626327995641,25.6874179000161],[108.35901630006225,25.69235590020469],[108.34954089999258,25.69904450000371],[108.33418700042978,25.697487400323325],[108.32191009977134,25.70200370031057],[108.31494130000107,25.702483899612332],[108.3008152996864,25.698951500211592],[108.29680630007073,25.694099399667607],[108.2770232996856,25.68186390019889],[108.2648468002397,25.682702900218715],[108.25768279992133,25.681091399648437],[108.2498167996057,25.675136400224744],[108.24862679958721,25.67103940014823],[108.24963380015981,25.664121400382385],[108.25504080039269,25.642987299924016],[108.24276680004783,25.631498399631482],[108.2348005999678,25.62703400041886]]]}},{"type":"Feature","properties":{"shapeName":"Dafang County","shapeISO":"","shapeID":"62558664B69169803151254","shapeGroup":"CHN","shapeType":"ADM3"},"geometry":{"type":"Polygon","coordinates":[[[105.34504680036957,27.085967899598927],[105.34095779976269,27.082286899820645],[105.3235168003601,27.075572899569693],[105.30297830020845,27.07732190018561],[105.29683680027819,27.073400400108426],[105.29225180018051,27.065822399584135],[105.26412179978132,26.994674900226528],[105.26983269981929,26.983988400244527],[105.26961020035054,26.978658300140467],[105.28207969981833,26.95840019960957],[105.29749129988363,26.95738270035139],[105.30115240036304,26.955272999649253],[105.3056889000228,26.957914599878904],[105.31618950024529,26.95801290027515],[105.32048489975836,26.964704400387802],[105.32595569969584,26.963635100179772],[105.33162280005223,26.959954200226207],[105.35480319990779,26.959437199767024],[105.36459429978714,26.95624000017591],[105.36551060013414,26.9545482998642],[105.3714992000281,26.95415200011479],[105.37357259959583,26.949904399568425],[105.38015279961206,26.946267700394117],[105.38858730006393,26.94656090006555],[105.39181529963645,26.94476249968966],[105.40345600009437,26.943336299930365],[105.40645320035497,26.940961300123945],[105.41974319988884,26.942571799748805],[105.42566010043333,26.94052739971977],[105.42779710005618,26.93911400001116],[105.43017590039756,26.932571999598167],[105.42877150020462,26.92740920037437],[105.43022420028666,26.919589900053893],[105.44680469957729,26.91383289986851],[105.45498739974875,26.912849799678554],[105.45285169964626,26.907262200290347],[105.45592150037697,26.89336750020999],[105.4567824996127,26.891831799897716],[105.46426350016048,26.889841799859255],[105.46978619997321,26.885574999686526],[105.4752817996154,26.886819600244394],[105.48686779970927,26.88479010018301],[105.49522029997695,26.886399599761774],[105.50319730001542,26.891216900139852],[105.51887699967386,26.89313119974514],[105.52835179989569,26.896226499853128],[105.54120909962029,26.902793499620373],[105.55172049980126,26.90237359986179],[105.55848809964613,26.894048900336543],[105.55896669995332,26.89075579974042],[105.5532974996799,26.875305199675267],[105.56438340027375,26.870916699646045],[105.56982400007757,26.863085500395584],[105.57740120020526,26.856553100245435],[105.58517529970038,26.84453429961826],[105.58622249996847,26.837471599834544],[105.58948359998823,26.834646500135932],[105.60791450025403,26.837826400368158],[105.60978569985025,26.839438400062136],[105.6104341002536,26.843119899863552],[105.60508069961463,26.850792599898625],[105.60737489983183,26.861382299553554],[105.63017439992865,26.884756999735828],[105.63317100034146,26.893607899784797],[105.63330350015644,26.904891699792188],[105.62891500012722,26.91852460003031],[105.62619699979177,26.920883799647697],[105.62745209993454,26.929316999679827],[105.62553210042614,26.941967600124713],[105.63344260009598,26.944263199686986],[105.64093239961062,26.95486020003824],[105.64853069963215,26.95672719980047],[105.66194859984807,26.951518799553014],[105.66748950014039,26.951943800266235],[105.68616489999022,26.93827259970078],[105.68657509966118,26.931628599979945],[105.69028209973919,26.93080230018603],[105.69272490033393,26.930684599614608],[105.69797169983411,26.937452599657774],[105.7237989996242,26.945146299761973],[105.73404950018437,26.94129749997967],[105.73624809977002,26.933317700351665],[105.74187860041712,26.92926540017811],[105.74489140031795,26.928973400202324],[105.74997249973114,26.9336062999908],[105.75581469988856,26.933955100247715],[105.75983470001148,26.925527199920396],[105.7643345999619,26.92675440039534],[105.76458719973954,26.933126800361606],[105.76775620018856,26.934824500050695],[105.77080769971565,26.93016910012392],[105.77993750021551,26.929172299661957],[105.78769280028257,26.926150600070173],[105.80235969964048,26.925568100187718],[105.80574189966899,26.927035100389617],[105.80760070031215,26.933803300082275],[105.81466700008207,26.93795150036152],[105.81295319983036,26.94159779979867],[105.81465770019275,26.94758229968346],[105.81207569983371,26.950459200331863],[105.80978849993937,26.95084499959711],[105.81095530014704,26.957069800131194],[105.80597939982948,26.962718000335485],[105.8024229003966,26.962083999876768],[105.79486000038878,26.957332199821224],[105.79410060026254,26.95829920034788],[105.79576759979494,26.962915499550718],[105.79947430039869,26.965251000233536],[105.7982287996195,26.966491700431675],[105.79645960023043,26.965252699952202],[105.7952128997556,26.966161900151633],[105.79766550026267,26.97448909979215],[105.7942909004048,26.975351699821147],[105.78977510044058,26.98425380007285],[105.79052290021173,26.99302319996076],[105.78925759995832,26.996551400426824],[105.79153420044304,27.00969309995662],[105.78938439987024,27.015476499740714],[105.79360900025523,27.016681899749926],[105.79664790028045,27.020026199649465],[105.79566790005362,27.02315579990028],[105.7979697004414,27.027491700381745],[105.80046609973078,27.026470100215022],[105.80721719971405,27.027130400447675],[105.80849689991209,27.030059100247342],[105.80765710039492,27.031988399645],[105.81336340040065,27.03558349977874],[105.81569399977832,27.04103760020513],[105.81340200020219,27.04826020034801],[105.81051440031939,27.048846599690876],[105.80745179956097,27.05536070043604],[105.81008390025187,27.060334400112538],[105.80782750033893,27.060977400086983],[105.80970039965376,27.06720259992011],[105.80983600033119,27.078253999822266],[105.81340260005004,27.08320589993241],[105.81479320014614,27.09016589983645],[105.81454020017014,27.099957599563595],[105.81623029968864,27.102412399812465],[105.81741299991006,27.11696570040681],[105.81592739992965,27.120011099832425],[105.81743109966555,27.124616000128356],[105.82469019969301,27.128324899574523],[105.82735830024541,27.131980700349118],[105.83859979974102,27.125539899746627],[105.84989980013574,27.12233540035851],[105.89562229972938,27.131741899768883],[105.91541279956112,27.142738399657446],[105.92183679992843,27.147550400330772],[105.93006129968927,27.15671340020333],[105.93340279999927,27.163128400155585],[105.93263230044039,27.169542400061744],[105.91977730028225,27.172063900328794],[105.912078799597,27.178249899613206],[105.91310880033092,27.185350399701235],[105.92236329992642,27.192453899927614],[105.93187729979763,27.193595900430523],[105.94857780012546,27.186491400158047],[105.96322680027669,27.18556989993101],[105.96990929997429,27.18762989960021],[105.98174279979042,27.195413399708684],[105.98766330032112,27.19747140018501],[106.00332629956915,27.197463899839136],[106.0087438002862,27.20066640003438],[106.01104730039265,27.205705400383977],[106.01081080027825,27.218078399898275],[106.0128707999475,27.221509399838965],[106.02160629989089,27.22494139982581],[106.03114329992343,27.231347900285414],[106.04143050001761,27.233603499801745],[106.06095159983653,27.23095149981191],[106.09393770006488,27.244747799671245],[106.09917509985104,27.24369030036712],[106.10369730029026,27.244804400302883],[106.11455930027154,27.24431430036475],[106.12101020026057,27.24780719974251],[106.12708560002051,27.246767900018597],[106.1283227002325,27.24777980009776],[106.12907059982837,27.251937800289284],[106.1334615001482,27.255813100394334],[106.13435299989112,27.26168869957388],[106.1299664999541,27.266088200110403],[106.1324862996031,27.270261899766922],[106.1216995998567,27.27549340000047],[106.11822680032662,27.28320209989704],[106.11546069975157,27.283618700043007],[106.1165762997565,27.29350360011108],[106.11344840012362,27.301372400016305],[106.10523670041346,27.305569800406033],[106.10015639959823,27.310802000312094],[106.09657089972728,27.30913690014785],[106.09014359974736,27.31094439986424],[106.08856859996098,27.313714100425443],[106.08045719983994,27.31913329996189],[106.07778019959659,27.328110300250216],[106.06893910035927,27.337567099642],[106.06933080007644,27.340046199572498],[106.06578080004397,27.34837540020459],[106.06038680041058,27.356397399620334],[106.05165080044412,27.36533940009332],[106.04161830004455,27.369930399568318],[106.02361279979095,27.374069399783025],[106.02052280028704,27.377963900413704],[106.01540379984556,27.407289400185732],[106.01180280015916,27.412788400164573],[106.00640080015688,27.4153118996245],[105.99149329977604,27.43937290033915],[105.97551729958377,27.447168400101646],[105.96985630022812,27.451751900130148],[105.95648180039484,27.480617400272877],[105.95004280023511,27.485429900069903],[105.94077279992484,27.48474289986501],[105.93329679960766,27.481996400013884],[105.91886130030883,27.469629399876965],[105.9160232998355,27.462299399997335],[105.90701279980095,27.453595899731056],[105.90313730004641,27.454053900167423],[105.90030679991895,27.458177399667306],[105.89774330041303,27.468255900389522],[105.89386729973614,27.473293399770625],[105.88304879996218,27.476497400035043],[105.87841030009531,27.481078899971294],[105.87866980037103,27.50215139956748],[105.8760908001504,27.52230840011265],[105.87712130000807,27.531469399892956],[105.88923630021515,27.563308899586104],[105.88950329993742,27.573844899822348],[105.88614629981197,27.58277689983413],[105.87995929958208,27.589875899852927],[105.87143729959178,27.595371399670398],[105.854156300373,27.599487399723785],[105.84771730021328,27.598110400074972],[105.82993330028165,27.584129400151767],[105.82399729993551,27.58183689965324],[105.81600229996621,27.581144400094047],[105.80800629995082,27.582740899972634],[105.79923230003067,27.58754540030003],[105.79390439966835,27.593995300242966],[105.79301099965795,27.591307199667597],[105.78931440023945,27.59099319957653],[105.78055630033305,27.585179400009338],[105.77242280027207,27.586148899751947],[105.75488229987832,27.581319900093376],[105.74844379974161,27.583831899922302],[105.73938730028374,27.59802239961408],[105.73010230018104,27.60007289974459],[105.70716880020001,27.58767489997672],[105.68784330022817,27.581233899724737],[105.67829879984981,27.57617939955969],[105.67289729987056,27.569986399952427],[105.6626508003942,27.53080389978021],[105.65210729981209,27.518646400311184],[105.64026629965008,27.512897399595374],[105.63021830033438,27.509900899906654],[105.57380679974409,27.499015899764004],[105.55037680024918,27.48933989961671],[105.5452422999922,27.483831400099064],[105.54144330016823,27.463434400177505],[105.53604130016595,27.457923899668288],[105.51186380037416,27.44663789991921],[105.50415029989648,27.44134689963977],[105.50287629960161,27.43584440039882],[105.50549329977605,27.427606400015407],[105.51582280038201,27.417098900194162],[105.51686880005514,27.409770900406784],[105.5136107999985,27.381817400053023],[105.51567830001358,27.378843399603284],[105.51981330004384,27.37702390023287],[105.53318779987711,27.379119899763623],[105.53578179989023,27.370422399773986],[105.52970130007498,27.33879489996474],[105.52586380027424,27.333743899961064],[105.50993280035851,27.326829900379664],[105.4868087996864,27.31233189999722],[105.47934730003794,27.310020400421195],[105.46804030021974,27.30883989994146],[105.46135729959974,27.30607039992907],[105.45340729990704,27.299175400324543],[105.44803630043498,27.290910899618382],[105.44574730009788,27.284030899806226],[105.44225329994987,27.25629989982059],[105.43659980004082,27.253991900405936],[105.43042729958029,27.25397090033681],[105.42349980027564,27.2509708995874],[105.4196472997831,27.246604899696422],[105.41995979980499,27.234922399649065],[105.43055730017932,27.21823489992073],[105.43290729973216,27.210223900112965],[105.43089280036253,27.203115399656042],[105.41346729987606,27.18633290004334],[105.40656279983341,27.17760440042281],[105.40274830019393,27.167968900344533],[105.40126029992297,27.15467839988827],[105.40310679963915,27.14368640020723],[105.40959929956807,27.12538139963192],[105.40862280040199,27.116441900173584],[105.37918830010005,27.088617400372755],[105.36945329992989,27.085832399645597],[105.34504680036957,27.085967899598927]]]}},{"type":"Feature","properties":{"shapeName":"Dejiang County","shapeISO":"","shapeID":"62558664B55213089278341","shapeGroup":"CHN","shapeType":"ADM3"},"geometry":{"type":"Polygon","coordinates":[[[107.79933040037776,28.18694190004868],[107.79817499997631,28.185600400238343],[107.8013083000381,28.1817174999627],[107.80181780015141,28.175328500310115],[107.79945630006824,28.1705213002179],[107.80034970007864,28.152050100431836],[107.79749280035253,28.14528089979376],[107.79484269973085,28.124044899852322],[107.7937398997766,28.12087159974459],[107.78930629964606,28.11711140027097],[107.78180680004385,28.09901090013301],[107.78083029997845,28.094226899851606],[107.782406799834,28.087686199858297],[107.77614800042994,28.080399700186092],[107.77530920005961,28.07647150015964],[107.77834180033386,28.075275999887538],[107.78279390041826,28.078008699641828],[107.78898809972111,28.069127299984984],[107.80195730028925,28.073454200051344],[107.80918389971725,28.07111999978821],[107.81034530039534,28.069355000233145],[107.80860320027756,28.05591779966676],[107.80963560040271,28.050337400250896],[107.81357150042447,28.049938800035648],[107.8229918997564,28.053355400031762],[107.82925060023507,28.05198880014308],[107.83060559976866,28.047205500433563],[107.82796019990337,28.042991399633422],[107.83189609992513,28.037922899722105],[107.83215419995645,28.03479059970647],[107.83486069976152,28.03274330026312],[107.8367596002754,28.03527999997209],[107.84634080018782,28.040635899826952],[107.84937479980721,28.040051999700097],[107.85106299995755,28.041481599796043],[107.8559447997128,28.039770100010173],[107.85827170017888,28.040796999881707],[107.8571539004322,28.04460240018068],[107.86258320025456,28.048045200125955],[107.86094070005333,28.051608699881626],[107.86561729969867,28.054044699803114],[107.86429420001735,28.059178200013946],[107.86842319977092,28.06288229977838],[107.86880549977406,28.057709099895078],[107.87172550043158,28.05658179971033],[107.87537549967965,28.059641699804672],[107.87610550006883,28.067049699683935],[107.87993129968982,28.066765100229247],[107.88219529977334,28.06402979963559],[107.88428079971919,28.056414899927745],[107.90054329963363,28.035630900145975],[107.90627280034954,28.030391899566553],[107.91058330037907,28.022218900381972],[107.92388929975147,28.012819400395074],[107.92823230038044,28.012039400398066],[107.94664779975619,28.01249890000429],[107.96070879977134,28.020271399605463],[107.96212779955835,28.023204899986183],[107.96157830029836,28.02827089978223],[107.95382679986699,28.04665540042646],[107.99500280023909,28.058309400058818],[108.01686879955554,28.061551900300003],[108.0469282999012,28.061399399562674],[108.05544280044495,28.065154900078653],[108.08910379960071,28.09025390009748],[108.09420780024982,28.096265400328036],[108.09747329975306,28.106157399644303],[108.10584730011288,28.107398900239104],[108.10921779996158,28.11430259988515],[108.11770430011342,28.122927299755133],[108.12207230009665,28.121163800269244],[108.13090229990127,28.121789599810256],[108.14052340003497,28.117404599942404],[108.14276980038602,28.10765319973541],[108.14569080019032,28.105241899693965],[108.15244280039497,28.103698899584572],[108.17560930032903,28.102604000174495],[108.17299680036211,28.120082299858325],[108.17346840034645,28.132800700192206],[108.18086079968623,28.14821929968099],[108.18503080043115,28.152792899972383],[108.18928080036869,28.154348200109382],[108.1946258004404,28.15404020029507],[108.19782829973633,28.15116820005244],[108.20900729994702,28.149843399753138],[108.21318830029986,28.14644040020437],[108.20737580025303,28.11402850001531],[108.20879029983251,28.100796100259856],[108.21169679986747,28.100117100423915],[108.22134979985344,28.1023904003967],[108.2271477003062,28.10114150018012],[108.22285880019353,28.082846000042935],[108.22580730036668,28.076383399874032],[108.2336117996449,28.07278240018769],[108.2606123001176,28.06796840032149],[108.26759380011384,28.07009140019801],[108.28225730003442,28.080760900295388],[108.28794879989726,28.081495399992775],[108.2993084001626,28.074973600151566],[108.2994033002222,28.068886600036592],[108.30258929965652,28.062075300334868],[108.30713839971742,28.063348199859604],[108.30941109984246,28.065553399569808],[108.31253660008412,28.064991200083853],[108.3160933000658,28.06744589960863],[108.32031939962064,28.067817899676356],[108.32382760006374,28.07220999969178],[108.32436509966965,28.07739680002237],[108.32863459960714,28.082370399874094],[108.32783020010373,28.085423400369677],[108.32262959967636,28.086479199955193],[108.32226819991757,28.089604100348993],[108.32511130044622,28.091407900254467],[108.32348050042481,28.094511000182536],[108.32395930038149,28.101033899894617],[108.34072880029396,28.116092900067315],[108.35846729992602,28.148862900402605],[108.36921680011528,28.16524889971697],[108.38802330043501,28.169647400207396],[108.39447030006437,28.174739900326188],[108.41179629955963,28.21201689986009],[108.42005179985074,28.219414400154506],[108.42183680032815,28.22286790023344],[108.41687029972462,28.2274168995703],[108.40567030034413,28.232838899595606],[108.40122230026901,28.236934399602887],[108.3935778002753,28.252012399752516],[108.38992329992044,28.254049400159715],[108.37587729969766,28.257385400216094],[108.36213730009638,28.25498790027143],[108.3322983000266,28.254525899650616],[108.32791930043544,28.258952899656663],[108.3145983003713,28.266156900020974],[108.3098832996746,28.27069639981903],[108.30684679993993,28.28489489987976],[108.29395279978195,28.29990390044469],[108.29485329993992,28.31001289987546],[108.29367080026731,28.316116399852035],[108.29103079993155,28.319673400207307],[108.29799249955425,28.321883500323338],[108.30864139978081,28.319539799622078],[108.31773030001341,28.320783199585037],[108.3249282002763,28.326016699910838],[108.3289567997166,28.337745399930327],[108.3199846998341,28.350164999615117],[108.31519739994013,28.35400610030132],[108.30698089964886,28.35543780031429],[108.29612520031782,28.360757300109356],[108.28652720017021,28.367683300244153],[108.27642350044425,28.371887100209563],[108.27389120021877,28.374757999682004],[108.27437200026765,28.37839330041055],[108.27997310027843,28.38342540026207],[108.2949218004008,28.39303049965787],[108.28404229961251,28.391042899909962],[108.27216330039607,28.383835400283544],[108.25710280015414,28.381416400246735],[108.24755879979881,28.374454400250443],[108.23274179999413,28.37432839983586],[108.22213730019632,28.369420900154466],[108.21456930013318,28.372564400326837],[108.21441630027209,28.387470399739186],[108.20706180016202,28.395890900444726],[108.19766230017507,28.39970590010728],[108.19474779977122,28.40518390001705],[108.19615930011167,28.41987440028339],[108.20220179997312,28.439422399724037],[108.20111080002346,28.469682900345617],[108.19753279959906,28.48937590017772],[108.19085680020123,28.505828899883852],[108.1800308000814,28.52109739982518],[108.17861180029439,28.53278139994171],[108.17302679994691,28.543510400084926],[108.17006680014276,28.553573400092375],[108.17104330020823,28.55954540030001],[108.17880230008615,28.564891900440898],[108.17852029967213,28.566951400087078],[108.1745832997795,28.569669900445604],[108.16027830020346,28.56793390042924],[108.15400679967411,28.56993840023705],[108.1474298003451,28.576757399934138],[108.14073980030162,28.593208400447395],[108.1322783004033,28.605056900055956],[108.12361930039049,28.610936899618252],[108.11031330011878,28.61356340023076],[108.10999279972799,28.61814690025932],[108.11921679971562,28.631307400116498],[108.11920930026906,28.633989399691075],[108.08583029972863,28.61325839965548],[108.08173379967519,28.608175399974755],[108.0760267999969,28.60490590028712],[108.05903629978548,28.60955639980807],[108.05281079957882,28.608346899789638],[108.03315729976964,28.59599690043666],[108.03404979955866,28.58706090024043],[108.04544829999912,28.569976900213817],[108.03591129996659,28.561626400038392],[108.0341263003885,28.55793739989116],[108.0391462998619,28.551338400446866],[108.05381029980555,28.544606900288272],[108.06304180013905,28.5343778998203],[108.06543729999146,28.53004439962939],[108.06575780038224,28.524774400318393],[108.06555179987572,28.51972789962292],[108.06298830036985,28.516490899635357],[108.04904180023897,28.50740789985474],[108.04544079965325,28.50370389991508],[108.04367830021346,28.49909989984053],[108.04374679977502,28.49313740007102],[108.05565630039803,28.475599399792543],[108.05597679988944,28.470557900226993],[108.0516968003671,28.457673899630834],[108.04428829956544,28.447280899693794],[108.04457830034835,28.444530399658277],[108.05162829990616,28.44230639962069],[108.05948629985289,28.436883899572365],[108.0639803002507,28.430965400033244],[108.06378930043593,28.425231900032202],[108.04727929989986,28.39181689963027],[108.03273780020936,28.368737900134022],[108.02937329973804,28.367788400414383],[108.02519979973101,28.368890899995108],[107.99999979955118,28.39061539998079],[107.99717679976953,28.3828068996188],[107.99050130039478,28.372716900164846],[107.98696880026995,28.369167400155447],[107.98383329956721,28.368589399581197],[107.9745023000412,28.369138899740506],[107.94985180002061,28.375718900107188],[107.94230630009571,28.37528990010884],[107.91912080018483,28.37974939981501],[107.903816300382,28.38026790034337],[107.88762680023672,28.37829190005118],[107.88442229994922,28.37610639999042],[107.87478670004623,28.378889100251854],[107.87267300005897,28.373063300131264],[107.8686319000422,28.37000709984784],[107.86153759988036,28.358065800096654],[107.86047930017963,28.341962900167744],[107.85628919958697,28.325551700050994],[107.85992269987275,28.32356320008165],[107.8583057997729,28.31938469984408],[107.85872580025551,28.312228799719378],[107.86186230010514,28.292453900427233],[107.86157180019848,28.28581239992235],[107.85751330009879,28.27562539959257],[107.85694129980118,28.26853389991959],[107.86083979971704,28.25073990042614],[107.85734070041303,28.209052899871494],[107.85523590011678,28.20387190016811],[107.85074940006484,28.207353299914928],[107.84795630004328,28.20607330024268],[107.84724369973702,28.197435499948426],[107.8429165001964,28.197961800296923],[107.83297040036376,28.18801900007685],[107.82478539972647,28.184352800441445],[107.82025590038955,28.186931199915023],[107.81780260020992,28.183034000418843],[107.81129139977833,28.17902950011137],[107.80827180010357,28.18044349966783],[107.80506350018044,28.18535090042377],[107.79933040037776,28.18694190004868]]]}},{"type":"Feature","properties":{"shapeName":"Fenggang County","shapeISO":"","shapeID":"62558664B18741575234472","shapeGroup":"CHN","shapeType":"ADM3"},"geometry":{"type":"Polygon","coordinates":[[[107.79933040037776,28.18694190004868],[107.79888290042555,28.196268799565473],[107.80576729972114,28.203593899938596],[107.80423980032657,28.208562399735],[107.80864759980693,28.208565600422162],[107.8132442002597,28.211634300382684],[107.81541910001152,28.217269199613895],[107.81752510000342,28.21754760004177],[107.82325359977386,28.213561700412185],[107.8257877004421,28.21391120034167],[107.82828769971763,28.217034999965335],[107.83232719984045,28.218139600362292],[107.83399869958038,28.220103399552272],[107.84152049967139,28.22145349957941],[107.84249549966762,28.22452180024095],[107.84277409974499,28.23004450005368],[107.84054539985038,28.230535400388476],[107.83762030003686,28.2355669003922],[107.83974660042531,28.240801499689496],[107.83555770042761,28.240545999598226],[107.83089330008579,28.24543460002684],[107.83559520035828,28.253738900230132],[107.83929179977679,28.254341099761973],[107.84015849981495,28.260500999821318],[107.83519639959422,28.2712527995771],[107.83442220022442,28.27698290014075],[107.83107359976685,28.279490799960513],[107.83114859962825,28.291895600401688],[107.8230081001438,28.294500400373238],[107.82224169969476,28.29990000008496],[107.81749189973146,28.310748500343095],[107.81644790015054,28.33001760023211],[107.8140378996294,28.332116900274798],[107.81063929956406,28.331824799574918],[107.80641889991239,28.3231512997927],[107.80224010020055,28.319963200441407],[107.79555410034152,28.318369099954054],[107.79235039955137,28.320453699678524],[107.79193249988504,28.32560359992624],[107.79695939985646,28.339559300121664],[107.79622630040348,28.342349900027898],[107.78550479970681,28.35297539989483],[107.78255790032688,28.35292299999651],[107.77777819970419,28.33993569967288],[107.77425269990226,28.32082199993539],[107.77044240009673,28.317429699621016],[107.76391829978974,28.3194191996364],[107.7557165996414,28.31775599973963],[107.74596620037988,28.318123899798195],[107.7390778998253,28.323588800183018],[107.73048809994594,28.327691599987418],[107.72908080033875,28.324699999805205],[107.7260206996956,28.329029900009914],[107.71286060003672,28.33247889988138],[107.70654710026855,28.33654269968588],[107.70264639971163,28.3458330003927],[107.69289589972607,28.343258500379534],[107.68943149986387,28.340346000067882],[107.6859267995822,28.33583909979467],[107.68835580008016,28.331278099904466],[107.68746349994063,28.32695240043296],[107.68342409964254,28.324867899633887],[107.67257110007625,28.332132599739737],[107.66953279989883,28.329730899961135],[107.66908300038023,28.319669999870655],[107.66653310042233,28.317968600370648],[107.66486650018891,28.31387909974069],[107.66037590012775,28.311612600441208],[107.66653799992883,28.311013599797832],[107.66619949960727,28.30857440008856],[107.67078949993555,28.30423560019284],[107.6777130997798,28.304757199785],[107.68063819959332,28.302672299686947],[107.68217039974422,28.303408199628734],[107.68732430017639,28.30071010039086],[107.6875019999174,28.298474800371764],[107.69080660014453,28.298625099568767],[107.69693539984888,28.295436299645587],[107.68642880024902,28.2875058997775],[107.68733949961825,28.277328899908866],[107.67368329974454,28.266521399742828],[107.67377729958275,28.26398090039828],[107.6830657000221,28.261970500138546],[107.6814739998253,28.254831900272052],[107.67158430007544,28.25495450034998],[107.67251009996119,28.250880399710752],[107.65780629962109,28.246387400258357],[107.65556329960663,28.23567940018421],[107.65263380030967,28.23370940016872],[107.64575979987495,28.23071839983436],[107.6306533002097,28.2289063999105],[107.62164280017515,28.22437639965119],[107.61888879997821,28.220334900335445],[107.61768330014422,28.216245399705485],[107.61911030030018,28.206796400133783],[107.62744829989919,28.188642400226627],[107.6297355996183,28.177187499703393],[107.63178030002086,28.17487190011815],[107.63150849971754,28.173367300160805],[107.62747020018963,28.171630800121363],[107.62747020018963,28.167115699829708],[107.6208895999751,28.16347579996824],[107.61712829973129,28.163121500357022],[107.61712829973129,28.160342800280034],[107.61298440001013,28.161546399846543],[107.6123020996622,28.159734899945704],[107.60277009986027,28.15677249985106],[107.60136919982875,28.15990860040165],[107.58097830000861,28.1545598996197],[107.57570629970604,28.14624190004372],[107.56477330004782,28.138099399567693],[107.55948629995282,28.13574239969205],[107.55010229978137,28.13420089965183],[107.53887930023956,28.125606399915455],[107.53208179973535,28.110910400294813],[107.52758780023686,28.09568389959236],[107.52728279966152,28.087667400430234],[107.52886179963241,28.08211339971365],[107.53762029973711,28.074273899720765],[107.54453280014866,28.07222539968251],[107.57417280003477,28.075424399716326],[107.58322880036889,28.07513840001718],[107.60640729995697,28.072114899982694],[107.62457330041752,28.066493899773718],[107.65174879996721,28.05369939970757],[107.66789229978986,28.043321399563013],[107.67936680013776,28.03285990006441],[107.6822432996886,28.027034900340425],[107.67952730034472,28.01175689996103],[107.67172979959065,28.000009399614157],[107.65754680024469,27.964259900374145],[107.65115330038458,27.951968900144664],[107.65157329996788,27.94532390037773],[107.65588379999741,27.939777400007074],[107.66258979987941,27.938779899872543],[107.67476630022463,27.939552400422997],[107.67652879966442,27.93678290041055],[107.67463679964862,27.931995399967775],[107.64431779992657,27.893653899907633],[107.61894980009328,27.874942900394615],[107.61155680000638,27.864721400272458],[107.61125180033036,27.861520900169467],[107.61350229979138,27.85668540021112],[107.61807230009663,27.850906399910457],[107.6265183001795,27.845311900024228],[107.63963329973706,27.840118399744426],[107.64504230006219,27.839595899930885],[107.65595229955903,27.843131900217088],[107.65825629968856,27.841502899739055],[107.6570203002467,27.828462400019816],[107.65032179981125,27.81296939961817],[107.64943680036811,27.805421899601015],[107.65055079957978,27.794185400336005],[107.64887230041637,27.785503400161815],[107.65064979964859,27.766700900026592],[107.64917730009239,27.754808400187585],[107.63947280042947,27.74438839990478],[107.6258928001127,27.734470400288785],[107.62116229960048,27.729257400009033],[107.60627680023418,27.701028899564108],[107.607452299584,27.69322790044731],[107.61947680011428,27.68644689980465],[107.63742829967634,27.677989900113857],[107.67678029957125,27.66881739980323],[107.6831662999848,27.664617900395854],[107.68668380031721,27.658391900166123],[107.687767299921,27.64509390026336],[107.69251230020257,27.634958399610525],[107.6986388003404,27.630761900341497],[107.71308880030796,27.63058290018074],[107.71896379963971,27.62661739987317],[107.7341232999504,27.60696039990256],[107.75177780020539,27.597577899800285],[107.7583772996727,27.591768399891805],[107.76503730013138,27.588249400389543],[107.78093730041616,27.567430399893112],[107.80877680000935,27.566158399690437],[107.81775680043603,27.563749400114773],[107.82209079975064,27.56025890012819],[107.82855980039454,27.54642889997382],[107.84032870010947,27.557480600249562],[107.84819030004235,27.55834389995107],[107.8733977996688,27.554586400242215],[107.88101980042353,27.555112400217126],[107.8896637997446,27.560130899621356],[107.89853679973356,27.571922400198673],[107.90135180004557,27.57937240021613],[107.9027867996711,27.595153900432194],[107.89848329996437,27.615623400099878],[107.90007030030415,27.63592139995268],[107.89750679989896,27.641946899929565],[107.89887229991677,27.64582239968405],[107.93470780042469,27.687707900399346],[107.93665330020968,27.695010899933152],[107.9260483003888,27.72378739956889],[107.92365279963707,27.748786900395203],[107.92765829999064,27.7567483997189],[107.94212329975056,27.771207900124523],[107.9450912999236,27.778264399982106],[107.94241329963415,27.787006400225266],[107.93708030011584,27.792804899626447],[107.9214628002681,27.80080789996464],[107.9087597999249,27.813119900263246],[107.8994902996377,27.830194399851734],[107.89132679999187,27.836715900218678],[107.88427729955777,27.847575900107756],[107.88558979982946,27.863359400416073],[107.8812407998231,27.881053899817687],[107.88474280034,27.88856489995021],[107.89214329987345,27.8983118997744],[107.90206130038877,27.903446400031385],[107.91317730039214,27.90329540026255],[107.91935730029923,27.9127369003877],[107.92217229971192,27.921825400421938],[107.92043280043345,27.933196899617258],[107.91203329979703,27.941097399725265],[107.90759280006773,27.953523399885057],[107.90728780039171,27.9658949002295],[107.91108680021574,27.976606399565753],[107.92569730039014,28.000009399614157],[107.92823230038044,28.012039400398066],[107.92388929975147,28.012819400395074],[107.91058330037907,28.022218900381972],[107.90627280034954,28.030391899566553],[107.90054329963363,28.035630900145975],[107.88428079971919,28.056414899927745],[107.88219529977334,28.06402979963559],[107.87993129968982,28.066765100229247],[107.87610550006883,28.067049699683935],[107.87537549967965,28.059641699804672],[107.87172550043158,28.05658179971033],[107.86880549977406,28.057709099895078],[107.86842319977092,28.06288229977838],[107.86429420001735,28.059178200013946],[107.86561729969867,28.054044699803114],[107.86094070005333,28.051608699881626],[107.86258320025456,28.048045200125955],[107.8571539004322,28.04460240018068],[107.85827170017888,28.040796999881707],[107.8559447997128,28.039770100010173],[107.85106299995755,28.041481599796043],[107.84937479980721,28.040051999700097],[107.84634080018782,28.040635899826952],[107.8367596002754,28.03527999997209],[107.83486069976152,28.03274330026312],[107.83215419995645,28.03479059970647],[107.83189609992513,28.037922899722105],[107.82796019990337,28.042991399633422],[107.83060559976866,28.047205500433563],[107.82925060023507,28.05198880014308],[107.8229918997564,28.053355400031762],[107.81357150042447,28.049938800035648],[107.80963560040271,28.050337400250896],[107.80860320027756,28.05591779966676],[107.81034530039534,28.069355000233145],[107.80918389971725,28.07111999978821],[107.80195730028925,28.073454200051344],[107.78898809972111,28.069127299984984],[107.78279390041826,28.078008699641828],[107.77834180033386,28.075275999887538],[107.77530920005961,28.07647150015964],[107.77614800042994,28.080399700186092],[107.782406799834,28.087686199858297],[107.78083029997845,28.094226899851606],[107.78180680004385,28.09901090013301],[107.78930629964606,28.11711140027097],[107.7937398997766,28.12087159974459],[107.79484269973085,28.124044899852322],[107.79749280035253,28.14528089979376],[107.80034970007864,28.152050100431836],[107.79945630006824,28.1705213002179],[107.80181780015141,28.175328500310115],[107.8013083000381,28.1817174999627],[107.79817499997631,28.185600400238343],[107.79933040037776,28.18694190004868]]]}},{"type":"Feature","properties":{"shapeName":"Liping County","shapeISO":"","shapeID":"62558664B49908600852099","shapeGroup":"CHN","shapeType":"ADM3"},"geometry":{"type":"Polygon","coordinates":[[[109.17002190039045,25.80936299990259],[109.18902420020675,25.802380099661946],[109.20190440026789,25.79127670005971],[109.19947410024957,25.78331459998884],[109.19977659981032,25.777321700436175],[109.19523889955565,25.771147000233952],[109.20179339964574,25.7659708002123],[109.20401179960493,25.751439999756258],[109.20196810014778,25.742535900311623],[109.21147380017578,25.73963240041502],[109.21769039979216,25.741060700091282],[109.2280190001768,25.740140600108646],[109.24172500000878,25.731366399639683],[109.2495354995637,25.73186509979456],[109.25170790009957,25.722736499889606],[109.26556550044756,25.72095389970275],[109.2722813002419,25.726594200262184],[109.28193830041232,25.727906800358596],[109.2877361999657,25.734568800010152],[109.29187310026344,25.734054600039826],[109.29709040020185,25.737502599865138],[109.30575670001178,25.734545700024114],[109.30968930042093,25.73608989982904],[109.33570540028404,25.7350906999759],[109.33674579987883,25.748589200131505],[109.33288189958006,25.758523999982685],[109.32198660040137,25.764789600060055],[109.32259649992858,25.7697847998287],[109.32441159981556,25.772236599939163],[109.32763839969243,25.772872200291886],[109.3285459001732,25.77623200000687],[109.3280416997647,25.779591799721857],[109.32259649992858,25.784494899919764],[109.32410910025482,25.78749129978371],[109.33177270005012,25.79302960013598],[109.3341927999578,25.80537660024993],[109.33187349966232,25.81272960029088],[109.33147019959011,25.826980600074705],[109.33499949992705,25.832335599708188],[109.3342328000038,25.8375968998771],[109.34376989986106,25.84211789972136],[109.35365439973083,25.839233200152137],[109.35899879995469,25.840322299834327],[109.36383899977011,25.844860000089],[109.36938500011775,25.85783670010369],[109.38392780022787,25.872963900363743],[109.38652740031932,25.880882699876736],[109.38696630005478,25.89825049986075],[109.3911659001862,25.90256380037914],[109.40689649967379,25.90773390029932],[109.42040870010146,25.918889799624594],[109.42574490030694,25.92823250022974],[109.42948409971149,25.941742599841177],[109.42373629959059,25.954799399772526],[109.4195107998836,25.9580541002166],[109.40397220025687,25.962687199654567],[109.40155210034919,25.966041599840025],[109.40291060004421,25.96958129993709],[109.41254340035772,25.976104099824397],[109.45721509969718,25.997996399814042],[109.4679030997483,26.00900569975329],[109.47254159961517,26.027310499779787],[109.47714490001721,26.032966900002464],[109.46338650028684,26.080779999597382],[109.50038150030605,26.106622700277455],[109.50547789988525,26.120941199576748],[109.4950790003956,26.14627650006048],[109.46656800041296,26.15754699999411],[109.46372220011949,26.173580199766434],[109.44349670001276,26.19094660040531],[109.46579740012999,26.199565899846448],[109.44769289980752,26.212833400141335],[109.43489839974143,26.242029199687863],[109.45168300017036,26.270273199948292],[109.45258329977952,26.279289200236462],[109.4760590001228,26.294357299749606],[109.45881649998154,26.314987199799475],[109.44381709967945,26.31153679968361],[109.44602199991544,26.28906249983453],[109.42447659991524,26.294462200270402],[109.36473849988192,26.280403099623413],[109.33737949996402,26.256296200209533],[109.33377839955358,26.270935100074837],[109.28427890025108,26.294910399895116],[109.26786040033727,26.337123900447693],[109.29029849977599,26.35197449982337],[109.32221219983319,26.431291599827546],[109.3022308000115,26.43431840037391],[109.2824783001335,26.433233399801622],[109.27594730022776,26.435781400391363],[109.26902030004686,26.440637400395758],[109.26447279987985,26.447240900047575],[109.26567829971384,26.461664399692324],[109.26431279969603,26.46516190000176],[109.26061249956729,26.468416999744818],[109.25631309986971,26.468134000184023],[109.25242990011986,26.46578749989328],[109.24948349986369,26.45074660037534],[109.24493620024549,26.45141130009148],[109.2405062001011,26.44980789971487],[109.23879930034747,26.45318830019994],[109.2366564002727,26.45308730003893],[109.23714729970817,26.44205080010437],[109.24447099983684,26.44317889978646],[109.24875639978808,26.442185399836376],[109.24909139994821,26.44068539991133],[109.24725479996908,26.437314200390063],[109.23808439957543,26.429934700026422],[109.23460440007307,26.420850499650896],[109.23182579982085,26.41991730014331],[109.22632179961141,26.42469980035554],[109.22084379970164,26.424355600130866],[109.21854369993184,26.42354959983419],[109.2192718000536,26.41918860017381],[109.2160247996049,26.416684499989742],[109.2070072003221,26.41719130033829],[109.20127649991059,26.411509499663737],[109.19064299967476,26.409958099886467],[109.18934840040839,26.40622709960104],[109.18668380001742,26.404971899633495],[109.16835029992649,26.400335399858875],[109.14884179960944,26.398763400210782],[109.14016729978113,26.39931689965522],[109.12653329967208,26.403037900378877],[109.12088780013192,26.40255939989646],[109.10959630012923,26.39631639978205],[109.10133380041464,26.39455390034226],[109.09754180001414,26.395612899715616],[109.07865130031729,26.407331399624468],[109.0650092998394,26.41104640007137],[109.05576329973655,26.415517900330883],[109.04898830026991,26.424032399975317],[109.04222080024977,26.42703640000991],[109.02903029990847,26.42384140016054],[109.01358780003699,26.416362899728085],[109.00818580003471,26.415641899753894],[109.00205979991989,26.415862900052844],[108.98217780036526,26.423011899679466],[108.97073379962524,26.41883090022594],[108.96642279957263,26.41967390043021],[108.95719929960808,26.430570400203862],[108.9502868000958,26.4363288995591],[108.94703680040806,26.44333439976276],[108.936706299756,26.446918399564538],[108.92665080009442,26.445211399986192],[108.91356680016776,26.433275399939816],[108.90783680032814,26.430724900134067],[108.90062729971015,26.42983240034505],[108.88417830018847,26.433629900099845],[108.85695630029306,26.42586339987605],[108.84423830015749,26.427228899893862],[108.83970629980593,26.4289949003944],[108.83660829993318,26.433925400237058],[108.83551029966065,26.43809690015189],[108.83821879955804,26.447187400278324],[108.8367612997942,26.45458789981177],[108.827316300407,26.460889899948995],[108.81520829962341,26.464755900164732],[108.80888380024726,26.472095399583054],[108.80992879987429,26.47848890034254],[108.81864179967937,26.484615899604137],[108.82485980043953,26.491976399990904],[108.82256329975655,26.498026400198285],[108.81565080024427,26.503778400153124],[108.80980679964415,26.504673400057413],[108.7876127995911,26.50061990018827],[108.78204329995839,26.501960899975586],[108.77490229980134,26.50840739958187],[108.76859280021762,26.5102329001283],[108.7620163000123,26.50655539961207],[108.75608079968919,26.499412400262088],[108.73866280044797,26.499093899963555],[108.72711929961605,26.49643190041195],[108.69603729978161,26.49879839982634],[108.67491929988586,26.504712900080335],[108.66902929986236,26.50468239957314],[108.6576078001599,26.500936400394608],[108.64720179962342,26.490955399672032],[108.6487807995943,26.48607839959851],[108.65225979994989,26.4836653998384],[108.66062179975631,26.481775399914852],[108.66459629957961,26.478887399833695],[108.6672593000767,26.47535140044681],[108.6678387998208,26.470969899841066],[108.66338330029913,26.462394900104584],[108.6525573001793,26.454723399765157],[108.65061180039436,26.45111439970981],[108.66062179975631,26.428045399775442],[108.66000380003538,26.40785989971465],[108.66490929962453,26.39689989971066],[108.66835030002636,26.393798899699505],[108.66932630006875,26.386876899749154],[108.6584927996031,26.36060689968872],[108.65432729996496,26.335029400086796],[108.65608229995826,26.31636990025072],[108.66517630024612,26.302055400236554],[108.66636680028768,26.293977400037022],[108.65804280043494,26.28461439993464],[108.64212780035774,26.282857899872226],[108.61917879966194,26.271917399868187],[108.61818679978103,26.266670399819134],[108.61987280018963,26.264087400313315],[108.62410730031172,26.261878900091233],[108.63604729964322,26.260099399867443],[108.63926679972309,26.25792290022173],[108.64205179955098,26.251169399947912],[108.64144130017593,26.23695390000256],[108.64961979961413,26.21922489990925],[108.65161129972176,26.200097900098058],[108.66158280000627,26.188508899865894],[108.66636680028768,26.187196899617277],[108.67205029978157,26.182641900003716],[108.67307280016968,26.176637400096013],[108.67286679966315,26.172050399906084],[108.66947179958396,26.164129399752028],[108.65538029996094,26.151058400424915],[108.63929730023028,26.138971399710385],[108.63655080037921,26.134242900189747],[108.63732880028397,26.128703900164908],[108.64076230033993,26.113435900246657],[108.64320379961572,26.110824900348916],[108.64643880041035,26.10887889964158],[108.65746329979152,26.110111399821278],[108.66428379955778,26.10873240008027],[108.68134330025316,26.10195140033693],[108.69503030010833,26.094137399721262],[108.71578230021305,26.078500899896653],[108.72154229963746,26.07026489960549],[108.72065730019432,26.06179790035287],[108.7248227998324,26.034097399975053],[108.75244130002602,26.03613090022094],[108.75785080037417,26.031579899892506],[108.75787329961315,26.014356399728115],[108.75588230042786,26.009832399745505],[108.74886329960168,26.000657900241947],[108.73708329955468,25.993488399669957],[108.73380280025907,25.98831939962065],[108.73224630042648,25.981942899645162],[108.7348477998861,25.971517400008054],[108.73899080028525,25.967241399770842],[108.7624893002411,25.956783400433608],[108.76817329975802,25.946712400057265],[108.77057629995636,25.937900400183366],[108.77420029980408,25.933410399970057],[108.77845780008744,25.93165589999984],[108.78708629959311,25.930896900071957],[108.79380780018988,25.933187399578856],[108.81488780013194,25.949214900347442],[108.82245630021816,25.95331389961683],[108.83323680003838,25.955001400094602],[108.84184280030507,25.953550399731228],[108.84748080039867,25.954500400373206],[108.86724830006904,25.96367840003819],[108.87493130003952,25.96455339991951],[108.88316330014624,25.949104399748308],[108.88710780038474,25.946208900220597],[108.89823129983466,25.944204400412787],[108.90441079971868,25.934339399643648],[108.90811929986586,25.926168399652],[108.90905779997757,25.918786900095427],[108.90370929974443,25.90175239965356],[108.90411380041161,25.893470899962097],[108.91075880017854,25.882898399841338],[108.91718279964653,25.87830540027403],[108.92072280011718,25.87794890002175],[108.9284972998106,25.88111490033242],[108.95258329987945,25.895406900208343],[108.98710630011573,25.90449540024258],[108.99025729973465,25.911960400052465],[108.98710630011573,25.926772899649677],[108.98831179994966,25.93086240027958],[109.00424930016516,25.95072539985739],[109.01036829995712,25.97301089963338],[109.01367929975993,25.978631899842355],[109.021712799706,25.987066400294168],[109.03244029978009,25.993106900063424],[109.04345679969163,25.99431039980516],[109.05029280017266,25.993371899693443],[109.05249780023337,25.991452900231195],[109.05494679985497,25.978271400304948],[109.05737230019156,25.975427399554917],[109.06366730000593,25.97404689974468],[109.07649980002583,25.975871900268032],[109.08988929965153,25.97331240004729],[109.10883330001684,25.958600899711826],[109.1190487998623,25.93755140027696],[109.12399280032753,25.906818400348925],[109.13952629989888,25.890851899695463],[109.1475217998912,25.88733840044688],[109.1583862999878,25.880040900267375],[109.16458129968731,25.865569900230753],[109.176376300426,25.86191189971447],[109.17828380025725,25.85908489974838],[109.18192279989734,25.84998890026759],[109.18123629971552,25.846340400189376],[109.17713929963901,25.84029140002815],[109.17269879990977,25.83793089999108],[109.17180580009767,25.835210899563435],[109.16990679975908,25.827241899893806],[109.17460629974101,25.81351640006187],[109.17002190039045,25.80936299990259]]]}},{"type":"Feature","properties":{"shapeName":"Qixingguan District","shapeISO":"","shapeID":"62558664B28556590716664","shapeGroup":"CHN","shapeType":"ADM3"},"geometry":{"type":"Polygon","coordinates":[[[105.79390439966835,27.593995300242966],[105.79489090019496,27.6132391004042],[105.79435160014629,27.61985010040189],[105.79177390034528,27.62156300043216],[105.79233509978508,27.62305480033882],[105.79671999982821,27.624603399627233],[105.79729040023187,27.62744059970396],[105.8012469001244,27.63002169984162],[105.80995749963898,27.633070999626966],[105.8143042999036,27.63934379967668],[105.81664040043421,27.652792599698785],[105.82105470021429,27.65556249990948],[105.82329089955545,27.66333389963978],[105.8300002997741,27.668594500136123],[105.84274809984498,27.674290699855987],[105.84626500032954,27.673666799683133],[105.85459069990094,27.676674299879096],[105.8558584004449,27.684373500236916],[105.86055249999794,27.68725130020738],[105.87138310015001,27.6905730001439],[105.8728752004302,27.6935139001464],[105.87651420007035,27.695847999685498],[105.8767591996774,27.698407599731013],[105.88049709956158,27.699226599727865],[105.88281420011532,27.705123299700574],[105.88523079986157,27.706708100298613],[105.8881029997537,27.706334100138633],[105.89397280010468,27.70977409959505],[105.89672480020943,27.713546500170878],[105.91603990042114,27.7177356996429],[105.91991039994508,27.721311000302478],[105.92290360002119,27.721812300397403],[105.92266340009587,27.72358340005394],[105.92524469988308,27.725034199868503],[105.92917089981722,27.731392500263723],[105.92699409979792,27.73177559976415],[105.9244704996139,27.735594499786373],[105.92175899957823,27.748159400236204],[105.918820599691,27.750967500050137],[105.91413949983809,27.749416899770154],[105.90551079978366,27.749792399999308],[105.90134890013172,27.748546800294662],[105.89753109998031,27.74455469983957],[105.88813079959681,27.739484500209585],[105.87688579993977,27.742315899659104],[105.86710390012496,27.73805700003055],[105.86465660022196,27.73556879986029],[105.86530149956462,27.730816999804745],[105.85631139975135,27.72372810007181],[105.85675529971735,27.71974740032232],[105.8473229996568,27.713368500056276],[105.84515760034304,27.71035019990188],[105.84092589981049,27.708875600428655],[105.83180950010842,27.710465900381053],[105.82764990002295,27.713762799713493],[105.81039480037981,27.71437539990484],[105.80846740035031,27.716434699901527],[105.79444939962013,27.717621099933865],[105.79181760020214,27.72011750012257],[105.78329749957999,27.721885399991265],[105.77633560030779,27.722726599752832],[105.76834039978968,27.7194345999269],[105.76133789972437,27.721443299568648],[105.74728060041946,27.716508099868975],[105.73447240008124,27.71489629982443],[105.72014440034388,27.710218899782433],[105.71545060026506,27.694579299994757],[105.71758159961121,27.688501900142626],[105.71110029983902,27.684074999961354],[105.69682500037351,27.680310999952724],[105.69225629958862,27.683888899653027],[105.68845109983846,27.682056500407214],[105.68261010027595,27.682037100232037],[105.67147019988988,27.687857499923723],[105.6663300995545,27.687798300251416],[105.66284729956328,27.687921000154063],[105.6529816000209,27.682116999599884],[105.649918400314,27.675293399870554],[105.64029199957616,27.66393309993265],[105.63492789970286,27.662560099568964],[105.62592420034161,27.664624499621027],[105.62097580039296,27.67037500040601],[105.61881600025828,27.677993199726416],[105.62038010026146,27.684134099808887],[105.61797629966657,27.690438799710876],[105.60706129993912,27.695564099903322],[105.60558530022149,27.700036299835403],[105.60126960031187,27.703848099710058],[105.60001900037662,27.709599700365914],[105.6021359999765,27.714794099967776],[105.60207940024418,27.719540200120207],[105.5874863001527,27.724649600298847],[105.58123100001069,27.723699900030397],[105.57460860020677,27.72580199966262],[105.5672022002214,27.723745500154735],[105.55601840032898,27.72385280006671],[105.55525159968164,27.727596399854008],[105.54789260026337,27.72946439966239],[105.54597209983262,27.73362940017671],[105.54281509993694,27.735672800159648],[105.54310149983439,27.738710700138768],[105.54083649970477,27.740429100422716],[105.54236149988338,27.7440737001412],[105.53530220043626,27.751188799823296],[105.5350272003451,27.756824899649473],[105.52005090002905,27.761860399837644],[105.5157167999904,27.767788999662628],[105.50557289966963,27.772428499575653],[105.495828300136,27.772063700379533],[105.49149539979294,27.776003700410513],[105.47440889965105,27.77796000015394],[105.46488590026416,27.775940700203194],[105.46182240018368,27.77183769985004],[105.45598260031682,27.770931599613675],[105.45218640008238,27.77258179981027],[105.44890000033479,27.777051299977586],[105.44548589955468,27.778758599929517],[105.43803429964328,27.778584299625777],[105.43640870040127,27.77765639982306],[105.43473419962368,27.772257999806868],[105.42963930011365,27.770515000367027],[105.42729789987823,27.76542860034965],[105.425446599581,27.766300500267903],[105.42473460002185,27.76963770001987],[105.42021839985932,27.771755900214657],[105.4107274999742,27.76848560013042],[105.40223269997921,27.768630800171366],[105.39867549997439,27.766000499923166],[105.39423329962716,27.76627919982525],[105.39075640008787,27.764135000230112],[105.39288609991365,27.760614200285147],[105.39109369981446,27.75422569975626],[105.38605520038726,27.753110999972705],[105.3827707998326,27.760723500289373],[105.37976360001016,27.76081369959263],[105.36868690038023,27.75703569983773],[105.36563420025817,27.752232599754734],[105.36288859972916,27.75409029962765],[105.3566606003065,27.750986800400597],[105.35020520010994,27.751578299798723],[105.34503469999146,27.745586799591194],[105.33939490035442,27.734033899944563],[105.3306966997929,27.729305000225622],[105.3239347998512,27.730360600161646],[105.315407000133,27.717319600419273],[105.31096240039454,27.71558489992327],[105.30531129987662,27.70824760024658],[105.30361179974483,27.62595179993565],[105.29518889964805,27.6087379000341],[105.26226040009743,27.591188400124622],[105.24951169980517,27.564106000191828],[105.22638700035986,27.54957009968041],[105.24754329968357,27.54669000014343],[105.2580032001876,27.51993750031545],[105.23856349980571,27.493738199558322],[105.23271180010954,27.43163489963098],[105.18977359977185,27.376453400004436],[105.17637630032607,27.377073299992844],[105.17807009965543,27.395408599627217],[105.16718289977109,27.408410999568048],[105.07232670011717,27.42026710024652],[104.95001980027365,27.354000100224482],[104.86379999977021,27.293619199866214],[104.86702729967021,27.277375899578146],[104.88188180030488,27.254573900265314],[104.88610830005808,27.241544900177075],[104.88437630022611,27.233743400137882],[104.87528980028412,27.213977899660392],[104.87583930044343,27.20939989988551],[104.88778680012081,27.19436239980496],[104.91388680043553,27.178277900005128],[104.93374629985192,27.168788900387483],[104.93765280013668,27.16354739969279],[104.93890380027023,27.155935400298517],[104.95094469993802,27.137889700349433],[104.96516599961126,27.132641399880754],[104.9667663000248,27.118499899750645],[104.97427379999596,27.111646400261236],[105.00190729998195,27.10157790000011],[105.00605779982766,27.097017400132984],[105.00927729990752,27.085683899992034],[105.01510629981595,27.08110440014798],[105.022682300248,27.081027900217464],[105.03933730027626,27.068052399898363],[105.05106379965468,27.063409899847045],[105.0913468002147,27.058465900281135],[105.12971440039934,27.062986699576584],[105.14302649987314,27.0735026997898],[105.14806550022274,27.072420399881594],[105.15981640000689,27.07659459956119],[105.1640366998339,27.071794799990073],[105.16943120038962,27.07487189961853],[105.18287719992287,27.072128899928828],[105.2016983996615,27.05845310023045],[105.20650320036248,27.064919599859707],[105.21698779984712,27.072126399813556],[105.23509230016958,27.094434899750865],[105.24199680021223,27.097675399899856],[105.25200629955117,27.099551900100153],[105.29055029995646,27.0981178996214],[105.33270280039397,27.090501900042682],[105.34504680036957,27.085967899598927],[105.36945329992989,27.085832399645597],[105.37918830010005,27.088617400372755],[105.40862280040199,27.116441900173584],[105.40959929956807,27.12538139963192],[105.40310679963915,27.14368640020723],[105.40126029992297,27.15467839988827],[105.40274830019393,27.167968900344533],[105.40656279983341,27.17760440042281],[105.41346729987606,27.18633290004334],[105.43089280036253,27.203115399656042],[105.43290729973216,27.210223900112965],[105.43055730017932,27.21823489992073],[105.41995979980499,27.234922399649065],[105.4196472997831,27.246604899696422],[105.42349980027564,27.2509708995874],[105.43042729958029,27.25397090033681],[105.43659980004082,27.253991900405936],[105.44225329994987,27.25629989982059],[105.44574730009788,27.284030899806226],[105.44803630043498,27.290910899618382],[105.45340729990704,27.299175400324543],[105.46135729959974,27.30607039992907],[105.46804030021974,27.30883989994146],[105.47934730003794,27.310020400421195],[105.4868087996864,27.31233189999722],[105.50993280035851,27.326829900379664],[105.52586380027424,27.333743899961064],[105.52970130007498,27.33879489996474],[105.53578179989023,27.370422399773986],[105.53318779987711,27.379119899763623],[105.51981330004384,27.37702390023287],[105.51567830001358,27.378843399603284],[105.5136107999985,27.381817400053023],[105.51686880005514,27.409770900406784],[105.51582280038201,27.417098900194162],[105.50549329977605,27.427606400015407],[105.50287629960161,27.43584440039882],[105.50415029989648,27.44134689963977],[105.51186380037416,27.44663789991921],[105.53604130016595,27.457923899668288],[105.54144330016823,27.463434400177505],[105.5452422999922,27.483831400099064],[105.55037680024918,27.48933989961671],[105.57380679974409,27.499015899764004],[105.63021830033438,27.509900899906654],[105.64026629965008,27.512897399595374],[105.65210729981209,27.518646400311184],[105.6626508003942,27.53080389978021],[105.67289729987056,27.569986399952427],[105.67829879984981,27.57617939955969],[105.68784330022817,27.581233899724737],[105.70716880020001,27.58767489997672],[105.73010230018104,27.60007289974459],[105.73938730028374,27.59802239961408],[105.74844379974161,27.583831899922302],[105.75488229987832,27.581319900093376],[105.77242280027207,27.586148899751947],[105.78055630033305,27.585179400009338],[105.78931440023945,27.59099319957653],[105.79301099965795,27.591307199667597],[105.79390439966835,27.593995300242966]]]}},{"type":"Feature","properties":{"shapeName":"Renhuai City","shapeISO":"","shapeID":"62558664B14706264879494","shapeGroup":"CHN","shapeType":"ADM3"},"geometry":{"type":"Polygon","coordinates":[[[106.54767109974154,28.02904090021741],[106.54641019987088,28.033404900016194],[106.54195709974044,28.03453389991961],[106.53013229996571,28.04627039975918],[106.51708880010813,28.048458300110497],[106.51146129959938,28.046603300002346],[106.50130109996587,28.046184400289917],[106.49934180008404,28.048078100024327],[106.48700900026523,28.047028199991473],[106.48208130001206,28.050538100153233],[106.47464999959789,28.059596499878637],[106.47544379969167,28.061922699772822],[106.4736634999706,28.064026],[106.46961739972329,28.065541300090956],[106.45736750030994,28.076138199718173],[106.45633019977896,28.08088720018418],[106.45258350002854,28.084509399589194],[106.45425449974545,28.090026799697114],[106.45235140029695,28.09149039956236],[106.45197349977724,28.096486000428627],[106.44984930020507,28.096860800085892],[106.44751640036162,28.100865300393366],[106.44972860039468,28.11696220004552],[106.44661469960874,28.126665800386434],[106.44199149990783,28.135015000142175],[106.43644939991992,28.137484800183415],[106.43237310043827,28.14279869990014],[106.4319542996513,28.14854840028852],[106.42662809990696,28.149124399871198],[106.42473719976203,28.150235899866914],[106.42418809980103,28.153555599711183],[106.41523440004761,28.158243699886896],[106.41983880032046,28.16378190041445],[106.42128600014883,28.16893839988728],[106.41859379956423,28.172605999767143],[106.39799680031217,28.159478999656187],[106.38225840010512,28.162991499757936],[106.37246940014279,28.1616150001322],[106.36681869982317,28.158101499984298],[106.34887559992904,28.160711300186392],[106.34792849960064,28.156321300087995],[106.34076250008934,28.148132499815063],[106.34083199969712,28.1446710002665],[106.32980879983631,28.1366331997624],[106.32809370006424,28.133901000031187],[106.32438059988482,28.132479799603118],[106.32241140026599,28.12963829986768],[106.31216239977499,28.12488909975218],[106.30928089999361,28.125651500016772],[106.30501890040199,28.13082300018135],[106.302208599947,28.130878099844494],[106.28760689963877,28.122419199886224],[106.28293330013173,28.122831299824668],[106.27515330018474,28.12797550016927],[106.26542669968251,28.131921899775932],[106.25734279993031,28.13297029973961],[106.24849769960923,28.138858299670858],[106.2411745004029,28.139088900232593],[106.23797989985258,28.141498800029638],[106.23756340043064,28.14370170017338],[106.22870779962534,28.14696759987487],[106.21370259959536,28.14449109988442],[106.20379609961037,28.138374000359875],[106.20594669968051,28.13416749973038],[106.20537389988561,28.127511700005016],[106.20784980002833,28.12292619988426],[106.22326619977537,28.11939429960728],[106.22449149998278,28.106950199691994],[106.22657420033914,28.103202599720248],[106.22912100033398,28.100738700130933],[106.24260959985321,28.098284300080422],[106.24702589972554,28.095729899915],[106.25213689979813,28.082217400013064],[106.25848910009194,28.078476300341038],[106.26005999986916,28.055383999871765],[106.25305000035729,28.027798000277528],[106.25258000026685,28.022745000181658],[106.25443000014445,28.018167000406777],[106.2705200001979,28.010698000412447],[106.28140999967178,28.008472000282666],[106.28608999965383,28.005289000087316],[106.30529999969531,28.000004000084573],[106.30498999978875,27.996549999982562],[106.31727999997207,27.976342999829626],[106.32083999956637,27.960992999727182],[106.31924999998756,27.95092200025016],[106.3020599995694,27.92074199974354],[106.3009899996888,27.910440000405742],[106.30149000026336,27.906088000261036],[106.30588000036181,27.902411999813978],[106.32267000032033,27.897557999901835],[106.33267999968228,27.87921100008765],[106.33497999962736,27.87141800044043],[106.33493000001954,27.859509999886654],[106.33232999972978,27.85539599992552],[106.3170399996963,27.8446750001512],[106.31496000000408,27.840787999866336],[106.31674999981271,27.837578000224596],[106.3327500002124,27.82928800014116],[106.33189999968528,27.825910999992686],[106.3158699997008,27.81461899996691],[106.30693040041768,27.813835800182062],[106.29193889976045,27.80619340010537],[106.28375409967202,27.79799400042282],[106.27980720004228,27.796582500082366],[106.27576960018695,27.79263870041575],[106.27085839979537,27.7913652001439],[106.26279090008006,27.78390840035246],[106.25106610042025,27.778681900349454],[106.24564520026581,27.77375270002716],[106.23917199978803,27.770317000229454],[106.23453059960752,27.771563599980198],[106.22803239977549,27.77103500006524],[106.22445740038876,27.76895179968585],[106.22255239977352,27.764774300393697],[106.20663989981159,27.767304200328624],[106.19097069973805,27.75784210033271],[106.18204970023356,27.761164400117025],[106.17576679989799,27.765477199713075],[106.162791900326,27.76625659986223],[106.14153610001108,27.776393999883226],[106.12126409955863,27.782896500273296],[106.10943119959023,27.781558600449102],[106.10201279995084,27.78342310009606],[106.09557060000327,27.783051699876125],[106.08373610014098,27.780160300357636],[106.07874470000797,27.781917400267844],[106.07543689999301,27.779300800291765],[106.07102649967328,27.781257400408776],[106.0608643997723,27.780812000373544],[106.0557430997643,27.77521190040892],[106.0556543996309,27.772622000405022],[106.05985139982232,27.7677017995984],[106.05213759987038,27.762723900087963],[106.03770490016109,27.759096900101895],[106.02140789955496,27.751035899786984],[106.0128693997031,27.74948409981141],[106.00008619961847,27.750317099554536],[106.00119249973415,27.74761140014607],[105.99798030035066,27.7406903004171],[105.99928199976455,27.732511499705993],[105.99740760038054,27.727520599596062],[106.00099150035754,27.725631499893836],[106.00012580036548,27.72363239961561],[106.00169880005961,27.718861300108983],[105.99940669975945,27.7152954000627],[106.00372160017179,27.710567500389857],[106.00175210017932,27.70269730024029],[106.00486609989065,27.695194099927846],[105.998947299978,27.679405399739437],[106.00176979973651,27.66726490015509],[106.01027679993445,27.66428190018962],[106.03222630040352,27.67113689974815],[106.04255680015626,27.670667899703858],[106.05416130020393,27.66791140029096],[106.09130079969219,27.654355900204678],[106.10211930036547,27.6451813998018],[106.10520130039976,27.63624539960557],[106.11599730003542,27.617219899978465],[106.13657380014081,27.58993539989882],[106.1496963000443,27.578004900106123],[106.1538087999362,27.569753399999456],[106.15895079963974,27.563789400160715],[106.16874679992492,27.56194090035234],[106.20719130023838,27.57102940038658],[106.21260079968721,27.56895840021008],[106.22984329982847,27.55586439982227],[106.23809029972762,27.55836690011239],[106.24223330012677,27.56293889961057],[106.23786930032799,27.56936089988568],[106.23480230008613,27.578300400243336],[106.2397307998366,27.586076900028957],[106.2482527998269,27.590638899965313],[106.25704879986228,27.598635400003786],[106.2727963003091,27.605235900416517],[106.29987329981299,27.600358900343053],[106.30066680043257,27.608144899667423],[106.31153879997572,27.61750639970063],[106.32524129964634,27.62456689974266],[106.33995830023542,27.627961899821855],[106.345382800376,27.627944899937233],[106.36673730038615,27.615741900168587],[106.38762679963713,27.615445900008353],[106.40438079973416,27.610580399565833],[106.41829680025717,27.609845899868446],[106.44954679974506,27.61683590025666],[106.46221929958108,27.6227434001878],[106.46507279986986,27.625940400129423],[106.46206679974307,27.645417899916197],[106.46365330005983,27.65044939991992],[106.48076629962509,27.667793400245273],[106.48677829987872,27.68128189993979],[106.4891587999387,27.692951400286972],[106.48921179968488,27.703487899646916],[106.48416129970428,27.724347900235443],[106.48005680018122,27.72917189966347],[106.47157280014466,27.734929899895008],[106.46797179955894,27.74021139973638],[106.46774279979041,27.746167900128512],[106.48072829967134,27.760087899936707],[106.4919202995822,27.776075399759918],[106.49945830006055,27.78406140021349],[106.50312029986202,27.79251839990428],[106.50395979990492,27.805110899648355],[106.50272379956374,27.81587989983757],[106.4973983003913,27.834451400112073],[106.49770280004424,27.842922400448458],[106.50758379975264,27.853187899901684],[106.52287279973996,27.85884840013364],[106.54279330017073,27.863344399724326],[106.56009680042706,27.861667399730777],[106.5691833003691,27.865291399578496],[106.57733779959983,27.875896000100397],[106.57657140005011,27.877674199904448],[106.58073679986347,27.885886600186495],[106.58586739976073,27.889475799868308],[106.59124019967555,27.887395300153003],[106.59308820036023,27.88852949993651],[106.5920776996262,27.8915883999847],[106.59326199974157,27.895227399624844],[106.59655170000099,27.897768700265374],[106.5981271998105,27.901383900246856],[106.5983727003399,27.903744299559833],[106.5950825000574,27.906721700346225],[106.5987987001999,27.913403299822505],[106.59555179957596,27.919201599574194],[106.5959704996389,27.92871449957454],[106.59274989968816,27.931870299774573],[106.59345620024351,27.935186799831],[106.59702389983318,27.937199999680274],[106.59717439957893,27.939193900078465],[106.59438410004623,27.946110399775193],[106.59054160001489,27.949535400338505],[106.59254430027931,27.95598649997703],[106.59069650014345,27.961372099942537],[106.5932429997647,27.96139279963802],[106.59344600013287,27.9654864002772],[106.59842479986469,27.972863199976757],[106.58642340021981,27.97994499956212],[106.58542850002533,27.98309490020955],[106.57140330022219,27.984635699677824],[106.56684969995376,27.986501499744463],[106.5643809997834,27.98930050021795],[106.5589003001088,27.98986080033569],[106.55297590011776,27.992464700085918],[106.55464820025429,27.999921800250945],[106.55127229997674,28.001294299692233],[106.5501637002946,28.003218800307422],[106.55175329967511,28.00611710032399],[106.54929690043167,28.008508400342464],[106.54758980012923,28.01571620034241],[106.54378709959502,28.018549800432993],[106.54767109974154,28.02904090021741]]]}},{"type":"Feature","properties":{"shapeName":"Songtao Miao Autonomous County","shapeISO":"","shapeID":"62558664B23042934802147","shapeGroup":"CHN","shapeType":"ADM3"},"geometry":{"type":"Polygon","coordinates":[[[108.59862000001306,28.31020579995777],[108.59925000028733,28.299967700149296],[108.60617079964277,28.29262540024206],[108.61241930001074,28.290597900272928],[108.62719729981558,28.293203399917047],[108.63629929957307,28.292108399782876],[108.64412679991193,28.28550139996969],[108.64806379980456,28.27772540020709],[108.64885730042414,28.274289900058875],[108.64232629961907,28.235729899815055],[108.64263130019441,28.228622400303607],[108.65058129988716,28.199542900184724],[108.64858230033298,28.186919899933514],[108.64820079982712,28.16215389998257],[108.65425130005752,28.147281400316444],[108.65946130019893,28.14249439989669],[108.66517630024612,28.139085900094244],[108.67089080027029,28.13911240041699],[108.67632279985736,28.141666900407188],[108.6799163000972,28.14856340008089],[108.6856232997755,28.149511399731352],[108.68903329964712,28.141731399784305],[108.68948140034644,28.133115300131067],[108.69486510004441,28.128178499638125],[108.69997419984952,28.128501699793674],[108.70637269994023,28.131418599588756],[108.7131180001956,28.14268350034331],[108.71631740042773,28.144531900326967],[108.72901179965487,28.14212570034084],[108.73393260030934,28.147188500349046],[108.73849970030096,28.145611899769392],[108.74452880026399,28.136786699646507],[108.75426860011584,28.135849900152834],[108.76084179980927,28.14299789973336],[108.76342780035276,28.14369739961535],[108.76419079956582,28.14736939987796],[108.7630997996161,28.15905990029421],[108.7677232996906,28.170316899605268],[108.76194779955136,28.184507400196424],[108.76323629961558,28.18611889986738],[108.77986930042795,28.178395899850955],[108.80010229998123,28.179172399686536],[108.80400830024291,28.17483140004913],[108.80402380005836,28.171621400407332],[108.79235080044913,28.171340900062546],[108.78640729975712,28.167188400124644],[108.79010780043473,28.1495493996851],[108.78214280005022,28.1355263996237],[108.7816927999828,28.11740889960106],[108.77446730042561,28.110956399718134],[108.7682573000344,28.108405899912384],[108.74986229980533,28.105576800029326],[108.74341549982552,28.099271899578525],[108.74529280042248,28.087663400245788],[108.73937229989178,28.078233899774716],[108.73837279966506,28.069974900221496],[108.74150830036785,28.06471639964218],[108.74774930038996,28.060159899959444],[108.75405849960015,28.051331400224],[108.7468108002783,28.039288899762937],[108.74736030043755,28.032184400389838],[108.75027360024649,28.02913130006948],[108.7509054000642,28.025378400392924],[108.75125830033033,28.019780199796458],[108.74977130010546,28.01883919956947],[108.75163279961407,28.00675190028005],[108.74745180016049,28.00001189972943],[108.7507863001477,27.9948508002243],[108.748633299787,27.968013600447364],[108.74569530009808,27.95884909960631],[108.74282379987852,27.955976399691167],[108.76158880008313,27.952298900074254],[108.7668302998785,27.947761400368393],[108.77266680013275,27.939302399686028],[108.7765123003025,27.938253399874554],[108.78757979986796,27.93746409998829],[108.79808330040407,27.945312999695204],[108.80358130033682,27.946733899749745],[108.80870129992513,27.946006799674137],[108.8183092996345,27.935118900117175],[108.8246783001635,27.922256199963726],[108.83893930040847,27.91734599961825],[108.84134279973051,27.91359250009384],[108.84114479959288,27.905239900001447],[108.83902429983164,27.899059700444866],[108.84128929996126,27.895004900156096],[108.84765979966011,27.892719900003442],[108.87311880009258,27.899866900437132],[108.88107630013121,27.89844040030431],[108.8910063003006,27.891839899891522],[108.89634380002639,27.90089230023949],[108.90146130039875,27.90524650012594],[108.91822880021903,27.90635030012629],[108.92358029969114,27.904577099653466],[108.927113299839,27.896176900243802],[108.93095880000868,27.892020800319756],[108.92660179963343,27.87981459986395],[108.92851309999963,27.876581299687302],[108.93216110005477,27.877118800192534],[108.93766830005205,27.882552899696634],[108.94910430042319,27.883725299982643],[108.9573713003453,27.8808994997122],[108.96992430006645,27.883715099872006],[108.98288229957853,27.88414030023472],[108.98939529955351,27.881133300061776],[108.9978252997978,27.882942799870364],[109.00219779998855,27.8903568998511],[108.99653280044845,27.903254800368813],[109.0013488004069,27.909549900007903],[109.01215130034228,27.913808699811682],[109.01510629991589,27.908786899895574],[109.01222930034197,27.898182499922484],[109.02069380037864,27.89102730036967],[109.03035339958979,27.890957100190064],[109.04163380015979,27.905309399609166],[109.05552679962216,27.903201900447414],[109.07684329967861,27.897351400446837],[109.0803223000342,27.894240899997612],[109.07714079990802,27.887242400116747],[109.070232799704,27.88439030007237],[109.06562430032125,27.879966900052466],[109.06385379961324,27.875440999802322],[109.05374930038994,27.86540240020065],[109.04666129997906,27.8633633997012],[109.04219329988092,27.858718699908138],[109.03599480002009,27.84669399972836],[109.03605129992764,27.835372000117786],[109.04268630013269,27.831886199988162],[109.04658380000245,27.82755910027231],[109.05131080035324,27.833408000378938],[109.06127180015352,27.835093800238724],[109.06459829977177,27.842748399618984],[109.06896979991637,27.84764090040727],[109.06501780023137,27.86269939965763],[109.06591780036626,27.86519040031675],[109.07586679961315,27.867584400100043],[109.08178730014384,27.86690890042547],[109.09063729997149,27.862228400420406],[109.10088330032409,27.86506840008667],[109.10572829982124,27.869021899840845],[109.12120030015382,27.873046900194367],[109.13121829988467,27.871303399832073],[109.13831329971907,27.86805890039801],[109.17356130011399,27.84151839955456],[109.18605029958172,27.84266290017274],[109.19231879997272,27.84068739990363],[109.20150589987742,27.841238400132113],[109.20659630007924,27.849935400098673],[109.22836280020312,27.860826399618702],[109.23597729971266,27.86306740044023],[109.26287079974765,27.864076099832175],[109.26668380021727,27.85774849959364],[109.27340210012687,27.85682829978623],[109.28268129960236,27.858674699677692],[109.28480180026293,27.856620399911606],[109.29422619977936,27.85440929974942],[109.29377020033456,27.85669389970377],[109.29917180013854,27.85856849963659],[109.30027779988063,27.853765399553595],[109.30334620036689,27.85817219988718],[109.32288020006126,27.865741100171704],[109.33283440008756,27.870188000375947],[109.33235529975735,27.872446900404157],[109.325328099812,27.87301169983016],[109.31778629969801,27.871206700229095],[109.31930629964609,27.87617820016385],[109.314594299987,27.88101520019137],[109.31364499991685,27.888275400089697],[109.31702629972403,27.89767409967999],[109.31436039981264,27.905231600158288],[109.30745019986688,27.91056950008243],[109.31124580025352,27.921315000087247],[109.30881829982474,27.930984199561237],[109.31008190035948,27.937548399738887],[109.3050182001299,27.94427849965308],[109.3041131997644,27.951812499946982],[109.29757020020463,27.96039059964653],[109.30243419967866,27.972070399929066],[109.3110816002357,27.971790500331394],[109.31337829966884,27.975158000041745],[109.31717830043829,27.975292199575392],[109.31839429985712,27.979722000070296],[109.31648339968922,27.991927300304724],[109.31906719959164,27.996112499592243],[109.3390662998699,28.009115199906603],[109.36110639984054,28.01166490021501],[109.37510789980979,28.037202899794067],[109.36045839963549,28.054441499575603],[109.3397112999366,28.066692099560782],[109.33108099998822,28.066354199986392],[109.3215008001219,28.045350299776544],[109.31408689979065,28.044351599946424],[109.30790620021105,28.041451799860738],[109.30213020004874,28.03407290024421],[109.29635419988648,28.033536299960303],[109.2949861997534,28.037427000056084],[109.29934689993956,28.07644649990607],[109.30892299979666,28.08909980011572],[109.30797450012312,28.096773699846437],[109.31033829977275,28.10716850022618],[109.32183399983927,28.119266800022842],[109.32315079976968,28.133112399817435],[109.33239050012156,28.14912639996345],[109.33152670039698,28.15861440043426],[109.33813740002108,28.17219959973181],[109.33741849996386,28.182164800265355],[109.33575589991489,28.193511599580688],[109.34147089996213,28.2093679000086],[109.35318129967732,28.22172470003494],[109.35672080012489,28.22878589974954],[109.35196619958049,28.236961599598203],[109.35985970026502,28.239553300044804],[109.36252970018558,28.241919599809762],[109.36840809985398,28.25290800040392],[109.36785050040032,28.25534810033463],[109.36281150005073,28.25857779962581],[109.36774020035,28.25937890041598],[109.38320280006923,28.271220899724767],[109.39512170040621,28.272613599737895],[109.39572280006723,28.27667190018809],[109.38611180021945,28.27582529999762],[109.3688800002119,28.280489899988936],[109.36150230029097,28.278147100408432],[109.35344139980083,28.268859199992164],[109.34747200043256,28.26692200005033],[109.34735830004558,28.271345300245457],[109.35899539961804,28.28768549978605],[109.34431179984972,28.292708000274047],[109.33668920014651,28.296906100336287],[109.333329100058,28.297135399579076],[109.32859229979488,28.296172400136186],[109.3234694997177,28.28823430027279],[109.31290380027025,28.280822499858516],[109.30220860024679,28.27711210034323],[109.29065969988528,28.28170769985053],[109.28981929962106,28.28387109997135],[109.29365790019199,28.292013700272094],[109.29105210017434,28.29813210021632],[109.2838447003727,28.30104289990993],[109.28058339980413,28.307550500355376],[109.27651170035477,28.31122309956646],[109.27321280003076,28.310756399987895],[109.2682907996807,28.31264349959787],[109.27072790037238,28.318361300133972],[109.26928250008734,28.318848200284265],[109.26837789992021,28.322934799701272],[109.27187709994826,28.32690649993509],[109.26672330024019,28.32757240024614],[109.26361989993848,28.340871800393302],[109.26874899976661,28.346754999743496],[109.26912979970058,28.349817599602602],[109.27366130002906,28.353684800413248],[109.27535689980112,28.358107599686036],[109.28039769969416,28.361640300359625],[109.28356420002785,28.368521099669067],[109.28431580033396,28.3770480000652],[109.28131509991198,28.380143499822736],[109.27137339956278,28.3803959997756],[109.27088689961079,28.38260039998852],[109.27328899958775,28.383918699988044],[109.2713418999088,28.387136600174017],[109.26668950012038,28.386535200139406],[109.26297150043445,28.389381999579655],[109.2599795998787,28.397231099835437],[109.26150219976677,28.40081590003382],[109.25877219977724,28.40427450016807],[109.26010649961535,28.407284600304138],[109.25628329993441,28.41161649970178],[109.25684419989994,28.418738300232405],[109.2538053996995,28.43333529978429],[109.25543039999303,28.436268599616255],[109.25234160018476,28.440678499912906],[109.25377759985639,28.442180900128506],[109.25396420018774,28.44952169996651],[109.25610200020719,28.456096899752197],[109.26093929970898,28.45820990006689],[109.2613233003301,28.459785700249938],[109.25908290025569,28.46189070019568],[109.25578630039752,28.461453600003665],[109.25628200041405,28.468688099975907],[109.26210090003656,28.4858158996841],[109.26551070025869,28.488753099875737],[109.27191340018334,28.487704299713698],[109.26895669999175,28.49209389961385],[109.26887459998284,28.504100000015058],[109.26593420000341,28.502667899803782],[109.2622461000775,28.503776200011657],[109.25378510020226,28.497484900008203],[109.24882869988465,28.497979900352163],[109.24367669971997,28.496271399805323],[109.23975070033464,28.48881540041043],[109.23445640044258,28.48772629982892],[109.22868329969458,28.483444200389613],[109.22161480018292,28.485597699874006],[109.21731729985356,28.4842973998052],[109.21866400044331,28.487622799552582],[109.21464539966553,28.488186400182258],[109.21325490029346,28.492654099906815],[109.20217320043292,28.484435800072163],[109.19026009982383,28.480372899589668],[109.18110620019104,28.466001299820164],[109.17365410025656,28.463014799693326],[109.16876690007246,28.459201599574214],[109.17744900007136,28.451638400092122],[109.17952000024786,28.444845100321174],[109.16935990043913,28.443736200265505],[109.16146000017892,28.426029099563323],[109.14997019966506,28.429397200020787],[109.14546440016198,28.42246270039334],[109.14983369966558,28.412576699555075],[109.15131640023174,28.396029799835446],[109.1433512001978,28.39098480010847],[109.14207669987985,28.378931700237843],[109.1312439998108,28.36911999958835],[109.15163500035504,28.35538219972881],[109.13538590033909,28.344727099576062],[109.13761620012758,28.33042519996303],[109.12706760038952,28.309810600079174],[109.10002030009684,28.27207600030721],[109.08695730023925,28.26730559957383],[109.07644320029351,28.250748100444525],[109.08014680003487,28.248039200348842],[109.0840898002042,28.236433499706322],[109.09842719965559,28.219029000188243],[109.09726050017201,28.205221000149095],[109.09078059974496,28.20330630034556],[109.08265550025118,28.18630710009262],[109.07115939998636,28.190923699669042],[109.05764520036576,28.205271800153525],[109.0436264001383,28.204429399796993],[109.03566120010436,28.221836400329664],[109.0228728999644,28.213970200364486],[109.01112820010638,28.198532900373095],[109.0143143002648,28.183649699673936],[109.0063478996359,28.164481199747627],[108.98834359997721,28.161743999785813],[108.92954249998644,28.193521500217116],[108.93052670004721,28.20842739980469],[108.92223850040654,28.218363000052477],[108.91520690007843,28.21685980033959],[108.89028170034027,28.221818900421965],[108.88527209972767,28.220656300048233],[108.88205340004441,28.217169800246154],[108.87953330002182,28.217829499731693],[108.87376220026539,28.215687400053525],[108.8717856001254,28.213198100012335],[108.86060430034826,28.209530799606796],[108.85295680021619,28.204909299624546],[108.84045990020428,28.202435899597162],[108.83565339978463,28.20468239977299],[108.82986909977922,28.221737699735115],[108.82168009985679,28.230578200023956],[108.81769759966454,28.24388670041094],[108.81953440019248,28.248952600382268],[108.81449610041477,28.248105799642985],[108.81146629973,28.24516460016622],[108.80236010013857,28.243112799616085],[108.7991457999388,28.2331017003832],[108.79484369957714,28.228565600022478],[108.78011940009031,28.22287679992445],[108.77211570007955,28.222042999784662],[108.76852369990888,28.21664869977775],[108.76538450029449,28.20457919987024],[108.76249409992283,28.20304370010672],[108.76026039979769,28.195239199929176],[108.75499250040366,28.194887500258005],[108.75181250034666,28.20180319955807],[108.75474360043688,28.21256270020848],[108.75518929994632,28.223758599579753],[108.74798590032907,28.230169899721147],[108.73587519978071,28.228793599744904],[108.73346329989141,28.23535739972425],[108.73497769976109,28.25441930031053],[108.72734289985499,28.259154800153965],[108.72402169994155,28.263573000293775],[108.72153890020013,28.27600490000617],[108.72261369976252,28.286037900428823],[108.73065570010056,28.289801299690282],[108.73775110013321,28.29898200001935],[108.76326100039489,28.30766660013353],[108.7681731999333,28.3208861998383],[108.75982669994232,28.32424350033733],[108.75690460026715,28.328832300070644],[108.77245830041028,28.344856399603202],[108.773993200326,28.36941370018218],[108.78044820032426,28.382758900103227],[108.75872859984509,28.389959799605094],[108.75555669998175,28.393041500165168],[108.77104060014364,28.42204770014132],[108.77868040028034,28.43133690007795],[108.77514459964362,28.43153850020167],[108.76990409989435,28.442559299771915],[108.76663260011446,28.44183030032815],[108.74337659965039,28.453324000302416],[108.7423172999035,28.456105499968885],[108.74593419960371,28.46454840008863],[108.73955570043529,28.470670099645417],[108.72427369987139,28.475652699912246],[108.71936050028694,28.489667699604695],[108.72000999966184,28.494610700023827],[108.70655060023006,28.505014599744015],[108.69744439973931,28.485877600370998],[108.68561430025983,28.486247299972945],[108.66724240001679,28.478697799863596],[108.65509709985133,28.481909900321682],[108.64842420041657,28.47574690029927],[108.64133689967827,28.47187460033257],[108.63704040029432,28.461124000272434],[108.63789580035098,28.459079200045096],[108.64800340043666,28.452714000051117],[108.66091660022096,28.44734099958754],[108.6633731001885,28.444208900120714],[108.66358810021069,28.438727400049515],[108.66584509997142,28.43504140004063],[108.67143409960408,28.431544299929556],[108.67863530037886,28.43078820031525],[108.6814297997455,28.427291000379398],[108.68475990024928,28.425948499623587],[108.6863739000355,28.415097099951254],[108.68895350010399,28.411693899853674],[108.69174800036996,28.410748599967974],[108.69255719955515,28.404110300150307],[108.68906089984074,28.397985499731078],[108.67949519974371,28.39637819989406],[108.67541089989317,28.392028900413493],[108.6694994996023,28.392028900413493],[108.6597188003824,28.385409999871626],[108.65853650035928,28.379736400114837],[108.65370279994431,28.372239600277396],[108.65069040024184,28.361957000215455],[108.65101280000079,28.356282100038925],[108.65328950031028,28.35369279988288],[108.66477030040909,28.357795499862505],[108.66799479982024,28.357984600309123],[108.67120910002001,28.35484029974009],[108.67164909962628,28.34862050033587],[108.66240580018757,28.338120400136404],[108.65227169977919,28.33716619966043],[108.64047329960317,28.333716199742867],[108.63663539960407,28.33614289977504],[108.63299039968723,28.3364106000692],[108.6273670999118,28.33140360029597],[108.60716080033075,28.327808500162178],[108.60428379985751,28.324411599815505],[108.60460619961646,28.320816200207503],[108.60030699956843,28.316936899918062],[108.59862000001306,28.31020579995777]]]}},{"type":"Feature","properties":{"shapeName":"Weining Yi Hui and Miao Autonomous County","shapeISO":"","shapeID":"62558664B83923880488011","shapeGroup":"CHN","shapeType":"ADM3"},"geometry":{"type":"Polygon","coordinates":[[[103.62649239960462,27.118602900003907],[103.62218470006394,27.112321100438464],[103.62206660019348,27.106104400098047],[103.61968839969995,27.099067699714624],[103.63930210001195,27.091368899555107],[103.64705849994988,27.09390879995118],[103.65352629999882,27.094120000337796],[103.66026309986222,27.077955200072495],[103.65873759966058,27.068825100098366],[103.65151620011261,27.068983899687282],[103.64731330036858,27.06669879970991],[103.62753389996959,27.073270699882926],[103.61895819966122,27.08015739964435],[103.61549820018183,27.081764599656594],[103.61273440007255,27.081208899571095],[103.60747440032338,27.069301499764435],[103.60355159982652,27.0655702000048],[103.5999855001308,27.064855700330384],[103.60025290005137,27.061759400176243],[103.60444309956944,27.05636059996175],[103.60558319980487,27.048397900043085],[103.61549820018183,27.037542000163228],[103.62245209998451,27.03746259991908],[103.62214660028542,27.02993009969441],[103.62717729989254,27.01951459961913],[103.61404070041806,27.01036260025387],[103.62343730009138,27.011435000424967],[103.62984469987305,27.01699119998392],[103.63618090032833,27.01630069961766],[103.6473228997321,27.02495280003177],[103.65190260012497,27.02573349970129],[103.65418860032372,27.0347916997772],[103.6582308002113,27.039685000062775],[103.66494090010252,27.04425350029885],[103.66758260015695,27.049322699882737],[103.67364140023051,27.055208300422805],[103.70159570008155,27.05393489997573],[103.7076735999567,27.049249600288874],[103.70956629964508,27.043940400429165],[103.71401949960028,27.038660899780723],[103.71825919960241,27.036563800379156],[103.72980280025911,27.02364920035035],[103.73078410000625,27.012837600175146],[103.73411890036704,27.006348600407648],[103.74374809979503,26.995063199607046],[103.74784299995457,26.98288289962619],[103.75033630018015,26.980389600299873],[103.75227009978533,26.97350789986973],[103.75198410008619,26.966308799911246],[103.77295229990875,26.954879899687683],[103.77623959987767,26.946768399741927],[103.77531020000578,26.93776570042678],[103.76635900036763,26.922000299874014],[103.76358350007854,26.919728999993424],[103.76128879983833,26.910303100407816],[103.76565850043949,26.90210949955383],[103.76599070011076,26.894025199603334],[103.7700144000446,26.886923700368527],[103.7757342995983,26.882543600007182],[103.77827260010048,26.877993999923206],[103.77340289982402,26.870937000042545],[103.77046230019505,26.869291100403984],[103.75808409990134,26.868923200345478],[103.75147230040642,26.86412000043771],[103.72905539978694,26.85833790017398],[103.7200406999184,26.854255899889893],[103.7223760000524,26.846503400311747],[103.72145029999143,26.842178899636565],[103.71385330038959,26.833990899760295],[103.70641139966642,26.833770299659648],[103.70387879996673,26.82041570002457],[103.70083589975701,26.817359200266935],[103.7041188002425,26.79840480014144],[103.70633699965288,26.79684170018436],[103.70995269965744,26.787682099749134],[103.71794339996802,26.778204800311357],[103.71729450044091,26.763892800412464],[103.7182898997591,26.760744899857286],[103.72331130037628,26.757497599934368],[103.72284059971395,26.753068300361804],[103.72513139959449,26.74390219962686],[103.7348667999629,26.73484160015977],[103.73504220013751,26.73228250013733],[103.7398833001742,26.731779299774928],[103.74437040007399,26.728757799832636],[103.74818010003168,26.729445700258907],[103.75868630033256,26.739975100370657],[103.76150499955617,26.74110529996966],[103.76708530004663,26.73791740026786],[103.76999320032598,26.73011910001651],[103.76929309969688,26.72725319987535],[103.77186089976078,26.72188740028332],[103.76626089962087,26.710065699572453],[103.76684960032884,26.703357999971786],[103.76517639997093,26.70000769979555],[103.76003199997689,26.696234800096022],[103.757215899794,26.689364000348405],[103.75838410024608,26.680449400419548],[103.75733380001492,26.667805900122232],[103.75983609975628,26.66411370018716],[103.75843950028275,26.65931410026559],[103.7597836998579,26.653861200434108],[103.75127149977993,26.641463799614712],[103.747351999795,26.633099100043466],[103.74671109973752,26.62717479987714],[103.76143159958872,26.61488870005354],[103.76777569968885,26.606816100282856],[103.76731000015644,26.603797099556573],[103.76949710011115,26.600060099893767],[103.76532879998422,26.594714400149485],[103.76538720015924,26.591425299737864],[103.76360150000926,26.589899900260264],[103.76419839983635,26.586697099691435],[103.77748780042174,26.576963399941008],[103.7901758000732,26.57380470032672],[103.7916551003027,26.571166600258437],[103.79908210015884,26.56906360040489],[103.80113699977278,26.567504899931237],[103.80092490006416,26.564462899942953],[103.80301219955345,26.565049599659346],[103.8057072995523,26.562656900295735],[103.80747520032031,26.558125099593724],[103.81274459978351,26.556787000119982],[103.81009340019034,26.546705000135717],[103.81371370022714,26.536463199617003],[103.81935750004862,26.535418000340485],[103.81732270028243,26.533064800100476],[103.8195704001539,26.53129039993206],[103.82178079974415,26.533054199791536],[103.82488810040559,26.53141209978861],[103.82641969980938,26.53250829961837],[103.8321929003821,26.532144299919537],[103.8342371996871,26.534618899642567],[103.83864240012673,26.53540709965796],[103.83957759972651,26.53378620027297],[103.84179620023451,26.534215300096093],[103.84558969980486,26.531535500263203],[103.84713949968824,26.528813700292062],[103.9064576001382,26.517239799677043],[103.91557499988642,26.515279899947473],[103.92461899966719,26.520087400413274],[103.95422120014831,26.52492290037162],[103.97073460012177,26.519286099973613],[103.97628630037252,26.5204879998214],[103.98174859991803,26.519286099973613],[103.99303120022978,26.52353259974973],[103.99929930042242,26.523612699666387],[104.00428010024649,26.516461799772287],[104.00852240018867,26.514638900065222],[104.02607319961851,26.517283000410202],[104.04111669997576,26.516481799795258],[104.04711619965298,26.51103319962249],[104.05275750025851,26.510632500389647],[104.05471399965143,26.51377210020229],[104.06508849963461,26.518153099885694],[104.06686949992752,26.52176750036989],[104.07028209973919,26.52266820017735],[104.07157419978955,26.52594229989728],[104.0690411998915,26.53007439961391],[104.0698432998285,26.53593580029701],[104.06789670017264,26.540350500275395],[104.06897130008548,26.5444173002183],[104.06635989998944,26.54766660023347],[104.06726080034571,26.55103250004987],[104.06452289981206,26.554467900373368],[104.06502350023442,26.559114799908116],[104.06235560023083,26.563093899763714],[104.06398140002165,26.568421800126032],[104.06603300002297,26.568733200276995],[104.06581859984857,26.57108350020343],[104.06831559988507,26.572786200123062],[104.06640450006768,26.57723799983387],[104.07886149985842,26.584141900028726],[104.08003349994613,26.587939999631317],[104.08381619955804,26.589343100303893],[104.0849970004113,26.59312189955608],[104.09142400001764,26.59935299984113],[104.09470679977903,26.607814100440407],[104.1017221997198,26.610461500398003],[104.10067899963616,26.61348200029414],[104.10205600018435,26.616152100039415],[104.10805380014284,26.624359400266144],[104.11147340027725,26.625153200359932],[104.11065419973158,26.62717289960966],[104.11876230024001,26.641332899693623],[104.12591570024944,26.647324700274737],[104.13871950020484,26.644799000173748],[104.14632889965907,26.646326799941903],[104.15113470040615,26.6499352001494],[104.15616489999019,26.64824759984691],[104.15739990028521,26.64965109981847],[104.1663432002785,26.645071400324923],[104.17205279989685,26.63853120035469],[104.17527330002287,26.639842000008343],[104.18126189991682,26.638291899751437],[104.18281770007684,26.640974699722676],[104.1874744004233,26.642506399850504],[104.18949349982523,26.64134719981348],[104.1894835002634,26.637394000432835],[104.19215900043758,26.637140799908025],[104.19337990026224,26.635016700160634],[104.20179510036365,26.62975239985343],[104.20723809955871,26.62993319955757],[104.22004110001683,26.62402869976472],[104.22339729974567,26.625358000271547],[104.22755040043069,26.62335300044066],[104.2315111001572,26.628312700370884],[104.23604160043959,26.63082499967402],[104.24107559965927,26.631225400332028],[104.24873589984196,26.629779400199197],[104.25506359990527,26.622077300427122],[104.26471390012642,26.621245799853853],[104.27108980025412,26.62595780041221],[104.27133539970902,26.635625499817024],[104.27294440016402,26.63691990033317],[104.27978239983793,26.637207499926205],[104.2858159001837,26.636991800231442],[104.29780260040974,26.633755800289975],[104.3046406000837,26.626133000037953],[104.30472100037395,26.61757469981262],[104.3089007003071,26.61621610029283],[104.31587360008666,26.617515299591446],[104.32667379955626,26.622647699931463],[104.3319420002232,26.62251160013028],[104.33585590012973,26.62435170027078],[104.33846740005055,26.622716400041895],[104.34178650004702,26.623936199995683],[104.34621309985471,26.62264819995454],[104.3554395999576,26.629212300307472],[104.35737469998247,26.63414020021014],[104.3616016997587,26.63568010035641],[104.36040620038591,26.639264199982904],[104.36341190013911,26.647226200229],[104.36806439975231,26.647554799914133],[104.37023570041731,26.65049250012885],[104.37423499994537,26.649353200290022],[104.37710169958382,26.651170900116995],[104.38090680040858,26.659893400360204],[104.37918270022152,26.66410740043625],[104.37973750008564,26.667814799813186],[104.38711729992349,26.675492199705275],[104.38784039981465,26.679072200221924],[104.38993270043386,26.679757399984055],[104.3899837999125,26.6844502998415],[104.39608400027646,26.689893200111158],[104.39668790042634,26.711697800013496],[104.41003089970633,26.715535000340026],[104.41211079957378,26.712449699793865],[104.41922759987392,26.714886099913656],[104.42175249957825,26.712002100016946],[104.42300690004845,26.705878000169605],[104.42551550044004,26.705607299737153],[104.4265819003345,26.702718599983427],[104.43123380009985,26.701703000093403],[104.4320622996355,26.696425899735516],[104.43605929959705,26.69392290032164],[104.44073599996648,26.685595699781743],[104.43852959966136,26.680660300432578],[104.43971560039472,26.675919099786654],[104.4553296999058,26.666795900310603],[104.45547439992367,26.663620000262824],[104.45803809997841,26.662407799580365],[104.45922519968326,26.657038499826967],[104.46517309985876,26.65471010019104],[104.46523190023208,26.64763530002915],[104.46328779979217,26.639092100320227],[104.46127479959239,26.63657670015465],[104.46228370043247,26.6345759001577],[104.45804880011212,26.629679400084285],[104.45817800031455,26.60502720034509],[104.46190729998199,26.59806270023347],[104.48448279964157,26.5824947997952],[104.49298280041597,26.587892199765236],[104.49303310039733,26.590545799648964],[104.50097990030224,26.593019500049934],[104.50686449989684,26.589556299883384],[104.51446449963703,26.591603500401277],[104.52974919996569,26.59032089988966],[104.53301850000383,26.588881700430193],[104.53709249991897,26.58991609974828],[104.54016050020698,26.58807210014737],[104.54705110032808,26.590141000406902],[104.54871089988819,26.593199400432013],[104.55405809970159,26.594490799910545],[104.56254230028696,26.589961100024823],[104.56384999997755,26.586812700345888],[104.56903049965791,26.583034500042174],[104.5710179995811,26.57834799976041],[104.56938249970267,26.573138700190896],[104.57431150037553,26.57115940028615],[104.57707779970076,26.572059100047454],[104.5791324996652,26.560297799603802],[104.57556770038912,26.556790299732597],[104.57231559988509,26.55009199984596],[104.65322879956949,26.522315899759008],[104.66523730026125,26.52196139959898],[104.67442330029513,26.52433190009714],[104.67488880017805,26.52777289959971],[104.66812130015796,26.539859900314184],[104.67343879986078,26.544946400156277],[104.68594380006635,26.547115400355494],[104.68920880044584,26.552873399687712],[104.69039929958808,26.561590399677243],[104.68939980026062,26.584039899821562],[104.68559280006775,26.60646439971231],[104.69217679971962,26.61316690033226],[104.73490129955542,26.63872539995731],[104.7407228000173,26.64450090009649],[104.74246230019509,26.650243899636337],[104.74173730003645,26.671319900293213],[104.74317929998477,26.682100400113427],[104.74539929983786,26.69013990033619],[104.75467679959468,26.710148400328478],[104.7598573001743,26.730583400203784],[104.75978080024379,26.73883240019518],[104.75435630010321,26.769492900377088],[104.72064979974851,26.786178400013227],[104.70258330027917,26.800237399936123],[104.70284279965551,26.80586639961473],[104.68324279961558,26.785135399579076],[104.67697129998555,26.76889439975679],[104.65165729994447,26.738324900174064],[104.64267730041712,26.73539539997779],[104.63114930030002,26.734540900142463],[104.59612280022714,26.741832900068346],[104.59253680033311,26.74391339978365],[104.58952329986045,26.751035899986846],[104.60295080033922,26.769990899960135],[104.60196679992794,26.775955399821896],[104.59488679988596,26.7920359003366],[104.59491730039315,26.795934400252406],[104.60114279970048,26.805297900377866],[104.62457280009471,26.82328039957082],[104.62767780029031,26.8280773995524],[104.63456729964122,26.862878900041267],[104.63680280020913,26.86704239958715],[104.65367130019041,26.896516899935023],[104.65148930029102,26.908870900371824],[104.64292930034702,26.91842090010448],[104.64000679957422,26.92778989958424],[104.6353608002608,26.930726900126388],[104.62764729978312,26.932264399982103],[104.62203229985084,26.929922399898885],[104.61287680032416,26.921593399815606],[104.60752079974515,26.919711900284028],[104.60186779985912,26.920806400395122],[104.59870130042475,26.92902739999454],[104.60059330044055,26.943479400054343],[104.59484879993221,26.95327939962465],[104.58759329989095,26.960086899690737],[104.57830829978826,26.963897900068105],[104.5719067995592,26.96315189984034],[104.56501780023137,26.95965190031501],[104.54811030025024,26.95766240029957],[104.51526630009971,26.95781139997615],[104.49085979964008,26.96146939959317],[104.48332980043,26.96895590039452],[104.47411329988893,26.989257900431824],[104.47023029978857,26.99151039998503],[104.45046230009513,26.99246039972769],[104.43074780017088,27.009675900422508],[104.41330729989204,27.008123399875046],[104.4030302999085,27.00938789973185],[104.38881680005534,27.017263399586284],[104.38207230019657,27.022691899911308],[104.3736192997909,27.021683900191874],[104.37006380040413,27.01844039990459],[104.36656179988722,27.011300899816717],[104.36441779994158,26.99844489961248],[104.35984030018977,26.995420400431158],[104.3539582996359,26.993981899744938],[104.3462293002421,26.995961900221573],[104.34053780037925,26.99979389976869],[104.33611279956608,27.004787399818724],[104.33396130017394,27.012096399629172],[104.33439630044899,27.03707689957929],[104.33535779982265,27.04037489968192],[104.34456629999482,27.047208900070757],[104.34882330025516,27.055471399785347],[104.34971630006726,27.063751400306955],[104.34388730015883,27.073577900200007],[104.3321303002732,27.074395900150705],[104.3287887999632,27.07817840011313],[104.33477029970965,27.09246040042717],[104.33142830027589,27.096244899582473],[104.32219679994245,27.100059400121268],[104.31635280024159,27.106870400348726],[104.31639879966491,27.113651400092067],[104.32402030039663,27.12189489982984],[104.3257368004131,27.127910400244843],[104.32157129987564,27.133207399901607],[104.3156893002211,27.134744399734302],[104.31240079965721,27.146060899990573],[104.3192062996311,27.15958390037673],[104.31925179993067,27.16485589977998],[104.30748729969918,27.16793239956064],[104.3024597998799,27.17172590003031],[104.29667680029416,27.18983240044497],[104.29672229969441,27.19661140009606],[104.3052672998461,27.21690389969524],[104.29802679959721,27.22338289990097],[104.29794330024316,27.22730039979365],[104.2811432998235,27.252315400435407],[104.27661130037126,27.26417739976722],[104.27114079990804,27.26892840032548],[104.25164029995994,27.265500899646838],[104.23415380025773,27.265529400061837],[104.1938783000436,27.25795939990644],[104.18479130007847,27.264037899629443],[104.17970740017643,27.273194800299848],[104.1407700003353,27.301084500049683],[104.13549189993131,27.311741299921096],[104.13501889970252,27.321909800297078],[104.13219670031754,27.329348699982575],[104.116574800087,27.33434610039228],[104.11267220016197,27.342234000099097],[104.08488880027795,27.33308569964538],[104.07451630038702,27.342191699587318],[104.06086409979844,27.350309500183357],[104.05689160006733,27.35728230013808],[104.02870519958537,27.369462600118936],[104.01792960017099,27.382199700056162],[104.0182062001561,27.41388829980525],[104.01489570037631,27.415147699606678],[104.01425619966392,27.433093599989718],[103.97248080024877,27.428157800442193],[103.9366683997269,27.44440269972489],[103.92717740001706,27.4419841997111],[103.90500640012533,27.397010800308237],[103.86814880032694,27.309671399615468],[103.82901000001158,27.26719279960804],[103.80903630018514,27.26186750008509],[103.74713129986964,27.21514130043073],[103.72347260008047,27.173545799599026],[103.70437619970193,27.163865999816096],[103.70276639974963,27.14001270022601],[103.62649239960462,27.118602900003907]]]}},{"type":"Feature","properties":{"shapeName":"Yanhe Tujia Autonomous County","shapeISO":"","shapeID":"62558664B19680672253021","shapeGroup":"CHN","shapeType":"ADM3"},"geometry":{"type":"Polygon","coordinates":[[[108.42183680032815,28.22286790023344],[108.43200729989701,28.215600899661865],[108.44006329998138,28.213777400107006],[108.45556679996793,28.247354399885694],[108.47702030004689,28.277496400438565],[108.48267379995599,28.278096900251796],[108.48794850002332,28.276087800411688],[108.50401740018293,28.29857280039448],[108.51058010029146,28.321647400407244],[108.51090340027179,28.333177299892554],[108.51444840007366,28.3355521998742],[108.51772630032855,28.331622099580272],[108.52385729977465,28.331181400301432],[108.52705650035728,28.340727300024923],[108.53325870002902,28.34083779972474],[108.53798280006623,28.32766330012123],[108.54318539968648,28.32347209965775],[108.54466279964856,28.320351499821925],[108.55472259986817,28.32104720006828],[108.56147340037717,28.32326259988912],[108.56579080000546,28.312351899820385],[108.56664779995606,28.304075199810654],[108.56819690016687,28.302650299571724],[108.57026450000672,28.303894300281797],[108.57182130021289,28.311292199875197],[108.5766626997239,28.315569999655793],[108.58202309978628,28.31658279995628],[108.58486880025498,28.3141627000486],[108.58546679995294,28.309539199974154],[108.59862000001306,28.31020579995777],[108.60030699956843,28.316936899918062],[108.60460619961646,28.320816200207503],[108.60428379985751,28.324411599815505],[108.60716080033075,28.327808500162178],[108.60490369984592,28.339444800237402],[108.60038949977564,28.343417899816302],[108.5957678001439,28.34559359996473],[108.57557989979261,28.347113500088028],[108.57398220021844,28.36168669998125],[108.57169219983524,28.3676316000184],[108.57534649964128,28.36914480019243],[108.5758839003218,28.371225399732452],[108.57330440007809,28.374062400159687],[108.57233710007716,28.388057600378033],[108.57510910020488,28.396943900440704],[108.58373000043923,28.40829059993132],[108.59952960041079,28.408574200239173],[108.60527159990448,28.41079489976488],[108.60791310030942,28.42351010031092],[108.60350639980055,28.42937040022383],[108.60673080028624,28.439199900255232],[108.59985209999451,28.441279099550854],[108.59662770040813,28.444964899910246],[108.59544540038496,28.45545439980077],[108.59318829990019,28.459895600101902],[108.58351500041698,28.465659499886044],[108.5859489004215,28.47866940017275],[108.58401769985704,28.48406349963085],[108.5787819997895,28.489796899807118],[108.57161519988165,28.502620400311287],[108.57813830014248,28.51148270016654],[108.57500550010383,28.513594499886324],[108.57307430043869,28.52799870007999],[108.56968400021651,28.533050999603972],[108.57075690041069,28.535803300082307],[108.57457629955667,28.536896599598435],[108.57337470008241,28.538781700015477],[108.58586309970235,28.54349419969759],[108.60768549988597,28.544606300440478],[108.60796450016159,28.54677400022001],[108.61019610036982,28.54801800003071],[108.60727780033028,28.550468300072055],[108.60493890021013,28.559760099948733],[108.60129109980448,28.597032299800844],[108.63257640038063,28.62653159985348],[108.63120309964341,28.6415228999619],[108.62910030033868,28.644046400321145],[108.61978760021765,28.646306199671415],[108.60543239958565,28.63834029996491],[108.59942429969175,28.637699999755228],[108.59444609980773,28.64425349979922],[108.58976829956742,28.645760099848758],[108.58165729964475,28.644630199723963],[108.58097069963816,28.64651330004881],[108.58350270038937,28.65220019987936],[108.58067029999444,28.656041400390393],[108.57174680037463,28.664829300232043],[108.5628603995878,28.667639699612494],[108.55792519988813,28.653706600279406],[108.54470720007726,28.65265210021431],[108.53741160016529,28.657472499656194],[108.53432169958683,28.657623100126045],[108.52689740039477,28.65189890001426],[108.52046009995371,28.65189890001426],[108.5186575995686,28.646475599569328],[108.50149150043245,28.64003520006446],[108.50385179992071,28.634950399941033],[108.50316519991412,28.63340599958724],[108.49681370019215,28.631259000402622],[108.48785379961322,28.633209899717144],[108.4795286000649,28.63296320039143],[108.4730450996517,28.63029650008349],[108.46502970036045,28.630849500404167],[108.4564376000153,28.638010499684867],[108.45171480039778,28.63859699975177],[108.44130829983823,28.634984200060842],[108.43538709963502,28.636506600299413],[108.41841799969097,28.646102600354766],[108.39935390026233,28.652303299957396],[108.38625910037723,28.65478959986018],[108.3705623999349,28.666463399866075],[108.35847759986143,28.671099600166485],[108.35073979970207,28.677983399614277],[108.34503599981161,28.679344400323885],[108.34178130026686,28.676398199717198],[108.33300580027753,28.677787100094633],[108.32910049968837,28.679801499639552],[108.32819929985789,28.682851099798484],[108.33921779986161,28.699010800008466],[108.34076280006326,28.706915599775186],[108.34393849956217,28.71308839970993],[108.34162110043349,28.729121100358554],[108.34239360008462,28.739130900071018],[108.34938680026067,28.741732799728993],[108.35421660031591,28.74889300041167],[108.3671325996898,28.761899899660705],[108.3714407003281,28.7711513001924],[108.3821564003976,28.775726299828932],[108.38480180026295,28.79236980022614],[108.38163909956484,28.807936300419954],[108.34835819977116,28.817207299877055],[108.34974810019474,28.83685609982922],[108.34272000002807,28.852542899635182],[108.34127950014886,28.859852400368027],[108.35259989986554,28.877668599626247],[108.35169510004891,28.896625300217465],[108.34528350043325,28.90836330012627],[108.34518219989866,28.935118399894293],[108.34359039987709,28.943126000264726],[108.33554760004176,28.951581099688042],[108.32170600043162,28.954675499574705],[108.31417949958433,28.969612100218285],[108.30758670006622,29.000049600009106],[108.3037032997675,29.009906800058843],[108.30436269977884,29.021771599879457],[108.29392979962063,29.05127020025958],[108.30261100029747,29.08035419968661],[108.29377050000863,29.089430100218976],[108.27265610009903,29.094605200369756],[108.26467390018041,29.093705200234865],[108.263043100159,29.088530000259368],[108.26407309999365,29.080804199754084],[108.25643410025356,29.06985210029427],[108.25600500043049,29.052971599759587],[108.25051180017948,29.04276689987256],[108.24115630042297,29.036388499629595],[108.2390962998544,29.031360499787297],[108.22725169970624,29.03076009979884],[108.22098609962887,29.033611900368953],[108.22029939979751,29.04126609955091],[108.22304600037268,29.042316700155652],[108.22613590005182,29.05019539979793],[108.22167269963546,29.053796900406667],[108.20957060020311,29.05957410026457],[108.20107330009279,29.05927400009506],[108.19223279980395,29.07480320000775],[108.17695490014859,29.07217770034066],[108.17669739996512,29.068201700448185],[108.1680285002152,29.068651800340376],[108.14957490016155,29.057173199983254],[108.12897560044365,29.05574769989647],[108.1258856998652,29.06850179971832],[108.10897700018847,29.07757870029684],[108.06502799964255,29.090152100239266],[108.06713360033547,29.08606769966468],[108.07182350005456,29.08255349984421],[108.07301099995772,29.07383010027894],[108.07225059978543,29.067184599589666],[108.07345120011286,29.064492899927416],[108.06935639977809,29.061731799582958],[108.06915279956212,29.057393899908618],[108.07433330014175,29.026010399660265],[108.07444780002601,29.0100383996525],[108.08302279976243,29.002715900118744],[108.09091929968599,28.992396899997004],[108.10122680017673,28.982406399735623],[108.10418679998088,28.975095899855944],[108.10243230001072,28.968427399904613],[108.10408029956625,28.96156289990796],[108.11279280024758,28.95361690039971],[108.12776179986724,28.946879899987437],[108.13390279977443,28.935010900332827],[108.13030979955766,28.905622400353536],[108.1243287998343,28.878963400340695],[108.12413780001953,28.872768399741915],[108.12600729989703,28.868430900265878],[108.13342230009914,28.860011899629512],[108.15231329981901,28.85124389998606],[108.17957279964503,28.816173399682725],[108.19075780013242,28.8197129001303],[108.19670079990203,28.825500399923556],[108.1990737996162,28.82414440034387],[108.20768730022877,28.797845899868435],[108.20420080042663,28.781074399863712],[108.18570730015182,28.75316239962507],[108.18444829964938,28.749252400078262],[108.18466179960245,28.728616899949998],[108.18213630005027,28.719877399822167],[108.17239380043361,28.705800899991573],[108.17017379968115,28.69339739997008],[108.1655502996067,28.68601789960644],[108.15883630025513,28.68022340038965],[108.13603229995073,28.668315899858953],[108.12077330044752,28.657165400063207],[108.11949179980678,28.655317400277852],[108.12087229961702,28.648450900188948],[108.12463380040964,28.638397399720247],[108.1230928003925,28.635860399637806],[108.11920930026906,28.633989399691075],[108.11921679971562,28.631307400116498],[108.10999279972799,28.61814690025932],[108.11031330011878,28.61356340023076],[108.12361930039049,28.610936899618252],[108.1322783004033,28.605056900055956],[108.14073980030162,28.593208400447395],[108.1474298003451,28.576757399934138],[108.15400679967411,28.56993840023705],[108.16027830020346,28.56793390042924],[108.1745832997795,28.569669900445604],[108.17852029967213,28.566951400087078],[108.17880230008615,28.564891900440898],[108.17104330020823,28.55954540030001],[108.17006680014276,28.553573400092375],[108.17302679994691,28.543510400084926],[108.17861180029439,28.53278139994171],[108.1800308000814,28.52109739982518],[108.19085680020123,28.505828899883852],[108.19753279959906,28.48937590017772],[108.20111080002346,28.469682900345617],[108.20220179997312,28.439422399724037],[108.19615930011167,28.41987440028339],[108.19474779977122,28.40518390001705],[108.19766230017507,28.39970590010728],[108.20706180016202,28.395890900444726],[108.21441630027209,28.387470399739186],[108.21456930013318,28.372564400326837],[108.22213730019632,28.369420900154466],[108.23274179999413,28.37432839983586],[108.24755879979881,28.374454400250443],[108.25710280015414,28.381416400246735],[108.27216330039607,28.383835400283544],[108.28404229961251,28.391042899909962],[108.2949218004008,28.39303049965787],[108.27997310027843,28.38342540026207],[108.27437200026765,28.37839330041055],[108.27389120021877,28.374757999682004],[108.27642350044425,28.371887100209563],[108.28652720017021,28.367683300244153],[108.29612520031782,28.360757300109356],[108.30698089964886,28.35543780031429],[108.31519739994013,28.35400610030132],[108.3199846998341,28.350164999615117],[108.3289567997166,28.337745399930327],[108.3249282002763,28.326016699910838],[108.31773030001341,28.320783199585037],[108.30864139978081,28.319539799622078],[108.29799249955425,28.321883500323338],[108.29103079993155,28.319673400207307],[108.29367080026731,28.316116399852035],[108.29485329993992,28.31001289987546],[108.29395279978195,28.29990390044469],[108.30684679993993,28.28489489987976],[108.3098832996746,28.27069639981903],[108.3145983003713,28.266156900020974],[108.32791930043544,28.258952899656663],[108.3322983000266,28.254525899650616],[108.36213730009638,28.25498790027143],[108.37587729969766,28.257385400216094],[108.38992329992044,28.254049400159715],[108.3935778002753,28.252012399752516],[108.40122230026901,28.236934399602887],[108.40567030034413,28.232838899595606],[108.41687029972462,28.2274168995703],[108.42183680032815,28.22286790023344]]]}},{"type":"Feature","properties":{"shapeName":"Zhenyuan County","shapeISO":"","shapeID":"62558664B75197496521151","shapeGroup":"CHN","shapeType":"ADM3"},"geometry":{"type":"Polygon","coordinates":[[[108.1660767996047,27.291507900169506],[108.16110979987741,27.280120900259362],[108.1478272997901,27.269734899745856],[108.14636980002632,27.26541690026977],[108.1469877997472,27.26149740028484],[108.15001680003536,27.260028900013765],[108.15564729978314,27.25917039999399],[108.17133330009176,27.264894399556965],[108.19555680020625,27.28504539982538],[108.2044678001489,27.288677400042047],[108.20751180022944,27.287435400323545],[108.21262380034818,27.279937899914216],[108.22007729962775,27.27947990037717],[108.22309879956998,27.27778040024532],[108.22550179976832,27.2733458998934],[108.21808630044245,27.255441399800816],[108.21901680018522,27.252887899856717],[108.22622679992696,27.252668399626998],[108.23384080031275,27.256336399705106],[108.24031080010343,27.26348090002358],[108.24343879956103,27.2645339000195],[108.24783329986695,27.264627399834694],[108.25462330002534,27.26074589980351],[108.2457733001977,27.238756400187754],[108.23609179979678,27.2220688995601],[108.2348782995939,27.217513899946596],[108.23860929987933,27.207761899891807],[108.25195330010479,27.187150899994094],[108.25454730011785,27.17467690031873],[108.25010680038861,27.160352899866496],[108.23358130003703,27.13262740013448],[108.23236829985723,27.128074399713853],[108.23681629993234,27.123348400308487],[108.24037230024152,27.122319899643685],[108.24710080026176,27.123260899870672],[108.25749979957612,27.12592490041385],[108.27127079970768,27.135827900237473],[108.28234879975736,27.136173399982454],[108.28845980007975,27.134605399619545],[108.29456330005632,27.126153900182373],[108.2916562999983,27.11798090009853],[108.28032730006493,27.099899399937385],[108.28249380014881,27.095624899769348],[108.30600729989703,27.069038400401894],[108.3065051996553,27.03877179967884],[108.29342589958566,27.036736400064854],[108.2842512004326,27.03230010016955],[108.27262999997458,27.035024099882378],[108.26252549985202,27.031166299685026],[108.25174669975047,27.03689199986593],[108.24362060021059,27.03603590013671],[108.24091179993968,27.03953820012788],[108.23705280004674,27.03573040043767],[108.23626729979611,27.027427399754743],[108.25106030029269,27.011194400301406],[108.2440872997891,26.995593900338292],[108.24667380035567,26.976365900366034],[108.25103830017747,26.969802899883973],[108.26262680038661,26.963937900114047],[108.26727279969998,26.964479399904405],[108.27015679959669,26.959571900223068],[108.27002729992,26.94993390002952],[108.26672379956375,26.94429790002812],[108.25586679981302,26.94279690005692],[108.25031279999581,26.93860640016527],[108.24889380020875,26.934976400040853],[108.24942030020674,26.928993400225295],[108.25364679995994,26.918990900309836],[108.25810230038093,26.914720900349323],[108.26191730004342,26.91391390000655],[108.273216300392,26.920450400165862],[108.28253930044843,26.92865539992681],[108.3163832999494,26.939994900344402],[108.33113879961599,26.94274690044915],[108.35115029974662,26.94211790022098],[108.36179330042052,26.94476640004939],[108.3666532997101,26.94438340037368],[108.39189880018955,26.93967840013812],[108.39922379983858,26.93669139998815],[108.4034423001221,26.93311290044005],[108.40692879992423,26.92405139985226],[108.39853679963363,26.907327400239353],[108.38036329972658,26.89619839963649],[108.37821180033438,26.893741399645933],[108.37885230019356,26.890735400418464],[108.3805693002331,26.888616399827015],[108.39154029984502,26.8868884001796],[108.41252129971826,26.885072900094315],[108.43721029971562,26.88611539960607],[108.44326780026881,26.88362689996154],[108.44719679979255,26.87936789960895],[108.45036330012624,26.868934399602892],[108.44744180029892,26.860305900097273],[108.45018780012691,26.85218040040519],[108.4542618000421,26.85136040036224],[108.46434780021087,26.85333040037773],[108.47035230011863,26.843262900162756],[108.47165680002138,26.831514399769787],[108.46785730017433,26.82038690013536],[108.46869680021723,26.815769400337615],[108.47168729962925,26.813606400415097],[108.48121630019216,26.795848899906844],[108.48477179957894,26.79504389965632],[108.49851980044849,26.81089590042552],[108.50952129966828,26.816278400427905],[108.51731930044542,26.824746899749698],[108.52513130006952,26.827476399716147],[108.54103879980084,26.827411400315896],[108.54292280034701,26.829416400146783],[108.54213730009639,26.83518239984795],[108.5313412995614,26.853214400424292],[108.52921280033053,26.863385900039304],[108.53119680009229,26.868142899974885],[108.54135179984576,26.877450900238898],[108.54268630023262,26.88475239970353],[108.54046630037953,26.893091400247954],[108.5351867997311,26.901759899799572],[108.53392780012791,26.908458900258097],[108.53520180042284,26.920583900026998],[108.52935030037611,26.93409139969839],[108.52855679975659,26.9396264004381],[108.52953329982199,26.944415900073807],[108.53468329989443,26.950904899841305],[108.53675830025543,26.95749489976987],[108.53653729995648,26.964389900273716],[108.53130329960766,26.974202900443572],[108.53418730040363,26.981912399837427],[108.55803680035814,27.00500439993317],[108.57200629975097,27.02520539980941],[108.58397679958966,27.03468139972688],[108.58657079960278,27.03528439965538],[108.59084329967862,27.0328463996417],[108.59594780035076,27.032216900289768],[108.59986130005899,27.03346440026189],[108.60938280027608,27.045545399800403],[108.633682300298,27.06654339955827],[108.64211279966605,27.071311900024227],[108.65071879993275,27.074006900198356],[108.66819780018841,27.0738793997146],[108.68096179974731,27.071611400345887],[108.69492329967062,27.061267399970575],[108.71069330025568,27.057288899962828],[108.71443930033348,27.05486689978767],[108.71951279957608,27.047347400162437],[108.72196180009706,27.038768900264586],[108.72535630015318,27.034063400005948],[108.74619279965805,27.01682139988776],[108.75157929984488,27.01640689965876],[108.75731680003037,27.01827640043558],[108.75974280038997,27.02094840044839],[108.76149730036019,27.03144839992376],[108.77001180000462,27.049751400406876],[108.77707630023116,27.058233400351185],[108.79341880023748,27.07305140020202],[108.80074129977123,27.076877400371757],[108.80065759986837,27.080691800186457],[108.7860944004363,27.087426299584138],[108.78943229986083,27.091452200158983],[108.80176239991488,27.097904100194114],[108.8260269001214,27.094886800085817],[108.83357929964501,27.095937100316974],[108.83678310025994,27.100461100299583],[108.84197539994483,27.101936299620604],[108.8508134001184,27.0989859000793],[108.85236010003865,27.10065780001753],[108.84992960037084,27.106558400349968],[108.856337199802,27.118653600183563],[108.86407049975384,27.119538599626708],[108.8685999001653,27.117670300344116],[108.87423420044803,27.109311899624515],[108.87943179983773,27.110964900309966],[108.88307219972228,27.115211999933877],[108.88374000030086,27.125832499570265],[108.87579330022066,27.1328409000875],[108.86065680007135,27.14195839966044],[108.84871679984047,27.14677439961889],[108.84311679970062,27.154929899795093],[108.8386078004097,27.18239790024296],[108.83274829999414,27.190547900165484],[108.83145879988376,27.187667899553958],[108.82618729960427,27.185094899609965],[108.81368230029796,27.18162789980778],[108.79322030007683,27.17292190032549],[108.7871702998695,27.175885900314086],[108.77770979976748,27.177358399870286],[108.7502897997345,27.16842789992768],[108.73943330000685,27.167421400277476],[108.7314988001296,27.16838089955894],[108.71942129985314,27.163053400294245],[108.70712280017716,27.164388399804864],[108.69886779990912,27.175687900176513],[108.6929628000932,27.17611690017486],[108.68797280020465,27.17376140036839],[108.68421180033437,27.164247399597855],[108.67804730024278,27.15871589991889],[108.67445380000294,27.158607400311325],[108.67024980038804,27.162879900387168],[108.66488630036253,27.163749900037885],[108.64977280037448,27.1594373999161],[108.64515679974659,27.15982239968406],[108.64034279988039,27.1615884001846],[108.63527680008434,27.16956340013087],[108.63517780001553,27.17920889977097],[108.63725280037647,27.185565899746507],[108.64466030023272,27.19610790025945],[108.65672279981743,27.206950900263905],[108.65820329974252,27.211492400154214],[108.6559372995668,27.21868339991903],[108.65368630008277,27.220367400235375],[108.63150779984517,27.21950339996198],[108.60816179972733,27.22165690034575],[108.5880433000583,27.214748400118594],[108.57797229968196,27.214164900190042],[108.57083130042423,27.221744399884187],[108.56922930029202,27.23258589981947],[108.56498729982411,27.241906899783658],[108.56893180006256,27.261977899960186],[108.56688680018573,27.26847089991213],[108.56365979975999,27.271333899739716],[108.5501328000887,27.274301399889737],[108.51097880033143,27.27443289965862],[108.50047279968004,27.275693900253373],[108.48309330041553,27.27281389964179],[108.47821030006537,27.273200400378244],[108.47255680015627,27.279811900398954],[108.46790329959765,27.291665900261137],[108.4588927995631,27.297925900260168],[108.45902230013911,27.3135279002924],[108.451972799705,27.32362540009217],[108.43704230006216,27.324333400366186],[108.42294330009327,27.319734399622916],[108.4065702995797,27.3227823998879],[108.39958929960653,27.328512399727515],[108.39624780019591,27.33504489970244],[108.39174680037462,27.338399899735634],[108.3866807996792,27.340625899865415],[108.37098679990095,27.341352900116306],[108.35600279958959,27.34664340037267],[108.34014879962746,27.362748900241627],[108.33701329982398,27.36837939998935],[108.33254979993336,27.362075899783008],[108.3234638000144,27.3554344001775],[108.3170933003156,27.352758399980246],[108.30129230009965,27.35560389990013],[108.28906229998523,27.35049439989666],[108.27802279991232,27.34908489964846],[108.26872229999424,27.35001390022137],[108.26196280034304,27.352378899566588],[108.24987030027421,27.36012839990576],[108.22843980035657,27.37040689995854],[108.21408080008894,27.3677673996458],[108.20218680018075,27.36036089983571],[108.18802630007377,27.333381400331405],[108.18300629970105,27.311443400392648],[108.17790980029713,27.301214399924675],[108.1749722997319,27.295860400337233],[108.1660767996047,27.291507900169506]]]}},{"type":"Feature","properties":{"shapeName":"Panzhou","shapeISO":"","shapeID":"62558664B5607554356803","shapeGroup":"CHN","shapeType":"ADM3"},"geometry":{"type":"Polygon","coordinates":[[[104.64276029974809,25.359578499947872],[104.64674580007869,25.36222110022362],[104.64907099992678,25.360751500081733],[104.65252679957223,25.363090400201884],[104.65720380031519,25.377340399939555],[104.66221680036512,25.380822899557245],[104.68161780022137,25.36563489973088],[104.68624130029582,25.358339399643626],[104.68810279980443,25.35079189962653],[104.68563830036732,25.34320839974788],[104.68546330039106,25.33610090023643],[104.69006330028117,25.331557900276948],[104.6971282996314,25.332761900041703],[104.70794680030463,25.33789640029869],[104.73877780025532,25.342275399889843],[104.75244129992609,25.343303899655268],[104.78131080025327,25.340095400082703],[104.7967378003093,25.341132900263176],[104.80986779965929,25.344442399996808],[104.81973280042848,25.34497640034067],[104.83157379969117,25.351941899599012],[104.8376642001428,25.370878199969013],[104.84139699997161,25.371768099817984],[104.86312409989733,25.360929000173257],[104.87033070020169,25.362268400066682],[104.88151080028325,25.360824400026104],[104.89092510041314,25.36208660031639],[104.89098580015462,25.36447080018735],[104.88624990011289,25.366000400398207],[104.88736450007167,25.36977120018082],[104.88332399990276,25.37437830021844],[104.88081030035517,25.37374529980582],[104.8783788995666,25.377021799816248],[104.87693660014406,25.376947299977985],[104.87664810032965,25.375160199583604],[104.87170299999349,25.378250500360366],[104.86787060024807,25.3767239002878],[104.86487289996444,25.37798640005235],[104.86156550014778,25.383946899729665],[104.85851609963834,25.383165100189274],[104.85291160019028,25.384393700009298],[104.84815229978886,25.417510399785158],[104.85758230028301,25.446060399767703],[104.8702163001422,25.46402940013678],[104.89034280018012,25.483432900108312],[104.89878079989404,25.49616239987489],[104.89968130005201,25.502183899667273],[104.91068280017117,25.52016489969043],[104.90920600005694,25.54567320005816],[104.91076059962205,25.552996300339032],[104.90562560024131,25.55905890004823],[104.88878330020918,25.561295999610763],[104.87757080025227,25.5679473998527],[104.8765027995646,25.57435789959743],[104.88731079975366,25.578156299573607],[104.87422179959646,25.6036779000151],[104.86065679997142,25.617561399938722],[104.85907729997746,25.624653399634724],[104.86836980042602,25.6361808997288],[104.89359279986786,25.65355090035382],[104.89884180000911,25.66229639985903],[104.90672280011717,25.69214640043606],[104.90661629970253,25.703832399745522],[104.90222929974243,25.713201400124547],[104.89070129962533,25.726409900396618],[104.87515190004024,25.748165499838024],[104.8786018999578,25.753853500438765],[104.86931799972598,25.77200319978789],[104.87436500044447,25.774479900327208],[104.8736487003273,25.78010079981209],[104.8696322003658,25.7817796002484],[104.87189449983134,25.784418300164475],[104.8733563001532,25.791631300044514],[104.87306399980383,25.797843699826956],[104.86967249988601,25.806582500282218],[104.87066630020962,25.80915640044759],[104.87464280012517,25.80863549962868],[104.87587070027269,25.810162099701188],[104.87620980044198,25.817347600111702],[104.87815120021776,25.82032120036314],[104.88142570013599,25.81974219974279],[104.88575270002713,25.821584499625033],[104.88483920016904,25.824940200230117],[104.88949469992053,25.84208480017344],[104.89697959992867,25.845425799561042],[104.89861280024058,25.851848399683945],[104.90304600017282,25.85321980015368],[104.905820299867,25.850923099821273],[104.90729650013344,25.84685760029805],[104.90973309990272,25.84713869959137],[104.91017039974423,25.850287399643832],[104.91510620019102,25.855966100355317],[104.91926170026733,25.855653600333426],[104.91983330036658,25.85936940027767],[104.9225409998673,25.86293750006564],[104.92797649961585,25.864118100370092],[104.93130379963071,25.86915440005555],[104.94053449956755,25.87159500000928],[104.94607299956931,25.868626999836238],[104.94722870034428,25.87854550037457],[104.9458243001514,25.879361600057848],[104.94419269973338,25.88733219962137],[104.94666669960856,25.891425900085267],[104.94660339992703,25.900127699733616],[104.94949409977295,25.90231519988663],[104.94719690031678,25.906805799947733],[104.94176289973808,25.909786100148438],[104.94701459964409,25.916984399710316],[104.94854729981807,25.923452400308065],[104.94291680007035,25.928685899734546],[104.93399030031219,25.932063899929062],[104.93012980035007,25.93776690032223],[104.9275442998296,25.943939399883448],[104.9261172996737,25.961805399999264],[104.93077829967882,25.98292139980282],[104.93756080039071,25.99373989957678],[104.95291129961686,26.012584899873275],[104.95748880026798,26.04795639966818],[104.95983879982083,26.05249190018111],[104.93660729958725,26.050340399889592],[104.92920680005386,26.052581899834877],[104.91638929982639,26.063266899747703],[104.88603230015059,26.101098899694534],[104.8796383002674,26.103801900237556],[104.87020879979633,26.104881399656904],[104.85517880006165,26.10568990006891],[104.82058780028683,26.10107789962541],[104.79959029965266,26.085103900424713],[104.78177630013619,26.083133900409223],[104.76039879996472,26.083423400269737],[104.73615279971199,26.088958900133207],[104.72825629978848,26.088435900296588],[104.71230329975754,26.080739899726666],[104.70543679966863,26.078847899710865],[104.70075230037844,26.089353400339178],[104.69933329969211,26.105153899632796],[104.69232929955757,26.117013899771734],[104.6820372997816,26.127467899823785],[104.67130280028408,26.130815400410427],[104.64938330029912,26.131770900406764],[104.63378879971339,26.13736540029305],[104.63037130039527,26.147418899862373],[104.63471980037855,26.16968739975374],[104.63079830030136,26.227634400107547],[104.62640379999544,26.23401240015221],[104.61179329982099,26.240070399829165],[104.6053468002147,26.24688740033332],[104.6021883002499,26.256027400044502],[104.60517879966193,26.26247189955859],[104.61202979993539,26.26551240037702],[104.61453230022556,26.270347400312346],[104.61031329991891,26.28314389957137],[104.60489630012421,26.288135400428416],[104.5859297996206,26.2971293997021],[104.58127239960163,26.300673400357198],[104.56513189991733,26.283244100235095],[104.55327639998592,26.277929099748178],[104.5485799999671,26.265371900193088],[104.54057400038988,26.257172700160027],[104.54678409970649,26.2308422000076],[104.55144160044955,26.229449599819247],[104.54809760002428,26.224333499691284],[104.54763689982315,26.219318100250177],[104.54000950043815,26.217674799652343],[104.53683659962945,26.21212799980742],[104.53862329982547,26.204946799954882],[104.53759410038748,26.201438899885375],[104.52668240027259,26.17877260017542],[104.51783110002532,26.172385499890936],[104.51640719983249,26.168816999904664],[104.51742749957953,26.162836500204378],[104.51539229961497,26.156124800419263],[104.5165959000808,26.137465600057453],[104.52035010017704,26.12942190000075],[104.52462549966714,26.125587400338304],[104.52688370002278,26.113295200413233],[104.52407579985834,26.107727500323904],[104.52504889958709,26.10531089967833],[104.51638020038598,26.089427499979195],[104.50345490022352,26.084650500020587],[104.49311070019871,26.077154200206223],[104.45288089993363,26.077211399786336],[104.46604160033962,26.020046199872297],[104.43791200013874,25.947797799928594],[104.43687130017042,25.93140220035133],[104.43259310019147,25.92990600006192],[104.42783960041726,25.92434840025851],[104.41761960036433,25.921569499632767],[104.41334140038538,25.915156399947932],[104.41577910002553,25.90723229983081],[104.41524280011521,25.89548750014808],[104.41975869990415,25.89441839958954],[104.42546289999291,25.89890839980285],[104.43330609979671,25.896556499982523],[104.43544520023585,25.879022900086795],[104.43831740012797,25.872546300171678],[104.42641360030746,25.85977569958891],[104.4220517004257,25.848245899928372],[104.42166009963393,25.8405253002025],[104.42855260002256,25.829615399631052],[104.42926570035183,25.824694900249483],[104.41405439999062,25.816137000222454],[104.40930090021641,25.799661399653928],[104.40088909955239,25.80066330017121],[104.402015000392,25.790462499744592],[104.3962288001191,25.765418899762437],[104.38624640005139,25.76392059955606],[104.3810175995826,25.757070899702285],[104.37908339977912,25.74596240004479],[104.37151060003424,25.734378200393678],[104.36052700002108,25.734520000097973],[104.35083280029357,25.741871599894466],[104.34916910037373,25.74850810016875],[104.32591800031554,25.763972199957095],[104.32250849956768,25.7544598998046],[104.32540149987938,25.741443400292724],[104.31945959998063,25.733735900091744],[104.3211233997252,25.727526799921918],[104.31874660037539,25.718533600145577],[104.3211233997252,25.70697000036529],[104.31732060026553,25.69947450004821],[104.31446850022115,25.67741349983322],[104.30798339991401,25.658769599637367],[104.30923959992765,25.650420700255154],[104.31969729979062,25.647421099704047],[104.32183640022976,25.643992900252215],[104.31423080041117,25.63885039962628],[104.30900190011766,25.638207600200644],[104.32967969985833,25.615706600379383],[104.32797990025227,25.606499200078076],[104.33181880029747,25.601132299715914],[104.3555032998375,25.60314539974047],[104.36747009986527,25.597059799869896],[104.36033979984194,25.58055380041759],[104.36975779978269,25.58276000017389],[104.37412500026863,25.587627999832364],[104.37982920035739,25.58869989998044],[104.38653970044686,25.599099000018896],[104.4191305998973,25.58816140032843],[104.42029509963919,25.586634800255865],[104.42642919994768,25.577972300081626],[104.42661509970713,25.575680799629254],[104.42196799962352,25.571377200097743],[104.42079079965572,25.56712930007717],[104.43181989996845,25.55852129971828],[104.43157200004782,25.55259589968108],[104.42971320030404,25.549129999749766],[104.43020890032057,25.54560809993393],[104.43367869971229,25.54035299969121],[104.43144810044953,25.532693499905122],[104.43386460037107,25.52346799984838],[104.42881930027056,25.507186199583487],[104.41606959993214,25.502440999652435],[104.4177345004469,25.499712399907366],[104.4228606999614,25.498328300110984],[104.42737349978722,25.4918425999561],[104.42820589968261,25.487492199705287],[104.42693540044843,25.480293999968183],[104.4321929999071,25.475270799807618],[104.44060510004539,25.476338799595965],[104.44029839975138,25.47890969962299],[104.44402260026283,25.47792090042924],[104.44678280038596,25.485949800343064],[104.44669520012343,25.49741869971325],[104.44871059971445,25.499791499777928],[104.45370530035939,25.499514600318605],[104.45523880003066,25.498130499622903],[104.48178969973492,25.497893299835994],[104.49816709973192,25.510542099838062],[104.50338529989176,25.50986290035263],[104.50736110013474,25.51629180022644],[104.5096061002414,25.517324200351595],[104.51158890030757,25.52262959967635],[104.5208911997691,25.529662200050552],[104.52556029996794,25.52719630036904],[104.52511370023711,25.525046899994493],[104.52697450007315,25.524106600339394],[104.53188690016037,25.523905100040395],[104.53196139999869,25.526390300072364],[104.53330110026565,25.52605439969085],[104.53605509956327,25.523300600042717],[104.5365761002069,25.521487100049683],[104.53531079995349,25.52088250022723],[104.53791590029863,25.52021080018835],[104.53910679963917,25.517591200073866],[104.54253059960757,25.515777600256115],[104.54558229968342,25.51698670007619],[104.54424249959175,25.522024400006103],[104.54104200038807,25.523972300081653],[104.54111640040162,25.528069399982883],[104.54334939995488,25.53142759980392],[104.5472197996541,25.533106699714494],[104.55414190032849,25.527800699642626],[104.55027149973,25.51812859985506],[104.55309989994049,25.50704489990227],[104.54803850017669,25.490316699556104],[104.54818740002855,25.47775230002867],[104.54587999956237,25.472376699625045],[104.5417862999978,25.468680899703827],[104.53992550016176,25.462767299671214],[104.54260510034516,25.44616740020541],[104.54119090023994,25.422506899973484],[104.5362040003144,25.414372499691183],[104.53650170019336,25.40684270013054],[104.54007440001362,25.40428779994204],[104.54513569995265,25.4038172000038],[104.55243000034432,25.39742970042039],[104.5574169002698,25.39716080043064],[104.56366910044869,25.40617030041909],[104.57237760004625,25.40448949989053],[104.57542930012215,25.399446899554846],[104.58331900027173,25.396891799716855],[104.58942240042347,25.392722999566843],[104.59068769977756,25.390167799904077],[104.58845480004902,25.387209099620293],[104.59426039959783,25.38371239970752],[104.59565730034421,25.380001099970855],[104.60810469987206,25.37268359976838],[104.61301709995928,25.367774199819507],[104.61897170008393,25.369186499657303],[104.62388410017115,25.36790869972674],[104.63025619976389,25.368694500350955],[104.63618839957502,25.366755800339945],[104.64276029974809,25.359578499947872]]]}},{"type":"Feature","properties":{"shapeName":"Qingzhen City","shapeISO":"","shapeID":"62558664B21612387438294","shapeGroup":"CHN","shapeType":"ADM3"},"geometry":{"type":"Polygon","coordinates":[[[106.12139880001467,26.807660799806115],[106.12421480037278,26.801496100065037],[106.1280684996616,26.79869349960535],[106.14165009987227,26.794819099721735],[106.1469875995981,26.788299100323286],[106.15612109990889,26.786668400126644],[106.16810410032406,26.775846400191256],[106.1708772003226,26.76445759983841],[106.16487349991218,26.758348899981797],[106.1637482996444,26.75244619973239],[106.1605089002656,26.74766690020732],[106.16078920006157,26.725575000186154],[106.15896580033149,26.717682299898286],[106.16304259983616,26.697327700313167],[106.16740089973177,26.691047399917636],[106.17130470025177,26.68132590037004],[106.16895180038534,26.67254519960136],[106.16626009982383,26.67086139983377],[106.1553687001055,26.671360600011724],[106.12468760005277,26.668216400166784],[106.12025440012053,26.662593399865557],[106.11897489957204,26.65511669987586],[106.1269345004269,26.6468466998154],[106.13372739999954,26.64431679988047],[106.14097660028995,26.645144099720483],[106.14496109967507,26.64262949995151],[106.14528880003814,26.62828660024644],[106.15404499967707,26.62836000021389],[106.16320450028752,26.620419599884656],[106.16427440034334,26.612767999743426],[106.16273939970358,26.610563899904093],[106.15818099975337,26.609898499616122],[106.15715769986804,26.608442999944543],[106.15911129984664,26.60357710020304],[106.16227420019425,26.600582599707252],[106.17060029996395,26.59958439990021],[106.17436789995867,26.595092500318685],[106.18153109988043,26.594177500391368],[106.18064739995759,26.585609000055342],[106.18311259996659,26.579660599856823],[106.17939150031754,26.57928620039786],[106.17585640025271,26.575542300237032],[106.18236840018159,26.568969400017863],[106.17855420001638,26.559025999949995],[106.17990310034787,26.557112099643746],[106.19283410041345,26.554282899935913],[106.19441559960029,26.549539500447622],[106.1910199996733,26.543339600342335],[106.19497369997634,26.540509899712163],[106.19916000003406,26.54109250031871],[106.20590459971754,26.538137999868866],[106.21102110004381,26.54138379972261],[106.22511490013261,26.541799899845557],[106.23041759969254,26.544213399628745],[106.23325489959399,26.55120390003998],[106.23990650038473,26.55124549997987],[106.2415344999173,26.552743399987946],[106.24395319958057,26.552701800048112],[106.24613940021322,26.54454629987191],[106.2480464000214,26.548873799786065],[106.2535816004106,26.55033009985425],[106.25232569987122,26.55245209968473],[106.25372120037315,26.555073400417143],[106.25883769980004,26.556321600061835],[106.26167510042558,26.55940050013305],[106.27060580001773,26.56139749959499],[106.27437349983722,26.560482200193462],[106.27907139992521,26.55315940028612],[106.29051389969675,26.55112060033548],[106.29614209987807,26.543089899978952],[106.30325880035343,26.54542010005764],[106.30795670044142,26.544629499751636],[106.3096312003197,26.538512500051866],[106.32032950030623,26.52760940015372],[106.3209341999534,26.519493700374028],[106.31884109983696,26.517454299676217],[106.31818989984407,26.50904659992068],[106.31502689967175,26.50800599977714],[106.30884050018898,26.497058299800756],[106.31288720028414,26.492728899619067],[106.3224691996939,26.495476400415612],[106.32619030024222,26.49376959958738],[106.33079519963883,26.495101800407838],[106.33177200007782,26.491937900014136],[106.33428380025725,26.493228400170608],[106.34079580018607,26.492187700202237],[106.34502859969018,26.487774799767237],[106.34767990000745,26.478990200437465],[106.34637750002167,26.475992500153836],[106.33809789969837,26.476283900281828],[106.33874909969126,26.469288899663013],[106.33474889994181,26.46562470011986],[106.33200459983249,26.466290899905175],[106.32791129956689,26.464208900120695],[106.32321340037817,26.464208900120695],[106.32139929963802,26.462085300396325],[106.32270169962379,26.45621380032668],[106.3409353003239,26.453007200122215],[106.35112189955606,26.453964999685013],[106.35730829993815,26.450175399575073],[106.36005260004754,26.45050850036705],[106.36568090005358,26.454339800241655],[106.37075090003407,26.452215999968473],[106.37196030022773,26.44188769995742],[106.38103059978243,26.42168650043169],[106.38107710012815,26.419145500164745],[106.37651870017794,26.411897100271005],[106.37684429972472,26.40939750029446],[106.38614710010864,26.402565099799574],[106.3914963000143,26.405689699819845],[106.3927986001753,26.408355999929483],[106.38498430008542,26.417645900438004],[106.38637969986331,26.419478799706894],[106.39056599992102,26.419478799706894],[106.39144969984386,26.4272266003274],[106.39498479990863,26.431891700341737],[106.39237999993713,26.44334540027006],[106.39321730023829,26.446427199755533],[106.39684540009517,26.44626070017125],[106.40605519978772,26.44126289956324],[106.4080553001121,26.442179199910186],[106.41307879974687,26.459711699935042],[106.41577670023457,26.45712990012487],[106.41875360009863,26.45733810037308],[106.42568420026566,26.465333200167095],[106.43280089984171,26.468747600421466],[106.43991749959298,26.468872500065856],[106.44289440035635,26.471787200119252],[106.44321999990314,26.46287639982603],[106.44912730018484,26.45991990018331],[106.44973199983201,26.456588500159228],[106.44154550002486,26.44850949991354],[106.44066180010208,26.44134620016706],[106.44559229994474,26.436639900411137],[106.44428989995896,26.432849699554026],[106.44656910038373,26.427643099749332],[106.453685700135,26.42826790014351],[106.45030850033709,26.431103299777533],[106.45107480006203,26.434799599721828],[106.45401560023981,26.43728250018728],[106.4580487997124,26.44600959956341],[106.46922400028745,26.45631590035856],[106.47258499969803,26.463386800160777],[106.48165959981077,26.46579379964419],[106.48073529999414,26.484446499706223],[106.48182760036354,26.48617619997168],[106.48670099955154,26.486627399734743],[106.49644779972624,26.483995200118443],[106.50543839956254,26.476775199915608],[106.51165619977388,26.47692559983659],[106.51249640038861,26.479332299845794],[106.51073189995725,26.48452170011643],[106.50501830015446,26.487830699826986],[106.50787510005586,26.489936400344675],[106.50635059990032,26.498644499743932],[106.50444369991686,26.500084499600007],[106.50492039995657,26.502964400386816],[106.50301340014835,26.503977599986285],[106.49765009977233,26.502857700322636],[106.49514720018323,26.504137600170168],[106.5015832002046,26.50845730026424],[106.50229829972682,26.51272339986508],[106.50664860015286,26.5193890004021],[106.51070090032636,26.518855699730807],[106.51117770019079,26.52093530012405],[106.50813839996727,26.525894199657614],[106.50795960035532,26.52978639982257],[106.49913989958674,26.529359899939493],[106.49806719994137,26.530586200193056],[106.50354979988344,26.53426510005437],[106.50283459963714,26.535917800366235],[106.50492039995657,26.541195899870957],[106.50146399956401,26.540609499628772],[106.50366899962467,26.54375490006862],[106.49973580026705,26.542581999759534],[106.49687540037951,26.5442347000714],[106.50194080032776,26.548766099675788],[106.50426490030497,26.554043600232035],[106.50301340014835,26.556762200415278],[106.50933030025323,26.555376200351418],[106.51052209981509,26.55788160005585],[106.50766169992755,26.566303400281754],[106.51087969993824,26.56768929962152],[106.51356140003867,26.572486199778325],[106.52452650009798,26.572486199778325],[106.52959190004623,26.574404899766364],[106.53263110044497,26.5766433995733],[106.53370380009034,26.581546499771207],[106.53370380009034,26.583305199575364],[106.53137970011312,26.584477599861373],[106.52023580044192,26.586875800377925],[106.51159480035983,26.592204799711794],[106.50795960035532,26.59215149959209],[106.50253670010869,26.605366400339165],[106.50486080008591,26.60488689981065],[106.5062910000297,26.606378800441348],[106.50611230024253,26.610161699702758],[106.50772129979822,26.612719199831247],[106.50420530043431,26.61810029958923],[106.50784050043882,26.625931700287765],[106.49514010003566,26.62619379960421],[106.49376430008243,26.622244499683973],[106.48632340030474,26.615420200282074],[106.48050359956153,26.613394200382118],[106.47480060006768,26.605481599895995],[106.46891620012258,26.601572999694213],[106.46453809985348,26.596361000359934],[106.46100930043895,26.595466899777648],[106.45941439955493,26.592580799964026],[106.45257420013928,26.600282500437118],[106.44996940016773,26.608683500243387],[106.44978329985946,26.615586900415167],[106.4478296998808,26.618331400174043],[106.44913209986657,26.61966210002595],[106.44773670008868,26.622240299850034],[106.44959730027523,26.62839440018149],[106.4460622002104,26.634880800008943],[106.44736460019618,26.637042799885364],[106.45164390004601,26.63887219989215],[106.45108569984524,26.648101899782887],[106.45424870001756,26.650263700009816],[106.45220210024678,26.65683190037197],[106.45467529972535,26.658764299732695],[106.46441089974331,26.67757499988636],[106.46467400000518,26.684628200131385],[106.47125210010438,26.69826309956244],[106.46967339960776,26.703904699642237],[106.47296240019466,26.719300000394753],[106.47204149981542,26.72505809955169],[106.47467270028494,26.73269579977142],[106.47940899962572,26.739628099657125],[106.47980359965646,26.743387800007042],[106.47572520025784,26.745737599910342],[106.47611990011336,26.74738239967803],[106.49398349993862,26.76135180014552],[106.49982360017907,26.757148100004883],[106.51931049967988,26.75539209996549],[106.52327340004746,26.75310399984977],[106.52801109963258,26.75291769989201],[106.53319570022143,26.749272500325674],[106.5394826996669,26.760367400435257],[106.53463589972705,26.768991999581147],[106.53891959995963,26.783557899677362],[106.53581990036815,26.78756420042754],[106.53581990036815,26.7908362002305],[106.53797659964044,26.793057499603947],[106.54210730001193,26.793353800137822],[106.54182810008683,26.80066689995749],[106.54264250005139,26.802411400365884],[106.54765359983384,26.80428970010962],[106.54756060004172,26.805989800089264],[106.53160979975252,26.81491689969522],[106.52791570044928,26.813265800176566],[106.52547039973922,26.807884300220337],[106.51676889956514,26.802811300101496],[106.50953169982813,26.80529209975066],[106.50048390041172,26.801462600318814],[106.49420729982711,26.805722800366993],[106.48681329969406,26.806638400142106],[106.47856970013163,26.802030200233617],[106.472864400172,26.79447579971844],[106.47031259994657,26.78745810021121],[106.46797090023693,26.785964999884868],[106.4653345997121,26.78567080016734],[106.4599960999401,26.790881400156536],[106.44663700009755,26.790170399744227],[106.4439151003017,26.790721200323162],[106.44025609973926,26.79462650001301],[106.4346830001204,26.795545500124774],[106.43374729959828,26.80111430008492],[106.43698379956277,26.80266429961779],[106.43709149967304,26.806041000291998],[106.44009089967534,26.811125000018762],[106.44315279986188,26.811874700057388],[106.44441400010606,26.814803899880133],[106.43657219964734,26.821853099940654],[106.43805459983997,26.829989899614247],[106.43535170002099,26.83512980030008],[106.43606180021197,26.842030099609474],[106.44029120027875,26.848791999551167],[106.44125860010439,26.85381359981784],[106.45093949975819,26.860035199664765],[106.45564679956021,26.865267699944468],[106.4551451001663,26.868499800425525],[106.45274209996802,26.87064409984538],[106.44878309996017,26.870882600052028],[106.44415239991338,26.874824600175202],[106.42714160020472,26.868307799665274],[106.42451380007185,26.86144539958559],[106.42130490030098,26.859032999673275],[106.41645870020892,26.85985559965627],[106.415325700121,26.862035200164428],[106.41616859960124,26.866931200214765],[106.40064780025585,26.879269100088948],[106.39345609991915,26.892319500444614],[106.39124949996449,26.899056499957567],[106.3937788998764,26.90207520031032],[106.39304860001295,26.911781200042412],[106.38712789983276,26.917420499656373],[106.3782953000881,26.92031309976977],[106.37334509969668,26.92816939999784],[106.36830479982672,26.93056329995636],[106.3664680001981,26.933117799946558],[106.35897349992712,26.9353217001364],[106.35121409985089,26.925643600072135],[106.35118699968035,26.919546399846524],[106.35588830010505,26.910157799642775],[106.35300690014839,26.894970299839542],[106.34893180036238,26.890657799717758],[106.34148660002666,26.888687199854417],[106.33656490005018,26.88455479976426],[106.33081950021983,26.882423699694016],[106.32506180036188,26.882710499789766],[106.31465529980233,26.890270500383338],[106.31040169987858,26.89626280008821],[106.29936679983803,26.899953800327694],[106.29364700010905,26.889076199806823],[106.28496390006399,26.87936789960895],[106.28152210016486,26.87199970012614],[106.27140220005157,26.86247609999208],[106.26749169958231,26.860611700169898],[106.25894360036693,26.859780499970157],[106.2433146998136,26.871070999926758],[106.23837919974034,26.879344400323873],[106.23653849975204,26.887061599713093],[106.22881339981859,26.897767300220778],[106.22641329993388,26.897774199819537],[106.20817539957511,26.888713499628352],[106.20295599971968,26.883153000410687],[106.20066679973309,26.87760170035824],[106.19720699990319,26.875415700274402],[106.19657239959662,26.872774299694242],[106.19251619996271,26.87096949974267],[106.1925875998379,26.868740600198578],[106.19093550027316,26.867738500031805],[106.18231629975747,26.869410399970036],[106.17094279957058,26.86333009980433],[106.16817829978879,26.863551100103223],[106.16397449982338,26.85577119998095],[106.16161880036742,26.854624899819328],[106.14807089955241,26.858339599892645],[106.14142820025131,26.855478699982086],[106.13266290037262,26.839937899714357],[106.12500479993162,26.834009000415108],[106.12139880001467,26.807660799806115]]]}},{"type":"Feature","properties":{"shapeName":"Tongzi County","shapeISO":"","shapeID":"62558664B96111367750689","shapeGroup":"CHN","shapeType":"ADM3"},"geometry":{"type":"Polygon","coordinates":[[[106.83025379957326,27.988233399751664],[106.83910330027715,27.993444899962242],[106.84535229976888,28.00001189972943],[106.84561930039047,28.005449399570182],[106.84188830010504,28.017926900306236],[106.84178179969035,28.022514399619922],[106.84369679986747,28.025676899769167],[106.84718329966961,28.029024400355866],[106.8621368003731,28.035745400030237],[106.86621829973478,28.04160490044586],[106.8721618004268,28.05681040017987],[106.87992080030477,28.064634400357363],[106.8969117996399,28.06946390003901],[106.90204629989688,28.068183900366762],[106.90508279963154,28.065810899753274],[106.90881329989395,28.061355400231605],[106.91763280011372,28.031316899955016],[106.92410279990435,28.023577900100065],[106.93328879993823,28.01966839967696],[106.93798079957429,28.020690900065063],[106.94464880040186,28.02670490041089],[106.9451827998464,28.034715400195637],[106.9389498001932,28.057121400132587],[106.94110129958534,28.059586899615795],[106.9458462998669,28.062213900251322],[106.95810679958919,28.064866900287257],[106.96665930008669,28.065099900240227],[106.97358680029066,28.06353740013094],[106.97344980026816,28.081884399945125],[106.97650129979519,28.095561900261544],[106.97673779990959,28.109998899629545],[106.96592729960526,28.150188400374418],[106.96558379995247,28.177713399853587],[106.96626279978847,28.18251039983511],[106.98455829992565,28.202201899598037],[106.98532880038391,28.209518399754415],[106.97191629969751,28.256885399641533],[106.9702913003033,28.270229399866935],[106.97074879981733,28.29108640031717],[106.98297879993174,28.307269900185815],[106.98686980040105,28.314733399926524],[106.98812880000418,28.32111940034008],[106.98648879991822,28.334005400129172],[106.98954030034463,28.347225400032244],[106.98969280018264,28.358915400425417],[106.96508779956235,28.38365189991532],[106.96193679994343,28.39818189997476],[106.96755229989878,28.41018839967495],[106.9759673003507,28.420741899818893],[106.9831773000924,28.426740400349274],[106.99846630007977,28.432981400371375],[107.03588880002815,28.440686899580783],[107.05230729994202,28.44964289980004],[107.05584730041267,28.453903400221805],[107.0570528002466,28.45868689958081],[107.05638129985715,28.47659289974257],[107.05861680042506,28.481345900393023],[107.06896229997022,28.487027899817747],[107.08126829999213,28.48944289967011],[107.08299230035442,28.494211400136066],[107.08267229998671,28.51440239955116],[107.08599829958195,28.542291399628425],[107.08255780010245,28.555456399693128],[107.07013680017326,28.57941990040814],[107.0695728002446,28.58539940006233],[107.07132730021482,28.59865389975772],[107.07517230036143,28.611390899870173],[107.08840179980325,28.624788399864826],[107.08737179996865,28.63238540036599],[107.07824680004984,28.647085400171136],[107.08020779965028,28.650701399649904],[107.08345780023734,28.654281400166553],[107.08875279980191,28.656659900134343],[107.10511029960071,28.655290399932085],[107.11482979995537,28.65777390024533],[107.12577029995941,28.657928400175592],[107.15161880036743,28.645282899786025],[107.16015630017318,28.643895899676068],[107.16620630038051,28.645561400038616],[107.17140980022214,28.65252290001189],[107.17601779958187,28.671890400121924],[107.18335729989951,28.680627900157504],[107.19140629966108,28.68705339969472],[107.20091230006267,28.69045239995836],[107.22767630042097,28.688773899895637],[107.2427063001557,28.693622399554158],[107.2617492996905,28.708209899567237],[107.26534229990727,28.713611400445814],[107.27294179962439,28.735870399899113],[107.27336880042986,28.74732590027014],[107.27171279960606,28.751731900207062],[107.26519030009234,28.75857340004245],[107.26141300001001,28.765564399577443],[107.25607920009509,28.765551499701985],[107.25286670033802,28.759404500417418],[107.24166870015046,28.76355860024927],[107.2132373000614,28.774110499599942],[107.21023320020208,28.78193439995266],[107.21310850005727,28.787952399583617],[107.21147770003591,28.792578499598108],[107.2070144996195,28.796527400219418],[107.20431090012801,28.817021900140617],[107.21014740038225,28.83048219979372],[107.217743399938,28.831534900315432],[107.2182154001207,28.836196599993173],[107.22091910033629,28.838790600006234],[107.20980399965492,28.83785069965012],[107.20159010020302,28.840412399612603],[107.18864680010978,28.84003109965556],[107.1901058997675,28.84833870037079],[107.20019099971495,28.868597499674934],[107.19770190022257,28.873257600358045],[107.18735930009171,28.87889449968145],[107.19203710033196,28.880209800442003],[107.18761680027518,28.890655999774594],[107.18461270041587,28.890655999774594],[107.17778919961194,28.881111699945052],[107.1760297003105,28.88314079980813],[107.17761750014756,28.888326299718983],[107.17667339995751,28.88926570005208],[107.17236549986796,28.88456250025922],[107.16073029966367,28.882370499898684],[107.15206139991375,28.885639700112108],[107.14888570041478,28.884775400364504],[107.14695449985032,28.878875800078163],[107.14021679976554,28.87804900026123],[107.13807100027651,28.88082980025513],[107.13802809991694,28.888645700238953],[107.13082459957565,28.890178900435956],[107.08887670029952,28.891513100449288],[107.08312599986505,28.87543019964403],[107.06965059969548,28.872235900366547],[107.06565950018586,28.868214699648718],[107.06016629993485,28.868177099893273],[107.05415820004094,28.869003899710265],[107.05381480021293,28.87253649965976],[107.05673310025242,28.878774799917153],[107.05965129956786,28.880578499997853],[107.0661315003685,28.880954299701216],[107.07080929970948,28.888131400443854],[107.06656070001634,28.887755599841114],[107.06025209975468,28.897487199674572],[107.05677599971267,28.895458300360303],[107.05115410018163,28.89666060040645],[107.04632609966984,28.892546399896503],[107.03903049975781,28.876313299719072],[107.05229130010349,28.870826599767838],[107.0456179995711,28.87026290021271],[107.03272460016024,28.865619099741707],[107.03036429977266,28.87050479985669],[107.03267099966695,28.880021899690973],[107.03018190017463,28.882802599860156],[107.0205259000503,28.884906900133387],[107.01014039955987,28.88453120025474],[107.00838090025837,28.879796400083876],[107.01095579957058,28.87611369968755],[107.0133591001424,28.86243389980467],[107.0108271002905,28.860329100407682],[106.99885370013823,28.86115600004939],[106.99649329992593,28.856307399666832],[106.98241709956955,28.85585639955326],[106.97916630038452,28.854099099993505],[106.98158020036601,28.84127160020421],[106.98535679987646,28.833038600051395],[106.98321100038743,28.829316700005734],[106.98055030035613,28.82811359956304],[106.98007820034871,28.82085710037495],[106.97690249995048,28.816570700377554],[106.9775461995975,28.80807250004591],[106.97974559957981,28.80366330032109],[106.97854400010556,28.802008699741748],[106.98150509978058,28.800711299986574],[106.98114040040923,28.798624100322],[106.98476669982341,28.79454360010709],[106.98579669965801,28.7901055995938],[106.98445560004598,28.779790400007016],[106.98269600002044,28.77704450000374],[106.97308300008046,28.775652800036767],[106.97119469987558,28.776931699838144],[106.96359870031984,28.77727020015965],[106.95965050027041,28.772869099729235],[106.94780590012226,28.76982210040967],[106.94591759991738,28.782197699864014],[106.93643330015675,28.786899299762922],[106.93394419976505,28.796677899965175],[106.92098379996247,28.813900999931263],[106.91746469973617,28.812923300170212],[106.91480399970487,28.808824600375033],[106.90192939972206,28.79949839963149],[106.89377539961504,28.8047257000311],[106.88678020024611,28.80149160035711],[106.87626599957628,28.79242799985235],[106.87008620021805,28.782573799940963],[106.86218980011927,28.7778343997378],[106.85935729989956,28.778661999951396],[106.85905690025578,28.783476499840674],[106.85626740022042,28.78464249965168],[106.84940099995623,28.783213199929264],[106.84159039967727,28.78437919974033],[106.83618309997013,28.780429799995318],[106.83605429996601,28.772116799750563],[106.83429479976525,28.769521199843552],[106.82944530006063,28.772192000160715],[106.82019710021603,28.757614399884687],[106.82440280044892,28.741435599873114],[106.82732099976437,28.73676959963734],[106.8328999998352,28.73812429969672],[106.83633330024168,28.734060200417957],[106.84345719979001,28.73187759977145],[106.84946540040795,28.727738100433044],[106.8595933998156,28.71042540011217],[106.84963700004755,28.710350099877246],[106.84929370004426,28.70221969977939],[106.85427189992828,28.69710030003887],[106.86130999965684,28.693637000047545],[106.8677473000979,28.697401400254478],[106.87444209982311,28.697702600294804],[106.87959190024606,28.69574509995647],[106.8858576001482,28.699283600357944],[106.88319680029218,28.692131099670576],[106.87813279968901,28.69205580033497],[106.87658780038674,28.688517100284002],[106.87727450021805,28.685354699959476],[106.87271069983899,28.67382779971325],[106.86326940026265,28.65643090036582],[106.8630694998576,28.653499400077294],[106.86637400025995,28.652783799632687],[106.86315529967737,28.632972799754953],[106.86431410041547,28.630863400325723],[106.86319829986172,28.628226599777804],[106.85403580001224,28.626173700256118],[106.82828660004662,28.627153099735835],[106.82493920018402,28.62594759990185],[106.82459590018073,28.61976960008701],[106.83008910043168,28.616077699626203],[106.82356590034607,28.606734400072583],[106.82365179999061,28.602062399560168],[106.81481119987706,28.60017839991326],[106.8097472001732,28.592868499881433],[106.8038463003665,28.592623600099103],[106.80092810015174,28.59978279983642],[106.79629320027101,28.605547500017167],[106.79140090003159,28.607921200303224],[106.78745269998217,28.614853299640117],[106.78878299963577,28.61997680028918],[106.78080079971721,28.63022310011604],[106.77758210003395,28.629243699737003],[106.77268979979448,28.62329190010115],[106.77382710044037,28.61856410025308],[106.7725824998825,28.616115400105684],[106.76361319958954,28.6175092998144],[106.75790550023868,28.616266100400253],[106.75352809964215,28.612988499619632],[106.75460099983633,28.603192699883266],[106.75631759967752,28.600894299832134],[106.75425769983303,28.592868499881433],[106.76601650016141,28.58133729997644],[106.77820440031286,28.579829900429615],[106.77889110014422,28.57342299977165],[106.77571529992122,28.567543500232375],[106.76644559998454,28.5665635000056],[106.7593217004362,28.561060499842256],[106.74902199976555,28.561286600196468],[106.74206969985681,28.556311100077266],[106.73520319976791,28.558045000176662],[106.72438860035368,28.546057700102835],[106.72009699957692,28.533013200199093],[106.72155619995874,28.52328540000127],[106.7316842002657,28.505109399978892],[106.7390655999975,28.498773400072423],[106.74121140038591,28.49213529990419],[106.7404388998354,28.477877100148078],[106.74344299969476,28.469879600063564],[106.72773600021628,28.46678610039828],[106.72670600038168,28.46173060018708],[106.72237159996945,28.457882300427855],[106.71400309986325,28.460032799773956],[106.70842409979241,28.45935370011324],[106.70477630028608,28.45380740029134],[106.70524380026126,28.43644909984613],[106.7136941998275,28.430291699902057],[106.71526720042101,28.42558059956508],[106.71878540042593,28.425036099636316],[106.71961599987856,28.42047060043791],[106.72512119978359,28.41533589963211],[106.7197970001315,28.40556019974349],[106.72546389993909,28.406891699992002],[106.74208740031332,28.39875390027231],[106.7384045002675,28.385130799946523],[106.73917520037526,28.376953100005608],[106.72861310001463,28.367311099627614],[106.726848300109,28.363220900224405],[106.72868220032336,28.35008770018726],[106.71674709959905,28.34444999956787],[106.71169420022721,28.339072399971315],[106.71095010026698,28.331951399837294],[106.70868920014652,28.327494199697583],[106.70538330039903,28.3251798996327],[106.70558179966037,28.306829399657147],[106.70260630004077,28.294978899956334],[106.69513680002336,28.280257900082063],[106.69098680020073,28.25536739978571],[106.68904130041574,28.251054399640907],[106.67862680038661,28.233426899731683],[106.6672128001307,28.224534899765843],[106.65976780034379,28.213853599663935],[106.65376619985028,28.208737600260122],[106.65165120034266,28.197141099682028],[106.64919499984944,28.19374360038688],[106.63904219983772,28.199344800222377],[106.63326209966624,28.19998039967578],[106.62591159974062,28.195606599964663],[106.61629509963922,28.18356010021853],[106.60963860024128,28.184106700064206],[106.60732780033777,28.183016299962333],[106.60659129964881,28.17929049955694],[106.6027840998064,28.17829599956076],[106.59297469962274,28.183239599827743],[106.58699600036516,28.17836009963895],[106.58599080023532,28.179710400214844],[106.5801312998197,28.174346900189335],[106.56807729972763,28.17027640043557],[106.55861679962567,28.174167400005558],[106.54089329978603,28.188110399975017],[106.49272629987888,28.18229899979906],[106.47559990041515,28.1827052001849],[106.4661534000594,28.179861999831473],[106.45885739994912,28.175393899908613],[106.45317419992944,28.169774600317623],[106.44704940040958,28.159110800123358],[106.44806009989378,28.146059899744614],[106.45638440012004,28.133053899817696],[106.45654600019782,28.129739800051766],[106.44661469960874,28.126665800386434],[106.44972860039468,28.11696220004552],[106.44751640036162,28.100865300393366],[106.44984930020507,28.096860800085892],[106.45197349977724,28.096486000428627],[106.45235140029695,28.09149039956236],[106.45425449974545,28.090026799697114],[106.45258350002854,28.084509399589194],[106.45633019977896,28.08088720018418],[106.45736750030994,28.076138199718173],[106.46961739972329,28.065541300090956],[106.4736634999706,28.064026],[106.47544379969167,28.061922699772822],[106.47464999959789,28.059596499878637],[106.48208130001206,28.050538100153233],[106.48700900026523,28.047028199991473],[106.49934180008404,28.048078100024327],[106.50130109996587,28.046184400289917],[106.51146129959938,28.046603300002346],[106.51708880010813,28.048458300110497],[106.53013229996571,28.04627039975918],[106.54195709974044,28.03453389991961],[106.54641019987088,28.033404900016194],[106.54767109974154,28.02904090021741],[106.55566070018125,28.02870630025558],[106.56381730022827,28.032537799779675],[106.56753860042613,28.032236699564066],[106.57533739980124,28.035231100235137],[106.58804690044417,28.03590259972526],[106.59506209983613,28.035985599955552],[106.59880640019526,28.03421329970405],[106.60573529974437,28.035603600325942],[106.60887739967234,28.03320839994774],[106.6138213003128,28.03218920007157],[106.62405969959553,28.03287000035027],[106.6287759998126,28.030927700353118],[106.6405640002285,28.038548100314642],[106.65400260013996,28.029640200335052],[106.6636582998907,28.02743539992383],[106.67215729971969,28.009803399807083],[106.67283629955563,28.006578900395994],[106.66980730016684,28.000009399614157],[106.66959430023684,27.995101899932763],[106.67790979969755,27.963001399894722],[106.68200729979714,27.95702540040196],[106.6863937997341,27.954484900158093],[106.70894630013169,27.962379399989345],[106.73071330027864,27.96477890002626],[106.74707030005436,27.973157899717364],[106.76242829962638,27.985664399992118],[106.76814279965055,27.988607399911643],[106.78315729956978,27.989206399655643],[106.80716679970811,27.982423899843127],[106.81468980039404,27.98329140027795],[106.83025379957326,27.988233399751664]]]}},{"type":"Feature","properties":{"shapeName":"Qianxi County","shapeISO":"","shapeID":"62558664B63493472081638","shapeGroup":"CHN","shapeType":"ADM3"},"geometry":{"type":"Polygon","coordinates":[[[105.81466700008207,26.93795150036152],[105.81839970008616,26.936960800000975],[105.82082790018751,26.934536100060996],[105.82248270041634,26.92938159978104],[105.82503459956718,26.928000199749476],[105.84111920009104,26.929937600240123],[105.84577319977342,26.926051400351923],[105.84577319977342,26.92235649975271],[105.85178770014232,26.914555999759614],[105.8526307003466,26.910797699654154],[105.86044679997991,26.90323979987693],[105.863281099743,26.898438299687825],[105.86008550004584,26.891013100274392],[105.86120429983862,26.885570200004793],[105.85468300002049,26.8800691999337],[105.85405039980617,26.876203900289795],[105.8662136999024,26.866682599722253],[105.86620080002695,26.860965800131623],[105.87344440023895,26.84408159978608],[105.87335789984724,26.831841600109783],[105.88052450010565,26.824158799788847],[105.88537320031298,26.80867980003279],[105.8890742001143,26.802376399651166],[105.89979119970417,26.79461169987013],[105.91247860040716,26.790504999706002],[105.92195539982191,26.780233099777774],[105.92276479955592,26.772162699748833],[105.92488509966768,26.765398600065396],[105.92682450025052,26.763666899707687],[105.932248000345,26.762382200178422],[105.93621220023289,26.762677200292615],[105.93994109970203,26.764896799947394],[105.94477070010777,26.763893900283335],[105.94737790036987,26.76531089997809],[105.95044160009985,26.763791099679565],[105.95684229993225,26.76487500038104],[105.96986429969775,26.775424399616384],[105.9947491999157,26.77152379978361],[105.99883790014906,26.776245700079073],[105.9948979999428,26.784901500304045],[105.99446070010129,26.789456499917605],[106.00175499959363,26.801590500101554],[106.01250630022565,26.80764959964938],[106.0242391002543,26.810806300070738],[106.03178009997168,26.815613699812445],[106.03476180041679,26.815818399899285],[106.04025160033115,26.802795499912463],[106.04233040032778,26.801125600066428],[106.05179160010232,26.8016299002997],[106.05646159962316,26.805861199734636],[106.0586869999052,26.815101900132618],[106.06575200015476,26.819716999639866],[106.07009309961694,26.81991399973134],[106.08020109990088,26.813222700167557],[106.10641219976327,26.80261229991777],[106.11487259979071,26.804198800234474],[106.12139880001467,26.807660799806115],[106.12500479993162,26.834009000415108],[106.13266290037262,26.839937899714357],[106.14142820025131,26.855478699982086],[106.14807089955241,26.858339599892645],[106.16161880036742,26.854624899819328],[106.16397449982338,26.85577119998095],[106.16817829978879,26.863551100103223],[106.17094279957058,26.86333009980433],[106.18231629975747,26.869410399970036],[106.19093550027316,26.867738500031805],[106.1925875998379,26.868740600198578],[106.19251619996271,26.87096949974267],[106.19657239959662,26.872774299694242],[106.19720699990319,26.875415700274402],[106.20066679973309,26.87760170035824],[106.20295599971968,26.883153000410687],[106.20817539957511,26.888713499628352],[106.22641329993388,26.897774199819537],[106.22881339981859,26.897767300220778],[106.23653849975204,26.887061599713093],[106.23837919974034,26.879344400323873],[106.2433146998136,26.871070999926758],[106.25894360036693,26.859780499970157],[106.26749169958231,26.860611700169898],[106.27140220005157,26.86247609999208],[106.28152210016486,26.87199970012614],[106.28496390006399,26.87936789960895],[106.29364700010905,26.889076199806823],[106.29936679983803,26.899953800327694],[106.31040169987858,26.89626280008821],[106.31465529980233,26.890270500383338],[106.32506180036188,26.882710499789766],[106.33081950021983,26.882423699694016],[106.33656490005018,26.88455479976426],[106.34148660002666,26.888687199854417],[106.34893180036238,26.890657799717758],[106.35300690014839,26.894970299839542],[106.35588830010505,26.910157799642775],[106.35118699968035,26.919546399846524],[106.35121409985089,26.925643600072135],[106.35897349992712,26.9353217001364],[106.36016800015312,26.939140600158623],[106.35878679977105,26.950520499921197],[106.3697894995858,26.961141299931114],[106.37215890021315,26.971473399577803],[106.37746719985148,26.98138329989945],[106.3844299004196,26.98402469958029],[106.400232700179,26.986502400165705],[106.40573880030547,26.989872700364856],[106.41440870010149,26.99164549974006],[106.4318088999608,27.00212340017481],[106.4341485995783,27.008363499975587],[106.44494610018245,27.010431500013738],[106.44694940029467,27.01317559957431],[106.44648600032872,27.01541999983317],[106.44328920003659,27.01751810018021],[106.43160860025677,27.01687410015967],[106.42675809960667,27.01871339990356],[106.41742819995153,27.036058900298087],[106.41433249964518,27.039842400306554],[106.40555439971581,27.044066399944427],[106.4036810003779,27.047077699776082],[106.40305469991455,27.049698700134968],[106.40984589976853,27.061018300354306],[106.40989550007731,27.066241499845376],[106.39881020023063,27.081977300112385],[106.39285179957096,27.094874300408662],[106.39157189972343,27.101009600412794],[106.39459439971182,27.108552600222367],[106.39288180005508,27.117301900262532],[106.38975789970738,27.11756460032609],[106.38684159976009,27.119818799597965],[106.38817689964424,27.12715489957901],[106.38562899977859,27.132646400111355],[106.38025679971162,27.132824000027654],[106.37375630031306,27.14384090013749],[106.36018380034216,27.153735899592164],[106.35532380015331,27.15993490037539],[106.36669180008658,27.174104900021177],[106.36852279998732,27.179826900391163],[106.36853779977969,27.185781399791836],[106.3631972999155,27.19977190015311],[106.36270879987126,27.20573039973823],[106.36480730041666,27.213971900283013],[106.36868280017114,27.22014439984423],[106.37667830016346,27.226533900419213],[106.38546729987604,27.23635840022007],[106.38832829961137,27.24344839982382],[106.3881073002118,27.253299899970443],[106.38530729969222,27.261327899662888],[106.3768692999783,27.270059400321145],[106.36430379968067,27.278116399552232],[106.3615038000604,27.2838533997147],[106.36100779967029,27.291642900099816],[106.36647029976456,27.30514140025548],[106.36727129983069,27.31200990043658],[106.36087029962471,27.319818399899304],[106.35262279970249,27.316407900004606],[106.34539029982255,27.30909940021718],[106.34049229967997,27.307052400248097],[106.33689129999357,27.307292899647678],[106.30194830017399,27.319988399644956],[106.28315729966971,27.320037900129023],[106.2780302997586,27.323715399745936],[106.26648729984908,27.33817690024381],[106.25750730032172,27.343236899763156],[106.2474667995532,27.344404399643395],[106.2394868002757,27.342132400090236],[106.21372230014407,27.332109400128786],[106.19901279990086,27.31518740037825],[106.19230629999583,27.31222140029746],[106.18356329970658,27.31109439958692],[106.16837329978802,27.306079900367138],[106.16217780006548,27.299905899837484],[106.16420730012686,27.289823399830084],[106.15672280031703,27.279529399961916],[106.15386980005127,27.268537400280877],[106.15667730001746,27.26188840032944],[106.15666979967159,27.25547390040026],[106.1528013002399,27.25021189965952],[106.14714029998493,27.248159400336135],[106.14019779998853,27.2509193999104],[106.13377379962122,27.25115790011705],[106.1283227002325,27.24777980009776],[106.12708560002051,27.246767900018597],[106.12101020026057,27.24780719974251],[106.11455930027154,27.24431430036475],[106.10369730029026,27.244804400302883],[106.09917509985104,27.24369030036712],[106.09393770006488,27.244747799671245],[106.06095159983653,27.23095149981191],[106.04143050001761,27.233603499801745],[106.03114329992343,27.231347900285414],[106.02160629989089,27.22494139982581],[106.0128707999475,27.221509399838965],[106.01081080027825,27.218078399898275],[106.01104730039265,27.205705400383977],[106.0087438002862,27.20066640003438],[106.00332629956915,27.197463899839136],[105.98766330032112,27.19747140018501],[105.98174279979042,27.195413399708684],[105.96990929997429,27.18762989960021],[105.96322680027669,27.18556989993101],[105.94857780012546,27.186491400158047],[105.93187729979763,27.193595900430523],[105.92236329992642,27.192453899927614],[105.91310880033092,27.185350399701235],[105.912078799597,27.178249899613206],[105.91977730028225,27.172063900328794],[105.93263230044039,27.169542400061744],[105.93340279999927,27.163128400155585],[105.93006129968927,27.15671340020333],[105.92183679992843,27.147550400330772],[105.91541279956112,27.142738399657446],[105.89562229972938,27.131741899768883],[105.84989980013574,27.12233540035851],[105.83859979974102,27.125539899746627],[105.82735830024541,27.131980700349118],[105.82469019969301,27.128324899574523],[105.81743109966555,27.124616000128356],[105.81592739992965,27.120011099832425],[105.81741299991006,27.11696570040681],[105.81623029968864,27.102412399812465],[105.81454020017014,27.099957599563595],[105.81479320014614,27.09016589983645],[105.81340260005004,27.08320589993241],[105.80983600033119,27.078253999822266],[105.80970039965376,27.06720259992011],[105.80782750033893,27.060977400086983],[105.81008390025187,27.060334400112538],[105.80745179956097,27.05536070043604],[105.81051440031939,27.048846599690876],[105.81340200020219,27.04826020034801],[105.81569399977832,27.04103760020513],[105.81336340040065,27.03558349977874],[105.80765710039492,27.031988399645],[105.80849689991209,27.030059100247342],[105.80721719971405,27.027130400447675],[105.80046609973078,27.026470100215022],[105.7979697004414,27.027491700381745],[105.79566790005362,27.02315579990028],[105.79664790028045,27.020026199649465],[105.79360900025523,27.016681899749926],[105.78938439987024,27.015476499740714],[105.79153420044304,27.00969309995662],[105.78925759995832,26.996551400426824],[105.79052290021173,26.99302319996076],[105.78977510044058,26.98425380007285],[105.7942909004048,26.975351699821147],[105.79766550026267,26.97448909979215],[105.7952128997556,26.966161900151633],[105.79645960023043,26.965252699952202],[105.7982287996195,26.966491700431675],[105.79947430039869,26.965251000233536],[105.79576759979494,26.962915499550718],[105.79410060026254,26.95829920034788],[105.79486000038878,26.957332199821224],[105.8024229003966,26.962083999876768],[105.80597939982948,26.962718000335485],[105.81095530014704,26.957069800131194],[105.80978849993937,26.95084499959711],[105.81207569983371,26.950459200331863],[105.81465770019275,26.94758229968346],[105.81295319983036,26.94159779979867],[105.81466700008207,26.93795150036152]]]}},{"type":"Feature","properties":{"shapeName":"Yinjiang Tujia and Miao Autonomous County","shapeISO":"","shapeID":"62558664B28792670403467","shapeGroup":"CHN","shapeType":"ADM3"},"geometry":{"type":"Polygon","coordinates":[[[108.30258929965652,28.062075300334868],[108.30004010027045,28.05651070020872],[108.3013484996336,28.05280210023676],[108.30446350029035,28.051772499701144],[108.30607619965696,28.048017199734034],[108.31484969955403,28.046797600329057],[108.31562890005375,28.03763339986159],[108.32097130018542,28.028669300347985],[108.3183938000339,28.025327999687477],[108.31223599989153,28.026200199979314],[108.31067709976838,28.01832010009258],[108.31660039988861,28.01930149966455],[108.32086310005207,28.015848499608637],[108.31987710044791,28.00954279966055],[108.33304919976081,28.013621699981513],[108.33499609979026,28.01738329969959],[108.33830539987434,28.01465839976538],[108.33726710019658,28.009691499862868],[108.33175459959517,28.00846089995065],[108.33609279964304,28.003758300005586],[108.3406320997916,28.00558350017843],[108.33525829983074,27.99627289997443],[108.33064280012519,27.97829239997435],[108.33447279958011,27.97083290041809],[108.34741980038353,27.9642334000514],[108.35238630008774,27.958801399565004],[108.35621630044199,27.951337899824296],[108.35925280017665,27.936790399857102],[108.35555280042144,27.916028900213632],[108.36042030005689,27.908305900197206],[108.37198630012773,27.899911899814356],[108.37333680035312,27.895051899625514],[108.36702729987007,27.88033690002794],[108.36361679997538,27.879066399894498],[108.3487473004476,27.88297440024843],[108.34356679986797,27.88290789987974],[108.33673879975589,27.880369399728067],[108.32978830028986,27.875079400394043],[108.31919079991553,27.86279090027989],[108.31198130019692,27.85108390000204],[108.30462630006377,27.835710399715254],[108.30573279982889,27.830858899918326],[108.31156930008319,27.82815340015935],[108.3209607997012,27.829923399945017],[108.33142780035274,27.839006399725633],[108.33717330000786,27.84662839958105],[108.34456630009475,27.85006889995981],[108.35330180003808,27.84841740024285],[108.35272979974053,27.832044100255075],[108.35502059962101,27.829830900175978],[108.36587610020194,27.828871900018214],[108.36814759973203,27.827326700167134],[108.37108040044018,27.80958259955736],[108.37690730043164,27.799493899623826],[108.38066880032494,27.796390400396717],[108.38659680030213,27.795745900353097],[108.39533640025473,27.797632199566408],[108.40962230002918,27.808093899613823],[108.41515329968507,27.81044390006599],[108.42376730032072,27.81223289982853],[108.42806979998136,27.809800900091545],[108.4305211000688,27.777862900352602],[108.43712420042158,27.76718930024606],[108.44078079979414,27.747005699553426],[108.44057430016386,27.73798109994783],[108.43701800038048,27.7293938001838],[108.4369443000395,27.71831859972366],[108.44825000033728,27.71921749998768],[108.45135999986417,27.71724790017049],[108.44528439955548,27.70739509960424],[108.40396880012008,27.671516400161806],[108.39871979997883,27.669618399869307],[108.386039799797,27.669332400170163],[108.36425779985763,27.67391940036009],[108.35479729975566,27.6703168997052],[108.34803029975859,27.662727400449228],[108.3462372998116,27.6503923999893],[108.36213730009638,27.634748399818875],[108.36873630043999,27.625819899968462],[108.37573979965208,27.6198614003834],[108.3972013001,27.6077079001995],[108.40434280028006,27.598989400140738],[108.40959929986786,27.59515190034],[108.43418130032683,27.59625640001292],[108.45715330028463,27.60999490044435],[108.47474680042455,27.613315399785904],[108.48076630012469,27.61972689957679],[108.48996729995099,27.620111400220992],[108.50418830015002,27.626535399688976],[108.50836180015699,27.627317399778235],[108.51866929974847,27.62055790012704],[108.5271302996237,27.618905900387063],[108.55406929995831,27.631954399575932],[108.55866979987144,27.643575400384464],[108.56613180044229,27.654804400202977],[108.57424929976543,27.663257399709266],[108.58161180024445,27.66622940006681],[108.5883097997575,27.67174339983808],[108.59760280022908,27.683141900278542],[108.59892279994733,27.689981400021622],[108.59516080003095,27.704791900425903],[108.5874097996226,27.72294790042531],[108.57257830004858,27.74500639962571],[108.5602418004188,27.75298139957198],[108.5545722997719,27.753627399684774],[108.53552229991425,27.7496624002996],[108.5298768003741,27.75076289978807],[108.52287280023961,27.756269400112785],[108.51719680019221,27.75691240008723],[108.50408179973533,27.75252089991966],[108.49550629997583,27.751649900222787],[108.49069979955618,27.75432989970517],[108.49137830026842,27.764175399575095],[108.4889912999086,27.78742589978549],[108.49122629955411,27.80387490020655],[108.49497979997784,27.806735899941884],[108.51097880033143,27.811725899830492],[108.52780129999007,27.81163790026892],[108.53801679983553,27.814517899981126],[108.54091630044695,27.82176389958437],[108.54741679984551,27.858951400386843],[108.54797380035069,27.877979400129277],[108.55561830034435,27.893329400231664],[108.5601578001424,27.896394900404403],[108.56490330044704,27.898303900304825],[108.57569880005963,27.896343399828083],[108.58289329998587,27.888994399971637],[108.5893017996384,27.887407399631854],[108.60254679979505,27.888345899743513],[108.62233340016633,27.893872400091254],[108.64105449996526,27.9064513002873],[108.64700910008997,27.907418600288224],[108.65930180003812,27.91261840031899],[108.6647562997635,27.912782299963226],[108.67780279975943,27.917835300059096],[108.69280179986322,27.918776900133878],[108.69410309997812,27.92353769970515],[108.70134620016705,27.929427400254383],[108.71199179988173,27.93634260043069],[108.72396789979882,27.939995199618807],[108.7345813001869,27.95115240026314],[108.74282379987852,27.955976399691167],[108.74569530009808,27.95884909960631],[108.748633299787,27.968013600447364],[108.7507863001477,27.9948508002243],[108.74745180016049,28.00001189972943],[108.75163279961407,28.00675190028005],[108.74977130010546,28.01883919956947],[108.75125830033033,28.019780199796458],[108.7509054000642,28.025378400392924],[108.75027360024649,28.02913130006948],[108.74736030043755,28.032184400389838],[108.7468108002783,28.039288899762937],[108.75405849960015,28.051331400224],[108.74774930038996,28.060159899959444],[108.74150830036785,28.06471639964218],[108.73837279966506,28.069974900221496],[108.73937229989178,28.078233899774716],[108.74529280042248,28.087663400245788],[108.74341549982552,28.099271899578525],[108.74986229980533,28.105576800029326],[108.7682573000344,28.108405899912384],[108.77446730042561,28.110956399718134],[108.7816927999828,28.11740889960106],[108.78214280005022,28.1355263996237],[108.79010780043473,28.1495493996851],[108.78640729975712,28.167188400124644],[108.79235080044913,28.171340900062546],[108.80402380005836,28.171621400407332],[108.80400830024291,28.17483140004913],[108.80010229998123,28.179172399686536],[108.77986930042795,28.178395899850955],[108.76323629961558,28.18611889986738],[108.76194779955136,28.184507400196424],[108.7677232996906,28.170316899605268],[108.7630997996161,28.15905990029421],[108.76419079956582,28.14736939987796],[108.76342780035276,28.14369739961535],[108.76084179980927,28.14299789973336],[108.75426860011584,28.135849900152834],[108.74452880026399,28.136786699646507],[108.73849970030096,28.145611899769392],[108.73393260030934,28.147188500349046],[108.72901179965487,28.14212570034084],[108.71631740042773,28.144531900326967],[108.7131180001956,28.14268350034331],[108.70637269994023,28.131418599588756],[108.69997419984952,28.128501699793674],[108.69486510004441,28.128178499638125],[108.68948140034644,28.133115300131067],[108.68903329964712,28.141731399784305],[108.6856232997755,28.149511399731352],[108.6799163000972,28.14856340008089],[108.67632279985736,28.141666900407188],[108.67089080027029,28.13911240041699],[108.66517630024612,28.139085900094244],[108.65946130019893,28.14249439989669],[108.65425130005752,28.147281400316444],[108.64820079982712,28.16215389998257],[108.64858230033298,28.186919899933514],[108.65058129988716,28.199542900184724],[108.64263130019441,28.228622400303607],[108.64232629961907,28.235729899815055],[108.64885730042414,28.274289900058875],[108.64806379980456,28.27772540020709],[108.64412679991193,28.28550139996969],[108.63629929957307,28.292108399782876],[108.62719729981558,28.293203399917047],[108.61241930001074,28.290597900272928],[108.60617079964277,28.29262540024206],[108.59925000028733,28.299967700149296],[108.59862000001306,28.31020579995777],[108.58546679995294,28.309539199974154],[108.58486880025498,28.3141627000486],[108.58202309978628,28.31658279995628],[108.5766626997239,28.315569999655793],[108.57182130021289,28.311292199875197],[108.57026450000672,28.303894300281797],[108.56819690016687,28.302650299571724],[108.56664779995606,28.304075199810654],[108.56579080000546,28.312351899820385],[108.56147340037717,28.32326259988912],[108.55472259986817,28.32104720006828],[108.54466279964856,28.320351499821925],[108.54318539968648,28.32347209965775],[108.53798280006623,28.32766330012123],[108.53325870002902,28.34083779972474],[108.52705650035728,28.340727300024923],[108.52385729977465,28.331181400301432],[108.51772630032855,28.331622099580272],[108.51444840007366,28.3355521998742],[108.51090340027179,28.333177299892554],[108.51058010029146,28.321647400407244],[108.50401740018293,28.29857280039448],[108.48794850002332,28.276087800411688],[108.48267379995599,28.278096900251796],[108.47702030004689,28.277496400438565],[108.45556679996793,28.247354399885694],[108.44006329998138,28.213777400107006],[108.43200729989701,28.215600899661865],[108.42183680032815,28.22286790023344],[108.42005179985074,28.219414400154506],[108.41179629955963,28.21201689986009],[108.39447030006437,28.174739900326188],[108.38802330043501,28.169647400207396],[108.36921680011528,28.16524889971697],[108.35846729992602,28.148862900402605],[108.34072880029396,28.116092900067315],[108.32395930038149,28.101033899894617],[108.32348050042481,28.094511000182536],[108.32511130044622,28.091407900254467],[108.32226819991757,28.089604100348993],[108.32262959967636,28.086479199955193],[108.32783020010373,28.085423400369677],[108.32863459960714,28.082370399874094],[108.32436509966965,28.07739680002237],[108.32382760006374,28.07220999969178],[108.32031939962064,28.067817899676356],[108.3160933000658,28.06744589960863],[108.31253660008412,28.064991200083853],[108.30941109984246,28.065553399569808],[108.30713839971742,28.063348199859604],[108.30258929965652,28.062075300334868]]]}},{"type":"Feature","properties":{"shapeName":"Kaiyang County","shapeISO":"","shapeID":"62558664B43584020505388","shapeGroup":"CHN","shapeType":"ADM3"},"geometry":{"type":"Polygon","coordinates":[[[106.89287889964157,27.263504099834392],[106.89066420039262,27.259005500303658],[106.88774380043611,27.258493400250245],[106.8879270004308,27.250797799878626],[106.88086310005207,27.243306100096504],[106.88157089977727,27.240653899557856],[106.88023099986083,27.238094800434737],[106.87548849969454,27.234012499777066],[106.87597210023227,27.22602860013984],[106.86981439991467,27.221485500355584],[106.86958909995707,27.21610050023793],[106.86762470001997,27.21452920026246],[106.8662652002788,27.20829319957153],[106.86761239999231,27.20157119985106],[106.86445609976926,27.193777600356043],[106.85612609963982,27.188060100193525],[106.85297769996095,27.188060100193525],[106.85153469996646,27.189577000178474],[106.84982940010678,27.19500270001464],[106.84510689996353,27.18981029960571],[106.83992519968825,27.189518600003453],[106.83461239984246,27.181642100102863],[106.83205429986612,27.171139099589823],[106.8254952995685,27.163202899993905],[106.81605020035653,27.15736710031149],[106.81014709990882,27.149138100343123],[106.79466769995446,27.138515400065728],[106.78764950042415,27.135305000225628],[106.78699359967493,27.13104389995607],[106.78404210026275,27.126490600061175],[106.79418949984563,27.118826500242847],[106.7952388998554,27.10995240038301],[106.79346799984836,27.10563189989233],[106.79359920014303,27.093545199551386],[106.7983873004336,27.07590920014951],[106.79766580043639,27.06703169995302],[106.79031960016948,27.047814300289758],[106.77352850034009,27.023685600410204],[106.76834680006482,27.020588800232986],[106.76008240008275,27.01030439972834],[106.75358890010773,27.008960399802675],[106.75358890010773,27.005570999801876],[106.75214590011325,27.003642499901503],[106.74971910025636,27.00375940007632],[106.74775139980733,27.000019199726353],[106.74834170040918,26.99768150020111],[106.7444063004105,26.996629500251288],[106.7415203004216,26.991077299977462],[106.74092999981968,26.978218400358912],[106.74539010027297,26.97383429981312],[106.74342239982394,26.966819499720202],[106.74676750012009,26.9655918001215],[106.75496629995484,26.966468700270354],[106.76152540007723,26.962142700425318],[106.76454260036076,26.963896499823647],[106.77387099994672,26.962440199755463],[106.77518589960965,26.963071200075888],[106.7723032999574,26.969020899794714],[106.77220219997162,26.97312240007875],[106.77366870015044,26.975330799576795],[106.78004079974318,26.97668289969613],[106.78595759956363,26.97997290032913],[106.79394800039995,26.980739000404583],[106.80497259960583,26.9791166000511],[106.83010670016415,26.988445300010653],[106.83759119997399,26.98794950016935],[106.84087840011813,26.99159969996623],[106.84805959997061,26.993987999846354],[106.85468440006508,26.987814400414322],[106.86029789992818,26.988400199909336],[106.8661642001178,26.99159969996623],[106.86884449997376,26.983397899993122],[106.87577279967502,26.974654799879147],[106.87278910003698,26.968930699592136],[106.87410389987514,26.960547000044073],[106.87794739995263,26.957391699867117],[106.87961619992774,26.9529740995751],[106.8782507997347,26.938593199916284],[106.873497100311,26.933453399954487],[106.86838939985097,26.931018800277457],[106.87476139961893,26.9210088998409],[106.87495970013009,26.917880199811407],[106.87176370023462,26.916956300193135],[106.87275710035993,26.913563900053987],[106.86658180030992,26.90897820028374],[106.86502309983626,26.90163600020128],[106.86763819974317,26.890254899843796],[106.86967789991519,26.887829299682494],[106.88364239997685,26.886009999961573],[106.88714650041072,26.88941529997618],[106.89258579979486,26.889975000246125],[106.8928473999876,26.89132780003797],[106.89028460015425,26.89319360010461],[106.890441500375,26.896505299579985],[106.90147700026341,26.903175099950943],[106.90508579976989,26.902148999576696],[106.90555650043223,26.899770299959414],[106.90806700019198,26.89837099982185],[106.90859000002854,26.897205000010786],[106.90623639959023,26.894919400010338],[106.90707329969308,26.893986499977018],[106.9115711995513,26.895525800275493],[106.91230339968223,26.89226070007129],[106.91523220020593,26.894173100308365],[106.91533680035309,26.898231100385033],[106.91758579974493,26.902335599908042],[106.9231820002492,26.902382200078534],[106.9248555999061,26.90084310032887],[106.92788910040173,26.903035199614806],[106.92898740014846,26.900889699599986],[106.93264849972854,26.903874699657706],[106.93301460024367,26.906439899781617],[106.93630960020795,26.90690629988586],[106.93793089979124,26.910124399721326],[106.93981379956728,26.9099378002893],[106.93976150039299,26.90774579992876],[106.9445208997198,26.90718620038291],[106.94467779994056,26.905273899970553],[106.95963589977703,26.903688200050453],[106.96314010003567,26.900703100168016],[106.963820000093,26.896925100413114],[106.97281579980938,26.885403599696417],[106.97297270003014,26.882091599847513],[106.96967770006586,26.879199300107643],[106.9717698001362,26.876446799979874],[106.98165470020433,26.87849949985207],[106.98693710026703,26.885496899862062],[106.9864663996047,26.88894880004716],[106.99253329987198,26.88899550004237],[106.99760649964031,26.891467700374108],[106.99996010007862,26.890021700241334],[107.00032619969443,26.89473279967899],[107.0045103000104,26.89501270017604],[107.00649770010881,26.89011500040698],[107.0154934998252,26.886989599990102],[107.0116231999508,26.882884600444015],[107.01219849986092,26.880272200301874],[107.0098450001467,26.87905929994679],[107.01099559996703,26.87640019980944],[107.0081191004162,26.871781600140764],[107.01130940040855,26.868049199610937],[107.01115250018779,26.86473659991418],[107.01669639971914,26.849245599604785],[107.02360020008922,26.847145699714304],[107.02872569993116,26.84224590002833],[107.02396629970502,26.838839299594042],[107.01748099974839,26.838885899764534],[107.01669639971914,26.834359100192387],[107.00926970023653,26.827125200067997],[107.01052490020402,26.81853719973202],[107.00430109971603,26.820730899811224],[107.00173829988267,26.81723030043804],[107.00403960024744,26.816016700410444],[107.0035688995851,26.81442970007066],[107.01099559996703,26.81242249959871],[107.01575500019317,26.8071478004307],[107.01936379969965,26.80710110043549],[107.02192660043232,26.804160200432932],[107.02464619976234,26.803693400130385],[107.02386169955787,26.800192200010088],[107.02611069984897,26.796831000050645],[107.03196839982184,26.79412319982589],[107.03965659967241,26.794169899821043],[107.04326540007821,26.79734450034846],[107.04786790008359,26.791602199581916],[107.04768489973839,26.781529700035662],[107.0618417000345,26.78888229987831],[107.06681129970178,26.79378699997011],[107.06993550042307,26.793876999623876],[107.06799669968802,26.801694600225687],[107.07191330025864,26.809087999611563],[107.07531979996884,26.809590299752585],[107.08611269964143,26.803722200019592],[107.09055719955518,26.80611090009802],[107.091904400168,26.80869910038325],[107.09874720042302,26.808371999867973],[107.10379110027912,26.81968650003199],[107.11153510036468,26.81991589999882],[107.11588239975299,26.81722110037356],[107.12281159967563,26.821204900086116],[107.12424300021434,26.825119399840503],[107.1298339999392,26.82649629966454],[107.13795589964514,26.824815800408885],[107.14300970013761,26.821205699583402],[107.15005180005062,26.824494899819797],[107.15935279999178,26.823572400445983],[107.16349719973601,26.82498239981794],[107.16895099978888,26.82363179976778],[107.1760186998032,26.819233300176734],[107.18013850039154,26.82127839987828],[107.18239199999084,26.82058400005161],[107.18514330042302,26.816959400356097],[107.18740960007307,26.80910849965761],[107.19146810017276,26.807379199590457],[107.19824630032656,26.808235300218996],[107.20578980015921,26.816855200407247],[107.21597209973265,26.81704560037423],[107.22061369956265,26.811443000294275],[107.22621059973943,26.81012840010561],[107.22921399992623,26.807793699819456],[107.23901949975016,26.80713350031084],[107.24267450012815,26.798191999860933],[107.25131150002579,26.796375399904832],[107.25393439975278,26.79685290034115],[107.2561192999658,26.800423199870806],[107.25856740026535,26.801142000103255],[107.26201640013682,26.807050400255832],[107.26233810022319,26.821066700367965],[107.26471610016796,26.82146240026958],[107.26502839964098,26.83224990041265],[107.2628986998152,26.83569590014571],[107.26386659966391,26.84317839986329],[107.26587709974842,26.84581430018983],[107.27315209978963,26.848694499551584],[107.2746853998114,26.86785109964859],[107.27385159967167,26.8763785000678],[107.26768809962618,26.898489400065785],[107.26105249957328,26.91172399956298],[107.25183020020364,26.947264099758456],[107.24890709958305,26.948641399780854],[107.24606929965853,26.968140600208585],[107.24277920010007,26.969606899838595],[107.2372827002365,26.97600070007229],[107.23018489991324,27.000171200440604],[107.22553529971435,27.003793600394374],[107.19393480025087,27.012122999776693],[107.1924000999847,27.014401700178382],[107.19335900031768,27.024213700302084],[107.19086029966314,27.030228400320482],[107.18099550034214,27.03136539969347],[107.16982589984548,27.023802499685644],[107.1659699999156,27.025901500254065],[107.16309570010651,27.030384599969352],[107.1648577004226,27.066222700417313],[107.17150010024949,27.084374200209197],[107.17069729974065,27.08776250033918],[107.16375260000257,27.0914887000435],[107.16762809975705,27.097132900063343],[107.17368730002892,27.100530500082584],[107.17641799969101,27.107356900300772],[107.18195329990493,27.111554899638975],[107.18585780009744,27.12736979977649],[107.18300489965645,27.136078599747634],[107.1649291002978,27.150308100338634],[107.1763966003229,27.156872900364135],[107.1873381003731,27.157719399830512],[107.19054919988571,27.162692700208027],[107.19875530041685,27.166290299557716],[107.20196639992946,27.172003900259824],[107.20933999984118,27.174014199795522],[107.22182759996383,27.17052269976284],[107.22254120031619,27.167877500446366],[107.22706050044178,27.166290299557716],[107.2319367001187,27.16861810024517],[107.23229340002047,27.175072200022043],[107.23514769980659,27.177188199575824],[107.24454319960904,27.176236000091365],[107.24894360036694,27.177399800160686],[107.25013289981354,27.179727400299328],[107.24478100014312,27.19062390007298],[107.24620819994851,27.196547800041003],[107.25120320006766,27.20046169994754],[107.25179790015301,27.209558200350727],[107.25619830001159,27.211885000092707],[107.25596039965279,27.22076910041369],[107.25108429980065,27.226268399866797],[107.243829600156,27.225105099820553],[107.23443420017827,27.227854699634747],[107.22824979988843,27.23335359978887],[107.23196130017391,27.246822600382757],[107.2185006003225,27.246665600337224],[107.21103480011601,27.243116600350902],[107.19436690021234,27.247139599712796],[107.1565167996107,27.23728739989366],[107.1514662996301,27.23741140021599],[107.13410929960457,27.248390400196854],[107.13517780031532,27.25589740014493],[107.1628162996326,27.265871100171182],[107.16356320008168,27.270119900413135],[107.16169599977064,27.27509870014495],[107.16386190000674,27.27934720001332],[107.16198210019382,27.28761079959878],[107.1864392999338,27.305862400229614],[107.19483910004448,27.31666559983762],[107.19769520027336,27.326865500042857],[107.20396889964508,27.33396500008473],[107.20444869964786,27.342969400017864],[107.20105609985916,27.355127900432308],[107.19153940022318,27.35941430042965],[107.16961769959721,27.358885099767576],[107.1508703000244,27.354743399788106],[107.14474000025086,27.35035710039989],[107.1343336004154,27.34792890029854],[107.11061679992542,27.329713400253297],[107.09912839965597,27.324434600176687],[107.09217430020385,27.323878700441696],[107.07532080001499,27.327964500361475],[107.05606529967389,27.347301999987337],[107.04848200034411,27.35228360020801],[107.03743790023896,27.356417399643306],[107.02497759993634,27.359991700256785],[106.99684239965706,27.356829999604827],[106.98021780031132,27.339894000108075],[106.95543590034657,27.32151510044156],[106.94920820039817,27.312977099713407],[106.94545140036189,27.3101839996919],[106.93376459975656,27.3101839996919],[106.93042780020289,27.308810100006156],[106.92172880014408,27.29150530022946],[106.90907940029416,27.282223499914664],[106.90239860031522,27.2701326995645],[106.89770819967373,27.265268600265756],[106.89287889964157,27.263504099834392]]]}},{"type":"Feature","properties":{"shapeName":"Rongjiang County","shapeISO":"","shapeID":"62558664B54502196433129","shapeGroup":"CHN","shapeType":"ADM3"},"geometry":{"type":"Polygon","coordinates":[[[108.7248227998324,26.034097399975053],[108.72065730019432,26.06179790035287],[108.72154229963746,26.07026489960549],[108.71578230021305,26.078500899896653],[108.69503030010833,26.094137399721262],[108.68134330025316,26.10195140033693],[108.66428379955778,26.10873240008027],[108.65746329979152,26.110111399821278],[108.64643880041035,26.10887889964158],[108.64320379961572,26.110824900348916],[108.64076230033993,26.113435900246657],[108.63732880028397,26.128703900164908],[108.63655080037921,26.134242900189747],[108.63929730023028,26.138971399710385],[108.65538029996094,26.151058400424915],[108.66947179958396,26.164129399752028],[108.67286679966315,26.172050399906084],[108.67307280016968,26.176637400096013],[108.67205029978157,26.182641900003716],[108.66636680028768,26.187196899617277],[108.66158280000627,26.188508899865894],[108.65161129972176,26.200097900098058],[108.64961979961413,26.21922489990925],[108.64144130017593,26.23695390000256],[108.64205179955098,26.251169399947912],[108.63926679972309,26.25792290022173],[108.63604729964322,26.260099399867443],[108.62410730031172,26.261878900091233],[108.61987280018963,26.264087400313315],[108.61818679978103,26.266670399819134],[108.61917879966194,26.271917399868187],[108.64212780035774,26.282857899872226],[108.65804280043494,26.28461439993464],[108.66636680028768,26.293977400037022],[108.66517630024612,26.302055400236554],[108.65608229995826,26.31636990025072],[108.65432729996496,26.335029400086796],[108.6584927996031,26.36060689968872],[108.66932630006875,26.386876899749154],[108.66835030002636,26.393798899699505],[108.66490929962453,26.39689989971066],[108.66000380003538,26.40785989971465],[108.66062179975631,26.428045399775442],[108.65061180039436,26.45111439970981],[108.64080030029368,26.449149899947997],[108.62590779970526,26.453784899653442],[108.61823230008065,26.459781400091572],[108.61032080036472,26.460277399582367],[108.59953330022171,26.453059900394123],[108.5887068000788,26.433215399870846],[108.58310679993895,26.42789089984518],[108.5746232999254,26.42656489985029],[108.57095329975505,26.4243929004121],[108.56096629965509,26.412322899582193],[108.54199179968185,26.40491289961068],[108.53500380028521,26.396648399803837],[108.53051780025635,26.39358090043828],[108.52484879963248,26.39239140044282],[108.5105668002177,26.393317900001136],[108.49284380040115,26.397344400423776],[108.48455829962586,26.3950878997868],[108.47746279976843,26.39026889969],[108.4664227996725,26.3770789002711],[108.43978879991323,26.363477899885197],[108.43139629959961,26.364665899811484],[108.42532330013023,26.372209399644134],[108.42304979960863,26.37297239975652],[108.41940329962262,26.37102289978702],[108.41647330030264,26.361934399752784],[108.41127029958471,26.359805899622643],[108.40128330038408,26.359206899878586],[108.39276130039377,26.363611399746333],[108.3860162996126,26.37370290016878],[108.37827280044945,26.378082399782954],[108.37036880018002,26.378791900126146],[108.3659208001049,26.37617890013621],[108.35624730007288,26.364774900341445],[108.3408203000169,26.356078900420982],[108.33067329973306,26.351579399769548],[108.30637379971114,26.344766400349158],[108.29694380011637,26.345292900347147],[108.2960967997276,26.336822400033782],[108.30119330003083,26.323804899576487],[108.29763779974473,26.317947400152434],[108.28721630029207,26.312991900056204],[108.28582780011294,26.310053400344202],[108.28708629969304,26.283838400122136],[108.28604880041189,26.27698139957198],[108.28872679980202,26.261052899771585],[108.27622979996534,26.24835789979727],[108.27348380013734,26.21744739977771],[108.26825730013434,26.208194900274464],[108.2611082996084,26.20175940027616],[108.25621030036513,26.200534899566037],[108.24107380021576,26.204906399710637],[108.23381780015143,26.202375399904838],[108.22631829964985,26.186765400402976],[108.21228780014195,26.167451900085155],[108.22448729974917,26.15973090016098],[108.2269363002701,26.15069789998813],[108.22350280021413,26.13450090039629],[108.21842129970327,26.122030399983032],[108.2190398003466,26.118106899813654],[108.22722630015369,26.10591489965293],[108.22707380031568,26.10178539987635],[108.22483080030128,26.096574899711925],[108.2171172998236,26.08854690001948],[108.21412680041158,26.073584899823345],[108.22203079978163,26.07334140028547],[108.22390729998199,26.069150900393765],[108.2242737997961,26.065236899763192],[108.21671280005575,26.05467840028797],[108.2165072995723,26.049632899638652],[108.21817029981952,26.046367400135466],[108.22216030035764,26.0441778998902],[108.23174279979042,26.047782899761046],[108.23470279959457,26.045396900346702],[108.23631280009573,26.040754400295384],[108.23404679991995,26.03531440033936],[108.22390729998199,26.030116899875054],[108.20570379959076,26.00794990016783],[108.20451330044853,25.996965399933288],[108.20575730025928,25.989808899960792],[108.20218680018075,25.97660039968872],[108.19658680004085,25.970346399966445],[108.17504879966242,25.95998589972953],[108.17093679979354,25.959194400101524],[108.1687087995715,25.9608688999798],[108.16123180010754,25.95857040010395],[108.15854630037154,25.955209899817078],[108.15965280013666,25.943694900299477],[108.15833280041846,25.935930400167877],[108.13612329965059,25.92168239962308],[108.13085180027042,25.91036240010476],[108.1305922999947,25.890394400181492],[108.127120799985,25.87947840040789],[108.11546330019121,25.86743339983161],[108.11192329972056,25.861341400385356],[108.10022729995,25.835058399725426],[108.08564780030582,25.81299590034058],[108.07570629960611,25.785743899961062],[108.0762633001113,25.780216399567223],[108.08032979968056,25.77343589984696],[108.08579229977488,25.77005589956019],[108.09764080028276,25.767173899755733],[108.10143229976086,25.75971240010722],[108.10101330022371,25.75559039977719],[108.09178179989021,25.746915899948874],[108.090392799688,25.74374190016863],[108.10060130010999,25.704631899742424],[108.1071472998081,25.69662640018828],[108.11578379968267,25.696136400074863],[108.12764729998298,25.70059789987323],[108.14160929992931,25.70017240003631],[108.15125280037648,25.692989399741066],[108.15538730038367,25.688272399851428],[108.15747080023732,25.682926399733617],[108.16037730027227,25.659419900308194],[108.16446680000286,25.653782400237617],[108.17440030033367,25.64750690042314],[108.17819980018072,25.64072989996498],[108.18179330042057,25.62178989978412],[108.18912740030936,25.61620560000847],[108.19621260023138,25.614748500443],[108.20926420028269,25.616878100444012],[108.22679079985556,25.629318700197928],[108.2348005999678,25.62703400041886],[108.24276680004783,25.631498399631482],[108.25504080039269,25.642987299924016],[108.24963380015981,25.664121400382385],[108.24862679958721,25.67103940014823],[108.2498167996057,25.675136400224744],[108.25768279992133,25.681091399648437],[108.2648468002397,25.682702900218715],[108.2770232996856,25.68186390019889],[108.29680630007073,25.694099399667607],[108.3008152996864,25.698951500211592],[108.31494130000107,25.702483899612332],[108.32191009977134,25.70200370031057],[108.33418700042978,25.697487400323325],[108.34954089999258,25.69904450000371],[108.35901630006225,25.69235590020469],[108.3626327995641,25.6874179000161],[108.37523629981547,25.678748900441462],[108.38787830004355,25.68316439991719],[108.39502729967023,25.690282899935937],[108.39514929990031,25.693263399786133],[108.38155329974506,25.715514899792822],[108.38585680035112,25.73397839958352],[108.3925478004407,25.742029400336605],[108.40081080017836,25.74520890037053],[108.41207129965079,25.746911899764427],[108.42466729955629,25.75660889998079],[108.42610930040394,25.760694400426303],[108.43784330012824,25.773862899753055],[108.44046779974923,25.79467389988065],[108.44309979971604,25.803085400171142],[108.4507368002632,25.809724899684397],[108.46331780037627,25.812301399789817],[108.46930679956921,25.815778900076225],[108.47403730008142,25.831699400407047],[108.47855379971816,25.83591439962987],[108.48663329998686,25.83472989986501],[108.51264930002526,25.817571400000134],[108.52249930010265,25.815868399706915],[108.54295279993181,25.82437639995095],[108.55645730036417,25.81864740015743],[108.56762630011372,25.824245900228163],[108.57569129971375,25.834308400212535],[108.59176629997484,25.877633899884643],[108.59291830003957,25.886779899872522],[108.59136979967656,25.934596899827113],[108.59339879971492,25.940500399573807],[108.61128229973838,25.95367640014581],[108.61357880042135,25.959802400260628],[108.62019329968109,25.965320400216342],[108.63610080031174,25.962257400158933],[108.64353180035238,25.963153900132454],[108.647552299599,25.967841899584073],[108.64787279998978,25.981149399924902],[108.6523668003876,25.98513040004798],[108.65952280033702,25.98557639993095],[108.66766379984455,25.97932989965517],[108.67019629971952,25.979242400116732],[108.68541730016835,25.983547399892643],[108.70281230014757,25.99076089979576],[108.71134879990723,25.999654899853795],[108.70671080006343,26.01611689997503],[108.70641279981095,26.02117939960965],[108.70839679957271,26.02570539968451],[108.71005230037343,26.028632899788533],[108.71555330044453,26.032119899613747],[108.7248227998324,26.034097399975053]]]}},{"type":"Feature","properties":{"shapeName":"Nayong County","shapeISO":"","shapeID":"62558664B13877121752083","shapeGroup":"CHN","shapeType":"ADM3"},"geometry":{"type":"Polygon","coordinates":[[[105.34504680036957,27.085967899598927],[105.33270280039397,27.090501900042682],[105.29055029995646,27.0981178996214],[105.25200629955117,27.099551900100153],[105.24199680021223,27.097675399899856],[105.23509230016958,27.094434899750865],[105.21698779984712,27.072126399813556],[105.20650320036248,27.064919599859707],[105.2016983996615,27.05845310023045],[105.18287719992287,27.072128899928828],[105.16943120038962,27.07487189961853],[105.1640366998339,27.071794799990073],[105.15981640000689,27.07659459956119],[105.14806550022274,27.072420399881594],[105.14302649987314,27.0735026997898],[105.12971440039934,27.062986699576584],[105.0913468002147,27.058465900281135],[105.05106379965468,27.063409899847045],[105.03933730027626,27.068052399898363],[105.022682300248,27.081027900217464],[105.01510629981595,27.08110440014798],[105.00927729990752,27.085683899992034],[105.0134733000528,27.058187400028544],[105.02390279987435,27.03533940039307],[105.02213280008874,27.031661899876838],[104.9736328001137,26.998136399775092],[104.95189729962073,26.98631090032785],[104.9460373000814,26.98123189993231],[104.9386977997637,26.96972639995346],[104.93646280011819,26.960548400288474],[104.94008629994283,26.955301900262555],[104.96322629955415,26.94995490009859],[104.97630330005734,26.950727399749724],[105.00344829999909,26.955940400029476],[105.02084329997837,26.9624614003734],[105.02931979966905,26.961597400100004],[105.03321080013836,26.955892399614584],[105.03531630010724,26.946740900272403],[105.03433980004178,26.941005900202185],[105.03028079991907,26.935254900293444],[105.0183027997345,26.92510039966379],[105.0157623003899,26.921188400024676],[105.01785279966703,26.917077900224967],[105.02160630009075,26.893729900014932],[105.02218629985794,26.88319389977869],[105.02047730018734,26.87310240025562],[105.01795179973584,26.867814900137603],[104.99629980039555,26.84934990027773],[104.9927597999249,26.843370399724222],[104.99436930040298,26.833757399784247],[105.00058730026376,26.824401900027738],[105.00856730044063,26.819640899907654],[105.0442427998654,26.812755399841876],[105.05168979974451,26.808444899812343],[105.06305679963168,26.79545040041569],[105.06284279965553,26.790180400205372],[105.05594629998183,26.784868399856805],[105.04931579998424,26.782539400373082],[105.04678330010927,26.77771189988431],[105.05322280029208,26.773395399578078],[105.08144380039113,26.76622789999766],[105.08814279995033,26.759620400161396],[105.09150680039858,26.753454400000635],[105.0913162997075,26.744745400379998],[105.07987980021267,26.732076399806033],[105.0766068003636,26.724496900111887],[105.07615680029613,26.715328399985708],[105.07778179969034,26.701818400199045],[105.08013130011949,26.695186400132286],[105.0886533001098,26.68423639969012],[105.09203330039657,26.676463900088947],[105.09087379998596,26.65973090006105],[105.09237189964352,26.64710129968529],[105.09967740019192,26.647552199974086],[105.09939169996704,26.64559380031369],[105.10444739982768,26.637003899710237],[105.10356989983109,26.63496440008703],[105.10523409977395,26.632772200077],[105.10601390012147,26.625998799604986],[105.11313350001109,26.61947709958855],[105.1243365004292,26.63000520017988],[105.14008009961697,26.634211899559546],[105.14254319970894,26.638379199640383],[105.14943799966403,26.641340599688988],[105.15536329987646,26.641893900383252],[105.1622098997671,26.64610610001654],[105.16798599975414,26.642790199807905],[105.17966570021196,26.64997820033375],[105.1838986004401,26.64887739957237],[105.18789320011115,26.649591499947803],[105.19073109986044,26.647709600217922],[105.19267459955319,26.6434458001836],[105.19490199992742,26.64249009963845],[105.19609249996898,26.63848090037328],[105.18572700040079,26.623094799685305],[105.18961570040432,26.61503409974398],[105.18552900026322,26.609076799854506],[105.18544249987156,26.605671099641597],[105.19031930029553,26.59620059997775],[105.18951389984665,26.588085900244153],[105.19703639961023,26.581125799616018],[105.20885269989225,26.580869400202687],[105.2125407998181,26.57845910020734],[105.2135393998235,26.574805599898582],[105.2091803004306,26.558315999583783],[105.20685230009366,26.556714200000386],[105.20373199973204,26.550526699747422],[105.20974099984733,26.546332400220138],[105.21679000025836,26.536872499965966],[105.22145920028191,26.53600439968335],[105.22846290004287,26.531293800268713],[105.23708159963616,26.530833600090602],[105.25296490040989,26.523422500248216],[105.25799400012306,26.52374780032079],[105.27000030017376,26.520653100060542],[105.27698890031758,26.521192099735686],[105.2814578995625,26.526358700393757],[105.28811539990585,26.530849900302712],[105.28975489996873,26.534917499742846],[105.30315070024466,26.535218799607946],[105.31778929973643,26.528764000158503],[105.31954479975275,26.524840199615596],[105.32580169978866,26.52009050037634],[105.32825809993142,26.514597899973182],[105.33952850004033,26.511552100349206],[105.35078479967882,26.51232870000956],[105.36368599980909,26.51349970005117],[105.36553429996803,26.51694929977043],[105.37456100038992,26.52404200003832],[105.38002899983854,26.525575300060098],[105.38118380039214,26.527376500025525],[105.38465480037877,26.526887099759904],[105.38973229980587,26.532558399950233],[105.39581229959799,26.54541390013145],[105.41208630004274,26.566322400258628],[105.4179302997436,26.576196399644175],[105.42450729997199,26.593862400429487],[105.42929829967687,26.613355400031764],[105.43386079963625,26.622995400317507],[105.44740279999928,26.633596399953944],[105.46015179976581,26.63934889993186],[105.46956630044446,26.650834899910762],[105.47876730027076,26.6563624003046],[105.49997729991253,26.662608899681004],[105.52197279980493,26.67137890031603],[105.53884880013209,26.672567400265336],[105.54908780016189,26.67098990036368],[105.55908179968537,26.66597190008315],[105.57647679966465,26.668535399589075],[105.58363329963714,26.672447400127453],[105.58643330015673,26.67680539964954],[105.58707930026958,26.69588640003741],[105.59555620015857,26.702742100167825],[105.6083476002616,26.70917619992173],[105.61519639989399,26.72898650012695],[105.61402079982014,26.73536350012546],[105.6187782997788,26.738341200386117],[105.61748979971452,26.74855449959051],[105.61501229967797,26.751595100233715],[105.6156222001045,26.756350500275403],[105.61284600014284,26.758857499873784],[105.6118946999805,26.771393200236048],[105.60909270026798,26.774386400312153],[105.61071859988351,26.77583799962406],[105.610630600322,26.78280630027058],[105.60904629974698,26.783627599833892],[105.61199179978178,26.789668399976733],[105.61688379964772,26.790512500051875],[105.62293889991037,26.80530150036401],[105.61920400016453,26.81530439957845],[105.61112270035238,26.81591580007415],[105.60750639960071,26.818576199731865],[105.6021134998382,26.81940749975638],[105.60005960027041,26.824250900258903],[105.59711119992198,26.82460979990242],[105.59645639994295,26.826889100151902],[105.593579299645,26.82615549977652],[105.59335620032846,26.828626600237442],[105.58960749958652,26.828887400033523],[105.58948359998823,26.834646500135932],[105.58622249996847,26.837471599834544],[105.58517529970038,26.84453429961826],[105.57740120020526,26.856553100245435],[105.56982400007757,26.863085500395584],[105.56438340027375,26.870916699646045],[105.5532974996799,26.875305199675267],[105.55896669995332,26.89075579974042],[105.55848809964613,26.894048900336543],[105.55172049980126,26.90237359986179],[105.54120909962029,26.902793499620373],[105.52835179989569,26.896226499853128],[105.51887699967386,26.89313119974514],[105.50319730001542,26.891216900139852],[105.49522029997695,26.886399599761774],[105.48686779970927,26.88479010018301],[105.4752817996154,26.886819600244394],[105.46978619997321,26.885574999686526],[105.46426350016048,26.889841799859255],[105.4567824996127,26.891831799897716],[105.45592150037697,26.89336750020999],[105.45285169964626,26.907262200290347],[105.45498739974875,26.912849799678554],[105.44680469957729,26.91383289986851],[105.43022420028666,26.919589900053893],[105.42877150020462,26.92740920037437],[105.43017590039756,26.932571999598167],[105.42779710005618,26.93911400001116],[105.42566010043333,26.94052739971977],[105.41974319988884,26.942571799748805],[105.40645320035497,26.940961300123945],[105.40345600009437,26.943336299930365],[105.39181529963645,26.94476249968966],[105.38858730006393,26.94656090006555],[105.38015279961206,26.946267700394117],[105.37357259959583,26.949904399568425],[105.3714992000281,26.95415200011479],[105.36551060013414,26.9545482998642],[105.36459429978714,26.95624000017591],[105.35480319990779,26.959437199767024],[105.33162280005223,26.959954200226207],[105.32595569969584,26.963635100179772],[105.32048489975836,26.964704400387802],[105.31618950024529,26.95801290027515],[105.3056889000228,26.957914599878904],[105.30115240036304,26.955272999649253],[105.29749129988363,26.95738270035139],[105.28207969981833,26.95840019960957],[105.26961020035054,26.978658300140467],[105.26983269981929,26.983988400244527],[105.26412179978132,26.994674900226528],[105.29225180018051,27.065822399584135],[105.29683680027819,27.073400400108426],[105.30297830020845,27.07732190018561],[105.3235168003601,27.075572899569693],[105.34095779976269,27.082286899820645],[105.34504680036957,27.085967899598927]]]}},{"type":"Feature","properties":{"shapeName":"Wudang District","shapeISO":"","shapeID":"62558664B31591270345499","shapeGroup":"CHN","shapeType":"ADM3"},"geometry":{"type":"Polygon","coordinates":[[[106.86658180030992,26.90897820028374],[106.8657661997504,26.91084839983381],[106.86298410023608,26.908208000199124],[106.85904570009905,26.910423400019965],[106.85763290023823,26.908168500176203],[106.8546016003836,26.90787020044945],[106.8510400998208,26.91077890022609],[106.8447471999234,26.91186549979301],[106.84273929977894,26.913650799744687],[106.84176210004097,26.911639699812326],[106.83939680032216,26.911468799845295],[106.83710860038167,26.908306000221785],[106.83338930027605,26.906409900196763],[106.83173650013941,26.900454999698525],[106.82848560023035,26.89754300030927],[106.8249711000363,26.896801600113804],[106.82144889984693,26.898151499592075],[106.82167400015504,26.895018099705567],[106.8176126995665,26.896096900351722],[106.81663809976857,26.89243389960484],[106.81275520039225,26.89241939983549],[106.8055004000235,26.880879499889033],[106.79612500006874,26.884862199730776],[106.79273250010488,26.884590400326772],[106.79140500004075,26.886586299917838],[106.78693659974437,26.88266300029727],[106.76933290039312,26.87943029996842],[106.7679275999788,26.87797890030606],[106.76770570035785,26.871051300277315],[106.76311989986357,26.870259600100496],[106.75661099989776,26.873426499733228],[106.74810499974598,26.869863699650068],[106.74485049985077,26.86498110039753],[106.74677360022156,26.86240780007995],[106.74914049983425,26.862605700392805],[106.7515813003368,26.86517909963578],[106.75690680040856,26.86616879995023],[106.76452520027783,26.864717199739005],[106.76726190021657,26.862341799734338],[106.76681810007534,26.85587520028031],[106.75683290041809,26.853169699622015],[106.75670870044621,26.851092600243362],[106.75928340010887,26.84809360043937],[106.7652909999797,26.84630690024329],[106.77322959986623,26.84043609984616],[106.7713700995505,26.837436799668637],[106.7681518000656,26.838202600269824],[106.7675796001185,26.834245999653206],[106.76915309983576,26.832076199956703],[106.76300239984096,26.825438800360416],[106.76572009980282,26.82416239977499],[106.76836630006477,26.824992099905558],[106.7703688996051,26.822183800442076],[106.78031000010645,26.824736800363098],[106.78760500017069,26.8192478997708],[106.79246829997214,26.81197150038446],[106.7969024001257,26.80986500036954],[106.79847589984297,26.806992599928606],[106.80290999999659,26.807567100341487],[106.80777329979799,26.805715899868915],[106.81134930013013,26.808333099692845],[106.8168562995786,26.806928800224],[106.82028919978683,26.803417900016143],[106.81864420036959,26.799715400145658],[106.82028919978683,26.798502499790573],[106.81742839970093,26.796076600155004],[106.81456759961509,26.796076600155004],[106.81363790026893,26.79256539957356],[106.80305310012051,26.791735499793504],[106.80105049968085,26.789117999596044],[106.79897650026533,26.782222699617932],[106.79318350021845,26.775454699574766],[106.79261130027135,26.76574900021626],[106.78796260029384,26.75655339991954],[106.78753339974668,26.75246619975536],[106.78495879990874,26.750614099960785],[106.7704404002044,26.7497838998072],[106.76486190015663,26.745377100372934],[106.75492079965522,26.745951900260025],[106.73854289963515,26.735668800175063],[106.74147520032028,26.72749270012804],[106.74648150042094,26.723276699959797],[106.74219039966727,26.72251019968604],[106.74083149977395,26.719316100057995],[106.74390679985896,26.719443900016017],[106.74762579959105,26.716377499621956],[106.7542056003083,26.7164414000506],[106.7495567996067,26.710883300224168],[106.75241759969254,26.703536099911105],[106.75141629992237,26.70053319974744],[106.75284670041498,26.69963869986617],[106.7495567996067,26.693632600064518],[106.75227460029265,26.691140600258564],[106.75391949988506,26.683664199743077],[106.74376379955976,26.68302519995308],[106.73875750035842,26.686795399887842],[106.73325050001063,26.688265099854505],[106.72473970017705,26.682577899650425],[106.72574099994728,26.678232399805438],[106.72538339982412,26.67503709958254],[106.72116379966968,26.673950699665113],[106.71701570011453,26.665642400176694],[106.72037709972341,26.66545069979003],[106.7219504996159,26.667687599703015],[106.72309479968533,26.666920600305502],[106.72395300023084,26.659059200022114],[106.72295180028544,26.657397400369803],[106.71994799990034,26.658036599809293],[106.71823149988387,26.656502600114948],[106.72080620044585,26.644485500105816],[106.72824419990997,26.638604299948554],[106.73224920024046,26.63924360011208],[106.72745749996369,26.633681799575413],[106.72760050026295,26.631508100418557],[106.7328214001875,26.62831149977592],[106.73861440023444,26.63067700004359],[106.74197579984337,26.626393500359825],[106.74469349980524,26.626009899937003],[106.74326320003672,26.62249339965075],[106.74691060024406,26.620958899933328],[106.74412139968291,26.616483199839877],[106.7451227003524,26.613861700357234],[106.74826950013738,26.612391000344417],[106.76141500020213,26.611666299660044],[106.76236320040141,26.6147747001923],[106.76620669957958,26.618391699717222],[106.78011740039778,26.613223699714013],[106.78086839995677,26.610729900364674],[106.7721790001608,26.603406100411235],[106.77298810042055,26.599607800259832],[106.77723620009061,26.594136199925742],[106.76793100031546,26.590292299649946],[106.76413809969358,26.587443199743916],[106.76514949974967,26.585182000149246],[106.77116760010472,26.585362899678103],[106.78896879957051,26.58188059970996],[106.79655450009017,26.582151899990265],[106.80080249993546,26.579121799831228],[106.81292780007794,26.579609399654146],[106.8164843004102,26.58335129972278],[106.81207170034872,26.59712289970213],[106.82294460011326,26.596726000104866],[106.82701269957647,26.5940143004197],[106.8319683003968,26.598776299686506],[106.83108070011428,26.60115719994485],[106.81769309985674,26.60823350017597],[106.81835879961898,26.610018999777083],[106.82442390034277,26.610680300055833],[106.82220489963646,26.612597999997774],[106.81673149975899,26.61286260032881],[106.81687950028879,26.61464800010515],[106.83692400014257,26.61709470016035],[106.85467560019885,26.627277700305683],[106.86755809982651,26.629034200368096],[106.8629220002502,26.63048290026569],[106.86564170030431,26.633942600270814],[106.86304189966398,26.633895900275604],[106.86602310008607,26.63651389959682],[106.86440179960346,26.63847740021191],[106.86821980030362,26.64016039958284],[106.87025949957632,26.64394699955443],[106.87301449981936,26.644404499967777],[106.87557149992483,26.64180010019453],[106.8756904001919,26.634252399628565],[106.87765280003674,26.633773999870243],[106.88104220003754,26.635953300004815],[106.88556159998791,26.63504969988378],[106.88942679980704,26.636963199991726],[106.89162700018596,26.642225299657923],[106.8899024998006,26.645148599928007],[106.89150800009418,26.64711509978207],[106.89370819957384,26.644617099699417],[106.89448129997209,26.645467500424843],[106.8902047997118,26.655926599632892],[106.90085829997065,26.66220389989013],[106.90874759992187,26.660062499884532],[106.9094611004495,26.655545199851133],[106.90666629980996,26.653100599712957],[106.90708259958234,26.65214390002103],[106.9104719995832,26.65288799998126],[106.90767719984296,26.649805499923957],[106.91130450020256,26.648901899802866],[106.91314799978045,26.642577199877906],[106.91570490006114,26.64130149986437],[106.92105679973156,26.642630300348117],[106.93199140018305,26.651243300038345],[106.93633229999568,26.650924500265546],[106.95054439960444,26.65475099955904],[106.9566097998025,26.650977599836438],[106.95833420036314,26.651349599904165],[106.95976140016853,26.65395380002792],[106.95839370040903,26.65772709992575],[106.95250669962456,26.659321400062595],[106.95785850036958,26.661447099703935],[106.96053439984274,26.665060699791525],[106.95542050035584,26.66601719983396],[106.95553939972359,26.663360199613578],[106.95226880016503,26.66463550032813],[106.94941450037896,26.66208479997357],[106.94691700031939,26.661872200241874],[106.94656019969352,26.666442300371898],[106.9489983004313,26.668886699961263],[106.94810629976598,26.67234070006333],[106.9434681002727,26.677760500346892],[106.94406269963395,26.681532999848116],[106.94257609960738,26.682967600174663],[106.9445383996275,26.685092799792926],[106.94979569961191,26.6811258003155],[106.9531852003368,26.68192280019713],[106.95788289987598,26.684738799655918],[106.96156970028153,26.692283199709948],[106.9773873001838,26.701633299936873],[106.9763764001508,26.70784860003289],[106.97423569981777,26.709335899732025],[106.9709651002592,26.708007899644883],[106.97173819975819,26.711726300428495],[106.97031099995274,26.712469900365647],[106.96858649956738,26.709760900445247],[106.96513760042001,26.711248200144382],[106.96246170004747,26.717834799736295],[106.96156970028153,26.725748699742724],[106.96876489988028,26.721234100373465],[106.96930009991974,26.72511139967139],[106.97375999982421,26.7258549996086],[106.97477089985722,26.728457400188915],[106.97845770026271,26.729041599790037],[106.9782792999498,26.731431600288147],[106.9755439004307,26.734086999715316],[106.9699542002262,26.73275930000176],[106.96228329973457,26.735096100204885],[106.9663268998666,26.745186099658838],[106.97972160027172,26.75699639966416],[106.98446020007822,26.757331800022598],[106.98992070008029,26.754064599901426],[107.00190449999275,26.761313800191772],[107.00924009995072,26.758582599607337],[107.01225720040952,26.758803400256795],[107.01361060004922,26.761883500023544],[107.02345700014052,26.771564399677345],[107.03886550024271,26.77312119988352],[107.04117079989254,26.777136900347728],[107.0444717003088,26.775795799836317],[107.04743399967941,26.777268699590877],[107.04768489973839,26.781529700035662],[107.04786790008359,26.791602199581916],[107.04326540007821,26.79734450034846],[107.03965659967241,26.794169899821043],[107.03196839982184,26.79412319982589],[107.02611069984897,26.796831000050645],[107.02386169955787,26.800192200010088],[107.02464619976234,26.803693400130385],[107.02192660043232,26.804160200432932],[107.01936379969965,26.80710110043549],[107.01575500019317,26.8071478004307],[107.01099559996703,26.81242249959871],[107.0035688995851,26.81442970007066],[107.00403960024744,26.816016700410444],[107.00173829988267,26.81723030043804],[107.00430109971603,26.820730899811224],[107.01052490020402,26.81853719973202],[107.00926970023653,26.827125200067997],[107.01669639971914,26.834359100192387],[107.01748099974839,26.838885899764534],[107.02396629970502,26.838839299594042],[107.02872569993116,26.84224590002833],[107.02360020008922,26.847145699714304],[107.01669639971914,26.849245599604785],[107.01115250018779,26.86473659991418],[107.01130940040855,26.868049199610937],[107.0081191004162,26.871781600140764],[107.01099559996703,26.87640019980944],[107.0098450001467,26.87905929994679],[107.01219849986092,26.880272200301874],[107.0116231999508,26.882884600444015],[107.0154934998252,26.886989599990102],[107.00649770010881,26.89011500040698],[107.0045103000104,26.89501270017604],[107.00032619969443,26.89473279967899],[106.99996010007862,26.890021700241334],[106.99760649964031,26.891467700374108],[106.99253329987198,26.88899550004237],[106.9864663996047,26.88894880004716],[106.98693710026703,26.885496899862062],[106.98165470020433,26.87849949985207],[106.9717698001362,26.876446799979874],[106.96967770006586,26.879199300107643],[106.97297270003014,26.882091599847513],[106.97281579980938,26.885403599696417],[106.963820000093,26.896925100413114],[106.96314010003567,26.900703100168016],[106.95963589977703,26.903688200050453],[106.94467779994056,26.905273899970553],[106.9445208997198,26.90718620038291],[106.93976150039299,26.90774579992876],[106.93981379956728,26.9099378002893],[106.93793089979124,26.910124399721326],[106.93630960020795,26.90690629988586],[106.93301460024367,26.906439899781617],[106.93264849972854,26.903874699657706],[106.92898740014846,26.900889699599986],[106.92788910040173,26.903035199614806],[106.9248555999061,26.90084310032887],[106.9231820002492,26.902382200078534],[106.91758579974493,26.902335599908042],[106.91533680035309,26.898231100385033],[106.91523220020593,26.894173100308365],[106.91230339968223,26.89226070007129],[106.9115711995513,26.895525800275493],[106.90707329969308,26.893986499977018],[106.90623639959023,26.894919400010338],[106.90859000002854,26.897205000010786],[106.90806700019198,26.89837099982185],[106.90555650043223,26.899770299959414],[106.90508579976989,26.902148999576696],[106.90147700026341,26.903175099950943],[106.890441500375,26.896505299579985],[106.89028460015425,26.89319360010461],[106.8928473999876,26.89132780003797],[106.89258579979486,26.889975000246125],[106.88714650041072,26.88941529997618],[106.88364239997685,26.886009999961573],[106.86967789991519,26.887829299682494],[106.86763819974317,26.890254899843796],[106.86502309983626,26.90163600020128],[106.86658180030992,26.90897820028374]]]}},{"type":"Feature","properties":{"shapeName":"Jianhe County","shapeISO":"","shapeID":"62558664B15994937041010","shapeGroup":"CHN","shapeType":"ADM3"},"geometry":{"type":"Polygon","coordinates":[[[108.82485980043953,26.491976399990904],[108.84198779979721,26.49734690033921],[108.86023729961175,26.510711399711397],[108.86650079977215,26.518987400048502],[108.86694330039307,26.52861589980398],[108.86894980029314,26.53359990031521],[108.88336929975344,26.541126400263238],[108.88952630039853,26.54733839984732],[108.89198280036601,26.555978899906336],[108.87973829958293,26.574321900435393],[108.87796779977418,26.580585399696474],[108.87864679961018,26.584234399797765],[108.88574979981348,26.594087400013564],[108.88551329969908,26.600065399598577],[108.87387079969773,26.609203400116883],[108.86636329972657,26.61865239968853],[108.86602780044268,26.622796900156857],[108.86784379965167,26.6289328998335],[108.88234730028773,26.6438064004451],[108.8850938001388,26.665063899579366],[108.8930817997853,26.67167140031495],[108.90557080015236,26.67582140013758],[108.91557330006782,26.675696899792115],[108.92671180020949,26.67277339987254],[108.94027729985754,26.67251989987352],[108.94621280018066,26.672998400355937],[108.95300280033905,26.675969899791085],[108.95749679983749,26.679023900332766],[108.96160130025987,26.684617900195974],[108.96784230028197,26.697711899684464],[108.97337329993792,26.71220990006691],[108.97284679993993,26.717737399561372],[108.96591929973596,26.721366899662712],[108.9530183001545,26.734693399980472],[108.94288629966309,26.736759399926427],[108.93785879984381,26.749416399946938],[108.93235779977272,26.75616239987488],[108.92569730019034,26.753770900206916],[108.91383379989003,26.758065900421002],[108.9234692999683,26.777101399609933],[108.92066930034798,26.789111900393948],[108.92436980012621,26.790881900179613],[108.92796380038914,26.80223440029738],[108.93229679965765,26.807130900370794],[108.9391783004383,26.811708400122598],[108.94953929979891,26.81386739986067],[108.95976280001327,26.81855190005018],[108.96410379965067,26.82918740037826],[108.96842930037195,26.83408539962153],[108.98848729994899,26.845992900152282],[108.99492630010872,26.846679900357174],[108.99948129972228,26.845138400316955],[109.00211329968909,26.840680899803715],[109.009109300354,26.836755899565162],[109.01306930040795,26.83913789969438],[109.01222230001918,26.854093399590795],[109.01484679964017,26.861116399702155],[109.01521280033052,26.868909900271717],[109.01672379986354,26.873678399838354],[109.02258280025609,26.87828990025872],[109.0267027995946,26.878597400050012],[109.03707879964696,26.875236399740118],[109.04247280017967,26.875270900431758],[109.05236030018779,26.878124399821218],[109.06381230039739,26.886892400364047],[109.06485730002441,26.892823899603343],[109.06213430035774,26.90050140021947],[109.03751379992201,26.91241840028897],[109.02600829994316,26.91352289996189],[109.02071380040161,26.915780899768777],[109.01487730014736,26.91736990020081],[109.01023079991154,26.922359400066284],[108.99952680002184,26.92435290026617],[108.96810930000424,26.92249490001967],[108.93245679984148,26.92376690022229],[108.92059330044054,26.92258090038831],[108.90939330016073,26.91930390035475],[108.90123729996151,26.91500089977177],[108.89373780035925,26.90814790030538],[108.88110329957766,26.901473900100484],[108.87351230025251,26.892556899881072],[108.86805729960474,26.879890400321756],[108.85835279994183,26.863700900176468],[108.8468168003551,26.85262490021904],[108.82888780003202,26.842000900421283],[108.8169477998012,26.827491900430914],[108.7884367998185,26.821132400340048],[108.77905279964705,26.817785399776426],[108.76316830007704,26.806850400026008],[108.7503892998264,26.802238399582507],[108.7298433002282,26.807536900207822],[108.71572130009798,26.807557900276947],[108.68563080012137,26.794114899982674],[108.66697679963966,26.789926400183276],[108.63535330001486,26.794433900304284],[108.6115038000604,26.7945444000041],[108.59879280024762,26.797262400339548],[108.57808679956622,26.811496900261773],[108.55467229988682,26.815944400313867],[108.55014779988113,26.81815889991333],[108.54553979962213,26.8245103996353],[108.54103879980084,26.827411400315896],[108.52513130006952,26.827476399716147],[108.51731930044542,26.824746899749698],[108.50952129966828,26.816278400427905],[108.49851980044849,26.81089590042552],[108.48477179957894,26.79504389965632],[108.48121630019216,26.795848899906844],[108.47168729962925,26.813606400415097],[108.46869680021723,26.815769400337615],[108.46517929988482,26.81129089975525],[108.46444680027969,26.806264900005203],[108.4681777996658,26.79076190004173],[108.46749929985288,26.78688040001049],[108.46527879997672,26.78281989981855],[108.46131879992276,26.780191400013166],[108.45361329981398,26.779752899576692],[108.45059980024064,26.781457899962163],[108.44270330031713,26.776660899980584],[108.43379979982097,26.765928399675943],[108.43640030013381,26.753653599833797],[108.44531979956918,26.745564100003264],[108.45284390012597,26.733824400375852],[108.45573660006409,26.733674799952098],[108.45951249990202,26.736314900112575],[108.46306070039105,26.735372800014773],[108.4722299001898,26.741325099673645],[108.47555930012169,26.74187900021576],[108.48650380031017,26.73184940012976],[108.49202729962025,26.7229458996336],[108.492629800425,26.718793899718776],[108.48998279976644,26.710614900257497],[108.4787522998788,26.699500900346322],[108.46159380001393,26.687660400207335],[108.43489079977064,26.674056899706216],[108.42608630024262,26.671815899784008],[108.41871630031704,26.667230399663254],[108.41686230025499,26.659482900315652],[108.4237977999286,26.647323399855054],[108.43457030027918,26.63503839990227],[108.4385833000793,26.62664390039572],[108.43083179964788,26.612657400218893],[108.41609980016568,26.603257900231938],[108.41013330021167,26.59518440023993],[108.409721300098,26.59129339977062],[108.4137267995522,26.576701899573038],[108.41645030014132,26.574317900250946],[108.4258267999669,26.571950899914157],[108.43504329960865,26.565454399800785],[108.44084930025508,26.557231900132138],[108.44714330002336,26.542333400166342],[108.45054629957212,26.538090399652276],[108.47612780025781,26.51889240016419],[108.48265830014049,26.515924399991093],[108.4844662998799,26.510126399713613],[108.47956080029076,26.50913789999413],[108.47580729986703,26.511096900401697],[108.46468330039409,26.50824340011286],[108.45725230035345,26.508025899975337],[108.45506280010818,26.504651899965268],[108.46193629962062,26.497541400315413],[108.4630438003312,26.49337189959357],[108.46135729989953,26.489753900022492],[108.458442800395,26.487092899617664],[108.4451368001233,26.481323399755127],[108.44216129960438,26.477285399701486],[108.43820179957345,26.461801399714886],[108.41869330015572,26.42270840007268],[108.41702279956263,26.412889399626124],[108.41345230038343,26.407033900294323],[108.39681230014759,26.394019899998455],[108.37885230019356,26.386327899612922],[108.37196329996635,26.386318400074174],[108.36794279982041,26.38805390006746],[108.3609772996627,26.399524900253994],[108.35540780002998,26.400850400225863],[108.34387979991288,26.40029689988205],[108.32501979982396,26.39538189985484],[108.30448129967232,26.39970440043777],[108.297073299793,26.39993490027547],[108.28492729995497,26.39664090035734],[108.28254679989499,26.394876399925977],[108.27884680013977,26.38512039968674],[108.27969379962923,26.380502899888995],[108.28444680027968,26.371858399645475],[108.28431629965758,26.36198989961423],[108.28906229998523,26.352886399787565],[108.29694380011637,26.345292900347147],[108.30637379971114,26.344766400349158],[108.33067329973306,26.351579399769548],[108.3408203000169,26.356078900420982],[108.35624730007288,26.364774900341445],[108.3659208001049,26.37617890013621],[108.37036880018002,26.378791900126146],[108.37827280044945,26.378082399782954],[108.3860162996126,26.37370290016878],[108.39276130039377,26.363611399746333],[108.40128330038408,26.359206899878586],[108.41127029958471,26.359805899622643],[108.41647330030264,26.361934399752784],[108.41940329962262,26.37102289978702],[108.42304979960863,26.37297239975652],[108.42532330013023,26.372209399644134],[108.43139629959961,26.364665899811484],[108.43978879991323,26.363477899885197],[108.4664227996725,26.3770789002711],[108.47746279976843,26.39026889969],[108.48455829962586,26.3950878997868],[108.49284380040115,26.397344400423776],[108.5105668002177,26.393317900001136],[108.52484879963248,26.39239140044282],[108.53051780025635,26.39358090043828],[108.53500380028521,26.396648399803837],[108.54199179968185,26.40491289961068],[108.56096629965509,26.412322899582193],[108.57095329975505,26.4243929004121],[108.5746232999254,26.42656489985029],[108.58310679993895,26.42789089984518],[108.5887068000788,26.433215399870846],[108.59953330022171,26.453059900394123],[108.61032080036472,26.460277399582367],[108.61823230008065,26.459781400091572],[108.62590779970526,26.453784899653442],[108.64080030029368,26.449149899947997],[108.65061180039436,26.45111439970981],[108.6525573001793,26.454723399765157],[108.66338330029913,26.462394900104584],[108.6678387998208,26.470969899841066],[108.6672593000767,26.47535140044681],[108.66459629957961,26.478887399833695],[108.66062179975631,26.481775399914852],[108.65225979994989,26.4836653998384],[108.6487807995943,26.48607839959851],[108.64720179962342,26.490955399672032],[108.6576078001599,26.500936400394608],[108.66902929986236,26.50468239957314],[108.67491929988586,26.504712900080335],[108.69603729978161,26.49879839982634],[108.72711929961605,26.49643190041195],[108.73866280044797,26.499093899963555],[108.75608079968919,26.499412400262088],[108.7620163000123,26.50655539961207],[108.76859280021762,26.5102329001283],[108.77490229980134,26.50840739958187],[108.78204329995839,26.501960899975586],[108.7876127995911,26.50061990018827],[108.80980679964415,26.504673400057413],[108.81565080024427,26.503778400153124],[108.82256329975655,26.498026400198285],[108.82485980043953,26.491976399990904]]]}},{"type":"Feature","properties":{"shapeName":"Huishui County","shapeISO":"","shapeID":"62558664B73116428396008","shapeGroup":"CHN","shapeType":"ADM3"},"geometry":{"type":"Polygon","coordinates":[[[106.62733730037615,26.23893360010561],[106.63295729963971,26.22118939967112],[106.63362079966026,26.20514489991723],[106.6401597999349,26.190904399718306],[106.64038829968035,26.187463900238868],[106.63730629964607,26.183812900045325],[106.62148280019113,26.179765899576637],[106.59645079966475,26.170720899749767],[106.57273080028625,26.165788399814858],[106.55387929968998,26.16656090036531],[106.5388338001398,26.16387539972999],[106.53269180018651,26.16000740032132],[106.52857980031757,26.153836899953035],[106.52828980043398,26.146503399912035],[106.53256979995638,26.1380064001753],[106.54242730037964,26.124442899720123],[106.55941779969174,26.110847399587897],[106.56318679993092,26.10280790026445],[106.56391830038933,26.096387900081595],[106.56260680016373,26.089748399668963],[106.55848679992596,26.082891400018127],[106.54318230012314,26.076999399902434],[106.52765629999828,26.079129900124826],[106.52155280002177,26.078010399760217],[106.51796730015081,26.075504400207933],[106.51640329997235,26.067031899802373],[106.52220130024989,26.058755900364588],[106.53613279968903,26.044259400051317],[106.53914630016169,26.03897490007165],[106.53928380020727,26.016971399810302],[106.54733279996879,26.000206400105355],[106.54799680001236,25.985307900139503],[106.55280280040898,25.976806400195244],[106.56597129973574,25.96803839965247],[106.5677183002594,25.96275889990335],[106.56511679990047,25.954520900419254],[106.56128680044554,25.950641399581002],[106.55364979989838,25.948842900279658],[106.50789629977447,25.953164899940248],[106.48251330014875,25.96220589958267],[106.46420280021914,25.961816899630264],[106.4540097996126,25.960251400281948],[106.44329830027641,25.95433239982043],[106.43768380036715,25.948165899636592],[106.4348227997325,25.937175900047805],[106.4360122997279,25.919065400348018],[106.42855080007939,25.89961289991544],[106.42774980001332,25.891822900406567],[106.43453229982583,25.874610899873176],[106.4352033001922,25.855813899991517],[106.44410679978904,25.804902900348623],[106.44307729997746,25.800781400041615],[106.4387282999711,25.795066900017446],[106.42523179990769,25.787324900024146],[106.41274280043996,25.776826899741707],[106.3946302997486,25.75878340043363],[106.39156330040606,25.75214590011325],[106.39279929984787,25.74572389983814],[106.39684280015518,25.741815400360508],[106.40395379982806,25.741790900130013],[106.42632279985736,25.746297900227944],[106.44685379966319,25.740720900249414],[106.45446780004897,25.740232400205173],[106.46560680021372,25.736524400081066],[106.47319780043819,25.72984889980694],[106.48428329993442,25.713535400238584],[106.49102030034663,25.691047400117498],[106.49555980014475,25.68484089988766],[106.5333862998379,25.687433399831605],[106.54518129967732,25.709842899929924],[106.54988079965926,25.73296939981799],[106.55474830019398,25.74050690027326],[106.55831930029552,25.743015399940816],[106.5664293001721,25.740686399557717],[106.57451629988736,25.73469140008808],[106.60376729982107,25.702468899819905],[106.6098327998439,25.698083899952053],[106.61617279993482,25.695762399914884],[106.62149830000658,25.696422399774008],[106.62560280042896,25.70213090042074],[106.62741080016838,25.708539900096355],[106.62090280042395,25.72186490034494],[106.61157230002169,25.733369900300715],[106.6098633003511,25.74277290044904],[106.61521129966184,25.747333400316222],[106.62589280031256,25.750030399683226],[106.63021079978864,25.749551900100187],[106.63374329991342,25.745408899701033],[106.64901730010837,25.71507840034792],[106.65331280034553,25.710931899787397],[106.6679763002661,25.70351989972363],[106.67729930032249,25.692241400320427],[106.68489830001658,25.68968140007661],[106.68488330022421,25.691919399860467],[106.69734930042995,25.713014399594897],[106.6993867999609,25.71966739973078],[106.70879380029373,25.729291900201076],[106.73520679975405,25.737048899986803],[106.74181379956724,25.736118400244038],[106.76107029995444,25.72529390019338],[106.77021029966568,25.726194400351346],[106.77681730037818,25.729163899694242],[106.78138729978411,25.733743400437618],[106.79282249975864,25.73506380035417],[106.79338039958583,25.73962549991694],[106.79136340010092,25.743413799607197],[106.78106370032958,25.7506809000036],[106.7813640999733,25.755241899893804],[106.78775850005479,25.75531920022098],[106.79775770035764,25.757792899722574],[106.80170590040706,25.753386600311387],[106.80638369974798,25.75245890015816],[106.81329310019646,25.753657200019802],[106.81960159973409,25.74898010035139],[106.84819779968876,25.74850440035783],[106.87184880038188,25.762899399587695],[106.88941180001461,25.77639190036598],[106.89196780007399,25.782581399811818],[106.89250929986434,25.79313840011713],[106.88497929975495,25.8195533996697],[106.88195030036616,25.82506940043254],[106.87686180043181,25.824167400205397],[106.86974330041306,25.820054900313437],[106.86517330010776,25.820297399805213],[106.86389929981289,25.82213590005182],[106.86824030034967,25.828321400212474],[106.86698930021612,25.835210899563435],[106.86165629979848,25.835225900255125],[106.85733029995345,25.83248339968918],[106.84941079986856,25.816665399588544],[106.84558879988327,25.813693900153396],[106.84512330000035,25.828153399659698],[106.83953879967595,25.829774899791857],[106.83394629988192,25.82955939974653],[106.83244329981846,25.8325463998965],[106.83294679965513,25.836217900136035],[106.8362733001727,25.84057040030376],[106.84999829998162,25.846731400233978],[106.8530577998776,25.850166400359115],[106.85485880019354,25.855670899692313],[106.84982279998229,25.873817400152973],[106.85389779994358,25.877477399862187],[106.86737830016847,25.87927640008587],[106.87374130042076,25.882013400398137],[106.87300080044662,25.889589399930912],[106.86894230034693,25.892354899758857],[106.85675030018626,25.895141399655927],[106.855239799777,25.899047899940683],[106.85627729995747,25.908454900273455],[106.85858929955657,25.914415399950826],[106.86342629958409,25.92060090011148],[106.867759799775,25.922195399897817],[106.8784183002644,25.914361900181575],[106.88324729992303,25.915036899833126],[106.88604730044261,25.9175528998465],[106.8865738004406,25.92076489958049],[106.87828080021882,25.951543899831165],[106.87956229996024,25.955442399747028],[106.88465880026348,25.95841039992007],[106.9251172999235,25.966550900303844],[106.9335328003985,25.969049400409574],[106.93862130033278,25.972474400073565],[106.94219979988094,25.976825900195195],[106.94892829990118,26.009164900439828],[106.9535522999987,26.020395400327516],[106.95918279974649,26.028867899833756],[106.96530929988432,26.034584399950177],[106.97321330015376,26.036393899758707],[106.98287979986293,26.035442399946874],[106.9900132996741,26.037711900284023],[107.00354779969126,26.049136900147857],[107.0101698001962,26.050948900071717],[107.03356930008317,26.04741840003919],[107.04071030024022,26.051521400392346],[107.04225929972694,26.056104400397828],[107.03772730027475,26.066909899572238],[107.02072130024789,26.078220399551867],[107.01336680013776,26.085134400032587],[107.00830829978827,26.092727400349304],[107.00782780011292,26.099155400001735],[107.01397680038906,26.108541400265437],[107.02723730036121,26.111934400252437],[107.03334030031465,26.110303899705286],[107.03816229965048,26.10661290036512],[107.05341329968411,26.09943839956253],[107.06408679996588,26.095950899714296],[107.07579780042823,26.0959034002218],[107.0880433003581,26.10067189978838],[107.0957033001672,26.10545740013896],[107.08912679996189,26.11420839989779],[107.08202379975859,26.120664399942143],[107.0644988000796,26.12991690034471],[107.03455329959519,26.154593899788722],[107.00694279977046,26.189584900023192],[107.00189229978986,26.20169640006884],[106.99191280003578,26.192851899595553],[106.98222330016523,26.191278399878286],[106.97534979975353,26.19268039978067],[106.95855729967968,26.200311400051135],[106.94709780002353,26.201495899815995],[106.93868230044785,26.19991889993736],[106.92208879965841,26.190330400227822],[106.90598279976643,26.174773899595834],[106.89935279979193,26.17203690018283],[106.89604179998912,26.174115899828962],[106.89301279970101,26.183303899955092],[106.88590980039703,26.191356399877975],[106.86705779977768,26.194852900141257],[106.8590606000667,26.199876999623882],[106.85636380034919,26.19385570038031],[106.84789310038633,26.189189899794087],[106.84089020012271,26.191259399901412],[106.8368645999214,26.186781599890992],[106.82692629990885,26.187082600281826],[106.83015519970274,26.190544500028693],[106.8288132996941,26.192049600009057],[106.82516509998942,26.18937800019461],[106.81715570007555,26.19024349963786],[106.82403290029816,26.19543609969628],[106.82185229974391,26.19754319955905],[106.81514290042458,26.197053999842296],[106.81472359961447,26.20307410028954],[106.80935610030383,26.20288599988902],[106.81065960016048,26.211122400378542],[106.80768230009812,26.21360539976945],[106.809380599635,26.21507259962084],[106.80833230039542,26.219022699937682],[106.81160309960342,26.22246480021039],[106.80982089961486,26.227608999655672],[106.80627949979913,26.230213299604145],[106.7986165996764,26.229359199967178],[106.7945840000516,26.227444099965282],[106.79351650028633,26.232923400294737],[106.79144090007753,26.231646700235103],[106.7900175997325,26.23521079983857],[106.79013619962598,26.237923600293982],[106.79410949975369,26.242710900187944],[106.79298280031605,26.244732100406168],[106.79375370007324,26.259092500018937],[106.7896024996557,26.25957110032607],[106.78728969966,26.26121979955417],[106.78705240004831,26.26355980044451],[106.79138159968113,26.267442000148264],[106.79333859999645,26.273823299805485],[106.77863140021901,26.272600300063857],[106.77815699974582,26.268718300009596],[106.7681347003562,26.265740199550635],[106.76570329956769,26.26659110029908],[106.76416140022849,26.271377199598135],[106.7574601002035,26.2753653996935],[106.75188560034024,26.275152700137028],[106.74951349994814,26.27722659972784],[106.75105540018666,26.283713700127237],[106.74986929962853,26.286797700253715],[106.75129259997357,26.28818010033143],[106.7477343999227,26.289296700382465],[106.74873190005718,26.293667800328762],[106.74705819967625,26.29352389980818],[106.7435593998465,26.296820200192144],[106.73709529960843,26.29022739977472],[106.73721390040123,26.283528000017213],[106.72381140017603,26.279539999571398],[106.72025320012517,26.27688129963235],[106.71533100012562,26.276243200063675],[106.70299599966569,26.28390019973449],[106.69599820035671,26.292673199608544],[106.69374469985809,26.293417500117584],[106.68965270001218,26.29171620044235],[106.6850864004171,26.29357700027839],[106.67963050044727,26.292673199608544],[106.67470830044778,26.296607499736353],[106.66836289992796,26.291078099974413],[106.66053489956602,26.274009800312058],[106.6564430004442,26.269117400247865],[106.65122430026133,26.26890469979213],[106.64742890042345,26.27103179967787],[106.64760679981401,26.276243200063675],[106.63989740024488,26.27666860007588],[106.63764379992148,26.278901900002722],[106.63533099992577,26.278742399841917],[106.63337399961046,26.274647899880733],[106.63106119961475,26.27374389956134],[106.62744370006675,26.275126500187866],[106.63195070016474,26.24848230031796],[106.62733730037615,26.23893360010561]]]}},{"type":"Feature","properties":{"shapeName":"Huaxi District","shapeISO":"","shapeID":"62558664B11894368262751","shapeGroup":"CHN","shapeType":"ADM3"},"geometry":{"type":"Polygon","coordinates":[[[106.45030850033709,26.431103299777533],[106.45514679988497,26.43123240015518],[106.4634373998162,26.42091990033316],[106.46640690005847,26.421063600304933],[106.46666840042639,26.41605179995065],[106.47064330044805,26.410618199570308],[106.47310140030942,26.41075869975424],[106.47163700004756,26.4051842997157],[106.4727352997943,26.40064029971012],[106.47514120030621,26.398953800177765],[106.48141729996848,26.398813299993833],[106.47990059963303,26.395440200205144],[106.48837340041217,26.391551699851107],[106.49391729994352,26.384711399711364],[106.5000888003579,26.383680600379478],[106.51039210011538,26.38738200037909],[106.51750509988051,26.38372750002418],[106.52472259996807,26.38485199972007],[106.5294297001206,26.381993900298312],[106.53225400032193,26.383305799822836],[106.53837319976344,26.38279040015692],[106.54637529988025,26.38546109974999],[106.55871839963447,26.381103700075755],[106.56206569967236,26.37707409968999],[106.55941800024056,26.365559899669677],[106.55644120020128,26.36583539978392],[106.55350469968221,26.3638550000083],[106.55303020028356,26.3616142995603],[106.55428230028798,26.35843540027355],[106.55805140035193,26.357005599628792],[106.56268230004815,26.350037500430346],[106.56332029979205,26.34698430028527],[106.56020770032518,26.34458049969038],[106.56469359963,26.338425699686354],[106.56144760012671,26.336373800210765],[106.5567765996604,26.337686400307177],[106.55457259964584,26.33695809963666],[106.55410220025641,26.33455250039765],[106.54975310042528,26.333150999618965],[106.54917630044599,26.326333599815825],[106.5467568003861,26.32629020033255],[106.54811580010414,26.322806000096875],[106.54531269962143,26.323084100151164],[106.54453230032544,26.320645699939178],[106.54221099993777,26.321515199566875],[106.53564569988919,26.316636499774688],[106.53348679997589,26.31697729966271],[106.53339979956115,26.313009899986923],[106.53101580023906,26.313091199599228],[106.53038320002474,26.310911900363976],[106.52877449994327,26.31416480036529],[106.5262603003726,26.315530400207876],[106.52364780040574,26.314955499596692],[106.52157310041832,26.31256030011781],[106.52168870017346,26.30984639979158],[106.513513299799,26.30331589990891],[106.51330110026561,26.300336199556],[106.50693629957061,26.298814599714035],[106.50495620016858,26.293171799938648],[106.50474399973587,26.29684909990607],[106.50127869965235,26.295073900240368],[106.50050079957231,26.2937423999918],[106.50290529983977,26.29025519961783],[106.50156160028769,26.289367500409867],[106.49929860025026,26.290635600252813],[106.4966819004494,26.289050500180508],[106.49569189976143,26.28296340024076],[106.49342879989928,26.27998319986483],[106.48409380018882,26.278461299649337],[106.48415709987034,26.26459400011305],[106.48939480003008,26.264937499765836],[106.49278939991092,26.262844700022924],[106.49766899992449,26.262717800286282],[106.499861399584,26.256629399926908],[106.49773979995189,26.253394700405124],[106.49802259986313,26.249525700051095],[106.50403379972016,26.24920859999696],[106.507428399601,26.253775299790277],[106.51138870002853,26.253521600141767],[106.51322739992463,26.243690299667662],[106.50764060003371,26.238869500027477],[106.50714549986498,26.234999999650313],[106.50276090019543,26.23176480010551],[106.4991541997066,26.23176480010551],[106.49844699982924,26.229671399615427],[106.49971990025324,26.227514399969607],[106.50177079968273,26.227133799685134],[106.50650900019025,26.22878320038444],[106.51046940044256,26.224659600160464],[106.51329819995203,26.22523060041192],[106.51428819974069,26.23017889963654],[106.52701780023136,26.23614179960441],[106.53154390013094,26.234746300001802],[106.53111959998961,26.229671399615427],[106.53621140043583,26.233794700365195],[106.54505139980233,26.233414100080722],[106.54872890031857,26.235697799813636],[106.564075099886,26.2384255002367],[106.56584309957947,26.237918000215586],[106.5663381997482,26.23011540030552],[106.56987420003435,26.23214540038998],[106.57326870009052,26.231574499963244],[106.58012860005493,26.227260700321096],[106.58550330023718,26.22846599960627],[106.58882710009067,26.224786499897107],[106.59045370027809,26.225547800290826],[106.59335319999025,26.233477600311062],[106.6042440996855,26.238171699864097],[106.61046749997519,26.236395599977016],[106.61053820017787,26.232589500005474],[106.61456919990871,26.22986169975769],[106.61562999972477,26.23100349971179],[106.61265979980999,26.234492499629198],[106.61860030036365,26.240455299772293],[106.62050969956306,26.241153099935673],[106.62733730037615,26.23893360010561],[106.63195070016474,26.24848230031796],[106.62744370006675,26.275126500187866],[106.63106119961475,26.27374389956134],[106.63337399961046,26.274647899880733],[106.63533099992577,26.278742399841917],[106.63764379992148,26.278901900002722],[106.63989740024488,26.27666860007588],[106.64760679981401,26.276243200063675],[106.64742890042345,26.27103179967787],[106.65122430026133,26.26890469979213],[106.6564430004442,26.269117400247865],[106.66053489956602,26.274009800312058],[106.66836289992796,26.291078099974413],[106.67470830044778,26.296607499736353],[106.67963050044727,26.292673199608544],[106.6850864004171,26.29357700027839],[106.68965270001218,26.29171620044235],[106.69374469985809,26.293417500117584],[106.69599820035671,26.292673199608544],[106.70299599966569,26.28390019973449],[106.71533100012562,26.276243200063675],[106.72025320012517,26.27688129963235],[106.72381140017603,26.279539999571398],[106.73721390040123,26.283528000017213],[106.73709529960843,26.29022739977472],[106.7435593998465,26.296820200192144],[106.74705819967625,26.29352389980818],[106.74873190005718,26.293667800328762],[106.7477343999227,26.289296700382465],[106.75129259997357,26.28818010033143],[106.74986929962853,26.286797700253715],[106.75105540018666,26.283713700127237],[106.74951349994814,26.27722659972784],[106.75188560034024,26.275152700137028],[106.7574601002035,26.2753653996935],[106.76416140022849,26.271377199598135],[106.76570329956769,26.26659110029908],[106.7681347003562,26.265740199550635],[106.77815699974582,26.268718300009596],[106.77863140021901,26.272600300063857],[106.79333859999645,26.273823299805485],[106.79138159968113,26.267442000148264],[106.78705240004831,26.26355980044451],[106.78728969966,26.26121979955417],[106.7896024996557,26.25957110032607],[106.79375370007324,26.259092500018937],[106.79298280031605,26.244732100406168],[106.79410949975369,26.242710900187944],[106.79013619962598,26.237923600293982],[106.7900175997325,26.23521079983857],[106.79144090007753,26.231646700235103],[106.79351650028633,26.232923400294737],[106.7945840000516,26.227444099965282],[106.7986165996764,26.229359199967178],[106.80627949979913,26.230213299604145],[106.80982089961486,26.227608999655672],[106.81160309960342,26.22246480021039],[106.80833230039542,26.219022699937682],[106.809380599635,26.21507259962084],[106.80768230009812,26.21360539976945],[106.81065960016048,26.211122400378542],[106.80935610030383,26.20288599988902],[106.81472359961447,26.20307410028954],[106.81514290042458,26.197053999842296],[106.82185229974391,26.19754319955905],[106.82403290029816,26.19543609969628],[106.81715570007555,26.19024349963786],[106.82516509998942,26.18937800019461],[106.8288132996941,26.192049600009057],[106.83015519970274,26.190544500028693],[106.82692629990885,26.187082600281826],[106.8368645999214,26.186781599890992],[106.84089020012271,26.191259399901412],[106.84789310038633,26.189189899794087],[106.85636380034919,26.19385570038031],[106.8590606000667,26.199876999623882],[106.85952600012484,26.201990599786427],[106.85675440019548,26.203201400224486],[106.85648240024261,26.20539720022066],[106.85820460016225,26.20751159988049],[106.8617396004023,26.207918199565313],[106.86473069966212,26.2117403002747],[106.87669529994821,26.21125240007825],[106.88304009972086,26.21873360027547],[106.88630319983287,26.219871999892916],[106.8847622996405,26.22857230037141],[106.88720960044276,26.230117100024188],[106.88702829981622,26.231580600064717],[106.88331209967373,26.233531899577542],[106.88041159991548,26.237597099626498],[106.87334160033464,26.238491399858276],[106.86491200028865,26.237271900278017],[106.85077210005244,26.240523900058008],[106.8525849003729,26.248247099723926],[106.85013759957064,26.25239310026143],[106.85040949969869,26.25483179994768],[106.85566669985838,26.263285599850576],[106.86572779959835,26.271251100258098],[106.87171009974139,26.27165750029343],[106.88412780005797,26.27734690023931],[106.87995840006016,26.28336100040991],[106.88004899956172,26.285311399701413],[106.8829495002193,26.28726179989218],[106.88240569996316,26.28937480020693],[106.87932389957837,26.291325099673656],[106.87334160033464,26.291568899585116],[106.87134750028696,26.293438000163633],[106.87016920044829,26.299126200413866],[106.86636230008014,26.2992886998137],[106.86536520014391,26.300588900057733],[106.86636230008014,26.303107800384737],[106.87461060039897,26.307658100141282],[106.87533570038232,26.315295599812146],[106.8731602997081,26.315295599812146],[106.87243519972475,26.319276599935165],[106.87053170007795,26.31700170006843],[106.86781250004691,26.319601599634154],[106.85059080032522,26.32017030031915],[106.84796219979575,26.31903289984848],[106.84352079984512,26.31228940003581],[106.83835429991109,26.308876900048972],[106.83373170005797,26.3080642996278],[106.83092179980127,26.309039400348126],[106.83064989967318,26.313914400329338],[106.82774939991492,26.31627049998366],[106.81796020030305,26.317082999680736],[106.8138813998068,26.319114099636067],[106.81034639956675,26.31757049967888],[106.80218869964881,26.31757049967888],[106.79756609979574,26.31976409993331],[106.78650790011955,26.320332799718983],[106.78206650016892,26.322932600359252],[106.78016310034684,26.33016289959818],[106.78179460004083,26.332924900164073],[106.77871279965603,26.336905300439298],[106.78922710015064,26.340641999728575],[106.7961158000042,26.344947000403806],[106.8055424001617,26.344540899842684],[106.81107150044943,26.341941600124812],[106.81687249996594,26.34519069959117],[106.82022619957951,26.361191200013934],[106.81342819995155,26.373210399940035],[106.81913850014172,26.375565399723484],[106.82503019988388,26.375890199772925],[106.84252379973361,26.38644639968163],[106.84315830021546,26.38807030010429],[106.83808239978299,26.39010020036403],[106.83463809976854,26.393347899585933],[106.83418489991328,26.397732199781274],[106.82874640002638,26.396270799657714],[106.82439570030141,26.400249100016026],[106.82285480010898,26.399031300154434],[106.82457700002857,26.397326299768963],[106.8235799000924,26.395052999796178],[106.8141532999349,26.3953777000209],[106.80427349992215,26.38750189979288],[106.800466599554,26.38807030010429],[106.79865380013285,26.38677109990641],[106.79647840035796,26.377433100057544],[106.79430299968374,26.37499700031134],[106.79375920032692,26.371342699605975],[106.79176510027924,26.370449400319615],[106.7894083998778,26.371992299704914],[106.78741429983012,26.3785698997811],[106.78442319967098,26.380681200377126],[106.77816900029916,26.375808999985395],[106.77463400005911,26.375321800360837],[106.773546299722,26.37800150036901],[106.76729210035023,26.38352320013564],[106.76547930002971,26.390262599939092],[106.75750289983904,26.396108400082653],[106.7590438000314,26.402359899689657],[106.76294139972589,26.39992429996653],[106.76810789965992,26.400411499591087],[106.7671107997237,26.406987499773322],[106.77526849964158,26.41307599995747],[106.78097879983181,26.42663209989155],[106.78106950005747,26.431907899829753],[106.78333550023319,26.432881899779886],[106.78551090000809,26.436615400180642],[106.79665970008517,26.435316799830503],[106.80345769971314,26.430609300378933],[106.80617689974417,26.430690400341746],[106.80934929963053,26.432151400266946],[106.81116219977577,26.43718359994324],[106.81841340015836,26.439456100418738],[106.81805079980461,26.44335170002097],[106.81433459966212,26.449113700436953],[106.81796020030305,26.44992520008799],[106.81520629993088,26.455891200018925],[106.81095089956443,26.45867650022035],[106.8027620003661,26.460821400387374],[106.80079520013845,26.459604900046145],[106.80283350006601,26.456563499905656],[106.79757689975418,26.45697969985332],[106.79539549970264,26.460469199793806],[106.79678399988177,26.463480499625405],[106.79117059984338,26.463367300160826],[106.7895089998405,26.468702699969697],[106.78986659996366,26.475104700221777],[106.78743500042498,26.47964999974772],[106.78371599979363,26.48112229965443],[106.78085519970779,26.486883600397903],[106.78185650037727,26.49213239999034],[106.77985399976234,26.494180700379047],[106.77198689957584,26.489828100386546],[106.7679102997206,26.49194040012941],[106.76540709975791,26.49149230032947],[106.75997169983413,26.48617939975952],[106.75732549957223,26.486883600397903],[106.75560899955576,26.49251650043618],[106.75332040031628,26.492324499675988],[106.74802799979244,26.48432300030629],[106.74793519964982,26.479689700319454],[106.75319470027523,26.473737100286996],[106.73971730001347,26.476702100321745],[106.73656929963352,26.47088510006739],[106.72593869971126,26.46884959972931],[106.72583759972548,26.47337659985027],[106.72224699979927,26.47984990015283],[106.72113439993268,26.491437400315817],[106.72351130000658,26.495329800130207],[106.72007240042097,26.50433629998031],[106.71987009972537,26.50899760035901],[106.72341010019602,26.52623830005757],[106.72415999988414,26.539955300396855],[106.72247930007967,26.540339200293886],[106.71768759980296,26.536884100321004],[106.71486259992912,26.53659620035444],[106.70502870041423,26.541011000157596],[106.69548090042326,26.534068799635463],[106.69600669984936,26.528066100170463],[106.69472830007106,26.52679429961728],[106.68644709985381,26.52509590025562],[106.6846266004373,26.52722250011834],[106.68037849986791,26.52455290039609],[106.67941770016677,26.51514080000794],[106.67082049976631,26.516860399987536],[106.6675334003462,26.51228989965921],[106.66535880006865,26.51206359965545],[106.6620211002936,26.514824000327394],[106.65923959972781,26.52658910040668],[106.66057190037299,26.552495500067323],[106.65809379958927,26.55118359964348],[106.6516713001904,26.558376200201508],[106.64792899992347,26.557652399738515],[106.64165810014129,26.559145199691272],[106.63700549980405,26.556702499820574],[106.63245400035191,26.5630352999392],[106.63017830008852,26.56226640027421],[106.61778829979028,26.564347099639008],[106.61197250013083,26.568372799665042],[106.60752480042925,26.57454489992722],[106.5932130001799,26.573368899655065],[106.58982470004992,26.570836100305826],[106.5854249998639,26.56997670006473],[106.58567790001513,26.567760400022507],[106.57652439968138,26.558261399943717],[106.5766256003912,26.556270999706896],[106.57874960031387,26.554732900003387],[106.57743469975168,26.552380599984758],[106.58031730030325,26.55197350027686],[106.58188500029257,26.549168700075484],[106.57359130039828,26.54885200021971],[106.57268100032798,26.546047200018336],[106.56514580033848,26.54025629988837],[106.56641009964642,26.53659160032214],[106.56514580033848,26.535777200357586],[106.55983580008217,26.538129899675198],[106.55123859968171,26.531207500425865],[106.54946859989604,26.538356099854184],[106.54638370044745,26.54084439984922],[106.54567570017349,26.54428280031101],[106.5437540000471,26.54536860038064],[106.54117490000169,26.543966099555917],[106.5378157001345,26.544394600430508],[106.53561079989856,26.545887299659228],[106.53495530024696,26.551431499564103],[106.53358460034912,26.552337699625184],[106.53102209998997,26.55137820034372],[106.53120089960191,26.554203499691823],[106.5290556001359,26.555962599694283],[106.5175541003415,26.55574940011479],[106.51517039959435,26.553990200287558],[106.51523000036428,26.55207119992599],[106.51761370021217,26.550471899558545],[106.51505119985308,26.5480730002688],[106.52215739984416,26.534522600237835],[106.50915149974196,26.543648299829215],[106.50366899962467,26.54375490006862],[106.50146399956401,26.540609499628772],[106.50492039995657,26.541195899870957],[106.50283459963714,26.535917800366235],[106.50354979988344,26.53426510005437],[106.49806719994137,26.530586200193056],[106.49913989958674,26.529359899939493],[106.50795960035532,26.52978639982257],[106.50813839996727,26.525894199657614],[106.51117770019079,26.52093530012405],[106.51070090032636,26.518855699730807],[106.50664860015286,26.5193890004021],[106.50229829972682,26.51272339986508],[106.5015832002046,26.50845730026424],[106.49514720018323,26.504137600170168],[106.49765009977233,26.502857700322636],[106.50301340014835,26.503977599986285],[106.50492039995657,26.502964400386816],[106.50444369991686,26.500084499600007],[106.50635059990032,26.498644499743932],[106.50787510005586,26.489936400344675],[106.50501830015446,26.487830699826986],[106.51073189995725,26.48452170011643],[106.51249640038861,26.479332299845794],[106.51165619977388,26.47692559983659],[106.50543839956254,26.476775199915608],[106.49644779972624,26.483995200118443],[106.48670099955154,26.486627399734743],[106.48182760036354,26.48617619997168],[106.48073529999414,26.484446499706223],[106.48165959981077,26.46579379964419],[106.47258499969803,26.463386800160777],[106.46922400028745,26.45631590035856],[106.4580487997124,26.44600959956341],[106.45401560023981,26.43728250018728],[106.45107480006203,26.434799599721828],[106.45030850033709,26.431103299777533]]]}},{"type":"Feature","properties":{"shapeName":"Shuicheng County","shapeISO":"","shapeID":"62558664B81395171001224","shapeGroup":"CHN","shapeType":"ADM3"},"geometry":{"type":"Polygon","coordinates":[[[104.57231559988509,26.55009199984596],[104.57063649997457,26.544407100107662],[104.56724989956325,26.542812600321326],[104.56641820023981,26.537284799553902],[104.56843819986307,26.52920520035974],[104.56974529970586,26.52830150041399],[104.5768748002319,26.529417800091437],[104.59048029992596,26.52691939981048],[104.60417940015924,26.52005000030732],[104.60561959966486,26.516186500206857],[104.61244289991998,26.512585299971647],[104.61818469976413,26.505512699551502],[104.62201610036283,26.49782279998226],[104.6293700995505,26.49429310034634],[104.63841810041504,26.482526500197878],[104.63019630041902,26.46595889988339],[104.63132540014715,26.455092600243347],[104.63584179995917,26.450922700222463],[104.63846960009204,26.444486600376365],[104.65995030016626,26.440334300087954],[104.66364590043804,26.437401100080763],[104.66350469968222,26.420591699947067],[104.66646859984604,26.413134099758963],[104.66209339989058,26.40656090006553],[104.66474150041995,26.397291200128848],[104.66816230025,26.39202269998765],[104.68174550035462,26.38103600001142],[104.67902979958563,26.367240299999878],[104.66646859984604,26.36799899955423],[104.65814150003024,26.361296800207242],[104.65673010041388,26.355732399730528],[104.65856489995025,26.33802560030125],[104.63166870015044,26.330956500042475],[104.62116349989566,26.331068700360277],[104.59081890007224,26.320189699595005],[104.5798686001558,26.302751399957174],[104.58127239960163,26.300673400357198],[104.5859297996206,26.2971293997021],[104.60489630012421,26.288135400428416],[104.61031329991891,26.28314389957137],[104.61453230022556,26.270347400312346],[104.61202979993539,26.26551240037702],[104.60517879966193,26.26247189955859],[104.6021883002499,26.256027400044502],[104.6053468002147,26.24688740033332],[104.61179329982099,26.240070399829165],[104.62640379999544,26.23401240015221],[104.63079830030136,26.227634400107547],[104.63471980037855,26.16968739975374],[104.63037130039527,26.147418899862373],[104.63378879971339,26.13736540029305],[104.64938330029912,26.131770900406764],[104.67130280028408,26.130815400410427],[104.6820372997816,26.127467899823785],[104.69232929955757,26.117013899771734],[104.69933329969211,26.105153899632796],[104.70075230037844,26.089353400339178],[104.70543679966863,26.078847899710865],[104.71230329975754,26.080739899726666],[104.72825629978848,26.088435900296588],[104.73615279971199,26.088958900133207],[104.76039879996472,26.083423400269737],[104.78177630013619,26.083133900409223],[104.79959029965266,26.085103900424713],[104.82058780028683,26.10107789962541],[104.85517880006165,26.10568990006891],[104.87020879979633,26.104881399656904],[104.8796383002674,26.103801900237556],[104.88603230015059,26.101098899694534],[104.91638929982639,26.063266899747703],[104.92920680005386,26.052581899834877],[104.93660729958725,26.050340399889592],[104.95983879982083,26.05249190018111],[104.95968629998282,26.05946339971615],[104.96550730042162,26.065429899670164],[104.97183980016672,26.069366400439094],[104.98557280034453,26.07174889969201],[104.99722279979244,26.080987900371383],[105.00907879974687,26.094814400364328],[105.00724030039959,26.10190790012956],[104.99949580029102,26.116067900213466],[104.9929963000393,26.133214900447342],[104.99269879980983,26.13917139994021],[105.00589729962076,26.1463584004199],[105.01557179969888,26.14710589981746],[105.03020749977634,26.157871399845305],[105.03576199961662,26.165553899792712],[105.04103130015443,26.16581320041894],[105.04959819969724,26.17730569979824],[105.05904219993766,26.17594960039378],[105.06425689993603,26.17354329968356],[105.06829549983752,26.16651630028707],[105.0865022998413,26.161456100218913],[105.10214289967513,26.16646689962778],[105.1075106004339,26.16435790039685],[105.12239299983713,26.167058599574773],[105.12728020002129,26.174905000065735],[105.13449300025184,26.17685340016436],[105.13662990004991,26.180089599755263],[105.13662990004991,26.18392499963909],[105.13395880025848,26.186441800049067],[105.13542790037735,26.18847929958008],[105.14729029990747,26.192507300071895],[105.14317000019543,26.201246700374952],[105.14691390035625,26.204298100077324],[105.15912629983893,26.207738899930348],[105.175636300375,26.218593399565805],[105.19003279967404,26.24204239993685],[105.20198080027376,26.248059900444105],[105.20451330014873,26.252197399690317],[105.20340730040664,26.264337400150964],[105.20761130002154,26.289567899938675],[105.21412680011179,26.309764899630466],[105.21945180016053,26.31574840036842],[105.23520730007692,26.325219900078366],[105.23774730029771,26.329585899969345],[105.23581680030514,26.35569940000738],[105.22525029956171,26.3739853997065],[105.21807879979684,26.378532899873505],[105.21040330017223,26.380788899588083],[105.20326980036106,26.37937740014695],[105.19207730042712,26.372218900082203],[105.18417380018082,26.371263400085923],[105.17828380015732,26.374900899656836],[105.17723080016134,26.379707400076484],[105.18833180037234,26.40153290022323],[105.19799780005849,26.407769900060885],[105.21659130044821,26.41610889970599],[105.22447179963393,26.421876900398672],[105.2529297998704,26.449277899555454],[105.25646229999523,26.456855900079802],[105.25489829981672,26.462577400426767],[105.24694830012402,26.468957899687382],[105.23491680017025,26.47256839981185],[105.22901080030823,26.47804090036732],[105.21872730002491,26.490594900134568],[105.21688829975528,26.498607400011565],[105.2219617998972,26.505506399800538],[105.23853279964902,26.513374400208477],[105.25296490040989,26.523422500248216],[105.23708159963616,26.530833600090602],[105.22846290004287,26.531293800268713],[105.22145920028191,26.53600439968335],[105.21679000025836,26.536872499965966],[105.20974099984733,26.546332400220138],[105.20373199973204,26.550526699747422],[105.20685230009366,26.556714200000386],[105.2091803004306,26.558315999583783],[105.2135393998235,26.574805599898582],[105.2125407998181,26.57845910020734],[105.20885269989225,26.580869400202687],[105.19703639961023,26.581125799616018],[105.18951389984665,26.588085900244153],[105.19031930029553,26.59620059997775],[105.18544249987156,26.605671099641597],[105.18552900026322,26.609076799854506],[105.18961570040432,26.61503409974398],[105.18572700040079,26.623094799685305],[105.19609249996898,26.63848090037328],[105.19490199992742,26.64249009963845],[105.19267459955319,26.6434458001836],[105.19073109986044,26.647709600217922],[105.18789320011115,26.649591499947803],[105.1838986004401,26.64887739957237],[105.17966570021196,26.64997820033375],[105.16798599975414,26.642790199807905],[105.1622098997671,26.64610610001654],[105.15536329987646,26.641893900383252],[105.14943799966403,26.641340599688988],[105.14254319970894,26.638379199640383],[105.14008009961697,26.634211899559546],[105.1243365004292,26.63000520017988],[105.11313350001109,26.61947709958855],[105.10601390012147,26.625998799604986],[105.10523409977395,26.632772200077],[105.10356989983109,26.63496440008703],[105.10444739982768,26.637003899710237],[105.09939169996704,26.64559380031369],[105.09967740019192,26.647552199974086],[105.09237189964352,26.64710129968529],[105.09087379998596,26.65973090006105],[105.09203330039657,26.676463900088947],[105.0886533001098,26.68423639969012],[105.08013130011949,26.695186400132286],[105.07778179969034,26.701818400199045],[105.07615680029613,26.715328399985708],[105.0766068003636,26.724496900111887],[105.07987980021267,26.732076399806033],[105.0913162997075,26.744745400379998],[105.09150680039858,26.753454400000635],[105.08814279995033,26.759620400161396],[105.08144380039113,26.76622789999766],[105.05322280029208,26.773395399578078],[105.04678330010927,26.77771189988431],[105.04931579998424,26.782539400373082],[105.05594629998183,26.784868399856805],[105.06284279965553,26.790180400205372],[105.06305679963168,26.79545040041569],[105.05168979974451,26.808444899812343],[105.0442427998654,26.812755399841876],[105.00856730044063,26.819640899907654],[105.00058730026376,26.824401900027738],[104.99436930040298,26.833757399784247],[104.9927597999249,26.843370399724222],[104.99629980039555,26.84934990027773],[105.01795179973584,26.867814900137603],[105.02047730018734,26.87310240025562],[105.02218629985794,26.88319389977869],[105.02160630009075,26.893729900014932],[105.01785279966703,26.917077900224967],[105.0157623003899,26.921188400024676],[105.00525679976158,26.92066590021119],[104.99552929993729,26.918084899898247],[104.98557280034453,26.912980900148455],[104.9663773000724,26.90712940010178],[104.95897679963963,26.90226939991294],[104.94500730024674,26.88682539997228],[104.9341203000119,26.869340900362317],[104.92327880007662,26.84704139994068],[104.91388680043553,26.83597939972958],[104.90827179960394,26.833648900176627],[104.89826979971156,26.8347264004031],[104.8874512999376,26.840835399733976],[104.87017079984258,26.85400389996005],[104.86421979970407,26.860833900164437],[104.86049629976446,26.875470899762263],[104.85195179963591,26.885492399654595],[104.84268180022497,26.8900069000984],[104.8355177999066,26.88858039996552],[104.82734679991495,26.884164899590473],[104.82303629988542,26.878866399864535],[104.82183080005143,26.871291900400934],[104.81829829992665,26.865308899686],[104.79818729970418,26.849345900093283],[104.79347980025261,26.832355399881862],[104.78765879981381,26.824746899749698],[104.76908879960848,26.810855900379522],[104.75817880011158,26.799541400215503],[104.75414280015019,26.792865899941376],[104.75435630010321,26.769492900377088],[104.7611463002616,26.77043539977393],[104.76927179995369,26.767278399878307],[104.77702330038505,26.749408899601065],[104.78505680033112,26.74349190013112],[104.79577630003627,26.741660900230386],[104.81685629997833,26.74467839998823],[104.84867080031722,26.756210400289774],[104.85945879958399,26.757135399778917],[104.86940779973025,26.755546400246203],[104.87455679975659,26.746696400418614],[104.87402330033512,26.667798899799436],[104.88815329993491,26.650247399797706],[104.90113829979276,26.62880690031824],[104.8991317998927,26.620796399634173],[104.90001630021214,26.615485900254157],[104.90881330029362,26.60954639974659],[104.91692330017025,26.60615339975965],[104.92430879991127,26.605075900432496],[104.92666629980994,26.607555399662033],[104.92703229960102,26.61122940001684],[104.92442329979554,26.61864640031115],[104.92479679993244,26.623470399739233],[104.9275967995527,26.63238339977414],[104.93076329988645,26.635534400292386],[104.94066629971002,26.63302239956414],[104.95506279990838,26.6255798998925],[104.97026080019583,26.619958899683525],[104.98780079966724,26.615665400437933],[104.99250779999505,26.609809900206756],[104.98999780025832,26.602271899728464],[104.98995229995876,26.5914594002312],[104.99529279982289,26.571327399939605],[104.9997633000363,26.566628900003764],[105.0063403002647,26.563953399829586],[105.01526629999978,26.56283589955717],[105.03098279991633,26.566628900003764],[105.03782629984391,26.56486689968773],[105.04129779985362,26.551446899554833],[105.0482017998732,26.542320399566847],[105.05007179977378,26.53583690005297],[105.04534929963052,26.531570400253827],[105.0317227998674,26.52888090033332],[105.00711079982364,26.526664899765365],[104.99627680023423,26.532655899949873],[104.98799130035826,26.54779040000699],[104.97667680019424,26.554710399865087],[104.96547679991443,26.557252900201206],[104.92926780016893,26.561025399702487],[104.89257030037913,26.547086899940552],[104.88680229968645,26.541684899938218],[104.87954729966822,26.538389399950916],[104.87178779976722,26.54430390020491],[104.86913279963903,26.55034039978966],[104.86356330000638,26.55275889980345],[104.86064929962555,26.548909900371655],[104.86200730019681,26.541978900006256],[104.86995679986649,26.533300399993493],[104.87262729981012,26.527950399691235],[104.87048329986447,26.524085900443993],[104.8615112998067,26.523124900194034],[104.8434603001528,26.53707689967922],[104.82523329957718,26.554017900305894],[104.81437679984947,26.559766900122384],[104.76244329981847,26.579006399725642],[104.75061780037123,26.587297399855174],[104.74574280038996,26.596597399750237],[104.74443030011832,26.605596400153786],[104.74786380017429,26.609668899999804],[104.76981329974404,26.60738389984715],[104.78684229993223,26.613015899664106],[104.81233229999572,26.628825400272035],[104.8428573002243,26.631873899660775],[104.85188280005121,26.63421639976707],[104.85105130037726,26.641593900038515],[104.84703829967782,26.64467039981912],[104.82308979965461,26.64907839984835],[104.79900379958576,26.648193400405148],[104.79120629973102,26.65387539982987],[104.78160879960649,26.678689900218785],[104.77645880043337,26.687536399885005],[104.75968929962153,26.702600400288304],[104.75467679959468,26.710148400328478],[104.74539929983786,26.69013990033619],[104.74317929998477,26.682100400113427],[104.74173730003645,26.671319900293213],[104.74246230019509,26.650243899636337],[104.7407228000173,26.64450090009649],[104.73490129955542,26.63872539995731],[104.69217679971962,26.61316690033226],[104.68559280006775,26.60646439971231],[104.68939980026062,26.584039899821562],[104.69039929958808,26.561590399677243],[104.68920880044584,26.552873399687712],[104.68594380006635,26.547115400355494],[104.67343879986078,26.544946400156277],[104.66812130015796,26.539859900314184],[104.67488880017805,26.52777289959971],[104.67442330029513,26.52433190009714],[104.66523730026125,26.52196139959898],[104.65322879956949,26.522315899759008],[104.57231559988509,26.55009199984596]]]}},{"type":"Feature","properties":{"shapeName":"Honghuagang District","shapeISO":"","shapeID":"62558664B25635064896936","shapeGroup":"CHN","shapeType":"ADM3"},"geometry":{"type":"Polygon","coordinates":[[[106.99250430033328,27.74228309958545],[106.98577519956586,27.745278100104315],[106.98087510040563,27.72986190000671],[106.97159459961114,27.728456700316542],[106.9555350002401,27.710075799658455],[106.9463310002755,27.707410499594914],[106.92247569969385,27.7091919999109],[106.90780959983323,27.69653130007947],[106.89782230025901,27.700562700008675],[106.88735409991182,27.69908480002357],[106.87458729986406,27.693749900237776],[106.87233170034773,27.708988500419025],[106.85830389970528,27.70419630011918],[106.85716380036916,27.715155700275375],[106.86336700008707,27.715506600449316],[106.87160760041047,27.712744000035627],[106.88470529970988,27.71676540040295],[106.87140839967799,27.736520500220934],[106.8942927004478,27.746268799565485],[106.89575880042838,27.763529400361563],[106.88455980019467,27.77196489996021],[106.87814330017324,27.78276039957285],[106.87375630021313,27.787818899922343],[106.86834729988806,27.791044400278906],[106.82101190037895,27.79283790024897],[106.81032030034163,27.789474899846823],[106.80414300019936,27.789474899846823],[106.79962870030431,27.797041399840793],[106.79273860020629,27.7997737002961],[106.78774920016554,27.798092299919745],[106.78504790024044,27.80596369976496],[106.75029740030482,27.805416099873185],[106.74551669963603,27.811944999861907],[106.7379720999325,27.812582700131543],[106.7292775002565,27.807792300274514],[106.71649730031021,27.79450570017798],[106.71153629996036,27.800450700039846],[106.70222369966405,27.801301099865896],[106.69567479965235,27.793177000418268],[106.6916150000323,27.79487780007048],[106.6852806998445,27.787611300421247],[106.68504889958712,27.778673599606975],[106.70044699992917,27.775537300306212],[106.70491869983817,27.759497299860527],[106.71999920010308,27.747619500339738],[106.73505389971774,27.732297100430912],[106.734049699634,27.716159599985588],[106.7120855995708,27.700612400142177],[106.70770829969831,27.675068000088174],[106.70861809974559,27.663924200241695],[106.7229432000687,27.66464630008676],[106.75125879985382,27.632602899804056],[106.7574468001298,27.629836899953034],[106.77188130028185,27.625680899853705],[106.78090680010882,27.624973399602766],[106.79226679967314,27.628619899588728],[106.79562379979859,27.626546900219296],[106.80100229961647,27.6143799003122],[106.80563330003685,27.610467899773823],[106.81053929964901,27.61183539988383],[106.8159867999509,27.626043400382684],[106.82169329960612,27.632221400197523],[106.82631679968063,27.63244040040422],[106.83096329991639,27.629674899676957],[106.83838629958814,27.613372899739602],[106.8420027999893,27.609235899617147],[106.84664129985617,27.60991090016796],[106.8520812998122,27.618154399905677],[106.86035930024156,27.625701899922774],[106.87093330043155,27.623838400321972],[106.88613129981968,27.617832400345037],[106.90984329972855,27.611799400022335],[106.91835029992649,27.61292239964905],[106.9266202999869,27.617482900415553],[106.95121780026136,27.640800400118394],[106.96517179983874,27.646488399819873],[106.97241230008763,27.650592900242202],[106.97785180002063,27.655849399830004],[106.97992680038158,27.6608884001796],[106.9810487999622,27.681754900168585],[106.98287979986293,27.687713399753648],[107.00694279977046,27.70070089972677],[107.00980380040511,27.705276400285697],[107.00956680026769,27.711011900378935],[106.99516279972352,27.724824899749365],[106.9923628001032,27.73263190004218],[106.99445280025657,27.73973440022246],[106.99250430033328,27.74228309958545]]]}},{"type":"Feature","properties":{"shapeName":"Jinsha County","shapeISO":"","shapeID":"62558664B42097047976783","shapeGroup":"CHN","shapeType":"ADM3"},"geometry":{"type":"Polygon","coordinates":[[[106.29987329981299,27.600358900343053],[106.2727963003091,27.605235900416517],[106.25704879986228,27.598635400003786],[106.2482527998269,27.590638899965313],[106.2397307998366,27.586076900028957],[106.23480230008613,27.578300400243336],[106.23786930032799,27.56936089988568],[106.24223330012677,27.56293889961057],[106.23809029972762,27.55836690011239],[106.22984329982847,27.55586439982227],[106.21260079968721,27.56895840021008],[106.20719130023838,27.57102940038658],[106.16874679992492,27.56194090035234],[106.15895079963974,27.563789400160715],[106.1538087999362,27.569753399999456],[106.1496963000443,27.578004900106123],[106.13657380014081,27.58993539989882],[106.11599730003542,27.617219899978465],[106.10520130039976,27.63624539960557],[106.10211930036547,27.6451813998018],[106.09130079969219,27.654355900204678],[106.05416130020393,27.66791140029096],[106.04255680015626,27.670667899703858],[106.03222630040352,27.67113689974815],[106.01027679993445,27.66428190018962],[106.00176979973651,27.66726490015509],[105.998947299978,27.679405399739437],[106.00486609989065,27.695194099927846],[106.00175210017932,27.70269730024029],[106.00372160017179,27.710567500389857],[105.99940669975945,27.7152954000627],[106.00169880005961,27.718861300108983],[106.00012580036548,27.72363239961561],[106.00099150035754,27.725631499893836],[105.99740760038054,27.727520599596062],[105.99928199976455,27.732511499705993],[105.99798030035066,27.7406903004171],[106.00119249973415,27.74761140014607],[106.00008619961847,27.750317099554536],[105.99409220019493,27.75306349958089],[105.98683589975701,27.752764799655836],[105.98384800028504,27.754351200147823],[105.97240859957725,27.747672500085855],[105.96894459991341,27.74707429983914],[105.9667395998527,27.744747500097105],[105.96245939978155,27.744189700094637],[105.94229179982676,27.735825800020677],[105.92959250019379,27.73271440024945],[105.92917089981722,27.731392500263723],[105.92524469988308,27.725034199868503],[105.92266340009587,27.72358340005394],[105.92290360002119,27.721812300397403],[105.91991039994508,27.721311000302478],[105.91603990042114,27.7177356996429],[105.89672480020943,27.713546500170878],[105.89397280010468,27.70977409959505],[105.8881029997537,27.706334100138633],[105.88523079986157,27.706708100298613],[105.88281420011532,27.705123299700574],[105.88049709956158,27.699226599727865],[105.8767591996774,27.698407599731013],[105.87651420007035,27.695847999685498],[105.8728752004302,27.6935139001464],[105.87138310015001,27.6905730001439],[105.86055249999794,27.68725130020738],[105.8558584004449,27.684373500236916],[105.85459069990094,27.676674299879096],[105.84626500032954,27.673666799683133],[105.84274809984498,27.674290699855987],[105.8300002997741,27.668594500136123],[105.82329089955545,27.66333389963978],[105.82105470021429,27.65556249990948],[105.81664040043421,27.652792599698785],[105.8143042999036,27.63934379967668],[105.80995749963898,27.633070999626966],[105.8012469001244,27.63002169984162],[105.79729040023187,27.62744059970396],[105.79671999982821,27.624603399627233],[105.79233509978508,27.62305480033882],[105.79177390034528,27.62156300043216],[105.79435160014629,27.61985010040189],[105.79489090019496,27.6132391004042],[105.79390439966835,27.593995300242966],[105.79923230003067,27.58754540030003],[105.80800629995082,27.582740899972634],[105.81600229996621,27.581144400094047],[105.82399729993551,27.58183689965324],[105.82993330028165,27.584129400151767],[105.84771730021328,27.598110400074972],[105.854156300373,27.599487399723785],[105.87143729959178,27.595371399670398],[105.87995929958208,27.589875899852927],[105.88614629981197,27.58277689983413],[105.88950329993742,27.573844899822348],[105.88923630021515,27.563308899586104],[105.87712130000807,27.531469399892956],[105.8760908001504,27.52230840011265],[105.87866980037103,27.50215139956748],[105.87841030009531,27.481078899971294],[105.88304879996218,27.476497400035043],[105.89386729973614,27.473293399770625],[105.89774330041303,27.468255900389522],[105.90030679991895,27.458177399667306],[105.90313730004641,27.454053900167423],[105.90701279980095,27.453595899731056],[105.9160232998355,27.462299399997335],[105.91886130030883,27.469629399876965],[105.93329679960766,27.481996400013884],[105.94077279992484,27.48474289986501],[105.95004280023511,27.485429900069903],[105.95648180039484,27.480617400272877],[105.96985630022812,27.451751900130148],[105.97551729958377,27.447168400101646],[105.99149329977604,27.43937290033915],[106.00640080015688,27.4153118996245],[106.01180280015916,27.412788400164573],[106.01540379984556,27.407289400185732],[106.02052280028704,27.377963900413704],[106.02361279979095,27.374069399783025],[106.04161830004455,27.369930399568318],[106.05165080044412,27.36533940009332],[106.06038680041058,27.356397399620334],[106.06578080004397,27.34837540020459],[106.06933080007644,27.340046199572498],[106.06893910035927,27.337567099642],[106.07778019959659,27.328110300250216],[106.08045719983994,27.31913329996189],[106.08856859996098,27.313714100425443],[106.09014359974736,27.31094439986424],[106.09657089972728,27.30913690014785],[106.10015639959823,27.310802000312094],[106.10523670041346,27.305569800406033],[106.11344840012362,27.301372400016305],[106.1165762997565,27.29350360011108],[106.11546069975157,27.283618700043007],[106.11822680032662,27.28320209989704],[106.1216995998567,27.27549340000047],[106.1324862996031,27.270261899766922],[106.1299664999541,27.266088200110403],[106.13435299989112,27.26168869957388],[106.1334615001482,27.255813100394334],[106.12907059982837,27.251937800289284],[106.1283227002325,27.24777980009776],[106.13377379962122,27.25115790011705],[106.14019779998853,27.2509193999104],[106.14714029998493,27.248159400336135],[106.1528013002399,27.25021189965952],[106.15666979967159,27.25547390040026],[106.15667730001746,27.26188840032944],[106.15386980005127,27.268537400280877],[106.15672280031703,27.279529399961916],[106.16420730012686,27.289823399830084],[106.16217780006548,27.299905899837484],[106.16837329978802,27.306079900367138],[106.18356329970658,27.31109439958692],[106.19230629999583,27.31222140029746],[106.19901279990086,27.31518740037825],[106.21372230014407,27.332109400128786],[106.2394868002757,27.342132400090236],[106.2474667995532,27.344404399643395],[106.25750730032172,27.343236899763156],[106.26648729984908,27.33817690024381],[106.2780302997586,27.323715399745936],[106.28315729966971,27.320037900129023],[106.30194830017399,27.319988399644956],[106.33689129999357,27.307292899647678],[106.34049229967997,27.307052400248097],[106.34539029982255,27.30909940021718],[106.35262279970249,27.316407900004606],[106.36087029962471,27.319818399899304],[106.36727129983069,27.31200990043658],[106.36647029976456,27.30514140025548],[106.36100779967029,27.291642900099816],[106.3615038000604,27.2838533997147],[106.36430379968067,27.278116399552232],[106.3768692999783,27.270059400321145],[106.38530729969222,27.261327899662888],[106.3881073002118,27.253299899970443],[106.38832829961137,27.24344839982382],[106.38546729987604,27.23635840022007],[106.37667830016346,27.226533900419213],[106.36868280017114,27.22014439984423],[106.36480730041666,27.213971900283013],[106.36270879987126,27.20573039973823],[106.3631972999155,27.19977190015311],[106.36853779977969,27.185781399791836],[106.36852279998732,27.179826900391163],[106.36669180008658,27.174104900021177],[106.35532380015331,27.15993490037539],[106.36018380034216,27.153735899592164],[106.37375630031306,27.14384090013749],[106.38025679971162,27.132824000027654],[106.38562899977859,27.132646400111355],[106.38817689964424,27.12715489957901],[106.38684159976009,27.119818799597965],[106.38975789970738,27.11756460032609],[106.39288180005508,27.117301900262532],[106.40031869964832,27.126171599739564],[106.40084140001068,27.13255150005176],[106.40412619986427,27.13427889985138],[106.40512250030321,27.137508500217166],[106.40357039995405,27.139739499678228],[106.40458869960884,27.14530630044544],[106.41175910040221,27.154770299809513],[106.41903000043425,27.157939400083308],[106.43586489994522,27.160191199963947],[106.43851050035937,27.16436200020621],[106.44457770010087,27.192862399879914],[106.4541225997782,27.19579299994706],[106.46548830014501,27.19585259981767],[106.48566970019658,27.20169520017339],[106.49446549968314,27.214563600230008],[106.5035242996068,27.219556899731174],[106.51946399956398,27.221205099835515],[106.52242739970478,27.22345460014975],[106.5253421995829,27.229635000255087],[106.53642540041199,27.231883799997433],[106.54635260009246,27.24440110023062],[106.55416609978573,27.24787439978377],[106.56612500016871,27.246619600014583],[106.57785890006824,27.250490599561545],[106.58581270029595,27.255335400308525],[106.58930909983513,27.261617699896988],[106.60845849995985,27.269467400000565],[106.61612230030397,27.281777500031637],[106.62365200003984,27.298382600276852],[106.6316146999585,27.303627000385802],[106.64158260025687,27.305418299714802],[106.66302690027129,27.30384160020975],[106.67512219992966,27.311728200396203],[106.68446190039646,27.314715699669875],[106.69225149970703,27.314715699669875],[106.70264339977314,27.31089040007197],[106.70896589995635,27.31079309972182],[106.71278119999243,27.320888700153432],[106.71205710005518,27.32582050041583],[106.7090684001866,27.32976740004551],[106.70287660027492,27.331925899760506],[106.70224569977927,27.3363394000433],[106.69406809966313,27.34000680027367],[106.69095340027928,27.345955099748096],[106.68876060042146,27.35901110018216],[106.68982190026054,27.36039360008465],[106.69728730026873,27.36052929968747],[106.69696980001629,27.366522700162534],[106.70229870042476,27.369236899963028],[106.703563399931,27.372044599578658],[106.70613470015633,27.373328999633657],[106.70621380002689,27.38499249970414],[106.71021099963798,27.38735859981955],[106.7143321995714,27.397421199628695],[106.71830510040013,27.40143260043419],[106.72229169970223,27.402802599760207],[106.72326550000287,27.40856650044367],[106.71919090023994,27.414777900180013],[106.7158476003865,27.415505799752907],[106.7034431003189,27.435075900032814],[106.70032460040005,27.433722799867382],[106.69854319990878,27.435059400171212],[106.70491419963065,27.443220100227506],[106.70386009976386,27.448703899865166],[106.70056199983651,27.45077659976033],[106.70292199985045,27.458890400171867],[106.69938389964733,27.461467699774573],[106.69365580007519,27.461487900346356],[106.69187650040021,27.463024099782444],[106.69183190032203,27.468369000029384],[106.68912310005106,27.467936800243194],[106.68595370030306,27.469561599987912],[106.68218770020223,27.466413700332055],[106.67566729970616,27.46955309959594],[106.67336019961357,27.468622900226705],[106.67174569980426,27.46371999967829],[106.66648760032257,27.465453899777685],[106.66397170013391,27.470944099890346],[106.65331209977364,27.48134119983655],[106.65010529991974,27.489711299836642],[106.64105739977924,27.499132299915743],[106.64093560009792,27.504693499705297],[106.63703810022821,27.509392899862462],[106.63566399999365,27.515728999593705],[106.63048300029027,27.519266900147386],[106.62521939965563,27.5185393000487],[106.61848760002277,27.52282019979242],[106.60955650023237,27.53156980020617],[106.60613780031929,27.530783799932465],[106.59946249969465,27.534873500211916],[106.59550299966378,27.53340919977478],[106.5871743997788,27.535842099733145],[106.58564490029198,27.534431799987658],[106.58699050011154,27.532583499828718],[106.5861055995938,27.53025670008668],[106.5848624001797,27.529835200434206],[106.58200989993702,27.532742699615937],[106.56957769985104,27.52876120036916],[106.56761889999228,27.52163310008757],[106.56416520026386,27.522628299756263],[106.56281960044424,27.5248603001628],[106.56060910012991,27.519200399778697],[106.55890180017798,27.518673799955934],[106.5572952998383,27.522436000421123],[106.55908550019575,27.523759000277664],[106.55835179999565,27.526401999852453],[106.55396699977729,27.527685200211863],[106.55280779974021,27.52250850016719],[106.54634549994495,27.520253899797694],[106.54371600009341,27.517455400246547],[106.54784749996219,27.509000600297497],[106.54580190023756,27.50683500043499],[106.5413150998121,27.510956999865698],[106.54027260030034,27.514621300132944],[106.53524310038881,27.512346300441436],[106.53403639995997,27.514247299972965],[106.53105309962092,27.513846400191255],[106.529285299577,27.511554899738883],[106.53091229996272,27.50914290002487],[106.52749410007272,27.506209799842452],[106.52359589963112,27.508772599675808],[106.52086710023656,27.508059699895284],[106.52243819966327,27.505048599713177],[106.51755000033234,27.50515600034919],[106.51622520003303,27.501314299815135],[106.51911689992505,27.499624899969206],[106.52223530001913,27.502179800157705],[106.52752189991583,27.487512999725197],[106.5263420001832,27.485977800335263],[106.52116220017547,27.484764700330686],[106.52502189974092,27.480279999822187],[106.52403709983236,27.478359299741953],[106.51912459992042,27.478968100297664],[106.51226999966082,27.474732399580603],[106.50792690010644,27.473723999662923],[106.50690739985669,27.474695500397104],[106.50719119981409,27.480990100013173],[106.5052754999644,27.484624200146754],[106.50024950021435,27.480147300357658],[106.49445900028269,27.48182440017598],[106.49197159960971,27.48837869971726],[106.48662990004993,27.485023199660986],[106.48048470030875,27.491658299690812],[106.47852810019174,27.49089240016417],[106.47970249967068,27.488746999974126],[106.4787063997806,27.487054400340355],[106.4736974997399,27.488639000389583],[106.473994599771,27.49325409989683],[106.46983820037269,27.493649600148956],[106.4668328000937,27.499088699883657],[106.46444469986307,27.49875049993568],[106.46458820018535,27.494489399666122],[106.46154000027087,27.494994799770268],[106.46220050015302,27.4970755998591],[106.45798369958811,27.50024350043725],[106.45820390038978,27.504952800331523],[106.45536170008245,27.506824400125993],[106.45477899965118,27.511062199860703],[106.45319050014155,27.51218099965348],[106.44948219964385,27.510854200161248],[106.44480939963415,27.511614899807853],[106.43822599983008,27.506418799588005],[106.43354950000946,27.507199699806336],[106.43457239969655,27.512346599915702],[106.4326904001419,27.513308399662947],[106.42958820043515,27.508695200423233],[106.42326370015968,27.506110500299428],[106.41254419955521,27.508785100252226],[106.41190500011572,27.50501700023443],[106.40832970035547,27.503299500171863],[106.4034147003282,27.497208999895463],[106.39605650040721,27.496226799926944],[106.39202499975397,27.497353799738107],[106.38725469974463,27.49435400043683],[106.38475480029388,27.48945710016511],[106.38016889997482,27.489273900170417],[106.37581799970098,27.491457400138984],[106.37452200019021,27.490813599767876],[106.3765968000024,27.487364500071692],[106.37251700035932,27.483778699827212],[106.37041200041352,27.486344599623635],[106.36400440008305,27.48642640015828],[106.3627594002262,27.48433930031848],[106.36768310029493,27.474107600085745],[106.36639710034598,27.471193599704918],[106.36177050030841,27.47333539990882],[106.36023610041576,27.47634319957905],[106.35763789966938,27.47604089966785],[106.34996199984647,27.48040719993236],[106.34250279976447,27.47525250000291],[106.34003830032736,27.480373399812606],[106.3361030001534,27.482305999722143],[106.33258670041596,27.47947930012964],[106.33244460033808,27.47534489994723],[106.32745179996067,27.482078500022794],[106.33065780031728,27.491020399771685],[106.31939679992246,27.51189440010654],[106.31710829960838,27.520147400282326],[106.31945780003753,27.52815840009015],[106.32903280002375,27.536376899574293],[106.33807379966618,27.54116039983262],[106.34324629987691,27.547559899969485],[106.3443068002187,27.55694590023319],[106.33769230005964,27.57689290008733],[106.33023080041119,27.581952899606677],[106.32250230014108,27.584037400405748],[106.31323980017669,27.5888709002719],[106.29987329981299,27.600358900343053]]]}},{"type":"Feature","properties":{"shapeName":"Longli County","shapeISO":"","shapeID":"62558664B88406580308259","shapeGroup":"CHN","shapeType":"ADM3"},"geometry":{"type":"Polygon","coordinates":[[[107.04768489973839,26.781529700035662],[107.04743399967941,26.777268699590877],[107.0444717003088,26.775795799836317],[107.04117079989254,26.777136900347728],[107.03886550024271,26.77312119988352],[107.02345700014052,26.771564399677345],[107.01361060004922,26.761883500023544],[107.01225720040952,26.758803400256795],[107.00924009995072,26.758582599607337],[107.00190449999275,26.761313800191772],[106.98992070008029,26.754064599901426],[106.98446020007822,26.757331800022598],[106.97972160027172,26.75699639966416],[106.9663268998666,26.745186099658838],[106.96228329973457,26.735096100204885],[106.9699542002262,26.73275930000176],[106.9755439004307,26.734086999715316],[106.9782792999498,26.731431600288147],[106.97845770026271,26.729041599790037],[106.97477089985722,26.728457400188915],[106.97375999982421,26.7258549996086],[106.96930009991974,26.72511139967139],[106.96876489988028,26.721234100373465],[106.96156970028153,26.725748699742724],[106.96246170004747,26.717834799736295],[106.96513760042001,26.711248200144382],[106.96858649956738,26.709760900445247],[106.97031099995274,26.712469900365647],[106.97173819975819,26.711726300428495],[106.9709651002592,26.708007899644883],[106.97423569981777,26.709335899732025],[106.9763764001508,26.70784860003289],[106.9773873001838,26.701633299936873],[106.96156970028153,26.692283199709948],[106.95788289987598,26.684738799655918],[106.9531852003368,26.68192280019713],[106.94979569961191,26.6811258003155],[106.9445383996275,26.685092799792926],[106.94257609960738,26.682967600174663],[106.94406269963395,26.681532999848116],[106.9434681002727,26.677760500346892],[106.94810629976598,26.67234070006333],[106.9489983004313,26.668886699961263],[106.94656019969352,26.666442300371898],[106.94691700031939,26.661872200241874],[106.94941450037896,26.66208479997357],[106.95226880016503,26.66463550032813],[106.95553939972359,26.663360199613578],[106.95542050035584,26.66601719983396],[106.96053439984274,26.665060699791525],[106.95785850036958,26.661447099703935],[106.95250669962456,26.659321400062595],[106.95839370040903,26.65772709992575],[106.95976140016853,26.65395380002792],[106.95833420036314,26.651349599904165],[106.9566097998025,26.650977599836438],[106.95054439960444,26.65475099955904],[106.93633229999568,26.650924500265546],[106.93199140018305,26.651243300038345],[106.92105679973156,26.642630300348117],[106.91570490006114,26.64130149986437],[106.91314799978045,26.642577199877906],[106.91130450020256,26.648901899802866],[106.90767719984296,26.649805499923957],[106.9104719995832,26.65288799998126],[106.90708259958234,26.65214390002103],[106.90666629980996,26.653100599712957],[106.9094611004495,26.655545199851133],[106.90874759992187,26.660062499884532],[106.90085829997065,26.66220389989013],[106.8902047997118,26.655926599632892],[106.89448129997209,26.645467500424843],[106.89370819957384,26.644617099699417],[106.89150800009418,26.64711509978207],[106.8899024998006,26.645148599928007],[106.89162700018596,26.642225299657923],[106.88942679980704,26.636963199991726],[106.88556159998791,26.63504969988378],[106.88104220003754,26.635953300004815],[106.87765280003674,26.633773999870243],[106.8756904001919,26.634252399628565],[106.87557149992483,26.64180010019453],[106.87301449981936,26.644404499967777],[106.87025949957632,26.64394699955443],[106.86821980030362,26.64016039958284],[106.86440179960346,26.63847740021191],[106.86602310008607,26.63651389959682],[106.86304189966398,26.633895900275604],[106.86564170030431,26.633942600270814],[106.8629220002502,26.63048290026569],[106.86755809982651,26.629034200368096],[106.87488039971072,26.625181199852534],[106.88050840024255,26.625631799767802],[106.88286039988759,26.627922099625266],[106.88332239960914,26.631038299977604],[106.88857239979649,26.632127100185585],[106.89264639971162,26.627809400183708],[106.8951243997713,26.627358900093213],[106.8947464003262,26.62292839992574],[106.8972663996247,26.618723099891213],[106.90134040043921,26.61846030000288],[106.90314640008637,26.619736900237797],[106.90419639994394,26.623867099686947],[106.90587640007584,26.62394220027238],[106.90717839986331,26.61800970008761],[106.9106224004035,26.615118400393897],[106.90911039992505,26.60835930004174],[106.9162924001742,26.60715759984339],[106.91620839989781,26.5999097997975],[106.91448639962772,26.59791939956068],[106.90356639966967,26.596379699963222],[106.90306239980998,26.595140300184767],[106.91137840019309,26.584661700077447],[106.90759840034593,26.585638200142853],[106.9023064000204,26.58999499996935],[106.89764439996912,26.589131200244765],[106.89037840034297,26.59089640034864],[106.88122239989389,26.58804199983848],[106.87992040010641,26.582633500435747],[106.87643440032735,26.580116899675204],[106.87601439984473,26.577374900031657],[106.87236040041222,26.57572219971979],[106.85854239991187,26.577112000318607],[106.85304039979468,26.57467040031878],[106.84459839989631,26.575797300305226],[106.83741639964717,26.57320550003385],[106.83871840033396,26.57117709984334],[106.84333840024703,26.569975000346062],[106.84241439990467,26.567495699866697],[106.83754240006175,26.568697800263294],[106.83544240034655,26.567495699866697],[106.83120039987864,26.55998249999243],[106.83199839980637,26.555774799667347],[106.83687039964929,26.547659599910673],[106.83451840000424,26.544353299964882],[106.84094439956442,26.54292550031164],[106.84879840022603,26.544728999843528],[106.84354840003869,26.54146010000369],[106.84396839962199,26.537740299874997],[106.83645040006598,26.532254199771558],[106.83712239957913,26.530337800249356],[106.84098639970267,26.528534100168656],[106.83750039992356,26.525076900278748],[106.83792040040623,26.522558999997898],[106.84430439982827,26.52154440015397],[106.84270839997276,26.515949400244665],[106.8376503996463,26.509667199581656],[106.8319132996591,26.50661910039122],[106.82906779973922,26.507366999987084],[106.82818199989941,26.50457849999782],[106.82361849989394,26.503515799914283],[106.82065709984533,26.50079120035366],[106.8205887999332,26.49698420016074],[106.81650989961224,26.494226099954574],[106.81197790016,26.494063800204287],[106.80690199972759,26.489683199819865],[106.8071739996804,26.488060699641608],[106.81079960032133,26.48611359996272],[106.81025570024042,26.483679799782976],[106.80898680000087,26.48262510006839],[106.80599560001701,26.48384210043264],[106.80300449985782,26.482219500429665],[106.7999227003724,26.476459099907572],[106.7999227003724,26.473376000002474],[106.80327639998592,26.472726899926556],[106.80572369988892,26.476621399657915],[106.80762720043504,26.47670249962073],[106.81061829969485,26.473294800214887],[106.81397200020768,26.47507979979298],[106.81877599961274,26.472564600176213],[106.82448629980297,26.466641499705474],[106.82348929969152,26.46234090031237],[106.82856510029922,26.458932799808906],[106.82901839997925,26.456255000068268],[106.82149519964383,26.44951949972517],[106.81796020030305,26.44992520008799],[106.81433459966212,26.449113700436953],[106.81805079980461,26.44335170002097],[106.81841340015836,26.439456100418738],[106.81116219977577,26.43718359994324],[106.80934929963053,26.432151400266946],[106.80617689974417,26.430690400341746],[106.80345769971314,26.430609300378933],[106.79665970008517,26.435316799830503],[106.78551090000809,26.436615400180642],[106.78333550023319,26.432881899779886],[106.78106950005747,26.431907899829753],[106.78097879983181,26.42663209989155],[106.77526849964158,26.41307599995747],[106.7671107997237,26.406987499773322],[106.76810789965992,26.400411499591087],[106.76294139972589,26.39992429996653],[106.7590438000314,26.402359899689657],[106.75750289983904,26.396108400082653],[106.76547930002971,26.390262599939092],[106.76729210035023,26.38352320013564],[106.773546299722,26.37800150036901],[106.77463400005911,26.375321800360837],[106.77816900029916,26.375808999985395],[106.78442319967098,26.380681200377126],[106.78741429983012,26.3785698997811],[106.7894083998778,26.371992299704914],[106.79176510027924,26.370449400319615],[106.79375920032692,26.371342699605975],[106.79430299968374,26.37499700031134],[106.79647840035796,26.377433100057544],[106.79865380013285,26.38677109990641],[106.800466599554,26.38807030010429],[106.80427349992215,26.38750189979288],[106.8141532999349,26.3953777000209],[106.8235799000924,26.395052999796178],[106.82457700002857,26.397326299768963],[106.82285480010898,26.399031300154434],[106.82439570030141,26.400249100016026],[106.82874640002638,26.396270799657714],[106.83418489991328,26.397732199781274],[106.83463809976854,26.393347899585933],[106.83808239978299,26.39010020036403],[106.84315830021546,26.38807030010429],[106.84252379973361,26.38644639968163],[106.82503019988388,26.375890199772925],[106.81913850014172,26.375565399723484],[106.81342819995155,26.373210399940035],[106.82022619957951,26.361191200013934],[106.81687249996594,26.34519069959117],[106.81107150044943,26.341941600124812],[106.8055424001617,26.344540899842684],[106.7961158000042,26.344947000403806],[106.78922710015064,26.340641999728575],[106.77871279965603,26.336905300439298],[106.78179460004083,26.332924900164073],[106.78016310034684,26.33016289959818],[106.78206650016892,26.322932600359252],[106.78650790011955,26.320332799718983],[106.79756609979574,26.31976409993331],[106.80218869964881,26.31757049967888],[106.81034639956675,26.31757049967888],[106.8138813998068,26.319114099636067],[106.81796020030305,26.317082999680736],[106.82774939991492,26.31627049998366],[106.83064989967318,26.313914400329338],[106.83092179980127,26.309039400348126],[106.83373170005797,26.3080642996278],[106.83835429991109,26.308876900048972],[106.84352079984512,26.31228940003581],[106.84796219979575,26.31903289984848],[106.85059080032522,26.32017030031915],[106.86781250004691,26.319601599634154],[106.87053170007795,26.31700170006843],[106.87243519972475,26.319276599935165],[106.8731602997081,26.315295599812146],[106.87533570038232,26.315295599812146],[106.87461060039897,26.307658100141282],[106.86636230008014,26.303107800384737],[106.86536520014391,26.300588900057733],[106.86636230008014,26.2992886998137],[106.87016920044829,26.299126200413866],[106.87134750028696,26.293438000163633],[106.87334160033464,26.291568899585116],[106.87932389957837,26.291325099673656],[106.88240569996316,26.28937480020693],[106.8829495002193,26.28726179989218],[106.88004899956172,26.285311399701413],[106.87995840006016,26.28336100040991],[106.88412780005797,26.27734690023931],[106.87171009974139,26.27165750029343],[106.86572779959835,26.271251100258098],[106.85566669985838,26.263285599850576],[106.85040949969869,26.25483179994768],[106.85013759957064,26.25239310026143],[106.8525849003729,26.248247099723926],[106.85077210005244,26.240523900058008],[106.86491200028865,26.237271900278017],[106.87334160033464,26.238491399858276],[106.88041159991548,26.237597099626498],[106.88331209967373,26.233531899577542],[106.88702829981622,26.231580600064717],[106.88720960044276,26.230117100024188],[106.8847622996405,26.22857230037141],[106.88630319983287,26.219871999892916],[106.88304009972086,26.21873360027547],[106.87669529994821,26.21125240007825],[106.86473069966212,26.2117403002747],[106.8617396004023,26.207918199565313],[106.85820460016225,26.20751159988049],[106.85648240024261,26.20539720022066],[106.85675440019548,26.203201400224486],[106.85952600012484,26.201990599786427],[106.8590606000667,26.199876999623882],[106.86705779977768,26.194852900141257],[106.88590980039703,26.191356399877975],[106.89301279970101,26.183303899955092],[106.89604179998912,26.174115899828962],[106.89935279979193,26.17203690018283],[106.90598279976643,26.174773899595834],[106.92208879965841,26.190330400227822],[106.93868230044785,26.19991889993736],[106.94709780002353,26.201495899815995],[106.95855729967968,26.200311400051135],[106.97534979975353,26.19268039978067],[106.98222330016523,26.191278399878286],[106.99191280003578,26.192851899595553],[107.00189229978986,26.20169640006884],[107.02089680024721,26.21713639982505],[107.02704629964705,26.219379399839454],[107.03833779964981,26.227084899948238],[107.04174030007482,26.236451900235068],[107.03930680026866,26.248847899910686],[107.04015329973504,26.255258399655474],[107.04454029969514,26.261640399884584],[107.05737279971498,26.268875399879846],[107.06253030013329,26.275251399832314],[107.0679627997435,26.282999400102256],[107.07010629966607,26.292836899603287],[107.06532280030706,26.299291399578465],[107.05790730008192,26.29797540004472],[107.05123880013059,26.29390340022178],[107.04537180026841,26.294177900289924],[107.0392912995539,26.297893399860584],[107.02111829966987,26.318427899827782],[107.00923130008448,26.329290399832132],[106.99655930027154,26.33832340000498],[106.99405679998142,26.34315489977888],[106.9969103002702,26.348174900151548],[107.00589730012035,26.35360689973868],[107.03170030022875,26.356389900373642],[107.03836079981113,26.35931789960142],[107.05843380007985,26.375890900344814],[107.0794067995842,26.405973399952472],[107.0882032996426,26.41552739986963],[107.09134679981503,26.423522899862007],[107.08679180020147,26.42791339998348],[107.07124329993837,26.431017400132987],[107.06951130010646,26.436073400367206],[107.07311229979285,26.43879339989553],[107.08970629970605,26.438201899598027],[107.09687030002436,26.439746899799616],[107.09691630034706,26.444101400059594],[107.09243030031814,26.454450399766188],[107.09123980027664,26.463168899824893],[107.09770980006726,26.470907399656824],[107.11824029985002,26.480132899713624],[107.13246930041794,26.496286399997416],[107.13916029960819,26.500583400303753],[107.14787280028958,26.503257900431834],[107.15612030021174,26.509605399969303],[107.15899679976258,26.515767899968637],[107.15737130034529,26.530906400210256],[107.15435779987263,26.535974400098553],[107.13902279956261,26.535186899755672],[107.12261980036357,26.531657899792265],[107.09742679960715,26.51742940014674],[107.08901230007763,26.51955990036913],[107.07689679984747,26.535013399848594],[107.0659712996358,26.540828900033773],[107.063468800245,26.546348400058662],[107.06606280025807,26.549764400206982],[107.07736179970738,26.555403400346677],[107.08637980008774,26.562204400113046],[107.08718879962345,26.565635900076757],[107.0819168002202,26.575303899855157],[107.08020030020373,26.58242089980473],[107.0810467996701,26.590205899982323],[107.10379079990554,26.61362239975398],[107.12902079967023,26.628997900133015],[107.1326598002097,26.63446589958164],[107.13282779986315,26.65004739956788],[107.1259538003277,26.676915900248673],[107.12552630039852,26.68585589973003],[107.12843329955717,26.694082399583124],[107.13847330030262,26.699037399656333],[107.15319080001547,26.68768490043783],[107.16034679996488,26.687166399909472],[107.16472629957912,26.689647400107503],[107.16529829987672,26.69468490038787],[107.16280379995544,26.699746899999468],[107.15065780011741,26.713599900315216],[107.1476593003365,26.7200413996909],[107.14848329966463,26.72461690024977],[107.16059879989479,26.73322090042427],[107.17698680020072,26.733308899985786],[107.1823807998341,26.73463640004985],[107.18557729975265,26.746064900075112],[107.18895730003942,26.751077400101963],[107.19415280041147,26.75653089978124],[107.2018738003357,26.760816399557257],[107.20932779963829,26.762813399918514],[107.2329023004009,26.763746899799628],[107.2549133001088,26.762628400380436],[107.25013730019629,26.7820223999139],[107.2498024996857,26.790804599852436],[107.25131150002579,26.796375399904832],[107.24267450012815,26.798191999860933],[107.23901949975016,26.80713350031084],[107.22921399992623,26.807793699819456],[107.22621059973943,26.81012840010561],[107.22061369956265,26.811443000294275],[107.21597209973265,26.81704560037423],[107.20578980015921,26.816855200407247],[107.19824630032656,26.808235300218996],[107.19146810017276,26.807379199590457],[107.18740960007307,26.80910849965761],[107.18514330042302,26.816959400356097],[107.18239199999084,26.82058400005161],[107.18013850039154,26.82127839987828],[107.1760186998032,26.819233300176734],[107.16895099978888,26.82363179976778],[107.16349719973601,26.82498239981794],[107.15935279999178,26.823572400445983],[107.15005180005062,26.824494899819797],[107.14300970013761,26.821205699583402],[107.13795589964514,26.824815800408885],[107.1298339999392,26.82649629966454],[107.12424300021434,26.825119399840503],[107.12281159967563,26.821204900086116],[107.11588239975299,26.81722110037356],[107.11153510036468,26.81991589999882],[107.10379110027912,26.81968650003199],[107.09874720042302,26.808371999867973],[107.091904400168,26.80869910038325],[107.09055719955518,26.80611090009802],[107.08611269964143,26.803722200019592],[107.07531979996884,26.809590299752585],[107.07191330025864,26.809087999611563],[107.06799669968802,26.801694600225687],[107.06993550042307,26.793876999623876],[107.06681129970178,26.79378699997011],[107.0618417000345,26.78888229987831],[107.04768489973839,26.781529700035662]]]}},{"type":"Feature","properties":{"shapeName":"Pingba County","shapeISO":"","shapeID":"62558664B22284381771834","shapeGroup":"CHN","shapeType":"ADM3"},"geometry":{"type":"Polygon","coordinates":[[[106.14528880003814,26.62828660024644],[106.14602329973553,26.616539599922646],[106.1530082998932,26.603751000308478],[106.15393120036464,26.59849790015801],[106.15226190036645,26.594635800302],[106.13945760038803,26.588183699718],[106.13809980036558,26.584540799718184],[106.13922229996922,26.575233800399644],[106.13453469981658,26.55510659978978],[106.13693019966905,26.54751570028941],[106.13588260010198,26.53728969995973],[106.12983510000993,26.530793500219886],[106.12641099966794,26.529530299883504],[106.1253055997737,26.523489499740663],[106.12650639975061,26.518996500288324],[106.1242129001053,26.511558300275397],[106.12449999967532,26.509143500072526],[106.12745519979768,26.50679270012307],[106.12787509955626,26.503394699905527],[106.12354310033385,26.493155799700446],[106.11638210015388,26.48818779992706],[106.0916547998292,26.480153299934898],[106.08534390000102,26.473832799843876],[106.07968649973225,26.474626099914644],[106.07716679990796,26.47219160006233],[106.05565000014747,26.46257800027456],[106.05101310017449,26.462100900036546],[106.0458411998116,26.464535200239368],[106.04465589965008,26.469306600119523],[106.04125419962168,26.47138730038364],[106.03824609957792,26.471133400186318],[106.03407570043328,26.468793900218373],[106.02870010002965,26.4612109003628],[106.01570619958153,26.45563920008908],[106.00440329977255,26.453488600018943],[105.98841350038282,26.44572490028395],[105.99308030011582,26.434938400187093],[105.99331680023022,26.425542900384585],[106.00148780022187,26.41843239983541],[106.00685130024738,26.418430399743215],[106.03520980039201,26.431012899925463],[106.04900379978557,26.43397890000631],[106.05487829999362,26.433057899802293],[106.05818929979642,26.426866400264203],[106.06096630015469,26.414260899920635],[106.0650633002312,26.407838899645526],[106.07167830041328,26.40278989973416],[106.08393079976668,26.40002639999841],[106.08801230002769,26.396583400403642],[106.08851629988737,26.39268689968071],[106.07469179998662,26.371619900338203],[106.07289880003964,26.365205900431988],[106.07186129985917,26.35718740027835],[106.07695029981653,26.349618900192127],[106.08307679995443,26.350070900351795],[106.10250029994893,26.362649900372674],[106.10812380027323,26.369746900299276],[106.11248029972609,26.378906400010408],[106.11199179968185,26.387845900368063],[106.11685179987074,26.39127540023958],[106.125526299699,26.391492900377102],[106.13445280035648,26.388040400344266],[106.1433867995612,26.38894289969511],[106.15537280011472,26.383195899970872],[106.15944680002985,26.37814640003637],[106.15994280041997,26.371501900292515],[106.15917179993869,26.36829389984365],[106.151748800267,26.3607443997343],[106.14943679976858,26.355247399847656],[106.15248880021801,26.35043139988926],[106.1644593000567,26.340556899581316],[106.16674780037073,26.33642589973556],[106.1580123004274,26.309400399908554],[106.16258229983333,26.301143400447643],[106.17252329961065,26.297229899840033],[106.18247229975691,26.29973240013021],[106.19628129984216,26.3109343996029],[106.20599379987402,26.315500399723703],[106.21108229980837,26.314571400050113],[106.2184678004487,26.310661399603987],[106.22634879965744,26.300559899619714],[106.24088279990133,26.295028899963825],[106.25771329992892,26.293613400338188],[106.26281729967872,26.297725400207128],[106.27380380000545,26.301595899731012],[106.2798997996361,26.294704400287912],[106.28394279992034,26.283237400285827],[106.28694129970125,26.27977739990712],[106.29438779955734,26.280919900433105],[106.30127729980762,26.28456490034995],[106.30693830006254,26.29623789995918],[106.3136062999908,26.304241400320393],[106.33039079969569,26.29204740006753],[106.35381279972097,26.281665899761492],[106.35636829975726,26.281886900060442],[106.3581693000732,26.285089400255686],[106.37756329960666,26.287319399670594],[106.39360029991394,26.280393400435116],[106.4206008003867,26.274112900390094],[106.45500929983939,26.269405400039204],[106.47796579998175,26.270232900428084],[106.48415709987034,26.26459400011305],[106.48409380018882,26.278461299649337],[106.49342879989928,26.27998319986483],[106.49569189976143,26.28296340024076],[106.4966819004494,26.289050500180508],[106.49929860025026,26.290635600252813],[106.50156160028769,26.289367500409867],[106.50290529983977,26.29025519961783],[106.50050079957231,26.2937423999918],[106.50127869965235,26.295073900240368],[106.50474399973587,26.29684909990607],[106.50495620016858,26.293171799938648],[106.50693629957061,26.298814599714035],[106.51330110026561,26.300336199556],[106.513513299799,26.30331589990891],[106.52168870017346,26.30984639979158],[106.52157310041832,26.31256030011781],[106.52364780040574,26.314955499596692],[106.5262603003726,26.315530400207876],[106.52877449994327,26.31416480036529],[106.53038320002474,26.310911900363976],[106.53101580023906,26.313091199599228],[106.53339979956115,26.313009899986923],[106.53348679997589,26.31697729966271],[106.53564569988919,26.316636499774688],[106.54221099993777,26.321515199566875],[106.54453230032544,26.320645699939178],[106.54531269962143,26.323084100151164],[106.54811580010414,26.322806000096875],[106.5467568003861,26.32629020033255],[106.54917630044599,26.326333599815825],[106.54975310042528,26.333150999618965],[106.55410220025641,26.33455250039765],[106.55457259964584,26.33695809963666],[106.5567765996604,26.337686400307177],[106.56144760012671,26.336373800210765],[106.56469359963,26.338425699686354],[106.56020770032518,26.34458049969038],[106.56332029979205,26.34698430028527],[106.56268230004815,26.350037500430346],[106.55805140035193,26.357005599628792],[106.55428230028798,26.35843540027355],[106.55303020028356,26.3616142995603],[106.55350469968221,26.3638550000083],[106.55644120020128,26.36583539978392],[106.55941800024056,26.365559899669677],[106.56206569967236,26.37707409968999],[106.55871839963447,26.381103700075755],[106.54637529988025,26.38546109974999],[106.53837319976344,26.38279040015692],[106.53225400032193,26.383305799822836],[106.5294297001206,26.381993900298312],[106.52472259996807,26.38485199972007],[106.51750509988051,26.38372750002418],[106.51039210011538,26.38738200037909],[106.5000888003579,26.383680600379478],[106.49391729994352,26.384711399711364],[106.48837340041217,26.391551699851107],[106.47990059963303,26.395440200205144],[106.48141729996848,26.398813299993833],[106.47514120030621,26.398953800177765],[106.4727352997943,26.40064029971012],[106.47163700004756,26.4051842997157],[106.47310140030942,26.41075869975424],[106.47064330044805,26.410618199570308],[106.46666840042639,26.41605179995065],[106.46640690005847,26.421063600304933],[106.4634373998162,26.42091990033316],[106.45514679988497,26.43123240015518],[106.45030850033709,26.431103299777533],[106.453685700135,26.42826790014351],[106.44656910038373,26.427643099749332],[106.44428989995896,26.432849699554026],[106.44559229994474,26.436639900411137],[106.44066180010208,26.44134620016706],[106.44154550002486,26.44850949991354],[106.44973199983201,26.456588500159228],[106.44912730018484,26.45991990018331],[106.44321999990314,26.46287639982603],[106.44289440035635,26.471787200119252],[106.43991749959298,26.468872500065856],[106.43280089984171,26.468747600421466],[106.42568420026566,26.465333200167095],[106.41875360009863,26.45733810037308],[106.41577670023457,26.45712990012487],[106.41307879974687,26.459711699935042],[106.4080553001121,26.442179199910186],[106.40605519978772,26.44126289956324],[106.39684540009517,26.44626070017125],[106.39321730023829,26.446427199755533],[106.39237999993713,26.44334540027006],[106.39498479990863,26.431891700341737],[106.39144969984386,26.4272266003274],[106.39056599992102,26.419478799706894],[106.38637969986331,26.419478799706894],[106.38498430008542,26.417645900438004],[106.3927986001753,26.408355999929483],[106.3914963000143,26.405689699819845],[106.38614710010864,26.402565099799574],[106.37684429972472,26.40939750029446],[106.37651870017794,26.411897100271005],[106.38107710012815,26.419145500164745],[106.38103059978243,26.42168650043169],[106.37196030022773,26.44188769995742],[106.37075090003407,26.452215999968473],[106.36568090005358,26.454339800241655],[106.36005260004754,26.45050850036705],[106.35730829993815,26.450175399575073],[106.35112189955606,26.453964999685013],[106.3409353003239,26.453007200122215],[106.32270169962379,26.45621380032668],[106.32139929963802,26.462085300396325],[106.32321340037817,26.464208900120695],[106.32791129956689,26.464208900120695],[106.33200459983249,26.466290899905175],[106.33474889994181,26.46562470011986],[106.33874909969126,26.469288899663013],[106.33809789969837,26.476283900281828],[106.34637750002167,26.475992500153836],[106.34767990000745,26.478990200437465],[106.34502859969018,26.487774799767237],[106.34079580018607,26.492187700202237],[106.33428380025725,26.493228400170608],[106.33177200007782,26.491937900014136],[106.33079519963883,26.495101800407838],[106.32619030024222,26.49376959958738],[106.3224691996939,26.495476400415612],[106.31288720028414,26.492728899619067],[106.30884050018898,26.497058299800756],[106.31502689967175,26.50800599977714],[106.31818989984407,26.50904659992068],[106.31884109983696,26.517454299676217],[106.3209341999534,26.519493700374028],[106.32032950030623,26.52760940015372],[106.3096312003197,26.538512500051866],[106.30795670044142,26.544629499751636],[106.30325880035343,26.54542010005764],[106.29614209987807,26.543089899978952],[106.29051389969675,26.55112060033548],[106.27907139992521,26.55315940028612],[106.27437349983722,26.560482200193462],[106.27060580001773,26.56139749959499],[106.26167510042558,26.55940050013305],[106.25883769980004,26.556321600061835],[106.25372120037315,26.555073400417143],[106.25232569987122,26.55245209968473],[106.2535816004106,26.55033009985425],[106.2480464000214,26.548873799786065],[106.24613940021322,26.54454629987191],[106.24395319958057,26.552701800048112],[106.2415344999173,26.552743399987946],[106.23990650038473,26.55124549997987],[106.23325489959399,26.55120390003998],[106.23041759969254,26.544213399628745],[106.22511490013261,26.541799899845557],[106.21102110004381,26.54138379972261],[106.20590459971754,26.538137999868866],[106.19916000003406,26.54109250031871],[106.19497369997634,26.540509899712163],[106.1910199996733,26.543339600342335],[106.19441559960029,26.549539500447622],[106.19283410041345,26.554282899935913],[106.17990310034787,26.557112099643746],[106.17855420001638,26.559025999949995],[106.18236840018159,26.568969400017863],[106.17585640025271,26.575542300237032],[106.17939150031754,26.57928620039786],[106.18311259996659,26.579660599856823],[106.18064739995759,26.585609000055342],[106.18153109988043,26.594177500391368],[106.17436789995867,26.595092500318685],[106.17060029996395,26.59958439990021],[106.16227420019425,26.600582599707252],[106.15911129984664,26.60357710020304],[106.15715769986804,26.608442999944543],[106.15818099975337,26.609898499616122],[106.16273939970358,26.610563899904093],[106.16427440034334,26.612767999743426],[106.16320450028752,26.620419599884656],[106.15404499967707,26.62836000021389],[106.14528880003814,26.62828660024644]]]}},{"type":"Feature","properties":{"shapeName":"Kaili City","shapeISO":"","shapeID":"62558664B19105438431751","shapeGroup":"CHN","shapeType":"ADM3"},"geometry":{"type":"Polygon","coordinates":[[[107.7603774998218,26.801305999572264],[107.75818300024531,26.8017352999442],[107.75825020028657,26.79735070027465],[107.75638850022915,26.794837499850814],[107.75097320015311,26.794995999965465],[107.74348210021878,26.791783100010093],[107.74606800003824,26.787102199806725],[107.73948010002664,26.783674399653876],[107.73627230012659,26.77804720041803],[107.73211620020254,26.777636599649384],[107.73057370011622,26.772334900135604],[107.7209535002039,26.771419900208286],[107.71689280036253,26.76320170019835],[107.71792709985584,26.75935369991339],[107.71513530025396,26.75779570001157],[107.71426100004516,26.754985199907082],[107.70463880004064,26.75651039973519],[107.70453319984733,26.75186240032957],[107.69214559983965,26.73972459961061],[107.69197739963732,26.73514010043533],[107.69630479972676,26.733284999603086],[107.6947045002126,26.72604519992609],[107.6922562002635,26.72526410005821],[107.68644870044722,26.717764700280725],[107.68374390036075,26.716707600275583],[107.68440209977712,26.711103500126455],[107.68874789999563,26.704945500334645],[107.68759899989396,26.70075079970968],[107.68373170015792,26.698952599882602],[107.68711080022331,26.67275239980347],[107.6955573003292,26.6563799002123],[107.709503300437,26.64795690029075],[107.71404280023512,26.64331790040086],[107.72133630023012,26.619165399963265],[107.72431930019559,26.61385689977618],[107.72963729992154,26.61081139962647],[107.73441329983399,26.605251400431825],[107.73612979985046,26.600187399828712],[107.73676280026308,26.591703399792095],[107.73436730041067,26.586231400159022],[107.7258072995673,26.57831740032782],[107.73226929988834,26.570421400427335],[107.75158730041363,26.560842400256604],[107.76970679962915,26.557470900361807],[107.79873680016328,26.54665139964243],[107.8127593002016,26.54399690043664],[107.81916829987722,26.545543399808082],[107.8235473003677,26.54871540039545],[107.82602679959717,26.565217899686388],[107.8299408002278,26.571376900423672],[107.83455679995643,26.57362939997688],[107.84274279974045,26.57308940025564],[107.84947179978377,26.558112900290155],[107.8593293002071,26.548379900212296],[107.86670679957922,26.545553400269284],[107.88387279978991,26.54906090014049],[107.89327229977687,26.544149400274648],[107.89704880036192,26.539062400409478],[107.89951329979903,26.5307788997265],[107.89807129985064,26.517709899592262],[107.89595780041225,26.511764399707317],[107.88426980011127,26.495124900393876],[107.88200379993549,26.475868400006732],[107.8780822998583,26.468789900033926],[107.8716427996755,26.463346399916475],[107.85465979980995,26.45318389981719],[107.84091179983977,26.4340343998677],[107.83490729993201,26.422616900349738],[107.83434279998028,26.417341399885743],[107.82919329993092,26.413490400361752],[107.84391779996656,26.406696400018916],[107.84980029964419,26.40755840020006],[107.86638630008775,26.4292029000938],[107.86997229998173,26.429626899861603],[107.88852680037161,26.422789900233738],[107.92604080004293,26.420812399872432],[107.92790229955153,26.42699039968727],[107.94165779986764,26.445213400078387],[107.94378680002086,26.452535399589067],[107.94474029992494,26.46767239976151],[107.94963830006753,26.47129639960923],[107.95398730007389,26.472856399603188],[107.9585573003792,26.4695969003767],[107.96504229996225,26.457366900262286],[107.97115330028464,26.45523840013209],[107.97579180015151,26.458862399979807],[107.97746279986836,26.469402400400497],[107.98184180035884,26.472798899649547],[107.98565680002139,26.471841899584035],[107.99140929999925,26.461913900406216],[107.99548329991444,26.460952900156258],[108.00033169974819,26.477276199636947],[108.00768319971996,26.476323000106447],[108.0098402002651,26.48382320028054],[108.00703520041424,26.49386370014969],[108.01054990025773,26.501194799900134],[108.0082863003725,26.506488499944396],[108.00874870029236,26.508939499658254],[108.01305989999446,26.51103359982085],[108.01432020001727,26.513893300035818],[108.01838540006622,26.513596399654148],[108.02104030036963,26.510849499604774],[108.02377800035447,26.513225199983026],[108.03240620038588,26.51456140008861],[108.03580769986553,26.51292819977664],[108.0370336997455,26.509951299912586],[108.04347949967922,26.505445899708548],[108.04490999999655,26.50661169987012],[108.05063449958254,26.502565399973264],[108.05005380014285,26.49105689985612],[108.05818410041599,26.48730710014263],[108.06216640005937,26.487455599796135],[108.06851310009955,26.482628899704025],[108.07646659995368,26.48007389969075],[108.07826119979461,26.47509149997279],[108.08394420016475,26.47163820044267],[108.08693089994114,26.471861000285003],[108.09207460026266,26.475462800368007],[108.09265529970236,26.48032689966675],[108.09078779991711,26.483662600248863],[108.09634720016322,26.490425699886202],[108.09937530023001,26.489237699959915],[108.1087502001617,26.49079700028136],[108.11061679972556,26.48920050040283],[108.11563610042577,26.48920050040283],[108.12065540022661,26.487084300300296],[108.12227319964853,26.487715500270156],[108.12077979984792,26.48908920030641],[108.12306129983915,26.4926903996423],[108.1270021002668,26.49365569955097],[108.13629390014341,26.500932000011858],[108.13770429971373,26.503196500118463],[108.13343169981317,26.508542000213197],[108.13724799989535,26.512922099675222],[108.13757990009236,26.515928699649805],[108.13467609982223,26.5187496004138],[108.13716499966506,26.523314999787488],[108.13491750034245,26.52930499992584],[108.13638070000934,26.53490960009799],[108.14296519968428,26.533682399623103],[108.14625740005903,26.536136900397707],[108.14685189959556,26.53904140034041],[108.14826940021271,26.539245899878438],[108.14854369973204,26.536914199730575],[108.16363320041194,26.54869519982367],[108.16637679994943,26.544441099876906],[108.17282409995232,26.540064100378004],[108.17597919958047,26.541127699783544],[108.17991160034012,26.548613400188344],[108.17254980043299,26.555812299598017],[108.17972869981969,26.559779700173067],[108.19047429964928,26.562806300170678],[108.19175459969506,26.567141500080197],[108.20234680036458,26.56666990009586],[108.198327599739,26.570484899758355],[108.20160569964338,26.57291989963369],[108.20071670001573,26.575950999838824],[108.19466059970699,26.57793859958673],[108.1978830999252,26.583304999925872],[108.19516060028155,26.591652099764644],[108.19216030005788,26.59463309963786],[108.1929936999993,26.599849699903757],[108.1866598000098,26.604122100154825],[108.18021469974866,26.60620850032211],[108.1759364997697,26.61579590016072],[108.18227049958392,26.624239999976055],[108.18165929963703,26.62846179987224],[108.1761031999028,26.63169019964306],[108.16849140015808,26.63020020017916],[108.1673245999504,26.628263199886817],[108.15749030023721,26.624538000228597],[108.14954510022625,26.624587700362156],[108.1451002001142,26.629206899878568],[108.13037649957585,26.632683499943596],[108.12682059999077,26.632186899705687],[108.12215349988418,26.63531580028399],[108.12443149971398,26.639686199658456],[108.12248690015036,26.64346049960244],[108.12415370003328,26.644999999550407],[108.12415370003328,26.651008800016143],[108.13426580032649,26.658953800377617],[108.13626599957627,26.664216999914686],[108.13921070011378,26.66664989987305],[108.13448800032103,26.667940900052542],[108.13348790024645,26.670870199700005],[108.13615490002866,26.67985640005287],[108.12066630000982,26.693935399998736],[108.1215972997756,26.698039900421122],[108.1253893001761,26.703204900285982],[108.1354368003681,26.711168399701933],[108.13848879991826,26.71704490000218],[108.14058630041751,26.73167440015351],[108.13775630031307,26.751504900031136],[108.12484730036266,26.76910989980206],[108.11508930003123,26.777534600341596],[108.11306969970695,26.772820200392005],[108.10876600035067,26.770082700056605],[108.10538729958427,26.76997189998326],[108.10226170041722,26.76303640030966],[108.09897219980724,26.759648000354957],[108.07942180007609,26.761512900200216],[108.07388280005125,26.764201900097646],[108.06646729982606,26.764880899933644],[108.05531329986894,26.761535400338516],[108.03331679993045,26.749561400338393],[108.02429180012655,26.748218399559562],[108.01048280004125,26.749084399925152],[108.00286879965546,26.751371400170058],[107.99999979955118,26.75143440037732],[107.99606279965855,26.749189400270666],[107.9932633000613,26.750366399689653],[107.97100829989319,26.77262690011139],[107.96436330012625,26.7736128997156],[107.95585629992837,26.769798400076127],[107.95223230008065,26.766393400435106],[107.93395229975891,26.737205399809397],[107.92608540012117,26.72995630024309],[107.923777600356,26.73044159960017],[107.91728659959693,26.73763060017211],[107.91335409991183,26.73901179965486],[107.91041839978936,26.747422799922333],[107.90242329999535,26.754104599947368],[107.90358269968192,26.758177099793386],[107.90216979999633,26.761077200252657],[107.89509640007884,26.76569839986132],[107.8876516997662,26.768661499628536],[107.87996039995255,26.76893480000109],[107.87110870040624,26.772467200301094],[107.8673310001256,26.76985899999289],[107.85165619997372,26.768780200246113],[107.84678849978951,26.774951400286966],[107.8364821000689,26.767881600355622],[107.82765599972464,26.771972500330662],[107.82373610044073,26.7771848998633],[107.81856880011009,26.776474299649237],[107.818283699733,26.778504100084206],[107.81644649990608,26.77931609975826],[107.79969780041324,26.783302699959677],[107.79372420031166,26.7870143998947],[107.78852400008259,26.799013699622606],[107.78340660043432,26.803545100126314],[107.7817739999702,26.803240999772356],[107.77923680023821,26.798089600354842],[107.7750670000421,26.794156999945642],[107.7723190001218,26.795118299669866],[107.77003509984007,26.798774899941748],[107.76626310036187,26.797837899899207],[107.7603774998218,26.801305999572264]]]}},{"type":"Feature","properties":{"shapeName":"Xiuwen County","shapeISO":"","shapeID":"62558664B5129752532885","shapeGroup":"CHN","shapeType":"ADM3"},"geometry":{"type":"Polygon","coordinates":[[[106.5394826996669,26.760367400435257],[106.54410120041013,26.76087290036412],[106.54755759990337,26.757999499877087],[106.55256339998101,26.757893100186493],[106.55774799967048,26.758957300339205],[106.55870149957462,26.76241600029823],[106.56656770043907,26.763905899937356],[106.57246739965086,26.76161789964641],[106.57342089955495,26.755711399761367],[106.57526830039183,26.75432789981278],[106.58377569988869,26.755148399878806],[106.58792380034316,26.763897199895894],[106.59436050003711,26.762236900312757],[106.59586240022963,26.765557399654313],[106.59922379983857,26.76536589981646],[106.60194149980043,26.76689840034095],[106.60172699980126,26.769005600028493],[106.60587510025573,26.769708000224057],[106.6098800996869,26.77264530024047],[106.61009470041017,26.775263199736912],[106.61903460006681,26.784138099993356],[106.62854659984578,26.78298890041748],[106.63054909956134,26.78490420006881],[106.63784409962557,26.78432959983121],[106.64041880018755,26.786564200177736],[106.63863079957179,26.792501599869013],[106.64120550013376,26.795119000241698],[106.64943020044348,26.79307620010661],[106.65372130029783,26.787138800415335],[106.65651059978444,26.785798100102284],[106.66494980009327,26.785925800235532],[106.67825240002833,26.78962870030432],[106.68311560000501,26.792437700339633],[106.6934859001542,26.791543999955707],[106.69513079974666,26.796268199817632],[106.69777700000861,26.79671500009721],[106.69763399970935,26.791607799660255],[106.70235430011093,26.79231010003116],[106.7041422000026,26.79345919978232],[106.70635930044142,26.802651899765408],[106.7080042998586,26.803992400428967],[106.71186629988989,26.80443919980928],[106.71429790032789,26.806673399957504],[106.74433589968208,26.811014000295927],[106.7466245996456,26.81267360020655],[106.74755429989108,26.81612029961218],[106.750271999853,26.817652200288876],[106.75391949988506,26.815801200365172],[106.75685179967087,26.817652200288876],[106.75849670016265,26.82250289968914],[106.76300239984096,26.825438800360416],[106.76915309983576,26.832076199956703],[106.7675796001185,26.834245999653206],[106.7681518000656,26.838202600269824],[106.7713700995505,26.837436799668637],[106.77322959986623,26.84043609984616],[106.7652909999797,26.84630690024329],[106.75928340010887,26.84809360043937],[106.75670870044621,26.851092600243362],[106.75683290041809,26.853169699622015],[106.76681810007534,26.85587520028031],[106.76726190021657,26.862341799734338],[106.76452520027783,26.864717199739005],[106.75690680040856,26.86616879995023],[106.7515813003368,26.86517909963578],[106.74914049983425,26.862605700392805],[106.74677360022156,26.86240780007995],[106.74485049985077,26.86498110039753],[106.74810499974598,26.869863699650068],[106.75661099989776,26.873426499733228],[106.76311989986357,26.870259600100496],[106.76770570035785,26.871051300277315],[106.7679275999788,26.87797890030606],[106.76933290039312,26.87943029996842],[106.78693659974437,26.88266300029727],[106.79140500004075,26.886586299917838],[106.79273250010488,26.884590400326772],[106.79612500006874,26.884862199730776],[106.8055004000235,26.880879499889033],[106.81275520039225,26.89241939983549],[106.81663809976857,26.89243389960484],[106.8176126995665,26.896096900351722],[106.82167400015504,26.895018099705567],[106.82144889984693,26.898151499592075],[106.8249711000363,26.896801600113804],[106.82848560023035,26.89754300030927],[106.83173650013941,26.900454999698525],[106.83338930027605,26.906409900196763],[106.83710860038167,26.908306000221785],[106.83939680032216,26.911468799845295],[106.84176210004097,26.911639699812326],[106.84273929977894,26.913650799744687],[106.8447471999234,26.91186549979301],[106.8510400998208,26.91077890022609],[106.8546016003836,26.90787020044945],[106.85763290023823,26.908168500176203],[106.85904570009905,26.910423400019965],[106.86298410023608,26.908208000199124],[106.8657661997504,26.91084839983381],[106.86658180030992,26.90897820028374],[106.87275710035993,26.913563900053987],[106.87176370023462,26.916956300193135],[106.87495970013009,26.917880199811407],[106.87476139961893,26.9210088998409],[106.86838939985097,26.931018800277457],[106.873497100311,26.933453399954487],[106.8782507997347,26.938593199916284],[106.87961619992774,26.9529740995751],[106.87794739995263,26.957391699867117],[106.87410389987514,26.960547000044073],[106.87278910003698,26.968930699592136],[106.87577279967502,26.974654799879147],[106.86884449997376,26.983397899993122],[106.8661642001178,26.99159969996623],[106.86029789992818,26.988400199909336],[106.85468440006508,26.987814400414322],[106.84805959997061,26.993987999846354],[106.84087840011813,26.99159969996623],[106.83759119997399,26.98794950016935],[106.83010670016415,26.988445300010653],[106.80497259960583,26.9791166000511],[106.79394800039995,26.980739000404583],[106.78595759956363,26.97997290032913],[106.78004079974318,26.97668289969613],[106.77366870015044,26.975330799576795],[106.77220219997162,26.97312240007875],[106.7723032999574,26.969020899794714],[106.77518589960965,26.963071200075888],[106.77387099994672,26.962440199755463],[106.76454260036076,26.963896499823647],[106.76152540007723,26.962142700425318],[106.75496629995484,26.966468700270354],[106.74676750012009,26.9655918001215],[106.74342239982394,26.966819499720202],[106.74539010027297,26.97383429981312],[106.74092999981968,26.978218400358912],[106.73404299968473,26.977224699860074],[106.7268935998598,26.978919799609116],[106.72407320001821,26.976055600085942],[106.71226690019733,26.973659000362602],[106.70183800022357,26.97488650031181],[106.70000150006922,26.977283100035095],[106.69462300025134,26.97740000020991],[106.69219620039439,26.9797380999334],[106.68373499997034,26.97494500031155],[106.68314470026775,26.970794600290617],[106.67343730029125,26.967287100419412],[106.6696329998631,26.967404100418946],[106.66045040016587,26.97172989971517],[106.65920409988934,26.97371739963836],[106.65986009956401,26.978510599984247],[106.65743319988235,26.980556500082457],[106.65421929988082,26.9797380999334],[106.64733229974587,26.974068100162754],[106.63762489976938,26.97102839974093],[106.62981960009455,26.972080600239565],[106.62634330040305,26.968105600393187],[106.62181749997768,26.96845630001826],[106.61368430029029,26.97266520003899],[106.604763999559,26.9747111001372],[106.59741790001613,26.972372899689617],[106.59551569988969,26.975237199936885],[106.59794259957135,26.979212099958488],[106.59695869988417,26.9831868003306],[106.59997590016769,26.98575849985491],[106.59984469987307,26.988505599553832],[106.58843200003685,26.988914700253247],[106.58600510035518,26.985933900029522],[106.57839660022296,26.98710289997888],[106.56816449979192,26.9996100999262],[106.55662049983624,27.00451909967677],[106.55583350041576,27.007616300052234],[106.56029359996973,27.01223279980394],[106.56711499995737,27.012934000303915],[106.56796770024926,27.015738900330064],[106.56659030040208,27.016790699731075],[106.56304839966396,27.016615400280557],[106.56081830042427,27.01924480030732],[106.53504129971628,27.02298439991017],[106.5250058999024,27.027834000338885],[106.51300279963954,27.030872099967496],[106.51477380037068,27.038058200225805],[106.51044480038729,27.042206100131466],[106.50572230024403,27.04232289958219],[106.50329539966305,27.04460129961035],[106.50257389966578,27.050618200269753],[106.4993599996643,27.053188500448982],[106.50132770011334,27.057686199758336],[106.49968789967687,27.05978899996245],[106.5002783001035,27.063468800045143],[106.49831049982976,27.065571500424483],[106.50296749965042,27.071003300362065],[106.50644380024124,27.073047400017572],[106.5162168003651,27.07386509959474],[106.52179199990093,27.077369200028613],[106.5227757997634,27.08005569981077],[106.51825010006212,27.08782260023287],[106.51490499976597,27.088523299810504],[106.51424900009135,27.09185180042033],[106.50808349995361,27.097223899763208],[106.50204920011055,27.096231300034503],[106.49909759997433,27.098450100191997],[106.49588369997281,27.098566899642776],[106.49398159967114,27.103121300307805],[106.49627720013274,27.105047999765418],[106.49653959982271,27.106566100345333],[106.49444069997838,27.10814250037612],[106.49542459966563,27.11112009991274],[106.49175150043146,27.115615600379726],[106.48912790013253,27.116432899758593],[106.48565160044109,27.1218038003052],[106.4876849001381,27.12857550015923],[106.49699870012995,27.13499650038824],[106.49896650040375,27.147487300298735],[106.49765459997985,27.14970510041013],[106.49162030013679,27.150171999638133],[106.48604509970164,27.146203199717945],[106.48176629987489,27.145322099735154],[106.47397449992332,27.146477599961315],[106.46488409962154,27.152172799635025],[106.46367819958931,27.15621710033895],[106.46442030035666,27.16702849996534],[106.46896550005783,27.17643600032119],[106.46850169989358,27.17858150033601],[106.46525509964317,27.180644400318897],[106.46219409967802,27.190958400210036],[106.46033889992037,27.192196000445108],[106.454495099869,27.191288400139626],[106.4541225997782,27.19579299994706],[106.44457770010087,27.192862399879914],[106.43851050035937,27.16436200020621],[106.43586489994522,27.160191199963947],[106.41903000043425,27.157939400083308],[106.41175910040221,27.154770299809513],[106.40458869960884,27.14530630044544],[106.40357039995405,27.139739499678228],[106.40512250030321,27.137508500217166],[106.40412619986427,27.13427889985138],[106.40084140001068,27.13255150005176],[106.40031869964832,27.126171599739564],[106.39288180005508,27.117301900262532],[106.39459439971182,27.108552600222367],[106.39157189972343,27.101009600412794],[106.39285179957096,27.094874300408662],[106.39881020023063,27.081977300112385],[106.40989550007731,27.066241499845376],[106.40984589976853,27.061018300354306],[106.40305469991455,27.049698700134968],[106.4036810003779,27.047077699776082],[106.40555439971581,27.044066399944427],[106.41433249964518,27.039842400306554],[106.41742819995153,27.036058900298087],[106.42675809960667,27.01871339990356],[106.43160860025677,27.01687410015967],[106.44328920003659,27.01751810018021],[106.44648600032872,27.01541999983317],[106.44694940029467,27.01317559957431],[106.44494610018245,27.010431500013738],[106.4341485995783,27.008363499975587],[106.4318088999608,27.00212340017481],[106.41440870010149,26.99164549974006],[106.40573880030547,26.989872700364856],[106.400232700179,26.986502400165705],[106.3844299004196,26.98402469958029],[106.37746719985148,26.98138329989945],[106.37215890021315,26.971473399577803],[106.3697894995858,26.961141299931114],[106.35878679977105,26.950520499921197],[106.36016800015312,26.939140600158623],[106.35897349992712,26.9353217001364],[106.3664680001981,26.933117799946558],[106.36830479982672,26.93056329995636],[106.37334509969668,26.92816939999784],[106.3782953000881,26.92031309976977],[106.38712789983276,26.917420499656373],[106.39304860001295,26.911781200042412],[106.3937788998764,26.90207520031032],[106.39124949996449,26.899056499957567],[106.39345609991915,26.892319500444614],[106.40064780025585,26.879269100088948],[106.41616859960124,26.866931200214765],[106.415325700121,26.862035200164428],[106.41645870020892,26.85985559965627],[106.42130490030098,26.859032999673275],[106.42451380007185,26.86144539958559],[106.42714160020472,26.868307799665274],[106.44415239991338,26.874824600175202],[106.44878309996017,26.870882600052028],[106.45274209996802,26.87064409984538],[106.4551451001663,26.868499800425525],[106.45564679956021,26.865267699944468],[106.45093949975819,26.860035199664765],[106.44125860010439,26.85381359981784],[106.44029120027875,26.848791999551167],[106.43606180021197,26.842030099609474],[106.43535170002099,26.83512980030008],[106.43805459983997,26.829989899614247],[106.43657219964734,26.821853099940654],[106.44441400010606,26.814803899880133],[106.44315279986188,26.811874700057388],[106.44009089967534,26.811125000018762],[106.43709149967304,26.806041000291998],[106.43698379956277,26.80266429961779],[106.43374729959828,26.80111430008492],[106.4346830001204,26.795545500124774],[106.44025609973926,26.79462650001301],[106.4439151003017,26.790721200323162],[106.44663700009755,26.790170399744227],[106.4599960999401,26.790881400156536],[106.4653345997121,26.78567080016734],[106.46797090023693,26.785964999884868],[106.47031259994657,26.78745810021121],[106.472864400172,26.79447579971844],[106.47856970013163,26.802030200233617],[106.48681329969406,26.806638400142106],[106.49420729982711,26.805722800366993],[106.50048390041172,26.801462600318814],[106.50953169982813,26.80529209975066],[106.51676889956514,26.802811300101496],[106.52547039973922,26.807884300220337],[106.52791570044928,26.813265800176566],[106.53160979975252,26.81491689969522],[106.54756060004172,26.805989800089264],[106.54765359983384,26.80428970010962],[106.54264250005139,26.802411400365884],[106.54182810008683,26.80066689995749],[106.54210730001193,26.793353800137822],[106.53797659964044,26.793057499603947],[106.53581990036815,26.7908362002305],[106.53581990036815,26.78756420042754],[106.53891959995963,26.783557899677362],[106.53463589972705,26.768991999581147],[106.5394826996669,26.760367400435257]]]}},{"type":"Feature","properties":{"shapeName":"Wuchuan Gelao and Miao Autonomous County","shapeISO":"","shapeID":"62558664B81033553426557","shapeGroup":"CHN","shapeType":"ADM3"},"geometry":{"type":"Polygon","coordinates":[[[108.11920930026906,28.633989399691075],[108.1230928003925,28.635860399637806],[108.12463380040964,28.638397399720247],[108.12087229961702,28.648450900188948],[108.11949179980678,28.655317400277852],[108.12077330044752,28.657165400063207],[108.13603229995073,28.668315899858953],[108.15883630025513,28.68022340038965],[108.1655502996067,28.68601789960644],[108.17017379968115,28.69339739997008],[108.17239380043361,28.705800899991573],[108.18213630005027,28.719877399822167],[108.18466179960245,28.728616899949998],[108.18444829964938,28.749252400078262],[108.18570730015182,28.75316239962507],[108.20420080042663,28.781074399863712],[108.20768730022877,28.797845899868435],[108.1990737996162,28.82414440034387],[108.19670079990203,28.825500399923556],[108.19075780013242,28.8197129001303],[108.17957279964503,28.816173399682725],[108.15231329981901,28.85124389998606],[108.13342230009914,28.860011899629512],[108.12600729989703,28.868430900265878],[108.12413780001953,28.872768399741915],[108.1243287998343,28.878963400340695],[108.13030979955766,28.905622400353536],[108.13390279977443,28.935010900332827],[108.12776179986724,28.946879899987437],[108.11279280024758,28.95361690039971],[108.10408029956625,28.96156289990796],[108.10243230001072,28.968427399904613],[108.10418679998088,28.975095899855944],[108.10122680017673,28.982406399735623],[108.09091929968599,28.992396899997004],[108.08302279976243,29.002715900118744],[108.07444780002601,29.0100383996525],[108.07433330014175,29.026010399660265],[108.06915279956212,29.057393899908618],[108.06935639977809,29.061731799582958],[108.07345120011286,29.064492899927416],[108.07225059978543,29.067184599589666],[108.07301099995772,29.07383010027894],[108.07182350005456,29.08255349984421],[108.06713360033547,29.08606769966468],[108.06502799964255,29.090152100239266],[108.06093289983352,29.088316899605275],[108.05754010039539,29.084431799587946],[108.05648720022418,29.080546599745844],[108.0314268000069,29.05663349973628],[108.03050620000118,29.050678299763774],[108.01927489971689,29.041503400061913],[108.010805400349,29.04214730025774],[108.00565009967244,29.038605900442008],[107.98823520039423,29.037551199828044],[107.94369309965691,29.0371730996589],[107.92703120002994,29.039571800198473],[107.9220599995694,29.036352300118608],[107.92025979965007,29.029793100171503],[107.90363639999993,29.00932380015331],[107.88044899982157,29.0117198000288],[107.87934429959978,29.010109599878206],[107.88044899982157,29.0073722002669],[107.88394729962823,29.0039906999109],[107.88192200030011,28.993040200345035],[107.87723859998147,28.988094500161083],[107.86866539978843,28.987564500001724],[107.86369410040248,28.973229699591002],[107.86346880044482,28.962851499796955],[107.85961129972179,28.958938400286968],[107.85109730010038,28.943160900255407],[107.814309600108,28.89355389959286],[107.80716890032454,28.876020699895435],[107.80235269981728,28.873181999749534],[107.79633940004334,28.843238400431858],[107.79382380022827,28.807927300004962],[107.78828440000513,28.79143940030815],[107.78446180017198,28.788904400317847],[107.78678879956351,28.763824400275894],[107.78407280021963,28.748771400379894],[107.78147880020651,28.74312189975592],[107.7711102996007,28.732221399797822],[107.76967630002127,28.71070490041086],[107.76690680000888,28.70666490026497],[107.7548368000783,28.70476539990335],[107.72353379994496,28.69110290027868],[107.72077180027844,28.687518899577583],[107.71852880026398,28.67749989980058],[107.72093179956295,28.666412400212153],[107.72061180009456,28.65884990040263],[107.71832229973438,28.653878899591575],[107.70678730019381,28.645763400360693],[107.69700629970106,28.63598640005239],[107.69760130015993,28.60018140005161],[107.68984979972856,28.58896239979498],[107.68123579999224,28.582356900050968],[107.66623679988845,28.578021899790883],[107.65853129977972,28.574138399667447],[107.64087680042405,28.56254189998873],[107.63317130031533,28.55223440039731],[107.6372068002537,28.542932400409995],[107.64195229965895,28.53796389971427],[107.65467079981761,28.530908399902785],[107.65516680020772,28.524009900136832],[107.65216080008094,28.52043539987386],[107.64845229993375,28.518720399926565],[107.64119729991552,28.519637899969155],[107.62805930019658,28.516155400351522],[107.62286379982459,28.509898899614598],[107.62743430015291,28.500804900226],[107.63987730019733,28.49375889995332],[107.64071630021715,28.488687899926674],[107.63771829955994,28.478917899941166],[107.63366679978304,28.475377900369836],[107.62917330030763,28.46703339957179],[107.62851729973363,28.45742239972401],[107.63094280007022,28.45298740024839],[107.62235279964204,28.42068790002662],[107.62259680010231,28.41402789956794],[107.62635029962667,28.404046899744685],[107.63622279984241,28.397769899861032],[107.63860329990246,28.392188899698],[107.63208030036566,28.3852863997476],[107.620628300156,28.37830939995888],[107.61092379959376,28.35682690034122],[107.60964179982926,28.350675399949807],[107.61441030029516,28.340202399920884],[107.61789630007422,28.336650899819233],[107.62634280018017,28.33340240020067],[107.6292572996847,28.328721900195603],[107.63217930043442,28.317619899938506],[107.63067630037102,28.30642890007374],[107.63345329982997,28.30427539968997],[107.64832280025706,28.306096900051955],[107.66037590012775,28.311612600441208],[107.66486650018891,28.31387909974069],[107.66653310042233,28.317968600370648],[107.66908300038023,28.319669999870655],[107.66953279989883,28.329730899961135],[107.67257110007625,28.332132599739737],[107.68342409964254,28.324867899633887],[107.68746349994063,28.32695240043296],[107.68835580008016,28.331278099904466],[107.6859267995822,28.33583909979467],[107.68943149986387,28.340346000067882],[107.69289589972607,28.343258500379534],[107.70264639971163,28.3458330003927],[107.70654710026855,28.33654269968588],[107.71286060003672,28.33247889988138],[107.7260206996956,28.329029900009914],[107.72908080033875,28.324699999805205],[107.73048809994594,28.327691599987418],[107.7390778998253,28.323588800183018],[107.74596620037988,28.318123899798195],[107.7557165996414,28.31775599973963],[107.76391829978974,28.3194191996364],[107.77044240009673,28.317429699621016],[107.77425269990226,28.32082199993539],[107.77777819970419,28.33993569967288],[107.78255790032688,28.35292299999651],[107.78550479970681,28.35297539989483],[107.79622630040348,28.342349900027898],[107.79695939985646,28.339559300121664],[107.79193249988504,28.32560359992624],[107.79235039955137,28.320453699678524],[107.79555410034152,28.318369099954054],[107.80224010020055,28.319963200441407],[107.80641889991239,28.3231512997927],[107.81063929956406,28.331824799574918],[107.8140378996294,28.332116900274798],[107.81644790015054,28.33001760023211],[107.81749189973146,28.310748500343095],[107.82224169969476,28.29990000008496],[107.8230081001438,28.294500400373238],[107.83114859962825,28.291895600401688],[107.83107359976685,28.279490799960513],[107.83442220022442,28.27698290014075],[107.83519639959422,28.2712527995771],[107.84015849981495,28.260500999821318],[107.83929179977679,28.254341099761973],[107.83559520035828,28.253738900230132],[107.83089330008579,28.24543460002684],[107.83555770042761,28.240545999598226],[107.83974660042531,28.240801499689496],[107.83762030003686,28.2355669003922],[107.84054539985038,28.230535400388476],[107.84277409974499,28.23004450005368],[107.84249549966762,28.22452180024095],[107.84152049967139,28.22145349957941],[107.83399869958038,28.220103399552272],[107.83232719984045,28.218139600362292],[107.82828769971763,28.217034999965335],[107.8257877004421,28.21391120034167],[107.82325359977386,28.213561700412185],[107.81752510000342,28.21754760004177],[107.81541910001152,28.217269199613895],[107.8132442002597,28.211634300382684],[107.80864759980693,28.208565600422162],[107.80423980032657,28.208562399735],[107.80576729972114,28.203593899938596],[107.79888290042555,28.196268799565473],[107.79933040037776,28.18694190004868],[107.80506350018044,28.18535090042377],[107.80827180010357,28.18044349966783],[107.81129139977833,28.17902950011137],[107.81780260020992,28.183034000418843],[107.82025590038955,28.186931199915023],[107.82478539972647,28.184352800441445],[107.83297040036376,28.18801900007685],[107.8429165001964,28.197961800296923],[107.84724369973702,28.197435499948426],[107.84795630004328,28.20607330024268],[107.85074940006484,28.207353299914928],[107.85523590011678,28.20387190016811],[107.85734070041303,28.209052899871494],[107.86083979971704,28.25073990042614],[107.85694129980118,28.26853389991959],[107.85751330009879,28.27562539959257],[107.86157180019848,28.28581239992235],[107.86186230010514,28.292453900427233],[107.85872580025551,28.312228799719378],[107.8583057997729,28.31938469984408],[107.85992269987275,28.32356320008165],[107.85628919958697,28.325551700050994],[107.86047930017963,28.341962900167744],[107.86153759988036,28.358065800096654],[107.8686319000422,28.37000709984784],[107.87267300005897,28.373063300131264],[107.87478670004623,28.378889100251854],[107.88442229994922,28.37610639999042],[107.88762680023672,28.37829190005118],[107.903816300382,28.38026790034337],[107.91912080018483,28.37974939981501],[107.94230630009571,28.37528990010884],[107.94985180002061,28.375718900107188],[107.9745023000412,28.369138899740506],[107.98383329956721,28.368589399581197],[107.98696880026995,28.369167400155447],[107.99050130039478,28.372716900164846],[107.99717679976953,28.3828068996188],[107.99999979955118,28.39061539998079],[108.02519979973101,28.368890899995108],[108.02937329973804,28.367788400414383],[108.03273780020936,28.368737900134022],[108.04727929989986,28.39181689963027],[108.06378930043593,28.425231900032202],[108.0639803002507,28.430965400033244],[108.05948629985289,28.436883899572365],[108.05162829990616,28.44230639962069],[108.04457830034835,28.444530399658277],[108.04428829956544,28.447280899693794],[108.0516968003671,28.457673899630834],[108.05597679988944,28.470557900226993],[108.05565630039803,28.475599399792543],[108.04374679977502,28.49313740007102],[108.04367830021346,28.49909989984053],[108.04544079965325,28.50370389991508],[108.04904180023897,28.50740789985474],[108.06298830036985,28.516490899635357],[108.06555179987572,28.51972789962292],[108.06575780038224,28.524774400318393],[108.06543729999146,28.53004439962939],[108.06304180013905,28.5343778998203],[108.05381029980555,28.544606900288272],[108.0391462998619,28.551338400446866],[108.0341263003885,28.55793739989116],[108.03591129996659,28.561626400038392],[108.04544829999912,28.569976900213817],[108.03404979955866,28.58706090024043],[108.03315729976964,28.59599690043666],[108.05281079957882,28.608346899789638],[108.05903629978548,28.60955639980807],[108.0760267999969,28.60490590028712],[108.08173379967519,28.608175399974755],[108.08583029972863,28.61325839965548],[108.11920930026906,28.633989399691075]]]}},{"type":"Feature","properties":{"shapeName":"Xishui County","shapeISO":"","shapeID":"62558664B55211697119059","shapeGroup":"CHN","shapeType":"ADM3"},"geometry":{"type":"Polygon","coordinates":[[[105.84263610007599,28.262530099684398],[105.84694779980117,28.256733499651318],[105.8566874998283,28.252720599675968],[105.86627009998517,28.25839389995855],[105.86941190043893,28.25756369980496],[105.87183079975165,28.24803849977701],[105.88650670042392,28.239873300412512],[105.88114730040763,28.231428000002268],[105.87895399962741,28.21743460022668],[105.86604639992146,28.203844399799266],[105.85608320037943,28.169736399815065],[105.86065669994679,28.16521439992465],[105.85699429994702,28.162620100437323],[105.86286139963397,28.15257010013005],[105.87442799955261,28.142667100306483],[105.87241639959723,28.13187619982682],[105.87342219957492,28.127736900137904],[105.88007349999208,28.12764550023968],[105.88917949993402,28.123153900132422],[105.90510449957304,28.13675439959593],[105.91600060004771,28.138232599954563],[105.92409619997972,28.14379920017302],[105.9253879996565,28.136606599614936],[105.9349429996198,28.13571960007954],[105.93661929994079,28.14030200023717],[105.93611639995197,28.145623299575675],[105.95757319964349,28.14133679975356],[105.96578719981949,28.13571960007954],[105.96996310011701,28.125248000295016],[105.97282769983855,28.11191749979281],[105.97735379973813,28.1099952996434],[105.98104170001449,28.111326000394627],[105.98137689982411,28.119605699643387],[105.98445980007978,28.121432300060633],[105.98864269980083,28.121378400093135],[105.99158500004779,28.119042599936108],[105.99653110042999,28.11918429981563],[106.01008709963997,28.123716099618377],[106.01674719992337,28.118865800416415],[106.01797760018616,28.111598700020068],[106.03117209981264,28.11054109999185],[106.03312469974514,28.112119799589152],[106.03295930003173,28.114890199822923],[106.02767029984454,28.12527299964927],[106.02439749964498,28.12755160022624],[106.02334429999951,28.133267399770716],[106.02528140011657,28.135435200274344],[106.02758840038445,28.134026500422692],[106.03143210011137,28.135767300120847],[106.03408980000432,28.142238799980703],[106.03677100008167,28.141135500003372],[106.04163520010445,28.14187499993136],[106.05795019974198,28.146112799666014],[106.0695647002508,28.155290499856733],[106.08293490042536,28.162476600115042],[106.08384359970245,28.164437499890767],[106.0928021998617,28.166430099869274],[106.10536710031147,28.166074800211902],[106.11820349979172,28.170564699701174],[106.12384929970545,28.169729100018003],[106.13322469966022,28.16569329970605],[106.14168039983065,28.16638580016462],[106.15424649997607,28.16099949962728],[106.15757160024918,28.157825800220564],[106.16475039981117,28.15587039979914],[106.16774550015475,28.153309100035017],[106.17382959995615,28.152455399696976],[106.17835080034922,28.14703079973168],[106.18339029982252,28.14495390000252],[106.1880923997445,28.140310200255612],[106.20379609961037,28.138374000359875],[106.21370259959536,28.14449109988442],[106.22870779962534,28.14696759987487],[106.23756340043064,28.14370170017338],[106.23797989985258,28.141498800029638],[106.2411745004029,28.139088900232593],[106.24849769960923,28.138858299670858],[106.25734279993031,28.13297029973961],[106.26542669968251,28.131921899775932],[106.27515330018474,28.12797550016927],[106.28293330013173,28.122831299824668],[106.28760689963877,28.122419199886224],[106.302208599947,28.130878099844494],[106.30501890040199,28.13082300018135],[106.30928089999361,28.125651500016772],[106.31216239977499,28.12488909975218],[106.32241140026599,28.12963829986768],[106.32438059988482,28.132479799603118],[106.32809370006424,28.133901000031187],[106.32980879983631,28.1366331997624],[106.34083199969712,28.1446710002665],[106.34076250008934,28.148132499815063],[106.34792849960064,28.156321300087995],[106.34887559992904,28.160711300186392],[106.36681869982317,28.158101499984298],[106.37246940014279,28.1616150001322],[106.38225840010512,28.162991499757936],[106.39799680031217,28.159478999656187],[106.41859379956423,28.172605999767143],[106.42128600014883,28.16893839988728],[106.41983880032046,28.16378190041445],[106.41523440004761,28.158243699886896],[106.42418809980103,28.153555599711183],[106.42473719976203,28.150235899866914],[106.42662809990696,28.149124399871198],[106.4319542996513,28.14854840028852],[106.43237310043827,28.14279869990014],[106.43644939991992,28.137484800183415],[106.44199149990783,28.135015000142175],[106.44661469960874,28.126665800386434],[106.45654600019782,28.129739800051766],[106.45638440012004,28.133053899817696],[106.44806009989378,28.146059899744614],[106.44704940040958,28.159110800123358],[106.45317419992944,28.169774600317623],[106.45885739994912,28.175393899908613],[106.4661534000594,28.179861999831473],[106.47559990041515,28.1827052001849],[106.49272629987888,28.18229899979906],[106.54089329978603,28.188110399975017],[106.55861679962567,28.174167400005558],[106.56807729972763,28.17027640043557],[106.5801312998197,28.174346900189335],[106.58599080023532,28.179710400214844],[106.58699600036516,28.17836009963895],[106.59297469962274,28.183239599827743],[106.6027840998064,28.17829599956076],[106.60659129964881,28.17929049955694],[106.60732780033777,28.183016299962333],[106.60963860024128,28.184106700064206],[106.61629509963922,28.18356010021853],[106.62591159974062,28.195606599964663],[106.63326209966624,28.19998039967578],[106.63904219983772,28.199344800222377],[106.64919499984944,28.19374360038688],[106.65165120034266,28.197141099682028],[106.65376619985028,28.208737600260122],[106.65976780034379,28.213853599663935],[106.6672128001307,28.224534899765843],[106.67862680038661,28.233426899731683],[106.68904130041574,28.251054399640907],[106.69098680020073,28.25536739978571],[106.69513680002336,28.280257900082063],[106.70260630004077,28.294978899956334],[106.70558179966037,28.306829399657147],[106.70538330039903,28.3251798996327],[106.70868920014652,28.327494199697583],[106.71095010026698,28.331951399837294],[106.71169420022721,28.339072399971315],[106.71674709959905,28.34444999956787],[106.72868220032336,28.35008770018726],[106.726848300109,28.363220900224405],[106.72861310001463,28.367311099627614],[106.73917520037526,28.376953100005608],[106.7384045002675,28.385130799946523],[106.74208740031332,28.39875390027231],[106.72546389993909,28.406891699992002],[106.7197970001315,28.40556019974349],[106.72512119978359,28.41533589963211],[106.71961599987856,28.42047060043791],[106.71878540042593,28.425036099636316],[106.71526720042101,28.42558059956508],[106.7136941998275,28.430291699902057],[106.70524380026126,28.43644909984613],[106.70477630028608,28.45380740029134],[106.70044180004908,28.455505199805202],[106.69872520020789,28.459240499749342],[106.69005629955865,28.459919600309377],[106.68816800025309,28.46323970035195],[106.69297449977341,28.46889880033939],[106.69409030032716,28.48021590044351],[106.68516400021849,28.488137200071776],[106.6734051000654,28.48481790042581],[106.66327709975843,28.490852899941444],[106.66053050008259,28.49696309986723],[106.65804150041498,28.497340199990276],[106.65409319964152,28.487760000123956],[106.64609490005967,28.483040299570234],[106.63854179996417,28.488019299850862],[106.63158950005544,28.48869829968686],[106.62731940027015,28.49316779985412],[106.62749109973453,28.501616200227488],[106.63148220014347,28.503426399708644],[106.62882150011222,28.507046900294256],[106.62319959968187,28.504105299719868],[106.61787809979455,28.506631999866954],[106.60538970017456,28.50184240040653],[106.60135570030536,28.508027399644845],[106.59050750042087,28.513605100195264],[106.58140000040976,28.510440900327353],[106.58114250022629,28.507801099641085],[106.5876657003119,28.503539600072543],[106.58830939995892,28.495091400247986],[106.5853053000996,28.492375800203092],[106.57745180036034,28.492187199779494],[106.5640622000106,28.487208400047678],[106.56015690032075,28.489245199906122],[106.56127269997518,28.49769379992898],[106.55916989977112,28.5001076000857],[106.55895529994717,28.50402979983545],[106.56376180036688,28.508593000366716],[106.56316100018006,28.511119699614483],[106.55728159956624,28.51285440011054],[106.55625159973158,28.516625299717873],[106.56268890017265,28.522884799693827],[106.56367599964773,28.527107800184865],[106.57406150013816,28.527899700011176],[106.58071340040317,28.526693100306375],[106.58453280044841,28.528842300132112],[106.58444699972932,28.53457320019311],[106.595390400047,28.539172799884852],[106.59826569990219,28.54644879997221],[106.6117841002561,28.552894900279455],[106.61307150044945,28.56650230024104],[106.6092949998644,28.583122699752835],[106.6034156001499,28.59292029993196],[106.60298639960274,28.596462299595487],[106.60740669965952,28.60998859959426],[106.6096382998677,28.612701200400124],[106.61277109990641,28.61288960027491],[106.6204959003656,28.608029500261296],[106.6241866002315,28.60765269961246],[106.62933649957984,28.609875599779173],[106.633241800169,28.616732299955743],[106.6308813999567,28.621704999586086],[106.63328469962926,28.627656899946032],[106.63045230013358,28.633533099872693],[106.62448699987522,28.63319410042743],[106.62474450005868,28.63805299984614],[106.61375820028076,28.642045499600158],[106.61328610027334,28.64664029961017],[106.61508859975913,28.64890009985976],[106.6223413002109,28.649502599765242],[106.6345720998226,28.647694900399358],[106.64358429957582,28.648824699800116],[106.64774710034845,28.652402499675645],[106.64233979974205,28.664490700085764],[106.63903530023896,28.66829389974373],[106.63607419966462,28.668218600408125],[106.63126760031957,28.66174179994414],[106.62749109973453,28.661063999803787],[106.61410150028405,28.669875300005117],[106.61405859992453,28.675372700090065],[106.61011039987511,28.679815500285144],[106.61049660023798,28.683956899891086],[106.61500270011459,28.68873820040767],[106.61573230030547,28.69197580024303],[106.61405859992453,28.694723999812766],[106.61156950043215,28.694648699577897],[106.6026645996916,28.68853119985505],[106.59794389999104,28.690112299742907],[106.59360939975403,28.695608599956984],[106.58969339993052,28.695975599794167],[106.5821832001946,28.69145819993605],[106.5837282003962,28.695298000202627],[106.57829569988672,28.7052661999752],[106.57038150040597,28.707230699737067],[106.56845029984152,28.709112700190985],[106.57025280022663,28.712011000207553],[106.56473809988347,28.713798800274446],[106.55619800013767,28.724111100446976],[106.55533969976739,28.735137400270844],[106.56006040036726,28.749925100163296],[106.55830080034173,28.759819999793194],[106.54366670015816,28.773851900444924],[106.53551279987585,28.77238480041825],[106.5302985999005,28.774115200356277],[106.52892530006261,28.777105599943525],[106.530663399996,28.77911800029551],[106.53008400007661,28.782108399882816],[106.5191727999848,28.78452499962907],[106.51741319995926,28.797613300113767],[106.51479540028754,28.79821510034668],[106.51325040008595,28.796673100283385],[106.50466739998058,28.799531300429237],[106.4963846996942,28.80584909985612],[106.48677169975423,28.81017359963198],[106.47209460028563,28.830176700094682],[106.47035660017701,28.836924999589087],[106.46434839955907,28.83775199995489],[106.45791110001733,28.834706900003482],[106.4579968998371,28.83339110011923],[106.46349010008811,28.83241360000767],[106.46477760010623,28.830533800194758],[106.46336139990876,28.82831559988506],[106.44834100043687,28.819780799844068],[106.44868430044016,28.81714879987726],[106.45091589974902,28.81594559960979],[106.44765429970624,28.811170099720357],[106.44967139991525,28.8097412001963],[106.45602279981244,28.809177100442867],[106.4552933003456,28.804927800177893],[106.45979940022221,28.80289710042092],[106.45370539978444,28.797143200198605],[106.447954800074,28.796391099869425],[106.45040090028141,28.786687700077323],[106.450272200102,28.77946600015582],[106.45983160044807,28.763055399886866],[106.47468029955621,28.75210729971218],[106.4797550002931,28.749388900077747],[106.48273760006026,28.74944539998529],[106.48359590043054,28.747281900039695],[106.48893890041,28.7449679003484],[106.48995810028617,28.737263500110487],[106.49240430031824,28.73242800015214],[106.49746830002209,28.730979099705735],[106.49334850033307,28.72764869972775],[106.49613800036849,28.724261600192733],[106.4943999004351,28.72104389965631],[106.50038660006163,28.719162099751145],[106.50624449968399,28.719764200357588],[106.50384129983615,28.716264000283445],[106.50862630016366,28.71404339968319],[106.50547200003285,28.713478899731513],[106.5076178004212,28.71248139959698],[106.51120120037518,28.703918299689803],[106.50937729972264,28.69851660006111],[106.51167330038254,28.69189110029407],[106.52435479973428,28.681387400108463],[106.52596409966355,28.676398699740275],[106.51963410003373,28.67331120035169],[106.51697340000248,28.66623230018058],[106.51293930030852,28.664161200179308],[106.50128779989211,28.665667400030543],[106.49860559976867,28.66433069990194],[106.50148089962386,28.657571200250743],[106.50053680033312,28.65150809961915],[106.50231779972671,28.65060420002385],[106.50298300036525,28.64740300024829],[106.50148089962386,28.643636699773936],[106.50319810021222,28.639285300376343],[106.49946530038335,28.633023800308194],[106.49731280004573,28.632002799989266],[106.49693109989039,28.629084499949784],[106.49866459979148,28.62721900025673],[106.4973923001146,28.621265199629306],[106.49316170035223,28.62070550025868],[106.490884400195,28.618074799812234],[106.49166550006282,28.61547280032954],[106.48956650039372,28.607403099973112],[106.49029609968534,28.603823800028408],[106.50196910019389,28.590447399927598],[106.50502679964717,28.58354189983885],[106.51019810016226,28.580677800140393],[106.52144190012365,28.580828600259736],[106.52144190012365,28.577888999777542],[106.5168071000677,28.575627800182872],[106.51371720038856,28.57721069961417],[106.51165719981998,28.576155400051732],[106.51303049965787,28.570276000337174],[106.51191470000344,28.568090000253335],[106.50444739972778,28.568391499767927],[106.49946929966853,28.57540169982866],[106.49534940015474,28.58919450042589],[106.49002790026742,28.59446990016579],[106.48307560035875,28.593942400121705],[106.47166010003366,28.603136199975722],[106.46745439980077,28.600649400049804],[106.46290539956459,28.590023499984568],[106.4761232995507,28.57690920009958],[106.48178810034062,28.56786380007435],[106.48221729998846,28.56386859965619],[106.49706599999598,28.553238899955318],[106.50221580041892,28.546227299650184],[106.50075669986188,28.540723199616025],[106.49689429963229,28.53748089992365],[106.48951289990049,28.54223119991002],[106.48745300005595,28.536726900226313],[106.4829897996396,28.537330099804308],[106.47998569978029,28.533861500108173],[106.47157430021383,28.534464800410262],[106.46573779995958,28.537254699744665],[106.46384949975464,28.54524709977386],[106.45363569962791,28.54856450005167],[106.45071739958837,28.546604299948513],[106.44908659956695,28.547810600179105],[106.4502024001207,28.55406819988758],[106.44479510041361,28.556631499743958],[106.4374136997825,28.563416300022254],[106.4299464004061,28.560551599576684],[106.419045900448,28.566356199978713],[106.40617129956587,28.56680849961259],[106.39518499978794,28.574798600075383],[106.38866179970233,28.571708200373223],[106.38325449999525,28.565753100225436],[106.37922050012605,28.56567779999051],[106.38231039980519,28.56394399971589],[106.38299699981178,28.559797800428214],[106.38582940020672,28.557083800277212],[106.38205289962167,28.555500599573065],[106.38411280036553,28.55165570015049],[106.37956380012935,28.549243099689363],[106.381537900154,28.545397899893203],[106.38067959978378,28.542909800446978],[106.37381309969487,28.54585030025123],[106.36934990017784,28.541100199914354],[106.37492890024862,28.537858000046697],[106.37010099956154,28.527527299745145],[106.37184480029737,28.523146899909534],[106.3708791001904,28.515146500410708],[106.37501789985623,28.510661200054415],[106.37184480029737,28.50666060010667],[106.3743281000618,28.50326600022578],[106.37018930039596,28.50265990033421],[106.36880979973256,28.499507600295544],[106.37350030019877,28.493687900276427],[106.37308649964228,28.489808000139135],[106.3759835999632,28.485685300136538],[106.37556969958206,28.482775100290723],[106.36839590025068,28.480471199985914],[106.36177389974574,28.483017699607217],[106.3557036998659,28.48119870025988],[106.3489438000164,28.483381399831785],[106.34370139999965,28.477197000441265],[106.33832099991429,28.48350270038935],[106.32838799960655,28.48435150032151],[106.32162809975705,28.490293000022007],[106.32052439958142,28.497689000247192],[106.31293669986889,28.499507600295544],[106.30203800035349,28.507872899714584],[106.30065849969009,28.512722000120277],[106.29789929961305,28.51454039961982],[106.2981751999256,28.519146799984867],[106.29458829981024,28.52302570007606],[106.2930707999775,28.528843800201287],[106.28962180010603,28.530904299893564],[106.28817449955358,28.540290800180344],[106.27434629984191,28.542202800219115],[106.27234309955446,28.5412643001074],[106.27394570043379,28.53750990036167],[106.27247660031492,28.53586740016044],[106.26780240006076,28.538448500298102],[106.2635288001141,28.535515400115685],[106.2628610004349,28.53316880000017],[106.26940500004076,28.529883500123503],[106.26686749993524,28.52307800014961],[106.2648642996478,28.52155259977269],[106.25791959990966,28.52319529962341],[106.25484799963556,28.518032200026084],[106.25765250036267,28.510873799786054],[106.25538219962885,28.500428800149052],[106.24963949956333,28.499959300081684],[106.24509880006963,28.502658699739243],[106.23922260014297,28.510169699871824],[106.23307919994517,28.513103599551528],[106.22680239971106,28.513572999794178],[106.22333000037929,28.51204739976771],[106.22119320040593,28.507587900061594],[106.21812160013178,28.50688370032259],[106.20930719996738,28.49878570010003],[106.20356459972658,28.49573400002413],[106.20276330018623,28.490804299678757],[106.19421599956877,28.482470300264197],[106.18139519972874,28.46626979961161],[106.18152869958988,28.460751600006404],[106.18419969955653,28.453471900108127],[106.17832349962987,28.45405900002288],[106.16643750009064,28.443021199668692],[106.15508569964538,28.43808900010731],[106.14774050032389,28.438911100067287],[106.15147990027725,28.445487200074297],[106.15842450019062,28.450419000336638],[106.15827510031568,28.453482700066616],[106.15355329984499,28.456102300181044],[106.14887300038873,28.456464699985986],[106.14923380029973,28.461789100186877],[106.1473477996613,28.464749500189328],[106.14296229977037,28.466597599799456],[106.11682269960795,28.46100540037895],[106.10308079973919,28.463537400230905],[106.09310310042781,28.463525100203242],[106.08883709975242,28.464599200093062],[106.08612099968445,28.469539400023336],[106.06342370034355,28.472461399873737],[106.0638273997148,28.466559099822632],[106.06797569981876,28.46353640018475],[106.06561939961568,28.459393200136105],[106.0676615000782,28.455526100049553],[106.0731596996605,28.453730699812013],[106.0744165004212,28.450415799649477],[106.07850090009651,28.446686499982036],[106.07363100017056,28.44350959988816],[106.07410229978137,28.439918199565284],[106.08085720029959,28.44088520009194],[106.08337070019769,28.44019450007619],[106.08431330031863,28.437293699944348],[106.09012559981664,28.436188600423634],[106.0924819998445,28.433425800360453],[106.09216780010394,28.422926499658274],[106.10190750013106,28.42306459955165],[106.10410680028866,28.41974880006711],[106.10740569971335,28.418643599822303],[106.1070914999728,28.413669599772277],[106.11510320035245,28.41145889980845],[106.11730249961073,28.408557300179325],[106.11588869970382,28.397641000032195],[106.11337519980566,28.394462599869144],[106.09986529984377,28.398884700368683],[106.09578090016845,28.397226399978422],[106.09421000039129,28.394462599869144],[106.0891831004198,28.395291799976633],[106.08399909967875,28.393771600379125],[106.07755829997564,28.384512300202516],[106.08007179987374,28.375805000300602],[106.07834380022626,28.373040600343472],[106.0731596996605,28.374146299712038],[106.06483390026432,28.36986149960859],[106.0637343000979,28.377187100004733],[106.06059239981948,28.37829280027256],[106.04896760027458,28.37815459965509],[106.0415843002753,28.37649599979062],[106.02995959965585,28.365991099909365],[106.03200170011843,28.360738200307765],[106.0293312001748,28.35368790037637],[106.03027369957164,28.349816999754808],[106.03341559985012,28.346913700407015],[106.03357269972037,28.3426276997086],[106.0318447000729,28.339447699651657],[106.01566420034266,28.3404154996756],[106.01236530001864,28.337788499939393],[106.01157979976801,28.328662499974428],[106.00843800021357,28.327418000140653],[106.01126569985223,28.318844299924535],[106.00058339970417,28.316216700340476],[105.98518850004928,28.319259200351894],[105.97324949986461,28.31469549979755],[105.97262110038355,28.31109969999119],[105.958482899866,28.304876000227296],[105.9534559000698,28.30598249999241],[105.94795769958824,28.302524700254764],[105.93758969990478,28.30473769978505],[105.92517949993402,28.292704099914317],[105.91496850029608,28.29159750032443],[105.90679970004618,28.28634090001259],[105.90428629997285,28.288415900373536],[105.90381500036204,28.293395700151507],[105.89690299997352,28.297683700042796],[105.889362600104,28.293257399709262],[105.87930870033631,28.291735799867297],[105.87553850040155,28.284957599713493],[105.87098290004087,28.284542600360794],[105.86548469955932,28.287862599679272],[105.85982940010678,28.287032600074497],[105.85590210030176,28.283850900298887],[105.84757620018155,28.265173799831075],[105.84263610007599,28.262530099684398]]]}},{"type":"Feature","properties":{"shapeName":"Zhijin County","shapeISO":"","shapeID":"62558664B58502361181336","shapeGroup":"CHN","shapeType":"ADM3"},"geometry":{"type":"Polygon","coordinates":[[[105.58948359998823,26.834646500135932],[105.58960749958652,26.828887400033523],[105.59335620032846,26.828626600237442],[105.593579299645,26.82615549977652],[105.59645639994295,26.826889100151902],[105.59711119992198,26.82460979990242],[105.60005960027041,26.824250900258903],[105.6021134998382,26.81940749975638],[105.60750639960071,26.818576199731865],[105.61112270035238,26.81591580007415],[105.61920400016453,26.81530439957845],[105.62293889991037,26.80530150036401],[105.61688379964772,26.790512500051875],[105.61199179978178,26.789668399976733],[105.60904629974698,26.783627599833892],[105.610630600322,26.78280630027058],[105.61071859988351,26.77583799962406],[105.60909270026798,26.774386400312153],[105.6118946999805,26.771393200236048],[105.61284600014284,26.758857499873784],[105.6156222001045,26.756350500275403],[105.61501229967797,26.751595100233715],[105.61748979971452,26.74855449959051],[105.6187782997788,26.738341200386117],[105.61402079982014,26.73536350012546],[105.61519639989399,26.72898650012695],[105.6083476002616,26.70917619992173],[105.59555620015857,26.702742100167825],[105.58707930026958,26.69588640003741],[105.58643330015673,26.67680539964954],[105.58363329963714,26.672447400127453],[105.57647679966465,26.668535399589075],[105.55908179968537,26.66597190008315],[105.54908780016189,26.67098990036368],[105.53884880013209,26.672567400265336],[105.52197279980493,26.67137890031603],[105.49997729991253,26.662608899681004],[105.47876730027076,26.6563624003046],[105.46956630044446,26.650834899910762],[105.46015179976581,26.63934889993186],[105.44740279999928,26.633596399953944],[105.43386079963625,26.622995400317507],[105.42929829967687,26.613355400031764],[105.42450729997199,26.593862400429487],[105.4179302997436,26.576196399644175],[105.41208630004274,26.566322400258628],[105.39581229959799,26.54541390013145],[105.38973229980587,26.532558399950233],[105.38465480037877,26.526887099759904],[105.38118380039214,26.527376500025525],[105.38002899983854,26.525575300060098],[105.37456100038992,26.52404200003832],[105.36553429996803,26.51694929977043],[105.36368599980909,26.51349970005117],[105.35078479967882,26.51232870000956],[105.34748309976533,26.503132700413857],[105.33993730036616,26.50059039972723],[105.33851690033475,26.49812750018401],[105.34624029965016,26.482951900210082],[105.34979129972874,26.479693999978167],[105.35049150018267,26.47275740043375],[105.35594730032773,26.473685599710734],[105.35903450024205,26.48252900031315],[105.36137379966118,26.483693800428625],[105.3651033997022,26.482579699593487],[105.36999360002466,26.472272500375652],[105.37544709970393,26.467376799799524],[105.3851472997082,26.46677589978799],[105.38899980020068,26.46426790014351],[105.39640830010302,26.462690400241854],[105.41531379959224,26.463444399939135],[105.42501830015448,26.462100900036546],[105.43528030034565,26.452052899821524],[105.4388732996631,26.445648400353434],[105.44373329985194,26.443830900175954],[105.46697979987795,26.441840900137493],[105.49813829964285,26.442849899903024],[105.50453180040233,26.440805400049214],[105.50991080024329,26.433946400306183],[105.51146680005286,26.426158900013263],[105.51098630037751,26.418138399767372],[105.51998129969729,26.398454400350374],[105.52384930000522,26.38517190026306],[105.5287162996176,26.377622900176732],[105.53463730017131,26.363202899794032],[105.57337929981492,26.382545399650496],[105.57923880023048,26.38737290013927],[105.59117879956199,26.409854899983713],[105.60417930013466,26.419051899625515],[105.64193730026625,26.433793899568855],[105.68150380016033,26.444173899805662],[105.69425980024965,26.45290240032557],[105.71927630006127,26.46256039964277],[105.72949229992975,26.464177899590425],[105.73896080040066,26.45548239969304],[105.7466277996333,26.451135399778934],[105.75607279991982,26.45366839967693],[105.7662813003418,26.45894790032537],[105.77163679999836,26.46628739974375],[105.7754668003526,26.474998400355958],[105.78926129976924,26.47844940031962],[105.83013130041923,26.47595789963742],[105.83907380001591,26.478251900205066],[105.85082230040888,26.48444539983541],[105.86206029974312,26.49567789981529],[105.87023930010366,26.501638400391926],[105.88838180037982,26.508518400204082],[105.90677629968656,26.52318390021685],[105.9136807997292,26.524789899634186],[105.93232729986505,26.51516339997096],[105.9405137996722,26.515847900060578],[105.96428679969608,26.529819899568736],[105.97042080017985,26.529588899708017],[105.97451029991049,26.524087899636925],[105.97322830014599,26.517442399846914],[105.97550179976832,26.490402400250616],[105.97344230012209,26.46359239956962],[105.97444929979542,26.45282240023363],[105.97748550005582,26.445686699781447],[105.98841350038282,26.44572490028395],[106.00440329977255,26.453488600018943],[106.01570619958153,26.45563920008908],[106.02870010002965,26.4612109003628],[106.03407570043328,26.468793900218373],[106.03824609957792,26.471133400186318],[106.04125419962168,26.47138730038364],[106.04465589965008,26.469306600119523],[106.0458411998116,26.464535200239368],[106.05101310017449,26.462100900036546],[106.05565000014747,26.46257800027456],[106.07716679990796,26.47219160006233],[106.07968649973225,26.474626099914644],[106.08534390000102,26.473832799843876],[106.0916547998292,26.480153299934898],[106.11638210015388,26.48818779992706],[106.12354310033385,26.493155799700446],[106.12787509955626,26.503394699905527],[106.12745519979768,26.50679270012307],[106.12449999967532,26.509143500072526],[106.1242129001053,26.511558300275397],[106.12650639975061,26.518996500288324],[106.1253055997737,26.523489499740663],[106.12641099966794,26.529530299883504],[106.12983510000993,26.530793500219886],[106.13588260010198,26.53728969995973],[106.13693019966905,26.54751570028941],[106.13453469981658,26.55510659978978],[106.13922229996922,26.575233800399644],[106.13809980036558,26.584540799718184],[106.13945760038803,26.588183699718],[106.15226190036645,26.594635800302],[106.15393120036464,26.59849790015801],[106.1530082998932,26.603751000308478],[106.14602329973553,26.616539599922646],[106.14528880003814,26.62828660024644],[106.14496109967507,26.64262949995151],[106.14097660028995,26.645144099720483],[106.13372739999954,26.64431679988047],[106.1269345004269,26.6468466998154],[106.11897489957204,26.65511669987586],[106.12025440012053,26.662593399865557],[106.12468760005277,26.668216400166784],[106.1553687001055,26.671360600011724],[106.16626009982383,26.67086139983377],[106.16895180038534,26.67254519960136],[106.17130470025177,26.68132590037004],[106.16740089973177,26.691047399917636],[106.16304259983616,26.697327700313167],[106.15896580033149,26.717682299898286],[106.16078920006157,26.725575000186154],[106.1605089002656,26.74766690020732],[106.1637482996444,26.75244619973239],[106.16487349991218,26.758348899981797],[106.1708772003226,26.76445759983841],[106.16810410032406,26.775846400191256],[106.15612109990889,26.786668400126644],[106.1469875995981,26.788299100323286],[106.14165009987227,26.794819099721735],[106.1280684996616,26.79869349960535],[106.12421480037278,26.801496100065037],[106.12139880001467,26.807660799806115],[106.11487259979071,26.804198800234474],[106.10641219976327,26.80261229991777],[106.08020109990088,26.813222700167557],[106.07009309961694,26.81991399973134],[106.06575200015476,26.819716999639866],[106.0586869999052,26.815101900132618],[106.05646159962316,26.805861199734636],[106.05179160010232,26.8016299002997],[106.04233040032778,26.801125600066428],[106.04025160033115,26.802795499912463],[106.03476180041679,26.815818399899285],[106.03178009997168,26.815613699812445],[106.0242391002543,26.810806300070738],[106.01250630022565,26.80764959964938],[106.00175499959363,26.801590500101554],[105.99446070010129,26.789456499917605],[105.9948979999428,26.784901500304045],[105.99883790014906,26.776245700079073],[105.9947491999157,26.77152379978361],[105.96986429969775,26.775424399616384],[105.95684229993225,26.76487500038104],[105.95044160009985,26.763791099679565],[105.94737790036987,26.76531089997809],[105.94477070010777,26.763893900283335],[105.93994109970203,26.764896799947394],[105.93621220023289,26.762677200292615],[105.932248000345,26.762382200178422],[105.92682450025052,26.763666899707687],[105.92488509966768,26.765398600065396],[105.92276479955592,26.772162699748833],[105.92195539982191,26.780233099777774],[105.91247860040716,26.790504999706002],[105.89979119970417,26.79461169987013],[105.8890742001143,26.802376399651166],[105.88537320031298,26.80867980003279],[105.88052450010565,26.824158799788847],[105.87335789984724,26.831841600109783],[105.87344440023895,26.84408159978608],[105.86620080002695,26.860965800131623],[105.8662136999024,26.866682599722253],[105.85405039980617,26.876203900289795],[105.85468300002049,26.8800691999337],[105.86120429983862,26.885570200004793],[105.86008550004584,26.891013100274392],[105.863281099743,26.898438299687825],[105.86044679997991,26.90323979987693],[105.8526307003466,26.910797699654154],[105.85178770014232,26.914555999759614],[105.84577319977342,26.92235649975271],[105.84577319977342,26.926051400351923],[105.84111920009104,26.929937600240123],[105.82503459956718,26.928000199749476],[105.82248270041634,26.92938159978104],[105.82082790018751,26.934536100060996],[105.81839970008616,26.936960800000975],[105.81466700008207,26.93795150036152],[105.80760070031215,26.933803300082275],[105.80574189966899,26.927035100389617],[105.80235969964048,26.925568100187718],[105.78769280028257,26.926150600070173],[105.77993750021551,26.929172299661957],[105.77080769971565,26.93016910012392],[105.76775620018856,26.934824500050695],[105.76458719973954,26.933126800361606],[105.7643345999619,26.92675440039534],[105.75983470001148,26.925527199920396],[105.75581469988856,26.933955100247715],[105.74997249973114,26.9336062999908],[105.74489140031795,26.928973400202324],[105.74187860041712,26.92926540017811],[105.73624809977002,26.933317700351665],[105.73404950018437,26.94129749997967],[105.7237989996242,26.945146299761973],[105.69797169983411,26.937452599657774],[105.69272490033393,26.930684599614608],[105.69028209973919,26.93080230018603],[105.68657509966118,26.931628599979945],[105.68616489999022,26.93827259970078],[105.66748950014039,26.951943800266235],[105.66194859984807,26.951518799553014],[105.64853069963215,26.95672719980047],[105.64093239961062,26.95486020003824],[105.63344260009598,26.944263199686986],[105.62553210042614,26.941967600124713],[105.62745209993454,26.929316999679827],[105.62619699979177,26.920883799647697],[105.62891500012722,26.91852460003031],[105.63330350015644,26.904891699792188],[105.63317100034146,26.893607899784797],[105.63017439992865,26.884756999735828],[105.60737489983183,26.861382299553554],[105.60508069961463,26.850792599898625],[105.6104341002536,26.843119899863552],[105.60978569985025,26.839438400062136],[105.60791450025403,26.837826400368158],[105.58948359998823,26.834646500135932]]]}},{"type":"Feature","properties":{"shapeName":"Zhenfeng County","shapeISO":"","shapeID":"62558664B36819304722080","shapeGroup":"CHN","shapeType":"ADM3"},"geometry":{"type":"Polygon","coordinates":[[[105.5312592999768,25.694303499906653],[105.5276872998291,25.67705339959474],[105.53288280020115,25.66354739999258],[105.53083780032426,25.63323589971702],[105.53621680016528,25.62753290022323],[105.55377979979801,25.619611900069174],[105.55864730033272,25.612300900166474],[105.55742629978397,25.607242399816926],[105.54837779979567,25.597316899855116],[105.5421597999349,25.582814900187543],[105.53311179996967,25.57334539967053],[105.51799029961268,25.56291789994117],[105.51374029967513,25.555774899691926],[105.50865880006364,25.52704989973313],[105.50617979995786,25.520377899620428],[105.48667129964082,25.49132539984737],[105.47332029999188,25.48228240011275],[105.46549979997587,25.478784399780295],[105.45057679977953,25.475465899631615],[105.4442673001958,25.472667900103545],[105.43903329984698,25.465284399555458],[105.43907179982375,25.460235399644034],[105.44888279990136,25.44033640020473],[105.45020279961955,25.433917900091046],[105.44899729978562,25.426566900142404],[105.44650279986439,25.422416900319718],[105.44122330011527,25.417789400060826],[105.43064129955638,25.41243340038119],[105.4248808001089,25.40596589980646],[105.42420979974253,25.395862399729992],[105.42730729959226,25.388768899964816],[105.43115229973893,25.389114399709854],[105.46739980036057,25.37410339995199],[105.48613730019633,25.370723899688244],[105.51068880014805,25.36941889976248],[105.52922080039968,25.352050900128972],[105.5368193000707,25.34886189965698],[105.54466230022501,25.349110900347796],[105.56566630025964,25.344121899606023],[105.57200630035055,25.343679399884422],[105.58439629974947,25.345998899829397],[105.59021780021135,25.344407900204487],[105.59781629988237,25.33961290031516],[105.60443880041038,25.323812400122222],[105.62853229992578,25.293836400029875],[105.63955289984654,25.293781099817977],[105.6427508998342,25.29112399977282],[105.64860580021758,25.29050120037016],[105.65354409988038,25.2956325997647],[105.65551059973444,25.2949213997029],[105.65633860014634,25.292196399943975],[105.6589895002653,25.29211899979208],[105.66256200043603,25.28859140007313],[105.66052919986276,25.285446999679323],[105.66010029968913,25.27858570036983],[105.65589820034171,25.274985099982416],[105.65650320036247,25.273891000069625],[105.65986669988837,25.274736399665187],[105.66572389983816,25.269828300136],[105.6735633998311,25.268521999790494],[105.68034260003105,25.270447999575595],[105.68455040018091,25.265084299900593],[105.69442319987081,25.26366509956472],[105.69613550005334,25.266187199679564],[105.69226179984224,25.268068999584727],[105.69936999992564,25.268457500413376],[105.70531480013796,25.271127000310855],[105.70761310036437,25.26686070016126],[105.70381259957185,25.264323600253988],[105.70775840023003,25.26378049967036],[105.70742390009298,25.261586599941666],[105.71042449979092,25.259663499570877],[105.71276029994794,25.254926999681345],[105.71797059956356,25.257984500384453],[105.72489940018721,25.25746480016045],[105.7270636996301,25.259520900369296],[105.72900479993166,25.257472799630023],[105.72658269993173,25.25514609971276],[105.73032140021252,25.25050180011806],[105.73427809975453,25.248872599990534],[105.73380120006539,25.24736289997793],[105.72841080041815,25.246182400397515],[105.72878350015844,25.244412000413547],[105.73189189979138,25.244236799888427],[105.73369630044397,25.242085400321002],[105.73253370007023,25.230815299686356],[105.74224400036042,25.22309529980828],[105.7501520997397,25.22188450026954],[105.75142869997461,25.220585100422113],[105.74881510013682,25.217334199613674],[105.74908440032488,25.215303900055005],[105.7525308002563,25.212535800287014],[105.7445227996875,25.20659440041129],[105.73829080008039,25.208189900243724],[105.7381940995781,25.206701800147982],[105.74254830036381,25.203677300067397],[105.73957439973884,25.201447699951416],[105.73908529984675,25.196707799725232],[105.7333794998641,25.193314899563006],[105.73266960022193,25.19146810037256],[105.734272700225,25.187602799829392],[105.73280920018448,25.18158980042898],[105.7348284003105,25.18143090011597],[105.7353099000319,25.17990589993741],[105.73446930011818,25.17439610000008],[105.73974390036079,25.170248299919137],[105.74052920006261,25.168037299581783],[105.74572270034241,25.169114899632973],[105.74952409955762,25.165155600150854],[105.75477959999859,25.162426299833896],[105.76021270035591,25.162426299833896],[105.76148340013884,25.16021190005921],[105.76494150025007,25.160370099800332],[105.76549560044168,25.16180289968412],[105.76781770032665,25.160124000322412],[105.76756509964969,25.157591200073853],[105.77413020004877,25.15635960011548],[105.7813220002102,25.152225100108353],[105.78241820003996,25.149636899823122],[105.7882160995934,25.149134700406137],[105.78875550036611,25.14731660038086],[105.79698539965653,25.143987900121544],[105.79819880003464,25.145964799735793],[105.81047750023652,25.146581199562775],[105.81489769956926,25.151836399630213],[105.81748660042632,25.15229380021873],[105.81748660042632,25.150944200214724],[105.82232170018636,25.147872900314155],[105.82407680000438,25.135579300144627],[105.83019340040516,25.134058599624723],[105.83455959994564,25.1261469002593],[105.84640410026907,25.124649500274245],[105.84984320040343,25.126445799833846],[105.85413440008256,25.124363100376854],[105.85909259994361,25.126076200056616],[105.86175820038068,25.12366289992292],[105.8623120001987,25.11863559975319],[105.86996020000328,25.11903150020362],[105.88042199987547,25.112655600075925],[105.88922839967097,25.11416709963197],[105.89149759963459,25.116427999752432],[105.89971889960759,25.118984200360615],[105.90449209993051,25.12414560023933],[105.89726699967235,25.135203299892453],[105.89790279967451,25.145010399610328],[105.90328789961694,25.15731340039315],[105.9014045996426,25.17537779994558],[105.9070063004005,25.178539100399234],[105.90809039985214,25.181519399700562],[105.90295150011173,25.193296299784436],[105.89729219957542,25.20105629970851],[105.89185269964241,25.20491839956452],[105.88930489960148,25.217176200421363],[105.88337130044522,25.2322719999529],[105.85850459980747,25.26036699963737],[105.83944949989456,25.289084500149613],[105.83308100028802,25.294998100182227],[105.8325620995613,25.301252400278088],[105.83759180002164,25.31230690014337],[105.83765420038111,25.318041199641698],[105.84877020038448,25.320099600316325],[105.84951519966677,25.32126669999826],[105.84374779972126,25.334090400151922],[105.84486649968926,25.33986960010202],[105.84956300043217,25.34056170036223],[105.85423700013752,25.33523639993996],[105.86293429957834,25.337209300269024],[105.8688420000583,25.334894299632253],[105.8698098000823,25.331103999849745],[105.87130510015032,25.332077200302592],[105.8722950001142,25.336967799924082],[105.87738960014997,25.342259700424904],[105.87500690034824,25.349880200211146],[105.87745940013127,25.35994199962363],[105.87705979986993,25.364756600236944],[105.88069790018801,25.375094200137255],[105.88521349960337,25.378849900302725],[105.89446509978461,25.381943999815803],[105.900990600336,25.387659900084373],[105.91874449995879,25.395439599657834],[105.91765269961246,25.40181539996081],[105.92146410018813,25.405771700203843],[105.9197853995766,25.41138689978567],[105.92137409963505,25.41707219972227],[105.91949810035709,25.417399400062322],[105.91457729970267,25.412518899827433],[105.90872350008954,25.416830999750914],[105.9094963001142,25.419754399845715],[105.91641160011534,25.422411599715588],[105.91214479994261,25.427701299575347],[105.90865959966084,25.428026800196733],[105.90624280026509,25.43057210012239],[105.90625770023274,25.440519000351628],[105.90256629979496,25.43771499964754],[105.8991927998079,25.431398399916247],[105.89057179974884,25.425437900238933],[105.87386329995138,25.435977899760303],[105.86702730036967,25.43712240037854],[105.85259230019454,25.446054400390324],[105.83106230018507,25.454294399966614],[105.81181330014374,25.463908399952743],[105.78089870011496,25.471391399693402],[105.77792629955911,25.476209000445067],[105.78211359966298,25.483897700318664],[105.78169789973833,25.489417399993044],[105.77732090023943,25.503797099956273],[105.76726920021349,25.512810399580303],[105.76505650015741,25.518193100131498],[105.76649059956156,25.52766929969846],[105.75001800003076,25.545173700405996],[105.74949789960846,25.551734199873465],[105.75167600004744,25.56148839966994],[105.74890290004885,25.565848699657806],[105.73441740024288,25.565579299645037],[105.73142289974709,25.567595200158394],[105.72530570039783,25.57659500005923],[105.7225564000579,25.586666499559385],[105.71534249995648,25.594727999897316],[105.71568219997363,25.60641030029518],[105.71221439977478,25.609345799868834],[105.70681820039971,25.6106014998594],[105.70351589973905,25.61389289983748],[105.6992011000508,25.6216739996554],[105.6992011000508,25.624747199823446],[105.6911519995652,25.63153760018014],[105.69010309957844,25.64044340024276],[105.69164799995531,25.64985079987457],[105.68806329958164,25.659084800323342],[105.68517630044596,25.661687100179563],[105.64881899979707,25.678068700010556],[105.64388239985294,25.679295899586123],[105.63207099997675,25.676821700061453],[105.62355500026314,25.678077700425604],[105.60999080013539,25.6934012002053],[105.59747139998518,25.699270899832186],[105.59215400010709,25.703289399885932],[105.5861137998121,25.705155399602063],[105.5804551000229,25.713667800228848],[105.56971069988896,25.71843229961098],[105.56384570011903,25.71508250035714],[105.56162589991538,25.707831999647112],[105.55436860033069,25.69942439971635],[105.53818249962274,25.69477049985875],[105.5312592999768,25.694303499906653]]]}},{"type":"Feature","properties":{"shapeName":"Zheng'an County","shapeISO":"","shapeID":"62558664B11747120153127","shapeGroup":"CHN","shapeType":"ADM3"},"geometry":{"type":"Polygon","coordinates":[[[107.66037590012775,28.311612600441208],[107.64832280025706,28.306096900051955],[107.63345329982997,28.30427539968997],[107.63067630037102,28.30642890007374],[107.63217930043442,28.317619899938506],[107.6292572996847,28.328721900195603],[107.62634280018017,28.33340240020067],[107.61789630007422,28.336650899819233],[107.61441030029516,28.340202399920884],[107.60964179982926,28.350675399949807],[107.61092379959376,28.35682690034122],[107.620628300156,28.37830939995888],[107.63208030036566,28.3852863997476],[107.63860329990246,28.392188899698],[107.63622279984241,28.397769899861032],[107.62635029962667,28.404046899744685],[107.62259680010231,28.41402789956794],[107.62235279964204,28.42068790002662],[107.63094280007022,28.45298740024839],[107.62851729973363,28.45742239972401],[107.62917330030763,28.46703339957179],[107.63366679978304,28.475377900369836],[107.63771829955994,28.478917899941166],[107.64071630021715,28.488687899926674],[107.63987730019733,28.49375889995332],[107.62743430015291,28.500804900226],[107.62286379982459,28.509898899614598],[107.62805930019658,28.516155400351522],[107.64119729991552,28.519637899969155],[107.64845229993375,28.518720399926565],[107.65216080008094,28.52043539987386],[107.65516680020772,28.524009900136832],[107.65467079981761,28.530908399902785],[107.64195229965895,28.53796389971427],[107.6372068002537,28.542932400409995],[107.63317130031533,28.55223440039731],[107.64087680042405,28.56254189998873],[107.65853129977972,28.574138399667447],[107.66623679988845,28.578021899790883],[107.68123579999224,28.582356900050968],[107.68984979972856,28.58896239979498],[107.69760130015993,28.60018140005161],[107.69700629970106,28.63598640005239],[107.6920777999506,28.642797400279846],[107.68775979957513,28.645458399785355],[107.67418679958121,28.644746900249288],[107.66652679977204,28.642240399774664],[107.65693679999339,28.636810400279785],[107.63691730039318,28.61840839972791],[107.63002029979708,28.615186899555795],[107.61582129971328,28.61173639961521],[107.60617079984257,28.611352899916426],[107.58561679987548,28.618190899590388],[107.57102979988542,28.63080390027983],[107.56491830043927,28.634206899828598],[107.55874630000181,28.636231899682457],[107.5519638001893,28.635757400283865],[107.5330962997545,28.63932240010871],[107.5259932995512,28.643901899952766],[107.5111007998621,28.655828399561017],[107.4950332999469,28.677425399962317],[107.49532329983049,28.684984399610414],[107.49765030012134,28.691106899563806],[107.49685680040108,28.697324900323963],[107.4933778000455,28.701560899615856],[107.48230730034169,28.70510840043238],[107.48384020016516,28.72130609969679],[107.48894839974889,28.721475799968232],[107.49162809975707,28.725146399986443],[107.49293869976123,28.73146769957475],[107.48814750040685,28.73427060040791],[107.4938923003894,28.754597199601108],[107.48470249982057,28.766535299564453],[107.47308579957007,28.761404300368213],[107.45987680017424,28.7778168998301],[107.46557819977414,28.785167499580496],[107.4562831002849,28.790060899690843],[107.44515979958516,28.78789689972217],[107.44207779955087,28.795789400360604],[107.45060410009921,28.801436800168233],[107.44174180024396,28.807267899993633],[107.4409867996012,28.814630399573332],[107.44270300014341,28.817252900001392],[107.43754120006639,28.81755059988035],[107.43173049956295,28.820156200248505],[107.43566250012435,28.822912099813607],[107.42900909979016,28.8274020002022],[107.43615050014552,28.830385699840235],[107.43278589984948,28.84062610011449],[107.43985109974852,28.841890900344822],[107.43612909987814,28.848045300150545],[107.43404240023665,28.84418919967186],[107.43099809978253,28.844670499743813],[107.4312785003026,28.851123300000324],[107.42576050034688,28.8448184004489],[107.41694469993803,28.844312600146452],[107.41608529969687,28.847090300177285],[107.41447589994289,28.846873499712274],[107.41168220007353,28.84352700007105],[107.41337140026997,28.840055400236565],[107.40562580029052,28.837451200112866],[107.40473030036316,28.842548400088617],[107.39894789972584,28.843345099596718],[107.39836320010164,28.84232079966523],[107.40059890031904,28.84035429981111],[107.39946919984374,28.83970590030708],[107.39539879991474,28.841137799969545],[107.3826087002314,28.85504380003141],[107.3806807003541,28.851266499949077],[107.36928570007507,28.850601200385142],[107.36374439958445,28.84677420016925],[107.35523190003221,28.852098299996612],[107.34288730020882,28.84660879955652],[107.33641490012758,28.847721900345448],[107.32579479979023,28.8471078999097],[107.32712420012177,28.84062000001302],[107.34041840038896,28.83213530030389],[107.33908900005736,28.828142199802755],[107.33035280044146,28.822318799972663],[107.32807379966619,28.816494999944325],[107.32293539994879,28.812163300196175],[107.31307040007897,28.809006699599536],[107.29825679971162,28.808507500320957],[107.28762149993236,28.803348599658193],[107.27451719960914,28.80185080037421],[107.25535870014397,28.794778699977087],[107.24630350020641,28.782517399858193],[107.24793430022783,28.77616060043141],[107.24750520040476,28.768562000036297],[107.24166870015046,28.76355860024927],[107.25286670033802,28.759404500417418],[107.25607920009509,28.765551499701985],[107.26141300001001,28.765564399577443],[107.26519030009234,28.75857340004245],[107.27171279960606,28.751731900207062],[107.27336880042986,28.74732590027014],[107.27294179962439,28.735870399899113],[107.26534229990727,28.713611400445814],[107.2617492996905,28.708209899567237],[107.2427063001557,28.693622399554158],[107.22767630042097,28.688773899895637],[107.20091230006267,28.69045239995836],[107.19140629966108,28.68705339969472],[107.18335729989951,28.680627900157504],[107.17601779958187,28.671890400121924],[107.17140980022214,28.65252290001189],[107.16620630038051,28.645561400038616],[107.16015630017318,28.643895899676068],[107.15161880036743,28.645282899786025],[107.12577029995941,28.657928400175592],[107.11482979995537,28.65777390024533],[107.10511029960071,28.655290399932085],[107.08875279980191,28.656659900134343],[107.08345780023734,28.654281400166553],[107.08020779965028,28.650701399649904],[107.07824680004984,28.647085400171136],[107.08737179996865,28.63238540036599],[107.08840179980325,28.624788399864826],[107.07517230036143,28.611390899870173],[107.07132730021482,28.59865389975772],[107.0695728002446,28.58539940006233],[107.07013680017326,28.57941990040814],[107.08255780010245,28.555456399693128],[107.08599829958195,28.542291399628425],[107.08267229998671,28.51440239955116],[107.08299230035442,28.494211400136066],[107.08126829999213,28.48944289967011],[107.08415980023466,28.490279899597738],[107.09602329963565,28.4874323995856],[107.11459329984098,28.476367900158493],[107.12857829994863,28.47483040030278],[107.14143380012985,28.471034899740857],[107.15392279959758,28.464034899790818],[107.16417680031913,28.453195899970865],[107.17305729975465,28.432761900141656],[107.18144229972239,28.42037189984336],[107.1843033003571,28.413181400101564],[107.18311330033862,28.40885740034878],[107.18477629968652,28.40491090001808],[107.18908679971611,28.40226540032802],[107.20028679999587,28.40286640016427],[107.22944630020663,28.418777400057024],[107.24656680011782,28.42539590040053],[107.2525788003714,28.426139899636723],[107.26553329972205,28.4321858996596],[107.27562730025977,28.438318400074138],[107.28531630010724,28.44720639985553],[107.29209129957388,28.447469900315696],[107.2982407998731,28.445226400278216],[107.31285880039337,28.41933989991651],[107.31639079959581,28.40272539995732],[107.31668829982522,28.389873399937528],[107.31255329979501,28.376691900011224],[107.3076627999983,28.370643399873074],[107.28502630022365,28.362817899626407],[107.25823979972705,28.34753990014633],[107.24835179969585,28.339799900245225],[107.23632029974209,28.323402400400482],[107.23391730044312,28.314756400087845],[107.22840129968029,28.305513400123345],[107.21684279995532,28.29460689988855],[107.21620180007307,28.29141440015451],[107.22189279991284,28.28368389979221],[107.22901930030054,28.280038899875365],[107.25747679961466,28.271191900186068],[107.26640330027215,28.266807400341293],[107.31433880029545,28.251418400239004],[107.32160930012918,28.244785400126148],[107.33550279961457,28.221211900309015],[107.34346029965315,28.21914290022471],[107.3507308003862,28.21938689978566],[107.38815330033458,28.214832400195178],[107.39383679982853,28.221082899756084],[107.38886279977845,28.23338689968574],[107.38951880035239,28.23703739985615],[107.39917729969267,28.252113399913526],[107.43184679988997,28.258466899727694],[107.44579330002085,28.263320899639837],[107.46513379978506,28.27396939966809],[107.47039779971874,28.275873400237288],[107.47817230031148,28.27563490003064],[107.48716729963121,28.26687439983374],[107.49828329963464,28.245891399868242],[107.50060279957961,28.232517400058043],[107.50579079960579,28.219514900292438],[107.52726729984607,28.19866740028033],[107.53440260009995,28.199754700419135],[107.53672889981891,28.197310200105676],[107.54164990012288,28.185796799582704],[107.5463920000908,28.164107300311684],[107.5505076997706,28.158901099805973],[107.56428649972224,28.15353699993267],[107.58097830000861,28.1545598996197],[107.60136919982875,28.15990860040165],[107.60277009986027,28.15677249985106],[107.6123020996622,28.159734899945704],[107.61298440001013,28.161546399846543],[107.61712829973129,28.160342800280034],[107.61712829973129,28.163121500357022],[107.6208895999751,28.16347579996824],[107.62747020018963,28.167115699829708],[107.62747020018963,28.171630800121363],[107.63150849971754,28.173367300160805],[107.63178030002086,28.17487190011815],[107.6297355996183,28.177187499703393],[107.62744829989919,28.188642400226627],[107.61911030030018,28.206796400133783],[107.61768330014422,28.216245399705485],[107.61888879997821,28.220334900335445],[107.62164280017515,28.22437639965119],[107.6306533002097,28.2289063999105],[107.64575979987495,28.23071839983436],[107.65263380030967,28.23370940016872],[107.65556329960663,28.23567940018421],[107.65780629962109,28.246387400258357],[107.67251009996119,28.250880399710752],[107.67158430007544,28.25495450034998],[107.6814739998253,28.254831900272052],[107.6830657000221,28.261970500138546],[107.67377729958275,28.26398090039828],[107.67368329974454,28.266521399742828],[107.68733949961825,28.277328899908866],[107.68642880024902,28.2875058997775],[107.69693539984888,28.295436299645587],[107.69080660014453,28.298625099568767],[107.6875019999174,28.298474800371764],[107.68732430017639,28.30071010039086],[107.68217039974422,28.303408199628734],[107.68063819959332,28.302672299686947],[107.6777130997798,28.304757199785],[107.67078949993555,28.30423560019284],[107.66619949960727,28.30857440008856],[107.66653799992883,28.311013599797832],[107.66037590012775,28.311612600441208]]]}},{"type":"Feature","properties":{"shapeName":"Tianzhu County","shapeISO":"","shapeID":"62558664B62159395916368","shapeGroup":"CHN","shapeType":"ADM3"},"geometry":{"type":"MultiPolygon","coordinates":[[[[108.97284679993993,26.717737399561372],[108.99565879971391,26.70609639962919],[109.01593779958984,26.700446899904534],[109.015602300306,26.715521399892737],[109.02306379995446,26.720184399990103],[109.03428680039559,26.706067900113567],[109.04585279956711,26.7145769004037],[109.04985029955174,26.72369940020718],[109.05983729965169,26.72765139989224],[109.0714568003911,26.719926899806637],[109.08772279956759,26.722757399934096],[109.10501080000847,26.719594899784852],[109.11180879963644,26.722329900004922],[109.12203980019666,26.732745900103282],[109.13185080027426,26.73399190000623],[109.14227279974995,26.731998399806344],[109.14907829972384,26.724166900182354],[109.15763080022134,26.720636400149772],[109.16097329967812,26.720741399595966],[109.1680603000429,26.724151400366907],[109.17864930002526,26.74740789995468],[109.1840363002351,26.752948900071715],[109.20613879966595,26.764293399820588],[109.22100830009305,26.774757400333783],[109.22673779990959,26.77660940030364],[109.23486329960167,26.774695900195695],[109.23828880018806,26.77135289981652],[109.24575780018239,26.761195899970858],[109.25415029959669,26.743654400430273],[109.26085680040109,26.733985899729532],[109.2670898000543,26.71951289960066],[109.28012829968134,26.713275899763005],[109.284553500144,26.70465470005439],[109.35720060012767,26.697824500200568],[109.3812102999155,26.71543879986075],[109.3765564000579,26.730752899926415],[109.40769959965684,26.723905600363196],[109.41297150013469,26.743049600059067],[109.44922640037811,26.7645245004054],[109.49317490000169,26.763967499900275],[109.49776679969813,26.7616300998493],[109.50003050030739,26.748090700325633],[109.50338870012848,26.747298099927434],[109.51118319984488,26.75148959986518],[109.51772780019786,26.752964999735013],[109.51860759976097,26.7553026003348],[109.5181141003855,26.75892379969366],[109.51292129977821,26.760054199841477],[109.51240630031054,26.761721100448483],[109.51347919960546,26.782353800087833],[109.51038929992632,26.792774099844905],[109.49199679981251,26.82283210012139],[109.49566839987682,26.830619499690215],[109.50716970002168,26.841341600234728],[109.50897220040679,26.853977199987867],[109.5069552000225,26.865960499877247],[109.50965880041338,26.878325300272422],[109.50674060019861,26.8823063003955],[109.49232100001421,26.882918700038033],[109.48691370030707,26.88866020040797],[109.48343750044035,26.899262100265787],[109.47811599965371,26.901252200128965],[109.47047709973845,26.898802800309056],[109.46884629971703,26.88885160042105],[109.45228099986832,26.876909000250237],[109.4541693000732,26.86825749968392],[109.44266799992829,26.86297430012388],[109.43288329962462,26.864658799563983],[109.43253989979661,26.866496500313303],[109.44163800009369,26.875224699560306],[109.43339829999161,26.882880500434794],[109.43086630013971,26.895473100003585],[109.43944930024509,26.898917599667527],[109.4422816997407,26.903280600319476],[109.4498347998362,26.90664829967932],[109.45575719973505,26.90687800001973],[109.46365359983383,26.909480200051235],[109.49725340012435,26.929464299637743],[109.52571870015794,26.931047399617853],[109.55020900034515,26.95414919962593],[109.54151150035551,26.981115300131023],[109.5274886999436,26.99595120008786],[109.53444669975545,27.002824800324333],[109.52780949980865,27.02384239990687],[109.51513669959905,27.033760100048653],[109.51927579963848,27.04376679979805],[109.51699820000698,27.061955099848035],[109.49711449983437,27.06385939989144],[109.48682209986009,27.05493679959369],[109.46773450024705,27.05451620016254],[109.45048320023955,27.062357399874145],[109.45499979970106,27.07712060043542],[109.45533710032697,27.087083200129655],[109.46798710002469,27.138196899767138],[109.45284270023052,27.13658520044669],[109.43614960042379,27.121397000071568],[109.40451229980283,27.15566460004129],[109.39587970028799,27.155487099949767],[109.39596550010782,27.163196799892432],[109.38764360017205,27.158922199899678],[109.38875889980346,27.147089799954358],[109.379578999871,27.14693720029163],[109.37915009969743,27.154036700333506],[109.37511780044622,27.155487099949767],[109.37391670009572,27.158540499744333],[109.36988449976991,27.150754200046322],[109.3648226998078,27.150754200046322],[109.35418439989019,27.15586880010511],[109.32909879976984,27.152108200433133],[109.33164669963554,27.141635700427287],[109.29476260041372,27.137964700210773],[109.27601619998768,27.13049510036865],[109.26312260002805,27.132343299803495],[109.2570879998114,27.14059160012232],[109.25250730027176,27.153028800438847],[109.24359890026909,27.156810800378196],[109.23383229972092,27.152297200155715],[109.21774119979659,27.125016999734783],[109.19139099999472,27.094598800294477],[109.18097840023307,27.084973000303762],[109.1735788998464,27.086332400220158],[109.17040759983092,27.090201500398962],[109.16336049968737,27.078802999958555],[109.16056619997022,27.068450400265817],[109.15231989974365,27.069181399801835],[109.14938349994861,27.07524730002291],[109.14550759999582,27.073887800281796],[109.1369334995814,27.07712979960064],[109.13164810027968,27.074096899852123],[109.12730239988593,27.07367859998743],[109.12976890031456,27.07043649994455],[109.12612779985812,27.06750799979443],[109.11861080034822,27.06980899978555],[109.09660759956114,27.072322600407745],[109.09711690002496,27.077548100364595],[109.10439900021373,27.09030599982208],[109.10680129984019,27.098761799817282],[109.11332540014718,27.106512800225573],[109.12049010013806,27.111217500087605],[109.12765470030422,27.113308500287133],[109.12889860029026,27.119213099904698],[109.12644199959868,27.126058599924477],[109.10792259974824,27.126898599990454],[109.1042816000159,27.122821699761687],[109.09805650000754,27.123135299654393],[109.09183149982391,27.11905829960091],[109.0828824999275,27.12097119986106],[109.0758578999222,27.119162899748062],[109.06058899978257,27.10640820007842],[109.05647819960927,27.112994799670332],[109.04954839983884,27.101389599950153],[109.03850779989511,27.099193899778697],[109.03040359974636,27.100448599723165],[109.02852429995653,27.107349200305407],[109.02206439955245,27.10619909960883],[109.01466490006516,27.099089299631544],[109.01588319994977,27.096817999750954],[109.01149360004968,27.089155800200047],[109.00327189987831,27.08277689993406],[108.98823789995919,27.07890760010571],[108.9655747002123,27.063852399568646],[108.96030849963762,27.057752600302308],[108.93930410030407,27.051473999625443],[108.93576890041447,27.047735200419197],[108.93985649987764,27.039666699758413],[108.94604309990922,27.0402571001851],[108.94549080016037,27.033664199942905],[108.9486945000512,27.027661299929093],[108.94803169970322,27.02215019957208],[108.93299619971492,27.014657200269653],[108.93920880004617,27.01559439996163],[108.94727329962313,27.011865399768453],[108.95162179960641,27.0059679002984],[108.9610978004232,26.999433400231283],[108.97441080011839,26.998267900443295],[108.98281079987856,27.00210040001349],[108.9889833003391,27.013358900293042],[108.99918380039213,27.022634399957667],[109.01467879998671,27.02414340029776],[109.03146379971463,27.020091899621548],[109.03814680033463,27.009288899663034],[109.02967830011352,26.99283389986465],[109.03111279971597,26.984975899917913],[109.04093929960908,26.975206399955425],[109.04826330011127,26.972413899781714],[109.05294780030079,26.968110900097997],[109.0598298002052,26.9614318996625],[109.06137080022233,26.95586390009896],[109.05328379960775,26.936412899735558],[109.04868329969457,26.931529900284715],[109.02803780000454,26.91850090019642],[109.02071380040161,26.915780899768777],[109.02600829994316,26.91352289996189],[109.03751379992201,26.91241840028897],[109.06213430035774,26.90050140021947],[109.06485730002441,26.892823899603343],[109.06381230039739,26.886892400364047],[109.05236030018779,26.878124399821218],[109.04247280017967,26.875270900431758],[109.03707879964696,26.875236399740118],[109.0267027995946,26.878597400050012],[109.02258280025609,26.87828990025872],[109.01672379986354,26.873678399838354],[109.01521280033052,26.868909900271717],[109.01484679964017,26.861116399702155],[109.01222230001918,26.854093399590795],[109.01306930040795,26.83913789969438],[109.009109300354,26.836755899565162],[109.00211329968909,26.840680899803715],[108.99948129972228,26.845138400316955],[108.99492630010872,26.846679900357174],[108.98848729994899,26.845992900152282],[108.96842930037195,26.83408539962153],[108.96410379965067,26.82918740037826],[108.95976280001327,26.81855190005018],[108.94953929979891,26.81386739986067],[108.9391783004383,26.811708400122598],[108.93229679965765,26.807130900370794],[108.92796380038914,26.80223440029738],[108.92436980012621,26.790881900179613],[108.92066930034798,26.789111900393948],[108.9234692999683,26.777101399609933],[108.91383379989003,26.758065900421002],[108.92569730019034,26.753770900206916],[108.93235779977272,26.75616239987488],[108.93785879984381,26.749416399946938],[108.94288629966309,26.736759399926427],[108.9530183001545,26.734693399980472],[108.96591929973596,26.721366899662712],[108.97284679993993,26.717737399561372]],[[109.45809600003042,26.834123399575276],[109.45852519967826,26.835770099610443],[109.47573420007336,26.84204999980767],[109.47884559984459,26.840575799633484],[109.47592739962982,26.835750899984077],[109.47101360019758,26.83274480003257],[109.46071390042624,26.83174920016552],[109.45809600003042,26.834123399575276]]],[[[109.5224164003966,26.748644099945295],[109.52348919986673,26.745118399594503],[109.53344559963477,26.736648400203535],[109.54078409990632,26.735766900022497],[109.545633599611,26.730707600175663],[109.54413149976898,26.729749400414562],[109.53936789970885,26.731205900132238],[109.54005460043953,26.72457480028686],[109.54365949958628,26.721124900194013],[109.55078340003394,26.727219600304352],[109.56357220019692,26.730094300311748],[109.57103939974854,26.736686699631548],[109.57395769978808,26.73661009987626],[109.57455849997484,26.738833000042973],[109.5724126995865,26.743892000415542],[109.58090999969681,26.750751900379953],[109.58005170022585,26.753127800407697],[109.58163950006292,26.755771999678075],[109.59241129984167,26.758109499553825],[109.59399909967874,26.760408700001562],[109.5933983003913,26.763129300277058],[109.58129620005963,26.767420800329717],[109.57844770000139,26.77266530026344],[109.57520760005076,26.77301010033591],[109.57352850014024,26.775160499857236],[109.57279899977408,26.77044779962631],[109.56842160007682,26.76577320007317],[109.57365730014436,26.757189799769492],[109.57194070030312,26.75630850013721],[109.57288479959391,26.755197199790985],[109.56889370008423,26.754200800426645],[109.56576090004557,26.75140339984705],[109.55352999970978,26.75853100010562],[109.55430250026023,26.751978199734197],[109.55245710041493,26.749448899647064],[109.55571869955838,26.746076500430206],[109.56314299964976,26.74561659972636],[109.56340049983328,26.744351900220067],[109.55962400014755,26.74324050004907],[109.55520370009077,26.738794699715697],[109.55104090021746,26.739867799559363],[109.54902389983317,26.73867969980836],[109.53988290007584,26.744735100444586],[109.53786589969155,26.74293389957984],[109.53301639998693,26.745578300298348],[109.53224400016052,26.748069300058205],[109.52584960007903,26.74749440034634],[109.5224164003966,26.748644099945295]]],[[[109.52749110023416,26.752792499874033],[109.52899310025145,26.752351799695873],[109.52987289981456,26.754325399697507],[109.53285549958173,26.753731400183995],[109.5360527000721,26.757525100303212],[109.53924989966322,26.75723770035961],[109.54012970012565,26.759077099928277],[109.54276899988952,26.7596902001427],[109.54182479987469,26.76051409964606],[109.53802680009682,26.758425700285898],[109.53669639971912,26.759402800199098],[109.5313320003716,26.755091800146488],[109.52871419980056,26.755283399809116],[109.52749110023416,26.752792499874033]]],[[[109.57544360014208,26.7872048996864],[109.57887689964929,26.787559200196995],[109.57763229999074,26.78850740039627],[109.57544360014208,26.7872048996864]]]]}},{"type":"Feature","properties":{"shapeName":"Taijiang County","shapeISO":"","shapeID":"62558664B86995165137861","shapeGroup":"CHN","shapeType":"ADM3"},"geometry":{"type":"Polygon","coordinates":[[[108.45059980024064,26.781457899962163],[108.44574730039767,26.79446940014276],[108.44129179997663,26.7982883999897],[108.41861730024829,26.796260399997493],[108.4086179002959,26.797563300006345],[108.4089634998657,26.8024340003289],[108.41546679975306,26.8074595998807],[108.41722930009217,26.810605799817836],[108.41687310021348,26.813467000102037],[108.41437569997862,26.81585510033267],[108.40689270023796,26.816305499699126],[108.40607360041639,26.819814600363543],[108.41049920017798,26.830300000244847],[108.41414870030235,26.833246399601705],[108.41376940043756,26.83527720008277],[108.40946820029728,26.836396599723344],[108.4031221001049,26.833641800029113],[108.40032010039238,26.83452420043153],[108.39610610031633,26.8403974002199],[108.39558520039674,26.84488960017495],[108.39320459961266,26.846360099638957],[108.38785289959168,26.842882399703058],[108.38715439975579,26.833527200320077],[108.38499559966726,26.831452600157434],[108.37613219994114,26.82749799963301],[108.3692727999998,26.82703890022509],[108.36337169964429,26.824870499873725],[108.35962569956644,26.821085499796027],[108.35742419966715,26.8215065003248],[108.35276939958817,26.827326800191713],[108.33461980006376,26.83035829969583],[108.33379700043128,26.83490760030554],[108.33670100035096,26.836736699938797],[108.33706390017892,26.83884140041033],[108.33189730042017,26.845169899970983],[108.33277219957739,26.855064799600882],[108.32944700037882,26.862078999846005],[108.32540690040821,26.863802600010047],[108.31160620016607,26.86349450037096],[108.30801279975094,26.862273300172717],[108.29721770033666,26.867634399907672],[108.28075239970354,26.860752999851115],[108.27477290004936,26.864116600101056],[108.2693156996599,26.86317440017848],[108.26321629969254,26.858755899665084],[108.26023939982849,26.859493600049632],[108.25525900020278,26.86408799986134],[108.25033270019401,26.865343699851906],[108.23671550032014,26.853681500201105],[108.23354890016168,26.85308680011576],[108.2248059996972,26.856610399650265],[108.21936079986108,26.855670099995166],[108.21705059980542,26.853450500340386],[108.21400659972488,26.845228399970722],[108.20770880032092,26.841887200034307],[108.19474560002948,26.84024789962092],[108.18862250022829,26.82973250015482],[108.18122929959259,26.823976900213836],[108.1797096000181,26.817956600117043],[108.17299599996551,26.81341129969178],[108.16674539968051,26.81155169955133],[108.16500910018988,26.809072300146568],[108.16707059992831,26.806437399866184],[108.15913130036927,26.804757200084794],[108.15474219959287,26.79675130033229],[108.15069069981598,26.795655399976795],[108.14639359968493,26.799454399800766],[108.1436516998661,26.799089200406343],[108.1402139999762,26.791052499773116],[108.14193279955913,26.788714499874345],[108.13996850034607,26.784220899674835],[108.1275407995683,26.782140899982608],[108.11508930003123,26.777534600341596],[108.12484730036266,26.76910989980206],[108.13775630031307,26.751504900031136],[108.14058630041751,26.73167440015351],[108.13848879991826,26.71704490000218],[108.1354368003681,26.711168399701933],[108.1253893001761,26.703204900285982],[108.1215972997756,26.698039900421122],[108.12066630000982,26.693935399998736],[108.13615490002866,26.67985640005287],[108.13348790024645,26.670870199700005],[108.13448800032103,26.667940900052542],[108.13921070011378,26.66664989987305],[108.13626599957627,26.664216999914686],[108.13426580032649,26.658953800377617],[108.12415370003328,26.651008800016143],[108.12415370003328,26.644999999550407],[108.12248690015036,26.64346049960244],[108.12443149971398,26.639686199658456],[108.12215349988418,26.63531580028399],[108.12682059999077,26.632186899705687],[108.13037649957585,26.632683499943596],[108.1451002001142,26.629206899878568],[108.14954510022625,26.624587700362156],[108.15749030023721,26.624538000228597],[108.1673245999504,26.628263199886817],[108.16849140015808,26.63020020017916],[108.1761031999028,26.63169019964306],[108.18165929963703,26.62846179987224],[108.18227049958392,26.624239999976055],[108.1759364997697,26.61579590016072],[108.18021469974866,26.60620850032211],[108.1866598000098,26.604122100154825],[108.1929936999993,26.599849699903757],[108.19216030005788,26.59463309963786],[108.19516060028155,26.591652099764644],[108.1978830999252,26.583304999925872],[108.19466059970699,26.57793859958673],[108.20071670001573,26.575950999838824],[108.20160569964338,26.57291989963369],[108.198327599739,26.570484899758355],[108.20234680036458,26.56666990009586],[108.2019193004354,26.562679400434035],[108.21250130009497,26.551791400153036],[108.2426908001404,26.538234900020655],[108.24861129977171,26.53254140006561],[108.24839030037214,26.527038899925344],[108.23251330024868,26.513753899722758],[108.23206330018121,26.50894540011018],[108.2347412995714,26.505420900354295],[108.24234030016476,26.50334940015472],[108.26052080039466,26.503703900314804],[108.26274879971737,26.50179839967643],[108.26756279958357,26.487642399776973],[108.27146929986833,26.482929400071782],[108.28563680029816,26.47261640022674],[108.29801179990471,26.468324400151005],[108.3096238002982,26.458087900236478],[108.31154629992187,26.448613400388183],[108.30972280036701,26.441095399932806],[108.31136379959975,26.437370399924077],[108.31375079995951,26.433391399893253],[108.32257829964885,26.430129899675194],[108.32373830008254,26.427337400400745],[108.32264730013287,26.42553540003871],[108.30771629956763,26.423250399886115],[108.30483229967098,26.421272400400994],[108.30197930030454,26.41401690035974],[108.30178080014389,26.408969899641193],[108.30448129967232,26.39970440043777],[108.32501979982396,26.39538189985484],[108.34387979991288,26.40029689988205],[108.35540780002998,26.400850400225863],[108.3609772996627,26.399524900253994],[108.36794279982041,26.38805390006746],[108.37196329996635,26.386318400074174],[108.37885230019356,26.386327899612922],[108.39681230014759,26.394019899998455],[108.41345230038343,26.407033900294323],[108.41702279956263,26.412889399626124],[108.41869330015572,26.42270840007268],[108.43820179957345,26.461801399714886],[108.44216129960438,26.477285399701486],[108.4451368001233,26.481323399755127],[108.458442800395,26.487092899617664],[108.46135729989953,26.489753900022492],[108.4630438003312,26.49337189959357],[108.46193629962062,26.497541400315413],[108.45506280010818,26.504651899965268],[108.45725230035345,26.508025899975337],[108.46468330039409,26.50824340011286],[108.47580729986703,26.511096900401697],[108.47956080029076,26.50913789999413],[108.4844662998799,26.510126399713613],[108.48265830014049,26.515924399991093],[108.47612780025781,26.51889240016419],[108.45054629957212,26.538090399652276],[108.44714330002336,26.542333400166342],[108.44084930025508,26.557231900132138],[108.43504329960865,26.565454399800785],[108.4258267999669,26.571950899914157],[108.41645030014132,26.574317900250946],[108.4137267995522,26.576701899573038],[108.409721300098,26.59129339977062],[108.41013330021167,26.59518440023993],[108.41609980016568,26.603257900231938],[108.43083179964788,26.612657400218893],[108.4385833000793,26.62664390039572],[108.43457030027918,26.63503839990227],[108.4237977999286,26.647323399855054],[108.41686230025499,26.659482900315652],[108.41871630031704,26.667230399663254],[108.42608630024262,26.671815899784008],[108.43489079977064,26.674056899706216],[108.46159380001393,26.687660400207335],[108.4787522998788,26.699500900346322],[108.48998279976644,26.710614900257497],[108.492629800425,26.718793899718776],[108.49202729962025,26.7229458996336],[108.48650380031017,26.73184940012976],[108.47555930012169,26.74187900021576],[108.4722299001898,26.741325099673645],[108.46306070039105,26.735372800014773],[108.45951249990202,26.736314900112575],[108.45573660006409,26.733674799952098],[108.45284390012597,26.733824400375852],[108.44531979956918,26.745564100003264],[108.43640030013381,26.753653599833797],[108.43379979982097,26.765928399675943],[108.44270330031713,26.776660899980584],[108.45059980024064,26.781457899962163]]]}},{"type":"Feature","properties":{"shapeName":"Suiyang County","shapeISO":"","shapeID":"62558664B54064152991039","shapeGroup":"CHN","shapeType":"ADM3"},"geometry":{"type":"Polygon","coordinates":[[[107.39655280007173,27.93117139974038],[107.39636979972653,27.937585899669557],[107.39900229971641,27.94099240027913],[107.4177933002207,27.952482400442477],[107.4512482997693,27.978011899629507],[107.46647629964156,27.994338899820434],[107.46624729987303,28.000009399614157],[107.47167180001361,28.003383399624227],[107.48110979997733,28.013183400093908],[107.49049380014884,28.028032399575636],[107.49978629969803,28.047468400146613],[107.50160229980634,28.067132899563717],[107.4994508004142,28.084857900371844],[107.49408730038868,28.08662990024976],[107.48374930029001,28.080526400273186],[107.4738467995902,28.07899489979485],[107.46470629985589,28.090509400188694],[107.46086129970928,28.09796689965276],[107.45362080035972,28.104839400018363],[107.4444733003026,28.102594399911652],[107.43913280043847,28.098399899835556],[107.43005379994298,28.08468639965764],[107.42469780026335,28.080261399743847],[107.41890730033168,28.07791340028325],[107.39669779956387,28.079500399723713],[107.39378330005928,28.077752900076348],[107.38751229955307,28.06945589967006],[107.38439229956504,28.06908989987903],[107.38063029964866,28.07218539963651],[107.3798522997439,28.07908640041711],[107.3852998000458,28.09956340043061],[107.3921962997195,28.11082239983392],[107.3981168002502,28.11638089985871],[107.40735630005327,28.121145400140165],[107.42269130036328,28.135591399923214],[107.42472080042467,28.141261899716937],[107.42431629975749,28.151136400024882],[107.42569729959075,28.15315839974039],[107.43012979985042,28.153941899898825],[107.46115879993874,28.145429400346586],[107.4688032999324,28.14863789991921],[107.47499080018537,28.161290899755272],[107.47846979964157,28.164165400113177],[107.48500080044664,28.165340400339232],[107.4942173000884,28.18225689983609],[107.50079330027063,28.184808899711015],[107.50276180021694,28.181995400367498],[107.5163118000496,28.1838703995993],[107.52726729984607,28.19866740028033],[107.50579079960579,28.219514900292438],[107.50060279957961,28.232517400058043],[107.49828329963464,28.245891399868242],[107.48716729963121,28.26687439983374],[107.47817230031148,28.27563490003064],[107.47039779971874,28.275873400237288],[107.46513379978506,28.27396939966809],[107.44579330002085,28.263320899639837],[107.43184679988997,28.258466899727694],[107.39917729969267,28.252113399913526],[107.38951880035239,28.23703739985615],[107.38886279977845,28.23338689968574],[107.39383679982853,28.221082899756084],[107.38815330033458,28.214832400195178],[107.3507308003862,28.21938689978566],[107.34346029965315,28.21914290022471],[107.33550279961457,28.221211900309015],[107.32160930012918,28.244785400126148],[107.31433880029545,28.251418400239004],[107.26640330027215,28.266807400341293],[107.25747679961466,28.271191900186068],[107.22901930030054,28.280038899875365],[107.22189279991284,28.28368389979221],[107.21620180007307,28.29141440015451],[107.21684279995532,28.29460689988855],[107.22840129968029,28.305513400123345],[107.23391730044312,28.314756400087845],[107.23632029974209,28.323402400400482],[107.24835179969585,28.339799900245225],[107.25823979972705,28.34753990014633],[107.28502630022365,28.362817899626407],[107.3076627999983,28.370643399873074],[107.31255329979501,28.376691900011224],[107.31668829982522,28.389873399937528],[107.31639079959581,28.40272539995732],[107.31285880039337,28.41933989991651],[107.2982407998731,28.445226400278216],[107.29209129957388,28.447469900315696],[107.28531630010724,28.44720639985553],[107.27562730025977,28.438318400074138],[107.26553329972205,28.4321858996596],[107.2525788003714,28.426139899636723],[107.24656680011782,28.42539590040053],[107.22944630020663,28.418777400057024],[107.20028679999587,28.40286640016427],[107.18908679971611,28.40226540032802],[107.18477629968652,28.40491090001808],[107.18311330033862,28.40885740034878],[107.1843033003571,28.413181400101564],[107.18144229972239,28.42037189984336],[107.17305729975465,28.432761900141656],[107.16417680031913,28.453195899970865],[107.15392279959758,28.464034899790818],[107.14143380012985,28.471034899740857],[107.12857829994863,28.47483040030278],[107.11459329984098,28.476367900158493],[107.09602329963565,28.4874323995856],[107.08415980023466,28.490279899597738],[107.08126829999213,28.48944289967011],[107.06896229997022,28.487027899817747],[107.05861680042506,28.481345900393023],[107.05638129985715,28.47659289974257],[107.0570528002466,28.45868689958081],[107.05584730041267,28.453903400221805],[107.05230729994202,28.44964289980004],[107.03588880002815,28.440686899580783],[106.99846630007977,28.432981400371375],[106.9831773000924,28.426740400349274],[106.9759673003507,28.420741899818893],[106.96755229989878,28.41018839967495],[106.96193679994343,28.39818189997476],[106.96508779956235,28.38365189991532],[106.98969280018264,28.358915400425417],[106.98954030034463,28.347225400032244],[106.98648879991822,28.334005400129172],[106.98812880000418,28.32111940034008],[106.98686980040105,28.314733399926524],[106.98297879993174,28.307269900185815],[106.97074879981733,28.29108640031717],[106.9702913003033,28.270229399866935],[106.97191629969751,28.256885399641533],[106.98532880038391,28.209518399754415],[106.98455829992565,28.202201899598037],[106.96626279978847,28.18251039983511],[106.96558379995247,28.177713399853587],[106.96592729960526,28.150188400374418],[106.97673779990959,28.109998899629545],[106.97650129979519,28.095561900261544],[106.97344980026816,28.081884399945125],[106.97358680029066,28.06353740013094],[106.97769179983675,28.062051899975245],[106.98239880016456,28.055963399791096],[106.98648879991822,28.03934489964746],[106.98406230043486,28.02886190005671],[106.97338880015309,28.004384899943204],[106.9829327996091,27.98697290007931],[106.9918897998744,27.976375399704978],[107.00372329969059,27.96895990037916],[107.00676729977113,27.9625244003808],[107.0072478003458,27.958629399727045],[107.00538629993787,27.954978899556636],[106.99549879992975,27.948182900020868],[106.99492679963214,27.942462899743077],[107.00588230032798,27.92474940036459],[107.02146929966852,27.878833899964548],[107.02192680008181,27.874019400075326],[107.01244329981847,27.854854400310387],[107.01239030007235,27.849359399616674],[107.01493829976278,27.84613440018245],[107.02111829966987,27.843108900055768],[107.03407279991984,27.845989399790994],[107.03871129978671,27.84480840018756],[107.04329679990747,27.839505900277118],[107.05066679983298,27.825708399822872],[107.05449680018722,27.822242900089805],[107.06047079958779,27.82402989976009],[107.06463580010217,27.827890399722207],[107.066001800143,27.83429139992819],[107.06475830035532,27.83933839974742],[107.06739030032219,27.844127400259367],[107.07285330043953,27.847520900269387],[107.08760830008305,27.849693399730654],[107.09777829962889,27.85762590041503],[107.11234280038002,27.865751400107058],[107.12116980004629,27.869344900346903],[107.14029450029102,27.874074700287224],[107.1541288001041,27.880977399887172],[107.17488080020883,27.886524900303982],[107.17797830005856,27.88627040025881],[107.17923679963866,27.88328190003972],[107.17855829982574,27.868860399587845],[107.18389879968993,27.86125539961705],[107.19032280005723,27.857766399699642],[107.19834879965742,27.858382900250717],[107.20871730026323,27.86172689977667],[107.21758279990632,27.86714539964055],[107.23468029965619,27.8706568996962],[107.24295780006247,27.871040400294305],[107.254287800042,27.867044400378802],[107.26899780030828,27.864389400250673],[107.2770387997009,27.866834399687832],[107.28016680005783,27.87001039956033],[107.28234879995722,27.878234900220548],[107.28497329957816,27.881416400346666],[107.29406729986607,27.88499639996394],[107.31424729967318,27.885949899868024],[107.34953380004492,27.89568540006121],[107.36839280008769,27.913362399555126],[107.38947280002975,27.92437340011236],[107.39655280007173,27.93117139974038]]]}},{"type":"Feature","properties":{"shapeName":"Ziyun Miao and Buyei Autonomous County","shapeISO":"","shapeID":"62558664B93746262173408","shapeGroup":"CHN","shapeType":"ADM3"},"geometry":{"type":"Polygon","coordinates":[[[106.00794230019704,26.01234439957443],[106.00257880017153,25.99882490024902],[106.0099488000971,25.986215399720948],[106.01171879988277,25.979341400185547],[106.00788880042785,25.968341900158634],[105.99465179974084,25.958265400427933],[105.98879979967109,25.95093539964904],[105.9844663003795,25.942228400120598],[105.98445880003368,25.932833400341224],[105.98825829988067,25.922517900380853],[105.99434680006482,25.913575899907926],[106.01315330038454,25.898437399666307],[106.01721179958497,25.888809399933905],[106.01670130032483,25.886060899990582],[106.01186380027423,25.883542899884958],[106.00601979967405,25.883086900440162],[105.99965680032113,25.885383400223816],[105.99382030006683,25.885616400176787],[105.98518430021534,25.88103690033273],[105.98110179990817,25.87301840017909],[105.98058330027914,25.860643399673222],[105.93634780001105,25.830863899649273],[105.92897780008548,25.82284340030276],[105.92286679976309,25.804738899980293],[105.92768879999818,25.775174900001673],[105.92336280015314,25.757297400254856],[105.92336280015314,25.7412548996939],[105.92665079979463,25.733461400023657],[105.94010179955848,25.721084400324855],[105.94644179964939,25.71306240000979],[105.94441229958801,25.708478899981287],[105.93501279960105,25.69976990036065],[105.92993180001264,25.686708399672966],[105.93093879968592,25.67204089956789],[105.93448629960312,25.659663899869145],[105.9471588003384,25.64063840024204],[105.9583067001941,25.62763510007983],[105.96591539997581,25.627900200433942],[105.97321030021527,25.617983799812578],[105.97859929961805,25.61793890026007],[105.98619830021147,25.607621900230583],[105.99378180009006,25.588367899958655],[105.99833679970362,25.58102989971013],[106.0051802996312,25.574149899898032],[106.0145568003561,25.571393899608836],[106.03711680020024,25.569770900306878],[106.04853129957985,25.572969900340695],[106.06934329975354,25.58624089989769],[106.0794827996915,25.58760439982325],[106.08582279978242,25.58691040019488],[106.09393329968208,25.580024900129104],[106.09847280037951,25.57153890000029],[106.09971630016719,25.55984889960706],[106.09690830017797,25.548393400135353],[106.0910568001313,25.53923390042422],[106.07836929960354,25.526185900359053],[106.07861330006381,25.520454399550943],[106.08518980026912,25.5147154001956],[106.10089130039324,25.50805090042877],[106.12188730005892,25.495876400175803],[106.12921880000766,25.48532089993961],[106.13123330027662,25.476381399581953],[106.13069129956386,25.464692900157274],[106.13549779998357,25.461248399594012],[106.13955680010628,25.46215840019005],[106.15299980040055,25.472678899711525],[106.15882880030892,25.473127399709767],[106.19577029965967,25.458162400274603],[106.20485679960166,25.44737240001632],[106.21140280019915,25.43406889985988],[106.21568279972149,25.420993900348265],[106.21916230010015,25.40219490037441],[106.22295379957825,25.396913399633718],[106.24904630044648,25.40464790018052],[106.26068880044784,25.404847900410346],[106.27435280014168,25.401147899755813],[106.29229730028027,25.393310399855125],[106.30137629987638,25.384806899818614],[106.32026679957318,25.36046040032727],[106.32834579981886,25.357002400040756],[106.34227730015732,25.358791399803295],[106.3782727999498,25.37059540005771],[106.38838979974952,25.37010589996737],[106.40379279959808,25.362031899952285],[106.4174117999147,25.352128900128662],[106.42452979991037,25.360122900051863],[106.42835980026462,25.367444899562543],[106.43065630004827,25.372937900164004],[106.43018329981948,25.378440900327348],[106.42241679959568,25.39680289993396],[106.4151227995776,25.405078900271064],[106.4032363000153,25.410161899951788],[106.39539329986098,25.4108773996723],[106.39288330012425,25.41501039961031],[106.41294079967821,25.428233899674808],[106.41752629979896,25.434863899649315],[106.41855629963356,25.439901399929738],[106.41860129991011,25.446779399649643],[106.4148408000629,25.45481289959571],[106.40093980023164,25.46311190009419],[106.3966827999713,25.47160739976175],[106.3964462998569,25.47894089980275],[106.41095679991645,25.49562190013063],[106.43139629999928,25.531760900245388],[106.43298330033912,25.543443900315822],[106.42999280002778,25.553767899768786],[106.42926779986914,25.56316739975574],[106.43895729973963,25.576883400048928],[106.4670027998394,25.60473840035695],[106.47572329999036,25.626018399629515],[106.48287979996286,25.63744939977005],[106.48470280039396,25.64638139978183],[106.48309239969456,25.650586799641133],[106.47769709964149,25.653460899800734],[106.47419710011616,25.658458200385667],[106.46902040007149,25.66167520035026],[106.46563689962329,25.66813469965672],[106.45739010027296,25.67155620005866],[106.44446990016581,25.6801947998502],[106.42813169981815,25.68323319985234],[106.42506259965933,25.68325479976926],[106.42268599995901,25.681089600104997],[106.42325430044565,25.669599000093854],[106.41265310026046,25.66260739981169],[106.40927669995978,25.64961899961719],[106.39860440027292,25.65180840003768],[106.39438649983714,25.65569230035942],[106.38959030025222,25.65687749979685],[106.38220359991624,25.655385500240698],[106.3631013998098,25.656973899925617],[106.35653599993651,25.66343960005753],[106.3426679998284,25.66835610015397],[106.33814339999799,25.673924800289342],[106.32870549985898,25.676279499699206],[106.31974179964442,25.673638400391894],[106.31493609962138,25.684325900419992],[106.3049174002179,25.68622189972092],[106.29818730030371,25.70017240003631],[106.30077379997095,25.71024939979003],[106.30003329999687,25.71827290017427],[106.29345679979156,25.724937399941098],[106.28762030043657,25.726557400004083],[106.28076930016312,25.727262400139693],[106.27467329963315,25.724069400382575],[106.24178520032677,25.701115600004982],[106.23966369962011,25.70387830024339],[106.23429110025415,25.705813400268255],[106.23127790015502,25.712832699669377],[106.23125020013669,25.71928840023952],[106.24420930041896,25.72551739970828],[106.25183879972087,25.731229899640198],[106.255172799685,25.73855390014245],[106.25569929968299,25.74749190043093],[106.25299830013148,25.77545740043871],[106.24719979983098,25.790139900336158],[106.24395729958974,25.809169900170787],[106.24476630002476,25.824750900134006],[106.2475892998064,25.831849900152804],[106.26109330021569,25.845109900101875],[106.26773079963675,25.854032399675532],[106.27619180041131,25.87601289977556],[106.29229730028027,25.905534899615986],[106.29795030016629,25.920417899766335],[106.2961882998502,25.925235899816983],[106.28806280015817,25.927320399716734],[106.27941129959186,25.927341399785803],[106.27510079956232,25.93033240012022],[106.27639780001851,25.93743340023127],[106.28024280016518,25.944757399834202],[106.28993230003567,25.954814899587973],[106.30829629973448,25.968517400157964],[106.31137829976876,25.975612399992315],[106.27974679977507,26.027721400022642],[106.27188879982833,26.034614400434293],[106.26323680013826,26.034179900182323],[106.25228130034179,26.031225399732477],[106.22604379998143,26.020971399910252],[106.21739180029141,26.022823399880053],[106.21383680002833,26.030164400266926],[106.20570379999043,26.026743399888062],[106.20033279961905,26.018733900149414],[106.19645679984149,26.00269889993433],[106.19386279982842,25.976348899781954],[106.1905287998643,25.970624900219036],[106.16609179979679,25.961044900002207],[106.16732780013791,25.947290399732196],[106.16629780030331,25.942251400281975],[106.16349779978367,25.94019489987477],[106.15892030003187,25.940889400425533],[106.15689079997048,25.944560899765747],[106.15418980041903,25.98375489956902],[106.14734629959213,25.997745399930295],[106.14176929961354,26.003942399722007],[106.11888179995515,26.012685900034285],[106.11022930024205,26.01292590031011],[106.09725179983076,26.010192900182233],[106.09343730019128,26.012489399965887],[106.08278630004776,26.033817399653344],[106.07440180010303,26.04253589971205],[106.05963880009062,26.04186240012973],[106.04563129984467,26.0345438998811],[106.03111280031555,26.01874339968822],[106.02346029995294,26.012561899711955],[106.01632680014177,26.00935940041603],[106.00794230019704,26.01234439957443]]]}},{"type":"Feature","properties":{"shapeName":"Zhongshan District","shapeISO":"","shapeID":"62558664B50304465596152","shapeGroup":"CHN","shapeType":"ADM3"},"geometry":{"type":"MultiPolygon","coordinates":[[[[104.75467679959468,26.710148400328478],[104.75968929962153,26.702600400288304],[104.77645880043337,26.687536399885005],[104.78160879960649,26.678689900218785],[104.79120629973102,26.65387539982987],[104.79900379958576,26.648193400405148],[104.82308979965461,26.64907839984835],[104.84703829967782,26.64467039981912],[104.85105130037726,26.641593900038515],[104.85188280005121,26.63421639976707],[104.8428573002243,26.631873899660775],[104.81233229999572,26.628825400272035],[104.78684229993223,26.613015899664106],[104.76981329974404,26.60738389984715],[104.74786380017429,26.609668899999804],[104.74443030011832,26.605596400153786],[104.74574280038996,26.596597399750237],[104.75061780037123,26.587297399855174],[104.76244329981847,26.579006399725642],[104.81437679984947,26.559766900122384],[104.82523329957718,26.554017900305894],[104.8434603001528,26.53707689967922],[104.8615112998067,26.523124900194034],[104.87048329986447,26.524085900443993],[104.87262729981012,26.527950399691235],[104.86995679986649,26.533300399993493],[104.86200730019681,26.541978900006256],[104.86064929962555,26.548909900371655],[104.86356330000638,26.55275889980345],[104.86913279963903,26.55034039978966],[104.87178779976722,26.54430390020491],[104.87954729966822,26.538389399950916],[104.88680229968645,26.541684899938218],[104.89257030037913,26.547086899940552],[104.92926780016893,26.561025399702487],[104.96547679991443,26.557252900201206],[104.97667680019424,26.554710399865087],[104.98799130035826,26.54779040000699],[104.99627680023423,26.532655899949873],[105.00711079982364,26.526664899765365],[105.0317227998674,26.52888090033332],[105.04534929963052,26.531570400253827],[105.05007179977378,26.53583690005297],[105.0482017998732,26.542320399566847],[105.04129779985362,26.551446899554833],[105.03782629984391,26.56486689968773],[105.03098279991633,26.566628900003764],[105.01526629999978,26.56283589955717],[105.0063403002647,26.563953399829586],[104.9997633000363,26.566628900003764],[104.99529279982289,26.571327399939605],[104.98995229995876,26.5914594002312],[104.98999780025832,26.602271899728464],[104.99250779999505,26.609809900206756],[104.98780079966724,26.615665400437933],[104.97026080019583,26.619958899683525],[104.95506279990838,26.6255798998925],[104.94066629971002,26.63302239956414],[104.93076329988645,26.635534400292386],[104.9275967995527,26.63238339977414],[104.92479679993244,26.623470399739233],[104.92442329979554,26.61864640031115],[104.92703229960102,26.61122940001684],[104.92666629980994,26.607555399662033],[104.92430879991127,26.605075900432496],[104.91692330017025,26.60615339975965],[104.90881330029362,26.60954639974659],[104.90001630021214,26.615485900254157],[104.8991317998927,26.620796399634173],[104.90113829979276,26.62880690031824],[104.88815329993491,26.650247399797706],[104.87402330033512,26.667798899799436],[104.87455679975659,26.746696400418614],[104.86940779973025,26.755546400246203],[104.85945879958399,26.757135399778917],[104.84867080031722,26.756210400289774],[104.81685629997833,26.74467839998823],[104.79577630003627,26.741660900230386],[104.78505680033112,26.74349190013112],[104.77702330038505,26.749408899601065],[104.76927179995369,26.767278399878307],[104.7611463002616,26.77043539977393],[104.75435630010321,26.769492900377088],[104.75978080024379,26.73883240019518],[104.7598573001743,26.730583400203784],[104.75467679959468,26.710148400328478]]],[[[104.70284279965551,26.80586639961473],[104.69965380008284,26.83687389961085],[104.68842330019521,26.858318400174085],[104.68177030005938,26.855972399906364],[104.67212679961216,26.84695390040224],[104.66499329980098,26.842996399564242],[104.65656280043294,26.84063340031122],[104.64913180039235,26.84033940024318],[104.64601130038125,26.844436400319694],[104.64534830038383,26.85863889966555],[104.64246379956478,26.865487899846755],[104.63680280020913,26.86704239958715],[104.63456729964122,26.862878900041267],[104.62767780029031,26.8280773995524],[104.62457280009471,26.82328039957082],[104.60114279970048,26.805297900377866],[104.59491730039315,26.795934400252406],[104.59488679988596,26.7920359003366],[104.60196679992794,26.775955399821896],[104.60295080033922,26.769990899960135],[104.58952329986045,26.751035899986846],[104.59253680033311,26.74391339978365],[104.59612280022714,26.741832900068346],[104.63114930030002,26.734540900142463],[104.64267730041712,26.73539539997779],[104.65165729994447,26.738324900174064],[104.67697129998555,26.76889439975679],[104.68324279961558,26.785135399579076],[104.70284279965551,26.80586639961473]]]]}},{"type":"Feature","properties":{"shapeName":"Zhenning Buyei and Miao Autonomous County","shapeISO":"","shapeID":"62558664B97145322129163","shapeGroup":"CHN","shapeType":"ADM3"},"geometry":{"type":"Polygon","coordinates":[[[105.90625770023274,25.440519000351628],[105.90863720024663,25.439598000147612],[105.90965709979537,25.4371421998527],[105.92087519983068,25.43568400041636],[105.923764699981,25.427855400206624],[105.92775900017779,25.42985100032348],[105.9265691998088,25.433995499892433],[105.93319809991243,25.438370100000157],[105.93923210028129,25.436144400243904],[105.94067679999438,25.43783289986851],[105.94101680038511,25.44167010019504],[105.92716410044295,25.442591100399],[105.92724909986612,25.45103250044957],[105.9213000998198,25.45517630034601],[105.92104519957638,25.45740159990396],[105.93430289995894,25.455943699941827],[105.92988369977297,25.459780400245336],[105.93158339955431,25.463847100363466],[105.92962869970478,25.46507479996211],[105.92393469972666,25.46116149990337],[105.92512450009565,25.464767900018614],[105.91796209967123,25.46836529971887],[105.91645589982,25.472747499997183],[105.91270560008343,25.47439830004157],[105.90907280036953,25.488008399767864],[105.90957630020614,25.49442489978935],[105.91338330039906,25.502216400266718],[105.96965780006747,25.53864490024199],[105.97802780024284,25.541620399861642],[105.98766330032112,25.550325400197096],[105.98970029982905,25.55445089978923],[105.98895280043143,25.56040740018142],[105.98184930020511,25.567518399854293],[105.97134150001028,25.569446700105175],[105.9676082001584,25.565620600110663],[105.96324840019355,25.565134600181693],[105.95672699965138,25.57049610011495],[105.95780020021914,25.578240000375786],[105.96580729966723,25.585462200320364],[105.96665930028655,25.592733399826614],[105.97444259984616,25.60117010002017],[105.976113599563,25.608028300265914],[105.97210059976294,25.61407020027957],[105.97321030021527,25.617983799812578],[105.96591539997581,25.627900200433942],[105.9583067001941,25.62763510007983],[105.9471588003384,25.64063840024204],[105.93448629960312,25.659663899869145],[105.93093879968592,25.67204089956789],[105.92993180001264,25.686708399672966],[105.93501279960105,25.69976990036065],[105.94441229958801,25.708478899981287],[105.94644179964939,25.71306240000979],[105.94010179955848,25.721084400324855],[105.92665079979463,25.733461400023657],[105.92336280015314,25.7412548996939],[105.92336280015314,25.757297400254856],[105.92768879999818,25.775174900001673],[105.92286679976309,25.804738899980293],[105.92897780008548,25.82284340030276],[105.93634780001105,25.830863899649273],[105.98058330027914,25.860643399673222],[105.98110179990817,25.87301840017909],[105.98518430021534,25.88103690033273],[105.99382030006683,25.885616400176787],[105.99965680032113,25.885383400223816],[106.00601979967405,25.883086900440162],[106.01186380027423,25.883542899884958],[106.01670130032483,25.886060899990582],[106.01721179958497,25.888809399933905],[106.01315330038454,25.898437399666307],[105.99434680006482,25.913575899907926],[105.98825829988067,25.922517900380853],[105.98445880003368,25.932833400341224],[105.9844663003795,25.942228400120598],[105.98879979967109,25.95093539964904],[105.99465179974084,25.958265400427933],[106.00788880042785,25.968341900158634],[106.01171879988277,25.979341400185547],[106.0099488000971,25.986215399720948],[106.00257880017153,25.99882490024902],[106.00794230019704,26.01234439957443],[105.99954979988343,26.018306900243317],[105.98809829969684,26.01877190010316],[105.96671280005575,26.011218899832386],[105.96137230019156,26.010991900156114],[105.95068380011736,26.01351539961604],[105.94381730002846,26.012601899757897],[105.93643180028744,26.010311400251],[105.92574330021318,26.000915400425413],[105.91938029996095,26.0002289002436],[105.91632830041078,26.001832899568683],[105.91098779964727,26.011916899645257],[105.89470679977904,26.024291900151127],[105.89241780034126,26.031396900446623],[105.8880917995969,26.034833899764692],[105.88478079979416,26.03551839985431],[105.86976629987493,26.02978689994552],[105.86747730043714,26.03276639974962],[105.86646280041799,26.052474900296488],[105.86466979957163,26.05934889983189],[105.85753629976051,26.06736940007778],[105.85575879962897,26.075387900231476],[105.8565217997413,26.084325899620637],[105.86517330030762,26.112058399675448],[105.87407679990446,26.12260390034976],[105.87281780030128,26.12627040035875],[105.87348180034485,26.13450439965834],[105.8655393000987,26.133346400216226],[105.8207932996711,26.136895400202604],[105.77877029980954,26.138053899667796],[105.77091980020867,26.13964840035345],[105.75866679993294,26.146886899610763],[105.7558367998285,26.153407899954686],[105.75607279991982,26.168130899921152],[105.75966630015967,26.17661289986546],[105.74026690019735,26.174474400173494],[105.7133067999689,26.180875199830666],[105.70560399962494,26.18106719969154],[105.69545729971469,26.17882390020287],[105.68453180040234,26.161619400015354],[105.66824330018824,26.152425899635602],[105.64174629955215,26.152149400374583],[105.62976079992103,26.15602089994462],[105.61622629990387,26.16607839969845],[105.61115329978503,26.16560989967718],[105.60630780026486,26.16239139964341],[105.60402680029665,26.157802400260607],[105.61018380004242,26.13856489985028],[105.60182929968249,26.11700640032518],[105.59555780005252,26.07780240006076],[105.58876050009707,26.06544929984534],[105.59499680026221,26.057780500169997],[105.60213159959369,26.053738400107136],[105.608495099869,26.0462889001127],[105.60958780043671,26.042650699969897],[105.61248029982602,26.042881699830616],[105.6139586998342,26.04138010001168],[105.6158227003574,26.04241970010912],[105.62122210041969,26.036875400379472],[105.62231480008802,26.03930110036555],[105.62482160003685,26.04039840006618],[105.63279199995088,26.036759900449113],[105.63902689987157,26.038896800247187],[105.64056959960737,26.03456520032381],[105.65046829977229,26.03242829962636],[105.65168959979525,26.030753299725063],[105.65978850023913,26.028038699726267],[105.66567979978299,26.020400899681817],[105.65698980013923,26.016151399767352],[105.65708179988519,26.011316399832026],[105.65467829966389,26.007928900098705],[105.634002800389,25.990756899611256],[105.63379679988248,25.984548400188544],[105.63799280002775,25.980295400112652],[105.64550780034477,25.976644399919167],[105.66448979976451,25.973377900369883],[105.67729180017648,25.967742900414578],[105.67933970036694,25.962381299757226],[105.67851050025945,25.950067999938312],[105.6704752996954,25.940411599615686],[105.6775443001294,25.926996700437428],[105.67583400003912,25.92473690018784],[105.67845019981695,25.91685799999675],[105.67304879966241,25.909916400221732],[105.70036940032765,25.881150900193916],[105.74336039986264,25.85780819968869],[105.75664719960861,25.851616999624866],[105.80016329979651,25.84365639962317],[105.80499280037748,25.839305900447016],[105.80957779957583,25.813869400152726],[105.82279979957116,25.789584899923227],[105.82128129969226,25.78156289960816],[105.81848930044094,25.77743539992383],[105.81289679974759,25.77514090023243],[105.80400829994312,25.77673740011096],[105.7923202996422,25.78360540026904],[105.76844780042569,25.784042399737018],[105.75803380041964,25.789302900408586],[105.7516782996139,25.79021090001305],[105.74507880014659,25.788369899651173],[105.739501800168,25.783321399762826],[105.73798380031218,25.776445400135174],[105.73967909971077,25.7722518002804],[105.74750419975908,25.774450100391846],[105.7525352995645,25.77107139962544],[105.75355469998948,25.76333649977971],[105.75184139976085,25.762153799558234],[105.75176780014391,25.75471370017715],[105.74841699994465,25.752828199561804],[105.748680299856,25.750558899773466],[105.75243099979087,25.747216699790897],[105.7548780002196,25.740638300217427],[105.75867540014968,25.738444799787715],[105.76163339986158,25.739395199728733],[105.77302439995617,25.728685800309506],[105.7726870004048,25.722258799803797],[105.77473739981122,25.716127099785865],[105.76938629963809,25.711286399947426],[105.76908880030794,25.708343400027957],[105.7725743998887,25.701554899938742],[105.77683800027353,25.68295900015778],[105.77061309991467,25.67073949962827],[105.77641160021523,25.66505209977464],[105.77417930033448,25.646072899944443],[105.77658219980873,25.63976250013934],[105.77487670029956,25.634534800440747],[105.78084580019356,25.615159600335346],[105.77921800031055,25.61162779988308],[105.77163639980006,25.605086300392486],[105.77163639980006,25.602702499820566],[105.75551979959914,25.575707499601492],[105.75179579963651,25.573068900409453],[105.74890290004885,25.565848699657806],[105.75167600004744,25.56148839966994],[105.74949789960846,25.551734199873465],[105.75001800003076,25.545173700405996],[105.76649059956156,25.52766929969846],[105.76505650015741,25.518193100131498],[105.76726920021349,25.512810399580303],[105.77732090023943,25.503797099956273],[105.78169789973833,25.489417399993044],[105.78211359966298,25.483897700318664],[105.77792629955911,25.476209000445067],[105.78089870011496,25.471391399693402],[105.81181330014374,25.463908399952743],[105.83106230018507,25.454294399966614],[105.85259230019454,25.446054400390324],[105.86702730036967,25.43712240037854],[105.87386329995138,25.435977899760303],[105.89057179974884,25.425437900238933],[105.8991927998079,25.431398399916247],[105.90256629979496,25.43771499964754],[105.90625770023274,25.440519000351628]]]}},{"type":"Feature","properties":{"shapeName":"Yuqing County","shapeISO":"","shapeID":"62558664B2629233212080","shapeGroup":"CHN","shapeType":"ADM3"},"geometry":{"type":"Polygon","coordinates":[[[107.61947680011428,27.68644689980465],[107.60619329998087,27.677665899561646],[107.59426130011894,27.673909899921966],[107.58017729994248,27.664451399912252],[107.57671330027864,27.656246400151304],[107.57839180034136,27.6475218998159],[107.58344280034504,27.640134900005705],[107.58567029964468,27.633695399822898],[107.58558580024453,27.62797140025998],[107.57202129974326,27.617819399745542],[107.55258930025605,27.6120794003441],[107.54110729956227,27.603275399939832],[107.53665930038648,27.598285400051225],[107.52976229979038,27.58507739980223],[107.51267979983294,27.525480399800642],[107.51309980031562,27.518832899918436],[107.51732630006876,27.508020400421174],[107.5314407998531,27.503284399655342],[107.53677380027074,27.49726840011664],[107.54075629956361,27.487832900268188],[107.54218279969649,27.478881900279532],[107.54103079963176,27.47087889994134],[107.52989979983596,27.44946840004667],[107.5325467995952,27.444488399719944],[107.5314540999268,27.441568300136964],[107.52392679958217,27.44157269962045],[107.50851869967829,27.436252599977536],[107.4898755998791,27.418161100254622],[107.484275800288,27.416375199555887],[107.47127789965543,27.41735330041456],[107.46541370028211,27.413463800014426],[107.45992889969904,27.402229899790086],[107.45651040033476,27.398718899757455],[107.43627980017271,27.39294239957212],[107.43272670017711,27.387392099565773],[107.43325740000904,27.384534799641358],[107.4269418003239,27.36681510033668],[107.42257519968575,27.359579999617324],[107.4160308997063,27.3554822998683],[107.4162299997148,27.3512608003457],[107.41855180012556,27.347108400232514],[107.44043730034122,27.36681539981089],[107.45413980001183,27.37148290011578],[107.48739630029905,27.374793899918586],[107.4939878002968,27.367393400385197],[107.49738330039906,27.35246439991215],[107.50007629958162,27.323571900322975],[107.49965680002134,27.31189140036787],[107.49697879973189,27.304361400258472],[107.48941029964567,27.297111399571463],[107.46897879993173,27.289083399879075],[107.46144879982234,27.283895899875915],[107.45591730014337,27.27432990030468],[107.45684829990915,27.266988899917862],[107.4610673002158,27.2564069002583],[107.4759597999049,27.23494139962594],[107.4820328002736,27.22754690036919],[107.5071868001308,27.206882399802964],[107.51724980013825,27.209064399702356],[107.5219498001432,27.21405240039803],[107.5215527998219,27.221845400045254],[107.50972730037466,27.240762900087816],[107.51032229993427,27.24671190013413],[107.5126572996947,27.248520399896563],[107.5154723000067,27.247573900315274],[107.52703079973168,27.227971900183093],[107.53311179956995,27.22171789956144],[107.5387268004016,27.219363899824145],[107.54929380026874,27.220163399821104],[107.56252279968754,27.228949900317673],[107.55805130032729,27.23976690002246],[107.54917930038448,27.248344399874213],[107.54595129991264,27.256398899889348],[107.55245230023354,27.261365899616635],[107.5888517997708,27.27057639988101],[107.59812180008106,27.27115639964819],[107.60855880024849,27.264161899951773],[107.61444079990304,27.261573400192333],[107.61982730008987,27.26151090000809],[107.63849630036401,27.27068540041097],[107.64598080017385,27.27243039994306],[107.65212230010411,27.270522900111814],[107.65204630019667,27.26571290043006],[107.64832280025706,27.257280400070442],[107.64231880037238,27.251395400277545],[107.64222729975012,27.24566839967696],[107.64630129966531,27.24241239971252],[107.66217779976569,27.238099899590736],[107.68019080036521,27.238799900395122],[107.70477279992485,27.231628399730937],[107.72530379973063,27.229541899738933],[107.74315580010017,27.221071400324888],[107.77426929958858,27.220449400419568],[107.77832829971135,27.217418400039207],[107.77671029974061,27.212627900357347],[107.75810979992741,27.206907400056537],[107.75315079966975,27.202157899567453],[107.7561187998428,27.195018900401976],[107.77821329980401,27.1938209000146],[107.78948229966846,27.191615899953888],[107.81620830007307,27.191039900371152],[107.82541630022212,27.188628899803916],[107.84147629979145,27.18085690022582],[107.84578679982104,27.17736240005479],[107.85208879995821,27.154596399704133],[107.8545607997412,27.148607399611876],[107.85861180039433,27.14511490043236],[107.86501329972407,27.143655899700036],[107.87789130004353,27.145774900291485],[107.88233179977283,27.149839399768553],[107.88075229977886,27.16246240001982],[107.87854779974123,27.16890690043317],[107.8795318001525,27.181493899923566],[107.88598630012768,27.18369839996126],[107.89743029996845,27.175754399645882],[107.90463230024051,27.176112899990414],[107.92629980029562,27.19529140037787],[107.93096929979339,27.197748400368425],[107.95931230012263,27.201247899870737],[107.97496029957824,27.21363039982316],[107.99783330036655,27.22727939972458],[107.99999979955118,27.230930899941143],[108.00929280002276,27.231099899640697],[108.01643330015673,27.23311790007108],[108.02903730043113,27.241935900221677],[108.03533929966903,27.254728400195575],[108.03539280033755,27.261388899777955],[108.03237130039525,27.2675133998236],[108.02834329990344,27.272922400148673],[108.00758380035217,27.27790639976058],[107.99999979955118,27.286622899727092],[107.9951018003079,27.303842399707037],[107.99565879991377,27.30612539976744],[107.98516829997715,27.30925390014744],[107.97174829984425,27.32135589975502],[107.95916729973118,27.32336589981645],[107.9545822996335,27.325948900221647],[107.95484930025509,27.34083739972624],[107.95317829963886,27.34842089960489],[107.94970679962915,27.355571900223083],[107.94484730036271,27.357471899708457],[107.940719799779,27.356841900333507],[107.93290730013183,27.35190890037552],[107.92397330002785,27.34149540039249],[107.9179688001201,27.336536400134833],[107.9122618004418,27.334323899728247],[107.90737930011466,27.33461939986546],[107.90151929967601,27.33790590033709],[107.89125830043031,27.339877900444776],[107.85636880037987,27.331411400315915],[107.84156780041371,27.323818399999197],[107.83589929981292,27.323205899632626],[107.81564330009826,27.327821900260517],[107.80490829967835,27.332315399735933],[107.80110180040782,27.335342399931847],[107.8004227996725,27.34062189968097],[107.80235279964205,27.348384899743394],[107.80108679971607,27.350921399802814],[107.7872617997923,27.354993899648775],[107.78241730031823,27.358262900212708],[107.7756118003444,27.366597899673366],[107.77290330044701,27.37442189985086],[107.77355229979884,27.382659900234273],[107.78035729974965,27.38944790030041],[107.7967073001019,27.39748390036175],[107.79403680015827,27.407369400277673],[107.79383079965174,27.44150539975442],[107.78748330011427,27.44731339959378],[107.76997380025074,27.44707840044788],[107.76051330014872,27.451322400108722],[107.75312030006188,27.456682399972806],[107.75090030020874,27.462896399649196],[107.75308979955469,27.47111490003266],[107.75863629992534,27.479291900301007],[107.76721179968484,27.483995399568073],[107.77413929988882,27.48207490003665],[107.78701780023135,27.481681899899797],[107.80386330005132,27.48696339974117],[107.81141680034511,27.49259190029602],[107.8151472997082,27.49941640024673],[107.82016730008087,27.52225690043565],[107.82855980039454,27.54642889997382],[107.82209079975064,27.56025890012819],[107.81775680043603,27.563749400114773],[107.80877680000935,27.566158399690437],[107.78093730041616,27.567430399893112],[107.76503730013138,27.588249400389543],[107.7583772996727,27.591768399891805],[107.75177780020539,27.597577899800285],[107.7341232999504,27.60696039990256],[107.71896379963971,27.62661739987317],[107.71308880030796,27.63058290018074],[107.6986388003404,27.630761900341497],[107.69251230020257,27.634958399610525],[107.687767299921,27.64509390026336],[107.68668380031721,27.658391900166123],[107.6831662999848,27.664617900395854],[107.67678029957125,27.66881739980323],[107.63742829967634,27.677989900113857],[107.61947680011428,27.68644689980465]]]}},{"type":"Feature","properties":{"shapeName":"Yuping Dong Autonomous County","shapeISO":"","shapeID":"62558664B98854340859308","shapeGroup":"CHN","shapeType":"ADM3"},"geometry":{"type":"Polygon","coordinates":[[[109.12477879970191,27.52405739982919],[109.12088029978605,27.51800340033668],[109.11560080003693,27.515672899884464],[109.11016830042678,27.51541140041587],[109.10308080003892,27.52393340040618],[109.08952329986045,27.521214900047653],[109.08290879970139,27.517783900106963],[109.06954180021398,27.502664399842217],[109.0468593001167,27.481448899946827],[109.03362280035202,27.46310590031709],[109.02984629976697,27.45979889979941],[109.01220680020373,27.45240190042739],[109.00660680006382,27.44646840019658],[109.0157928000977,27.4402104002898],[109.03014430001951,27.420961400248473],[109.02931979976898,27.4113023999858],[109.01764680015975,27.39157090017693],[109.0141373001963,27.37566389956936],[109.00929229979988,27.37327690010892],[109.00234230035693,27.372916899695213],[108.95789280011269,27.378509400388566],[108.95171330022868,27.378161899652014],[108.94100179999316,27.37290640011031],[108.9329222997244,27.365863899999056],[108.92883279999381,27.364637400096],[108.91297129968581,27.370302399636103],[108.9058228000822,27.36763739994609],[108.89594280041996,27.34953889990038],[108.88622280004228,27.346132400190186],[108.88131729955381,27.346498399981215],[108.87895130016244,27.348516900434674],[108.87757879982183,27.36318589970955],[108.87095630019314,27.370403399797112],[108.86192330002035,27.371602400230643],[108.8562772995578,27.370115400005773],[108.84768680000587,27.362598399596493],[108.84174330021318,27.35306539974846],[108.83869930013265,27.350938899710513],[108.83883680017823,27.3447418999188],[108.84129330014576,27.339509899662175],[108.85257729980259,27.330777899880218],[108.8570938003387,27.32512640006337],[108.86208330020418,27.31030089986666],[108.85655979999484,27.29343039979318],[108.85524729972315,27.28353190017708],[108.85352330026018,27.280280900443245],[108.83931729985358,27.2710453999253],[108.83669280023258,27.2624968996123],[108.83605929979689,27.24595240018317],[108.83370229992124,27.236949899618196],[108.82998630032756,27.23067639989597],[108.82148030017578,27.220632399865394],[108.8016128003905,27.211969399668135],[108.79728679964614,27.209356399678143],[108.79606630001979,27.20680639989547],[108.80034630044145,27.20023539994378],[108.83274829999414,27.190547900165484],[108.8386078004097,27.18239790024296],[108.84311679970062,27.154929899795093],[108.84871679984047,27.14677439961889],[108.86065680007135,27.14195839966044],[108.87579330022066,27.1328409000875],[108.88374000030086,27.125832499570265],[108.89080549967412,27.13015769991796],[108.89257310006855,27.134975199945586],[108.90130059964304,27.136941500150158],[108.90903389959487,27.15581619965792],[108.90925489989377,27.161025900325114],[108.92195950013087,27.162205399859374],[108.92303879990078,27.167454800198925],[108.92107570038331,27.182353399989495],[108.91488910035179,27.203382099904047],[108.90505679983153,27.20711570012952],[108.90328920033636,27.21065280028654],[108.91024910041574,27.213403699621097],[108.90969679976757,27.21743170011291],[108.92041290003539,27.223522599688295],[108.93565849964011,27.22784500044645],[108.93819940008228,27.234524699655196],[108.9465955003821,27.239043099559467],[108.96184109998683,27.239435999871546],[108.96471350042776,27.243463100142037],[108.96349819978218,27.247883000000513],[108.96905929974696,27.252569399558183],[108.97874380028622,27.256918500288634],[108.98128479965385,27.260650300071347],[108.97863329968709,27.268604700146852],[108.98139520042821,27.272925299562985],[108.98669799981292,27.27361269996618],[108.98968089995361,27.272532499974943],[108.9922365996394,27.267013999996152],[108.99427650036029,27.266285700224955],[108.9948731996385,27.270077599901356],[109.00536840033146,27.272827099890776],[109.01011880014255,27.277834900060668],[109.01818350026838,27.281369699751906],[109.0168577997477,27.285002500365124],[109.02149779968374,27.2854933998006],[109.03607940014427,27.279238599681662],[109.04215660034691,27.292856900325717],[109.04944800042495,27.29688210032873],[109.04922709995077,27.309643900145943],[109.04226710004667,27.329666999732297],[109.03806909980915,27.330942900294644],[109.0361909997149,27.33339640012383],[109.03917380003088,27.33683130042425],[109.04594030000493,27.339222600442724],[109.0509947003452,27.338107100262505],[109.0524307998416,27.332218700132955],[109.06292599963524,27.3265263998735],[109.06745549987147,27.326722700292407],[109.06712409969748,27.33143360008063],[109.07264779955636,27.337616399577257],[109.07728780039173,27.33830339978215],[109.07982869993464,27.334083400328723],[109.08358490012313,27.33398529958197],[109.09231239969756,27.339579099795685],[109.0996037997756,27.339677300367157],[109.09628950036023,27.35125659961244],[109.09684189993379,27.35508340017884],[109.10092669980742,27.35885710027503],[109.10833130024935,27.354985300331407],[109.11263990001146,27.36028370023263],[109.1140761002319,27.364797000081523],[109.10954659999567,27.369800700242195],[109.11043039974322,27.376471800133515],[109.12015219966435,27.391774799867164],[109.11694839994874,27.394325100023423],[109.11573370005027,27.39864770043107],[109.11153509996495,27.403642900199713],[109.12401879972788,27.408350600200095],[109.12578640012231,27.41276380010936],[109.13827009988529,27.42051109980747],[109.13804920031043,27.42786559991754],[109.13462450012065,27.429826700242074],[109.13473489999569,27.433258600404145],[109.13053689975817,27.43345470027424],[109.12810640009036,27.429336499579847],[109.12512359977438,27.428552000274635],[109.12156729999094,27.4192105002644],[109.11440750040589,27.4149212997782],[109.10512760035851,27.418059500245818],[109.10468569958545,27.421197500164567],[109.10799990007541,27.427277300307196],[109.10965699987071,27.42786559991754],[109.11529130015344,27.42158979972953],[109.11871600034323,27.42080530042432],[109.11882650004299,27.431297599904383],[109.12025889972853,27.43379860012533],[109.12435029972659,27.434631300394244],[109.12541959993467,27.43807410033952],[109.1323045001526,27.444043800081374],[109.13705489996374,27.4508086003367],[109.14842940019673,27.45243709989228],[109.1427232998405,27.45800300043817],[109.14195230025854,27.46167940018421],[109.14761379963721,27.48832689966673],[109.14659879959498,27.494102399805968],[109.13609329986593,27.517444399739304],[109.13317130001553,27.52122489960948],[109.12477879970191,27.52405739982919]]]}},{"type":"Feature","properties":{"shapeName":"Yunyan District","shapeISO":"","shapeID":"62558664B53368075890648","shapeGroup":"CHN","shapeType":"ADM3"},"geometry":{"type":"Polygon","coordinates":[[[106.72574099994728,26.678232399805438],[106.71401189972943,26.681875000331047],[106.70478589964961,26.680532999598313],[106.70199669998777,26.6706273998347],[106.70228269968692,26.66583409966404],[106.69849220025492,26.66551460021867],[106.69892139990276,26.657461299899126],[106.69527389987064,26.65950660014954],[106.69648039975073,26.653231100335063],[106.69224929996528,26.651047299992968],[106.68968679960619,26.645294999664543],[106.69010399959996,26.642258900128184],[106.68259520010844,26.634162200325363],[106.68402549987695,26.626864100298064],[106.68700510040514,26.62452000029782],[106.68456179978728,26.617967199926397],[106.67907929966998,26.615995900390544],[106.67627889985141,26.60926469970616],[106.67095339977965,26.61038889992784],[106.6688083997879,26.60609039955233],[106.66488829995512,26.6062225998931],[106.66281729977862,26.602056200033644],[106.6602284996456,26.60172550043154],[106.6584532999799,26.599609199604913],[106.65601250037668,26.599807599940846],[106.65682609994462,26.595971600209225],[106.65371959967985,26.593656800121266],[106.65231420034013,26.582941600074832],[106.6460578003273,26.5762427003404],[106.64934499957212,26.572850599675462],[106.64858639984254,26.571358000271573],[106.65096320009167,26.569865399968307],[106.65339069962113,26.570950899664354],[106.65657669995483,26.568598900019254],[106.65875130023238,26.569774900291463],[106.66259469958578,26.56896079980112],[106.66401070013376,26.571584099726465],[106.66858480044823,26.57196789979878],[106.66776230029001,26.57586970022652],[106.67319780003851,26.58082670039198],[106.67684520024585,26.581306399670666],[106.68049270027797,26.581178499887926],[106.68206610017046,26.57644540033499],[106.68732280030707,26.575390000048515],[106.69486799985839,26.576893099936683],[106.70316419986801,26.582873399987477],[106.72605030018127,26.583449000271173],[106.73669480002508,26.57847309995367],[106.73973749968593,26.580105099670675],[106.74461420028518,26.589336600004117],[106.75186760040947,26.5881482997043],[106.76248910009195,26.590383599723395],[106.7664303996433,26.593071399925236],[106.76793100031546,26.590292299649946],[106.77723620009061,26.594136199925742],[106.77298810042055,26.599607800259832],[106.7721790001608,26.603406100411235],[106.78086839995677,26.610729900364674],[106.78011740039778,26.613223699714013],[106.76620669957958,26.618391699717222],[106.76236320040141,26.6147747001923],[106.76141500020213,26.611666299660044],[106.74826950013738,26.612391000344417],[106.7451227003524,26.613861700357234],[106.74412139968291,26.616483199839877],[106.74691060024406,26.620958899933328],[106.74326320003672,26.62249339965075],[106.74469349980524,26.626009899937003],[106.74197579984337,26.626393500359825],[106.73861440023444,26.63067700004359],[106.7328214001875,26.62831149977592],[106.72760050026295,26.631508100418557],[106.72745749996369,26.633681799575413],[106.73224920024046,26.63924360011208],[106.72824419990997,26.638604299948554],[106.72080620044585,26.644485500105816],[106.71823149988387,26.656502600114948],[106.71994799990034,26.658036599809293],[106.72295180028544,26.657397400369803],[106.72395300023084,26.659059200022114],[106.72309479968533,26.666920600305502],[106.7219504996159,26.667687599703015],[106.72037709972341,26.66545069979003],[106.71701570011453,26.665642400176694],[106.72116379966968,26.673950699665113],[106.72538339982412,26.67503709958254],[106.72574099994728,26.678232399805438]]]}},{"type":"Feature","properties":{"shapeName":"Xinhuang Dong Autonomous County","shapeISO":"","shapeID":"62558664B81038701833715","shapeGroup":"CHN","shapeType":"ADM3"},"geometry":{"type":"Polygon","coordinates":[[[109.14842940019673,27.45243709989228],[109.13705489996374,27.4508086003367],[109.1323045001526,27.444043800081374],[109.12541959993467,27.43807410033952],[109.12435029972659,27.434631300394244],[109.12025889972853,27.43379860012533],[109.11882650004299,27.431297599904383],[109.11871600034323,27.42080530042432],[109.11529130015344,27.42158979972953],[109.10965699987071,27.42786559991754],[109.10799990007541,27.427277300307196],[109.10468569958545,27.421197500164567],[109.10512760035851,27.418059500245818],[109.11440750040589,27.4149212997782],[109.12156729999094,27.4192105002644],[109.12512359977438,27.428552000274635],[109.12810640009036,27.429336499579847],[109.13053689975817,27.43345470027424],[109.13473489999569,27.433258600404145],[109.13462450012065,27.429826700242074],[109.13804920031043,27.42786559991754],[109.13827009988529,27.42051109980747],[109.12578640012231,27.41276380010936],[109.12401879972788,27.408350600200095],[109.11153509996495,27.403642900199713],[109.11573370005027,27.39864770043107],[109.11694839994874,27.394325100023423],[109.12015219966435,27.391774799867164],[109.11043039974322,27.376471800133515],[109.10954659999567,27.369800700242195],[109.1140761002319,27.364797000081523],[109.11263990001146,27.36028370023263],[109.10833130024935,27.354985300331407],[109.10092669980742,27.35885710027503],[109.09684189993379,27.35508340017884],[109.09628950036023,27.35125659961244],[109.0996037997756,27.339677300367157],[109.09231239969756,27.339579099795685],[109.08358490012313,27.33398529958197],[109.07982869993464,27.334083400328723],[109.07728780039173,27.33830339978215],[109.07264779955636,27.337616399577257],[109.06712409969748,27.33143360008063],[109.06745549987147,27.326722700292407],[109.06292599963524,27.3265263998735],[109.0524307998416,27.332218700132955],[109.0509947003452,27.338107100262505],[109.04594030000493,27.339222600442724],[109.03917380003088,27.33683130042425],[109.0361909997149,27.33339640012383],[109.03806909980915,27.330942900294644],[109.04226710004667,27.329666999732297],[109.04922709995077,27.309643900145943],[109.04944800042495,27.29688210032873],[109.04215660034691,27.292856900325717],[109.03607940014427,27.279238599681662],[109.02149779968374,27.2854933998006],[109.0168577997477,27.285002500365124],[109.01818350026838,27.281369699751906],[109.01011880014255,27.277834900060668],[109.00536840033146,27.272827099890776],[108.9948731996385,27.270077599901356],[108.99427650036029,27.266285700224955],[108.9922365996394,27.267013999996152],[108.98968089995361,27.272532499974943],[108.98669799981292,27.27361269996618],[108.98139520042821,27.272925299562985],[108.97863329968709,27.268604700146852],[108.98128479965385,27.260650300071347],[108.97874380028622,27.256918500288634],[108.96905929974696,27.252569399558183],[108.96349819978218,27.247883000000513],[108.96471350042776,27.243463100142037],[108.96184109998683,27.239435999871546],[108.9465955003821,27.239043099559467],[108.93819940008228,27.234524699655196],[108.93565849964011,27.22784500044645],[108.92041290003539,27.223522599688295],[108.90969679976757,27.21743170011291],[108.91024910041574,27.213403699621097],[108.90328920033636,27.21065280028654],[108.90505679983153,27.20711570012952],[108.91488910035179,27.203382099904047],[108.92107570038331,27.182353399989495],[108.92303879990078,27.167454800198925],[108.92195950013087,27.162205399859374],[108.90925489989377,27.161025900325114],[108.90903389959487,27.15581619965792],[108.90130059964304,27.136941500150158],[108.89257310006855,27.134975199945586],[108.89080549967412,27.13015769991796],[108.88374000030086,27.125832499570265],[108.88307219972228,27.115211999933877],[108.87943179983773,27.110964900309966],[108.87423420044803,27.109311899624515],[108.8685999001653,27.117670300344116],[108.86407049975384,27.119538599626708],[108.856337199802,27.118653600183563],[108.84992960037084,27.106558400349968],[108.85236010003865,27.10065780001753],[108.8508134001184,27.0989859000793],[108.84197539994483,27.101936299620604],[108.83678310025994,27.100461100299583],[108.83357929964501,27.095937100316974],[108.8260269001214,27.094886800085817],[108.80176239991488,27.097904100194114],[108.78943229986083,27.091452200158983],[108.7860944004363,27.087426299584138],[108.80065759986837,27.080691800186457],[108.80074129977123,27.076877400371757],[108.80408239988293,27.076560400142398],[108.81767079986759,27.066723299940406],[108.82507269964543,27.06751030026021],[108.82440980037205,27.062984900033143],[108.82695079973968,27.060722200369298],[108.83236449992177,27.061011200206792],[108.83678310025994,27.06564109985692],[108.84042870002457,27.061804399553466],[108.84319059986638,27.05354020012021],[108.83973060038699,27.050709000320182],[108.84274869999257,27.048817500327402],[108.8449582002608,27.04173309990267],[108.85043200033658,27.034823599629476],[108.85622670010218,27.035829000308183],[108.86186100038492,27.033073699691556],[108.86130859991204,27.026874000135024],[108.87003610038579,27.023823300105278],[108.87312940040158,27.019296200159545],[108.87346090040029,27.009158700313833],[108.8690418000391,27.006796499658776],[108.86793709981737,27.002957700337674],[108.8696264996633,27.00179009973334],[108.87677509999094,27.003548300413797],[108.88450839994277,27.00748549995592],[108.89666070043103,27.019985099732594],[108.90284729956329,27.02038770013229],[108.90715580039995,27.02392170032624],[108.90969679976757,27.01988670041095],[108.91421869983321,27.022919299785883],[108.91084819998451,27.02932359960448],[108.91566240039953,27.031991299958577],[108.91902410038199,27.026395800026194],[108.91400529970485,27.015260999695442],[108.91698810002089,27.012505199955058],[108.92615760019316,27.01594990016781],[108.93299619971492,27.014657200269653],[108.94803169970322,27.02215019957208],[108.9486945000512,27.027661299929093],[108.94549080016037,27.033664199942905],[108.94604309990922,27.0402571001851],[108.93985649987764,27.039666699758413],[108.93576890041447,27.047735200419197],[108.93930410030407,27.051473999625443],[108.96030849963762,27.057752600302308],[108.9655747002123,27.063852399568646],[108.98823789995919,27.07890760010571],[109.00327189987831,27.08277689993406],[109.01149360004968,27.089155800200047],[109.01588319994977,27.096817999750954],[109.01466490006516,27.099089299631544],[109.02206439955245,27.10619909960883],[109.02852429995653,27.107349200305407],[109.03040359974636,27.100448599723165],[109.03850779989511,27.099193899778697],[109.04954839983884,27.101389599950153],[109.05647819960927,27.112994799670332],[109.06058899978257,27.10640820007842],[109.0758578999222,27.119162899748062],[109.0828824999275,27.12097119986106],[109.09183149982391,27.11905829960091],[109.09805650000754,27.123135299654393],[109.1042816000159,27.122821699761687],[109.10792259974824,27.126898599990454],[109.12644199959868,27.126058599924477],[109.12889860029026,27.119213099904698],[109.12765470030422,27.113308500287133],[109.12049010013806,27.111217500087605],[109.11332540014718,27.106512800225573],[109.10680129984019,27.098761799817282],[109.10439900021373,27.09030599982208],[109.09711690002496,27.077548100364595],[109.09660759956114,27.072322600407745],[109.11861080034822,27.06980899978555],[109.12612779985812,27.06750799979443],[109.12976890031456,27.07043649994455],[109.12730239988593,27.07367859998743],[109.13164810027968,27.074096899852123],[109.1369334995814,27.07712979960064],[109.14550759999582,27.073887800281796],[109.14938349994861,27.07524730002291],[109.15231989974365,27.069181399801835],[109.16056619997022,27.068450400265817],[109.16336049968737,27.078802999958555],[109.17040759983092,27.090201500398962],[109.1735788998464,27.086332400220158],[109.18097840023307,27.084973000303762],[109.19139099999472,27.094598800294477],[109.21774119979659,27.125016999734783],[109.23383229972092,27.152297200155715],[109.24359890026909,27.156810800378196],[109.25250730027176,27.153028800438847],[109.2570879998114,27.14059160012232],[109.26312260002805,27.132343299803495],[109.27601619998768,27.13049510036865],[109.29476260041372,27.137964700210773],[109.33164669963554,27.141635700427287],[109.32909879976984,27.152108200433133],[109.35418439989019,27.15586880010511],[109.3648226998078,27.150754200046322],[109.36988449976991,27.150754200046322],[109.37391670009572,27.158540499744333],[109.37511780044622,27.155487099949767],[109.37915009969743,27.154036700333506],[109.379578999871,27.14693720029163],[109.38875889980346,27.147089799954358],[109.38764360017205,27.158922199899678],[109.39596550010782,27.163196799892432],[109.39587970028799,27.155487099949767],[109.40451229980283,27.15566460004129],[109.40142530043732,27.16776730022076],[109.40557430021386,27.17227979967305],[109.41206380000443,27.171605899892427],[109.41884290037962,27.173304800176425],[109.43113730004643,27.182575400334485],[109.43341830001458,27.186849399580183],[109.43270130022489,27.198358399720405],[109.42011279976595,27.230073899990543],[109.41960879990626,27.235374399808734],[109.42529280032255,27.24617389960582],[109.43685930041642,27.250776399611198],[109.44068130040176,27.254989399641147],[109.44139079984558,27.258865900341107],[109.43865979980995,27.266090399852146],[109.42648330036405,27.2750588997485],[109.41648879991823,27.28669540037248],[109.411521800191,27.295612399692516],[109.41298680030064,27.29922840007066],[109.43324280001525,27.312450400065984],[109.43483729980159,27.31881540041047],[109.43195329990493,27.322831900371966],[109.42694780020088,27.325780899668814],[109.41723580019209,27.327762400214624],[109.40765379988301,27.326528399965753],[109.4054107998686,27.328222399843924],[109.40473930037848,27.330312900020374],[109.40878279978642,27.338882400402497],[109.40615079981961,27.343116899625272],[109.39264680030965,27.341111899794384],[109.38291929958609,27.34263439985773],[109.37608330000432,27.34519390007847],[109.34857929969496,27.362548900011802],[109.3433608000609,27.36665140034188],[109.33963029979856,27.374599399942383],[109.33809680012729,27.380168899575096],[109.33831030008037,27.39508240023264],[109.33705879992374,27.401099899840574],[109.3330227999623,27.408140399859633],[109.31189729972067,27.419503899585322],[109.28964229955255,27.426679600083503],[109.24102020042199,27.421495399693015],[109.23661039995005,27.435195900170697],[109.203216600166,27.453676200196526],[109.16694239957212,27.426029800335073],[109.16235380038762,27.42051109980747],[109.15160370035056,27.419714000101067],[109.15064339977312,27.423452999856124],[109.1555043001834,27.438651400341882],[109.1545099998367,27.445514500094134],[109.1516377001198,27.445514500094134],[109.14842940019673,27.45243709989228]]]}},{"type":"Feature","properties":{"shapeName":"Xingyi City","shapeISO":"","shapeID":"62558664B62382771994519","shapeGroup":"CHN","shapeType":"ADM3"},"geometry":{"type":"Polygon","coordinates":[[[104.61724640020128,25.060702600045033],[104.62458019971649,25.060907999804385],[104.63331099980286,25.05778420018072],[104.64305119985306,25.058609999951614],[104.65140289972408,25.06177290029916],[104.6600234995849,25.060826399818552],[104.66550930021407,25.06193069984198],[104.67256249955977,25.061141899978736],[104.68309880016955,25.056724600060306],[104.68745259985764,25.05041389988162],[104.69885959979075,25.03976389978419],[104.69825009956253,25.035424699690168],[104.70234270015555,25.02824499990686],[104.70483410011371,25.0122913002034],[104.71070200019722,25.006229900189794],[104.71165989958473,25.00039010032293],[104.70556449980188,24.996365199794184],[104.69842420021672,24.998180400405204],[104.69259010025297,24.992498099707575],[104.6879749998464,24.992498099707575],[104.68338780000704,24.98863409958409],[104.68222800012217,24.984289800334068],[104.68544979976849,24.97939609985019],[104.68475320020008,24.97758069958968],[104.67256249955977,24.974344400174004],[104.66156079979112,24.967759299751947],[104.66278529960198,24.955685500185723],[104.64948719987444,24.943871899668466],[104.65105460038956,24.94126630019963],[104.6504836001381,24.93905410016663],[104.64612420037162,24.930238500306587],[104.64340050013305,24.92879789970334],[104.6376448003673,24.920578199624288],[104.63616450009164,24.91315479975424],[104.63355219977427,24.910232799903838],[104.63433589958214,24.907389599550413],[104.6227992003229,24.899536900207806],[104.61786489994523,24.89761780002152],[104.60704109956714,24.89658899988251],[104.60530630014568,24.89399690013687],[104.59434969957903,24.887564599926407],[104.58767699979376,24.879832800043744],[104.57733820019786,24.862019100001532],[104.57379170032675,24.860088400359416],[104.57274049987421,24.857783300359074],[104.5743438004261,24.85569609979524],[104.57021849958414,24.847259600150494],[104.56041540005072,24.842743200338475],[104.55899199988096,24.83858959963038],[104.55039209971568,24.829490799660732],[104.54704390035579,24.828478699932134],[104.54349479964537,24.825042900309654],[104.54275719998486,24.82149950040167],[104.5382008001269,24.816805200299825],[104.54036430007244,24.807944500338465],[104.53593660039382,24.801856900375697],[104.53616889977496,24.796460799926024],[104.53984960007904,24.793258399555555],[104.53881379961723,24.78441549987548],[104.54351979989889,24.78069579957156],[104.54380910010997,24.77763879979085],[104.538111900344,24.768960199953312],[104.54038139978184,24.76296359969041],[104.54019120036367,24.758299800095756],[104.53339810024221,24.75140069958269],[104.52686770018425,24.739657200319584],[104.52735179984575,24.734275300164995],[104.55699279977796,24.73107720035256],[104.5708115997756,24.717199900355183],[104.58789189999123,24.71493879968591],[104.5949299997198,24.711586100118495],[104.59810570011803,24.699733999624414],[104.63063560035272,24.661596900176846],[104.66239290021224,24.660504900181024],[104.69612439992119,24.652704400187986],[104.70238999999856,24.646931699638287],[104.69552359973437,24.635463499940613],[104.71131639993195,24.62461849984396],[104.72771010014105,24.62071720033856],[104.7403271999404,24.624228400020684],[104.74727949984907,24.638272199602397],[104.74745110038805,24.647945800358457],[104.76187069967312,24.660426900181335],[104.82370959981824,24.674487900196482],[104.84053239985042,24.679947400152457],[104.84791379958227,24.69164540001526],[104.85787020024958,24.702406600384336],[104.86525159998143,24.737335100434564],[104.9037038002902,24.75869280023261],[104.985586200243,24.775215199721742],[105.01099210020533,24.789086100143436],[105.03090479991664,24.791267900393336],[105.03088379984757,24.797309900231767],[105.02455340001944,24.821809000285214],[105.035368000333,24.838167299581244],[105.03687289976455,24.87755580026004],[105.06494140002565,24.899267199821452],[105.07211299961529,24.919475600218846],[105.07083879967092,24.92339689974716],[105.05549629991435,24.926069399783046],[105.04100029962422,24.93744289996988],[105.03323330027666,24.941184899863288],[105.0287782998787,24.948562400134733],[105.03016680005783,24.959552899746598],[105.00891879956299,24.976260900420243],[105.00122830014601,24.987335400308552],[104.99965149991687,24.993287699967425],[105.00440229992626,25.000144900167072],[105.00921629979246,25.002389900273727],[105.02175129958289,24.99516489984029],[105.0294037999455,25.001739399953408],[105.06649029968764,25.0233858999394],[105.08470130042474,25.02687439983373],[105.09461980006381,25.03296490011013],[105.09899130020841,25.039571899923317],[105.10397329972807,25.054878399818335],[105.10547629979146,25.07480639969566],[105.11633280041849,25.114814900187525],[105.13478779981716,25.1366328999884],[105.15730280028407,25.158405400388972],[105.17915329978501,25.187518900277098],[105.17945080001448,25.19164289980006],[105.1755222996145,25.200395399628064],[105.1725232998105,25.20248989998896],[105.15631879987279,25.200826399718608],[105.14951329989896,25.20181440031439],[105.14296730020078,25.203944899637463],[105.13696280029308,25.208822399734004],[105.13498680000089,25.213425899785477],[105.13362880032895,25.22536289987795],[105.13449879997967,25.234065900121266],[105.14302079996997,25.248189900343675],[105.14230330015721,25.250947899825746],[105.13456730044061,25.26019840013612],[105.13369729989051,25.270980900048528],[105.13839729989553,25.282396400373614],[105.14546180012206,25.292762899987906],[105.14040379979559,25.293882400352572],[105.12042230014907,25.291940899852705],[105.09288780023184,25.286971900033222],[105.0812377998846,25.28988640043707],[105.06730630044547,25.291179399809494],[105.06075280040147,25.28930839986282],[105.05422229961948,25.283080899563913],[105.04662329992539,25.284181399951706],[105.04534130016094,25.287381900054697],[105.04725630033806,25.301603400276747],[105.04593679974357,25.310075899782987],[105.04261779957187,25.314409399973897],[105.02385729957479,25.319566900392203],[105.010467299926,25.31718989959427],[105.00543980010673,25.31395140043685],[105.00623329982699,25.30914289992495],[105.01390079998197,25.297502400015787],[105.0147018000481,25.292236399989918],[105.01043680031813,25.286479899827555],[104.99379730010537,25.280414399804783],[104.95964830002907,25.281568399961714],[104.94727330042252,25.279882399553173],[104.92935929989181,25.27426090022044],[104.9179687998203,25.275556399708137],[104.91008779971224,25.280086399967445],[104.90827929994981,25.284658400364947],[104.91041409983092,25.292454699624727],[104.90614960012402,25.298717599937333],[104.90235899996793,25.305078799746866],[104.90520859989704,25.31342379966867],[104.90376380035917,25.315385800214585],[104.90444180014902,25.319419899908496],[104.89580609977173,25.324027900167493],[104.89011519975674,25.323230000064484],[104.88843399992919,25.325294300291773],[104.88291189996426,25.325741300220898],[104.88192290022175,25.328721200223242],[104.89228100016811,25.332833700115202],[104.89057260034531,25.340616800025373],[104.88585370018819,25.345800600217558],[104.88757249977112,25.351902199926656],[104.89032959993114,25.35255740010399],[104.89107129960087,25.354568300386802],[104.88744490036191,25.353823499854684],[104.89092510041314,25.36208660031639],[104.88151080028325,25.360824400026104],[104.87033070020169,25.362268400066682],[104.86312409989733,25.360929000173257],[104.84139699997161,25.371768099817984],[104.8376642001428,25.370878199969013],[104.83157379969117,25.351941899599012],[104.81973280042848,25.34497640034067],[104.80986779965929,25.344442399996808],[104.7967378003093,25.341132900263176],[104.78131080025327,25.340095400082703],[104.75244129992609,25.343303899655268],[104.73877780025532,25.342275399889843],[104.70794680030463,25.33789640029869],[104.6971282996314,25.332761900041703],[104.69006330028117,25.331557900276948],[104.68546330039106,25.33610090023643],[104.68563830036732,25.34320839974788],[104.68810279980443,25.35079189962653],[104.68624130029582,25.358339399643626],[104.68161780022137,25.36563489973088],[104.66221680036512,25.380822899557245],[104.65720380031519,25.377340399939555],[104.65252679957223,25.363090400201884],[104.64907099992678,25.360751500081733],[104.64674580007869,25.36222110022362],[104.64276029974809,25.359578499947872],[104.64519309988174,25.347217199714066],[104.643505700128,25.31880090014147],[104.64930430025333,25.314523100360816],[104.65070139974983,25.306918899887364],[104.63773289975359,25.302181499776452],[104.6372888001381,25.298648600352692],[104.6425287998643,25.295517099834342],[104.65451850022868,25.292144500068673],[104.65904789974081,25.287808300113],[104.66260039988862,25.287487100049702],[104.66668579961004,25.289896099625366],[104.66748509995745,25.295195899770988],[104.6800076998955,25.296400299734103],[104.68622450006069,25.298648600352692],[104.69226380013436,25.298488000321015],[104.69865830004056,25.295276200236515],[104.70150029979908,25.298728899918842],[104.70443110041504,25.298327400289338],[104.70575649966281,25.299539600072535],[104.70638499986791,25.29439289961266],[104.70842770017828,25.292626300163647],[104.7074507000898,25.28475679968659],[104.7167759997127,25.282106699964288],[104.73771670006573,25.26892660028244],[104.74199880040436,25.27014059960902],[104.7430645995517,25.266687100429408],[104.75274509990652,25.267249299915306],[104.75274509990652,25.27913540017863],[104.76456860016083,25.27966309987221],[104.7774350001252,25.273192500233733],[104.78960230040587,25.25688810000588],[104.79501990004843,25.256325899620606],[104.80445279995683,25.265884899768366],[104.81411459980899,25.265321700236314],[104.82592670025707,25.239858599794616],[104.80807529973538,25.23511880029247],[104.80478930018609,25.229414799853203],[104.81002920008757,25.206595899581146],[104.8134929002772,25.20193519994956],[104.80629910002352,25.192613199939274],[104.8074537000283,25.188273399997456],[104.82077549958967,25.1741278996829],[104.82068669963155,25.17260069976254],[104.81358170023532,25.1683406004384],[104.813215800269,25.166690599891297],[104.81651249995195,25.162874600182704],[104.8133153003609,25.15965920011206],[104.81073969957754,25.164321499637538],[104.80292419979207,25.165044999727],[104.79949100010964,25.16707799994981],[104.78533929986884,25.182567199816447],[104.77574760037152,25.188835999681714],[104.76402429988161,25.208685100237233],[104.75211330008881,25.217247000448765],[104.7452960999351,25.217432800383506],[104.73613720007177,25.20764049990919],[104.73222940026665,25.20900649995008],[104.72891330040852,25.207277600081227],[104.72201600033821,25.19831899992198],[104.72204499987691,25.194568800010188],[104.73091630014721,25.188736600313916],[104.73192110007875,25.173051000203543],[104.72677150020462,25.16964079978311],[104.7237571004099,25.163843199703933],[104.7172217001214,25.15655760025311],[104.71609549980752,25.144288699963568],[104.71157390011547,25.142355799680445],[104.71169950033175,25.1390585001497],[104.69370229992126,25.12563239991539],[104.69571840008416,25.121969499892543],[104.69297429962427,25.11857470036216],[104.69078159959122,25.104446500305812],[104.68409869969531,25.098701899972752],[104.68356020004325,25.079487399723746],[104.6726198996887,25.076220300326668],[104.66322089972482,25.076058200225816],[104.65147629969152,25.070915999973465],[104.62541399985628,25.06814020021011],[104.6169202997321,25.065222900216725],[104.61393109984044,25.061869900275724],[104.61724640020128,25.060702600045033]]]}},{"type":"Feature","properties":{"shapeName":"Xingren County","shapeISO":"","shapeID":"62558664B76839040828241","shapeGroup":"CHN","shapeType":"ADM3"},"geometry":{"type":"Polygon","coordinates":[[[105.5312592999768,25.694303499906653],[105.52499029956272,25.69930529979979],[105.516573799941,25.7150843997253],[105.49806210008592,25.73253329967207],[105.4905038999351,25.73515229993876],[105.48585860029425,25.74908929963152],[105.47545340015438,25.754773399872533],[105.46756560027228,25.754925600236334],[105.45052349965982,25.76221229955803],[105.44259209974564,25.770593900088443],[105.43762209988006,25.780011900029194],[105.42004409955558,25.790624800394255],[105.41373950037769,25.789555699835716],[105.40311200041856,25.78229089990515],[105.40000719987245,25.782135499753565],[105.37924110019668,25.770080399790686],[105.36407720040256,25.764336099831212],[105.3637038999151,25.758413699932362],[105.35752590010026,25.749793299721034],[105.34400539982937,25.742743399987944],[105.34328079986909,25.740350099877276],[105.32849619993976,25.726059600070528],[105.32936459969659,25.72005000010745],[105.3280524996232,25.71730460012725],[105.32070869964684,25.70864629978695],[105.31865820041565,25.70296809999786],[105.31499359977488,25.700846000342665],[105.31331509971216,25.69740149977946],[105.3149268997567,25.695278900101187],[105.31524759979698,25.68977179992868],[105.31838170025532,25.685635000355035],[105.31792579973592,25.680184800288373],[105.32065590044948,25.671910100370894],[105.31936519974425,25.670559100122432],[105.32081260012149,25.668806600244466],[105.31973559991809,25.665751700380724],[105.3226465003358,25.663610800398146],[105.32380320025754,25.659455099773083],[105.32131149992586,25.65221320017912],[105.32324989956328,25.64379709985633],[105.32697340040215,25.636741600044843],[105.33393230043538,25.634453599753897],[105.33620959969335,25.63114810020471],[105.33478670044593,25.624959900279237],[105.33235889964357,25.62304039989459],[105.33203070015674,25.61412930012716],[105.3286188000177,25.606656100298835],[105.31683949964327,25.600982700191537],[105.31840110043049,25.596435600222833],[105.3130469002943,25.59281399976635],[105.30992190007566,25.59319999958035],[105.30510470042162,25.587783700357534],[105.29970580038247,25.576555500036363],[105.2958239999777,25.576394499806383],[105.29368229959852,25.573557100080166],[105.28692249957373,25.571564799575867],[105.2847139004262,25.56931089977826],[105.28462470026977,25.56679529996319],[105.2817020996722,25.56711730042315],[105.28179139965346,25.5636959996707],[105.27692790020251,25.561864599571663],[105.26874040034926,25.553069300108177],[105.26666559963775,25.553169900070884],[105.2660408999676,25.5546190999915],[105.26273910022934,25.55250570037782],[105.25883500023514,25.553834099763947],[105.25774789974582,25.557806499670278],[105.25542169985164,25.557134900355436],[105.2502012999501,25.565084599674606],[105.24887830009351,25.58411539990584],[105.23863229974091,25.603776900083915],[105.23448930024108,25.619342900254708],[105.23168929972144,25.621164399717316],[105.22460929967951,25.617233400101384],[105.21402730001995,25.604806399895494],[105.20997630026608,25.602037399906123],[105.20516180037686,25.60247240018117],[105.19474030002488,25.607232900278177],[105.16945629956865,25.635293900193403],[105.16488630016266,25.636874900256487],[105.15602129964333,25.63568340016883],[105.14186879990524,25.6273574002239],[105.12846379956477,25.62270140044933],[105.10899330010079,25.61136440014701],[105.09411630022714,25.597987900221483],[105.09335330011476,25.589549899608244],[105.08862329962562,25.582158899613603],[105.08470130042474,25.57133489958602],[105.08574680007484,25.568589899804067],[105.08778379958272,25.567691899761428],[105.09332279960756,25.57095890023311],[105.10838329984949,25.584413400158326],[105.11499029966268,25.581950899914148],[105.1178817999052,25.573257400108957],[105.11888879957849,25.552148899751955],[105.11656180018701,25.534683400118865],[105.11332680029165,25.52937289983953],[105.10453030023325,25.523783400183845],[105.08280930040894,25.51783540018363],[105.0712433003381,25.5103778998203],[105.05432880003417,25.484735399918804],[105.02274330036306,25.458255900089796],[105.00653830040233,25.437892899937424],[104.99987029957475,25.42473990042612],[104.99384330042801,25.401725900330064],[104.99111180036937,25.3966484000037],[104.98387130012048,25.389228899594116],[104.97859929981792,25.385961399998678],[104.93476079987107,25.370809400033863],[104.92353950004792,25.36067450012814],[104.92243000014446,25.355276699959802],[104.92366029968315,25.351806700019267],[104.92917979970804,25.348901799878206],[104.94530090011654,25.344817900225962],[104.94729469979063,25.34105850024963],[104.94698779984714,25.309322900131804],[104.94224109984697,25.30478200008929],[104.93607270029491,25.304072599570873],[104.92902360005917,25.305327000041075],[104.92014640023626,25.31536890015468],[104.91442870042425,25.314096700302514],[104.91107700000362,25.30129009985825],[104.90614960012402,25.298717599937333],[104.91041409983092,25.292454699624727],[104.90827929994981,25.284658400364947],[104.91008779971224,25.280086399967445],[104.9179687998203,25.275556399708137],[104.92935929989181,25.27426090022044],[104.94727330042252,25.279882399553173],[104.95964830002907,25.281568399961714],[104.99379730010537,25.280414399804783],[105.01043680031813,25.286479899827555],[105.0147018000481,25.292236399989918],[105.01390079998197,25.297502400015787],[105.00623329982699,25.30914289992495],[105.00543980010673,25.31395140043685],[105.010467299926,25.31718989959427],[105.02385729957479,25.319566900392203],[105.04261779957187,25.314409399973897],[105.04593679974357,25.310075899782987],[105.04725630033806,25.301603400276747],[105.04534130016094,25.287381900054697],[105.04662329992539,25.284181399951706],[105.05422229961948,25.283080899563913],[105.06075280040147,25.28930839986282],[105.06730630044547,25.291179399809494],[105.0812377998846,25.28988640043707],[105.09288780023184,25.286971900033222],[105.12042230014907,25.291940899852705],[105.14040379979559,25.293882400352572],[105.14546180012206,25.292762899987906],[105.1596297996756,25.291921399852754],[105.16898330023918,25.293575399684983],[105.1742627999883,25.297496899762166],[105.18805680028117,25.315902899599166],[105.19438179968034,25.317539400423016],[105.2108543002858,25.311891399868273],[105.21566029978305,25.312143399798117],[105.22775279985188,25.322744400333875],[105.24062379984855,25.328761899941753],[105.24743630014518,25.329940900352312],[105.26136779958432,25.32725589974001],[105.26541880023751,25.32773040003798],[105.26920330029213,25.330497899958175],[105.27494029955523,25.345418900062214],[105.27998330008927,25.35071389962684],[105.28275280010172,25.351413900431226],[105.3113633001762,25.34901440039431],[105.33162680023668,25.341993400375202],[105.34436779963431,25.323480400100436],[105.34821379982708,25.313182900070842],[105.35176830006708,25.309987900221472],[105.35581979984397,25.30908589999433],[105.36061879991775,25.310022400013793],[105.36161780012145,25.313234399747785],[105.35923780008449,25.336601399934693],[105.36251079993355,25.340282399713033],[105.37516029960818,25.34193440035233],[105.39945230018355,25.340417899666363],[105.40273280037849,25.342033400421144],[105.4109877997472,25.365897900168022],[105.43115229973893,25.389114399709854],[105.42730729959226,25.388768899964816],[105.42420979974253,25.395862399729992],[105.4248808001089,25.40596589980646],[105.43064129955638,25.41243340038119],[105.44122330011527,25.417789400060826],[105.44650279986439,25.422416900319718],[105.44899729978562,25.426566900142404],[105.45020279961955,25.433917900091046],[105.44888279990136,25.44033640020473],[105.43907179982375,25.460235399644034],[105.43903329984698,25.465284399555458],[105.4442673001958,25.472667900103545],[105.45057679977953,25.475465899631615],[105.46549979997587,25.478784399780295],[105.47332029999188,25.48228240011275],[105.48667129964082,25.49132539984737],[105.50617979995786,25.520377899620428],[105.50865880006364,25.52704989973313],[105.51374029967513,25.555774899691926],[105.51799029961268,25.56291789994117],[105.53311179996967,25.57334539967053],[105.5421597999349,25.582814900187543],[105.54837779979567,25.597316899855116],[105.55742629978397,25.607242399816926],[105.55864730033272,25.612300900166474],[105.55377979979801,25.619611900069174],[105.53621680016528,25.62753290022323],[105.53083780032426,25.63323589971702],[105.53288280020115,25.66354739999258],[105.5276872998291,25.67705339959474],[105.5312592999768,25.694303499906653]]]}},{"type":"Feature","properties":{"shapeName":"Xifeng County","shapeISO":"","shapeID":"62558664B9449521711269","shapeGroup":"CHN","shapeType":"ADM3"},"geometry":{"type":"Polygon","coordinates":[[[106.70896589995635,27.31079309972182],[106.70264339977314,27.31089040007197],[106.69225149970703,27.314715699669875],[106.68446190039646,27.314715699669875],[106.67512219992966,27.311728200396203],[106.66302690027129,27.30384160020975],[106.64158260025687,27.305418299714802],[106.6316146999585,27.303627000385802],[106.62365200003984,27.298382600276852],[106.61612230030397,27.281777500031637],[106.60845849995985,27.269467400000565],[106.58930909983513,27.261617699896988],[106.58581270029595,27.255335400308525],[106.57785890006824,27.250490599561545],[106.56612500016871,27.246619600014583],[106.55416609978573,27.24787439978377],[106.54635260009246,27.24440110023062],[106.53642540041199,27.231883799997433],[106.5253421995829,27.229635000255087],[106.52242739970478,27.22345460014975],[106.51946399956398,27.221205099835515],[106.5035242996068,27.219556899731174],[106.49446549968314,27.214563600230008],[106.48566970019658,27.20169520017339],[106.46548830014501,27.19585259981767],[106.4541225997782,27.19579299994706],[106.454495099869,27.191288400139626],[106.46033889992037,27.192196000445108],[106.46219409967802,27.190958400210036],[106.46525509964317,27.180644400318897],[106.46850169989358,27.17858150033601],[106.46896550005783,27.17643600032119],[106.46442030035666,27.16702849996534],[106.46367819958931,27.15621710033895],[106.46488409962154,27.152172799635025],[106.47397449992332,27.146477599961315],[106.48176629987489,27.145322099735154],[106.48604509970164,27.146203199717945],[106.49162030013679,27.150171999638133],[106.49765459997985,27.14970510041013],[106.49896650040375,27.147487300298735],[106.49699870012995,27.13499650038824],[106.4876849001381,27.12857550015923],[106.48565160044109,27.1218038003052],[106.48912790013253,27.116432899758593],[106.49175150043146,27.115615600379726],[106.49542459966563,27.11112009991274],[106.49444069997838,27.10814250037612],[106.49653959982271,27.106566100345333],[106.49627720013274,27.105047999765418],[106.49398159967114,27.103121300307805],[106.49588369997281,27.098566899642776],[106.49909759997433,27.098450100191997],[106.50204920011055,27.096231300034503],[106.50808349995361,27.097223899763208],[106.51424900009135,27.09185180042033],[106.51490499976597,27.088523299810504],[106.51825010006212,27.08782260023287],[106.5227757997634,27.08005569981077],[106.52179199990093,27.077369200028613],[106.5162168003651,27.07386509959474],[106.50644380024124,27.073047400017572],[106.50296749965042,27.071003300362065],[106.49831049982976,27.065571500424483],[106.5002783001035,27.063468800045143],[106.49968789967687,27.05978899996245],[106.50132770011334,27.057686199758336],[106.4993599996643,27.053188500448982],[106.50257389966578,27.050618200269753],[106.50329539966305,27.04460129961035],[106.50572230024403,27.04232289958219],[106.51044480038729,27.042206100131466],[106.51477380037068,27.038058200225805],[106.51300279963954,27.030872099967496],[106.5250058999024,27.027834000338885],[106.53504129971628,27.02298439991017],[106.56081830042427,27.01924480030732],[106.56304839966396,27.016615400280557],[106.56659030040208,27.016790699731075],[106.56796770024926,27.015738900330064],[106.56711499995737,27.012934000303915],[106.56029359996973,27.01223279980394],[106.55583350041576,27.007616300052234],[106.55662049983624,27.00451909967677],[106.56816449979192,26.9996100999262],[106.57839660022296,26.98710289997888],[106.58600510035518,26.985933900029522],[106.58843200003685,26.988914700253247],[106.59984469987307,26.988505599553832],[106.59997590016769,26.98575849985491],[106.59695869988417,26.9831868003306],[106.59794259957135,26.979212099958488],[106.59551569988969,26.975237199936885],[106.59741790001613,26.972372899689617],[106.604763999559,26.9747111001372],[106.61368430029029,26.97266520003899],[106.62181749997768,26.96845630001826],[106.62634330040305,26.968105600393187],[106.62981960009455,26.972080600239565],[106.63762489976938,26.97102839974093],[106.64733229974587,26.974068100162754],[106.65421929988082,26.9797380999334],[106.65743319988235,26.980556500082457],[106.65986009956401,26.978510599984247],[106.65920409988934,26.97371739963836],[106.66045040016587,26.97172989971517],[106.6696329998631,26.967404100418946],[106.67343730029125,26.967287100419412],[106.68314470026775,26.970794600290617],[106.68373499997034,26.97494500031155],[106.69219620039439,26.9797380999334],[106.69462300025134,26.97740000020991],[106.70000150006922,26.977283100035095],[106.70183800022357,26.97488650031181],[106.71226690019733,26.973659000362602],[106.72407320001821,26.976055600085942],[106.7268935998598,26.978919799609116],[106.73404299968473,26.977224699860074],[106.74092999981968,26.978218400358912],[106.7415203004216,26.991077299977462],[106.7444063004105,26.996629500251288],[106.74834170040918,26.99768150020111],[106.74775139980733,27.000019199726353],[106.74971910025636,27.00375940007632],[106.75214590011325,27.003642499901503],[106.75358890010773,27.005570999801876],[106.75358890010773,27.008960399802675],[106.76008240008275,27.01030439972834],[106.76834680006482,27.020588800232986],[106.77352850034009,27.023685600410204],[106.79031960016948,27.047814300289758],[106.79766580043639,27.06703169995302],[106.7983873004336,27.07590920014951],[106.79359920014303,27.093545199551386],[106.79346799984836,27.10563189989233],[106.7952388998554,27.10995240038301],[106.79418949984563,27.118826500242847],[106.78404210026275,27.126490600061175],[106.78699359967493,27.13104389995607],[106.78764950042415,27.135305000225628],[106.79466769995446,27.138515400065728],[106.81014709990882,27.149138100343123],[106.81605020035653,27.15736710031149],[106.8254952995685,27.163202899993905],[106.83205429986612,27.171139099589823],[106.83461239984246,27.181642100102863],[106.83992519968825,27.189518600003453],[106.84510689996353,27.18981029960571],[106.84982940010678,27.19500270001464],[106.85153469996646,27.189577000178474],[106.85297769996095,27.188060100193525],[106.85612609963982,27.188060100193525],[106.86445609976926,27.193777600356043],[106.86761239999231,27.20157119985106],[106.8662652002788,27.20829319957153],[106.86762470001997,27.21452920026246],[106.86958909995707,27.21610050023793],[106.86981439991467,27.221485500355584],[106.87597210023227,27.22602860013984],[106.87548849969454,27.234012499777066],[106.88023099986083,27.238094800434737],[106.88157089977727,27.240653899557856],[106.88086310005207,27.243306100096504],[106.8879270004308,27.250797799878626],[106.88774380043611,27.258493400250245],[106.89066420039262,27.259005500303658],[106.89287889964157,27.263504099834392],[106.88260429994853,27.273282000364077],[106.87820139997467,27.281038699776218],[106.86216720015625,27.290545600399184],[106.8611825000724,27.29317069986797],[106.8630634995809,27.304226099954576],[106.85893309958294,27.31152250026321],[106.83204600002296,27.32696500013469],[106.81422059980088,27.32343030026817],[106.80491149966605,27.324237299711683],[106.79071160026018,27.315763200311494],[106.79038049956046,27.295014499819388],[106.79441710026902,27.290978900056245],[106.78903499956562,27.282458800333416],[106.78820509978561,27.277538999725095],[106.78967600034719,27.275587800036988],[106.78841070009378,27.27349030043706],[106.78189360010964,27.27257190017309],[106.76952469970519,27.25569839996126],[106.76438460026912,27.256626699962283],[106.75960140038438,27.2519604002523],[106.75573299987809,27.251362299830305],[106.75775129978274,27.245680199681544],[106.75554100001722,27.239631700442658],[106.75654670017013,27.232744399934177],[106.75085539995678,27.22848279964154],[106.74850080037169,27.224145700363806],[106.74184160030967,27.220942899795034],[106.73346840034645,27.22448829979527],[106.73162270012756,27.22890160042857],[106.73605459964011,27.23267030029416],[106.7363910000447,27.23880160011379],[106.74093209973665,27.242988599844068],[106.75018269987174,27.24732510017327],[106.74934169975967,27.250166099885632],[106.73868420021574,27.251526200373917],[106.73014720043301,27.25935719997483],[106.7313774999717,27.26636360039987],[106.72772460041006,27.271656699696962],[106.72878819981565,27.282243699587127],[106.72277080003244,27.30039039969722],[106.70896589995635,27.31079309972182]]]}},{"type":"Feature","properties":{"shapeName":"Sinan County","shapeISO":"","shapeID":"62558664B25351160237072","shapeGroup":"CHN","shapeType":"ADM3"},"geometry":{"type":"Polygon","coordinates":[[[107.92823230038044,28.012039400398066],[107.92569730039014,28.000009399614157],[107.91108680021574,27.976606399565753],[107.90728780039171,27.9658949002295],[107.90759280006773,27.953523399885057],[107.91203329979703,27.941097399725265],[107.92043280043345,27.933196899617258],[107.92217229971192,27.921825400421938],[107.91935730029923,27.9127369003877],[107.91317730039214,27.90329540026255],[107.90206130038877,27.903446400031385],[107.89214329987345,27.8983118997744],[107.88474280034,27.88856489995021],[107.8812407998231,27.881053899817687],[107.88558979982946,27.863359400416073],[107.88427729955777,27.847575900107756],[107.89132679999187,27.836715900218678],[107.8994902996377,27.830194399851734],[107.9087597999249,27.813119900263246],[107.9214628002681,27.80080789996464],[107.93708030011584,27.792804899626447],[107.94241329963415,27.787006400225266],[107.9450912999236,27.778264399982106],[107.94212329975056,27.771207900124523],[107.92765829999064,27.7567483997189],[107.92365279963707,27.748786900395203],[107.9260483003888,27.72378739956889],[107.93665330020968,27.695010899933152],[107.93470780042469,27.687707900399346],[107.89887229991677,27.64582239968405],[107.89750679989896,27.641946899929565],[107.90007030030415,27.63592139995268],[107.90799729983559,27.63630689974366],[107.92471329997886,27.632642899849998],[107.92878729989405,27.6305254002271],[107.94122329961567,27.617984900183046],[107.95050829971831,27.603654900353433],[107.98735830024543,27.55892739987968],[107.99140929999925,27.540315400435418],[107.99667379995594,27.532451400211983],[108.00872029970213,27.542190399667277],[108.01418279979646,27.543407400031526],[108.02171329992893,27.53079590031058],[108.02834329990344,27.52876840034145],[108.03119680019222,27.529142399602108],[108.03684229973243,27.53494239997184],[108.05148330041402,27.55975889955363],[108.06021130001153,27.578775399665005],[108.06667330033258,27.605659400161244],[108.07124329973857,27.616998399656495],[108.0740578000275,27.623109900001907],[108.08439680017227,27.636571900273054],[108.09274280014017,27.658580899888648],[108.10845930005672,27.670734400072547],[108.11517330030762,27.68361489960796],[108.11846179997212,27.695217399563376],[108.12145979973002,27.699256899686247],[108.12619030024223,27.70118340039369],[108.141738799606,27.702092900067328],[108.1497192998059,27.70116589958667],[108.16251379987204,27.691144899717415],[108.1632917997768,27.65830989998193],[108.15875980032456,27.6481208995599],[108.1577988000746,27.636905400364014],[108.16021730008839,27.632703899965065],[108.16533679965363,27.631400900131496],[108.17318730015381,27.63391890023712],[108.17878730029372,27.638339899966468],[108.19101730040813,27.640491400257986],[108.19721230010765,27.63365189961553],[108.20356729999094,27.6309339001794],[108.2126462995871,27.632034399667873],[108.21925330029961,27.65500839971793],[108.20024130039576,27.670961399748876],[108.19880679989399,27.674215399621062],[108.19928729956928,27.686130399598312],[108.2051467999849,27.703622899577226],[108.2116162997525,27.71008089971383],[108.22091679967065,27.710025899875404],[108.2301637998196,27.714563399581266],[108.23554979998335,27.713712899930442],[108.2422712996808,27.70707889977143],[108.24344629990685,27.704290399782167],[108.24336229963046,27.68272339986504],[108.24694080007794,27.67527189977841],[108.25572979979052,27.66880590017223],[108.26159679965264,27.667018899602567],[108.27395680036608,27.659293900393266],[108.2899167998205,27.65765390030731],[108.2951738003307,27.65955789997713],[108.2999878001969,27.663766899822633],[108.30468029985599,27.670965399933323],[108.31793979978198,27.6792718998783],[108.32231129992664,27.67867640029567],[108.33260329970255,27.664815899634107],[108.34153729980659,27.662011899829338],[108.34803029975859,27.662727400449228],[108.35479729975566,27.6703168997052],[108.36425779985763,27.67391940036009],[108.386039799797,27.669332400170163],[108.39871979997883,27.669618399869307],[108.40396880012008,27.671516400161806],[108.44528439955548,27.70739509960424],[108.45135999986417,27.71724790017049],[108.44825000033728,27.71921749998768],[108.4369443000395,27.71831859972366],[108.43701800038048,27.7293938001838],[108.44057430016386,27.73798109994783],[108.44078079979414,27.747005699553426],[108.43712420042158,27.76718930024606],[108.4305211000688,27.777862900352602],[108.42806979998136,27.809800900091545],[108.42376730032072,27.81223289982853],[108.41515329968507,27.81044390006599],[108.40962230002918,27.808093899613823],[108.39533640025473,27.797632199566408],[108.38659680030213,27.795745900353097],[108.38066880032494,27.796390400396717],[108.37690730043164,27.799493899623826],[108.37108040044018,27.80958259955736],[108.36814759973203,27.827326700167134],[108.36587610020194,27.828871900018214],[108.35502059962101,27.829830900175978],[108.35272979974053,27.832044100255075],[108.35330180003808,27.84841740024285],[108.34456630009475,27.85006889995981],[108.33717330000786,27.84662839958105],[108.33142780035274,27.839006399725633],[108.3209607997012,27.829923399945017],[108.31156930008319,27.82815340015935],[108.30573279982889,27.830858899918326],[108.30462630006377,27.835710399715254],[108.31198130019692,27.85108390000204],[108.31919079991553,27.86279090027989],[108.32978830028986,27.875079400394043],[108.33673879975589,27.880369399728067],[108.34356679986797,27.88290789987974],[108.3487473004476,27.88297440024843],[108.36361679997538,27.879066399894498],[108.36702729987007,27.88033690002794],[108.37333680035312,27.895051899625514],[108.37198630012773,27.899911899814356],[108.36042030005689,27.908305900197206],[108.35555280042144,27.916028900213632],[108.35925280017665,27.936790399857102],[108.35621630044199,27.951337899824296],[108.35238630008774,27.958801399565004],[108.34741980038353,27.9642334000514],[108.33447279958011,27.97083290041809],[108.33064280012519,27.97829239997435],[108.33525829983074,27.99627289997443],[108.3406320997916,28.00558350017843],[108.33609279964304,28.003758300005586],[108.33175459959517,28.00846089995065],[108.33726710019658,28.009691499862868],[108.33830539987434,28.01465839976538],[108.33499609979026,28.01738329969959],[108.33304919976081,28.013621699981513],[108.31987710044791,28.00954279966055],[108.32086310005207,28.015848499608637],[108.31660039988861,28.01930149966455],[108.31067709976838,28.01832010009258],[108.31223599989153,28.026200199979314],[108.3183938000339,28.025327999687477],[108.32097130018542,28.028669300347985],[108.31562890005375,28.03763339986159],[108.31484969955403,28.046797600329057],[108.30607619965696,28.048017199734034],[108.30446350029035,28.051772499701144],[108.3013484996336,28.05280210023676],[108.30004010027045,28.05651070020872],[108.30258929965652,28.062075300334868],[108.2994033002222,28.068886600036592],[108.2993084001626,28.074973600151566],[108.28794879989726,28.081495399992775],[108.28225730003442,28.080760900295388],[108.26759380011384,28.07009140019801],[108.2606123001176,28.06796840032149],[108.2336117996449,28.07278240018769],[108.22580730036668,28.076383399874032],[108.22285880019353,28.082846000042935],[108.2271477003062,28.10114150018012],[108.22134979985344,28.1023904003967],[108.21169679986747,28.100117100423915],[108.20879029983251,28.100796100259856],[108.20737580025303,28.11402850001531],[108.21318830029986,28.14644040020437],[108.20900729994702,28.149843399753138],[108.19782829973633,28.15116820005244],[108.1946258004404,28.15404020029507],[108.18928080036869,28.154348200109382],[108.18503080043115,28.152792899972383],[108.18086079968623,28.14821929968099],[108.17346840034645,28.132800700192206],[108.17299680036211,28.120082299858325],[108.17560930032903,28.102604000174495],[108.15244280039497,28.103698899584572],[108.14569080019032,28.105241899693965],[108.14276980038602,28.10765319973541],[108.14052340003497,28.117404599942404],[108.13090229990127,28.121789599810256],[108.12207230009665,28.121163800269244],[108.11770430011342,28.122927299755133],[108.10921779996158,28.11430259988515],[108.10584730011288,28.107398900239104],[108.09747329975306,28.106157399644303],[108.09420780024982,28.096265400328036],[108.08910379960071,28.09025390009748],[108.05544280044495,28.065154900078653],[108.0469282999012,28.061399399562674],[108.01686879955554,28.061551900300003],[107.99500280023909,28.058309400058818],[107.95382679986699,28.04665540042646],[107.96157830029836,28.02827089978223],[107.96212779955835,28.023204899986183],[107.96070879977134,28.020271399605463],[107.94664779975619,28.01249890000429],[107.92823230038044,28.012039400398066]]]}},{"type":"Feature","properties":{"shapeName":"Xixiu District","shapeISO":"","shapeID":"62558664B13647468227849","shapeGroup":"CHN","shapeType":"ADM3"},"geometry":{"type":"Polygon","coordinates":[[[105.98841350038282,26.44572490028395],[105.98388679973607,26.430589400180736],[105.97698229969342,26.42028039962082],[105.95397930010466,26.396915900448505],[105.90801980037355,26.36208739961387],[105.89475230007866,26.35016990042061],[105.86718729965423,26.337560399892595],[105.868469300318,26.332979399979365],[105.87841780044118,26.32221039979015],[105.87815830016547,26.314647399957607],[105.87484730036266,26.306396399874018],[105.86031330011878,26.289205400309015],[105.8470533001697,26.281865899991317],[105.84220130034981,26.275218900132188],[105.83837880034145,26.265361899731943],[105.83762379969863,26.257798899899342],[105.83966829955244,26.231905400114158],[105.83814230022705,26.22502889956411],[105.83380880003614,26.221130399648303],[105.81851980004882,26.21264240032656],[105.80908979955467,26.21034439957441],[105.80476379970963,26.20621689989008],[105.8037413002209,26.19934090026237],[105.80502329998535,26.19521689984009],[105.8083268003416,26.188572400096234],[105.81623830005753,26.180099399667597],[105.79739379978412,26.17710690016338],[105.75966630015967,26.17661289986546],[105.75607279991982,26.168130899921152],[105.7558367998285,26.153407899954686],[105.75866679993294,26.146886899610763],[105.77091980020867,26.13964840035345],[105.77877029980954,26.138053899667796],[105.8207932996711,26.136895400202604],[105.8655393000987,26.133346400216226],[105.87348180034485,26.13450439965834],[105.87281780030128,26.12627040035875],[105.87407679990446,26.12260390034976],[105.86517330030762,26.112058399675448],[105.8565217997413,26.084325899620637],[105.85575879962897,26.075387900231476],[105.85753629976051,26.06736940007778],[105.86466979957163,26.05934889983189],[105.86646280041799,26.052474900296488],[105.86747730043714,26.03276639974962],[105.86976629987493,26.02978689994552],[105.88478079979416,26.03551839985431],[105.8880917995969,26.034833899764692],[105.89241780034126,26.031396900446623],[105.89470679977904,26.024291900151127],[105.91098779964727,26.011916899645257],[105.91632830041078,26.001832899568683],[105.91938029996095,26.0002289002436],[105.92574330021318,26.000915400425413],[105.93643180028744,26.010311400251],[105.94381730002846,26.012601899757897],[105.95068380011736,26.01351539961604],[105.96137230019156,26.010991900156114],[105.96671280005575,26.011218899832386],[105.98809829969684,26.01877190010316],[105.99954979988343,26.018306900243317],[106.00794230019704,26.01234439957443],[106.01632680014177,26.00935940041603],[106.02346029995294,26.012561899711955],[106.03111280031555,26.01874339968822],[106.04563129984467,26.0345438998811],[106.05963880009062,26.04186240012973],[106.07440180010303,26.04253589971205],[106.08278630004776,26.033817399653344],[106.09343730019128,26.012489399965887],[106.09725179983076,26.010192900182233],[106.11022930024205,26.01292590031011],[106.11888179995515,26.012685900034285],[106.14176929961354,26.003942399722007],[106.14734629959213,25.997745399930295],[106.15418980041903,25.98375489956902],[106.15689079997048,25.944560899765747],[106.15892030003187,25.940889400425533],[106.16349779978367,25.94019489987477],[106.16629780030331,25.942251400281975],[106.16732780013791,25.947290399732196],[106.16609179979679,25.961044900002207],[106.1905287998643,25.970624900219036],[106.19386279982842,25.976348899781954],[106.19645679984149,26.00269889993433],[106.20033279961905,26.018733900149414],[106.20570379999043,26.026743399888062],[106.21383680002833,26.030164400266926],[106.21513379958526,26.035203899740225],[106.23197179995867,26.04845990040411],[106.23555779985264,26.0546399003112],[106.24205029978157,26.0963344003124],[106.24588779958236,26.10434740021242],[106.25302130029286,26.105476400115833],[106.25885030020123,26.095609400153762],[106.26596830019696,26.09307090000209],[106.28307330029264,26.105401900277514],[106.28563679979851,26.110437399566365],[106.28388229982835,26.117778899976315],[106.26763929991381,26.13592140025247],[106.26766180005211,26.142108899606058],[106.28122779972324,26.161783400383683],[106.28356180033688,26.173007899994616],[106.28436280040296,26.184692400134224],[106.28312680006184,26.198215399621063],[106.28164680015976,26.21105439994068],[106.27812180038086,26.221834399737816],[106.26998129999708,26.226438399812366],[106.25877380027072,26.227151900340004],[106.24754330038309,26.22557440043829],[106.2396467995602,26.22788439994514],[106.24170680012878,26.23315240006326],[106.28613280018862,26.250688900272564],[106.29353329972207,26.254794399841728],[106.30225379987303,26.240133400036427],[106.31001279975095,26.22977039968424],[106.31535329961514,26.22563190039193],[106.32554630022162,26.224685399911323],[106.33370979986745,26.22558039981567],[106.34010329972756,26.22876940028766],[106.34571829965984,26.234250900358802],[106.35471329987894,26.248433899704764],[106.35703279982391,26.25736239955512],[106.35381279972097,26.281665899761492],[106.33039079969569,26.29204740006753],[106.3136062999908,26.304241400320393],[106.30693830006254,26.29623789995918],[106.30127729980762,26.28456490034995],[106.29438779955734,26.280919900433105],[106.28694129970125,26.27977739990712],[106.28394279992034,26.283237400285827],[106.2798997996361,26.294704400287912],[106.27380380000545,26.301595899731012],[106.26281729967872,26.297725400207128],[106.25771329992892,26.293613400338188],[106.24088279990133,26.295028899963825],[106.22634879965744,26.300559899619714],[106.2184678004487,26.310661399603987],[106.21108229980837,26.314571400050113],[106.20599379987402,26.315500399723703],[106.19628129984216,26.3109343996029],[106.18247229975691,26.29973240013021],[106.17252329961065,26.297229899840033],[106.16258229983333,26.301143400447643],[106.1580123004274,26.309400399908554],[106.16674780037073,26.33642589973556],[106.1644593000567,26.340556899581316],[106.15248880021801,26.35043139988926],[106.14943679976858,26.355247399847656],[106.151748800267,26.3607443997343],[106.15917179993869,26.36829389984365],[106.15994280041997,26.371501900292515],[106.15944680002985,26.37814640003637],[106.15537280011472,26.383195899970872],[106.1433867995612,26.38894289969511],[106.13445280035648,26.388040400344266],[106.125526299699,26.391492900377102],[106.11685179987074,26.39127540023958],[106.11199179968185,26.387845900368063],[106.11248029972609,26.378906400010408],[106.10812380027323,26.369746900299276],[106.10250029994893,26.362649900372674],[106.08307679995443,26.350070900351795],[106.07695029981653,26.349618900192127],[106.07186129985917,26.35718740027835],[106.07289880003964,26.365205900431988],[106.07469179998662,26.371619900338203],[106.08851629988737,26.39268689968071],[106.08801230002769,26.396583400403642],[106.08393079976668,26.40002639999841],[106.07167830041328,26.40278989973416],[106.0650633002312,26.407838899645526],[106.06096630015469,26.414260899920635],[106.05818929979642,26.426866400264203],[106.05487829999362,26.433057899802293],[106.04900379978557,26.43397890000631],[106.03520980039201,26.431012899925463],[106.00685130024738,26.418430399743215],[106.00148780022187,26.41843239983541],[105.99331680023022,26.425542900384585],[105.99308030011582,26.434938400187093],[105.98841350038282,26.44572490028395]]]}},{"type":"Feature","properties":{"shapeName":"Shiqian County","shapeISO":"","shapeID":"62558664B79177104112391","shapeGroup":"CHN","shapeType":"ADM3"},"geometry":{"type":"Polygon","coordinates":[[[107.82855980039454,27.54642889997382],[107.82016730008087,27.52225690043565],[107.8151472997082,27.49941640024673],[107.81141680034511,27.49259190029602],[107.80386330005132,27.48696339974117],[107.78701780023135,27.481681899899797],[107.77413929988882,27.48207490003665],[107.76721179968484,27.483995399568073],[107.75863629992534,27.479291900301007],[107.75308979955469,27.47111490003266],[107.75090030020874,27.462896399649196],[107.75312030006188,27.456682399972806],[107.76051330014872,27.451322400108722],[107.76997380025074,27.44707840044788],[107.78748330011427,27.44731339959378],[107.79383079965174,27.44150539975442],[107.79403680015827,27.407369400277673],[107.7967073001019,27.39748390036175],[107.78035729974965,27.38944790030041],[107.77355229979884,27.382659900234273],[107.77290330044701,27.37442189985086],[107.7756118003444,27.366597899673366],[107.78241730031823,27.358262900212708],[107.7872617997923,27.354993899648775],[107.80108679971607,27.350921399802814],[107.80235279964205,27.348384899743394],[107.8004227996725,27.34062189968097],[107.80110180040782,27.335342399931847],[107.80490829967835,27.332315399735933],[107.81564330009826,27.327821900260517],[107.83589929981292,27.323205899632626],[107.84156780041371,27.323818399999197],[107.85636880037987,27.331411400315915],[107.89125830043031,27.339877900444776],[107.90151929967601,27.33790590033709],[107.90737930011466,27.33461939986546],[107.9122618004418,27.334323899728247],[107.9179688001201,27.336536400134833],[107.92397330002785,27.34149540039249],[107.93290730013183,27.35190890037552],[107.940719799779,27.356841900333507],[107.94484730036271,27.357471899708457],[107.94970679962915,27.355571900223083],[107.95317829963886,27.34842089960489],[107.95484930025509,27.34083739972624],[107.9545822996335,27.325948900221647],[107.95916729973118,27.32336589981645],[107.97174829984425,27.32135589975502],[107.98516829997715,27.30925390014744],[107.99565879991377,27.30612539976744],[107.99545280030657,27.308877899895208],[107.99999979955118,27.320195400197633],[108.0201262995891,27.321859399591688],[108.03959629992937,27.32556839976189],[108.06046279991835,27.325864899945202],[108.07800280028908,27.333654400330374],[108.09725180033035,27.327703400191808],[108.10810830005806,27.32636639968962],[108.12634280008024,27.328424400166],[108.13025679981155,27.326913899756732],[108.13371280000575,27.32332589977051],[108.14512630023864,27.303396399824067],[108.15650129959533,27.29334240023161],[108.1622392998039,27.290956399917945],[108.1660767996047,27.291507900169506],[108.1749722997319,27.295860400337233],[108.17790980029713,27.301214399924675],[108.18300629970105,27.311443400392648],[108.18802630007377,27.333381400331405],[108.20218680018075,27.36036089983571],[108.21408080008894,27.3677673996458],[108.22843980035657,27.37040689995854],[108.24987030027421,27.36012839990576],[108.26196280034304,27.352378899566588],[108.26872229999424,27.35001390022137],[108.27802279991232,27.34908489964846],[108.28906229998523,27.35049439989666],[108.30129230009965,27.35560389990013],[108.3170933003156,27.352758399980246],[108.3234638000144,27.3554344001775],[108.33254979993336,27.362075899783008],[108.33701329982398,27.36837939998935],[108.3559038004201,27.384200900251415],[108.38406380040414,27.400464900235022],[108.39959729997548,27.407018400279014],[108.40466329977153,27.41057989994249],[108.41539780016842,27.423223400239806],[108.42272930011717,27.428441899873803],[108.43277730033219,27.428668900449452],[108.4411623003,27.423805400099184],[108.45694729977811,27.421863399576296],[108.46697229983181,27.413593400415152],[108.47402929971247,27.4098474003373],[108.47765329956019,27.409696399669144],[108.48142980014524,27.412765400003252],[108.48303979974702,27.419923900068],[108.48674030042457,27.4262049001361],[108.48956280018314,27.42695539967201],[108.49500280013916,27.425695400022732],[108.49765029992147,27.423229399617128],[108.50697380000094,27.421598399946276],[108.51049779973374,27.424892399864405],[108.5136718004133,27.44126340028572],[108.51814279975048,27.4475614002385],[108.52760329985244,27.470040899967614],[108.53939030022224,27.482927899802803],[108.54551680036013,27.485357400323835],[108.55159780019841,27.501750899984074],[108.54950730002196,27.50732789996266],[108.53186779955934,27.53567489957703],[108.53204329955867,27.539800400068486],[108.54125229975386,27.5560223999139],[108.55236829975729,27.562314899613],[108.55383279984392,27.566167900128562],[108.53756729979114,27.584829400056833],[108.53603380011987,27.591304900101136],[108.53840629981096,27.604537899704383],[108.55030079974216,27.622968399771878],[108.55406929995831,27.631954399575932],[108.5271302996237,27.618905900387063],[108.51866929974847,27.62055790012704],[108.50836180015699,27.627317399778235],[108.50418830015002,27.626535399688976],[108.48996729995099,27.620111400220992],[108.48076630012469,27.61972689957679],[108.47474680042455,27.613315399785904],[108.45715330028463,27.60999490044435],[108.43418130032683,27.59625640001292],[108.40959929986786,27.59515190034],[108.40434280028006,27.598989400140738],[108.3972013001,27.6077079001995],[108.37573979965208,27.6198614003834],[108.36873630043999,27.625819899968462],[108.36213730009638,27.634748399818875],[108.3462372998116,27.6503923999893],[108.34803029975859,27.662727400449228],[108.34153729980659,27.662011899829338],[108.33260329970255,27.664815899634107],[108.32231129992664,27.67867640029567],[108.31793979978198,27.6792718998783],[108.30468029985599,27.670965399933323],[108.2999878001969,27.663766899822633],[108.2951738003307,27.65955789997713],[108.2899167998205,27.65765390030731],[108.27395680036608,27.659293900393266],[108.26159679965264,27.667018899602567],[108.25572979979052,27.66880590017223],[108.24694080007794,27.67527189977841],[108.24336229963046,27.68272339986504],[108.24344629990685,27.704290399782167],[108.2422712996808,27.70707889977143],[108.23554979998335,27.713712899930442],[108.2301637998196,27.714563399581266],[108.22091679967065,27.710025899875404],[108.2116162997525,27.71008089971383],[108.2051467999849,27.703622899577226],[108.19928729956928,27.686130399598312],[108.19880679989399,27.674215399621062],[108.20024130039576,27.670961399748876],[108.21925330029961,27.65500839971793],[108.2126462995871,27.632034399667873],[108.20356729999094,27.6309339001794],[108.19721230010765,27.63365189961553],[108.19101730040813,27.640491400257986],[108.17878730029372,27.638339899966468],[108.17318730015381,27.63391890023712],[108.16533679965363,27.631400900131496],[108.16021730008839,27.632703899965065],[108.1577988000746,27.636905400364014],[108.15875980032456,27.6481208995599],[108.1632917997768,27.65830989998193],[108.16251379987204,27.691144899717415],[108.1497192998059,27.70116589958667],[108.141738799606,27.702092900067328],[108.12619030024223,27.70118340039369],[108.12145979973002,27.699256899686247],[108.11846179997212,27.695217399563376],[108.11517330030762,27.68361489960796],[108.10845930005672,27.670734400072547],[108.09274280014017,27.658580899888648],[108.08439680017227,27.636571900273054],[108.0740578000275,27.623109900001907],[108.07124329973857,27.616998399656495],[108.06667330033258,27.605659400161244],[108.06021130001153,27.578775399665005],[108.05148330041402,27.55975889955363],[108.03684229973243,27.53494239997184],[108.03119680019222,27.529142399602108],[108.02834329990344,27.52876840034145],[108.02171329992893,27.53079590031058],[108.01418279979646,27.543407400031526],[108.00872029970213,27.542190399667277],[107.99667379995594,27.532451400211983],[107.99140929999925,27.540315400435418],[107.98735830024543,27.55892739987968],[107.95050829971831,27.603654900353433],[107.94122329961567,27.617984900183046],[107.92878729989405,27.6305254002271],[107.92471329997886,27.632642899849998],[107.90799729983559,27.63630689974366],[107.90007030030415,27.63592139995268],[107.89848329996437,27.615623400099878],[107.9027867996711,27.595153900432194],[107.90135180004557,27.57937240021613],[107.89853679973356,27.571922400198673],[107.8896637997446,27.560130899621356],[107.88101980042353,27.555112400217126],[107.8733977996688,27.554586400242215],[107.84819030004235,27.55834389995107],[107.84032870010947,27.557480600249562],[107.82855980039454,27.54642889997382]]]}},{"type":"Feature","properties":{"shapeName":"Shibing County","shapeISO":"","shapeID":"62558664B48675668910873","shapeGroup":"CHN","shapeType":"ADM3"},"geometry":{"type":"Polygon","coordinates":[[[108.1660767996047,27.291507900169506],[108.1622392998039,27.290956399917945],[108.15650129959533,27.29334240023161],[108.14512630023864,27.303396399824067],[108.13371280000575,27.32332589977051],[108.13025679981155,27.326913899756732],[108.12634280008024,27.328424400166],[108.10810830005806,27.32636639968962],[108.09725180033035,27.327703400191808],[108.07800280028908,27.333654400330374],[108.06046279991835,27.325864899945202],[108.03959629992937,27.32556839976189],[108.0201262995891,27.321859399591688],[107.99999979955118,27.320195400197633],[107.99545280030657,27.308877899895208],[107.99565879991377,27.30612539976744],[107.9951018003079,27.303842399707037],[107.99999979955118,27.286622899727092],[108.00758380035217,27.27790639976058],[108.02834329990344,27.272922400148673],[108.03237130039525,27.2675133998236],[108.03539280033755,27.261388899777955],[108.03533929966903,27.254728400195575],[108.02903730043113,27.241935900221677],[108.01643330015673,27.23311790007108],[108.00929280002276,27.231099899640697],[107.99999979955118,27.230930899941143],[107.99783330036655,27.22727939972458],[107.97496029957824,27.21363039982316],[107.95931230012263,27.201247899870737],[107.93096929979339,27.197748400368425],[107.92629980029562,27.19529140037787],[107.90463230024051,27.176112899990414],[107.89743029996845,27.175754399645882],[107.88598630012768,27.18369839996126],[107.8795318001525,27.181493899923566],[107.87854779974123,27.16890690043317],[107.88075229977886,27.16246240001982],[107.89945980002983,27.15945789996215],[107.90570080005193,27.149064900025166],[107.90444929989536,27.136020400121424],[107.90564730028274,27.1314199002083],[107.91026279998829,27.130670399819167],[107.92088329962462,27.134877899595438],[107.92289729987056,27.13347639971613],[107.9238282996364,27.12750639960069],[107.9139173003432,27.104272900174237],[107.91383380008989,27.09946040037721],[107.91824330018824,27.086568900334555],[107.91751079968373,27.074664899965228],[107.90857679957969,27.062871900218056],[107.89327229977687,27.054145899813477],[107.89137280031457,27.04752540027704],[107.89785729987454,27.03712840015561],[107.90342680040658,27.03269739996506],[107.91900630030057,27.02835989958976],[107.92595679976654,27.028951399887262],[107.9442823003879,27.034883900071975],[107.95533730027626,27.035646400161284],[107.95838180037987,27.033540900192463],[107.96914680038458,27.01803790022899],[107.9790572996547,26.998878399818352],[107.98123929955409,26.991287399593887],[107.99270629955612,26.972333899689772],[107.99903079983159,26.967431900262056],[108.00272380016332,26.966462899643147],[108.01154330038304,26.948301400289438],[108.0167238000634,26.94241140026594],[108.02806829981222,26.923257900132057],[108.03260030016378,26.9208298996802],[108.03663630012522,26.918872900264205],[108.04792029978205,26.91854090024242],[108.05854779974123,26.907668899799944],[108.06670379994046,26.90582090001459],[108.0785217999412,26.906158400289996],[108.09111779984664,26.913129899825094],[108.10302729957027,26.91575989969965],[108.11112980000036,26.91276340001093],[108.11988079975919,26.906532399550656],[108.12969229985981,26.908075399659992],[108.13088980022417,26.905742399991823],[108.12815830016547,26.90146439966236],[108.12899780020837,26.89661790009609],[108.13150829996812,26.895164399617386],[108.13847330010276,26.895873899960577],[108.14672080002498,26.9034309004158],[108.15000929968949,26.902183899567376],[108.15441130034128,26.896540900142497],[108.15718829980028,26.89530940000884],[108.16848730014885,26.89519690021683],[108.17201980027363,26.89371290013031],[108.17584979972855,26.88648040025032],[108.17189029969762,26.8705309003808],[108.17289029994743,26.8567273996498],[108.17903880020054,26.849883899722272],[108.1913683004068,26.84354040036925],[108.19474560002948,26.84024789962092],[108.20770880032092,26.841887200034307],[108.21400659972488,26.845228399970722],[108.21705059980542,26.853450500340386],[108.21936079986108,26.855670099995166],[108.2248059996972,26.856610399650265],[108.23354890016168,26.85308680011576],[108.23671550032014,26.853681500201105],[108.25033270019401,26.865343699851906],[108.25525900020278,26.86408799986134],[108.26023939982849,26.859493600049632],[108.26321629969254,26.858755899665084],[108.2693156996599,26.86317440017848],[108.27477290004936,26.864116600101056],[108.28075239970354,26.860752999851115],[108.29721770033666,26.867634399907672],[108.30801279975094,26.862273300172717],[108.31160620016607,26.86349450037096],[108.32540690040821,26.863802600010047],[108.32944700037882,26.862078999846005],[108.33277219957739,26.855064799600882],[108.33189730042017,26.845169899970983],[108.33706390017892,26.83884140041033],[108.33670100035096,26.836736699938797],[108.33379700043128,26.83490760030554],[108.33461980006376,26.83035829969583],[108.35276939958817,26.827326800191713],[108.35742419966715,26.8215065003248],[108.35962569956644,26.821085499796027],[108.36337169964429,26.824870499873725],[108.3692727999998,26.82703890022509],[108.37613219994114,26.82749799963301],[108.38499559966726,26.831452600157434],[108.38715439975579,26.833527200320077],[108.38785289959168,26.842882399703058],[108.39320459961266,26.846360099638957],[108.39558520039674,26.84488960017495],[108.39610610031633,26.8403974002199],[108.40032010039238,26.83452420043153],[108.4031221001049,26.833641800029113],[108.40946820029728,26.836396599723344],[108.41376940043756,26.83527720008277],[108.41414870030235,26.833246399601705],[108.41049920017798,26.830300000244847],[108.40607360041639,26.819814600363543],[108.40689270023796,26.816305499699126],[108.41437569997862,26.81585510033267],[108.41687310021348,26.813467000102037],[108.41722930009217,26.810605799817836],[108.41546679975306,26.8074595998807],[108.4089634998657,26.8024340003289],[108.4086179002959,26.797563300006345],[108.41861730024829,26.796260399997493],[108.44129179997663,26.7982883999897],[108.44574730039767,26.79446940014276],[108.45059980024064,26.781457899962163],[108.45361329981398,26.779752899576692],[108.46131879992276,26.780191400013166],[108.46527879997672,26.78281989981855],[108.46749929985288,26.78688040001049],[108.4681777996658,26.79076190004173],[108.46444680027969,26.806264900005203],[108.46517929988482,26.81129089975525],[108.46869680021723,26.815769400337615],[108.46785730017433,26.82038690013536],[108.47165680002138,26.831514399769787],[108.47035230011863,26.843262900162756],[108.46434780021087,26.85333040037773],[108.4542618000421,26.85136040036224],[108.45018780012691,26.85218040040519],[108.44744180029892,26.860305900097273],[108.45036330012624,26.868934399602892],[108.44719679979255,26.87936789960895],[108.44326780026881,26.88362689996154],[108.43721029971562,26.88611539960607],[108.41252129971826,26.885072900094315],[108.39154029984502,26.8868884001796],[108.3805693002331,26.888616399827015],[108.37885230019356,26.890735400418464],[108.37821180033438,26.893741399645933],[108.38036329972658,26.89619839963649],[108.39853679963363,26.907327400239353],[108.40692879992423,26.92405139985226],[108.4034423001221,26.93311290044005],[108.39922379983858,26.93669139998815],[108.39189880018955,26.93967840013812],[108.3666532997101,26.94438340037368],[108.36179330042052,26.94476640004939],[108.35115029974662,26.94211790022098],[108.33113879961599,26.94274690044915],[108.3163832999494,26.939994900344402],[108.28253930044843,26.92865539992681],[108.273216300392,26.920450400165862],[108.26191730004342,26.91391390000655],[108.25810230038093,26.914720900349323],[108.25364679995994,26.918990900309836],[108.24942030020674,26.928993400225295],[108.24889380020875,26.934976400040853],[108.25031279999581,26.93860640016527],[108.25586679981302,26.94279690005692],[108.26672379956375,26.94429790002812],[108.27002729992,26.94993390002952],[108.27015679959669,26.959571900223068],[108.26727279969998,26.964479399904405],[108.26262680038661,26.963937900114047],[108.25103830017747,26.969802899883973],[108.24667380035567,26.976365900366034],[108.2440872997891,26.995593900338292],[108.25106030029269,27.011194400301406],[108.23626729979611,27.027427399754743],[108.23705280004674,27.03573040043767],[108.24091179993968,27.03953820012788],[108.24362060021059,27.03603590013671],[108.25174669975047,27.03689199986593],[108.26252549985202,27.031166299685026],[108.27262999997458,27.035024099882378],[108.2842512004326,27.03230010016955],[108.29342589958566,27.036736400064854],[108.3065051996553,27.03877179967884],[108.30600729989703,27.069038400401894],[108.28249380014881,27.095624899769348],[108.28032730006493,27.099899399937385],[108.2916562999983,27.11798090009853],[108.29456330005632,27.126153900182373],[108.28845980007975,27.134605399619545],[108.28234879975736,27.136173399982454],[108.27127079970768,27.135827900237473],[108.25749979957612,27.12592490041385],[108.24710080026176,27.123260899870672],[108.24037230024152,27.122319899643685],[108.23681629993234,27.123348400308487],[108.23236829985723,27.128074399713853],[108.23358130003703,27.13262740013448],[108.25010680038861,27.160352899866496],[108.25454730011785,27.17467690031873],[108.25195330010479,27.187150899994094],[108.23860929987933,27.207761899891807],[108.2348782995939,27.217513899946596],[108.23609179979678,27.2220688995601],[108.2457733001977,27.238756400187754],[108.25462330002534,27.26074589980351],[108.24783329986695,27.264627399834694],[108.24343879956103,27.2645339000195],[108.24031080010343,27.26348090002358],[108.23384080031275,27.256336399705106],[108.22622679992696,27.252668399626998],[108.21901680018522,27.252887899856717],[108.21808630044245,27.255441399800816],[108.22550179976832,27.2733458998934],[108.22309879956998,27.27778040024532],[108.22007729962775,27.27947990037717],[108.21262380034818,27.279937899914216],[108.20751180022944,27.287435400323545],[108.2044678001489,27.288677400042047],[108.19555680020625,27.28504539982538],[108.17133330009176,27.264894399556965],[108.15564729978314,27.25917039999399],[108.15001680003536,27.260028900013765],[108.1469877997472,27.26149740028484],[108.14636980002632,27.26541690026977],[108.1478272997901,27.269734899745856],[108.16110979987741,27.280120900259362],[108.1660767996047,27.291507900169506]]]}},{"type":"Feature","properties":{"shapeName":"Sansui County","shapeISO":"","shapeID":"62558664B20420537105235","shapeGroup":"CHN","shapeType":"ADM3"},"geometry":{"type":"Polygon","coordinates":[[[108.54103879980084,26.827411400315896],[108.54553979962213,26.8245103996353],[108.55014779988113,26.81815889991333],[108.55467229988682,26.815944400313867],[108.57808679956622,26.811496900261773],[108.59879280024762,26.797262400339548],[108.6115038000604,26.7945444000041],[108.63535330001486,26.794433900304284],[108.66697679963966,26.789926400183276],[108.68563080012137,26.794114899982674],[108.71572130009798,26.807557900276947],[108.7298433002282,26.807536900207822],[108.7503892998264,26.802238399582507],[108.76316830007704,26.806850400026008],[108.77905279964705,26.817785399776426],[108.7884367998185,26.821132400340048],[108.8169477998012,26.827491900430914],[108.82888780003202,26.842000900421283],[108.8468168003551,26.85262490021904],[108.85835279994183,26.863700900176468],[108.86805729960474,26.879890400321756],[108.87351230025251,26.892556899881072],[108.88110329957766,26.901473900100484],[108.89373780035925,26.90814790030538],[108.90123729996151,26.91500089977177],[108.90939330016073,26.91930390035475],[108.92059330044054,26.92258090038831],[108.93245679984148,26.92376690022229],[108.96810930000424,26.92249490001967],[108.99952680002184,26.92435290026617],[109.01023079991154,26.922359400066284],[109.01487730014736,26.91736990020081],[109.02071380040161,26.915780899768777],[109.02803780000454,26.91850090019642],[109.04868329969457,26.931529900284715],[109.05328379960775,26.936412899735558],[109.06137080022233,26.95586390009896],[109.0598298002052,26.9614318996625],[109.05294780030079,26.968110900097997],[109.04826330011127,26.972413899781714],[109.04093929960908,26.975206399955425],[109.03111279971597,26.984975899917913],[109.02967830011352,26.99283389986465],[109.03814680033463,27.009288899663034],[109.03146379971463,27.020091899621548],[109.01467879998671,27.02414340029776],[108.99918380039213,27.022634399957667],[108.9889833003391,27.013358900293042],[108.98281079987856,27.00210040001349],[108.97441080011839,26.998267900443295],[108.9610978004232,26.999433400231283],[108.95162179960641,27.0059679002984],[108.94727329962313,27.011865399768453],[108.93920880004617,27.01559439996163],[108.93299619971492,27.014657200269653],[108.92615760019316,27.01594990016781],[108.91698810002089,27.012505199955058],[108.91400529970485,27.015260999695442],[108.91902410038199,27.026395800026194],[108.91566240039953,27.031991299958577],[108.91084819998451,27.02932359960448],[108.91421869983321,27.022919299785883],[108.90969679976757,27.01988670041095],[108.90715580039995,27.02392170032624],[108.90284729956329,27.02038770013229],[108.89666070043103,27.019985099732594],[108.88450839994277,27.00748549995592],[108.87677509999094,27.003548300413797],[108.8696264996633,27.00179009973334],[108.86793709981737,27.002957700337674],[108.8690418000391,27.006796499658776],[108.87346090040029,27.009158700313833],[108.87312940040158,27.019296200159545],[108.87003610038579,27.023823300105278],[108.86130859991204,27.026874000135024],[108.86186100038492,27.033073699691556],[108.85622670010218,27.035829000308183],[108.85043200033658,27.034823599629476],[108.8449582002608,27.04173309990267],[108.84274869999257,27.048817500327402],[108.83973060038699,27.050709000320182],[108.84319059986638,27.05354020012021],[108.84042870002457,27.061804399553466],[108.83678310025994,27.06564109985692],[108.83236449992177,27.061011200206792],[108.82695079973968,27.060722200369298],[108.82440980037205,27.062984900033143],[108.82507269964543,27.06751030026021],[108.81767079986759,27.066723299940406],[108.80408239988293,27.076560400142398],[108.80074129977123,27.076877400371757],[108.79341880023748,27.07305140020202],[108.77707630023116,27.058233400351185],[108.77001180000462,27.049751400406876],[108.76149730036019,27.03144839992376],[108.75974280038997,27.02094840044839],[108.75731680003037,27.01827640043558],[108.75157929984488,27.01640689965876],[108.74619279965805,27.01682139988776],[108.72535630015318,27.034063400005948],[108.72196180009706,27.038768900264586],[108.71951279957608,27.047347400162437],[108.71443930033348,27.05486689978767],[108.71069330025568,27.057288899962828],[108.69492329967062,27.061267399970575],[108.68096179974731,27.071611400345887],[108.66819780018841,27.0738793997146],[108.65071879993275,27.074006900198356],[108.64211279966605,27.071311900024227],[108.633682300298,27.06654339955827],[108.60938280027608,27.045545399800403],[108.59986130005899,27.03346440026189],[108.59594780035076,27.032216900289768],[108.59084329967862,27.0328463996417],[108.58657079960278,27.03528439965538],[108.58397679958966,27.03468139972688],[108.57200629975097,27.02520539980941],[108.55803680035814,27.00500439993317],[108.53418730040363,26.981912399837427],[108.53130329960766,26.974202900443572],[108.53653729995648,26.964389900273716],[108.53675830025543,26.95749489976987],[108.53468329989443,26.950904899841305],[108.52953329982199,26.944415900073807],[108.52855679975659,26.9396264004381],[108.52935030037611,26.93409139969839],[108.53520180042284,26.920583900026998],[108.53392780012791,26.908458900258097],[108.5351867997311,26.901759899799572],[108.54046630037953,26.893091400247954],[108.54268630023262,26.88475239970353],[108.54135179984576,26.877450900238898],[108.53119680009229,26.868142899974885],[108.52921280033053,26.863385900039304],[108.5313412995614,26.853214400424292],[108.54213730009639,26.83518239984795],[108.54292280034701,26.829416400146783],[108.54103879980084,26.827411400315896]]]}},{"type":"Feature","properties":{"shapeName":"Sandu Shui Autonomous County","shapeISO":"","shapeID":"62558664B39046187670908","shapeGroup":"CHN","shapeType":"ADM3"},"geometry":{"type":"Polygon","coordinates":[[[108.21412680041158,26.073584899823345],[108.2110368000084,26.07253439994264],[108.20413229996575,26.05897140040986],[108.18798830012003,26.043853900237366],[108.17623929970398,26.036638400242055],[108.16670980001732,26.034173899905625],[108.16171279980591,26.036853900287326],[108.15563980033659,26.05127339974763],[108.15650929996428,26.060430400242808],[108.15390779960535,26.072448899597077],[108.15399179988174,26.08117089981721],[108.15146630032956,26.088367399835704],[108.1454773002373,26.098420900304347],[108.12796780037377,26.100787899741817],[108.12359630022911,26.099775399814916],[108.11289979978596,26.093667899653894],[108.10669729974063,26.08489990001044],[108.09813679977356,26.081027900417325],[108.0851363001002,26.08118440043978],[108.07298279991636,26.083158399740398],[108.06365979985992,26.079763399661203],[108.05597679988944,26.079074900286457],[108.03926830009203,26.08209640022875],[108.02555830007555,26.09053790010404],[108.01851629998731,26.093271900278012],[107.99999979955118,26.09326940016274],[107.99815379985802,26.08282090036431],[107.9918137997671,26.083597400199892],[107.97335830034535,26.077215399970783],[107.96571330032862,26.077094899809822],[107.9604033000723,26.078544400104022],[107.95664230020208,26.08226389985913],[107.9422227998424,26.102409399873977],[107.9325867997411,26.10460639956574],[107.92011280006574,26.10500890014066],[107.9135512996528,26.108766399849515],[107.91043779996454,26.120269899736115],[107.90241230038743,26.12748739982368],[107.89161679987546,26.12190439956845],[107.8829268002317,26.12018789955198],[107.87435929994177,26.12534690003946],[107.8563233000803,26.14369790003809],[107.85021229975791,26.143779900222285],[107.84455130040226,26.140645899588662],[107.84242230024904,26.135175900047784],[107.84105680023123,26.11456490015007],[107.83651730043312,26.102248899667018],[107.83215329973507,26.099553900392266],[107.82627880042634,26.098716899565318],[107.81159180032137,26.103494400446266],[107.79576129964431,26.116765900026337],[107.78804780006595,26.128095399982783],[107.78668980039402,26.13865639957322],[107.78349279955313,26.146032899798513],[107.77770979996734,26.15069239973451],[107.77236930010315,26.15121839970942],[107.75950629957612,26.159404900415893],[107.7422788001266,26.18208490039791],[107.73578630019767,26.173349399555207],[107.73129279982294,26.15571590026866],[107.73322279979243,26.14628989995896],[107.73876179981727,26.139814399914655],[107.7448272998401,26.135629400276628],[107.75803380001992,26.131381899555095],[107.76157379959125,26.128595399658025],[107.76582330040503,26.121442899869976],[107.76486979960163,26.07990840005266],[107.76323679983852,26.07005489981384],[107.761145799639,26.065023899833136],[107.7526702999944,26.057756400137805],[107.72445680024117,26.03803239977549],[107.70890029960918,26.034036399860042],[107.6809007998321,26.007188900147696],[107.67981730022831,26.0016899001688],[107.6807708001324,25.994336900127905],[107.68541730036816,25.975936899668227],[107.69219980018067,25.967157400393774],[107.69902029994694,25.96273789983428],[107.71627030043408,25.958230899736293],[107.73061379998694,25.943187900301382],[107.73484029974009,25.93374039989959],[107.73117829993868,25.92436240000478],[107.72582230025898,25.922801899987746],[107.71871930005574,25.92401140000618],[107.70858779958735,25.92823040031277],[107.70474230031698,25.924588899658033],[107.70291130041625,25.919555399562114],[107.7020032999124,25.90533240017021],[107.69938679976104,25.89801039976021],[107.69293229978587,25.88773739996111],[107.68032830041079,25.8729249003639],[107.67771929970598,25.865600399838627],[107.67888629956315,25.85617839971343],[107.68337229959201,25.846504399658386],[107.68990330039708,25.839332399870386],[107.69774629965207,25.8369693997181],[107.71298980023914,25.835923900067996],[107.72794330004331,25.831891900290998],[107.75090030020874,25.816541400165534],[107.75749979967605,25.816480400050466],[107.7656633002212,25.819392900362118],[107.77921280003073,25.82776439970735],[107.78378280033604,25.82795090021392],[107.78986380017432,25.82606140031345],[107.80753330022168,25.8157979000531],[107.81381230019758,25.809543400307746],[107.82630179968834,25.79060540021908],[107.82852929988735,25.784847399987598],[107.82937630027612,25.770379900112346],[107.82499679976257,25.765140400409223],[107.81607030000441,25.760633400311235],[107.80893730021631,25.75886339962625],[107.80506929990833,25.753162400224653],[107.80265029987152,25.740560400042455],[107.79189280021262,25.731935399798886],[107.78775029983655,25.724628400080633],[107.79225179968086,25.69497889975645],[107.79119130023838,25.690398899889374],[107.78475930040145,25.682193900128425],[107.78392779982818,25.67623339955179],[107.78916929962355,25.667922900321628],[107.78938279957657,25.664249399989842],[107.78064729963324,25.65491690039471],[107.77958680019071,25.65010639979056],[107.78184250043108,25.643232099881573],[107.79057600028227,25.639982700041628],[107.8006280996072,25.632331599923475],[107.80417100039142,25.625051400002178],[107.80145200000987,25.60097900038062],[107.8017815997411,25.591616299752502],[107.80548930039095,25.584259300426424],[107.81290479971682,25.57667889961158],[107.82468710022954,25.569915600324748],[107.83276170009242,25.568057400428756],[107.8391059998421,25.56411810007029],[107.84446160022276,25.558692099860593],[107.85797419994941,25.537728900268576],[107.8737115002856,25.532673400057433],[107.88137410003475,25.53319379995395],[107.88870710005267,25.535944600363052],[107.89505149962707,25.538918400264038],[107.89983030002838,25.543973600101594],[107.90444440038885,25.55549579959154],[107.90757530016003,25.559138099743564],[107.91243659986924,25.55980710001768],[107.92372449988585,25.55081269964643],[107.92619639984406,25.543676300420998],[107.9262788002265,25.52917899971112],[107.92817840041289,25.52503590038657],[107.93375040016087,25.52476500030457],[107.93524200041804,25.522858100321116],[107.93375040016087,25.52010989985206],[107.9346827003464,25.51663239956565],[107.94263799974397,25.516744599883452],[107.95090399961992,25.5193807996842],[107.95313740027086,25.518462900342627],[107.95481440026441,25.521378999741103],[107.95307030005438,25.526925699761307],[107.95375430012092,25.53341640014679],[107.95824249989153,25.535888300105],[107.9627452003308,25.533666300159666],[107.96379620023453,25.529863599625457],[107.97285490033346,25.530093799988947],[107.98445039996602,25.52749150013267],[107.9859058996376,25.524364700370654],[107.99022640012834,25.527335099934987],[107.99178659977184,25.531536200135577],[107.99921230010762,25.534697600414006],[108.00060760006073,25.53820100027599],[108.00551309964987,25.539198200036935],[108.00812489994422,25.54409119994898],[108.01290160042856,25.543297300030417],[108.01591750029246,25.543861999631645],[108.01762549991696,25.545846299766993],[108.02025699986069,25.543637699720136],[108.02146320026657,25.544769900310712],[108.02674360023701,25.541945299735858],[108.0290848997484,25.544184099916322],[108.03309300004196,25.544358400220062],[108.03623819993305,25.53840690005842],[108.04175479964437,25.54007529983528],[108.0418144004143,25.548223100016116],[108.0435630997573,25.5494199996333],[108.04284390022588,25.552664300317247],[108.04514109968204,25.555117499772848],[108.04699709983635,25.55415879998867],[108.04788039956082,25.562101700433175],[108.05167390003055,25.563977900259943],[108.05391969963449,25.561056400432562],[108.05616960014697,25.56555990036918],[108.06210430007343,25.567218699883142],[108.06481279997081,25.570547199593648],[108.06806529977382,25.57005820042565],[108.07234890018168,25.571841000261998],[108.07929019958311,25.567907299981982],[108.08968609983373,25.57136349982568],[108.09751710033396,25.575848499808444],[108.1013705001485,25.58145450022505],[108.10572100022404,25.597598199697188],[108.11442210019982,25.599391800391345],[108.12150730012189,25.595356099904166],[108.12908970012961,25.59580450007769],[108.14226569980224,25.60331519983663],[108.15668470013884,25.606565900096257],[108.16936339990104,25.606565900096257],[108.1798047995519,25.61004080044262],[108.18912740030936,25.61620560000847],[108.18179330042057,25.62178989978412],[108.17819980018072,25.64072989996498],[108.17440030033367,25.64750690042314],[108.16446680000286,25.653782400237617],[108.16037730027227,25.659419900308194],[108.15747080023732,25.682926399733617],[108.15538730038367,25.688272399851428],[108.15125280037648,25.692989399741066],[108.14160929992931,25.70017240003631],[108.12764729998298,25.70059789987323],[108.11578379968267,25.696136400074863],[108.1071472998081,25.69662640018828],[108.10060130010999,25.704631899742424],[108.090392799688,25.74374190016863],[108.09178179989021,25.746915899948874],[108.10101330022371,25.75559039977719],[108.10143229976086,25.75971240010722],[108.09764080028276,25.767173899755733],[108.08579229977488,25.77005589956019],[108.08032979968056,25.77343589984696],[108.0762633001113,25.780216399567223],[108.07570629960611,25.785743899961062],[108.08564780030582,25.81299590034058],[108.10022729995,25.835058399725426],[108.11192329972056,25.861341400385356],[108.11546330019121,25.86743339983161],[108.127120799985,25.87947840040789],[108.1305922999947,25.890394400181492],[108.13085180027042,25.91036240010476],[108.13612329965059,25.92168239962308],[108.15833280041846,25.935930400167877],[108.15965280013666,25.943694900299477],[108.15854630037154,25.955209899817078],[108.16123180010754,25.95857040010395],[108.1687087995715,25.9608688999798],[108.17093679979354,25.959194400101524],[108.17504879966242,25.95998589972953],[108.19658680004085,25.970346399966445],[108.20218680018075,25.97660039968872],[108.20575730025928,25.989808899960792],[108.20451330044853,25.996965399933288],[108.20570379959076,26.00794990016783],[108.22390729998199,26.030116899875054],[108.23404679991995,26.03531440033936],[108.23631280009573,26.040754400295384],[108.23470279959457,26.045396900346702],[108.23174279979042,26.047782899761046],[108.22216030035764,26.0441778998902],[108.21817029981952,26.046367400135466],[108.2165072995723,26.049632899638652],[108.21671280005575,26.05467840028797],[108.2242737997961,26.065236899763192],[108.22390729998199,26.069150900393765],[108.22203079978163,26.07334140028547],[108.21412680041158,26.073584899823345]]]}},{"type":"Feature","properties":{"shapeName":"Qinglong County","shapeISO":"","shapeID":"62558664B33644174997662","shapeGroup":"CHN","shapeType":"ADM3"},"geometry":{"type":"Polygon","coordinates":[[[105.42004409955558,25.790624800394255],[105.40979640038364,25.799040200145157],[105.40452519957836,25.806257300034417],[105.39355169985112,25.807335400108684],[105.38991249966222,25.8096755997492],[105.38010509957076,25.81958840038442],[105.37339670029752,25.831820200042273],[105.3696053995696,25.84423369962559],[105.37579050043132,25.860313700117217],[105.37699209990552,25.8814286000499],[105.3747637003845,25.886363699924857],[105.37529459986592,25.89277590028763],[105.36762099960953,25.89524280001524],[105.36435629960363,25.897855100332663],[105.36122210021983,25.89800350016145],[105.35314669996029,25.89399429999702],[105.34468150025111,25.893372700289945],[105.3338362996056,25.895061399563986],[105.32642969997073,25.89785050030042],[105.3198549003834,25.902213099854748],[105.3150803996408,25.909130599597518],[105.29874380008636,25.915164099943297],[105.29616400036838,25.921207099827825],[105.28687249996597,25.92803169960331],[105.28585790012204,25.934031999677075],[105.28161400028597,25.938612700116096],[105.26186160023275,25.940779200199984],[105.25254639999645,25.95411710032397],[105.25109729990055,25.960872499965944],[105.25786730003591,25.97425869997909],[105.25975000016246,25.98164490029194],[105.25839070007083,25.98958879988328],[105.25622689975171,25.991533699820422],[105.25229420041705,25.990023599609458],[105.25142879989926,25.985729200142544],[105.24845990040416,25.982903399872043],[105.24512929987736,25.98227319994828],[105.24112819990654,25.98289860019031],[105.22972649967829,25.992678599737644],[105.21975820008095,26.01074720002333],[105.21907429983912,26.015355899954898],[105.21614800033001,26.01767639994597],[105.21785280016667,26.02682099968945],[105.20808519957234,26.040516199563],[105.20722969969097,26.046665600037443],[105.20019660019301,26.051595199658777],[105.19865059994527,26.05853950009788],[105.18785870031883,26.06514640008635],[105.18593419970364,26.068446799580215],[105.19091310015949,26.088678100314155],[105.19052489970443,26.093390699820986],[105.1871281000818,26.100214599923902],[105.18815189999026,26.104198299811742],[105.1818157004343,26.109118999742122],[105.1818157004343,26.11128049959541],[105.17857170012394,26.11404009987075],[105.17737030029917,26.11743030026821],[105.17289839984136,26.12113669959905],[105.17220099987628,26.125206700229057],[105.17374759997182,26.136947399902624],[105.17701470026827,26.143121899556093],[105.17872190039543,26.151704100164125],[105.1765220003901,26.160807500166072],[105.18520780019986,26.165873099763814],[105.18533800044844,26.17666119975462],[105.17232529967288,26.17942490003918],[105.15788339989905,26.17783440043729],[105.15288400029641,26.17546859979609],[105.14392950014638,26.162232500229777],[105.13782600016981,26.15670199969759],[105.13630800031405,26.152665899911426],[105.12817209996251,26.153402799899368],[105.11771380025175,26.15073699981275],[105.11381730042814,26.146790500381314],[105.10949029963768,26.14138569989018],[105.10477749958199,26.12538900000237],[105.10406220041028,26.105961399998648],[105.09861200034362,26.096498299956636],[105.07808520037179,26.080539600022576],[105.06802380025823,26.077522399738996],[105.05359630042898,26.06483290001836],[105.04730980010726,26.053336899578312],[105.02232379990352,26.023849400429526],[105.01579279999777,26.012121400082606],[105.01481629993236,26.00684340040266],[105.01758029969113,25.972284199756075],[105.0245621000609,25.972086800365616],[105.0313621996059,25.976500000274825],[105.03577240027613,25.975893900383255],[105.03650749982131,25.971181100327556],[105.03388960032487,25.963754200296137],[105.03478810039059,25.957683200019744],[105.06307989961772,25.961973799851023],[105.0711948997249,25.96006389972922],[105.07383399983928,25.95753859982659],[105.08148660002661,25.958909100074948],[105.08285000012745,25.95707019963004],[105.07796530005862,25.95154539990034],[105.08090319992277,25.949930900091033],[105.10125669963702,25.95860260032981],[105.10721610034284,25.955639800036806],[105.10782630024363,25.94528189973994],[105.11446379966469,25.943485399631527],[105.12242880004914,25.930923400394647],[105.12246680000288,25.9242763996362],[105.11670679967915,25.910497400035013],[105.1147538004476,25.899942399821953],[105.12037679984951,25.892178899736507],[105.12409190012113,25.88362909990309],[105.13158130033679,25.880077699626213],[105.1365529999211,25.874466199855306],[105.14927810020424,25.8522707995578],[105.14676069994641,25.850190000368286],[105.114193299781,25.84467940003435],[105.1054671995517,25.840052299973706],[105.09761600027826,25.834134500107155],[105.09640329957267,25.82562330007528],[105.08870710025252,25.81481179972485],[105.08929139967842,25.799583500378276],[105.09361280039047,25.789584899923227],[105.09485630017815,25.755672399961327],[105.0974427998454,25.74812489994423],[105.11073280027858,25.736051399852272],[105.11380779999001,25.729881400406327],[105.10955029970665,25.721147399632855],[105.0997082999981,25.712384900243023],[105.08706679979304,25.704978899556636],[105.0779268000818,25.70492539978744],[105.07597570021846,25.708016199687904],[105.06114450011864,25.70984459964859],[105.0487635002354,25.69934670009019],[105.0504294997217,25.674276300311078],[105.04999450034597,25.669877000323368],[105.04543029976855,25.664410599869314],[105.05012700016101,25.65541649987165],[105.0671783997634,25.65572380001339],[105.07441630007224,25.657714399899703],[105.07877350009699,25.65253040005797],[105.06323979997683,25.626685899834456],[105.06124179956947,25.622550899804253],[105.06053180010258,25.61498239971803],[105.07047980020269,25.606788399565062],[105.07759079987557,25.605226400378115],[105.09411630022714,25.597987900221483],[105.10899330010079,25.61136440014701],[105.12846379956477,25.62270140044933],[105.14186879990524,25.6273574002239],[105.15602129964333,25.63568340016883],[105.16488630016266,25.636874900256487],[105.16945629956865,25.635293900193403],[105.19474030002488,25.607232900278177],[105.20516180037686,25.60247240018117],[105.20997630026608,25.602037399906123],[105.21402730001995,25.604806399895494],[105.22460929967951,25.617233400101384],[105.23168929972144,25.621164399717316],[105.23448930024108,25.619342900254708],[105.23863229974091,25.603776900083915],[105.24887830009351,25.58411539990584],[105.2502012999501,25.565084599674606],[105.25542169985164,25.557134900355436],[105.25774789974582,25.557806499670278],[105.25883500023514,25.553834099763947],[105.26273910022934,25.55250570037782],[105.2660408999676,25.5546190999915],[105.26666559963775,25.553169900070884],[105.26874040034926,25.553069300108177],[105.27692790020251,25.561864599571663],[105.28179139965346,25.5636959996707],[105.2817020996722,25.56711730042315],[105.28462470026977,25.56679529996319],[105.2847139004262,25.56931089977826],[105.28692249957373,25.571564799575867],[105.29368229959852,25.573557100080166],[105.2958239999777,25.576394499806383],[105.29970580038247,25.576555500036363],[105.30510470042162,25.587783700357534],[105.30992190007566,25.59319999958035],[105.3130469002943,25.59281399976635],[105.31840110043049,25.596435600222833],[105.31683949964327,25.600982700191537],[105.3286188000177,25.606656100298835],[105.33203070015674,25.61412930012716],[105.33235889964357,25.62304039989459],[105.33478670044593,25.624959900279237],[105.33620959969335,25.63114810020471],[105.33393230043538,25.634453599753897],[105.32697340040215,25.636741600044843],[105.32324989956328,25.64379709985633],[105.32131149992586,25.65221320017912],[105.32380320025754,25.659455099773083],[105.3226465003358,25.663610800398146],[105.31973559991809,25.665751700380724],[105.32081260012149,25.668806600244466],[105.31936519974425,25.670559100122432],[105.32065590044948,25.671910100370894],[105.31792579973592,25.680184800288373],[105.31838170025532,25.685635000355035],[105.31524759979698,25.68977179992868],[105.3149268997567,25.695278900101187],[105.31331509971216,25.69740149977946],[105.31499359977488,25.700846000342665],[105.31865820041565,25.70296809999786],[105.32070869964684,25.70864629978695],[105.3280524996232,25.71730460012725],[105.32936459969659,25.72005000010745],[105.32849619993976,25.726059600070528],[105.34328079986909,25.740350099877276],[105.34400539982937,25.742743399987944],[105.35752590010026,25.749793299721034],[105.3637038999151,25.758413699932362],[105.36407720040256,25.764336099831212],[105.37924110019668,25.770080399790686],[105.40000719987245,25.782135499753565],[105.40311200041856,25.78229089990515],[105.41373950037769,25.789555699835716],[105.42004409955558,25.790624800394255]]]}},{"type":"Feature","properties":{"shapeName":"Weng'an County","shapeISO":"","shapeID":"62558664B43292040169701","shapeGroup":"CHN","shapeType":"ADM3"},"geometry":{"type":"Polygon","coordinates":[[[107.19153940022318,27.35941430042965],[107.20105609985916,27.355127900432308],[107.20444869964786,27.342969400017864],[107.20396889964508,27.33396500008473],[107.19769520027336,27.326865500042857],[107.19483910004448,27.31666559983762],[107.1864392999338,27.305862400229614],[107.16198210019382,27.28761079959878],[107.16386190000674,27.27934720001332],[107.16169599977064,27.27509870014495],[107.16356320008168,27.270119900413135],[107.1628162996326,27.265871100171182],[107.13517780031532,27.25589740014493],[107.13410929960457,27.248390400196854],[107.1514662996301,27.23741140021599],[107.1565167996107,27.23728739989366],[107.19436690021234,27.247139599712796],[107.21103480011601,27.243116600350902],[107.2185006003225,27.246665600337224],[107.23196130017391,27.246822600382757],[107.22824979988843,27.23335359978887],[107.23443420017827,27.227854699634747],[107.243829600156,27.225105099820553],[107.25108429980065,27.226268399866797],[107.25596039965279,27.22076910041369],[107.25619830001159,27.211885000092707],[107.25179790015301,27.209558200350727],[107.25120320006766,27.20046169994754],[107.24620819994851,27.196547800041003],[107.24478100014312,27.19062390007298],[107.25013289981354,27.179727400299328],[107.24894360036694,27.177399800160686],[107.24454319960904,27.176236000091365],[107.23514769980659,27.177188199575824],[107.23229340002047,27.175072200022043],[107.2319367001187,27.16861810024517],[107.22706050044178,27.166290299557716],[107.22254120031619,27.167877500446366],[107.22182759996383,27.17052269976284],[107.20933999984118,27.174014199795522],[107.20196639992946,27.172003900259824],[107.19875530041685,27.166290299557716],[107.19054919988571,27.162692700208027],[107.1873381003731,27.157719399830512],[107.1763966003229,27.156872900364135],[107.1649291002978,27.150308100338634],[107.18300489965645,27.136078599747634],[107.18585780009744,27.12736979977649],[107.18195329990493,27.111554899638975],[107.17641799969101,27.107356900300772],[107.17368730002892,27.100530500082584],[107.16762809975705,27.097132900063343],[107.16375260000257,27.0914887000435],[107.17069729974065,27.08776250033918],[107.17150010024949,27.084374200209197],[107.1648577004226,27.066222700417313],[107.16309570010651,27.030384599969352],[107.1659699999156,27.025901500254065],[107.16982589984548,27.023802499685644],[107.18099550034214,27.03136539969347],[107.19086029966314,27.030228400320482],[107.19335900031768,27.024213700302084],[107.1924000999847,27.014401700178382],[107.19393480025087,27.012122999776693],[107.22553529971435,27.003793600394374],[107.23018489991324,27.000171200440604],[107.2372827002365,26.97600070007229],[107.24277920010007,26.969606899838595],[107.24606929965853,26.968140600208585],[107.25676730017085,26.98647489979686],[107.28153980042151,26.997703399592297],[107.29750079992203,27.002132399690538],[107.30626680037261,27.006173899905605],[107.31330879956153,27.014812399872426],[107.33190930027405,27.02425590008977],[107.34411630022714,27.03651040043468],[107.35083029957872,27.03896690040216],[107.3594967999374,27.034066900167375],[107.36786630008976,27.026880399710706],[107.37650279996433,27.018316399582204],[107.38429280037252,27.006095899905915],[107.38701630006227,26.998048900236597],[107.38855730007941,26.978326899966532],[107.39153279969901,26.96959090000007],[107.40207680030414,26.953443399992977],[107.40843979965712,26.948566399919457],[107.41764829982924,26.946639900111336],[107.44023880018057,26.948465399758447],[107.45599380007388,26.956090899775234],[107.49533130019938,26.962314399889692],[107.5193178001764,26.9716758999229],[107.52751180032936,26.970439899581777],[107.5486222998793,26.9576014001845],[107.5524062999109,26.953662900222696],[107.55407729962775,26.945163900393766],[107.5519103004201,26.936712400057274],[107.5410767999544,26.91392140035242],[107.5401992999578,26.906598899919345],[107.54167180041333,26.901769400237697],[107.54572280016714,26.89782890018364],[107.5505677996643,26.896400399958566],[107.55597629996635,26.898858900018297],[107.56857279989487,26.900090900174973],[107.58490730043161,26.894862900102794],[107.59156029966817,26.89432889975899],[107.59673329990193,26.89656040014239],[107.60119629976947,26.904300900066517],[107.60635380018778,26.906303399782132],[107.60649879967991,26.91592390006798],[107.60836780043371,26.920944399564462],[107.62993630042001,26.957353400439104],[107.64161680037512,26.96683889989538],[107.6586912999636,26.97557039965426],[107.66159830002158,26.981265899701555],[107.66220830027288,26.987672900184236],[107.65973679961365,26.993430900415774],[107.65167980038257,27.00383940016826],[107.63645179961094,27.03220189959802],[107.63333079957681,27.046674899726895],[107.63445280005675,27.052846900164354],[107.64842979979551,27.077426899631746],[107.65464779965629,27.08124740044724],[107.66639730009541,27.07698239981795],[107.67281330009376,27.076446400281213],[107.67594129955137,27.07961639987701],[107.67476630022463,27.086730899711313],[107.67150880019102,27.092042900059823],[107.67159279956809,27.09708190040942],[107.67887880011659,27.10363939973854],[107.6834028000992,27.113895399653018],[107.69996630040453,27.13889689967226],[107.70082030021672,27.14369789983823],[107.69484729996299,27.156143399997973],[107.68549330027565,27.165420399731715],[107.68020630018066,27.173732899953393],[107.67286679986296,27.197877900045114],[107.66937229969193,27.20410540034402],[107.66278079969419,27.210370399674275],[107.65856929973347,27.220731899957286],[107.66217779976569,27.238099899590736],[107.64630129966531,27.24241239971252],[107.64222729975012,27.24566839967696],[107.64231880037238,27.251395400277545],[107.64832280025706,27.257280400070442],[107.65204630019667,27.26571290043006],[107.65212230010411,27.270522900111814],[107.64598080017385,27.27243039994306],[107.63849630036401,27.27068540041097],[107.61982730008987,27.26151090000809],[107.61444079990304,27.261573400192333],[107.60855880024849,27.264161899951773],[107.59812180008106,27.27115639964819],[107.5888517997708,27.27057639988101],[107.55245230023354,27.261365899616635],[107.54595129991264,27.256398899889348],[107.54917930038448,27.248344399874213],[107.55805130032729,27.23976690002246],[107.56252279968754,27.228949900317673],[107.54929380026874,27.220163399821104],[107.5387268004016,27.219363899824145],[107.53311179956995,27.22171789956144],[107.52703079973168,27.227971900183093],[107.5154723000067,27.247573900315274],[107.5126572996947,27.248520399896563],[107.51032229993427,27.24671190013413],[107.50972730037466,27.240762900087816],[107.5215527998219,27.221845400045254],[107.5219498001432,27.21405240039803],[107.51724980013825,27.209064399702356],[107.5071868001308,27.206882399802964],[107.4820328002736,27.22754690036919],[107.4759597999049,27.23494139962594],[107.4610673002158,27.2564069002583],[107.45684829990915,27.266988899917862],[107.45591730014337,27.27432990030468],[107.46144879982234,27.283895899875915],[107.46897879993173,27.289083399879075],[107.48941029964567,27.297111399571463],[107.49697879973189,27.304361400258472],[107.49965680002134,27.31189140036787],[107.50007629958162,27.323571900322975],[107.49738330039906,27.35246439991215],[107.4939878002968,27.367393400385197],[107.48739630029905,27.374793899918586],[107.45413980001183,27.37148290011578],[107.44043730034122,27.36681539981089],[107.41855180012556,27.347108400232514],[107.40699729968571,27.349520899969605],[107.385353299815,27.36692440034085],[107.38259130014842,27.372676900318766],[107.39292129987814,27.395482899816045],[107.39199829958193,27.403508900315558],[107.38923629991535,27.40926340038567],[107.38231680008033,27.412080899913633],[107.37312329970058,27.437372399816468],[107.36679079995554,27.445911399691397],[107.3513338003147,27.445604399923184],[107.34545880008363,27.45024489988225],[107.33454879968741,27.46318040015541],[107.3278733003126,27.464847399687812],[107.30468730037865,27.46575740028385],[107.29160280042896,27.47000440008304],[107.28418730020383,27.475112900040358],[107.272247299973,27.489198900309077],[107.26778819956581,27.489611400445824],[107.26521469959874,27.487409299799424],[107.26401369997234,27.48095429980117],[107.26127530031494,27.477408700151443],[107.26114390037077,27.473699500331747],[107.26678079969423,27.46644879997217],[107.26394270029544,27.44351759955765],[107.26057559988408,27.439592000370567],[107.2600589996232,27.43383989969169],[107.25371800038545,27.423180999903252],[107.2469886999686,27.42276930016311],[107.24181380036663,27.4207573998342],[107.24122950004147,27.418445000036797],[107.24190999994659,27.41408429985063],[107.2492292996925,27.409045400225068],[107.24624180041883,27.401685499686096],[107.23563629967555,27.405332399870417],[107.23265129961783,27.404226800326626],[107.22514200010329,27.389478200258793],[107.21698709977488,27.385528099941894],[107.2042991999482,27.371474700097394],[107.19627609976226,27.366537000282392],[107.19542920009758,27.362856399803036],[107.19153940022318,27.35941430042965]]]}},{"type":"Feature","properties":{"shapeName":"Wangmo County","shapeISO":"","shapeID":"62558664B49371234209524","shapeGroup":"CHN","shapeType":"ADM3"},"geometry":{"type":"Polygon","coordinates":[[[106.53402750026896,25.07961629955264],[106.52234629974203,25.103746399676652],[106.5080717997738,25.12649540014263],[106.49926780026885,25.132949900117865],[106.48092629980897,25.154107900059614],[106.46864329994838,25.172260399897596],[106.46209730025026,25.17663940038807],[106.46035780007247,25.181917400068016],[106.4598768003741,25.186962399794993],[106.46341679994543,25.189927899852762],[106.493072299647,25.205165900186216],[106.50171679989046,25.21498689982559],[106.5027618004168,25.221628400330474],[106.49371330042851,25.23175040036074],[106.49228630027261,25.248943400017936],[106.48529829997665,25.267305399624547],[106.48285679980154,25.286107899759827],[106.4796068001138,25.293683900191866],[106.46103679990847,25.320800899741755],[106.4529572996397,25.326560900065545],[106.43145730011435,25.326410400319787],[106.42616279967353,25.328950899664335],[106.4174117999147,25.352128900128662],[106.40379279959808,25.362031899952285],[106.38838979974952,25.37010589996737],[106.3782727999498,25.37059540005771],[106.34227730015732,25.358791399803295],[106.32834579981886,25.357002400040756],[106.32026679957318,25.36046040032727],[106.30137629987638,25.384806899818614],[106.29229730028027,25.393310399855125],[106.27435280014168,25.401147899755813],[106.26068880044784,25.404847900410346],[106.24904630044648,25.40464790018052],[106.22295379957825,25.396913399633718],[106.21916230010015,25.40219490037441],[106.21568279972149,25.420993900348265],[106.21140280019915,25.43406889985988],[106.20485679960166,25.44737240001632],[106.19577029965967,25.458162400274603],[106.15882880030892,25.473127399709767],[106.15299980040055,25.472678899711525],[106.13955680010628,25.46215840019005],[106.13549779998357,25.461248399594012],[106.13069129956386,25.464692900157274],[106.13123330027662,25.476381399581953],[106.12921880000766,25.48532089993961],[106.12188730005892,25.495876400175803],[106.10089130039324,25.50805090042877],[106.08518980026912,25.5147154001956],[106.07861330006381,25.520454399550943],[106.07836929960354,25.526185900359053],[106.0910568001313,25.53923390042422],[106.09690830017797,25.548393400135353],[106.09971630016719,25.55984889960706],[106.09847280037951,25.57153890000029],[106.09393329968208,25.580024900129104],[106.08582279978242,25.58691040019488],[106.0794827996915,25.58760439982325],[106.06934329975354,25.58624089989769],[106.04853129957985,25.572969900340695],[106.03711680020024,25.569770900306878],[106.0145568003561,25.571393899608836],[106.0051802996312,25.574149899898032],[105.99833679970362,25.58102989971013],[105.99378180009006,25.588367899958655],[105.98619830021147,25.607621900230583],[105.97859929961805,25.61793890026007],[105.97321030021527,25.617983799812578],[105.97210059976294,25.61407020027957],[105.976113599563,25.608028300265914],[105.97444259984616,25.60117010002017],[105.96665930028655,25.592733399826614],[105.96580729966723,25.585462200320364],[105.95780020021914,25.578240000375786],[105.95672699965138,25.57049610011495],[105.96324840019355,25.565134600181693],[105.9676082001584,25.565620600110663],[105.97134150001028,25.569446700105175],[105.98184930020511,25.567518399854293],[105.98895280043143,25.56040740018142],[105.98970029982905,25.55445089978923],[105.98766330032112,25.550325400197096],[105.97802780024284,25.541620399861642],[105.96965780006747,25.53864490024199],[105.91338330039906,25.502216400266718],[105.90957630020614,25.49442489978935],[105.90907280036953,25.488008399767864],[105.91270560008343,25.47439830004157],[105.91645589982,25.472747499997183],[105.91796209967123,25.46836529971887],[105.92512450009565,25.464767900018614],[105.92393469972666,25.46116149990337],[105.92962869970478,25.46507479996211],[105.93158339955431,25.463847100363466],[105.92988369977297,25.459780400245336],[105.93430289995894,25.455943699941827],[105.92104519957638,25.45740159990396],[105.9213000998198,25.45517630034601],[105.92724909986612,25.45103250044957],[105.92716410044295,25.442591100399],[105.94101680038511,25.44167010019504],[105.94067679999438,25.43783289986851],[105.93923210028129,25.436144400243904],[105.93319809991243,25.438370100000157],[105.9265691998088,25.433995499892433],[105.92775900017779,25.42985100032348],[105.923764699981,25.427855400206624],[105.92087519983068,25.43568400041636],[105.90965709979537,25.4371421998527],[105.90863720024663,25.439598000147612],[105.90625770023274,25.440519000351628],[105.90624280026509,25.43057210012239],[105.90865959966084,25.428026800196733],[105.91214479994261,25.427701299575347],[105.91641160011534,25.422411599715588],[105.9094963001142,25.419754399845715],[105.90872350008954,25.416830999750914],[105.91457729970267,25.412518899827433],[105.91949810035709,25.417399400062322],[105.92137409963505,25.41707219972227],[105.9197853995766,25.41138689978567],[105.92146410018813,25.405771700203843],[105.91765269961246,25.40181539996081],[105.91874449995879,25.395439599657834],[105.900990600336,25.387659900084373],[105.89446509978461,25.381943999815803],[105.88521349960337,25.378849900302725],[105.88069790018801,25.375094200137255],[105.87705979986993,25.364756600236944],[105.87745940013127,25.35994199962363],[105.87500690034824,25.349880200211146],[105.87738960014997,25.342259700424904],[105.8722950001142,25.336967799924082],[105.87130510015032,25.332077200302592],[105.8698098000823,25.331103999849745],[105.8688420000583,25.334894299632253],[105.86293429957834,25.337209300269024],[105.85423700013752,25.33523639993996],[105.84956300043217,25.34056170036223],[105.84486649968926,25.33986960010202],[105.84374779972126,25.334090400151922],[105.84951519966677,25.32126669999826],[105.84877020038448,25.320099600316325],[105.83765420038111,25.318041199641698],[105.83759180002164,25.31230690014337],[105.8325620995613,25.301252400278088],[105.83308100028802,25.294998100182227],[105.83944949989456,25.289084500149613],[105.85850459980747,25.26036699963737],[105.88337130044522,25.2322719999529],[105.88930489960148,25.217176200421363],[105.89185269964241,25.20491839956452],[105.89729219957542,25.20105629970851],[105.90295150011173,25.193296299784436],[105.90809039985214,25.181519399700562],[105.9070063004005,25.178539100399234],[105.9014045996426,25.17537779994558],[105.90328789961694,25.15731340039315],[105.89790279967451,25.145010399610328],[105.89726699967235,25.135203299892453],[105.90449209993051,25.12414560023933],[105.91446689982763,25.108748900141677],[105.92717440037836,25.098952399833422],[105.93696200009629,25.0866935998298],[105.94880860033669,25.078115500130252],[105.95376630017466,25.072541199916486],[105.95615309998561,25.065437500040673],[105.95241169994006,25.05841070029362],[105.95372770037312,25.05455259972274],[105.96036479959588,25.051805699673366],[105.96841950015988,25.05243240033508],[105.97472670017714,25.048571599999377],[105.9790163997871,25.042508899566087],[105.98573760001028,25.037824599925386],[105.99551699970982,25.034404800141488],[105.99925379972314,25.031172900209242],[106.00028140016656,25.026052200049037],[106.01078010012156,25.01076780009396],[106.01477960019844,25.00919199991091],[106.02168119992751,25.009348300283875],[106.04314159960518,25.015415000002292],[106.05771240010722,25.016347300187817],[106.06728649987213,25.014798000327517],[106.07222979976552,25.011554199666648],[106.07581319971945,25.006605699893214],[106.07735140014705,24.999790700380572],[106.07683899972011,24.992516300187162],[106.05607669968003,24.9607833998341],[106.04988189963001,24.942367000236914],[106.05401910030128,24.932988299770273],[106.068470600338,24.919569500232285],[106.08461829999459,24.914112899690622],[106.09302329998536,24.90804560012441],[106.09973239983043,24.90539319993627],[106.11194180007408,24.90102589962561],[106.11870169992358,24.901183100219953],[106.12938839955507,24.912281299942094],[106.13317920025992,24.92040750020601],[106.13317920025992,24.925422399624097],[106.1297488999918,24.935687399953622],[106.13059509998396,24.939677199942878],[106.13488119960772,24.942786300147702],[106.13644080030275,24.953074600112757],[106.1404302000937,24.957049699783852],[106.14985230004368,24.964296399958926],[106.16724110009676,24.96242950002147],[106.18373669978894,24.954292099600764],[106.1881931004313,24.95657220024691],[106.19567899958622,24.96815050034536],[106.20463430013291,24.975516500086485],[106.20882649974322,24.983316699705995],[106.21482810023667,24.98551659971133],[106.22599509989402,24.983117599697493],[106.23428359990828,24.976563300156215],[106.24750900024026,24.973761099894887],[106.25845200035957,24.980461700247304],[106.2784083999278,24.983287799992013],[106.28295280013168,24.980461700247304],[106.30309560038171,24.977907700280184],[106.31279039995707,24.985958799958723],[106.32855819990107,24.991235799592516],[106.35184610021741,24.994093999738368],[106.38726310031188,25.00838439972034],[106.40400130021987,25.0081646000163],[106.40928940018574,25.01651820015485],[106.4401460002378,25.023332599819696],[106.44596799982338,25.03498210014385],[106.45905719963014,25.04290759960611],[106.51521739996309,25.055339400393052],[106.52945620044335,25.075479400154222],[106.53402750026896,25.07961629955264]]]}},{"type":"Feature","properties":{"shapeName":"Pingtang County","shapeISO":"","shapeID":"62558664B94228338344832","shapeGroup":"CHN","shapeType":"ADM3"},"geometry":{"type":"Polygon","coordinates":[[[107.32362729966019,25.502134300257808],[107.33418279989638,25.507024899879298],[107.34413930038846,25.517753399999435],[107.34797680018926,25.523237400185906],[107.3547288003939,25.54500390030978],[107.35926029982306,25.57687739977223],[107.35941329968409,25.59799190040593],[107.35677330024765,25.617977400236896],[107.35672779994809,25.64781390019141],[107.36032879963443,25.654449400419537],[107.36593580009713,25.65946389963932],[107.37256630009472,25.663783900106978],[107.39089179981676,25.671701400099607],[107.39346379971465,25.67512889987887],[107.39557630000633,25.687047900040625],[107.41094980029311,25.706916899895077],[107.41654180006407,25.740850399926046],[107.42411779959684,25.768573899565865],[107.43521130036129,25.791221399847757],[107.43079379989399,25.80961439998464],[107.41745780003748,25.82691590014872],[107.41168980024412,25.837739900176302],[107.40950029999891,25.850608900080715],[107.41671680004038,25.86318389991709],[107.41555779965279,25.878110900297884],[107.41204080024278,25.88341540030052],[107.40596030042758,25.88574789994567],[107.38406379970468,25.88037889966654],[107.37770829979826,25.88087640012583],[107.35945129963784,25.886041399990688],[107.3495712999756,25.8906919004109],[107.3402328001037,25.89855389964282],[107.33928679964617,25.91003440026742],[107.34404729974312,25.936166900282274],[107.36105329977005,25.967508400392433],[107.36187729999745,25.97576689992252],[107.3593597999149,25.979224900209033],[107.33748630025264,25.979816399607216],[107.32837680014927,25.9879024001757],[107.29238879980335,26.006473400427126],[107.28325630043798,26.0108868998106],[107.27790830022792,26.010227399974553],[107.27584879968242,26.00656690024232],[107.28215029979657,25.99781040022981],[107.28211229984282,25.992072900044377],[107.27136229963048,25.9818058996226],[107.25927729990752,25.960525400327015],[107.25363929981387,25.953901399729887],[107.24418630005778,25.94890190030253],[107.2347873000939,25.948034899890786],[107.2170028001392,25.950881899879846],[107.20764180012901,25.95919240000933],[107.201087800062,25.969093399740643],[107.19860079958727,25.97897540039446],[107.20115679964664,25.983093399640723],[107.21594229979735,25.986921399902712],[107.22004680021973,25.99194689962974],[107.21858230013311,26.003202399771],[107.21025830028037,26.014491899681502],[107.20365879991374,26.017738400107135],[107.19680779964028,26.02029590023568],[107.19017779966578,26.01895340037919],[107.1825483003638,26.019449399869984],[107.17366079970623,26.022018399629474],[107.16960879990626,26.025480400100435],[107.16230779956538,26.0404338999046],[107.15396879992022,26.050571399750368],[107.13519280010769,26.06006989980608],[107.13063829961789,26.066285899574666],[107.13018780042671,26.078224399736314],[107.13742829977627,26.099534900415392],[107.11683689970323,26.099506999848188],[107.0957033001672,26.10545740013896],[107.0880433003581,26.10067189978838],[107.07579780042823,26.0959034002218],[107.06408679996588,26.095950899714296],[107.05341329968411,26.09943839956253],[107.03816229965048,26.10661290036512],[107.03334030031465,26.110303899705286],[107.02723730036121,26.111934400252437],[107.01397680038906,26.108541400265437],[107.00782780011292,26.099155400001735],[107.00830829978827,26.092727400349304],[107.01336680013776,26.085134400032587],[107.02072130024789,26.078220399551867],[107.03772730027475,26.066909899572238],[107.04225929972694,26.056104400397828],[107.04071030024022,26.051521400392346],[107.03356930008317,26.04741840003919],[107.0101698001962,26.050948900071717],[107.00354779969126,26.049136900147857],[106.9900132996741,26.037711900284023],[106.98287979986293,26.035442399946874],[106.97321330015376,26.036393899758707],[106.96530929988432,26.034584399950177],[106.95918279974649,26.028867899833756],[106.9535522999987,26.020395400327516],[106.94892829990118,26.009164900439828],[106.94219979988094,25.976825900195195],[106.93862130033278,25.972474400073565],[106.9335328003985,25.969049400409574],[106.9251172999235,25.966550900303844],[106.88465880026348,25.95841039992007],[106.87956229996024,25.955442399747028],[106.87828080021882,25.951543899831165],[106.8865738004406,25.92076489958049],[106.88604730044261,25.9175528998465],[106.88324729992303,25.915036899833126],[106.8784183002644,25.914361900181575],[106.867759799775,25.922195399897817],[106.86342629958409,25.92060090011148],[106.85858929955657,25.914415399950826],[106.85627729995747,25.908454900273455],[106.855239799777,25.899047899940683],[106.85675030018626,25.895141399655927],[106.86894230034693,25.892354899758857],[106.87300080044662,25.889589399930912],[106.87374130042076,25.882013400398137],[106.86737830016847,25.87927640008587],[106.85389779994358,25.877477399862187],[106.84982279998229,25.873817400152973],[106.85485880019354,25.855670899692313],[106.8530577998776,25.850166400359115],[106.84999829998162,25.846731400233978],[106.8362733001727,25.84057040030376],[106.83294679965513,25.836217900136035],[106.83244329981846,25.8325463998965],[106.83394629988192,25.82955939974653],[106.83953879967595,25.829774899791857],[106.84512330000035,25.828153399659698],[106.84558879988327,25.813693900153396],[106.84941079986856,25.816665399588544],[106.85733029995345,25.83248339968918],[106.86165629979848,25.835225900255125],[106.86698930021612,25.835210899563435],[106.86824030034967,25.828321400212474],[106.86389929981289,25.82213590005182],[106.86517330010776,25.820297399805213],[106.86974330041306,25.820054900313437],[106.87686180043181,25.824167400205397],[106.88195030036616,25.82506940043254],[106.88497929975495,25.8195533996697],[106.89250929986434,25.79313840011713],[106.89196780007399,25.782581399811818],[106.88941180001461,25.77639190036598],[106.87184880038188,25.762899399587695],[106.84819779968876,25.74850440035783],[106.81960159973409,25.74898010035139],[106.81329310019646,25.753657200019802],[106.80638369974798,25.75245890015816],[106.80170590040706,25.753386600311387],[106.79775770035764,25.757792899722574],[106.78775850005479,25.75531920022098],[106.7813640999733,25.755241899893804],[106.78106370032958,25.7506809000036],[106.79136340010092,25.743413799607197],[106.79338039958583,25.73962549991694],[106.79282249975864,25.73506380035417],[106.78138729978411,25.733743400437618],[106.77681730037818,25.729163899694242],[106.77021029966568,25.726194400351346],[106.76107029995444,25.72529390019338],[106.74181379956724,25.736118400244038],[106.73520679975405,25.737048899986803],[106.70879380029373,25.729291900201076],[106.6993867999609,25.71966739973078],[106.69734930042995,25.713014399594897],[106.68488330022421,25.691919399860467],[106.68489830001658,25.68968140007661],[106.69299280007772,25.685739399953377],[106.70887729964772,25.67167289968461],[106.71238729963426,25.665235399594053],[106.71385179972083,25.65789390008348],[106.71273779960984,25.6432324002551],[106.71470629955616,25.636115900328605],[106.72601330027362,25.619781399791805],[106.74617780026534,25.60224539960558],[106.77272030030167,25.591777899830277],[106.7820968001273,25.591031899602513],[106.81876380030917,25.578431900411942],[106.8274077996303,25.580896399849053],[106.85247079978762,25.607780400345234],[106.85394280022012,25.6309183998643],[106.8582688000651,25.6338689001297],[106.86640180010306,25.635419899708666],[106.87429029965767,25.63903440001758],[106.89482879980932,25.637521900415436],[106.91644280009518,25.643562400184692],[106.95536029973812,25.627240900247386],[106.98513030022326,25.610290400081965],[106.99569680006732,25.601732400230162],[106.99868780040174,25.595519899723627],[106.99836730001095,25.589793900068457],[106.98442830022594,25.562624399896208],[106.98541279976098,25.558950400440665],[106.9881817997503,25.55709640037861],[106.99603330029663,25.555890899645362],[107.01407629958163,25.561483400338716],[107.02097330017773,25.565326900416153],[107.03163129974473,25.56776639959969],[107.04987330011278,25.566018899952326],[107.06050919973984,25.562379000090857],[107.08070780022484,25.572106699564586],[107.0892334002013,25.572578400273017],[107.12088390017192,25.567020199722492],[107.13910610016643,25.566404200093814],[107.14193880003563,25.568652300163592],[107.14666369957013,25.569659200012097],[107.15119219976026,25.57410489962149],[107.1571796997834,25.573230799961493],[107.1615634999556,25.577828799759345],[107.17143130031434,25.57810119991052],[107.18250740009648,25.582279100300298],[107.18371570041933,25.59535650010247],[107.20166319979688,25.61326090037028],[107.21617129956587,25.610677700315648],[107.22590569988819,25.605254499695434],[107.23007380036563,25.597647299982953],[107.23033610023089,25.588545499874954],[107.22459669977792,25.5685642997027],[107.23134309990422,25.555029699860825],[107.25842919964788,25.546217799811643],[107.27041160021525,25.539222300069127],[107.28561609990317,25.522867500035147],[107.29062049973635,25.52373549959367],[107.2928659000413,25.521413700082235],[107.29226170041721,25.518778500327585],[107.29790050000815,25.513598800144564],[107.29608800006122,25.507873699811455],[107.30192820012638,25.503238899755445],[107.30756689989255,25.508419000136826],[107.3129036001211,25.507055799685475],[107.31552160034164,25.50214830000408],[107.32362729966019,25.502134300257808]]]}},{"type":"Feature","properties":{"shapeName":"Nanming District","shapeISO":"","shapeID":"62558664B59820524783955","shapeGroup":"CHN","shapeType":"ADM3"},"geometry":{"type":"Polygon","coordinates":[[[106.76793100031546,26.590292299649946],[106.7664303996433,26.593071399925236],[106.76248910009195,26.590383599723395],[106.75186760040947,26.5881482997043],[106.74461420028518,26.589336600004117],[106.73973749968593,26.580105099670675],[106.73669480002508,26.57847309995367],[106.72605030018127,26.583449000271173],[106.70316419986801,26.582873399987477],[106.69486799985839,26.576893099936683],[106.68732280030707,26.575390000048515],[106.68206610017046,26.57644540033499],[106.68049270027797,26.581178499887926],[106.67684520024585,26.581306399670666],[106.67319780003851,26.58082670039198],[106.66776230029001,26.57586970022652],[106.66858480044823,26.57196789979878],[106.66401070013376,26.571584099726465],[106.66259469958578,26.56896079980112],[106.65875130023238,26.569774900291463],[106.65657669995483,26.568598900019254],[106.65339069962113,26.570950899664354],[106.65096320009167,26.569865399968307],[106.64858639984254,26.571358000271573],[106.6383202996422,26.56353290022321],[106.64165810014129,26.559145199691272],[106.64792899992347,26.557652399738515],[106.6516713001904,26.558376200201508],[106.65809379958927,26.55118359964348],[106.66057190037299,26.552495500067323],[106.65923959972781,26.52658910040668],[106.6620211002936,26.514824000327394],[106.66535880006865,26.51206359965545],[106.6675334003462,26.51228989965921],[106.67082049976631,26.516860399987536],[106.67941770016677,26.51514080000794],[106.68037849986791,26.52455290039609],[106.6846266004373,26.52722250011834],[106.68644709985381,26.52509590025562],[106.69472830007106,26.52679429961728],[106.69600669984936,26.528066100170463],[106.69548090042326,26.534068799635463],[106.70502870041423,26.541011000157596],[106.71486259992912,26.53659620035444],[106.71768759980296,26.536884100321004],[106.72247930007967,26.540339200293886],[106.72415999988414,26.539955300396855],[106.72341010019602,26.52623830005757],[106.71987009972537,26.50899760035901],[106.72007240042097,26.50433629998031],[106.72351130000658,26.495329800130207],[106.72113439993268,26.491437400315817],[106.72224699979927,26.47984990015283],[106.72583759972548,26.47337659985027],[106.72593869971126,26.46884959972931],[106.73656929963352,26.47088510006739],[106.73971730001347,26.476702100321745],[106.75319470027523,26.473737100286996],[106.74793519964982,26.479689700319454],[106.74802799979244,26.48432300030629],[106.75332040031628,26.492324499675988],[106.75560899955576,26.49251650043618],[106.75732549957223,26.486883600397903],[106.75997169983413,26.48617939975952],[106.76540709975791,26.49149230032947],[106.7679102997206,26.49194040012941],[106.77198689957584,26.489828100386546],[106.77985399976234,26.494180700379047],[106.78185650037727,26.49213239999034],[106.78085519970779,26.486883600397903],[106.78371599979363,26.48112229965443],[106.78743500042498,26.47964999974772],[106.78986659996366,26.475104700221777],[106.7895089998405,26.468702699969697],[106.79117059984338,26.463367300160826],[106.79678399988177,26.463480499625405],[106.79539549970264,26.460469199793806],[106.79757689975418,26.45697969985332],[106.80283350006601,26.456563499905656],[106.80079520013845,26.459604900046145],[106.8027620003661,26.460821400387374],[106.81095089956443,26.45867650022035],[106.81520629993088,26.455891200018925],[106.81796020030305,26.44992520008799],[106.82149519964383,26.44951949972517],[106.82901839997925,26.456255000068268],[106.82856510029922,26.458932799808906],[106.82348929969152,26.46234090031237],[106.82448629980297,26.466641499705474],[106.81877599961274,26.472564600176213],[106.81397200020768,26.47507979979298],[106.81061829969485,26.473294800214887],[106.80762720043504,26.47670249962073],[106.80572369988892,26.476621399657915],[106.80327639998592,26.472726899926556],[106.7999227003724,26.473376000002474],[106.7999227003724,26.476459099907572],[106.80300449985782,26.482219500429665],[106.80599560001701,26.48384210043264],[106.80898680000087,26.48262510006839],[106.81025570024042,26.483679799782976],[106.81079960032133,26.48611359996272],[106.8071739996804,26.488060699641608],[106.80690199972759,26.489683199819865],[106.81197790016,26.494063800204287],[106.81650989961224,26.494226099954574],[106.8205887999332,26.49698420016074],[106.82065709984533,26.50079120035366],[106.82361849989394,26.503515799914283],[106.82818199989941,26.50457849999782],[106.82906779973922,26.507366999987084],[106.8319132996591,26.50661910039122],[106.8376503996463,26.509667199581656],[106.84270839997276,26.515949400244665],[106.84430439982827,26.52154440015397],[106.83792040040623,26.522558999997898],[106.83750039992356,26.525076900278748],[106.84098639970267,26.528534100168656],[106.83712239957913,26.530337800249356],[106.83645040006598,26.532254199771558],[106.84396839962199,26.537740299874997],[106.84354840003869,26.54146010000369],[106.84879840022603,26.544728999843528],[106.84094439956442,26.54292550031164],[106.83451840000424,26.544353299964882],[106.83687039964929,26.547659599910673],[106.83199839980637,26.555774799667347],[106.83120039987864,26.55998249999243],[106.83544240034655,26.567495699866697],[106.83754240006175,26.568697800263294],[106.84241439990467,26.567495699866697],[106.84333840024703,26.569975000346062],[106.83871840033396,26.57117709984334],[106.83741639964717,26.57320550003385],[106.84459839989631,26.575797300305226],[106.85304039979468,26.57467040031878],[106.85854239991187,26.577112000318607],[106.87236040041222,26.57572219971979],[106.87601439984473,26.577374900031657],[106.87643440032735,26.580116899675204],[106.87992040010641,26.582633500435747],[106.88122239989389,26.58804199983848],[106.89037840034297,26.59089640034864],[106.89764439996912,26.589131200244765],[106.9023064000204,26.58999499996935],[106.90759840034593,26.585638200142853],[106.91137840019309,26.584661700077447],[106.90306239980998,26.595140300184767],[106.90356639966967,26.596379699963222],[106.91448639962772,26.59791939956068],[106.91620839989781,26.5999097997975],[106.9162924001742,26.60715759984339],[106.90911039992505,26.60835930004174],[106.9106224004035,26.615118400393897],[106.90717839986331,26.61800970008761],[106.90587640007584,26.62394220027238],[106.90419639994394,26.623867099686947],[106.90314640008637,26.619736900237797],[106.90134040043921,26.61846030000288],[106.8972663996247,26.618723099891213],[106.8947464003262,26.62292839992574],[106.8951243997713,26.627358900093213],[106.89264639971162,26.627809400183708],[106.88857239979649,26.632127100185585],[106.88332239960914,26.631038299977604],[106.88286039988759,26.627922099625266],[106.88050840024255,26.625631799767802],[106.87488039971072,26.625181199852534],[106.86755809982651,26.629034200368096],[106.85467560019885,26.627277700305683],[106.83692400014257,26.61709470016035],[106.81687950028879,26.61464800010515],[106.81673149975899,26.61286260032881],[106.82220489963646,26.612597999997774],[106.82442390034277,26.610680300055833],[106.81835879961898,26.610018999777083],[106.81769309985674,26.60823350017597],[106.83108070011428,26.60115719994485],[106.8319683003968,26.598776299686506],[106.82701269957647,26.5940143004197],[106.82294460011326,26.596726000104866],[106.81207170034872,26.59712289970213],[106.8164843004102,26.58335129972278],[106.81292780007794,26.579609399654146],[106.80080249993546,26.579121799831228],[106.79655450009017,26.582151899990265],[106.78896879957051,26.58188059970996],[106.77116760010472,26.585362899678103],[106.76514949974967,26.585182000149246],[106.76413809969358,26.587443199743916],[106.76793100031546,26.590292299649946]]]}},{"type":"Feature","properties":{"shapeName":"Meitan County","shapeISO":"","shapeID":"62558664B36069221022273","shapeGroup":"CHN","shapeType":"ADM3"},"geometry":{"type":"Polygon","coordinates":[[[107.26778819956581,27.489611400445824],[107.272247299973,27.489198900309077],[107.28418730020383,27.475112900040358],[107.29160280042896,27.47000440008304],[107.30468730037865,27.46575740028385],[107.3278733003126,27.464847399687812],[107.33454879968741,27.46318040015541],[107.34545880008363,27.45024489988225],[107.3513338003147,27.445604399923184],[107.36679079995554,27.445911399691397],[107.37312329970058,27.437372399816468],[107.38231680008033,27.412080899913633],[107.38923629991535,27.40926340038567],[107.39199829958193,27.403508900315558],[107.39292129987814,27.395482899816045],[107.38259130014842,27.372676900318766],[107.385353299815,27.36692440034085],[107.40699729968571,27.349520899969605],[107.41855180012556,27.347108400232514],[107.4162299997148,27.3512608003457],[107.4160308997063,27.3554822998683],[107.42257519968575,27.359579999617324],[107.4269418003239,27.36681510033668],[107.43325740000904,27.384534799641358],[107.43272670017711,27.387392099565773],[107.43627980017271,27.39294239957212],[107.45651040033476,27.398718899757455],[107.45992889969904,27.402229899790086],[107.46541370028211,27.413463800014426],[107.47127789965543,27.41735330041456],[107.484275800288,27.416375199555887],[107.4898755998791,27.418161100254622],[107.50851869967829,27.436252599977536],[107.52392679958217,27.44157269962045],[107.5314540999268,27.441568300136964],[107.5325467995952,27.444488399719944],[107.52989979983596,27.44946840004667],[107.54103079963176,27.47087889994134],[107.54218279969649,27.478881900279532],[107.54075629956361,27.487832900268188],[107.53677380027074,27.49726840011664],[107.5314407998531,27.503284399655342],[107.51732630006876,27.508020400421174],[107.51309980031562,27.518832899918436],[107.51267979983294,27.525480399800642],[107.52976229979038,27.58507739980223],[107.53665930038648,27.598285400051225],[107.54110729956227,27.603275399939832],[107.55258930025605,27.6120794003441],[107.57202129974326,27.617819399745542],[107.58558580024453,27.62797140025998],[107.58567029964468,27.633695399822898],[107.58344280034504,27.640134900005705],[107.57839180034136,27.6475218998159],[107.57671330027864,27.656246400151304],[107.58017729994248,27.664451399912252],[107.59426130011894,27.673909899921966],[107.60619329998087,27.677665899561646],[107.61947680011428,27.68644689980465],[107.607452299584,27.69322790044731],[107.60627680023418,27.701028899564108],[107.62116229960048,27.729257400009033],[107.6258928001127,27.734470400288785],[107.63947280042947,27.74438839990478],[107.64917730009239,27.754808400187585],[107.65064979964859,27.766700900026592],[107.64887230041637,27.785503400161815],[107.65055079957978,27.794185400336005],[107.64943680036811,27.805421899601015],[107.65032179981125,27.81296939961817],[107.6570203002467,27.828462400019816],[107.65825629968856,27.841502899739055],[107.65595229955903,27.843131900217088],[107.64504230006219,27.839595899930885],[107.63963329973706,27.840118399744426],[107.6265183001795,27.845311900024228],[107.61807230009663,27.850906399910457],[107.61350229979138,27.85668540021112],[107.61125180033036,27.861520900169467],[107.61155680000638,27.864721400272458],[107.61894980009328,27.874942900394615],[107.64431779992657,27.893653899907633],[107.67463679964862,27.931995399967775],[107.67652879966442,27.93678290041055],[107.67476630022463,27.939552400422997],[107.66258979987941,27.938779899872543],[107.65588379999741,27.939777400007074],[107.65157329996788,27.94532390037773],[107.65115330038458,27.951968900144664],[107.65754680024469,27.964259900374145],[107.67172979959065,28.000009399614157],[107.67952730034472,28.01175689996103],[107.6822432996886,28.027034900340425],[107.67936680013776,28.03285990006441],[107.66789229978986,28.043321399563013],[107.65174879996721,28.05369939970757],[107.62457330041752,28.066493899773718],[107.60640729995697,28.072114899982694],[107.58322880036889,28.07513840001718],[107.57417280003477,28.075424399716326],[107.54453280014866,28.07222539968251],[107.53762029973711,28.074273899720765],[107.52886179963241,28.08211339971365],[107.52728279966152,28.087667400430234],[107.52758780023686,28.09568389959236],[107.53208179973535,28.110910400294813],[107.53887930023956,28.125606399915455],[107.55010229978137,28.13420089965183],[107.55948629995282,28.13574239969205],[107.56477330004782,28.138099399567693],[107.57570629970604,28.14624190004372],[107.58097830000861,28.1545598996197],[107.56428649972224,28.15353699993267],[107.5505076997706,28.158901099805973],[107.5463920000908,28.164107300311684],[107.54164990012288,28.185796799582704],[107.53672889981891,28.197310200105676],[107.53440260009995,28.199754700419135],[107.52726729984607,28.19866740028033],[107.5163118000496,28.1838703995993],[107.50276180021694,28.181995400367498],[107.50079330027063,28.184808899711015],[107.4942173000884,28.18225689983609],[107.48500080044664,28.165340400339232],[107.47846979964157,28.164165400113177],[107.47499080018537,28.161290899755272],[107.4688032999324,28.14863789991921],[107.46115879993874,28.145429400346586],[107.43012979985042,28.153941899898825],[107.42569729959075,28.15315839974039],[107.42431629975749,28.151136400024882],[107.42472080042467,28.141261899716937],[107.42269130036328,28.135591399923214],[107.40735630005327,28.121145400140165],[107.3981168002502,28.11638089985871],[107.3921962997195,28.11082239983392],[107.3852998000458,28.09956340043061],[107.3798522997439,28.07908640041711],[107.38063029964866,28.07218539963651],[107.38439229956504,28.06908989987903],[107.38751229955307,28.06945589967006],[107.39378330005928,28.077752900076348],[107.39669779956387,28.079500399723713],[107.41890730033168,28.07791340028325],[107.42469780026335,28.080261399743847],[107.43005379994298,28.08468639965764],[107.43913280043847,28.098399899835556],[107.4444733003026,28.102594399911652],[107.45362080035972,28.104839400018363],[107.46086129970928,28.09796689965276],[107.46470629985589,28.090509400188694],[107.4738467995902,28.07899489979485],[107.48374930029001,28.080526400273186],[107.49408730038868,28.08662990024976],[107.4994508004142,28.084857900371844],[107.50160229980634,28.067132899563717],[107.49978629969803,28.047468400146613],[107.49049380014884,28.028032399575636],[107.48110979997733,28.013183400093908],[107.47167180001361,28.003383399624227],[107.46624729987303,28.000009399614157],[107.46647629964156,27.994338899820434],[107.4512482997693,27.978011899629507],[107.4177933002207,27.952482400442477],[107.39900229971641,27.94099240027913],[107.39636979972653,27.937585899669557],[107.39655280007173,27.93117139974038],[107.41471080016333,27.91587440028337],[107.4334718001835,27.906978400133085],[107.43704230026202,27.903047399617833],[107.43773629989039,27.897315899709042],[107.42960379987551,27.888238900205124],[107.42666630020966,27.882087899836733],[107.42633030000343,27.875676400045904],[107.44122329971555,27.848729900264743],[107.44396230012012,27.84091389955688],[107.43969730039015,27.83179840007614],[107.41214729975815,27.800020399621815],[107.40641779994155,27.796411399566466],[107.39733129999956,27.79330039999354],[107.3850632999314,27.783803900030023],[107.37944779997605,27.769203400316712],[107.3723222996345,27.7573644002469],[107.35693379955529,27.744920900179466],[107.33339679962268,27.72247890038102],[107.32911680010028,27.71014990019779],[107.33035280044146,27.70532789996264],[107.33901229957803,27.692033900244326],[107.34051869997808,27.686810000181424],[107.33030200043703,27.680773499697295],[107.33206959993214,27.67204469970318],[107.32556620022001,27.66921209965875],[107.32729619995973,27.666541200416134],[107.32682180038586,27.663320200267094],[107.32294700030388,27.659120600135623],[107.32085509988303,27.658920199707495],[107.31998090039832,27.662336000206324],[107.31473929987885,27.66538300042521],[107.31240480014145,27.657203199668004],[107.30743790023894,27.653652400138185],[107.3079359996467,27.645513899846662],[107.29974689989956,27.64044029987997],[107.29662720028512,27.642343199678976],[107.2931148998328,27.642427299780138],[107.2877737002961,27.637104199998873],[107.28762409987235,27.62947400012507],[107.28271939978055,27.62886080008593],[107.28370240014573,27.623660300382596],[107.28237440005859,27.62189539975293],[107.27714999997261,27.62241610002303],[107.27210679978901,27.62004239973703],[107.27075700013552,27.61129690023182],[107.26695710009017,27.60538900010232],[107.26721510029671,27.59761849969408],[107.26975389992259,27.587057400278866],[107.27635900036762,27.57566399989372],[107.27614839982886,27.571510699559212],[107.2723030003832,27.56385729987454],[107.27189060007117,27.55549110023412],[107.27636170013244,27.54501179955497],[107.27367759974152,27.53791640042158],[107.26783340039117,27.53366359999518],[107.26662490041889,27.529190400017],[107.2618045999024,27.52417310030836],[107.26061960011452,27.520249799788473],[107.26211349993815,27.51764530019051],[107.26647439977381,27.517624999793952],[107.27012919960293,27.514558799948702],[107.26748290041559,27.50864650033577],[107.27073550004337,27.492700999751378],[107.26778819956581,27.489611400445824]]]}},{"type":"Feature","properties":{"shapeName":"Luodian County","shapeISO":"","shapeID":"62558664B87617641222279","shapeGroup":"CHN","shapeType":"ADM3"},"geometry":{"type":"Polygon","coordinates":[[[106.57749529966839,25.08686289990294],[106.58496900041911,25.08883909984462],[106.58995819991105,25.09404750009213],[106.59299869983022,25.106905399664527],[106.61584589996835,25.12129660015802],[106.62515860008938,25.12447820010891],[106.63472850002034,25.13486640036416],[106.63662359999921,25.16393549982348],[106.64575470001944,25.170604200323623],[106.6564854997061,25.1714088003759],[106.66816260022387,25.174649000151305],[106.67841340025825,25.180461900396438],[106.68604300028431,25.182365200393747],[106.69779130012847,25.1814877003971],[106.71050399965992,25.170846599990625],[106.72428889971303,25.164625199793193],[106.76184080041264,25.185722400168686],[106.7858715002696,25.17348279979143],[106.81509189987133,25.17779079970569],[106.85436250032916,25.190185499861002],[106.8805223001641,25.185304499603035],[106.88717649999552,25.18675800008168],[106.89564259992613,25.19484160035961],[106.89736470002094,25.19940029978403],[106.89830990008187,25.229046600320373],[106.90191499977749,25.23715670002173],[106.90975790010708,25.2465269000964],[106.91745329992989,25.250710500389346],[106.92572199957067,25.253033899794673],[106.93588820038019,25.25323699998762],[106.94914300044917,25.250516600260937],[106.9676277997832,25.240494600345585],[106.97196220019543,25.235136800223188],[106.97382440027593,25.23759709982636],[106.98155179977579,25.241339499918013],[106.99398959994016,25.243914499954258],[106.99414919992569,25.247959699980242],[106.9814731999283,25.258216600116043],[106.9877471996736,25.266485199932106],[107.00454300025933,25.274002999838615],[107.01062009973788,25.278459500305758],[107.00589200041554,25.292848799632452],[107.00824340021279,25.300344999622098],[107.00257870014696,25.311065699922153],[107.01034170020938,25.346930500342353],[107.00956730029071,25.35432820028626],[107.00814869980269,25.35744410026507],[107.0047995003967,25.35912039968673],[106.9851164003017,25.36130870023635],[106.98254009984578,25.36321770013683],[106.98156829963739,25.367807400091465],[106.97519899963419,25.378160900005582],[106.97627180000364,25.387908200203356],[106.97282339997997,25.399996899737175],[106.9729500002424,25.406935000250087],[106.9710048997564,25.40965380008288],[106.96676330038605,25.410354700209325],[106.96365179989073,25.413616499901593],[106.9651979997879,25.428947900225467],[106.9607436001371,25.43583490036042],[106.95989089984522,25.440226299803953],[106.96598769987253,25.4459909999847],[106.97451289965068,25.44732899963367],[106.97746499980997,25.451178900186164],[106.9905591000225,25.446128400205566],[106.99341620029747,25.446362800402994],[106.99509609970528,25.44940380034518],[106.99582839966098,25.459114999957308],[106.99963909966476,25.46580759994083],[107.00302710032048,25.482718000235593],[107.00600350016146,25.484324100376966],[107.01052149986737,25.49072160042158],[107.00929790027794,25.496619300440386],[107.01033119972516,25.49871129978669],[107.034843199654,25.50618399959194],[107.05086019993831,25.50650990041163],[107.06187540032954,25.511712300382385],[107.06834750003713,25.517618099695596],[107.07019709971644,25.522974200099327],[107.06975750030847,25.527783199734927],[107.06782150006222,25.530431300264354],[107.06862200010528,25.532029200387342],[107.06088200020423,25.534307300041917],[107.06359639965416,25.537336499979517],[107.06056659986876,25.542494100222598],[107.06017230021155,25.546317799926555],[107.06254470007792,25.5509977999086],[107.06050919973984,25.562379000090857],[107.04987330011278,25.566018899952326],[107.03163129974473,25.56776639959969],[107.02097330017773,25.565326900416153],[107.01407629958163,25.561483400338716],[106.99603330029663,25.555890899645362],[106.9881817997503,25.55709640037861],[106.98541279976098,25.558950400440665],[106.98442830022594,25.562624399896208],[106.99836730001095,25.589793900068457],[106.99868780040174,25.595519899723627],[106.99569680006732,25.601732400230162],[106.98513030022326,25.610290400081965],[106.95536029973812,25.627240900247386],[106.91644280009518,25.643562400184692],[106.89482879980932,25.637521900415436],[106.87429029965767,25.63903440001758],[106.86640180010306,25.635419899708666],[106.8582688000651,25.6338689001297],[106.85394280022012,25.6309183998643],[106.85247079978762,25.607780400345234],[106.8274077996303,25.580896399849053],[106.81876380030917,25.578431900411942],[106.7820968001273,25.591031899602513],[106.77272030030167,25.591777899830277],[106.74617780026534,25.60224539960558],[106.72601330027362,25.619781399791805],[106.71470629955616,25.636115900328605],[106.71273779960984,25.6432324002551],[106.71385179972083,25.65789390008348],[106.71238729963426,25.665235399594053],[106.70887729964772,25.67167289968461],[106.69299280007772,25.685739399953377],[106.68489830001658,25.68968140007661],[106.67729930032249,25.692241400320427],[106.6679763002661,25.70351989972363],[106.65331280034553,25.710931899787397],[106.64901730010837,25.71507840034792],[106.63374329991342,25.745408899701033],[106.63021079978864,25.749551900100187],[106.62589280031256,25.750030399683226],[106.61521129966184,25.747333400316222],[106.6098633003511,25.74277290044904],[106.61157230002169,25.733369900300715],[106.62090280042395,25.72186490034494],[106.62741080016838,25.708539900096355],[106.62560280042896,25.70213090042074],[106.62149830000658,25.696422399774008],[106.61617279993482,25.695762399914884],[106.6098327998439,25.698083899952053],[106.60376729982107,25.702468899819905],[106.57451629988736,25.73469140008808],[106.5664293001721,25.740686399557717],[106.55831930029552,25.743015399940816],[106.55474830019398,25.74050690027326],[106.54988079965926,25.73296939981799],[106.54518129967732,25.709842899929924],[106.5333862998379,25.687433399831605],[106.52776330043605,25.679895400252576],[106.51500680032365,25.668487400273364],[106.50788079995903,25.663474900246513],[106.49059280041746,25.65667140036487],[106.48309239969456,25.650586799641133],[106.48470280039396,25.64638139978183],[106.48287979996286,25.63744939977005],[106.47572329999036,25.626018399629515],[106.4670027998394,25.60473840035695],[106.43895729973963,25.576883400048928],[106.42926779986914,25.56316739975574],[106.42999280002778,25.553767899768786],[106.43298330033912,25.543443900315822],[106.43139629999928,25.531760900245388],[106.41095679991645,25.49562190013063],[106.3964462998569,25.47894089980275],[106.3966827999713,25.47160739976175],[106.40093980023164,25.46311190009419],[106.4148408000629,25.45481289959571],[106.41860129991011,25.446779399649643],[106.41855629963356,25.439901399929738],[106.41752629979896,25.434863899649315],[106.41294079967821,25.428233899674808],[106.39288330012425,25.41501039961031],[106.39539329986098,25.4108773996723],[106.4032363000153,25.410161899951788],[106.4151227995776,25.405078900271064],[106.42241679959568,25.39680289993396],[106.43018329981948,25.378440900327348],[106.43065630004827,25.372937900164004],[106.42835980026462,25.367444899562543],[106.42452979991037,25.360122900051863],[106.4174117999147,25.352128900128662],[106.42616279967353,25.328950899664335],[106.43145730011435,25.326410400319787],[106.4529572996397,25.326560900065545],[106.46103679990847,25.320800899741755],[106.4796068001138,25.293683900191866],[106.48285679980154,25.286107899759827],[106.48529829997665,25.267305399624547],[106.49228630027261,25.248943400017936],[106.49371330042851,25.23175040036074],[106.5027618004168,25.221628400330474],[106.50171679989046,25.21498689982559],[106.493072299647,25.205165900186216],[106.46341679994543,25.189927899852762],[106.4598768003741,25.186962399794993],[106.46035780007247,25.181917400068016],[106.46209730025026,25.17663940038807],[106.46864329994838,25.172260399897596],[106.48092629980897,25.154107900059614],[106.49926780026885,25.132949900117865],[106.5080717997738,25.12649540014263],[106.52234629974203,25.103746399676652],[106.53402750026896,25.07961629955264],[106.55313869989112,25.08801310042429],[106.57749529966839,25.08686289990294]]]}},{"type":"Feature","properties":{"shapeName":"Liuzhi Special District","shapeISO":"","shapeID":"62558664B40438755568166","shapeGroup":"CHN","shapeType":"ADM3"},"geometry":{"type":"Polygon","coordinates":[[[105.25296490040989,26.523422500248216],[105.23853279964902,26.513374400208477],[105.2219617998972,26.505506399800538],[105.21688829975528,26.498607400011565],[105.21872730002491,26.490594900134568],[105.22901080030823,26.47804090036732],[105.23491680017025,26.47256839981185],[105.24694830012402,26.468957899687382],[105.25489829981672,26.462577400426767],[105.25646229999523,26.456855900079802],[105.2529297998704,26.449277899555454],[105.22447179963393,26.421876900398672],[105.21659130044821,26.41610889970599],[105.19799780005849,26.407769900060885],[105.18833180037234,26.40153290022323],[105.17723080016134,26.379707400076484],[105.17828380015732,26.374900899656836],[105.18417380018082,26.371263400085923],[105.19207730042712,26.372218900082203],[105.20326980036106,26.37937740014695],[105.21040330017223,26.380788899588083],[105.21807879979684,26.378532899873505],[105.22525029956171,26.3739853997065],[105.23581680030514,26.35569940000738],[105.23774730029771,26.329585899969345],[105.23520730007692,26.325219900078366],[105.21945180016053,26.31574840036842],[105.21412680011179,26.309764899630466],[105.20761130002154,26.289567899938675],[105.20340730040664,26.264337400150964],[105.20451330014873,26.252197399690317],[105.20198080027376,26.248059900444105],[105.19003279967404,26.24204239993685],[105.175636300375,26.218593399565805],[105.15912629983893,26.207738899930348],[105.14691390035625,26.204298100077324],[105.14317000019543,26.201246700374952],[105.14729029990747,26.192507300071895],[105.13542790037735,26.18847929958008],[105.13395880025848,26.186441800049067],[105.13662990004991,26.18392499963909],[105.13662990004991,26.180089599755263],[105.13449300025184,26.17685340016436],[105.12728020002129,26.174905000065735],[105.12239299983713,26.167058599574773],[105.13630800031405,26.152665899911426],[105.13782600016981,26.15670199969759],[105.14392950014638,26.162232500229777],[105.15288400029641,26.17546859979609],[105.15788339989905,26.17783440043729],[105.17232529967288,26.17942490003918],[105.18533800044844,26.17666119975462],[105.18520780019986,26.165873099763814],[105.1765220003901,26.160807500166072],[105.17872190039543,26.151704100164125],[105.17701470026827,26.143121899556093],[105.17374759997182,26.136947399902624],[105.17220099987628,26.125206700229057],[105.17289839984136,26.12113669959905],[105.17737030029917,26.11743030026821],[105.17857170012394,26.11404009987075],[105.1818157004343,26.11128049959541],[105.1818157004343,26.109118999742122],[105.18815189999026,26.104198299811742],[105.1871281000818,26.100214599923902],[105.19052489970443,26.093390699820986],[105.19091310015949,26.088678100314155],[105.18593419970364,26.068446799580215],[105.18785870031883,26.06514640008635],[105.19865059994527,26.05853950009788],[105.20019660019301,26.051595199658777],[105.20722969969097,26.046665600037443],[105.20808519957234,26.040516199563],[105.21785280016667,26.02682099968945],[105.21614800033001,26.01767639994597],[105.21907429983912,26.015355899954898],[105.21975820008095,26.01074720002333],[105.22972649967829,25.992678599737644],[105.24112819990654,25.98289860019031],[105.24512929987736,25.98227319994828],[105.24845990040416,25.982903399872043],[105.25142879989926,25.985729200142544],[105.25229420041705,25.990023599609458],[105.24768079972921,25.99847390025036],[105.24993880043536,26.004215399720977],[105.25804129996607,26.011813900291315],[105.26389330003582,26.014362400004813],[105.27430730004193,26.015554400115548],[105.29647079958778,26.011295399762957],[105.35571280030553,26.02116189970195],[105.36998730027375,26.01617239983642],[105.3804168000953,26.015754900368393],[105.40509030027721,26.01996590030609],[105.43969729989055,26.020541899888826],[105.47197730011237,26.028667399580854],[105.48725130030732,26.031003900309827],[105.49564379972162,26.03354839983882],[105.50199130015841,26.038150899844197],[105.52380379970566,26.063876899999002],[105.53320329969256,26.072152900336107],[105.54386879960549,26.078370900196944],[105.55480929960953,26.08091739981819],[105.56397230038141,26.08116739965584],[105.57111379966216,26.077747400222393],[105.57927680018423,26.069515900138754],[105.58876050009707,26.06544929984534],[105.59555780005252,26.07780240006076],[105.60182929968249,26.11700640032518],[105.61018380004242,26.13856489985028],[105.60402680029665,26.157802400260607],[105.60630780026486,26.16239139964341],[105.61115329978503,26.16560989967718],[105.61622629990387,26.16607839969845],[105.62976079992103,26.15602089994462],[105.64174629955215,26.152149400374583],[105.66824330018824,26.152425899635602],[105.68453180040234,26.161619400015354],[105.69545729971469,26.17882390020287],[105.69418330031914,26.183633899884626],[105.69008630024263,26.1888978998183],[105.67809280024261,26.198734400172498],[105.64340979982245,26.20898589987945],[105.57785030005135,26.231538900300052],[105.53530130021488,26.22226689989759],[105.5087813003168,26.226093400090406],[105.4993287996844,26.232938400087164],[105.49343130021441,26.24300590030208],[105.47960680031366,26.260153399659714],[105.46990179972835,26.263103399902036],[105.4604417996494,26.270635400103686],[105.45453629981046,26.279556399608225],[105.45400979981247,26.28528390023189],[105.45909879976983,26.289193899778695],[105.4751507998696,26.29497340010238],[105.48303980034655,26.300725900080295],[105.48887629970153,26.308994400071583],[105.4903868001108,26.315185399586596],[105.48829629993435,26.329387399808695],[105.49056979955668,26.336498400380947],[105.49667379955628,26.344306899843616],[105.51474780027081,26.3574199002083],[105.53463730017131,26.363202899794032],[105.5287162996176,26.377622900176732],[105.52384930000522,26.38517190026306],[105.51998129969729,26.398454400350374],[105.51098630037751,26.418138399767372],[105.51146680005286,26.426158900013263],[105.50991080024329,26.433946400306183],[105.50453180040233,26.440805400049214],[105.49813829964285,26.442849899903024],[105.46697979987795,26.441840900137493],[105.44373329985194,26.443830900175954],[105.4388732996631,26.445648400353434],[105.43528030034565,26.452052899821524],[105.42501830015448,26.462100900036546],[105.41531379959224,26.463444399939135],[105.39640830010302,26.462690400241854],[105.38899980020068,26.46426790014351],[105.3851472997082,26.46677589978799],[105.37544709970393,26.467376799799524],[105.36999360002466,26.472272500375652],[105.3651033997022,26.482579699593487],[105.36137379966118,26.483693800428625],[105.35903450024205,26.48252900031315],[105.35594730032773,26.473685599710734],[105.35049150018267,26.47275740043375],[105.34979129972874,26.479693999978167],[105.34624029965016,26.482951900210082],[105.33851690033475,26.49812750018401],[105.33993730036616,26.50059039972723],[105.34748309976533,26.503132700413857],[105.35078479967882,26.51232870000956],[105.33952850004033,26.511552100349206],[105.32825809993142,26.514597899973182],[105.32580169978866,26.52009050037634],[105.31954479975275,26.524840199615596],[105.31778929973643,26.528764000158503],[105.30315070024466,26.535218799607946],[105.28975489996873,26.534917499742846],[105.28811539990585,26.530849900302712],[105.2814578995625,26.526358700393757],[105.27698890031758,26.521192099735686],[105.27000030017376,26.520653100060542],[105.25799400012306,26.52374780032079],[105.25296490040989,26.523422500248216]]]}},{"type":"Feature","properties":{"shapeName":"Puding County","shapeISO":"","shapeID":"62558664B44895476048236","shapeGroup":"CHN","shapeType":"ADM3"},"geometry":{"type":"Polygon","coordinates":[[[105.53463730017131,26.363202899794032],[105.51474780027081,26.3574199002083],[105.49667379955628,26.344306899843616],[105.49056979955668,26.336498400380947],[105.48829629993435,26.329387399808695],[105.4903868001108,26.315185399586596],[105.48887629970153,26.308994400071583],[105.48303980034655,26.300725900080295],[105.4751507998696,26.29497340010238],[105.45909879976983,26.289193899778695],[105.45400979981247,26.28528390023189],[105.45453629981046,26.279556399608225],[105.4604417996494,26.270635400103686],[105.46990179972835,26.263103399902036],[105.47960680031366,26.260153399659714],[105.49343130021441,26.24300590030208],[105.4993287996844,26.232938400087164],[105.5087813003168,26.226093400090406],[105.53530130021488,26.22226689989759],[105.57785030005135,26.231538900300052],[105.64340979982245,26.20898589987945],[105.67809280024261,26.198734400172498],[105.69008630024263,26.1888978998183],[105.69418330031914,26.183633899884626],[105.69545729971469,26.17882390020287],[105.70560399962494,26.18106719969154],[105.7133067999689,26.180875199830666],[105.74026690019735,26.174474400173494],[105.75966630015967,26.17661289986546],[105.79739379978412,26.17710690016338],[105.81623830005753,26.180099399667597],[105.8083268003416,26.188572400096234],[105.80502329998535,26.19521689984009],[105.8037413002209,26.19934090026237],[105.80476379970963,26.20621689989008],[105.80908979955467,26.21034439957441],[105.81851980004882,26.21264240032656],[105.83380880003614,26.221130399648303],[105.83814230022705,26.22502889956411],[105.83966829955244,26.231905400114158],[105.83762379969863,26.257798899899342],[105.83837880034145,26.265361899731943],[105.84220130034981,26.275218900132188],[105.8470533001697,26.281865899991317],[105.86031330011878,26.289205400309015],[105.87484730036266,26.306396399874018],[105.87815830016547,26.314647399957607],[105.87841780044118,26.32221039979015],[105.868469300318,26.332979399979365],[105.86718729965423,26.337560399892595],[105.89475230007866,26.35016990042061],[105.90801980037355,26.36208739961387],[105.95397930010466,26.396915900448505],[105.97698229969342,26.42028039962082],[105.98388679973607,26.430589400180736],[105.98841350038282,26.44572490028395],[105.97748550005582,26.445686699781447],[105.97444929979542,26.45282240023363],[105.97344230012209,26.46359239956962],[105.97550179976832,26.490402400250616],[105.97322830014599,26.517442399846914],[105.97451029991049,26.524087899636925],[105.97042080017985,26.529588899708017],[105.96428679969608,26.529819899568736],[105.9405137996722,26.515847900060578],[105.93232729986505,26.51516339997096],[105.9136807997292,26.524789899634186],[105.90677629968656,26.52318390021685],[105.88838180037982,26.508518400204082],[105.87023930010366,26.501638400391926],[105.86206029974312,26.49567789981529],[105.85082230040888,26.48444539983541],[105.83907380001591,26.478251900205066],[105.83013130041923,26.47595789963742],[105.78926129976924,26.47844940031962],[105.7754668003526,26.474998400355958],[105.77163679999836,26.46628739974375],[105.7662813003418,26.45894790032537],[105.75607279991982,26.45366839967693],[105.7466277996333,26.451135399778934],[105.73896080040066,26.45548239969304],[105.72949229992975,26.464177899590425],[105.71927630006127,26.46256039964277],[105.69425980024965,26.45290240032557],[105.68150380016033,26.444173899805662],[105.64193730026625,26.433793899568855],[105.60417930013466,26.419051899625515],[105.59117879956199,26.409854899983713],[105.57923880023048,26.38737290013927],[105.57337929981492,26.382545399650496],[105.53463730017131,26.363202899794032]]]}},{"type":"Feature","properties":{"shapeName":"Pu'an County","shapeISO":"","shapeID":"62558664B20936103155081","shapeGroup":"CHN","shapeType":"ADM3"},"geometry":{"type":"Polygon","coordinates":[[[104.89092510041314,25.36208660031639],[104.88744490036191,25.353823499854684],[104.89107129960087,25.354568300386802],[104.89032959993114,25.35255740010399],[104.88757249977112,25.351902199926656],[104.88585370018819,25.345800600217558],[104.89057260034531,25.340616800025373],[104.89228100016811,25.332833700115202],[104.88192290022175,25.328721200223242],[104.88291189996426,25.325741300220898],[104.88843399992919,25.325294300291773],[104.89011519975674,25.323230000064484],[104.89580609977173,25.324027900167493],[104.90444180014902,25.319419899908496],[104.90376380035917,25.315385800214585],[104.90520859989704,25.31342379966867],[104.90235899996793,25.305078799746866],[104.90614960012402,25.298717599937333],[104.91107700000362,25.30129009985825],[104.91442870042425,25.314096700302514],[104.92014640023626,25.31536890015468],[104.92902360005917,25.305327000041075],[104.93607270029491,25.304072599570873],[104.94224109984697,25.30478200008929],[104.94698779984714,25.309322900131804],[104.94729469979063,25.34105850024963],[104.94530090011654,25.344817900225962],[104.92917979970804,25.348901799878206],[104.92366029968315,25.351806700019267],[104.92243000014446,25.355276699959802],[104.92353950004792,25.36067450012814],[104.93476079987107,25.370809400033863],[104.97859929981792,25.385961399998678],[104.98387130012048,25.389228899594116],[104.99111180036937,25.3966484000037],[104.99384330042801,25.401725900330064],[104.99987029957475,25.42473990042612],[105.00653830040233,25.437892899937424],[105.02274330036306,25.458255900089796],[105.05432880003417,25.484735399918804],[105.0712433003381,25.5103778998203],[105.08280930040894,25.51783540018363],[105.10453030023325,25.523783400183845],[105.11332680029165,25.52937289983953],[105.11656180018701,25.534683400118865],[105.11888879957849,25.552148899751955],[105.1178817999052,25.573257400108957],[105.11499029966268,25.581950899914148],[105.10838329984949,25.584413400158326],[105.09332279960756,25.57095890023311],[105.08778379958272,25.567691899761428],[105.08574680007484,25.568589899804067],[105.08470130042474,25.57133489958602],[105.08862329962562,25.582158899613603],[105.09335330011476,25.589549899608244],[105.09411630022714,25.597987900221483],[105.07759079987557,25.605226400378115],[105.07047980020269,25.606788399565062],[105.06053180010258,25.61498239971803],[105.06124179956947,25.622550899804253],[105.06323979997683,25.626685899834456],[105.07877350009699,25.65253040005797],[105.07441630007224,25.657714399899703],[105.0671783997634,25.65572380001339],[105.05012700016101,25.65541649987165],[105.04543029976855,25.664410599869314],[105.04999450034597,25.669877000323368],[105.0504294997217,25.674276300311078],[105.0487635002354,25.69934670009019],[105.06114450011864,25.70984459964859],[105.07597570021846,25.708016199687904],[105.0779268000818,25.70492539978744],[105.08706679979304,25.704978899556636],[105.0997082999981,25.712384900243023],[105.10955029970665,25.721147399632855],[105.11380779999001,25.729881400406327],[105.11073280027858,25.736051399852272],[105.0974427998454,25.74812489994423],[105.09485630017815,25.755672399961327],[105.09361280039047,25.789584899923227],[105.08929139967842,25.799583500378276],[105.08870710025252,25.81481179972485],[105.09640329957267,25.82562330007528],[105.09761600027826,25.834134500107155],[105.1054671995517,25.840052299973706],[105.114193299781,25.84467940003435],[105.14676069994641,25.850190000368286],[105.14927810020424,25.8522707995578],[105.1365529999211,25.874466199855306],[105.13158130033679,25.880077699626213],[105.12409190012113,25.88362909990309],[105.12037679984951,25.892178899736507],[105.1147538004476,25.899942399821953],[105.11670679967915,25.910497400035013],[105.12246680000288,25.9242763996362],[105.12242880004914,25.930923400394647],[105.11446379966469,25.943485399631527],[105.10782630024363,25.94528189973994],[105.10721610034284,25.955639800036806],[105.10125669963702,25.95860260032981],[105.08090319992277,25.949930900091033],[105.07796530005862,25.95154539990034],[105.08285000012745,25.95707019963004],[105.08148660002661,25.958909100074948],[105.07383399983928,25.95753859982659],[105.0711948997249,25.96006389972922],[105.06307989961772,25.961973799851023],[105.03478810039059,25.957683200019744],[105.03388960032487,25.963754200296137],[105.03650749982131,25.971181100327556],[105.03577240027613,25.975893900383255],[105.0313621996059,25.976500000274825],[105.0245621000609,25.972086800365616],[105.01758029969113,25.972284199756075],[105.01481629993236,26.00684340040266],[105.01579279999777,26.012121400082606],[105.02232379990352,26.023849400429526],[105.04730980010726,26.053336899578312],[105.05359630042898,26.06483290001836],[105.06802380025823,26.077522399738996],[105.07808520037179,26.080539600022576],[105.09861200034362,26.096498299956636],[105.10406220041028,26.105961399998648],[105.10477749958199,26.12538900000237],[105.10949029963768,26.14138569989018],[105.11381730042814,26.146790500381314],[105.11771380025175,26.15073699981275],[105.12817209996251,26.153402799899368],[105.13630800031405,26.152665899911426],[105.12239299983713,26.167058599574773],[105.1075106004339,26.16435790039685],[105.10214289967513,26.16646689962778],[105.0865022998413,26.161456100218913],[105.06829549983752,26.16651630028707],[105.06425689993603,26.17354329968356],[105.05904219993766,26.17594960039378],[105.04959819969724,26.17730569979824],[105.04103130015443,26.16581320041894],[105.03576199961662,26.165553899792712],[105.03020749977634,26.157871399845305],[105.01557179969888,26.14710589981746],[105.00589729962076,26.1463584004199],[104.99269879980983,26.13917139994021],[104.9929963000393,26.133214900447342],[104.99949580029102,26.116067900213466],[105.00724030039959,26.10190790012956],[105.00907879974687,26.094814400364328],[104.99722279979244,26.080987900371383],[104.98557280034453,26.07174889969201],[104.97183980016672,26.069366400439094],[104.96550730042162,26.065429899670164],[104.95968629998282,26.05946339971615],[104.95983879982083,26.05249190018111],[104.95748880026798,26.04795639966818],[104.95291129961686,26.012584899873275],[104.93756080039071,25.99373989957678],[104.93077829967882,25.98292139980282],[104.9261172996737,25.961805399999264],[104.9275442998296,25.943939399883448],[104.93012980035007,25.93776690032223],[104.93399030031219,25.932063899929062],[104.94291680007035,25.928685899734546],[104.94854729981807,25.923452400308065],[104.94701459964409,25.916984399710316],[104.94176289973808,25.909786100148438],[104.94719690031678,25.906805799947733],[104.94949409977295,25.90231519988663],[104.94660339992703,25.900127699733616],[104.94666669960856,25.891425900085267],[104.94419269973338,25.88733219962137],[104.9458243001514,25.879361600057848],[104.94722870034428,25.87854550037457],[104.94607299956931,25.868626999836238],[104.94053449956755,25.87159500000928],[104.93130379963071,25.86915440005555],[104.92797649961585,25.864118100370092],[104.9225409998673,25.86293750006564],[104.91983330036658,25.85936940027767],[104.91926170026733,25.855653600333426],[104.91510620019102,25.855966100355317],[104.91017039974423,25.850287399643832],[104.90973309990272,25.84713869959137],[104.90729650013344,25.84685760029805],[104.905820299867,25.850923099821273],[104.90304600017282,25.85321980015368],[104.89861280024058,25.851848399683945],[104.89697959992867,25.845425799561042],[104.88949469992053,25.84208480017344],[104.88483920016904,25.824940200230117],[104.88575270002713,25.821584499625033],[104.88142570013599,25.81974219974279],[104.87815120021776,25.82032120036314],[104.87620980044198,25.817347600111702],[104.87587070027269,25.810162099701188],[104.87464280012517,25.80863549962868],[104.87066630020962,25.80915640044759],[104.86967249988601,25.806582500282218],[104.87306399980383,25.797843699826956],[104.8733563001532,25.791631300044514],[104.87189449983134,25.784418300164475],[104.8696322003658,25.7817796002484],[104.8736487003273,25.78010079981209],[104.87436500044447,25.774479900327208],[104.86931799972598,25.77200319978789],[104.8786018999578,25.753853500438765],[104.87515190004024,25.748165499838024],[104.89070129962533,25.726409900396618],[104.90222929974243,25.713201400124547],[104.90661629970253,25.703832399745522],[104.90672280011717,25.69214640043606],[104.89884180000911,25.66229639985903],[104.89359279986786,25.65355090035382],[104.86836980042602,25.6361808997288],[104.85907729997746,25.624653399634724],[104.86065679997142,25.617561399938722],[104.87422179959646,25.6036779000151],[104.88731079975366,25.578156299573607],[104.8765027995646,25.57435789959743],[104.87757080025227,25.5679473998527],[104.88878330020918,25.561295999610763],[104.90562560024131,25.55905890004823],[104.91076059962205,25.552996300339032],[104.90920600005694,25.54567320005816],[104.91068280017117,25.52016489969043],[104.89968130005201,25.502183899667273],[104.89878079989404,25.49616239987489],[104.89034280018012,25.483432900108312],[104.8702163001422,25.46402940013678],[104.85758230028301,25.446060399767703],[104.84815229978886,25.417510399785158],[104.85291160019028,25.384393700009298],[104.85851609963834,25.383165100189274],[104.86156550014778,25.383946899729665],[104.86487289996444,25.37798640005235],[104.86787060024807,25.3767239002878],[104.87170299999349,25.378250500360366],[104.87664810032965,25.375160199583604],[104.87693660014406,25.376947299977985],[104.8783788995666,25.377021799816248],[104.88081030035517,25.37374529980582],[104.88332399990276,25.37437830021844],[104.88736450007167,25.36977120018082],[104.88624990011289,25.366000400398207],[104.89098580015462,25.36447080018735],[104.89092510041314,25.36208660031639]]]}},{"type":"Feature","properties":{"shapeName":"Libo County","shapeISO":"","shapeID":"62558664B80807882372879","shapeGroup":"CHN","shapeType":"ADM3"},"geometry":{"type":"Polygon","coordinates":[[[108.2348005999678,25.62703400041886],[108.22679079985556,25.629318700197928],[108.20926420028269,25.616878100444012],[108.19621260023138,25.614748500443],[108.18912740030936,25.61620560000847],[108.1798047995519,25.61004080044262],[108.16936339990104,25.606565900096257],[108.15668470013884,25.606565900096257],[108.14226569980224,25.60331519983663],[108.12908970012961,25.59580450007769],[108.12150730012189,25.595356099904166],[108.11442210019982,25.599391800391345],[108.10572100022404,25.597598199697188],[108.1013705001485,25.58145450022505],[108.09751710033396,25.575848499808444],[108.08968609983373,25.57136349982568],[108.07929019958311,25.567907299981982],[108.07234890018168,25.571841000261998],[108.06806529977382,25.57005820042565],[108.06481279997081,25.570547199593648],[108.06210430007343,25.567218699883142],[108.05616960014697,25.56555990036918],[108.05391969963449,25.561056400432562],[108.05167390003055,25.563977900259943],[108.04788039956082,25.562101700433175],[108.04699709983635,25.55415879998867],[108.04514109968204,25.555117499772848],[108.04284390022588,25.552664300317247],[108.0435630997573,25.5494199996333],[108.0418144004143,25.548223100016116],[108.04175479964437,25.54007529983528],[108.03623819993305,25.53840690005842],[108.03309300004196,25.544358400220062],[108.0290848997484,25.544184099916322],[108.02674360023701,25.541945299735858],[108.02146320026657,25.544769900310712],[108.02025699986069,25.543637699720136],[108.01762549991696,25.545846299766993],[108.01591750029246,25.543861999631645],[108.01290160042856,25.543297300030417],[108.00812489994422,25.54409119994898],[108.00551309964987,25.539198200036935],[108.00060760006073,25.53820100027599],[107.99921230010762,25.534697600414006],[107.99178659977184,25.531536200135577],[107.99022640012834,25.527335099934987],[107.9859058996376,25.524364700370654],[107.98445039996602,25.52749150013267],[107.97285490033346,25.530093799988947],[107.96379620023453,25.529863599625457],[107.9627452003308,25.533666300159666],[107.95824249989153,25.535888300105],[107.95375430012092,25.53341640014679],[107.95307030005438,25.526925699761307],[107.95481440026441,25.521378999741103],[107.95313740027086,25.518462900342627],[107.95090399961992,25.5193807996842],[107.94263799974397,25.516744599883452],[107.9346827003464,25.51663239956565],[107.93375040016087,25.52010989985206],[107.93524200041804,25.522858100321116],[107.93375040016087,25.52476500030457],[107.92817840041289,25.52503590038657],[107.9262788002265,25.52917899971112],[107.92619639984406,25.543676300420998],[107.92372449988585,25.55081269964643],[107.91243659986924,25.55980710001768],[107.90757530016003,25.559138099743564],[107.90444440038885,25.55549579959154],[107.89983030002838,25.543973600101594],[107.89505149962707,25.538918400264038],[107.88870710005267,25.535944600363052],[107.88137410003475,25.53319379995395],[107.8737115002856,25.532673400057433],[107.85797419994941,25.537728900268576],[107.84446160022276,25.558692099860593],[107.8391059998421,25.56411810007029],[107.83276170009242,25.568057400428756],[107.82468710022954,25.569915600324748],[107.81290479971682,25.57667889961158],[107.80548930039095,25.584259300426424],[107.8017815997411,25.591616299752502],[107.80145200000987,25.60097900038062],[107.80417100039142,25.625051400002178],[107.8006280996072,25.632331599923475],[107.79057600028227,25.639982700041628],[107.78184250043108,25.643232099881573],[107.77500359963648,25.64577649958585],[107.77063670042344,25.645182300422903],[107.76849450002123,25.643176799669618],[107.77071909990661,25.631068699960565],[107.76973039963832,25.622228400220536],[107.76182049981628,25.616284900427843],[107.7513565002024,25.61658210028378],[107.73767909971076,25.62141109994235],[107.72490299977369,25.62365090016897],[107.70208460042403,25.61353200010177],[107.66609889964457,25.606380700009368],[107.64844269967091,25.604626600237452],[107.637295399663,25.598554400265414],[107.63018799997627,25.589377999595058],[107.62801839992926,25.563666900307283],[107.63033770022474,25.5517204996014],[107.63048729974912,25.54031289982055],[107.62712070026015,25.53113199984199],[107.62629770007885,25.523233300176685],[107.62936509961969,25.50871700038931],[107.63572430023635,25.493051000103605],[107.6377442998596,25.479274100419445],[107.63572430023635,25.473803400306736],[107.6257739996704,25.461510300160285],[107.62412810003184,25.443135799977256],[107.63168430009046,25.432393599584998],[107.64230800041395,25.421920700280168],[107.6524826998168,25.40394569963439],[107.65151010011107,25.396646800109806],[107.64380429962881,25.37907360036644],[107.64185910021735,25.37015080041914],[107.64230800041395,25.362444300264315],[107.64604869988767,25.353655500201228],[107.65801900007688,25.346421199878534],[107.66205900022277,25.34067399960543],[107.66288189967997,25.33479130027831],[107.65450270033944,25.325527200420026],[107.65181009955649,25.318407800179898],[107.66071229963296,25.317411999764033],[107.66565699977076,25.313444100065226],[107.65426639987453,25.296392400089246],[107.65780640034518,25.261968599571276],[107.67021510024676,25.241452399908383],[107.69014739978275,25.22719189968649],[107.69275500024315,25.219063800054357],[107.69051360012259,25.20083049972783],[107.69408090041327,25.196870999696955],[107.69717459972804,25.195871199995906],[107.70262910035274,25.19999120023374],[107.73759880014455,25.240596900026958],[107.74906919958397,25.24409869999505],[107.75507120027572,25.237554700389182],[107.75866700008203,25.227474199574715],[107.75219850036058,25.20047010001514],[107.75582119978861,25.191524499556067],[107.77794260027082,25.17237420010929],[107.785347000164,25.157678599787573],[107.78291460022865,25.147672599710745],[107.77484880023201,25.1359699998157],[107.76457330031764,25.132469000244214],[107.75915929976196,25.125766899822622],[107.76192159980206,25.11886430004745],[107.76523619959102,25.119564499602006],[107.77395120038767,25.12630769994047],[107.77739009997322,25.125566799768023],[107.77827400044481,25.121165200213852],[107.79064890022664,25.117763799659656],[107.80169780001353,25.121065100274222],[107.80324469958327,25.126967299601233],[107.81442500021365,25.131115599705197],[107.83296850009629,25.1238050000008],[107.83992730030474,25.1206649999898],[107.86655529978731,25.132969199568947],[107.86821260013147,25.14237150004476],[107.87219029974261,25.145672199912156],[107.87959309974184,25.143571799998597],[107.88754830021395,25.14457199989795],[107.89406719974153,25.147172500210786],[107.89473009991423,25.150672999759195],[107.90942530003764,25.155773699896372],[107.91218750025297,25.158673900180418],[107.92047419982453,25.159073999565464],[107.92478329960966,25.157373799761103],[107.92677219977725,25.16087409966002],[107.93196520003403,25.163374199659643],[107.93992039960682,25.17177430014391],[107.94743370020518,25.175474100249573],[107.96525939990147,25.179193099981603],[107.98975129998257,25.190472299956753],[107.99849619963999,25.198246000152835],[108.00735910024235,25.197267599819952],[108.05284089988766,25.2013697997765],[108.0755475000172,25.194670999866787],[108.10330820011342,25.207184799938602],[108.10554450017861,25.210966899702726],[108.11162140000766,25.212466299779976],[108.11839600017532,25.23263680004834],[108.12950130004504,25.23711200011877],[108.13073609979125,25.260539399673632],[108.14251669968598,25.27340400009456],[108.14200599987703,25.277625299967667],[108.13195150026161,25.28302029964715],[108.12934110021166,25.29408839995972],[108.13648160034563,25.30309970039093],[108.14742000043276,25.312588799833293],[108.14808300043018,25.325872299966704],[108.14476829991719,25.33206409987838],[108.13515570017546,25.338155700025595],[108.13166809960319,25.344001799643365],[108.13957529966041,25.34774199999333],[108.14819350012999,25.35563000042424],[108.1513977000439,25.372003699711],[108.14839860041513,25.377027200245152],[108.15095570034538,25.38058889955812],[108.13806790011358,25.392750400110913],[108.1457627000886,25.396260499922164],[108.15371800038548,25.396160700356063],[108.16078930038594,25.39346570018199],[108.16752920021247,25.39556180043678],[108.1747109999128,25.392966599828753],[108.17888030008584,25.39373160003339],[108.18008339962927,25.398265700301863],[108.18808020004127,25.402049499784653],[108.18859470038518,25.407904099794393],[108.18145089973927,25.413826200219034],[108.1860913996984,25.419813899891608],[108.17932909955834,25.4239775999863],[108.17769420042708,25.428994500395902],[108.16675569961592,25.43358449982486],[108.16101029978557,25.429293800168807],[108.15817469960274,25.431427400354266],[108.15429779960385,25.441610199950844],[108.157253599574,25.446256100338815],[108.1883279003124,25.460365300418346],[108.1989082002533,25.453539199674367],[108.20609009977835,25.452341999683597],[108.20774740012246,25.45443700006757],[108.21802290003689,25.451444100364995],[108.22211110024716,25.439072400371003],[108.22234489969742,25.42852510015331],[108.23510880033092,25.430719499905024],[108.24067329973303,25.426799200422806],[108.24608730028876,25.428595300332915],[108.2481866003314,25.431987999946273],[108.24807609973226,25.4408682997323],[108.23238660016153,25.451444100364995],[108.23765730004442,25.4633655997427],[108.24984399960096,25.469101500034242],[108.25879360024453,25.478477800210385],[108.2780747996124,25.48080030029365],[108.29389229968996,25.50198700029989],[108.30204429970473,25.518021799966164],[108.29901149978093,25.51885679980154],[108.29931729985356,25.521830499877694],[108.29043320043189,25.525270900431735],[108.28571549997042,25.529036299785446],[108.2808085003121,25.538858199646256],[108.27751629993736,25.550511499606046],[108.27941239996233,25.555734899645927],[108.27104210031274,25.57405449981536],[108.26607010035491,25.58044539973548],[108.26109799967298,25.585378500417505],[108.25513149971897,25.588293400120392],[108.24270140044933,25.586387500183037],[108.24108539967153,25.588629699800833],[108.23810220005657,25.595692399584607],[108.23797790025998,25.62517190016314],[108.2348005999678,25.62703400041886]]]}},{"type":"Feature","properties":{"shapeName":"Jinping County","shapeISO":"","shapeID":"62558664B58222704482965","shapeGroup":"CHN","shapeType":"ADM3"},"geometry":{"type":"Polygon","coordinates":[[[109.32221219983319,26.431291599827546],[109.37615200011476,26.457902899799024],[109.35765840001523,26.47551539991582],[109.38078310035985,26.49679370036904],[109.37698359961348,26.521764799705807],[109.39954380000643,26.532924700114847],[109.40305329996988,26.54997630026611],[109.39581300026981,26.56731409976595],[109.37467960038333,26.574781400041616],[109.37396240004477,26.625755300067112],[109.35623930040344,26.641542400361516],[109.35202790026744,26.660764700430605],[109.32945250043264,26.64959910011845],[109.30642699980626,26.66115759984342],[109.2824783001335,26.693138099743578],[109.284553500144,26.70465470005439],[109.28012829968134,26.713275899763005],[109.2670898000543,26.71951289960066],[109.26085680040109,26.733985899729532],[109.25415029959669,26.743654400430273],[109.24575780018239,26.761195899970858],[109.23828880018806,26.77135289981652],[109.23486329960167,26.774695900195695],[109.22673779990959,26.77660940030364],[109.22100830009305,26.774757400333783],[109.20613879966595,26.764293399820588],[109.1840363002351,26.752948900071715],[109.17864930002526,26.74740789995468],[109.1680603000429,26.724151400366907],[109.16097329967812,26.720741399595966],[109.15763080022134,26.720636400149772],[109.14907829972384,26.724166900182354],[109.14227279974995,26.731998399806344],[109.13185080027426,26.73399190000623],[109.12203980019666,26.732745900103282],[109.11180879963644,26.722329900004922],[109.10501080000847,26.719594899784852],[109.08772279956759,26.722757399934096],[109.0714568003911,26.719926899806637],[109.05983729965169,26.72765139989224],[109.04985029955174,26.72369940020718],[109.04585279956711,26.7145769004037],[109.03428680039559,26.706067900113567],[109.02306379995446,26.720184399990103],[109.015602300306,26.715521399892737],[109.01593779958984,26.700446899904534],[108.99565879971391,26.70609639962919],[108.97284679993993,26.717737399561372],[108.97337329993792,26.71220990006691],[108.96784230028197,26.697711899684464],[108.96160130025987,26.684617900195974],[108.95749679983749,26.679023900332766],[108.95300280033905,26.675969899791085],[108.94621280018066,26.672998400355937],[108.94027729985754,26.67251989987352],[108.92671180020949,26.67277339987254],[108.91557330006782,26.675696899792115],[108.90557080015236,26.67582140013758],[108.8930817997853,26.67167140031495],[108.8850938001388,26.665063899579366],[108.88234730028773,26.6438064004451],[108.86784379965167,26.6289328998335],[108.86602780044268,26.622796900156857],[108.86636329972657,26.61865239968853],[108.87387079969773,26.609203400116883],[108.88551329969908,26.600065399598577],[108.88574979981348,26.594087400013564],[108.87864679961018,26.584234399797765],[108.87796779977418,26.580585399696474],[108.87973829958293,26.574321900435393],[108.89198280036601,26.555978899906336],[108.88952630039853,26.54733839984732],[108.88336929975344,26.541126400263238],[108.86894980029314,26.53359990031521],[108.86694330039307,26.52861589980398],[108.86650079977215,26.518987400048502],[108.86023729961175,26.510711399711397],[108.84198779979721,26.49734690033921],[108.82485980043953,26.491976399990904],[108.81864179967937,26.484615899604137],[108.80992879987429,26.47848890034254],[108.80888380024726,26.472095399583054],[108.81520829962341,26.464755900164732],[108.827316300407,26.460889899948995],[108.8367612997942,26.45458789981177],[108.83821879955804,26.447187400278324],[108.83551029966065,26.43809690015189],[108.83660829993318,26.433925400237058],[108.83970629980593,26.4289949003944],[108.84423830015749,26.427228899893862],[108.85695630029306,26.42586339987605],[108.88417830018847,26.433629900099845],[108.90062729971015,26.42983240034505],[108.90783680032814,26.430724900134067],[108.91356680016776,26.433275399939816],[108.92665080009442,26.445211399986192],[108.936706299756,26.446918399564538],[108.94703680040806,26.44333439976276],[108.9502868000958,26.4363288995591],[108.95719929960808,26.430570400203862],[108.96642279957263,26.41967390043021],[108.97073379962524,26.41883090022594],[108.98217780036526,26.423011899679466],[109.00205979991989,26.415862900052844],[109.00818580003471,26.415641899753894],[109.01358780003699,26.416362899728085],[109.02903029990847,26.42384140016054],[109.04222080024977,26.42703640000991],[109.04898830026991,26.424032399975317],[109.05576329973655,26.415517900330883],[109.0650092998394,26.41104640007137],[109.07865130031729,26.407331399624468],[109.09754180001414,26.395612899715616],[109.10133380041464,26.39455390034226],[109.10959630012923,26.39631639978205],[109.12088780013192,26.40255939989646],[109.12653329967208,26.403037900378877],[109.14016729978113,26.39931689965522],[109.14884179960944,26.398763400210782],[109.16835029992649,26.400335399858875],[109.18668380001742,26.404971899633495],[109.18934840040839,26.40622709960104],[109.19064299967476,26.409958099886467],[109.20127649991059,26.411509499663737],[109.2070072003221,26.41719130033829],[109.2160247996049,26.416684499989742],[109.2192718000536,26.41918860017381],[109.21854369993184,26.42354959983419],[109.22084379970164,26.424355600130866],[109.22632179961141,26.42469980035554],[109.23182579982085,26.41991730014331],[109.23460440007307,26.420850499650896],[109.23808439957543,26.429934700026422],[109.24725479996908,26.437314200390063],[109.24909139994821,26.44068539991133],[109.24875639978808,26.442185399836376],[109.24447099983684,26.44317889978646],[109.23714729970817,26.44205080010437],[109.2366564002727,26.45308730003893],[109.23879930034747,26.45318830019994],[109.2405062001011,26.44980789971487],[109.24493620024549,26.45141130009148],[109.24948349986369,26.45074660037534],[109.25242990011986,26.46578749989328],[109.25631309986971,26.468134000184023],[109.26061249956729,26.468416999744818],[109.26431279969603,26.46516190000176],[109.26567829971384,26.461664399692324],[109.26447279987985,26.447240900047575],[109.26902030004686,26.440637400395758],[109.27594730022776,26.435781400391363],[109.2824783001335,26.433233399801622],[109.3022308000115,26.43431840037391],[109.32221219983319,26.431291599827546]]]}},{"type":"Feature","properties":{"shapeName":"Jiangkou County","shapeISO":"","shapeID":"62558664B46379219354299","shapeGroup":"CHN","shapeType":"ADM3"},"geometry":{"type":"Polygon","coordinates":[[[108.74282379987852,27.955976399691167],[108.7345813001869,27.95115240026314],[108.72396789979882,27.939995199618807],[108.71199179988173,27.93634260043069],[108.70134620016705,27.929427400254383],[108.69410309997812,27.92353769970515],[108.69280179986322,27.918776900133878],[108.67780279975943,27.917835300059096],[108.6647562997635,27.912782299963226],[108.65930180003812,27.91261840031899],[108.64700910008997,27.907418600288224],[108.64105449996526,27.9064513002873],[108.62233340016633,27.893872400091254],[108.60254679979505,27.888345899743513],[108.5893017996384,27.887407399631854],[108.58289329998587,27.888994399971637],[108.57569880005963,27.896343399828083],[108.56490330044704,27.898303900304825],[108.5601578001424,27.896394900404403],[108.55561830034435,27.893329400231664],[108.54797380035069,27.877979400129277],[108.54741679984551,27.858951400386843],[108.54091630044695,27.82176389958437],[108.53801679983553,27.814517899981126],[108.52780129999007,27.81163790026892],[108.51097880033143,27.811725899830492],[108.49497979997784,27.806735899941884],[108.49122629955411,27.80387490020655],[108.4889912999086,27.78742589978549],[108.49137830026842,27.764175399575095],[108.49069979955618,27.75432989970517],[108.49550629997583,27.751649900222787],[108.50408179973533,27.75252089991966],[108.51719680019221,27.75691240008723],[108.52287280023961,27.756269400112785],[108.5298768003741,27.75076289978807],[108.53552229991425,27.7496624002996],[108.5545722997719,27.753627399684774],[108.5602418004188,27.75298139957198],[108.57257830004858,27.74500639962571],[108.5874097996226,27.72294790042531],[108.59516080003095,27.704791900425903],[108.59892279994733,27.689981400021622],[108.59760280022908,27.683141900278542],[108.5883097997575,27.67174339983808],[108.58161180024445,27.66622940006681],[108.57424929976543,27.663257399709266],[108.56613180044229,27.654804400202977],[108.55866979987144,27.643575400384464],[108.55406929995831,27.631954399575932],[108.55030079974216,27.622968399771878],[108.53840629981096,27.604537899704383],[108.53603380011987,27.591304900101136],[108.53756729979114,27.584829400056833],[108.55383279984392,27.566167900128562],[108.55236829975729,27.562314899613],[108.54125229975386,27.5560223999139],[108.53204329955867,27.539800400068486],[108.53186779955934,27.53567489957703],[108.54950730002196,27.50732789996266],[108.55159780019841,27.501750899984074],[108.54551680036013,27.485357400323835],[108.55299379982404,27.48575039956137],[108.5653078002149,27.478210399890088],[108.56893930040843,27.477371399870265],[108.57379130022838,27.479312900370132],[108.57961279979094,27.48380089959187],[108.58183279964408,27.487750900083995],[108.59021729958874,27.512267900243444],[108.59873979960213,27.52186590039105],[108.61073279957913,27.527402900323636],[108.62007130035028,27.525306399870487],[108.63712329980052,27.51464790028041],[108.66277330004783,27.5105953995581],[108.6724928004025,27.514015399890866],[108.68287679992443,27.52157789970039],[108.68849930020258,27.523761899691976],[108.6990893002311,27.52329239962461],[108.7032697996616,27.521312900070313],[108.7302397996271,27.49523539989383],[108.7417603002977,27.4883539000125],[108.75678229966348,27.48613540022859],[108.78193680044302,27.491006900048433],[108.7997437996367,27.490907399956598],[108.81330880016105,27.484750900233905],[108.82200630015069,27.47711739984817],[108.8286588002635,27.47931689965526],[108.82805630035801,27.48274789959595],[108.81297279995482,27.498748900041733],[108.81700879991627,27.502504899681412],[108.82086929987832,27.502807400141478],[108.83177930027455,27.50003990022128],[108.85420980044199,27.500484400035077],[108.85298130044674,27.503944400413786],[108.84073629964058,27.518832899918436],[108.8389432996936,27.524633400311245],[108.84040829980324,27.528714899672934],[108.8455732996681,27.534272899674647],[108.86157980036756,27.545647899930714],[108.86486830003207,27.54989439970683],[108.86646279981841,27.556495400142637],[108.8666992999328,27.573242399916865],[108.87165830019046,27.579953900052487],[108.88201880042737,27.58624839984384],[108.89273830013252,27.58334339987806],[108.90074229961749,27.577556400107824],[108.91606130008898,27.556590400027005],[108.92056279993335,27.553218900132208],[108.9272687998153,27.553209399694083],[108.9354932995762,27.55796989979109],[108.93991080004344,27.564237400135937],[108.94563979983695,27.57642940029666],[108.95275879987878,27.601882899576196],[108.96552330036008,27.609691399938185],[108.98761730029821,27.61808390025186],[108.9906388002405,27.62187739982221],[108.99034130001104,27.62670889959611],[108.98818180024995,27.630227899997635],[108.98385630042799,27.631988400244552],[108.97572330039009,27.63457489991174],[108.95520030005389,27.632551400127056],[108.94255829982575,27.63299940010228],[108.93641679989548,27.63436290002784],[108.92981730042811,27.642631400019127],[108.93208329970457,27.658157400143978],[108.93679030003238,27.670614399934664],[108.9425962997795,27.678899899810574],[108.94703680040806,27.696644399719332],[108.94732680029165,27.708795399787903],[108.93905630020816,27.742595399957793],[108.94113930003874,27.75973339977662],[108.95088229967843,27.774534399742777],[108.96605679978154,27.78386490014509],[108.98709080030028,27.785181399701912],[109.01717379993096,27.797643399723142],[109.02546680015274,27.7980343997678],[109.03523229993078,27.796304900051155],[109.05053729975663,27.79162189993076],[109.05505380029268,27.78824789992069],[109.06394980044297,27.790448899796957],[109.0680082996434,27.794202900243704],[109.07919330013078,27.822713900226347],[109.08750929961457,27.84535990043912],[109.09063729997149,27.862228400420406],[109.08178730014384,27.86690890042547],[109.07586679961315,27.867584400100043],[109.06591780036626,27.86519040031675],[109.06501780023137,27.86269939965763],[109.06896979991637,27.84764090040727],[109.06459829977177,27.842748399618984],[109.06127180015352,27.835093800238724],[109.05131080035324,27.833408000378938],[109.04658380000245,27.82755910027231],[109.04268630013269,27.831886199988162],[109.03605129992764,27.835372000117786],[109.03599480002009,27.84669399972836],[109.04219329988092,27.858718699908138],[109.04666129997906,27.8633633997012],[109.05374930038994,27.86540240020065],[109.06385379961324,27.875440999802322],[109.06562430032125,27.879966900052466],[109.070232799704,27.88439030007237],[109.07714079990802,27.887242400116747],[109.0803223000342,27.894240899997612],[109.07684329967861,27.897351400446837],[109.05552679962216,27.903201900447414],[109.04163380015979,27.905309399609166],[109.03035339958979,27.890957100190064],[109.02069380037864,27.89102730036967],[109.01222930034197,27.898182499922484],[109.01510629991589,27.908786899895574],[109.01215130034228,27.913808699811682],[109.0013488004069,27.909549900007903],[108.99653280044845,27.903254800368813],[109.00219779998855,27.8903568998511],[108.9978252997978,27.882942799870364],[108.98939529955351,27.881133300061776],[108.98288229957853,27.88414030023472],[108.96992430006645,27.883715099872006],[108.9573713003453,27.8808994997122],[108.94910430042319,27.883725299982643],[108.93766830005205,27.882552899696634],[108.93216110005477,27.877118800192534],[108.92851309999963,27.876581299687302],[108.92660179963343,27.87981459986395],[108.93095880000868,27.892020800319756],[108.927113299839,27.896176900243802],[108.92358029969114,27.904577099653466],[108.91822880021903,27.90635030012629],[108.90146130039875,27.90524650012594],[108.89634380002639,27.90089230023949],[108.8910063003006,27.891839899891522],[108.88107630013121,27.89844040030431],[108.87311880009258,27.899866900437132],[108.84765979966011,27.892719900003442],[108.84128929996126,27.895004900156096],[108.83902429983164,27.899059700444866],[108.84114479959288,27.905239900001447],[108.84134279973051,27.91359250009384],[108.83893930040847,27.91734599961825],[108.8246783001635,27.922256199963726],[108.8183092996345,27.935118900117175],[108.80870129992513,27.946006799674137],[108.80358130033682,27.946733899749745],[108.79808330040407,27.945312999695204],[108.78757979986796,27.93746409998829],[108.7765123003025,27.938253399874554],[108.77266680013275,27.939302399686028],[108.7668302998785,27.947761400368393],[108.76158880008313,27.952298900074254],[108.74282379987852,27.955976399691167]]]}},{"type":"Feature","properties":{"shapeName":"Majiang County","shapeISO":"","shapeID":"62558664B33157857613653","shapeGroup":"CHN","shapeType":"ADM3"},"geometry":{"type":"Polygon","coordinates":[[[107.7258072995673,26.57831740032782],[107.70935830004555,26.573020899794756],[107.67742180037584,26.57455839965047],[107.66467279970999,26.576547399642834],[107.65428179986526,26.583318899847427],[107.64309680027719,26.604764899580516],[107.63601680023521,26.61080540024909],[107.62687679962465,26.614581899934763],[107.61844630025661,26.615596899976993],[107.60816930027306,26.612279899897487],[107.6043397999419,26.59513839991729],[107.59944129977623,26.592672400411004],[107.59076679994791,26.594146900059457],[107.57436379984955,26.6094629003926],[107.56826780021885,26.612279899897487],[107.56210330012726,26.610519399650627],[107.55536629971505,26.604636899973002],[107.54747780016044,26.589141900378422],[107.54125229995373,26.582795900010808],[107.53634630034156,26.579641400230514],[107.51605980011976,26.573680899653823],[107.50933880044533,26.568483400088894],[107.50538629983794,26.559818399799383],[107.49941230043737,26.553008899641043],[107.4922637999345,26.55308739966381],[107.48674780007099,26.561624400345863],[107.47810379985054,26.56515689957132],[107.47270980021716,26.56315239976351],[107.46571330042855,26.556352400043295],[107.46161630035203,26.556396400273684],[107.46016630003476,26.562599400342094],[107.46698779984712,26.57535739962435],[107.4632032997925,26.578836399979934],[107.45658130018694,26.58074189971893],[107.44863129959487,26.579221899770914],[107.42059329984096,26.566222900166736],[107.40132129963831,26.559089400355617],[107.396140799958,26.55409939956769],[107.39378330005928,26.548852900441034],[107.38938879975336,26.545919400060313],[107.359786799821,26.549884900367886],[107.35134129976126,26.549280400370208],[107.32975779998253,26.539867399760737],[107.31919879958497,26.53355389999257],[107.31426979981148,26.52787189966847],[107.31417079974267,26.519851900344975],[107.31664280042497,26.512037399706287],[107.32116680040758,26.50649240030407],[107.34030880001114,26.504932400310054],[107.34795330000486,26.50210590036704],[107.35222630010372,26.49725140043182],[107.35137929971495,26.49061390011144],[107.33457980021768,26.47542590028513],[107.32861330026367,26.46746239996986],[107.31215680039611,26.459371400070097],[107.30853279964907,26.455512900200233],[107.30796030022776,26.450246900174363],[107.320373299788,26.441417900415843],[107.32386029961322,26.43473789993419],[107.32572930036696,26.420511900403937],[107.32948279989137,26.41428540015113],[107.33529680000737,26.40941640044656],[107.34396430041221,26.407956899691214],[107.36479180040135,26.399728899768945],[107.3726503003711,26.395067399740753],[107.38326279963854,26.386022399913884],[107.39164729958327,26.383186400432066],[107.40923330027664,26.38140139995471],[107.41945629956865,26.38290039983366],[107.42639180014152,26.385806899868612],[107.43390580041245,26.39375090018393],[107.43942280032206,26.405380399585795],[107.4435503000064,26.40854439980427],[107.46172329989042,26.411788900137708],[107.49633030040309,26.422186400282214],[107.50196080015087,26.422813400418136],[107.5088197998939,26.420444399989094],[107.5141067999889,26.415344400423805],[107.51582330000537,26.40959739980019],[107.5203397996421,26.385711399961167],[107.5200803002657,26.367152900286158],[107.52528380010733,26.355405899962363],[107.52958679979105,26.35306539994832],[107.53423330002681,26.356681900349486],[107.53996279984341,26.36440889965104],[107.55586979955166,26.371105399994292],[107.56532280020713,26.370769399788003],[107.58386980025114,26.365514900292453],[107.58656330035609,26.357003899910126],[107.59642029985702,26.350930900440744],[107.61215279961209,26.344787400418227],[107.61995679976656,26.338048899936837],[107.63487229961697,26.310828900133686],[107.63886280017817,26.288093400290222],[107.64338680016078,26.283456899616283],[107.64977279967502,26.283609400353612],[107.65926430030726,26.287620400061485],[107.67041079991856,26.299173400432153],[107.67862680018675,26.303199899955473],[107.70008829973528,26.304769400387556],[107.70777880005164,26.306966900102395],[107.72444929989535,26.312946399756584],[107.73272680030163,26.319948399798875],[107.76129130005353,26.31935690040069],[107.77095030031614,26.316939899556758],[107.77548980011426,26.313445400285048],[107.78093730041616,26.319835399983788],[107.78993980008175,26.32617940025915],[107.7920303002582,26.33029190015111],[107.78972630012873,26.35326390010897],[107.78724679999988,26.360630399873116],[107.7990037998855,26.38462240010375],[107.80145280040648,26.39768039973069],[107.80666279964856,26.407272399601595],[107.81285079992455,26.41364090010751],[107.82154079956831,26.414478400058158],[107.82279980007075,26.41285890001825],[107.82919329993092,26.413490400361752],[107.83434279998028,26.417341399885743],[107.83490729993201,26.422616900349738],[107.84091179983977,26.4340343998677],[107.85465979980995,26.45318389981719],[107.8716427996755,26.463346399916475],[107.8780822998583,26.468789900033926],[107.88200379993549,26.475868400006732],[107.88426980011127,26.495124900393876],[107.89595780041225,26.511764399707317],[107.89807129985064,26.517709899592262],[107.89951329979903,26.5307788997265],[107.89704880036192,26.539062400409478],[107.89327229977687,26.544149400274648],[107.88387279978991,26.54906090014049],[107.86670679957922,26.545553400269284],[107.8593293002071,26.548379900212296],[107.84947179978377,26.558112900290155],[107.84274279974045,26.57308940025564],[107.83455679995643,26.57362939997688],[107.8299408002278,26.571376900423672],[107.82602679959717,26.565217899686388],[107.8235473003677,26.54871540039545],[107.81916829987722,26.545543399808082],[107.8127593002016,26.54399690043664],[107.79873680016328,26.54665139964243],[107.76970679962915,26.557470900361807],[107.75158730041363,26.560842400256604],[107.73226929988834,26.570421400427335],[107.7258072995673,26.57831740032782]]]}},{"type":"Feature","properties":{"shapeName":"Huichuan District","shapeISO":"","shapeID":"62558664B68200355931123","shapeGroup":"CHN","shapeType":"ADM3"},"geometry":{"type":"Polygon","coordinates":[[[106.78504790024044,27.80596369976496],[106.78774920016554,27.798092299919745],[106.79273860020629,27.7997737002961],[106.79962870030431,27.797041399840793],[106.80414300019936,27.789474899846823],[106.81032030034163,27.789474899846823],[106.82101190037895,27.79283790024897],[106.86834729988806,27.791044400278906],[106.87375630021313,27.787818899922343],[106.87814330017324,27.78276039957285],[106.88455980019467,27.77196489996021],[106.89575880042838,27.763529400361563],[106.8942927004478,27.746268799565485],[106.87140839967799,27.736520500220934],[106.88470529970988,27.71676540040295],[106.87160760041047,27.712744000035627],[106.86336700008707,27.715506600449316],[106.85716380036916,27.715155700275375],[106.85830389970528,27.70419630011918],[106.87233170034773,27.708988500419025],[106.87458729986406,27.693749900237776],[106.88735409991182,27.69908480002357],[106.89782230025901,27.700562700008675],[106.90780959983323,27.69653130007947],[106.92247569969385,27.7091919999109],[106.9463310002755,27.707410499594914],[106.9555350002401,27.710075799658455],[106.97159459961114,27.728456700316542],[106.98087510040563,27.72986190000671],[106.98577519956586,27.745278100104315],[106.99250430033328,27.74228309958545],[106.9961162996276,27.761726499778206],[107.01251009966143,27.758152299888764],[107.03745709986532,27.770556299933332],[107.05884029993996,27.752895900125736],[107.0802235000146,27.753316499556888],[107.09067740024187,27.74448520023185],[107.09376610022542,27.76466980007126],[107.10754640024624,27.759413799607216],[107.11372380021328,27.76466980007126],[107.11419890035904,27.775601600033838],[107.11847560026882,27.770135800326955],[107.12987990043712,27.748270099585454],[107.14627369957162,27.743854399560917],[107.15672769962367,27.746377700270727],[107.15031269967142,27.77034609959287],[107.16314259975121,27.783589499855566],[107.16242989962024,27.79514989984807],[107.15102549962717,27.800614300209816],[107.14627369957162,27.805237900109034],[107.14936239955517,27.809441000401875],[107.15957879962195,27.81238310010002],[107.1605290997382,27.820158099816524],[107.16551849977901,27.82330999965683],[107.1605290997382,27.827302299761357],[107.16076669972347,27.83213479958141],[107.16908239973304,27.836967199576634],[107.16908239973304,27.843689999693765],[107.1588659996662,27.856294300341744],[107.15340139965491,27.866586800140738],[107.14029450029102,27.874074700287224],[107.12116980004629,27.869344900346903],[107.11234280038002,27.865751400107058],[107.09777829962889,27.85762590041503],[107.08760830008305,27.849693399730654],[107.07285330043953,27.847520900269387],[107.06739030032219,27.844127400259367],[107.06475830035532,27.83933839974742],[107.066001800143,27.83429139992819],[107.06463580010217,27.827890399722207],[107.06047079958779,27.82402989976009],[107.05449680018722,27.822242900089805],[107.05066679983298,27.825708399822872],[107.04329679990747,27.839505900277118],[107.03871129978671,27.84480840018756],[107.03407279991984,27.845989399790994],[107.02111829966987,27.843108900055768],[107.01493829976278,27.84613440018245],[107.01239030007235,27.849359399616674],[107.01244329981847,27.854854400310387],[107.02192680008181,27.874019400075326],[107.02146929966852,27.878833899964548],[107.00588230032798,27.92474940036459],[106.99492679963214,27.942462899743077],[106.99549879992975,27.948182900020868],[107.00538629993787,27.954978899556636],[107.0072478003458,27.958629399727045],[107.00676729977113,27.9625244003808],[107.00372329969059,27.96895990037916],[106.9918897998744,27.976375399704978],[106.9829327996091,27.98697290007931],[106.97338880015309,28.004384899943204],[106.98406230043486,28.02886190005671],[106.98648879991822,28.03934489964746],[106.98239880016456,28.055963399791096],[106.97769179983675,28.062051899975245],[106.97358680029066,28.06353740013094],[106.96665930008669,28.065099900240227],[106.95810679958919,28.064866900287257],[106.9458462998669,28.062213900251322],[106.94110129958534,28.059586899615795],[106.9389498001932,28.057121400132587],[106.9451827998464,28.034715400195637],[106.94464880040186,28.02670490041089],[106.93798079957429,28.020690900065063],[106.93328879993823,28.01966839967696],[106.92410279990435,28.023577900100065],[106.91763280011372,28.031316899955016],[106.90881329989395,28.061355400231605],[106.90508279963154,28.065810899753274],[106.90204629989688,28.068183900366762],[106.8969117996399,28.06946390003901],[106.87992080030477,28.064634400357363],[106.8721618004268,28.05681040017987],[106.86621829973478,28.04160490044586],[106.8621368003731,28.035745400030237],[106.84718329966961,28.029024400355866],[106.84369679986747,28.025676899769167],[106.84178179969035,28.022514399619922],[106.84188830010504,28.017926900306236],[106.84561930039047,28.005449399570182],[106.84535229976888,28.00001189972943],[106.83910330027715,27.993444899962242],[106.83025379957326,27.988233399751664],[106.84785969956556,27.97470299974367],[106.84857239969654,27.951619300390462],[106.84429579961153,27.94721180038431],[106.84477099958201,27.93251899965219],[106.86567899968617,27.93797660023995],[106.87019319975644,27.935877599671528],[106.86829249969918,27.92055340021932],[106.88231029988049,27.927481000248008],[106.88682459977554,27.918664000143565],[106.8766081997087,27.90459720040053],[106.88040959982322,27.895568300236903],[106.89704099984232,27.903547400192394],[106.89870409991431,27.900817800401228],[106.8984664999291,27.88254860003792],[106.89561539993082,27.87225770013282],[106.87969679986747,27.86637669962505],[106.86734209975816,27.871837599825426],[106.86045199966014,27.86553649990958],[106.8488099996818,27.865956600216975],[106.83978160044057,27.850412500336688],[106.842157499569,27.84158919958196],[106.83716810042756,27.83528639994745],[106.84001920042584,27.82877309959889],[106.8366928995577,27.82625170005599],[106.83265390035729,27.831714600348562],[106.82861480043277,27.83045399995217],[106.82885240041799,27.825831499923822],[106.82505100030346,27.823730299613715],[106.81887360033647,27.826041600439567],[106.79582730018979,27.82520110035057],[106.787274000195,27.8199480002001],[106.78323500009526,27.811752599802674],[106.78504790024044,27.80596369976496]]]}},{"type":"Feature","properties":{"shapeName":"Huangping County","shapeISO":"","shapeID":"62558664B93134799924079","shapeGroup":"CHN","shapeType":"ADM3"},"geometry":{"type":"Polygon","coordinates":[[[108.11508930003123,26.777534600341596],[108.1275407995683,26.782140899982608],[108.13996850034607,26.784220899674835],[108.14193279955913,26.788714499874345],[108.1402139999762,26.791052499773116],[108.1436516998661,26.799089200406343],[108.14639359968493,26.799454399800766],[108.15069069981598,26.795655399976795],[108.15474219959287,26.79675130033229],[108.15913130036927,26.804757200084794],[108.16707059992831,26.806437399866184],[108.16500910018988,26.809072300146568],[108.16674539968051,26.81155169955133],[108.17299599996551,26.81341129969178],[108.1797096000181,26.817956600117043],[108.18122929959259,26.823976900213836],[108.18862250022829,26.82973250015482],[108.19474560002948,26.84024789962092],[108.1913683004068,26.84354040036925],[108.17903880020054,26.849883899722272],[108.17289029994743,26.8567273996498],[108.17189029969762,26.8705309003808],[108.17584979972855,26.88648040025032],[108.17201980027363,26.89371290013031],[108.16848730014885,26.89519690021683],[108.15718829980028,26.89530940000884],[108.15441130034128,26.896540900142497],[108.15000929968949,26.902183899567376],[108.14672080002498,26.9034309004158],[108.13847330010276,26.895873899960577],[108.13150829996812,26.895164399617386],[108.12899780020837,26.89661790009609],[108.12815830016547,26.90146439966236],[108.13088980022417,26.905742399991823],[108.12969229985981,26.908075399659992],[108.11988079975919,26.906532399550656],[108.11112980000036,26.91276340001093],[108.10302729957027,26.91575989969965],[108.09111779984664,26.913129899825094],[108.0785217999412,26.906158400289996],[108.06670379994046,26.90582090001459],[108.05854779974123,26.907668899799944],[108.04792029978205,26.91854090024242],[108.03663630012522,26.918872900264205],[108.03260030016378,26.9208298996802],[108.02806829981222,26.923257900132057],[108.0167238000634,26.94241140026594],[108.01154330038304,26.948301400289438],[108.00272380016332,26.966462899643147],[107.99903079983159,26.967431900262056],[107.99270629955612,26.972333899689772],[107.98123929955409,26.991287399593887],[107.9790572996547,26.998878399818352],[107.96914680038458,27.01803790022899],[107.95838180037987,27.033540900192463],[107.95533730027626,27.035646400161284],[107.9442823003879,27.034883900071975],[107.92595679976654,27.028951399887262],[107.91900630030057,27.02835989958976],[107.90342680040658,27.03269739996506],[107.89785729987454,27.03712840015561],[107.89137280031457,27.04752540027704],[107.89327229977687,27.054145899813477],[107.90857679957969,27.062871900218056],[107.91751079968373,27.074664899965228],[107.91824330018824,27.086568900334555],[107.91383380008989,27.09946040037721],[107.9139173003432,27.104272900174237],[107.9238282996364,27.12750639960069],[107.92289729987056,27.13347639971613],[107.92088329962462,27.134877899595438],[107.91026279998829,27.130670399819167],[107.90564730028274,27.1314199002083],[107.90444929989536,27.136020400121424],[107.90570080005193,27.149064900025166],[107.89945980002983,27.15945789996215],[107.88075229977886,27.16246240001982],[107.88233179977283,27.149839399768553],[107.87789130004353,27.145774900291485],[107.86501329972407,27.143655899700036],[107.85861180039433,27.14511490043236],[107.8545607997412,27.148607399611876],[107.85208879995821,27.154596399704133],[107.84578679982104,27.17736240005479],[107.84147629979145,27.18085690022582],[107.82541630022212,27.188628899803916],[107.81620830007307,27.191039900371152],[107.78948229966846,27.191615899953888],[107.77821329980401,27.1938209000146],[107.7561187998428,27.195018900401976],[107.75315079966975,27.202157899567453],[107.75810979992741,27.206907400056537],[107.77671029974061,27.212627900357347],[107.77832829971135,27.217418400039207],[107.77426929958858,27.220449400419568],[107.74315580010017,27.221071400324888],[107.72530379973063,27.229541899738933],[107.70477279992485,27.231628399730937],[107.68019080036521,27.238799900395122],[107.66217779976569,27.238099899590736],[107.65856929973347,27.220731899957286],[107.66278079969419,27.210370399674275],[107.66937229969193,27.20410540034402],[107.67286679986296,27.197877900045114],[107.68020630018066,27.173732899953393],[107.68549330027565,27.165420399731715],[107.69484729996299,27.156143399997973],[107.70082030021672,27.14369789983823],[107.69996630040453,27.13889689967226],[107.6834028000992,27.113895399653018],[107.67887880011659,27.10363939973854],[107.67159279956809,27.09708190040942],[107.67150880019102,27.092042900059823],[107.67476630022463,27.086730899711313],[107.67594129955137,27.07961639987701],[107.67281330009376,27.076446400281213],[107.66639730009541,27.07698239981795],[107.65464779965629,27.08124740044724],[107.64842979979551,27.077426899631746],[107.63445280005675,27.052846900164354],[107.63333079957681,27.046674899726895],[107.63645179961094,27.03220189959802],[107.65167980038257,27.00383940016826],[107.65973679961365,26.993430900415774],[107.66220830027288,26.987672900184236],[107.66159830002158,26.981265899701555],[107.6586912999636,26.97557039965426],[107.64161680037512,26.96683889989538],[107.62993630042001,26.957353400439104],[107.60836780043371,26.920944399564462],[107.60649879967991,26.91592390006798],[107.60635380018778,26.906303399782132],[107.61165630009822,26.900514399919643],[107.63194280032002,26.88538189995478],[107.64100630010074,26.874273400297227],[107.6434633000913,26.86737040032375],[107.64116680030764,26.850898899764445],[107.64289830011654,26.846753900172416],[107.64669829998661,26.843959899929473],[107.65872179957148,26.842670399819156],[107.69106279990837,26.84525690038572],[107.69442730037969,26.84796690035222],[107.70075229977886,26.858887400333288],[107.70513929973896,26.860668399726933],[107.71690379997045,26.85891739991814],[107.72654730041762,26.85329839980136],[107.73105579968546,26.846595900080786],[107.73969279958311,26.82472040032627],[107.75158730041363,26.816549400334623],[107.7604359998216,26.803863600424847],[107.7603774998218,26.801305999572264],[107.76626310036187,26.797837899899207],[107.77003509984007,26.798774899941748],[107.7723190001218,26.795118299669866],[107.7750670000421,26.794156999945642],[107.77923680023821,26.798089600354842],[107.7817739999702,26.803240999772356],[107.78340660043432,26.803545100126314],[107.78852400008259,26.799013699622606],[107.79372420031166,26.7870143998947],[107.79969780041324,26.783302699959677],[107.81644649990608,26.77931609975826],[107.818283699733,26.778504100084206],[107.81856880011009,26.776474299649237],[107.82373610044073,26.7771848998633],[107.82765599972464,26.771972500330662],[107.8364821000689,26.767881600355622],[107.84678849978951,26.774951400286966],[107.85165619997372,26.768780200246113],[107.8673310001256,26.76985899999289],[107.87110870040624,26.772467200301094],[107.87996039995255,26.76893480000109],[107.8876516997662,26.768661499628536],[107.89509640007884,26.76569839986132],[107.90216979999633,26.761077200252657],[107.90358269968192,26.758177099793386],[107.90242329999535,26.754104599947368],[107.91041839978936,26.747422799922333],[107.91335409991183,26.73901179965486],[107.91728659959693,26.73763060017211],[107.923777600356,26.73044159960017],[107.92608540012117,26.72995630024309],[107.93395229975891,26.737205399809397],[107.95223230008065,26.766393400435106],[107.95585629992837,26.769798400076127],[107.96436330012625,26.7736128997156],[107.97100829989319,26.77262690011139],[107.9932633000613,26.750366399689653],[107.99606279965855,26.749189400270666],[107.99999979955118,26.75143440037732],[108.00286879965546,26.751371400170058],[108.01048280004125,26.749084399925152],[108.02429180012655,26.748218399559562],[108.03331679993045,26.749561400338393],[108.05531329986894,26.761535400338516],[108.06646729982606,26.764880899933644],[108.07388280005125,26.764201900097646],[108.07942180007609,26.761512900200216],[108.09897219980724,26.759648000354957],[108.10226170041722,26.76303640030966],[108.10538729958427,26.76997189998326],[108.10876600035067,26.770082700056605],[108.11306969970695,26.772820200392005],[108.11508930003123,26.777534600341596]]]}},{"type":"Feature","properties":{"shapeName":"Hezhang County","shapeISO":"","shapeID":"62558664B86119836992713","shapeGroup":"CHN","shapeType":"ADM3"},"geometry":{"type":"Polygon","coordinates":[[[104.86379999977021,27.293619199866214],[104.84867099996671,27.31710429992353],[104.85102840004066,27.34186359992526],[104.81385039967626,27.35464479991765],[104.77198029985101,27.31813050012255],[104.74463650027434,27.324560200392966],[104.75914760018168,27.341854100386456],[104.73465729999447,27.344867699784572],[104.67102809966713,27.32670210042164],[104.64861300038973,27.329031000080647],[104.6091613996789,27.312877700345666],[104.57343289960869,27.332942999719705],[104.53295139978735,27.338981600120803],[104.5061417003792,27.386604299748683],[104.51081849967409,27.405204799561886],[104.43121339987857,27.433555599711212],[104.3888015997141,27.461942700095562],[104.34367370038103,27.46536059961204],[104.32597350017693,27.42049979982596],[104.30098719959966,27.401214600273647],[104.29991909998654,27.36661150012071],[104.27033230039541,27.364908200353227],[104.2429504001409,27.335273699821414],[104.25315090019393,27.305150999619002],[104.17970740017643,27.273194800299848],[104.18479130007847,27.264037899629443],[104.1938783000436,27.25795939990644],[104.23415380025773,27.265529400061837],[104.25164029995994,27.265500899646838],[104.27114079990804,27.26892840032548],[104.27661130037126,27.26417739976722],[104.2811432998235,27.252315400435407],[104.29794330024316,27.22730039979365],[104.29802679959721,27.22338289990097],[104.3052672998461,27.21690389969524],[104.29672229969441,27.19661140009606],[104.29667680029416,27.18983240044497],[104.3024597998799,27.17172590003031],[104.30748729969918,27.16793239956064],[104.31925179993067,27.16485589977998],[104.3192062996311,27.15958390037673],[104.31240079965721,27.146060899990573],[104.3156893002211,27.134744399734302],[104.32157129987564,27.133207399901607],[104.3257368004131,27.127910400244843],[104.32402030039663,27.12189489982984],[104.31639879966491,27.113651400092067],[104.31635280024159,27.106870400348726],[104.32219679994245,27.100059400121268],[104.33142830027589,27.096244899582473],[104.33477029970965,27.09246040042717],[104.3287887999632,27.07817840011313],[104.3321303002732,27.074395900150705],[104.34388730015883,27.073577900200007],[104.34971630006726,27.063751400306955],[104.34882330025516,27.055471399785347],[104.34456629999482,27.047208900070757],[104.33535779982265,27.04037489968192],[104.33439630044899,27.03707689957929],[104.33396130017394,27.012096399629172],[104.33611279956608,27.004787399818724],[104.34053780037925,26.99979389976869],[104.3462293002421,26.995961900221573],[104.3539582996359,26.993981899744938],[104.35984030018977,26.995420400431158],[104.36441779994158,26.99844489961248],[104.36656179988722,27.011300899816717],[104.37006380040413,27.01844039990459],[104.3736192997909,27.021683900191874],[104.38207230019657,27.022691899911308],[104.38881680005534,27.017263399586284],[104.4030302999085,27.00938789973185],[104.41330729989204,27.008123399875046],[104.43074780017088,27.009675900422508],[104.45046230009513,26.99246039972769],[104.47023029978857,26.99151039998503],[104.47411329988893,26.989257900431824],[104.48332980043,26.96895590039452],[104.49085979964008,26.96146939959317],[104.51526630009971,26.95781139997615],[104.54811030025024,26.95766240029957],[104.56501780023137,26.95965190031501],[104.5719067995592,26.96315189984034],[104.57830829978826,26.963897900068105],[104.58759329989095,26.960086899690737],[104.59484879993221,26.95327939962465],[104.60059330044055,26.943479400054343],[104.59870130042475,26.92902739999454],[104.60186779985912,26.920806400395122],[104.60752079974515,26.919711900284028],[104.61287680032416,26.921593399815606],[104.62203229985084,26.929922399898885],[104.62764729978312,26.932264399982103],[104.6353608002608,26.930726900126388],[104.64000679957422,26.92778989958424],[104.64292930034702,26.91842090010448],[104.65148930029102,26.908870900371824],[104.65367130019041,26.896516899935023],[104.63680280020913,26.86704239958715],[104.64246379956478,26.865487899846755],[104.64534830038383,26.85863889966555],[104.64601130038125,26.844436400319694],[104.64913180039235,26.84033940024318],[104.65656280043294,26.84063340031122],[104.66499329980098,26.842996399564242],[104.67212679961216,26.84695390040224],[104.68177030005938,26.855972399906364],[104.68842330019521,26.858318400174085],[104.69965380008284,26.83687389961085],[104.70284279965551,26.80586639961473],[104.70258330027917,26.800237399936123],[104.72064979974851,26.786178400013227],[104.75435630010321,26.769492900377088],[104.75414280015019,26.792865899941376],[104.75817880011158,26.799541400215503],[104.76908879960848,26.810855900379522],[104.78765879981381,26.824746899749698],[104.79347980025261,26.832355399881862],[104.79818729970418,26.849345900093283],[104.81829829992665,26.865308899686],[104.82183080005143,26.871291900400934],[104.82303629988542,26.878866399864535],[104.82734679991495,26.884164899590473],[104.8355177999066,26.88858039996552],[104.84268180022497,26.8900069000984],[104.85195179963591,26.885492399654595],[104.86049629976446,26.875470899762263],[104.86421979970407,26.860833900164437],[104.87017079984258,26.85400389996005],[104.8874512999376,26.840835399733976],[104.89826979971156,26.8347264004031],[104.90827179960394,26.833648900176627],[104.91388680043553,26.83597939972958],[104.92327880007662,26.84704139994068],[104.9341203000119,26.869340900362317],[104.94500730024674,26.88682539997228],[104.95897679963963,26.90226939991294],[104.9663773000724,26.90712940010178],[104.98557280034453,26.912980900148455],[104.99552929993729,26.918084899898247],[105.00525679976158,26.92066590021119],[105.0157623003899,26.921188400024676],[105.0183027997345,26.92510039966379],[105.03028079991907,26.935254900293444],[105.03433980004178,26.941005900202185],[105.03531630010724,26.946740900272403],[105.03321080013836,26.955892399614584],[105.02931979966905,26.961597400100004],[105.02084329997837,26.9624614003734],[105.00344829999909,26.955940400029476],[104.97630330005734,26.950727399749724],[104.96322629955415,26.94995490009859],[104.94008629994283,26.955301900262555],[104.93646280011819,26.960548400288474],[104.9386977997637,26.96972639995346],[104.9460373000814,26.98123189993231],[104.95189729962073,26.98631090032785],[104.9736328001137,26.998136399775092],[105.02213280008874,27.031661899876838],[105.02390279987435,27.03533940039307],[105.0134733000528,27.058187400028544],[105.00927729990752,27.085683899992034],[105.00605779982766,27.097017400132984],[105.00190729998195,27.10157790000011],[104.97427379999596,27.111646400261236],[104.9667663000248,27.118499899750645],[104.96516599961126,27.132641399880754],[104.95094469993802,27.137889700349433],[104.93890380027023,27.155935400298517],[104.93765280013668,27.16354739969279],[104.93374629985192,27.168788900387483],[104.91388680043553,27.178277900005128],[104.88778680012081,27.19436239980496],[104.87583930044343,27.20939989988551],[104.87528980028412,27.213977899660392],[104.88437630022611,27.233743400137882],[104.88610830005808,27.241544900177075],[104.88188180030488,27.254573900265314],[104.86702729967021,27.277375899578146],[104.86379999977021,27.293619199866214]]]}},{"type":"Feature","properties":{"shapeName":"Leishan County","shapeISO":"","shapeID":"62558664B59143489641378","shapeGroup":"CHN","shapeType":"ADM3"},"geometry":{"type":"Polygon","coordinates":[[[108.29694380011637,26.345292900347147],[108.28906229998523,26.352886399787565],[108.28431629965758,26.36198989961423],[108.28444680027968,26.371858399645475],[108.27969379962923,26.380502899888995],[108.27884680013977,26.38512039968674],[108.28254679989499,26.394876399925977],[108.28492729995497,26.39664090035734],[108.297073299793,26.39993490027547],[108.30448129967232,26.39970440043777],[108.30178080014389,26.408969899641193],[108.30197930030454,26.41401690035974],[108.30483229967098,26.421272400400994],[108.30771629956763,26.423250399886115],[108.32264730013287,26.42553540003871],[108.32373830008254,26.427337400400745],[108.32257829964885,26.430129899675194],[108.31375079995951,26.433391399893253],[108.31136379959975,26.437370399924077],[108.30972280036701,26.441095399932806],[108.31154629992187,26.448613400388183],[108.3096238002982,26.458087900236478],[108.29801179990471,26.468324400151005],[108.28563680029816,26.47261640022674],[108.27146929986833,26.482929400071782],[108.26756279958357,26.487642399776973],[108.26274879971737,26.50179839967643],[108.26052080039466,26.503703900314804],[108.24234030016476,26.50334940015472],[108.2347412995714,26.505420900354295],[108.23206330018121,26.50894540011018],[108.23251330024868,26.513753899722758],[108.24839030037214,26.527038899925344],[108.24861129977171,26.53254140006561],[108.2426908001404,26.538234900020655],[108.21250130009497,26.551791400153036],[108.2019193004354,26.562679400434035],[108.20234680036458,26.56666990009586],[108.19175459969506,26.567141500080197],[108.19047429964928,26.562806300170678],[108.17972869981969,26.559779700173067],[108.17254980043299,26.555812299598017],[108.17991160034012,26.548613400188344],[108.17597919958047,26.541127699783544],[108.17282409995232,26.540064100378004],[108.16637679994943,26.544441099876906],[108.16363320041194,26.54869519982367],[108.14854369973204,26.536914199730575],[108.14826940021271,26.539245899878438],[108.14685189959556,26.53904140034041],[108.14625740005903,26.536136900397707],[108.14296519968428,26.533682399623103],[108.13638070000934,26.53490960009799],[108.13491750034245,26.52930499992584],[108.13716499966506,26.523314999787488],[108.13467609982223,26.5187496004138],[108.13757990009236,26.515928699649805],[108.13724799989535,26.512922099675222],[108.13343169981317,26.508542000213197],[108.13770429971373,26.503196500118463],[108.13629390014341,26.500932000011858],[108.1270021002668,26.49365569955097],[108.12306129983915,26.4926903996423],[108.12077979984792,26.48908920030641],[108.12227319964853,26.487715500270156],[108.12065540022661,26.487084300300296],[108.11563610042577,26.48920050040283],[108.11061679972556,26.48920050040283],[108.1087502001617,26.49079700028136],[108.09937530023001,26.489237699959915],[108.09634720016322,26.490425699886202],[108.09078779991711,26.483662600248863],[108.09265529970236,26.48032689966675],[108.09207460026266,26.475462800368007],[108.08693089994114,26.471861000285003],[108.08394420016475,26.47163820044267],[108.07826119979461,26.47509149997279],[108.07646659995368,26.48007389969075],[108.06851310009955,26.482628899704025],[108.06216640005937,26.487455599796135],[108.05818410041599,26.48730710014263],[108.05005380014285,26.49105689985612],[108.05063449958254,26.502565399973264],[108.04490999999655,26.50661169987012],[108.04347949967922,26.505445899708548],[108.0370336997455,26.509951299912586],[108.03580769986553,26.51292819977664],[108.03240620038588,26.51456140008861],[108.02377800035447,26.513225199983026],[108.02104030036963,26.510849499604774],[108.01838540006622,26.513596399654148],[108.01432020001727,26.513893300035818],[108.01305989999446,26.51103359982085],[108.00874870029236,26.508939499658254],[108.0082863003725,26.506488499944396],[108.01054990025773,26.501194799900134],[108.00703520041424,26.49386370014969],[108.0098402002651,26.48382320028054],[108.00768319971996,26.476323000106447],[108.00033169974819,26.477276199636947],[107.99548329991444,26.460952900156258],[107.99140929999925,26.461913900406216],[107.98565680002139,26.471841899584035],[107.98184180035884,26.472798899649547],[107.97746279986836,26.469402400400497],[107.97579180015151,26.458862399979807],[107.97115330028464,26.45523840013209],[107.96504229996225,26.457366900262286],[107.9585573003792,26.4695969003767],[107.95398730007389,26.472856399603188],[107.94963830006753,26.47129639960923],[107.94474029992494,26.46767239976151],[107.94378680002086,26.452535399589067],[107.94165779986764,26.445213400078387],[107.92790229955153,26.42699039968727],[107.92604080004293,26.420812399872432],[107.92687229971693,26.405198900209143],[107.94754779989114,26.38433240022016],[107.95529179997664,26.370483400088915],[107.95645130038724,26.360605399619544],[107.95510080016186,26.35465040019585],[107.94394680020474,26.34076290008784],[107.94541929976094,26.335239399878446],[107.95900730044661,26.319953900052496],[107.9939422998973,26.298017400182914],[108.01789830026638,26.284890900095036],[108.02498629977799,26.26952940036159],[108.02929679980753,26.255166899932533],[108.04553979972206,26.23884389992611],[108.05602280021213,26.22567539969998],[108.06223279970402,26.220897399695275],[108.06823729961172,26.217965900306126],[108.07718680043058,26.2183873999586],[108.08135230006866,26.22033139967442],[108.08808130011198,26.229541899938795],[108.09356680036763,26.23305139990225],[108.0998312996748,26.229648400353426],[108.10282129996307,26.22106190008668],[108.10550679969913,26.21776940023767],[108.11074830039382,26.21462890020365],[108.12423680008834,26.21376039972273],[108.12870780032478,26.21041290003535],[108.12959279976798,26.20694140002564],[108.11650080037168,26.191493899923614],[108.11387629985143,26.183076900278763],[108.11118329976955,26.152622399704057],[108.11286930017815,26.136727899672906],[108.12571730001343,26.119119399740555],[108.1284863000028,26.111688399699915],[108.12796780037377,26.100787899741817],[108.1454773002373,26.098420900304347],[108.15146630032956,26.088367399835704],[108.15399179988174,26.08117089981721],[108.15390779960535,26.072448899597077],[108.15650929996428,26.060430400242808],[108.15563980033659,26.05127339974763],[108.16171279980591,26.036853900287326],[108.16670980001732,26.034173899905625],[108.17623929970398,26.036638400242055],[108.18798830012003,26.043853900237366],[108.20413229996575,26.05897140040986],[108.2110368000084,26.07253439994264],[108.21412680041158,26.073584899823345],[108.2171172998236,26.08854690001948],[108.22483080030128,26.096574899711925],[108.22707380031568,26.10178539987635],[108.22722630015369,26.10591489965293],[108.2190398003466,26.118106899813654],[108.21842129970327,26.122030399983032],[108.22350280021413,26.13450090039629],[108.2269363002701,26.15069789998813],[108.22448729974917,26.15973090016098],[108.21228780014195,26.167451900085155],[108.22631829964985,26.186765400402976],[108.23381780015143,26.202375399904838],[108.24107380021576,26.204906399710637],[108.25621030036513,26.200534899566037],[108.2611082996084,26.20175940027616],[108.26825730013434,26.208194900274464],[108.27348380013734,26.21744739977771],[108.27622979996534,26.24835789979727],[108.28872679980202,26.261052899771585],[108.28604880041189,26.27698139957198],[108.28708629969304,26.283838400122136],[108.28582780011294,26.310053400344202],[108.28721630029207,26.312991900056204],[108.29763779974473,26.317947400152434],[108.30119330003083,26.323804899576487],[108.2960967997276,26.336822400033782],[108.29694380011637,26.345292900347147]]]}},{"type":"Feature","properties":{"shapeName":"Fuquan City","shapeISO":"","shapeID":"62558664B90984184048850","shapeGroup":"CHN","shapeType":"ADM3"},"geometry":{"type":"Polygon","coordinates":[[[107.25131150002579,26.796375399904832],[107.2498024996857,26.790804599852436],[107.25013730019629,26.7820223999139],[107.2549133001088,26.762628400380436],[107.26122279969252,26.7543219004354],[107.26941679984549,26.755620900084523],[107.27435279994182,26.760843399903024],[107.28025829978077,26.76239190026604],[107.29099280017766,26.759313400393182],[107.2950362995856,26.75560740036127],[107.30420679980404,26.752540400119415],[107.30795279988189,26.74425640031268],[107.31405629985841,26.741218399609522],[107.31733680005334,26.736373900135447],[107.3190613004387,26.73085790027193],[107.32051079983358,26.703117399848168],[107.32453930034848,26.697807399591852],[107.33542629968406,26.68899339962576],[107.35703279962405,26.676406900158383],[107.35948929959159,26.66790390014495],[107.36023729991155,26.62641889991238],[107.35817730024229,26.605357899947194],[107.35481279977097,26.60126690014738],[107.33277129955587,26.59781640020674],[107.32421879995769,26.588274399943657],[107.32311230019258,26.58186890042947],[107.33112330000034,26.567583399954003],[107.33690629958613,26.56042289979706],[107.35134129976126,26.549280400370208],[107.359786799821,26.549884900367886],[107.38938879975336,26.545919400060313],[107.39378330005928,26.548852900441034],[107.396140799958,26.55409939956769],[107.40132129963831,26.559089400355617],[107.42059329984096,26.566222900166736],[107.44863129959487,26.579221899770914],[107.45658130018694,26.58074189971893],[107.4632032997925,26.578836399979934],[107.46698779984712,26.57535739962435],[107.46016630003476,26.562599400342094],[107.46161630035203,26.556396400273684],[107.46571330042855,26.556352400043295],[107.47270980021716,26.56315239976351],[107.47810379985054,26.56515689957132],[107.48674780007099,26.561624400345863],[107.4922637999345,26.55308739966381],[107.49941230043737,26.553008899641043],[107.50538629983794,26.559818399799383],[107.50933880044533,26.568483400088894],[107.51605980011976,26.573680899653823],[107.53634630034156,26.579641400230514],[107.54125229995373,26.582795900010808],[107.54747780016044,26.589141900378422],[107.55536629971505,26.604636899973002],[107.56210330012726,26.610519399650627],[107.56826780021885,26.612279899897487],[107.57436379984955,26.6094629003926],[107.59076679994791,26.594146900059457],[107.59944129977623,26.592672400411004],[107.6043397999419,26.59513839991729],[107.60816930027306,26.612279899897487],[107.61844630025661,26.615596899976993],[107.62687679962465,26.614581899934763],[107.63601680023521,26.61080540024909],[107.64309680027719,26.604764899580516],[107.65428179986526,26.583318899847427],[107.66467279970999,26.576547399642834],[107.67742180037584,26.57455839965047],[107.70935830004555,26.573020899794756],[107.7258072995673,26.57831740032782],[107.73436730041067,26.586231400159022],[107.73676280026308,26.591703399792095],[107.73612979985046,26.600187399828712],[107.73441329983399,26.605251400431825],[107.72963729992154,26.61081139962647],[107.72431930019559,26.61385689977618],[107.72133630023012,26.619165399963265],[107.71404280023512,26.64331790040086],[107.709503300437,26.64795690029075],[107.6955573003292,26.6563799002123],[107.68711080022331,26.67275239980347],[107.68373170015792,26.698952599882602],[107.68759899989396,26.70075079970968],[107.68874789999563,26.704945500334645],[107.68440209977712,26.711103500126455],[107.68374390036075,26.716707600275583],[107.68644870044722,26.717764700280725],[107.6922562002635,26.72526410005821],[107.6947045002126,26.72604519992609],[107.69630479972676,26.733284999603086],[107.69197739963732,26.73514010043533],[107.69214559983965,26.73972459961061],[107.70453319984733,26.75186240032957],[107.70463880004064,26.75651039973519],[107.71426100004516,26.754985199907082],[107.71513530025396,26.75779570001157],[107.71792709985584,26.75935369991339],[107.71689280036253,26.76320170019835],[107.7209535002039,26.771419900208286],[107.73057370011622,26.772334900135604],[107.73211620020254,26.777636599649384],[107.73627230012659,26.77804720041803],[107.73948010002664,26.783674399653876],[107.74606800003824,26.787102199806725],[107.74348210021878,26.791783100010093],[107.75097320015311,26.794995999965465],[107.75638850022915,26.794837499850814],[107.75825020028657,26.79735070027465],[107.75818300024531,26.8017352999442],[107.7603774998218,26.801305999572264],[107.7604359998216,26.803863600424847],[107.75158730041363,26.816549400334623],[107.73969279958311,26.82472040032627],[107.73105579968546,26.846595900080786],[107.72654730041762,26.85329839980136],[107.71690379997045,26.85891739991814],[107.70513929973896,26.860668399726933],[107.70075229977886,26.858887400333288],[107.69442730037969,26.84796690035222],[107.69106279990837,26.84525690038572],[107.65872179957148,26.842670399819156],[107.64669829998661,26.843959899929473],[107.64289830011654,26.846753900172416],[107.64116680030764,26.850898899764445],[107.6434633000913,26.86737040032375],[107.64100630010074,26.874273400297227],[107.63194280032002,26.88538189995478],[107.61165630009822,26.900514399919643],[107.60635380018778,26.906303399782132],[107.60119629976947,26.904300900066517],[107.59673329990193,26.89656040014239],[107.59156029966817,26.89432889975899],[107.58490730043161,26.894862900102794],[107.56857279989487,26.900090900174973],[107.55597629996635,26.898858900018297],[107.5505677996643,26.896400399958566],[107.54572280016714,26.89782890018364],[107.54167180041333,26.901769400237697],[107.5401992999578,26.906598899919345],[107.5410767999544,26.91392140035242],[107.5519103004201,26.936712400057274],[107.55407729962775,26.945163900393766],[107.5524062999109,26.953662900222696],[107.5486222998793,26.9576014001845],[107.52751180032936,26.970439899581777],[107.5193178001764,26.9716758999229],[107.49533130019938,26.962314399889692],[107.45599380007388,26.956090899775234],[107.44023880018057,26.948465399758447],[107.41764829982924,26.946639900111336],[107.40843979965712,26.948566399919457],[107.40207680030414,26.953443399992977],[107.39153279969901,26.96959090000007],[107.38855730007941,26.978326899966532],[107.38701630006227,26.998048900236597],[107.38429280037252,27.006095899905915],[107.37650279996433,27.018316399582204],[107.36786630008976,27.026880399710706],[107.3594967999374,27.034066900167375],[107.35083029957872,27.03896690040216],[107.34411630022714,27.03651040043468],[107.33190930027405,27.02425590008977],[107.31330879956153,27.014812399872426],[107.30626680037261,27.006173899905605],[107.29750079992203,27.002132399690538],[107.28153980042151,26.997703399592297],[107.25676730017085,26.98647489979686],[107.24606929965853,26.968140600208585],[107.24890709958305,26.948641399780854],[107.25183020020364,26.947264099758456],[107.26105249957328,26.91172399956298],[107.26768809962618,26.898489400065785],[107.27385159967167,26.8763785000678],[107.2746853998114,26.86785109964859],[107.27315209978963,26.848694499551584],[107.26587709974842,26.84581430018983],[107.26386659966391,26.84317839986329],[107.2628986998152,26.83569590014571],[107.26502839964098,26.83224990041265],[107.26471610016796,26.82146240026958],[107.26233810022319,26.821066700367965],[107.26201640013682,26.807050400255832],[107.25856740026535,26.801142000103255],[107.2561192999658,26.800423199870806],[107.25393439975278,26.79685290034115],[107.25131150002579,26.796375399904832]]]}},{"type":"Feature","properties":{"shapeName":"Duyun City","shapeISO":"","shapeID":"62558664B89383078148457","shapeGroup":"CHN","shapeType":"ADM3"},"geometry":{"type":"Polygon","coordinates":[[[107.7422788001266,26.18208490039791],[107.73784629986693,26.191766899922527],[107.73758629956814,26.207584400000087],[107.75039680037207,26.24363489963099],[107.76777629963658,26.278020899844705],[107.77533730027625,26.304736899788168],[107.77548980011426,26.313445400285048],[107.77095030031614,26.316939899556758],[107.76129130005353,26.31935690040069],[107.73272680030163,26.319948399798875],[107.72444929989535,26.312946399756584],[107.70777880005164,26.306966900102395],[107.70008829973528,26.304769400387556],[107.67862680018675,26.303199899955473],[107.67041079991856,26.299173400432153],[107.65926430030726,26.287620400061485],[107.64977279967502,26.283609400353612],[107.64338680016078,26.283456899616283],[107.63886280017817,26.288093400290222],[107.63487229961697,26.310828900133686],[107.61995679976656,26.338048899936837],[107.61215279961209,26.344787400418227],[107.59642029985702,26.350930900440744],[107.58656330035609,26.357003899910126],[107.58386980025114,26.365514900292453],[107.56532280020713,26.370769399788003],[107.55586979955166,26.371105399994292],[107.53996279984341,26.36440889965104],[107.53423330002681,26.356681900349486],[107.52958679979105,26.35306539994832],[107.52528380010733,26.355405899962363],[107.5200803002657,26.367152900286158],[107.5203397996421,26.385711399961167],[107.51582330000537,26.40959739980019],[107.5141067999889,26.415344400423805],[107.5088197998939,26.420444399989094],[107.50196080015087,26.422813400418136],[107.49633030040309,26.422186400282214],[107.46172329989042,26.411788900137708],[107.4435503000064,26.40854439980427],[107.43942280032206,26.405380399585795],[107.43390580041245,26.39375090018393],[107.42639180014152,26.385806899868612],[107.41945629956865,26.38290039983366],[107.40923330027664,26.38140139995471],[107.39164729958327,26.383186400432066],[107.38326279963854,26.386022399913884],[107.3726503003711,26.395067399740753],[107.36479180040135,26.399728899768945],[107.34396430041221,26.407956899691214],[107.33585379961323,26.399823899653313],[107.33039080039521,26.38654689981962],[107.34004230031195,26.34357240014623],[107.34430680001884,26.333677399792236],[107.34912129990812,26.32837089969729],[107.35011279976595,26.323543900130915],[107.34903729963173,26.316896900271786],[107.32797979982797,26.296596400303656],[107.29035929974197,26.27661889994232],[107.27625280032652,26.265219900378156],[107.2772218000461,26.25741390013144],[107.28482830008602,26.25071539969599],[107.29601279965107,26.245603399577305],[107.29575330027467,26.243768900414466],[107.29241179996467,26.241033400171318],[107.28323380029968,26.240625400242095],[107.2753523001686,26.244340899812755],[107.26799780005848,26.25011990011336],[107.26389329963615,26.245551899900306],[107.26331329986897,26.23316189960201],[107.25968930002125,26.2265264002732],[107.25379929999775,26.22150789996965],[107.22438030041059,26.20376390008397],[107.22128279966154,26.197812899945404],[107.22293829956294,26.176231400258985],[107.2046433003481,26.140062399660053],[107.20020279971948,26.12310039986363],[107.1927488004169,26.11097340000248],[107.18713379958524,26.10709940031711],[107.17719279980793,26.10600090002157],[107.17006680034262,26.107871899968245],[107.16346729997599,26.111575899907905],[107.15561680037507,26.118957400363797],[107.15101629956263,26.11783239974551],[107.14257829984871,26.109378900216143],[107.13742829977627,26.099534900415392],[107.13018780042671,26.078224399736314],[107.13063829961789,26.066285899574666],[107.13519280010769,26.06006989980608],[107.15396879992022,26.050571399750368],[107.16230779956538,26.0404338999046],[107.16960879990626,26.025480400100435],[107.17366079970623,26.022018399629474],[107.1825483003638,26.019449399869984],[107.19017779966578,26.01895340037919],[107.19680779964028,26.02029590023568],[107.20365879991374,26.017738400107135],[107.21025830028037,26.014491899681502],[107.21858230013311,26.003202399771],[107.22004680021973,25.99194689962974],[107.21594229979735,25.986921399902712],[107.20115679964664,25.983093399640723],[107.19860079958727,25.97897540039446],[107.201087800062,25.969093399740643],[107.20764180012901,25.95919240000933],[107.2170028001392,25.950881899879846],[107.2347873000939,25.948034899890786],[107.24418630005778,25.94890190030253],[107.25363929981387,25.953901399729887],[107.25927729990752,25.960525400327015],[107.27136229963048,25.9818058996226],[107.28211229984282,25.992072900044377],[107.28215029979657,25.99781040022981],[107.27584879968242,26.00656690024232],[107.27790830022792,26.010227399974553],[107.28325630043798,26.0108868998106],[107.29238879980335,26.006473400427126],[107.32837680014927,25.9879024001757],[107.33748630025264,25.979816399607216],[107.3593597999149,25.979224900209033],[107.36187729999745,25.97576689992252],[107.36105329977005,25.967508400392433],[107.34404729974312,25.936166900282274],[107.33928679964617,25.91003440026742],[107.3402328001037,25.89855389964282],[107.3495712999756,25.8906919004109],[107.35945129963784,25.886041399990688],[107.37770829979826,25.88087640012583],[107.38406379970468,25.88037889966654],[107.40596030042758,25.88574789994567],[107.41204080024278,25.88341540030052],[107.41555779965279,25.878110900297884],[107.41671680004038,25.86318389991709],[107.41973880000569,25.859950900113972],[107.43598930026604,25.858236400189753],[107.47044380004138,25.87636389977422],[107.47402929991233,25.880012399852433],[107.4753567999764,25.88711740014793],[107.46820080002698,25.914019899698644],[107.47107679955474,25.922952399733504],[107.47543329990691,25.92774190026853],[107.48462680028666,25.933645400015223],[107.51805879967395,25.94740689970871],[107.51988230012813,25.95175539969199],[107.52028629987291,25.970113900036495],[107.52266679993295,25.980884400294883],[107.52941880013759,25.99667139986525],[107.53839879966495,26.00532739973977],[107.54477679970961,26.006885399641533],[107.55113229961597,26.00661089957339],[107.56356830023691,26.002614899657942],[107.57375329957517,26.00276540030302],[107.60384379955178,26.01033789967437],[107.60941330008382,26.0075399001463],[107.62503029990847,25.992038900275077],[107.6318663003895,25.989229400216686],[107.64002980003528,25.99031239979746],[107.65231329991894,25.99709689970223],[107.67170730035167,26.00497040036373],[107.6809007998321,26.007188900147696],[107.70890029960918,26.034036399860042],[107.72445680024117,26.03803239977549],[107.7526702999944,26.057756400137805],[107.761145799639,26.065023899833136],[107.76323679983852,26.07005489981384],[107.76486979960163,26.07990840005266],[107.76582330040503,26.121442899869976],[107.76157379959125,26.128595399658025],[107.75803380001992,26.131381899555095],[107.7448272998401,26.135629400276628],[107.73876179981727,26.139814399914655],[107.73322279979243,26.14628989995896],[107.73129279982294,26.15571590026866],[107.73578630019767,26.173349399555207],[107.7422788001266,26.18208490039791]]]}},{"type":"Feature","properties":{"shapeName":"Dushan County","shapeISO":"","shapeID":"62558664B7236346864015","shapeGroup":"CHN","shapeType":"ADM3"},"geometry":{"type":"Polygon","coordinates":[[[107.65181009955649,25.318407800179898],[107.65450270033944,25.325527200420026],[107.66288189967997,25.33479130027831],[107.66205900022277,25.34067399960543],[107.65801900007688,25.346421199878534],[107.64604869988767,25.353655500201228],[107.64230800041395,25.362444300264315],[107.64185910021735,25.37015080041914],[107.64380429962881,25.37907360036644],[107.65151010011107,25.396646800109806],[107.6524826998168,25.40394569963439],[107.64230800041395,25.421920700280168],[107.63168430009046,25.432393599584998],[107.62412810003184,25.443135799977256],[107.6257739996704,25.461510300160285],[107.63572430023635,25.473803400306736],[107.6377442998596,25.479274100419445],[107.63572430023635,25.493051000103605],[107.62936509961969,25.50871700038931],[107.62629770007885,25.523233300176685],[107.62712070026015,25.53113199984199],[107.63048729974912,25.54031289982055],[107.63033770022474,25.5517204996014],[107.62801839992926,25.563666900307283],[107.63018799997627,25.589377999595058],[107.637295399663,25.598554400265414],[107.64844269967091,25.604626600237452],[107.66609889964457,25.606380700009368],[107.70208460042403,25.61353200010177],[107.72490299977369,25.62365090016897],[107.73767909971076,25.62141109994235],[107.7513565002024,25.61658210028378],[107.76182049981628,25.616284900427843],[107.76973039963832,25.622228400220536],[107.77071909990661,25.631068699960565],[107.76849450002123,25.643176799669618],[107.77063670042344,25.645182300422903],[107.77500359963648,25.64577649958585],[107.78184250043108,25.643232099881573],[107.77958680019071,25.65010639979056],[107.78064729963324,25.65491690039471],[107.78938279957657,25.664249399989842],[107.78916929962355,25.667922900321628],[107.78392779982818,25.67623339955179],[107.78475930040145,25.682193900128425],[107.79119130023838,25.690398899889374],[107.79225179968086,25.69497889975645],[107.78775029983655,25.724628400080633],[107.79189280021262,25.731935399798886],[107.80265029987152,25.740560400042455],[107.80506929990833,25.753162400224653],[107.80893730021631,25.75886339962625],[107.81607030000441,25.760633400311235],[107.82499679976257,25.765140400409223],[107.82937630027612,25.770379900112346],[107.82852929988735,25.784847399987598],[107.82630179968834,25.79060540021908],[107.81381230019758,25.809543400307746],[107.80753330022168,25.8157979000531],[107.78986380017432,25.82606140031345],[107.78378280033604,25.82795090021392],[107.77921280003073,25.82776439970735],[107.7656633002212,25.819392900362118],[107.75749979967605,25.816480400050466],[107.75090030020874,25.816541400165534],[107.72794330004331,25.831891900290998],[107.71298980023914,25.835923900067996],[107.69774629965207,25.8369693997181],[107.68990330039708,25.839332399870386],[107.68337229959201,25.846504399658386],[107.67888629956315,25.85617839971343],[107.67771929970598,25.865600399838627],[107.68032830041079,25.8729249003639],[107.69293229978587,25.88773739996111],[107.69938679976104,25.89801039976021],[107.7020032999124,25.90533240017021],[107.70291130041625,25.919555399562114],[107.70474230031698,25.924588899658033],[107.70858779958735,25.92823040031277],[107.71871930005574,25.92401140000618],[107.72582230025898,25.922801899987746],[107.73117829993868,25.92436240000478],[107.73484029974009,25.93374039989959],[107.73061379998694,25.943187900301382],[107.71627030043408,25.958230899736293],[107.69902029994694,25.96273789983428],[107.69219980018067,25.967157400393774],[107.68541730036816,25.975936899668227],[107.6807708001324,25.994336900127905],[107.67981730022831,26.0016899001688],[107.6809007998321,26.007188900147696],[107.67170730035167,26.00497040036373],[107.65231329991894,25.99709689970223],[107.64002980003528,25.99031239979746],[107.6318663003895,25.989229400216686],[107.62503029990847,25.992038900275077],[107.60941330008382,26.0075399001463],[107.60384379955178,26.01033789967437],[107.57375329957517,26.00276540030302],[107.56356830023691,26.002614899657942],[107.55113229961597,26.00661089957339],[107.54477679970961,26.006885399641533],[107.53839879966495,26.00532739973977],[107.52941880013759,25.99667139986525],[107.52266679993295,25.980884400294883],[107.52028629987291,25.970113900036495],[107.51988230012813,25.95175539969199],[107.51805879967395,25.94740689970871],[107.48462680028666,25.933645400015223],[107.47543329990691,25.92774190026853],[107.47107679955474,25.922952399733504],[107.46820080002698,25.914019899698644],[107.4753567999764,25.88711740014793],[107.47402929991233,25.880012399852433],[107.47044380004138,25.87636389977422],[107.43598930026604,25.858236400189753],[107.41973880000569,25.859950900113972],[107.41671680004038,25.86318389991709],[107.40950029999891,25.850608900080715],[107.41168980024412,25.837739900176302],[107.41745780003748,25.82691590014872],[107.43079379989399,25.80961439998464],[107.43521130036129,25.791221399847757],[107.42411779959684,25.768573899565865],[107.41654180006407,25.740850399926046],[107.41094980029311,25.706916899895077],[107.39557630000633,25.687047900040625],[107.39346379971465,25.67512889987887],[107.39089179981676,25.671701400099607],[107.37256630009472,25.663783900106978],[107.36593580009713,25.65946389963932],[107.36032879963443,25.654449400419537],[107.35672779994809,25.64781390019141],[107.35677330024765,25.617977400236896],[107.35941329968409,25.59799190040593],[107.35926029982306,25.57687739977223],[107.3547288003939,25.54500390030978],[107.34797680018926,25.523237400185906],[107.34413930038846,25.517753399999435],[107.33418279989638,25.507024899879298],[107.32362729966019,25.502134300257808],[107.32357699967883,25.498331200424616],[107.31592440039083,25.496513499698324],[107.31703200002681,25.49206000026885],[107.31552160034164,25.48615210013935],[107.3210597001451,25.48369789973833],[107.32267069979304,25.479062200360318],[107.32871230033243,25.477880500184995],[107.32307349984222,25.47388079955931],[107.32518800022609,25.46724470038265],[107.33131029963067,25.46556930028305],[107.32519320010618,25.460155399552093],[107.32760979985244,25.45051819975515],[107.31985649987763,25.446244900182023],[107.32005790035186,25.43687939996437],[107.31700980026216,25.43454890041147],[107.31089489958003,25.433060199568615],[107.30312890027858,25.436300800441643],[107.30356920025844,25.434437200116747],[107.29872369983894,25.431017099959263],[107.30303319982238,25.421963599740366],[107.30424050009907,25.41372420001187],[107.30817619957202,25.411325100173258],[107.30993769986503,25.405825699996115],[107.31170039985363,25.405049399810025],[107.32112030006186,25.40822360013908],[107.32438760000781,25.40750510028022],[107.32491910023634,25.404576899604308],[107.3398773997223,25.40592150027709],[107.35409639982907,25.396346600115578],[107.36066999972076,25.39805919977232],[107.3601753995751,25.399529799960362],[107.36426170041722,25.403594099787938],[107.365842300282,25.402917699891987],[107.3664398997816,25.403643700096723],[107.36291609969828,25.405281700090427],[107.36435859966969,25.40574710014863],[107.36249390037324,25.408381700055486],[107.37040390002005,25.41578159974108],[107.37602230028898,25.4159278996529],[107.38107729957778,25.413598800344403],[107.39806369977998,25.396448100299665],[107.41511119992202,25.396499299603022],[107.41937409973497,25.39324080042263],[107.4199818004198,25.387179799708065],[107.40697340020233,25.369253900247372],[107.40358729981409,25.354679099560826],[107.42236100006016,25.316790900080036],[107.42702810016675,25.29212219957992],[107.43343709984237,25.289572500170777],[107.44325279977693,25.290844700022944],[107.45730109956617,25.300679099560853],[107.46706829996214,25.30404729984309],[107.47573340007642,25.304216400266682],[107.48206210018583,25.290495700116537],[107.4847901000831,25.279739599802724],[107.47260629994088,25.255609200204503],[107.46463740009602,25.23517950003395],[107.46988759993286,25.227739399753546],[107.46908209965926,25.22555329984499],[107.46606130028886,25.22555329984499],[107.46616200007628,25.217537100157074],[107.47371389957686,25.214804199853972],[107.48579699993167,25.215441900123665],[107.49294610028238,25.213073299892926],[107.49928970035944,25.214439799956835],[107.49858489987326,25.220361000160096],[107.50014079985812,25.222997000311352],[107.50351880005263,25.223002700214522],[107.50744580038344,25.220725400057233],[107.50653949959826,25.21243559962329],[107.50945960008056,25.209884800343332],[107.51318519993708,25.210704699662188],[107.51177550003933,25.215897400444703],[107.51389010024798,25.218265899951348],[107.51801840032897,25.218721300447726],[107.51620600020681,25.225371099896392],[107.5215773000524,25.230399900135353],[107.52567099961698,25.225097800423214],[107.53141049989472,25.224642399926893],[107.53634440007409,25.228012700126044],[107.53241739974328,25.231291800076576],[107.53553879997571,25.233386699736457],[107.53828200021422,25.23872039982666],[107.55003850007677,25.243678800236466],[107.55406620019505,25.250600399988514],[107.56524299976468,25.2547896003598],[107.57007620015656,25.25988929955156],[107.57903779955484,25.259251799830736],[107.58558280010618,25.252057499553985],[107.59333610008099,25.253969999615833],[107.58709319979141,25.26380490007614],[107.5885028996891,25.26626359978536],[107.59424230014207,25.264442399796962],[107.60018310017,25.25870539963455],[107.60370740027633,25.26207479961238],[107.60259969991625,25.26498870016843],[107.60349140020799,25.269356899801153],[107.60894329999337,25.27118069972954],[107.60944679982998,25.281196399893986],[107.62796020030305,25.313211399586464],[107.63653300029779,25.31797420014925],[107.65181009955649,25.318407800179898]]]}},{"type":"Feature","properties":{"shapeName":"Changshun County","shapeISO":"","shapeID":"62558664B19516119568570","shapeGroup":"CHN","shapeType":"ADM3"},"geometry":{"type":"Polygon","coordinates":[[[106.62733730037615,26.23893360010561],[106.62050969956306,26.241153099935673],[106.61860030036365,26.240455299772293],[106.61265979980999,26.234492499629198],[106.61562999972477,26.23100349971179],[106.61456919990871,26.22986169975769],[106.61053820017787,26.232589500005474],[106.61046749997519,26.236395599977016],[106.6042440996855,26.238171699864097],[106.59335319999025,26.233477600311062],[106.59045370027809,26.225547800290826],[106.58882710009067,26.224786499897107],[106.58550330023718,26.22846599960627],[106.58012860005493,26.227260700321096],[106.57326870009052,26.231574499963244],[106.56987420003435,26.23214540038998],[106.5663381997482,26.23011540030552],[106.56584309957947,26.237918000215586],[106.564075099886,26.2384255002367],[106.54872890031857,26.235697799813636],[106.54505139980233,26.233414100080722],[106.53621140043583,26.233794700365195],[106.53111959998961,26.229671399615427],[106.53154390013094,26.234746300001802],[106.52701780023136,26.23614179960441],[106.51428819974069,26.23017889963654],[106.51329819995203,26.22523060041192],[106.51046940044256,26.224659600160464],[106.50650900019025,26.22878320038444],[106.50177079968273,26.227133799685134],[106.49971990025324,26.227514399969607],[106.49844699982924,26.229671399615427],[106.4991541997066,26.23176480010551],[106.50276090019543,26.23176480010551],[106.50714549986498,26.234999999650313],[106.50764060003371,26.238869500027477],[106.51322739992463,26.243690299667662],[106.51138870002853,26.253521600141767],[106.507428399601,26.253775299790277],[106.50403379972016,26.24920859999696],[106.49802259986313,26.249525700051095],[106.49773979995189,26.253394700405124],[106.499861399584,26.256629399926908],[106.49766899992449,26.262717800286282],[106.49278939991092,26.262844700022924],[106.48939480003008,26.264937499765836],[106.48415709987034,26.26459400011305],[106.47796579998175,26.270232900428084],[106.45500929983939,26.269405400039204],[106.4206008003867,26.274112900390094],[106.39360029991394,26.280393400435116],[106.37756329960666,26.287319399670594],[106.3581693000732,26.285089400255686],[106.35636829975726,26.281886900060442],[106.35381279972097,26.281665899761492],[106.35703279982391,26.25736239955512],[106.35471329987894,26.248433899704764],[106.34571829965984,26.234250900358802],[106.34010329972756,26.22876940028766],[106.33370979986745,26.22558039981567],[106.32554630022162,26.224685399911323],[106.31535329961514,26.22563190039193],[106.31001279975095,26.22977039968424],[106.30225379987303,26.240133400036427],[106.29353329972207,26.254794399841728],[106.28613280018862,26.250688900272564],[106.24170680012878,26.23315240006326],[106.2396467995602,26.22788439994514],[106.24754330038309,26.22557440043829],[106.25877380027072,26.227151900340004],[106.26998129999708,26.226438399812366],[106.27812180038086,26.221834399737816],[106.28164680015976,26.21105439994068],[106.28312680006184,26.198215399621063],[106.28436280040296,26.184692400134224],[106.28356180033688,26.173007899994616],[106.28122779972324,26.161783400383683],[106.26766180005211,26.142108899606058],[106.26763929991381,26.13592140025247],[106.28388229982835,26.117778899976315],[106.28563679979851,26.110437399566365],[106.28307330029264,26.105401900277514],[106.26596830019696,26.09307090000209],[106.25885030020123,26.095609400153762],[106.25302130029286,26.105476400115833],[106.24588779958236,26.10434740021242],[106.24205029978157,26.0963344003124],[106.23555779985264,26.0546399003112],[106.23197179995867,26.04845990040411],[106.21513379958526,26.035203899740225],[106.21383680002833,26.030164400266926],[106.21739180029141,26.022823399880053],[106.22604379998143,26.020971399910252],[106.25228130034179,26.031225399732477],[106.26323680013826,26.034179900182323],[106.27188879982833,26.034614400434293],[106.27974679977507,26.027721400022642],[106.31137829976876,25.975612399992315],[106.30829629973448,25.968517400157964],[106.28993230003567,25.954814899587973],[106.28024280016518,25.944757399834202],[106.27639780001851,25.93743340023127],[106.27510079956232,25.93033240012022],[106.27941129959186,25.927341399785803],[106.28806280015817,25.927320399716734],[106.2961882998502,25.925235899816983],[106.29795030016629,25.920417899766335],[106.29229730028027,25.905534899615986],[106.27619180041131,25.87601289977556],[106.26773079963675,25.854032399675532],[106.26109330021569,25.845109900101875],[106.2475892998064,25.831849900152804],[106.24476630002476,25.824750900134006],[106.24395729958974,25.809169900170787],[106.24719979983098,25.790139900336158],[106.25299830013148,25.77545740043871],[106.25569929968299,25.74749190043093],[106.255172799685,25.73855390014245],[106.25183879972087,25.731229899640198],[106.24420930041896,25.72551739970828],[106.23125020013669,25.71928840023952],[106.23127790015502,25.712832699669377],[106.23429110025415,25.705813400268255],[106.23966369962011,25.70387830024339],[106.24178520032677,25.701115600004982],[106.27467329963315,25.724069400382575],[106.28076930016312,25.727262400139693],[106.28762030043657,25.726557400004083],[106.29345679979156,25.724937399941098],[106.30003329999687,25.71827290017427],[106.30077379997095,25.71024939979003],[106.29818730030371,25.70017240003631],[106.3049174002179,25.68622189972092],[106.31493609962138,25.684325900419992],[106.31974179964442,25.673638400391894],[106.32870549985898,25.676279499699206],[106.33814339999799,25.673924800289342],[106.3426679998284,25.66835610015397],[106.35653599993651,25.66343960005753],[106.3631013998098,25.656973899925617],[106.38220359991624,25.655385500240698],[106.38959030025222,25.65687749979685],[106.39438649983714,25.65569230035942],[106.39860440027292,25.65180840003768],[106.40927669995978,25.64961899961719],[106.41265310026046,25.66260739981169],[106.42325430044565,25.669599000093854],[106.42268599995901,25.681089600104997],[106.42506259965933,25.68325479976926],[106.42813169981815,25.68323319985234],[106.44446990016581,25.6801947998502],[106.45739010027296,25.67155620005866],[106.46563689962329,25.66813469965672],[106.46902040007149,25.66167520035026],[106.47419710011616,25.658458200385667],[106.47769709964149,25.653460899800734],[106.48309239969456,25.650586799641133],[106.49059280041746,25.65667140036487],[106.50788079995903,25.663474900246513],[106.51500680032365,25.668487400273364],[106.52776330043605,25.679895400252576],[106.5333862998379,25.687433399831605],[106.49555980014475,25.68484089988766],[106.49102030034663,25.691047400117498],[106.48428329993442,25.713535400238584],[106.47319780043819,25.72984889980694],[106.46560680021372,25.736524400081066],[106.45446780004897,25.740232400205173],[106.44685379966319,25.740720900249414],[106.42632279985736,25.746297900227944],[106.40395379982806,25.741790900130013],[106.39684280015518,25.741815400360508],[106.39279929984787,25.74572389983814],[106.39156330040606,25.75214590011325],[106.3946302997486,25.75878340043363],[106.41274280043996,25.776826899741707],[106.42523179990769,25.787324900024146],[106.4387282999711,25.795066900017446],[106.44307729997746,25.800781400041615],[106.44410679978904,25.804902900348623],[106.4352033001922,25.855813899991517],[106.43453229982583,25.874610899873176],[106.42774980001332,25.891822900406567],[106.42855080007939,25.89961289991544],[106.4360122997279,25.919065400348018],[106.4348227997325,25.937175900047805],[106.43768380036715,25.948165899636592],[106.44329830027641,25.95433239982043],[106.4540097996126,25.960251400281948],[106.46420280021914,25.961816899630264],[106.48251330014875,25.96220589958267],[106.50789629977447,25.953164899940248],[106.55364979989838,25.948842900279658],[106.56128680044554,25.950641399581002],[106.56511679990047,25.954520900419254],[106.5677183002594,25.96275889990335],[106.56597129973574,25.96803839965247],[106.55280280040898,25.976806400195244],[106.54799680001236,25.985307900139503],[106.54733279996879,26.000206400105355],[106.53928380020727,26.016971399810302],[106.53914630016169,26.03897490007165],[106.53613279968903,26.044259400051317],[106.52220130024989,26.058755900364588],[106.51640329997235,26.067031899802373],[106.51796730015081,26.075504400207933],[106.52155280002177,26.078010399760217],[106.52765629999828,26.079129900124826],[106.54318230012314,26.076999399902434],[106.55848679992596,26.082891400018127],[106.56260680016373,26.089748399668963],[106.56391830038933,26.096387900081595],[106.56318679993092,26.10280790026445],[106.55941779969174,26.110847399587897],[106.54242730037964,26.124442899720123],[106.53256979995638,26.1380064001753],[106.52828980043398,26.146503399912035],[106.52857980031757,26.153836899953035],[106.53269180018651,26.16000740032132],[106.5388338001398,26.16387539972999],[106.55387929968998,26.16656090036531],[106.57273080028625,26.165788399814858],[106.59645079966475,26.170720899749767],[106.62148280019113,26.179765899576637],[106.63730629964607,26.183812900045325],[106.64038829968035,26.187463900238868],[106.6401597999349,26.190904399718306],[106.63362079966026,26.20514489991723],[106.63295729963971,26.22118939967112],[106.62733730037615,26.23893360010561]]]}},{"type":"Feature","properties":{"shapeName":"Cengong County","shapeISO":"","shapeID":"62558664B19476869325062","shapeGroup":"CHN","shapeType":"ADM3"},"geometry":{"type":"Polygon","coordinates":[[[108.83274829999414,27.190547900165484],[108.80034630044145,27.20023539994378],[108.79606630001979,27.20680639989547],[108.79728679964614,27.209356399678143],[108.8016128003905,27.211969399668135],[108.82148030017578,27.220632399865394],[108.82998630032756,27.23067639989597],[108.83370229992124,27.236949899618196],[108.83605929979689,27.24595240018317],[108.83669280023258,27.2624968996123],[108.83931729985358,27.2710453999253],[108.85352330026018,27.280280900443245],[108.85524729972315,27.28353190017708],[108.85655979999484,27.29343039979318],[108.86208330020418,27.31030089986666],[108.8570938003387,27.32512640006337],[108.85257729980259,27.330777899880218],[108.84129330014576,27.339509899662175],[108.83883680017823,27.3447418999188],[108.83869930013265,27.350938899710513],[108.84174330021318,27.35306539974846],[108.84768680000587,27.362598399596493],[108.8562772995578,27.370115400005773],[108.86192330002035,27.371602400230643],[108.87095630019314,27.370403399797112],[108.87757879982183,27.36318589970955],[108.87895130016244,27.348516900434674],[108.88131729955381,27.346498399981215],[108.88622280004228,27.346132400190186],[108.89594280041996,27.34953889990038],[108.9058228000822,27.36763739994609],[108.91297129968581,27.370302399636103],[108.92883279999381,27.364637400096],[108.9329222997244,27.365863899999056],[108.94100179999316,27.37290640011031],[108.95171330022868,27.378161899652014],[108.95789280011269,27.378509400388566],[109.00234230035693,27.372916899695213],[109.00929229979988,27.37327690010892],[109.0141373001963,27.37566389956936],[109.01764680015975,27.39157090017693],[109.02931979976898,27.4113023999858],[109.03014430001951,27.420961400248473],[109.0157928000977,27.4402104002898],[109.00660680006382,27.44646840019658],[109.00142680040659,27.447519400100305],[108.9896317996679,27.444770400133905],[108.98597730021231,27.446540899942647],[108.98454279971048,27.453630400422696],[108.98158279990633,27.458854400310372],[108.96540080010692,27.45579540043741],[108.95507829982375,27.456058399975234],[108.94640329997236,27.463470400039],[108.94528979988439,27.466892399564642],[108.94796730015082,27.47360040043816],[108.95529930012265,27.480169400297655],[108.96269230020954,27.483983899937073],[108.96717079989259,27.491184400140014],[108.96684280005525,27.494393899758734],[108.96444680017976,27.497333400416153],[108.94242079978017,27.501735900191704],[108.92999280042744,27.515043399633214],[108.92402629957411,27.515617400023018],[108.91993729986655,27.51439090012002],[108.9138487996824,27.50991040034478],[108.9056622998753,27.49597940002934],[108.89956680026768,27.4914989002541],[108.8962402997501,27.49074339958827],[108.88745130003753,27.49149340000048],[108.87571730031323,27.4967728997496],[108.85420980044199,27.500484400035077],[108.83177930027455,27.50003990022128],[108.82086929987832,27.502807400141478],[108.81700879991627,27.502504899681412],[108.81297279995482,27.498748900041733],[108.82805630035801,27.48274789959595],[108.8286588002635,27.47931689965526],[108.82200630015069,27.47711739984817],[108.81330880016105,27.484750900233905],[108.7997437996367,27.490907399956598],[108.78193680044302,27.491006900048433],[108.75678229966348,27.48613540022859],[108.7417603002977,27.4883539000125],[108.7302397996271,27.49523539989383],[108.7032697996616,27.521312900070313],[108.6990893002311,27.52329239962461],[108.68849930020258,27.523761899691976],[108.68287679992443,27.52157789970039],[108.6724928004025,27.514015399890866],[108.66277330004783,27.5105953995581],[108.63712329980052,27.51464790028041],[108.62007130035028,27.525306399870487],[108.61073279957913,27.527402900323636],[108.59873979960213,27.52186590039105],[108.59021729958874,27.512267900243444],[108.58183279964408,27.487750900083995],[108.57961279979094,27.48380089959187],[108.57379130022838,27.479312900370132],[108.56893930040843,27.477371399870265],[108.5653078002149,27.478210399890088],[108.55299379982404,27.48575039956137],[108.54551680036013,27.485357400323835],[108.53939030022224,27.482927899802803],[108.52760329985244,27.470040899967614],[108.51814279975048,27.4475614002385],[108.5136718004133,27.44126340028572],[108.51049779973374,27.424892399864405],[108.50697380000094,27.421598399946276],[108.49765029992147,27.423229399617128],[108.49500280013916,27.425695400022732],[108.48956280018314,27.42695539967201],[108.48674030042457,27.4262049001361],[108.48303979974702,27.419923900068],[108.48142980014524,27.412765400003252],[108.47765329956019,27.409696399669144],[108.47402929971247,27.4098474003373],[108.46697229983181,27.413593400415152],[108.45694729977811,27.421863399576296],[108.4411623003,27.423805400099184],[108.43277730033219,27.428668900449452],[108.42272930011717,27.428441899873803],[108.41539780016842,27.423223400239806],[108.40466329977153,27.41057989994249],[108.39959729997548,27.407018400279014],[108.38406380040414,27.400464900235022],[108.3559038004201,27.384200900251415],[108.33701329982398,27.36837939998935],[108.34014879962746,27.362748900241627],[108.35600279958959,27.34664340037267],[108.37098679990095,27.341352900116306],[108.3866807996792,27.340625899865415],[108.39174680037462,27.338399899735634],[108.39624780019591,27.33504489970244],[108.39958929960653,27.328512399727515],[108.4065702995797,27.3227823998879],[108.42294330009327,27.319734399622916],[108.43704230006216,27.324333400366186],[108.451972799705,27.32362540009217],[108.45902230013911,27.3135279002924],[108.4588927995631,27.297925900260168],[108.46790329959765,27.291665900261137],[108.47255680015627,27.279811900398954],[108.47821030006537,27.273200400378244],[108.48309330041553,27.27281389964179],[108.50047279968004,27.275693900253373],[108.51097880033143,27.27443289965862],[108.5501328000887,27.274301399889737],[108.56365979975999,27.271333899739716],[108.56688680018573,27.26847089991213],[108.56893180006256,27.261977899960186],[108.56498729982411,27.241906899783658],[108.56922930029202,27.23258589981947],[108.57083130042423,27.221744399884187],[108.57797229968196,27.214164900190042],[108.5880433000583,27.214748400118594],[108.60816179972733,27.22165690034575],[108.63150779984517,27.21950339996198],[108.65368630008277,27.220367400235375],[108.6559372995668,27.21868339991903],[108.65820329974252,27.211492400154214],[108.65672279981743,27.206950900263905],[108.64466030023272,27.19610790025945],[108.63725280037647,27.185565899746507],[108.63517780001553,27.17920889977097],[108.63527680008434,27.16956340013087],[108.64034279988039,27.1615884001846],[108.64515679974659,27.15982239968406],[108.64977280037448,27.1594373999161],[108.66488630036253,27.163749900037885],[108.67024980038804,27.162879900387168],[108.67445380000294,27.158607400311325],[108.67804730024278,27.15871589991889],[108.68421180033437,27.164247399597855],[108.68797280020465,27.17376140036839],[108.6929628000932,27.17611690017486],[108.69886779990912,27.175687900176513],[108.70712280017716,27.164388399804864],[108.71942129985314,27.163053400294245],[108.7314988001296,27.16838089955894],[108.73943330000685,27.167421400277476],[108.7502897997345,27.16842789992768],[108.77770979976748,27.177358399870286],[108.7871702998695,27.175885900314086],[108.79322030007683,27.17292190032549],[108.81368230029796,27.18162789980778],[108.82618729960427,27.185094899609965],[108.83145879988376,27.187667899553958],[108.83274829999414,27.190547900165484]]]}},{"type":"Feature","properties":{"shapeName":"Ceheng County","shapeISO":"","shapeID":"62558664B7404505110210","shapeGroup":"CHN","shapeType":"ADM3"},"geometry":{"type":"Polygon","coordinates":[[[106.1404302000937,24.957049699783852],[106.13644080030275,24.953074600112757],[106.13488119960772,24.942786300147702],[106.13059509998396,24.939677199942878],[106.1297488999918,24.935687399953622],[106.13317920025992,24.925422399624097],[106.13317920025992,24.92040750020601],[106.12938839955507,24.912281299942094],[106.11870169992358,24.901183100219953],[106.11194180007408,24.90102589962561],[106.09973239983043,24.90539319993627],[106.09302329998536,24.90804560012441],[106.08461829999459,24.914112899690622],[106.068470600338,24.919569500232285],[106.05401910030128,24.932988299770273],[106.04988189963001,24.942367000236914],[106.05607669968003,24.9607833998341],[106.07683899972011,24.992516300187162],[106.07735140014705,24.999790700380572],[106.07581319971945,25.006605699893214],[106.07222979976552,25.011554199666648],[106.06728649987213,25.014798000327517],[106.05771240010722,25.016347300187817],[106.04314159960518,25.015415000002292],[106.02168119992751,25.009348300283875],[106.01477960019844,25.00919199991091],[106.01078010012156,25.01076780009396],[106.00028140016656,25.026052200049037],[105.99925379972314,25.031172900209242],[105.99551699970982,25.034404800141488],[105.98573760001028,25.037824599925386],[105.9790163997871,25.042508899566087],[105.97472670017714,25.048571599999377],[105.96841950015988,25.05243240033508],[105.96036479959588,25.051805699673366],[105.95372770037312,25.05455259972274],[105.95241169994006,25.05841070029362],[105.95615309998561,25.065437500040673],[105.95376630017466,25.072541199916486],[105.94880860033669,25.078115500130252],[105.93696200009629,25.0866935998298],[105.92717440037836,25.098952399833422],[105.91446689982763,25.108748900141677],[105.90449209993051,25.12414560023933],[105.89971889960759,25.118984200360615],[105.89149759963459,25.116427999752432],[105.88922839967097,25.11416709963197],[105.88042199987547,25.112655600075925],[105.86996020000328,25.11903150020362],[105.8623120001987,25.11863559975319],[105.86175820038068,25.12366289992292],[105.85909259994361,25.126076200056616],[105.85413440008256,25.124363100376854],[105.84984320040343,25.126445799833846],[105.84640410026907,25.124649500274245],[105.83455959994564,25.1261469002593],[105.83019340040516,25.134058599624723],[105.82407680000438,25.135579300144627],[105.82232170018636,25.147872900314155],[105.81748660042632,25.150944200214724],[105.81748660042632,25.15229380021873],[105.81489769956926,25.151836399630213],[105.81047750023652,25.146581199562775],[105.79819880003464,25.145964799735793],[105.79698539965653,25.143987900121544],[105.78875550036611,25.14731660038086],[105.7882160995934,25.149134700406137],[105.78241820003996,25.149636899823122],[105.7813220002102,25.152225100108353],[105.77413020004877,25.15635960011548],[105.76756509964969,25.157591200073853],[105.76781770032665,25.160124000322412],[105.76549560044168,25.16180289968412],[105.76494150025007,25.160370099800332],[105.76148340013884,25.16021190005921],[105.76021270035591,25.162426299833896],[105.75477959999859,25.162426299833896],[105.74952409955762,25.165155600150854],[105.74572270034241,25.169114899632973],[105.74052920006261,25.168037299581783],[105.73974390036079,25.170248299919137],[105.73446930011818,25.17439610000008],[105.7353099000319,25.17990589993741],[105.7348284003105,25.18143090011597],[105.73280920018448,25.18158980042898],[105.734272700225,25.187602799829392],[105.73266960022193,25.19146810037256],[105.7333794998641,25.193314899563006],[105.73908529984675,25.196707799725232],[105.73957439973884,25.201447699951416],[105.74254830036381,25.203677300067397],[105.7381940995781,25.206701800147982],[105.73829080008039,25.208189900243724],[105.7445227996875,25.20659440041129],[105.7525308002563,25.212535800287014],[105.74908440032488,25.215303900055005],[105.74881510013682,25.217334199613674],[105.75142869997461,25.220585100422113],[105.7501520997397,25.22188450026954],[105.74224400036042,25.22309529980828],[105.73253370007023,25.230815299686356],[105.73369630044397,25.242085400321002],[105.73189189979138,25.244236799888427],[105.72878350015844,25.244412000413547],[105.72841080041815,25.246182400397515],[105.73380120006539,25.24736289997793],[105.73427809975453,25.248872599990534],[105.73032140021252,25.25050180011806],[105.72658269993173,25.25514609971276],[105.72900479993166,25.257472799630023],[105.7270636996301,25.259520900369296],[105.72489940018721,25.25746480016045],[105.71797059956356,25.257984500384453],[105.71276029994794,25.254926999681345],[105.71042449979092,25.259663499570877],[105.70742390009298,25.261586599941666],[105.70775840023003,25.26378049967036],[105.70381259957185,25.264323600253988],[105.70761310036437,25.26686070016126],[105.70531480013796,25.271127000310855],[105.69936999992564,25.268457500413376],[105.69226179984224,25.268068999584727],[105.69613550005334,25.266187199679564],[105.69442319987081,25.26366509956472],[105.68455040018091,25.265084299900593],[105.68034260003105,25.270447999575595],[105.6735633998311,25.268521999790494],[105.66572389983816,25.269828300136],[105.65986669988837,25.274736399665187],[105.65650320036247,25.273891000069625],[105.65589820034171,25.274985099982416],[105.66010029968913,25.27858570036983],[105.66052919986276,25.285446999679323],[105.66256200043603,25.28859140007313],[105.6589895002653,25.29211899979208],[105.65633860014634,25.292196399943975],[105.65551059973444,25.2949213997029],[105.65354409988038,25.2956325997647],[105.64860580021758,25.29050120037016],[105.6427508998342,25.29112399977282],[105.63955289984654,25.293781099817977],[105.62853229992578,25.293836400029875],[105.62880679999387,25.286277900404855],[105.62554929996031,25.27229140022797],[105.63345330022969,25.238845900218166],[105.63043230031047,25.232423899943058],[105.62159730027525,25.226445900358044],[105.62084979997837,25.222549399635113],[105.63173680021322,25.208818400448877],[105.64338679966113,25.198756899611283],[105.65100080004697,25.185020400171368],[105.65482330005534,25.171733899899607],[105.65457130012544,25.166234899920767],[105.65180180011305,25.16095940035609],[105.63768780035178,25.145805400299025],[105.6208193003705,25.121478899931333],[105.62062080020985,25.09626940021269],[105.61509679997738,25.08182140033739],[105.60984779983613,25.056600400088428],[105.60987079999751,25.046058399575543],[105.61367780019037,25.036670900141985],[105.61521930023059,25.02727690040865],[105.61298379966269,25.00870690020332],[105.6177978004282,25.000469399842984],[105.63774879956753,24.99271790031088],[105.644073299843,24.98241590007376],[105.64306630016966,24.978517400157955],[105.638786299748,24.975301900262536],[105.62111679970059,24.97847540001976],[105.61608929988137,24.9743403999895],[105.60780329998238,24.95965589999986],[105.60352329956066,24.955751399807298],[105.59620680030366,24.954129899675195],[105.59065229956406,24.956868900079712],[105.58381629998235,24.965331900047204],[105.57044979961864,24.966905399764414],[105.56463630042498,24.970099899590764],[105.55959329989093,24.97100439993318],[105.54396080025077,24.969590400376717],[105.53363779994459,24.96429239977448],[105.52430730044165,24.963350400400714],[105.510932799709,24.96422939956716],[105.49759679985249,24.952962899818033],[105.48153680028315,24.93091390015644],[105.45713780016939,24.914569900080892],[105.44554899958672,24.911094700260264],[105.45982360027898,24.870348000260037],[105.48600280028904,24.844530200008762],[105.48852870003952,24.839892299989685],[105.49030599962225,24.833025000403495],[105.48987620012662,24.820672099837566],[105.4925276002686,24.813634199758553],[105.49523860028125,24.811123199975725],[105.52698129964733,24.80325180013051],[105.5306794998591,24.804790800055457],[105.53969810008732,24.802045800273504],[105.56051360042238,24.800426800256673],[105.5724397996571,24.801067999788415],[105.57890749988127,24.80604730044263],[105.59604639992148,24.81112860040463],[105.60600650039976,24.80589870006503],[105.60936320015162,24.80054780044071],[105.61050929976443,24.791406199936205],[105.61656769963969,24.783973500176955],[105.62484920023047,24.779399700236013],[105.64907010040486,24.774830600152143],[105.6738063004205,24.778974800246885],[105.70116569963739,24.772420399981513],[105.72274970033845,24.75891750034242],[105.73323250027971,24.74598540040597],[105.75631979961912,24.737434599627136],[105.76155949987105,24.730147400282362],[105.76327880037638,24.722785300001647],[105.80077480011698,24.704777000158458],[105.81317510035063,24.70361959966482],[105.82771419975057,24.706220099977656],[105.83786730013583,24.713148799877274],[105.85364809978006,24.7196417000045],[105.86061019960107,24.73245789981229],[105.87834029956525,24.733385400316024],[105.88400279988934,24.72992849990038],[105.88567369978148,24.725881399606976],[105.90396080025079,24.728157900266922],[105.9147288003939,24.727146100012533],[105.92614660028545,24.72798929986635],[105.93199479982019,24.730012799651035],[105.93955540026155,24.72800889969102],[105.93847770038565,24.722603000228332],[105.94248429971071,24.71837689977417],[105.94471220010803,24.70539060039596],[105.94991059989434,24.695186100158423],[105.95037470043212,24.690210000191428],[105.95761860011834,24.683874399583942],[105.95993600014634,24.67949819958227],[105.9670837002526,24.674690199992767],[105.97014699978428,24.67452149976748],[105.98416399956898,24.663555299837242],[105.98722739982469,24.65807179967385],[105.9861133997137,24.654359700439898],[105.98713449985735,24.652250599585557],[105.99220780034977,24.651417500017658],[106.0076494998246,24.639004200083832],[106.01052710014562,24.638751100283116],[106.0168394002182,24.63478529960196],[106.02101669986087,24.63596659957898],[106.02461909979166,24.644280699694605],[106.03828270018653,24.662542899735058],[106.04329539986287,24.675112000018828],[106.04162449997074,24.683884200395596],[106.0522360000914,24.69334359972737],[106.05536300040222,24.69349930025254],[106.06353179975281,24.700077600001293],[106.07962880012906,24.707201399724852],[106.09110169968375,24.709101099736017],[106.09435070022471,24.707920500330886],[106.10790360037095,24.71416069995638],[106.11208080018883,24.718292600023517],[106.11534469979813,24.728073700341042],[106.13007870027184,24.731997300335195],[106.13593759994035,24.738949899718136],[106.135844699973,24.744429799895386],[106.13934440002413,24.758281700340262],[106.14484900008136,24.76407120022577],[106.14865500022813,24.765925599586808],[106.15511079972367,24.761530500332356],[106.16295050026542,24.759687999901303],[106.17055150005177,24.76409220029484],[106.17659619965497,24.781265500302652],[106.18328469962927,24.788894299932053],[106.18419380000392,24.794586199993205],[106.1812739000705,24.80211420001035],[106.1946529001113,24.81785649967776],[106.19752119964369,24.832403799995404],[106.1974071997825,24.843756099564416],[106.20114599988807,24.848791900126116],[106.20241440010454,24.85336679993793],[106.20152150011722,24.862454999598583],[106.19273320007716,24.875885900414005],[106.19338159958124,24.88904759996683],[106.18858830030985,24.899955999569784],[106.17937019987488,24.90545670016661],[106.16455899979809,24.927387599957797],[106.15899329980101,24.939775500339124],[106.14540870035131,24.949453399854576],[106.1404302000937,24.957049699783852]]]}},{"type":"Feature","properties":{"shapeName":"Bijiang District","shapeISO":"","shapeID":"62558664B73834872841219","shapeGroup":"CHN","shapeType":"ADM3"},"geometry":{"type":"Polygon","coordinates":[[[109.38440000006,27.544556700331498],[109.40451050025945,27.554819099821657],[109.41263370038502,27.554208899920866],[109.42375390022238,27.549867300435608],[109.4303946003306,27.552186699656488],[109.43683409961409,27.559412200113],[109.43894709992878,27.565834400037602],[109.4444809998983,27.565834400037602],[109.45444210042268,27.56306930040796],[109.45754530017552,27.570263800334146],[109.45202730021981,27.575556199958726],[109.44699640006388,27.588933399556822],[109.45490329974757,27.60457319989331],[109.46081410019065,27.607761499793412],[109.4632556003657,27.61812280042693],[109.46685350008903,27.62358769991249],[109.46030019969453,27.652501699593813],[109.4628700996754,27.66183449956253],[109.4615850997726,27.668435300348904],[109.46775300020084,27.673556299983318],[109.46543999965633,27.677652999686245],[109.46711050024948,27.682318400074166],[109.45361019965105,27.696211899559557],[109.42579220015,27.706817299578745],[109.42309169972225,27.714059299896803],[109.41378440003012,27.71667709956853],[109.41432689986658,27.723932300135573],[109.39991229991278,27.733011299731743],[109.39288509996743,27.730042599886133],[109.37195740021389,27.73044220014748],[109.36717189986337,27.73216309964738],[109.37403939999837,27.74036190038146],[109.37292139970288,27.744178400113128],[109.36813009962447,27.746298600400166],[109.35870730000198,27.74686389984913],[109.3622208999746,27.752800300393574],[109.36062380024822,27.75590960024789],[109.36028360020805,27.764223900013008],[109.34529170025183,27.773857499823805],[109.3431061003663,27.778205899982368],[109.33219559994706,27.779368399632006],[109.33363290003837,27.78261830039429],[109.32868190014966,27.78304220033732],[109.3272446000583,27.78530289990897],[109.33651539986585,27.794025499976897],[109.33279470041515,27.796209699617975],[109.32740429986859,27.794910600144135],[109.33251499956765,27.802115700379318],[109.33810479959686,27.80409350021489],[109.33363290003837,27.80762519994306],[109.33874359973743,27.815394599581168],[109.33538969957505,27.82189219956541],[109.33730619982134,27.83121409975098],[109.3419697997665,27.840620400411183],[109.32277269960048,27.86058700009005],[109.32288020006126,27.865741100171704],[109.30334620036689,27.85817219988718],[109.30027779988063,27.853765399553595],[109.29917180013854,27.85856849963659],[109.29377020033456,27.85669389970377],[109.29422619977936,27.85440929974942],[109.28480180026293,27.856620399911606],[109.28268129960236,27.858674699677692],[109.27340210012687,27.85682829978623],[109.26668380021727,27.85774849959364],[109.26287079974765,27.864076099832175],[109.23597729971266,27.86306740044023],[109.22836280020312,27.860826399618702],[109.20659630007924,27.849935400098673],[109.20150589987742,27.841238400132113],[109.19231879997272,27.84068739990363],[109.18605029958172,27.84266290017274],[109.17356130011399,27.84151839955456],[109.13831329971907,27.86805890039801],[109.13121829988467,27.871303399832073],[109.12120030015382,27.873046900194367],[109.10572829982124,27.869021899840845],[109.10088330032409,27.86506840008667],[109.09063729997149,27.862228400420406],[109.08750929961457,27.84535990043912],[109.07919330013078,27.822713900226347],[109.0680082996434,27.794202900243704],[109.06394980044297,27.790448899796957],[109.05505380029268,27.78824789992069],[109.05053729975663,27.79162189993076],[109.03523229993078,27.796304900051155],[109.02546680015274,27.7980343997678],[109.01717379993096,27.797643399723142],[108.98709080030028,27.785181399701912],[108.96605679978154,27.78386490014509],[108.95088229967843,27.774534399742777],[108.94113930003874,27.75973339977662],[108.93905630020816,27.742595399957793],[108.94732680029165,27.708795399787903],[108.94703680040806,27.696644399719332],[108.9425962997795,27.678899899810574],[108.93679030003238,27.670614399934664],[108.93208329970457,27.658157400143978],[108.92981730042811,27.642631400019127],[108.93641679989548,27.63436290002784],[108.94255829982575,27.63299940010228],[108.95520030005389,27.632551400127056],[108.97572330039009,27.63457489991174],[108.98385630042799,27.631988400244552],[108.98818180024995,27.630227899997635],[108.99034130001104,27.62670889959611],[108.9906388002405,27.62187739982221],[108.98761730029821,27.61808390025186],[108.96552330036008,27.609691399938185],[108.95275879987878,27.601882899576196],[108.94563979983695,27.57642940029666],[108.93991080004344,27.564237400135937],[108.9354932995762,27.55796989979109],[108.9272687998153,27.553209399694083],[108.92056279993335,27.553218900132208],[108.91606130008898,27.556590400027005],[108.90074229961749,27.577556400107824],[108.89273830013252,27.58334339987806],[108.88201880042737,27.58624839984384],[108.87165830019046,27.579953900052487],[108.8666992999328,27.573242399916865],[108.86646279981841,27.556495400142637],[108.86486830003207,27.54989439970683],[108.86157980036756,27.545647899930714],[108.8455732996681,27.534272899674647],[108.84040829980324,27.528714899672934],[108.8389432996936,27.524633400311245],[108.84073629964058,27.518832899918436],[108.85298130044674,27.503944400413786],[108.85420980044199,27.500484400035077],[108.87571730031323,27.4967728997496],[108.88745130003753,27.49149340000048],[108.8962402997501,27.49074339958827],[108.89956680026768,27.4914989002541],[108.9056622998753,27.49597940002934],[108.9138487996824,27.50991040034478],[108.91993729986655,27.51439090012002],[108.92402629957411,27.515617400023018],[108.92999280042744,27.515043399633214],[108.94242079978017,27.501735900191704],[108.96444680017976,27.497333400416153],[108.96684280005525,27.494393899758734],[108.96717079989259,27.491184400140014],[108.96269230020954,27.483983899937073],[108.95529930012265,27.480169400297655],[108.94796730015082,27.47360040043816],[108.94528979988439,27.466892399564642],[108.94640329997236,27.463470400039],[108.95507829982375,27.456058399975234],[108.96540080010692,27.45579540043741],[108.98158279990633,27.458854400310372],[108.98454279971048,27.453630400422696],[108.98597730021231,27.446540899942647],[108.9896317996679,27.444770400133905],[109.00142680040659,27.447519400100305],[109.00660680006382,27.44646840019658],[109.01220680020373,27.45240190042739],[109.02984629976697,27.45979889979941],[109.03362280035202,27.46310590031709],[109.0468593001167,27.481448899946827],[109.06954180021398,27.502664399842217],[109.08290879970139,27.517783900106963],[109.08952329986045,27.521214900047653],[109.10308080003892,27.52393340040618],[109.11016830042678,27.51541140041587],[109.11560080003693,27.515672899884464],[109.12088029978605,27.51800340033668],[109.12477879970191,27.52405739982919],[109.1273423001071,27.52901289992542],[109.1322097997425,27.533654899953717],[109.1432573001843,27.53806890025959],[109.1502532999499,27.538268899590093],[109.15680679999389,27.54055039958132],[109.16327679978457,27.551330400277777],[109.16784680008982,27.555293899593835],[109.17780279965956,27.557908899676022],[109.19049829965684,27.55881490008761],[109.20593280005875,27.568111399821305],[109.21459980044051,27.58179090022992],[109.21160880010609,27.594754399995622],[109.21169280038248,27.60714740043221],[109.23139179959196,27.61903590008677],[109.2491987996849,27.623875900252642],[109.25282230040892,27.623740900322332],[109.26627330017271,27.618646400111345],[109.27150729962221,27.61477489964193],[109.27718329966962,27.61455889957358],[109.29551679976055,27.61960590029213],[109.31419380040364,27.620964399987145],[109.3317573000594,27.625804900176036],[109.33641830006457,27.62608539962156],[109.3444822996185,27.621875899753036],[109.351638799591,27.614946400356132],[109.3563538002877,27.605813900091448],[109.35901629986239,27.591708899845912],[109.3698273001898,27.570176899744183],[109.37317679996943,27.554437399666313],[109.38440000006,27.544556700331498]]]}},{"type":"Feature","properties":{"shapeName":"Guiding County","shapeISO":"","shapeID":"62558664B75993406776245","shapeGroup":"CHN","shapeType":"ADM3"},"geometry":{"type":"Polygon","coordinates":[[[107.0957033001672,26.10545740013896],[107.11683689970323,26.099506999848188],[107.13742829977627,26.099534900415392],[107.14257829984871,26.109378900216143],[107.15101629956263,26.11783239974551],[107.15561680037507,26.118957400363797],[107.16346729997599,26.111575899907905],[107.17006680034262,26.107871899968245],[107.17719279980793,26.10600090002157],[107.18713379958524,26.10709940031711],[107.1927488004169,26.11097340000248],[107.20020279971948,26.12310039986363],[107.2046433003481,26.140062399660053],[107.22293829956294,26.176231400258985],[107.22128279966154,26.197812899945404],[107.22438030041059,26.20376390008397],[107.25379929999775,26.22150789996965],[107.25968930002125,26.2265264002732],[107.26331329986897,26.23316189960201],[107.26389329963615,26.245551899900306],[107.26799780005848,26.25011990011336],[107.2753523001686,26.244340899812755],[107.28323380029968,26.240625400242095],[107.29241179996467,26.241033400171318],[107.29575330027467,26.243768900414466],[107.29601279965107,26.245603399577305],[107.28482830008602,26.25071539969599],[107.2772218000461,26.25741390013144],[107.27625280032652,26.265219900378156],[107.29035929974197,26.27661889994232],[107.32797979982797,26.296596400303656],[107.34903729963173,26.316896900271786],[107.35011279976595,26.323543900130915],[107.34912129990812,26.32837089969729],[107.34430680001884,26.333677399792236],[107.34004230031195,26.34357240014623],[107.33039080039521,26.38654689981962],[107.33585379961323,26.399823899653313],[107.34396430041221,26.407956899691214],[107.33529680000737,26.40941640044656],[107.32948279989137,26.41428540015113],[107.32572930036696,26.420511900403937],[107.32386029961322,26.43473789993419],[107.320373299788,26.441417900415843],[107.30796030022776,26.450246900174363],[107.30853279964907,26.455512900200233],[107.31215680039611,26.459371400070097],[107.32861330026367,26.46746239996986],[107.33457980021768,26.47542590028513],[107.35137929971495,26.49061390011144],[107.35222630010372,26.49725140043182],[107.34795330000486,26.50210590036704],[107.34030880001114,26.504932400310054],[107.32116680040758,26.50649240030407],[107.31664280042497,26.512037399706287],[107.31417079974267,26.519851900344975],[107.31426979981148,26.52787189966847],[107.31919879958497,26.53355389999257],[107.32975779998253,26.539867399760737],[107.35134129976126,26.549280400370208],[107.33690629958613,26.56042289979706],[107.33112330000034,26.567583399954003],[107.32311230019258,26.58186890042947],[107.32421879995769,26.588274399943657],[107.33277129955587,26.59781640020674],[107.35481279977097,26.60126690014738],[107.35817730024229,26.605357899947194],[107.36023729991155,26.62641889991238],[107.35948929959159,26.66790390014495],[107.35703279962405,26.676406900158383],[107.33542629968406,26.68899339962576],[107.32453930034848,26.697807399591852],[107.32051079983358,26.703117399848168],[107.3190613004387,26.73085790027193],[107.31733680005334,26.736373900135447],[107.31405629985841,26.741218399609522],[107.30795279988189,26.74425640031268],[107.30420679980404,26.752540400119415],[107.2950362995856,26.75560740036127],[107.29099280017766,26.759313400393182],[107.28025829978077,26.76239190026604],[107.27435279994182,26.760843399903024],[107.26941679984549,26.755620900084523],[107.26122279969252,26.7543219004354],[107.2549133001088,26.762628400380436],[107.2329023004009,26.763746899799628],[107.20932779963829,26.762813399918514],[107.2018738003357,26.760816399557257],[107.19415280041147,26.75653089978124],[107.18895730003942,26.751077400101963],[107.18557729975265,26.746064900075112],[107.1823807998341,26.73463640004985],[107.17698680020072,26.733308899985786],[107.16059879989479,26.73322090042427],[107.14848329966463,26.72461690024977],[107.1476593003365,26.7200413996909],[107.15065780011741,26.713599900315216],[107.16280379995544,26.699746899999468],[107.16529829987672,26.69468490038787],[107.16472629957912,26.689647400107503],[107.16034679996488,26.687166399909472],[107.15319080001547,26.68768490043783],[107.13847330030262,26.699037399656333],[107.12843329955717,26.694082399583124],[107.12552630039852,26.68585589973003],[107.1259538003277,26.676915900248673],[107.13282779986315,26.65004739956788],[107.1326598002097,26.63446589958164],[107.12902079967023,26.628997900133015],[107.10379079990554,26.61362239975398],[107.0810467996701,26.590205899982323],[107.08020030020373,26.58242089980473],[107.0819168002202,26.575303899855157],[107.08718879962345,26.565635900076757],[107.08637980008774,26.562204400113046],[107.07736179970738,26.555403400346677],[107.06606280025807,26.549764400206982],[107.063468800245,26.546348400058662],[107.0659712996358,26.540828900033773],[107.07689679984747,26.535013399848594],[107.08901230007763,26.51955990036913],[107.09742679960715,26.51742940014674],[107.12261980036357,26.531657899792265],[107.13902279956261,26.535186899755672],[107.15435779987263,26.535974400098553],[107.15737130034529,26.530906400210256],[107.15899679976258,26.515767899968637],[107.15612030021174,26.509605399969303],[107.14787280028958,26.503257900431834],[107.13916029960819,26.500583400303753],[107.13246930041794,26.496286399997416],[107.11824029985002,26.480132899713624],[107.09770980006726,26.470907399656824],[107.09123980027664,26.463168899824893],[107.09243030031814,26.454450399766188],[107.09691630034706,26.444101400059594],[107.09687030002436,26.439746899799616],[107.08970629970605,26.438201899598027],[107.07311229979285,26.43879339989553],[107.06951130010646,26.436073400367206],[107.07124329993837,26.431017400132987],[107.08679180020147,26.42791339998348],[107.09134679981503,26.423522899862007],[107.0882032996426,26.41552739986963],[107.0794067995842,26.405973399952472],[107.05843380007985,26.375890900344814],[107.03836079981113,26.35931789960142],[107.03170030022875,26.356389900373642],[107.00589730012035,26.35360689973868],[106.9969103002702,26.348174900151548],[106.99405679998142,26.34315489977888],[106.99655930027154,26.33832340000498],[107.00923130008448,26.329290399832132],[107.02111829966987,26.318427899827782],[107.0392912995539,26.297893399860584],[107.04537180026841,26.294177900289924],[107.05123880013059,26.29390340022178],[107.05790730008192,26.29797540004472],[107.06532280030706,26.299291399578465],[107.07010629966607,26.292836899603287],[107.0679627997435,26.282999400102256],[107.06253030013329,26.275251399832314],[107.05737279971498,26.268875399879846],[107.04454029969514,26.261640399884584],[107.04015329973504,26.255258399655474],[107.03930680026866,26.248847899910686],[107.04174030007482,26.236451900235068],[107.03833779964981,26.227084899948238],[107.02704629964705,26.219379399839454],[107.02089680024721,26.21713639982505],[107.00189229978986,26.20169640006884],[107.00694279977046,26.189584900023192],[107.03455329959519,26.154593899788722],[107.0644988000796,26.12991690034471],[107.08202379975859,26.120664399942143],[107.08912679996189,26.11420839989779],[107.0957033001672,26.10545740013896]]]}},{"type":"Feature","properties":{"shapeName":"Guanshanhu District","shapeISO":"","shapeID":"62558664B29768390608862","shapeGroup":"CHN","shapeType":"ADM3"},"geometry":{"type":"Polygon","coordinates":[[[106.50366899962467,26.54375490006862],[106.50915149974196,26.543648299829215],[106.52215739984416,26.534522600237835],[106.51505119985308,26.5480730002688],[106.51761370021217,26.550471899558545],[106.51523000036428,26.55207119992599],[106.51517039959435,26.553990200287558],[106.5175541003415,26.55574940011479],[106.5290556001359,26.555962599694283],[106.53120089960191,26.554203499691823],[106.53102209998997,26.55137820034372],[106.53358460034912,26.552337699625184],[106.53495530024696,26.551431499564103],[106.53561079989856,26.545887299659228],[106.5378157001345,26.544394600430508],[106.54117490000169,26.543966099555917],[106.5437540000471,26.54536860038064],[106.54567570017349,26.54428280031101],[106.54638370044745,26.54084439984922],[106.54946859989604,26.538356099854184],[106.55123859968171,26.531207500425865],[106.55983580008217,26.538129899675198],[106.56514580033848,26.535777200357586],[106.56641009964642,26.53659160032214],[106.56514580033848,26.54025629988837],[106.57268100032798,26.546047200018336],[106.57359130039828,26.54885200021971],[106.58188500029257,26.549168700075484],[106.58031730030325,26.55197350027686],[106.57743469975168,26.552380599984758],[106.57874960031387,26.554732900003387],[106.5766256003912,26.556270999706896],[106.57652439968138,26.558261399943717],[106.58567790001513,26.567760400022507],[106.5854249998639,26.56997670006473],[106.58982470004992,26.570836100305826],[106.5932130001799,26.573368899655065],[106.60752480042925,26.57454489992722],[106.61197250013083,26.568372799665042],[106.61778829979028,26.564347099639008],[106.63017830008852,26.56226640027421],[106.63245400035191,26.5630352999392],[106.63700549980405,26.556702499820574],[106.64165810014129,26.559145199691272],[106.6383202996422,26.56353290022321],[106.64858639984254,26.571358000271573],[106.64934499957212,26.572850599675462],[106.6460578003273,26.5762427003404],[106.65231420034013,26.582941600074832],[106.65371959967985,26.593656800121266],[106.65682609994462,26.595971600209225],[106.65601250037668,26.599807599940846],[106.6584532999799,26.599609199604913],[106.6602284996456,26.60172550043154],[106.66281729977862,26.602056200033644],[106.66488829995512,26.6062225998931],[106.6688083997879,26.60609039955233],[106.67095339977965,26.61038889992784],[106.67627889985141,26.60926469970616],[106.67907929966998,26.615995900390544],[106.68456179978728,26.617967199926397],[106.68700510040514,26.62452000029782],[106.68402549987695,26.626864100298064],[106.68259520010844,26.634162200325363],[106.69010399959996,26.642258900128184],[106.68968679960619,26.645294999664543],[106.68140339964725,26.63879650035824],[106.67598039957585,26.647372199767233],[106.67306039981764,26.648544000205504],[106.67115340000947,26.651633200212075],[106.6696040003244,26.65280499975097],[106.66602840019056,26.652272399651565],[106.66048630020265,26.655574499763418],[106.65869850013576,26.65876999963581],[106.66275080030925,26.660421000229007],[106.66263159966866,26.661699200357873],[106.65983069982701,26.664947799801155],[106.65506330013125,26.665267300145842],[106.65309669955309,26.670166599808795],[106.64636270017854,26.669048300039094],[106.64540920027446,26.666385599915543],[106.64368100007817,26.666438900035246],[106.63950950016334,26.672083699902885],[106.62604149961555,26.671338199698198],[106.62234679956521,26.665160799731154],[106.61865199969009,26.66404240013668],[106.61716219987568,26.665160799731154],[106.6178177004266,26.667131199944947],[106.60327700023345,26.667024700429636],[106.60089330038556,26.669421099604108],[106.59523199975706,26.66888860022874],[106.59034529959598,26.6737877002422],[106.58629300032175,26.67416049980727],[106.58516069990645,26.675757999731957],[106.58527989964773,26.691785100302184],[106.57830749989125,26.70589349998511],[106.5764005999078,26.70765030042105],[106.5715139995715,26.707490599711434],[106.57431479958836,26.71302689997151],[106.58384969970393,26.71744510011132],[106.58492240024862,26.71962760003379],[106.58349209958078,26.7222889997376],[106.58504159998989,26.7234068003836],[106.58218110027764,26.7241520002147],[106.58373049996266,26.73011330028862],[106.59147760001127,26.73532919998263],[106.59100089997162,26.73724510038113],[106.58647179993369,26.740225500406552],[106.5866506004449,26.745653800182765],[106.57139479983022,26.744536200085633],[106.5677595998257,26.741449500194335],[106.56114480019244,26.742567100291524],[106.55560260037976,26.74054480020243],[106.54749800003276,26.743631500093727],[106.54672329974056,26.748527500144064],[106.54934539997032,26.753423199820872],[106.54582939970709,26.75422140029741],[106.54070439988823,26.75134789998566],[106.53891659982128,26.752518599653683],[106.5394826996669,26.760367400435257],[106.53319570022143,26.749272500325674],[106.52801109963258,26.75291769989201],[106.52327340004746,26.75310399984977],[106.51931049967988,26.75539209996549],[106.49982360017907,26.757148100004883],[106.49398349993862,26.76135180014552],[106.47611990011336,26.74738239967803],[106.47572520025784,26.745737599910342],[106.47980359965646,26.743387800007042],[106.47940899962572,26.739628099657125],[106.47467270028494,26.73269579977142],[106.47204149981542,26.72505809955169],[106.47296240019466,26.719300000394753],[106.46967339960776,26.703904699642237],[106.47125210010438,26.69826309956244],[106.46467400000518,26.684628200131385],[106.46441089974331,26.67757499988636],[106.45467529972535,26.658764299732695],[106.45220210024678,26.65683190037197],[106.45424870001756,26.650263700009816],[106.45108569984524,26.648101899782887],[106.45164390004601,26.63887219989215],[106.44736460019618,26.637042799885364],[106.4460622002104,26.634880800008943],[106.44959730027523,26.62839440018149],[106.44773670008868,26.622240299850034],[106.44913209986657,26.61966210002595],[106.4478296998808,26.618331400174043],[106.44978329985946,26.615586900415167],[106.44996940016773,26.608683500243387],[106.45257420013928,26.600282500437118],[106.45941439955493,26.592580799964026],[106.46100930043895,26.595466899777648],[106.46453809985348,26.596361000359934],[106.46891620012258,26.601572999694213],[106.47480060006768,26.605481599895995],[106.48050359956153,26.613394200382118],[106.48632340030474,26.615420200282074],[106.49376430008243,26.622244499683973],[106.49514010003566,26.62619379960421],[106.50784050043882,26.625931700287765],[106.50420530043431,26.61810029958923],[106.50772129979822,26.612719199831247],[106.50611230024253,26.610161699702758],[106.5062910000297,26.606378800441348],[106.50486080008591,26.60488689981065],[106.50253670010869,26.605366400339165],[106.50795960035532,26.59215149959209],[106.51159480035983,26.592204799711794],[106.52023580044192,26.586875800377925],[106.53137970011312,26.584477599861373],[106.53370380009034,26.583305199575364],[106.53370380009034,26.581546499771207],[106.53263110044497,26.5766433995733],[106.52959190004623,26.574404899766364],[106.52452650009798,26.572486199778325],[106.51356140003867,26.572486199778325],[106.51087969993824,26.56768929962152],[106.50766169992755,26.566303400281754],[106.51052209981509,26.55788160005585],[106.50933030025323,26.555376200351418],[106.50301340014835,26.556762200415278],[106.50426490030497,26.554043600232035],[106.50194080032776,26.548766099675788],[106.49687540037951,26.5442347000714],[106.49973580026705,26.542581999759534],[106.50366899962467,26.54375490006862]]]}},{"type":"Feature","properties":{"shapeName":"Guanling Buyei and Miao Autonomous County","shapeISO":"","shapeID":"62558664B76746171792033","shapeGroup":"CHN","shapeType":"ADM3"},"geometry":{"type":"Polygon","coordinates":[[[105.74890290004885,25.565848699657806],[105.75179579963651,25.573068900409453],[105.75551979959914,25.575707499601492],[105.77163639980006,25.602702499820566],[105.77163639980006,25.605086300392486],[105.77921800031055,25.61162779988308],[105.78084580019356,25.615159600335346],[105.77487670029956,25.634534800440747],[105.77658219980873,25.63976250013934],[105.77417930033448,25.646072899944443],[105.77641160021523,25.66505209977464],[105.77061309991467,25.67073949962827],[105.77683800027353,25.68295900015778],[105.7725743998887,25.701554899938742],[105.76908880030794,25.708343400027957],[105.76938629963809,25.711286399947426],[105.77473739981122,25.716127099785865],[105.7726870004048,25.722258799803797],[105.77302439995617,25.728685800309506],[105.76163339986158,25.739395199728733],[105.75867540014968,25.738444799787715],[105.7548780002196,25.740638300217427],[105.75243099979087,25.747216699790897],[105.748680299856,25.750558899773466],[105.74841699994465,25.752828199561804],[105.75176780014391,25.75471370017715],[105.75184139976085,25.762153799558234],[105.75355469998948,25.76333649977971],[105.7525352995645,25.77107139962544],[105.74750419975908,25.774450100391846],[105.73967909971077,25.7722518002804],[105.73798380031218,25.776445400135174],[105.739501800168,25.783321399762826],[105.74507880014659,25.788369899651173],[105.7516782996139,25.79021090001305],[105.75803380041964,25.789302900408586],[105.76844780042569,25.784042399737018],[105.7923202996422,25.78360540026904],[105.80400829994312,25.77673740011096],[105.81289679974759,25.77514090023243],[105.81848930044094,25.77743539992383],[105.82128129969226,25.78156289960816],[105.82279979957116,25.789584899923227],[105.80957779957583,25.813869400152726],[105.80499280037748,25.839305900447016],[105.80016329979651,25.84365639962317],[105.75664719960861,25.851616999624866],[105.74336039986264,25.85780819968869],[105.70036940032765,25.881150900193916],[105.67304879966241,25.909916400221732],[105.67845019981695,25.91685799999675],[105.67583400003912,25.92473690018784],[105.6775443001294,25.926996700437428],[105.6704752996954,25.940411599615686],[105.67851050025945,25.950067999938312],[105.67933970036694,25.962381299757226],[105.67729180017648,25.967742900414578],[105.66448979976451,25.973377900369883],[105.64550780034477,25.976644399919167],[105.63799280002775,25.980295400112652],[105.63379679988248,25.984548400188544],[105.634002800389,25.990756899611256],[105.65467829966389,26.007928900098705],[105.65708179988519,26.011316399832026],[105.65698980013923,26.016151399767352],[105.66567979978299,26.020400899681817],[105.65978850023913,26.028038699726267],[105.65168959979525,26.030753299725063],[105.65046829977229,26.03242829962636],[105.64056959960737,26.03456520032381],[105.63902689987157,26.038896800247187],[105.63279199995088,26.036759900449113],[105.62482160003685,26.04039840006618],[105.62231480008802,26.03930110036555],[105.62122210041969,26.036875400379472],[105.6158227003574,26.04241970010912],[105.6139586998342,26.04138010001168],[105.61248029982602,26.042881699830616],[105.60958780043671,26.042650699969897],[105.608495099869,26.0462889001127],[105.60213159959369,26.053738400107136],[105.59499680026221,26.057780500169997],[105.58876050009707,26.06544929984534],[105.57927680018423,26.069515900138754],[105.57111379966216,26.077747400222393],[105.56397230038141,26.08116739965584],[105.55480929960953,26.08091739981819],[105.54386879960549,26.078370900196944],[105.53320329969256,26.072152900336107],[105.52380379970566,26.063876899999002],[105.50199130015841,26.038150899844197],[105.49564379972162,26.03354839983882],[105.48725130030732,26.031003900309827],[105.47197730011237,26.028667399580854],[105.43969729989055,26.020541899888826],[105.40509030027721,26.01996590030609],[105.3804168000953,26.015754900368393],[105.36998730027375,26.01617239983642],[105.35571280030553,26.02116189970195],[105.29647079958778,26.011295399762957],[105.27430730004193,26.015554400115548],[105.26389330003582,26.014362400004813],[105.25804129996607,26.011813900291315],[105.24993880043536,26.004215399720977],[105.24768079972921,25.99847390025036],[105.25229420041705,25.990023599609458],[105.25622689975171,25.991533699820422],[105.25839070007083,25.98958879988328],[105.25975000016246,25.98164490029194],[105.25786730003591,25.97425869997909],[105.25109729990055,25.960872499965944],[105.25254639999645,25.95411710032397],[105.26186160023275,25.940779200199984],[105.28161400028597,25.938612700116096],[105.28585790012204,25.934031999677075],[105.28687249996597,25.92803169960331],[105.29616400036838,25.921207099827825],[105.29874380008636,25.915164099943297],[105.3150803996408,25.909130599597518],[105.3198549003834,25.902213099854748],[105.32642969997073,25.89785050030042],[105.3338362996056,25.895061399563986],[105.34468150025111,25.893372700289945],[105.35314669996029,25.89399429999702],[105.36122210021983,25.89800350016145],[105.36435629960363,25.897855100332663],[105.36762099960953,25.89524280001524],[105.37529459986592,25.89277590028763],[105.3747637003845,25.886363699924857],[105.37699209990552,25.8814286000499],[105.37579050043132,25.860313700117217],[105.3696053995696,25.84423369962559],[105.37339670029752,25.831820200042273],[105.38010509957076,25.81958840038442],[105.38991249966222,25.8096755997492],[105.39355169985112,25.807335400108684],[105.40452519957836,25.806257300034417],[105.40979640038364,25.799040200145157],[105.42004409955558,25.790624800394255],[105.43762209988006,25.780011900029194],[105.44259209974564,25.770593900088443],[105.45052349965982,25.76221229955803],[105.46756560027228,25.754925600236334],[105.47545340015438,25.754773399872533],[105.48585860029425,25.74908929963152],[105.4905038999351,25.73515229993876],[105.49806210008592,25.73253329967207],[105.516573799941,25.7150843997253],[105.52499029956272,25.69930529979979],[105.5312592999768,25.694303499906653],[105.53818249962274,25.69477049985875],[105.55436860033069,25.69942439971635],[105.56162589991538,25.707831999647112],[105.56384570011903,25.71508250035714],[105.56971069988896,25.71843229961098],[105.5804551000229,25.713667800228848],[105.5861137998121,25.705155399602063],[105.59215400010709,25.703289399885932],[105.59747139998518,25.699270899832186],[105.60999080013539,25.6934012002053],[105.62355500026314,25.678077700425604],[105.63207099997675,25.676821700061453],[105.64388239985294,25.679295899586123],[105.64881899979707,25.678068700010556],[105.68517630044596,25.661687100179563],[105.68806329958164,25.659084800323342],[105.69164799995531,25.64985079987457],[105.69010309957844,25.64044340024276],[105.6911519995652,25.63153760018014],[105.6992011000508,25.624747199823446],[105.6992011000508,25.6216739996554],[105.70351589973905,25.61389289983748],[105.70681820039971,25.6106014998594],[105.71221439977478,25.609345799868834],[105.71568219997363,25.60641030029518],[105.71534249995648,25.594727999897316],[105.7225564000579,25.586666499559385],[105.72530570039783,25.57659500005923],[105.73142289974709,25.567595200158394],[105.73441740024288,25.565579299645037],[105.74890290004885,25.565848699657806]]]}},{"type":"Feature","properties":{"shapeName":"Daozhen Gelao and Miao Autonomous County","shapeISO":"","shapeID":"62558664B3667697346194","shapeGroup":"CHN","shapeType":"ADM3"},"geometry":{"type":"Polygon","coordinates":[[[107.40087429970924,29.19110519974521],[107.39675850020467,29.187478099934424],[107.39675850020467,29.180864900195047],[107.40190190015261,29.17710910020486],[107.4084479996755,29.16526910008895],[107.40287780037028,29.154666899857602],[107.40377220042677,29.141176599720325],[107.40769990043015,29.138399500436662],[107.41574230006717,29.138971300185403],[107.42266239974998,29.13227319994826],[107.40639069977107,29.09763250003988],[107.4019953999678,29.097714199850486],[107.39049299995207,29.0942821998637],[107.37758769981258,29.100900999681414],[107.37076109994484,29.10106440020195],[107.36629269964845,29.098335900281597],[107.36580469962723,29.09542619955954],[107.37201169988009,29.07854750036688],[107.37384710016363,29.060854799609388],[107.38581719980397,29.062980099951687],[107.38965130016743,29.051535799737394],[107.39058649976721,29.043115100281682],[107.38791659967137,29.038336500429182],[107.37491579962449,29.03114770040611],[107.3730990000189,29.02398229984334],[107.36982590034506,29.02414580018859],[107.3656176999969,29.021447299853037],[107.36440200005234,29.017358499794966],[107.35972619990429,29.012451799610915],[107.36700959961337,28.9969455998596],[107.38741149994081,28.99852319958603],[107.3930178996564,28.996585100322193],[107.40106030019274,28.9850515001267],[107.40078740001854,28.974927900202488],[107.41218870004855,28.96042600035969],[107.41836069958669,28.957725800305468],[107.43519359990478,28.958625800440416],[107.43743800016364,28.95068869972374],[107.43042429994154,28.93775869970426],[107.42303649973474,28.93505799962702],[107.41733200017171,28.929819900168297],[107.41527470026728,28.922371599869507],[107.41047449959854,28.915728399645957],[107.41031829994967,28.901087899886704],[107.4134978998083,28.89715809996642],[107.4114405000791,28.893637499670945],[107.40779340024528,28.893228100396584],[107.40582960015598,28.895520599995734],[107.40180840033747,28.895520599995734],[107.38815509987802,28.87185649977772],[107.3826087002314,28.85504380003141],[107.39539879991474,28.841137799969545],[107.39946919984374,28.83970590030708],[107.40059890031904,28.84035429981111],[107.39836320010164,28.84232079966523],[107.39894789972584,28.843345099596718],[107.40473030036316,28.842548400088617],[107.40562580029052,28.837451200112866],[107.41337140026997,28.840055400236565],[107.41168220007353,28.84352700007105],[107.41447589994289,28.846873499712274],[107.41608529969687,28.847090300177285],[107.41694469993803,28.844312600146452],[107.42576050034688,28.8448184004489],[107.4312785003026,28.851123300000324],[107.43099809978253,28.844670499743813],[107.43404240023665,28.84418919967186],[107.43612909987814,28.848045300150545],[107.43985109974852,28.841890900344822],[107.43278589984948,28.84062610011449],[107.43615050014552,28.830385699840235],[107.42900909979016,28.8274020002022],[107.43566250012435,28.822912099813607],[107.43173049956295,28.820156200248505],[107.43754120006639,28.81755059988035],[107.44270300014341,28.817252900001392],[107.4409867996012,28.814630399573332],[107.44174180024396,28.807267899993633],[107.45060410009921,28.801436800168233],[107.44207779955087,28.795789400360604],[107.44515979958516,28.78789689972217],[107.4562831002849,28.790060899690843],[107.46557819977414,28.785167499580496],[107.45987680017424,28.7778168998301],[107.47308579957007,28.761404300368213],[107.48470249982057,28.766535299564453],[107.4938923003894,28.754597199601108],[107.48814750040685,28.73427060040791],[107.49293869976123,28.73146769957475],[107.49162809975707,28.725146399986443],[107.48894839974889,28.721475799968232],[107.48384020016516,28.72130609969679],[107.48230730034169,28.70510840043238],[107.4933778000455,28.701560899615856],[107.49685680040108,28.697324900323963],[107.49765030012134,28.691106899563806],[107.49532329983049,28.684984399610414],[107.4950332999469,28.677425399962317],[107.5111007998621,28.655828399561017],[107.5259932995512,28.643901899952766],[107.5330962997545,28.63932240010871],[107.5519638001893,28.635757400283865],[107.55874630000181,28.636231899682457],[107.56491830043927,28.634206899828598],[107.57102979988542,28.63080390027983],[107.58561679987548,28.618190899590388],[107.60617079984257,28.611352899916426],[107.61582129971328,28.61173639961521],[107.63002029979708,28.615186899555795],[107.63691730039318,28.61840839972791],[107.65693679999339,28.636810400279785],[107.66652679977204,28.642240399774664],[107.67418679958121,28.644746900249288],[107.68775979957513,28.645458399785355],[107.6920777999506,28.642797400279846],[107.69700629970106,28.63598640005239],[107.70678730019381,28.645763400360693],[107.71832229973438,28.653878899591575],[107.72061180009456,28.65884990040263],[107.72093179956295,28.666412400212153],[107.71852880026398,28.67749989980058],[107.72077180027844,28.687518899577583],[107.72353379994496,28.69110290027868],[107.7548368000783,28.70476539990335],[107.76690680000888,28.70666490026497],[107.76967630002127,28.71070490041086],[107.7711102996007,28.732221399797822],[107.78147880020651,28.74312189975592],[107.78407280021963,28.748771400379894],[107.78678879956351,28.763824400275894],[107.78446180017198,28.788904400317847],[107.78828440000513,28.79143940030815],[107.79382380022827,28.807927300004962],[107.79633940004334,28.843238400431858],[107.80235269981728,28.873181999749534],[107.80716890032454,28.876020699895435],[107.814309600108,28.89355389959286],[107.85109730010038,28.943160900255407],[107.85961129972179,28.958938400286968],[107.86346880044482,28.962851499796955],[107.85945939973158,28.966303200332504],[107.84547219988218,28.965087399663787],[107.83736510031918,28.968880599759927],[107.83865389985766,28.972102199756762],[107.83349860008042,28.972263299811516],[107.82815910026233,28.975162599874125],[107.82349300020184,28.980480499775297],[107.80551250020176,28.986920300331633],[107.8169278998028,29.00930449980285],[107.81942730012986,29.037315400285536],[107.8113328998935,29.038226499853124],[107.81017479972729,29.0401793003345],[107.79933760035004,29.04639919956344],[107.78146860009588,29.050304500152606],[107.78601860037816,29.086168600000917],[107.79561489990778,29.10662569981622],[107.79561489990778,29.113708899646042],[107.79817940035912,29.11594940044455],[107.79834480007253,29.12071930025553],[107.80190209990207,29.12397139986024],[107.8069468999795,29.143529600310842],[107.79007220007202,29.14947870018193],[107.77832500009873,29.16255500011323],[107.76905959982071,29.166094700210294],[107.76682589969556,29.172957100289977],[107.76103510028969,29.179096699952765],[107.75673330030162,29.180035700087558],[107.75491330000887,29.196574600337613],[107.74895700016549,29.201629599626358],[107.74465520017742,29.201051900325012],[107.72788360034792,29.186780500319912],[107.72165710009517,29.185308200413147],[107.72000260023987,29.181407999879355],[107.72389080022032,29.17945790006206],[107.71317290040906,29.158159300111663],[107.70221639966718,29.157425799561054],[107.69948639967765,29.15460830003309],[107.69683910044421,29.14514360009713],[107.69509469986059,29.144976099567373],[107.65812300037624,29.151284900377902],[107.65588940007581,29.16645590031959],[107.6383255002217,29.16365629999831],[107.6364485998231,29.166961599897945],[107.63363589997687,29.16833410023861],[107.62908589969459,29.16782839976088],[107.62461869999305,29.169489800114263],[107.61328510002738,29.166672600060508],[107.60377150035453,29.169489800114263],[107.59624339961329,29.162410499744794],[107.60054519960136,29.161326900316226],[107.59996610005555,29.155113999611444],[107.59789790036785,29.151862900052834],[107.5951680002031,29.151212600281326],[107.59334799991035,29.153163299946414],[107.58515799994183,29.153885799989723],[107.58209709980139,29.15764250020129],[107.5813525996428,29.162193800003934],[107.58499260022836,29.166239199679353],[107.58650319956308,29.17135479978424],[107.58466170007745,29.17223479989616],[107.58416530038835,29.16992330032008],[107.58118710010467,29.170428900073716],[107.57804350010753,29.17382390015291],[107.57241810041506,29.188630500197462],[107.57051540026555,29.211305699598427],[107.56670999996658,29.215710099641456],[107.5669219000257,29.21966930019812],[107.5552937001442,29.22444630015667],[107.55140550016375,29.22336340040067],[107.54826190016661,29.218814800362793],[107.54540720018218,29.209628300305837],[107.53479880002465,29.203515999563763],[107.52733199977206,29.19614129978123],[107.51004209996302,29.196718999981897],[107.50193489967592,29.188052700172022],[107.49490320042241,29.184730400387707],[107.49175949970123,29.180757999582056],[107.4791360003262,29.175626799837005],[107.47446959989219,29.17844659983075],[107.46727240020118,29.173751600056335],[107.46462519989313,29.177507700420108],[107.45775879962895,29.179891199719123],[107.45734519962133,29.181696899892074],[107.46015790036688,29.186030400082927],[107.45751070005883,29.192674800002067],[107.45949610006505,29.198307700040402],[107.44774890009171,29.20365150041647],[107.43591900026172,29.206178900236125],[107.42276540000324,29.193324800299365],[107.41564880025197,29.194499099953532],[107.40087429970924,29.19110519974521]]]}},{"type":"Feature","properties":{"shapeName":"Danzhai County","shapeISO":"","shapeID":"62558664B62828513207268","shapeGroup":"CHN","shapeType":"ADM3"},"geometry":{"type":"Polygon","coordinates":[[[107.82919329993092,26.413490400361752],[107.82279980007075,26.41285890001825],[107.82154079956831,26.414478400058158],[107.81285079992455,26.41364090010751],[107.80666279964856,26.407272399601595],[107.80145280040648,26.39768039973069],[107.7990037998855,26.38462240010375],[107.78724679999988,26.360630399873116],[107.78972630012873,26.35326390010897],[107.7920303002582,26.33029190015111],[107.78993980008175,26.32617940025915],[107.78093730041616,26.319835399983788],[107.77548980011426,26.313445400285048],[107.77533730027625,26.304736899788168],[107.76777629963658,26.278020899844705],[107.75039680037207,26.24363489963099],[107.73758629956814,26.207584400000087],[107.73784629986693,26.191766899922527],[107.7422788001266,26.18208490039791],[107.75950629957612,26.159404900415893],[107.77236930010315,26.15121839970942],[107.77770979996734,26.15069239973451],[107.78349279955313,26.146032899798513],[107.78668980039402,26.13865639957322],[107.78804780006595,26.128095399982783],[107.79576129964431,26.116765900026337],[107.81159180032137,26.103494400446266],[107.82627880042634,26.098716899565318],[107.83215329973507,26.099553900392266],[107.83651730043312,26.102248899667018],[107.84105680023123,26.11456490015007],[107.84242230024904,26.135175900047784],[107.84455130040226,26.140645899588662],[107.85021229975791,26.143779900222285],[107.8563233000803,26.14369790003809],[107.87435929994177,26.12534690003946],[107.8829268002317,26.12018789955198],[107.89161679987546,26.12190439956845],[107.90241230038743,26.12748739982368],[107.91043779996454,26.120269899736115],[107.9135512996528,26.108766399849515],[107.92011280006574,26.10500890014066],[107.9325867997411,26.10460639956574],[107.9422227998424,26.102409399873977],[107.95664230020208,26.08226389985913],[107.9604033000723,26.078544400104022],[107.96571330032862,26.077094899809822],[107.97335830034535,26.077215399970783],[107.9918137997671,26.083597400199892],[107.99815379985802,26.08282090036431],[107.99999979955118,26.09326940016274],[108.01851629998731,26.093271900278012],[108.02555830007555,26.09053790010404],[108.03926830009203,26.08209640022875],[108.05597679988944,26.079074900286457],[108.06365979985992,26.079763399661203],[108.07298279991636,26.083158399740398],[108.0851363001002,26.08118440043978],[108.09813679977356,26.081027900417325],[108.10669729974063,26.08489990001044],[108.11289979978596,26.093667899653894],[108.12359630022911,26.099775399814916],[108.12796780037377,26.100787899741817],[108.1284863000028,26.111688399699915],[108.12571730001343,26.119119399740555],[108.11286930017815,26.136727899672906],[108.11118329976955,26.152622399704057],[108.11387629985143,26.183076900278763],[108.11650080037168,26.191493899923614],[108.12959279976798,26.20694140002564],[108.12870780032478,26.21041290003535],[108.12423680008834,26.21376039972273],[108.11074830039382,26.21462890020365],[108.10550679969913,26.21776940023767],[108.10282129996307,26.22106190008668],[108.0998312996748,26.229648400353426],[108.09356680036763,26.23305139990225],[108.08808130011198,26.229541899938795],[108.08135230006866,26.22033139967442],[108.07718680043058,26.2183873999586],[108.06823729961172,26.217965900306126],[108.06223279970402,26.220897399695275],[108.05602280021213,26.22567539969998],[108.04553979972206,26.23884389992611],[108.02929679980753,26.255166899932533],[108.02498629977799,26.26952940036159],[108.01789830026638,26.284890900095036],[107.9939422998973,26.298017400182914],[107.95900730044661,26.319953900052496],[107.94541929976094,26.335239399878446],[107.94394680020474,26.34076290008784],[107.95510080016186,26.35465040019585],[107.95645130038724,26.360605399619544],[107.95529179997664,26.370483400088915],[107.94754779989114,26.38433240022016],[107.92687229971693,26.405198900209143],[107.92604080004293,26.420812399872432],[107.88852680037161,26.422789900233738],[107.86997229998173,26.429626899861603],[107.86638630008775,26.4292029000938],[107.84980029964419,26.40755840020006],[107.84391779996656,26.406696400018916],[107.82919329993092,26.413490400361752]]]}},{"type":"Feature","properties":{"shapeName":"Baiyun District","shapeISO":"","shapeID":"62558664B2656521138288","shapeGroup":"CHN","shapeType":"ADM3"},"geometry":{"type":"Polygon","coordinates":[[[106.76300239984096,26.825438800360416],[106.75849670016265,26.82250289968914],[106.75685179967087,26.817652200288876],[106.75391949988506,26.815801200365172],[106.750271999853,26.817652200288876],[106.74755429989108,26.81612029961218],[106.7466245996456,26.81267360020655],[106.74433589968208,26.811014000295927],[106.71429790032789,26.806673399957504],[106.71186629988989,26.80443919980928],[106.7080042998586,26.803992400428967],[106.70635930044142,26.802651899765408],[106.7041422000026,26.79345919978232],[106.70235430011093,26.79231010003116],[106.69763399970935,26.791607799660255],[106.69777700000861,26.79671500009721],[106.69513079974666,26.796268199817632],[106.6934859001542,26.791543999955707],[106.68311560000501,26.792437700339633],[106.67825240002833,26.78962870030432],[106.66494980009327,26.785925800235532],[106.65651059978444,26.785798100102284],[106.65372130029783,26.787138800415335],[106.64943020044348,26.79307620010661],[106.64120550013376,26.795119000241698],[106.63863079957179,26.792501599869013],[106.64041880018755,26.786564200177736],[106.63784409962557,26.78432959983121],[106.63054909956134,26.78490420006881],[106.62854659984578,26.78298890041748],[106.61903460006681,26.784138099993356],[106.61009470041017,26.775263199736912],[106.6098800996869,26.77264530024047],[106.60587510025573,26.769708000224057],[106.60172699980126,26.769005600028493],[106.60194149980043,26.76689840034095],[106.59922379983857,26.76536589981646],[106.59586240022963,26.765557399654313],[106.59436050003711,26.762236900312757],[106.58792380034316,26.763897199895894],[106.58377569988869,26.755148399878806],[106.57526830039183,26.75432789981278],[106.57342089955495,26.755711399761367],[106.57246739965086,26.76161789964641],[106.56656770043907,26.763905899937356],[106.55870149957462,26.76241600029823],[106.55774799967048,26.758957300339205],[106.55256339998101,26.757893100186493],[106.54755759990337,26.757999499877087],[106.54410120041013,26.76087290036412],[106.5394826996669,26.760367400435257],[106.53891659982128,26.752518599653683],[106.54070439988823,26.75134789998566],[106.54582939970709,26.75422140029741],[106.54934539997032,26.753423199820872],[106.54672329974056,26.748527500144064],[106.54749800003276,26.743631500093727],[106.55560260037976,26.74054480020243],[106.56114480019244,26.742567100291524],[106.5677595998257,26.741449500194335],[106.57139479983022,26.744536200085633],[106.5866506004449,26.745653800182765],[106.58647179993369,26.740225500406552],[106.59100089997162,26.73724510038113],[106.59147760001127,26.73532919998263],[106.58373049996266,26.73011330028862],[106.58218110027764,26.7241520002147],[106.58504159998989,26.7234068003836],[106.58349209958078,26.7222889997376],[106.58492240024862,26.71962760003379],[106.58384969970393,26.71744510011132],[106.57431479958836,26.71302689997151],[106.5715139995715,26.707490599711434],[106.5764005999078,26.70765030042105],[106.57830749989125,26.70589349998511],[106.58527989964773,26.691785100302184],[106.58516069990645,26.675757999731957],[106.58629300032175,26.67416049980727],[106.59034529959598,26.6737877002422],[106.59523199975706,26.66888860022874],[106.60089330038556,26.669421099604108],[106.60327700023345,26.667024700429636],[106.6178177004266,26.667131199944947],[106.61716219987568,26.665160799731154],[106.61865199969009,26.66404240013668],[106.62234679956521,26.665160799731154],[106.62604149961555,26.671338199698198],[106.63950950016334,26.672083699902885],[106.64368100007817,26.666438900035246],[106.64540920027446,26.666385599915543],[106.64636270017854,26.669048300039094],[106.65309669955309,26.670166599808795],[106.65506330013125,26.665267300145842],[106.65983069982701,26.664947799801155],[106.66263159966866,26.661699200357873],[106.66275080030925,26.660421000229007],[106.65869850013576,26.65876999963581],[106.66048630020265,26.655574499763418],[106.66602840019056,26.652272399651565],[106.6696040003244,26.65280499975097],[106.67115340000947,26.651633200212075],[106.67306039981764,26.648544000205504],[106.67598039957585,26.647372199767233],[106.68140339964725,26.63879650035824],[106.68968679960619,26.645294999664543],[106.69224929996528,26.651047299992968],[106.69648039975073,26.653231100335063],[106.69527389987064,26.65950660014954],[106.69892139990276,26.657461299899126],[106.69849220025492,26.66551460021867],[106.70228269968692,26.66583409966404],[106.70199669998777,26.6706273998347],[106.70478589964961,26.680532999598313],[106.71401189972943,26.681875000331047],[106.72574099994728,26.678232399805438],[106.72473970017705,26.682577899650425],[106.73325050001063,26.688265099854505],[106.73875750035842,26.686795399887842],[106.74376379955976,26.68302519995308],[106.75391949988506,26.683664199743077],[106.75227460029265,26.691140600258564],[106.7495567996067,26.693632600064518],[106.75284670041498,26.69963869986617],[106.75141629992237,26.70053319974744],[106.75241759969254,26.703536099911105],[106.7495567996067,26.710883300224168],[106.7542056003083,26.7164414000506],[106.74762579959105,26.716377499621956],[106.74390679985896,26.719443900016017],[106.74083149977395,26.719316100057995],[106.74219039966727,26.72251019968604],[106.74648150042094,26.723276699959797],[106.74147520032028,26.72749270012804],[106.73854289963515,26.735668800175063],[106.75492079965522,26.745951900260025],[106.76486190015663,26.745377100372934],[106.7704404002044,26.7497838998072],[106.78495879990874,26.750614099960785],[106.78753339974668,26.75246619975536],[106.78796260029384,26.75655339991954],[106.79261130027135,26.76574900021626],[106.79318350021845,26.775454699574766],[106.79897650026533,26.782222699617932],[106.80105049968085,26.789117999596044],[106.80305310012051,26.791735499793504],[106.81363790026893,26.79256539957356],[106.81456759961509,26.796076600155004],[106.81742839970093,26.796076600155004],[106.82028919978683,26.798502499790573],[106.81864420036959,26.799715400145658],[106.82028919978683,26.803417900016143],[106.8168562995786,26.806928800224],[106.81134930013013,26.808333099692845],[106.80777329979799,26.805715899868915],[106.80290999999659,26.807567100341487],[106.79847589984297,26.806992599928606],[106.7969024001257,26.80986500036954],[106.79246829997214,26.81197150038446],[106.78760500017069,26.8192478997708],[106.78031000010645,26.824736800363098],[106.7703688996051,26.822183800442076],[106.76836630006477,26.824992099905558],[106.76572009980282,26.82416239977499],[106.76300239984096,26.825438800360416]]]}},{"type":"Feature","properties":{"shapeName":"Anlong County","shapeISO":"","shapeID":"62558664B19636914592434","shapeGroup":"CHN","shapeType":"ADM3"},"geometry":{"type":"Polygon","coordinates":[[[105.43115229973893,25.389114399709854],[105.4109877997472,25.365897900168022],[105.40273280037849,25.342033400421144],[105.39945230018355,25.340417899666363],[105.37516029960818,25.34193440035233],[105.36251079993355,25.340282399713033],[105.35923780008449,25.336601399934693],[105.36161780012145,25.313234399747785],[105.36061879991775,25.310022400013793],[105.35581979984397,25.30908589999433],[105.35176830006708,25.309987900221472],[105.34821379982708,25.313182900070842],[105.34436779963431,25.323480400100436],[105.33162680023668,25.341993400375202],[105.3113633001762,25.34901440039431],[105.28275280010172,25.351413900431226],[105.27998330008927,25.35071389962684],[105.27494029955523,25.345418900062214],[105.26920330029213,25.330497899958175],[105.26541880023751,25.32773040003798],[105.26136779958432,25.32725589974001],[105.24743630014518,25.329940900352312],[105.24062379984855,25.328761899941753],[105.22775279985188,25.322744400333875],[105.21566029978305,25.312143399798117],[105.2108543002858,25.311891399868273],[105.19438179968034,25.317539400423016],[105.18805680028117,25.315902899599166],[105.1742627999883,25.297496899762166],[105.16898330023918,25.293575399684983],[105.1596297996756,25.291921399852754],[105.14546180012206,25.292762899987906],[105.13839729989553,25.282396400373614],[105.13369729989051,25.270980900048528],[105.13456730044061,25.26019840013612],[105.14230330015721,25.250947899825746],[105.14302079996997,25.248189900343675],[105.13449879997967,25.234065900121266],[105.13362880032895,25.22536289987795],[105.13498680000089,25.213425899785477],[105.13696280029308,25.208822399734004],[105.14296730020078,25.203944899637463],[105.14951329989896,25.20181440031439],[105.15631879987279,25.200826399718608],[105.1725232998105,25.20248989998896],[105.1755222996145,25.200395399628064],[105.17945080001448,25.19164289980006],[105.17915329978501,25.187518900277098],[105.15730280028407,25.158405400388972],[105.13478779981716,25.1366328999884],[105.11633280041849,25.114814900187525],[105.10547629979146,25.07480639969566],[105.10397329972807,25.054878399818335],[105.09899130020841,25.039571899923317],[105.09461980006381,25.03296490011013],[105.08470130042474,25.02687439983373],[105.06649029968764,25.0233858999394],[105.0294037999455,25.001739399953408],[105.02175129958289,24.99516489984029],[105.00921629979246,25.002389900273727],[105.00440229992626,25.000144900167072],[104.99965149991687,24.993287699967425],[105.00122830014601,24.987335400308552],[105.00891879956299,24.976260900420243],[105.03016680005783,24.959552899746598],[105.0287782998787,24.948562400134733],[105.03323330027666,24.941184899863288],[105.04100029962422,24.93744289996988],[105.05549629991435,24.926069399783046],[105.07083879967092,24.92339689974716],[105.07211299961529,24.919475600218846],[105.11473969997724,24.946020100347425],[105.12239320038594,24.948357299849533],[105.1299994998771,24.96503639990999],[105.1440588999983,24.966969300193114],[105.15362129958339,24.960664600291125],[105.17689179981676,24.98751789973136],[105.19153629976046,24.996427299780123],[105.20984290022972,24.998894999904394],[105.21480679999388,24.995457600388022],[105.2117308002363,24.983881199657674],[105.231323600304,24.982426500382758],[105.23427850005282,24.978643500397254],[105.23159110004929,24.970363999898723],[105.23939470000545,24.966028499615618],[105.2447622002154,24.96727350037179],[105.24968269959697,24.971332700144046],[105.25893899963518,24.96393200006179],[105.26090260007499,24.95853419989345],[105.25582010041734,24.954870799847583],[105.2542711000313,24.952005299904727],[105.254934000204,24.944523499859656],[105.2621504004207,24.933259600050576],[105.30033290034316,24.92719569992164],[105.32449030028721,24.9267526003523],[105.33149409987288,24.92913620037541],[105.3356399996863,24.93610950035321],[105.36372509963371,24.9460534004441],[105.38490299977366,24.945947599702038],[105.42708720041401,24.932357099800356],[105.44142750017903,24.923375299830298],[105.44554899958672,24.911094700260264],[105.45713780016939,24.914569900080892],[105.48153680028315,24.93091390015644],[105.49759679985249,24.952962899818033],[105.510932799709,24.96422939956716],[105.52430730044165,24.963350400400714],[105.53363779994459,24.96429239977448],[105.54396080025077,24.969590400376717],[105.55959329989093,24.97100439993318],[105.56463630042498,24.970099899590764],[105.57044979961864,24.966905399764414],[105.58381629998235,24.965331900047204],[105.59065229956406,24.956868900079712],[105.59620680030366,24.954129899675195],[105.60352329956066,24.955751399807298],[105.60780329998238,24.95965589999986],[105.61608929988137,24.9743403999895],[105.62111679970059,24.97847540001976],[105.638786299748,24.975301900262536],[105.64306630016966,24.978517400157955],[105.644073299843,24.98241590007376],[105.63774879956753,24.99271790031088],[105.6177978004282,25.000469399842984],[105.61298379966269,25.00870690020332],[105.61521930023059,25.02727690040865],[105.61367780019037,25.036670900141985],[105.60987079999751,25.046058399575543],[105.60984779983613,25.056600400088428],[105.61509679997738,25.08182140033739],[105.62062080020985,25.09626940021269],[105.6208193003705,25.121478899931333],[105.63768780035178,25.145805400299025],[105.65180180011305,25.16095940035609],[105.65457130012544,25.166234899920767],[105.65482330005534,25.171733899899607],[105.65100080004697,25.185020400171368],[105.64338679966113,25.198756899611283],[105.63173680021322,25.208818400448877],[105.62084979997837,25.222549399635113],[105.62159730027525,25.226445900358044],[105.63043230031047,25.232423899943058],[105.63345330022969,25.238845900218166],[105.62554929996031,25.27229140022797],[105.62880679999387,25.286277900404855],[105.62853229992578,25.293836400029875],[105.60443880041038,25.323812400122222],[105.59781629988237,25.33961290031516],[105.59021780021135,25.344407900204487],[105.58439629974947,25.345998899829397],[105.57200630035055,25.343679399884422],[105.56566630025964,25.344121899606023],[105.54466230022501,25.349110900347796],[105.5368193000707,25.34886189965698],[105.52922080039968,25.352050900128972],[105.51068880014805,25.36941889976248],[105.48613730019633,25.370723899688244],[105.46739980036057,25.37410339995199],[105.43115229973893,25.389114399709854]]]}}]}