{"type":"FeatureCollection","features":[{"type":"Feature","properties":{"shapeName":"Xinxiang County","shapeISO":"","shapeID":"62558664B37679454087519","shapeGroup":"CHN","shapeType":"ADM3"},"geometry":{"type":"Polygon","coordinates":[[[113.70700880021604,35.34331890014715],[113.70500929973946,35.33943990023124],[113.7077333003516,35.33050139991974],[113.7217862999978,35.30569089971527],[113.734549800433,35.293021900040685],[113.73754880023705,35.28430540007423],[113.73383329976707,35.27608889978296],[113.72537229989177,35.26950440010802],[113.72109230036938,35.26106240020965],[113.72633380016475,35.25141539960106],[113.73519879978483,35.24288940032562],[113.74009679992741,35.2279813999217],[113.73758680019068,35.20052740011948],[113.73362730015981,35.19437389963582],[113.7287368003631,35.18021389955186],[113.72944679983004,35.167617899646416],[113.73819729956574,35.14558789996164],[113.73895280023157,35.13642540011216],[113.7357632997365,35.12454239981196],[113.73539729994548,35.11584489982232],[113.73953229997574,35.10941289998539],[113.7559127999358,35.09831639998191],[113.76483130022439,35.09619540019759],[113.77429180032641,35.09270090002656],[113.79860680016372,35.09321989967867],[113.81120280006928,35.09542089955494],[113.82354730006796,35.101058899648535],[113.831733799875,35.107868399806875],[113.83640280024906,35.126605899642584],[113.84259779994852,35.131595400407434],[113.84987630015121,35.13337339966273],[113.87896729990098,35.13521940025515],[113.88655830012556,35.138591900196104],[113.89842979989544,35.14994789957598],[113.91123979977704,35.16976539975343],[113.92386630018962,35.17446889991987],[113.95043929983387,35.17448789989669],[113.97541030024524,35.18114840037845],[113.98687730024722,35.18105289957168],[113.99755879999873,35.185149899648195],[113.99051679991044,35.20391089966836],[113.99366030008287,35.20915240036305],[113.97212500036858,35.21100150001928],[113.9701079999843,35.21026519987913],[113.96429299982219,35.211667699804536],[113.95976539985338,35.20663600015132],[113.95776979973652,35.20516320022159],[113.95568849962467,35.20574179974432],[113.95307060012817,35.20270859962221],[113.95005580013515,35.20466350002056],[113.95010949955383,35.206434400027604],[113.94708389960238,35.203988500369064],[113.9450561999837,35.205899600186456],[113.94295329995487,35.20460220043128],[113.94159080007546,35.20737230029147],[113.94282459977558,35.20917820011391],[113.94131179979979,35.21006349993064],[113.94251349999809,35.21069469990056],[113.93418790025146,35.215042400386494],[113.92340540033899,35.21032650036773],[113.9202296999407,35.21123819978317],[113.91727919967536,35.20991450025406],[113.91752599972517,35.20767040036873],[113.91432880013406,35.21250040007345],[113.90858889965807,35.21360489974637],[113.90700099999617,35.21642729968016],[113.90354630022159,35.21789989996046],[113.89606829981221,35.232720300101846],[113.85371499964754,35.21944080015288],[113.8435679004383,35.245254299846124],[113.8467743000939,35.25166979982146],[113.84116309979731,35.25186610024036],[113.83499079988553,35.26299369969951],[113.79972030025169,35.266528000267044],[113.80132350007955,35.278504200008854],[113.79475040021089,35.288123200225584],[113.7902614998684,35.30133919994415],[113.79370829999812,35.30474099979733],[113.78448990008883,35.30948369961311],[113.79234559956979,35.31422600012985],[113.79490209965229,35.324289500160376],[113.79291859991349,35.327656400022875],[113.78466209957628,35.328833500165956],[113.78634030016474,35.33682059959108],[113.77717499982646,35.34307720015272],[113.78102929986233,35.351491599857525],[113.77366070018127,35.35824100012212],[113.76028380005744,35.36129189980136],[113.75631610000812,35.35722399998764],[113.74350600030175,35.36489739969528],[113.73082650014294,35.36680560009842],[113.72736379999947,35.36150339966224],[113.72785980038952,35.355552400422994],[113.72361729989848,35.35168840029951],[113.70700880021604,35.34331890014715]]]}},{"type":"Feature","properties":{"shapeName":"Yindu District","shapeISO":"","shapeID":"62558664B56477929024316","shapeGroup":"CHN","shapeType":"ADM3"},"geometry":{"type":"Polygon","coordinates":[[[114.33009429971219,36.17044939962017],[114.30023019956411,36.17214030043459],[114.2983912001938,36.16660689958877],[114.27465189956558,36.16768659955699],[114.2555936996896,36.15783379989],[114.25408909973225,36.151489599965146],[114.23954459990341,36.14109469976063],[114.2283437003016,36.135829199757836],[114.22182370000382,36.12948320028954],[114.21998479955892,36.12003069965709],[114.22757479973723,36.10396579968199],[114.23263840014215,36.104428400150596],[114.23970510011031,36.10785399966238],[114.25020410043896,36.1049720996827],[114.28123030003837,36.10170949959377],[114.28701829985471,36.098990599936315],[114.28796049977734,36.097141600104806],[114.29462339965028,36.09545580024502],[114.29421959955494,36.09115949961125],[114.29718089977871,36.09105069963016],[114.29691170031481,36.10758210043366],[114.31979429956732,36.10801709980939],[114.32033270029399,36.09105069963016],[114.33348309986525,36.09187050002362],[114.33356159988796,36.09906730041564],[114.33365030002142,36.12192280039699],[114.3276099999016,36.14745889970851],[114.32713710039695,36.15939019989787],[114.33009429971219,36.17044939962017]]]}},{"type":"Feature","properties":{"shapeName":"Linying County","shapeISO":"","shapeID":"62558664B74277394327370","shapeGroup":"CHN","shapeType":"ADM3"},"geometry":{"type":"Polygon","coordinates":[[[113.7265509999288,33.86372670032699],[113.71931790020096,33.84551270035087],[113.72445110003832,33.8408616000828],[113.75361680017522,33.83252790014251],[113.75851669968597,33.82303040013289],[113.75525010031197,33.810429999844644],[113.73681729977864,33.789295900285595],[113.74498379956276,33.782120799635265],[113.74661699987473,33.778048100139756],[113.73985059972551,33.751474200274174],[113.74381710007913,33.740415499675635],[113.75385790032192,33.727023400109886],[113.75163889961561,33.72065519997756],[113.76191059989435,33.72103209955179],[113.77760969972792,33.729569399708055],[113.79713290036307,33.727560700066306],[113.80317099984188,33.73007160002436],[113.81846750017507,33.749653899607836],[113.82249289982758,33.751996700087716],[113.83195260043226,33.749988600293705],[113.84121110021215,33.74563729982157],[113.85691010022106,33.74379640018378],[113.89313879961594,33.74262480029432],[113.89776799959361,33.733754099871874],[113.90018319999479,33.732415000352034],[113.90219589982098,33.739946999654364],[113.90622130037275,33.74011429963525],[113.90924040002449,33.72772809987197],[113.91970639973067,33.72086469974613],[113.93218519998709,33.717014300069934],[113.95814899977654,33.71751650038624],[113.97203670043348,33.72488240030259],[113.979684900238,33.72069729994047],[113.98813829994265,33.721366900062435],[113.99296869984573,33.73358670006621],[113.99880560029828,33.73559520005847],[114.00947289975454,33.73325189955557],[114.01973770043458,33.73358670006621],[114.02617829958888,33.73007160002436],[114.03020370014076,33.72320840044739],[114.04932440020093,33.72320840044739],[114.06119930030752,33.72672370013868],[114.06844510026121,33.72304099974241],[114.08650139961992,33.71791559972519],[114.09192110007882,33.730831400348904],[114.10454699974434,33.7325814001116],[114.1057161004178,33.74055339991952],[114.09940309977333,33.75357930004469],[114.09316219957589,33.75835350041376],[114.09332400020253,33.76174379973662],[114.10805420014128,33.764853800162825],[114.11719279960812,33.76263259971478],[114.1377783001285,33.76346169999749],[114.13345219955943,33.77729840010113],[114.1373827000516,33.78492719973053],[114.13190329989743,33.78778709959505],[114.13085370023816,33.79205990004442],[114.13620929971944,33.80660830023294],[114.14949010008809,33.80298030020077],[114.15488099975835,33.79985019992682],[114.15949329967611,33.80566300034724],[114.1506341996087,33.820791199754126],[114.14587819971916,33.83461829959492],[114.13954469992802,33.845522600087975],[114.13158910015693,33.848826200269],[114.12049949975221,33.85943709964249],[114.12460519987019,33.86488919997663],[114.1311382996928,33.904403600345915],[114.12880510037519,33.92299230015459],[114.1185386998012,33.925702800144165],[114.10267260036028,33.9396412999061],[114.06300710039739,33.93809269971837],[114.0564739996754,33.945835400283556],[114.05507399986527,33.96828529972686],[114.04807430028882,33.98066890044947],[114.03780789971484,33.98337759999629],[114.00514229987732,33.97679920042282],[113.96921009976631,33.98066890044947],[113.94587750044639,33.978734099898816],[113.93187789984529,33.964027999992254],[113.92767800023955,33.94660959965336],[113.91974500043148,33.93809269971837],[113.90154550022476,33.93809269971837],[113.8735463997466,33.94196410036301],[113.85394699955441,33.935382599927095],[113.85488029978603,33.90014309992415],[113.85138040008542,33.87515690007092],[113.84438059978493,33.86953890000029],[113.82408130041176,33.87108869988367],[113.79934870038232,33.878062700433304],[113.78371590036852,33.878062700433304],[113.7622498997132,33.87050750042084],[113.74311710017412,33.870895000304074],[113.7265509999288,33.86372670032699]]]}},{"type":"Feature","properties":{"shapeName":"Weidong District","shapeISO":"","shapeID":"62558664B40103580159641","shapeGroup":"CHN","shapeType":"ADM3"},"geometry":{"type":"Polygon","coordinates":[[[113.2799988999293,33.78839180014154],[113.2793923000147,33.778885299716876],[113.28321510039666,33.77429549993741],[113.28321510039666,33.76741030024522],[113.28916179997714,33.76211360006266],[113.29808169961086,33.7587587996789],[113.30424070034815,33.75964170010445],[113.30657679997944,33.75663999963632],[113.30436740043524,33.75127699963389],[113.30191400043088,33.730335499783564],[113.33584579984381,33.72999979995086],[113.3629398001317,33.72763329963715],[113.36795440007552,33.73173959960292],[113.36795440007552,33.738097800173364],[113.37453810025318,33.73898090024841],[113.37751140013108,33.73792120030322],[113.37872610002955,33.72544140000065],[113.39733970026703,33.72694289999487],[113.41530220033633,33.726010499984625],[113.44186230010507,33.728383700247605],[113.45502980028516,33.723084599774495],[113.46161349956344,33.72502760034354],[113.46267540014969,33.731033100297395],[113.46093229998576,33.74328590002432],[113.45001699988472,33.7456062003659],[113.44385690017589,33.75163709987231],[113.44391330025871,33.761293099996635],[113.4385377996798,33.76938810008079],[113.43055730037918,33.77432239955914],[113.41050730027177,33.77967089979222],[113.39759029995241,33.77994940004481],[113.38217180028846,33.7781754000747],[113.37695329975509,33.77910990000191],[113.36032239975896,33.78716699995715],[113.3706972999405,33.7953908998702],[113.3863940003829,33.79788300040019],[113.37602229998924,33.8120879000366],[113.3730995995669,33.82576610002553],[113.34195730018928,33.82380560044817],[113.33840820037824,33.81927789975532],[113.33910339970214,33.80267679969461],[113.32423890040502,33.800675200200374],[113.31732749986429,33.81313560032777],[113.30736940037764,33.81510899978059],[113.2960740000151,33.80397080001245],[113.29612940005188,33.784096799927454],[113.29012240002885,33.78384720028811],[113.28306419955322,33.785844199750045],[113.2799988999293,33.78839180014154]]]}},{"type":"Feature","properties":{"shapeName":"Shilong District","shapeISO":"","shapeID":"62558664B6829769901025","shapeGroup":"CHN","shapeType":"ADM3"},"geometry":{"type":"Polygon","coordinates":[[[112.92510760043547,33.86569260033332],[112.92680670036896,33.870630300148264],[112.9257447997827,33.87680190038742],[112.91257729960273,33.88244410031501],[112.90832969995574,33.88667549957472],[112.90832969995574,33.89302219961485],[112.9193733998626,33.90941579999924],[112.91597529982027,33.91664200012826],[112.90535640007784,33.92263410018364],[112.89643650044422,33.91346960024191],[112.88454320020855,33.913822100309744],[112.87456139998869,33.91752319993577],[112.86203110005533,33.91470330011725],[112.8556597001351,33.90254140026548],[112.85714630016173,33.89214080015785],[112.86118149972651,33.88350189999272],[112.86054440020393,33.87891770029171],[112.85587210021731,33.87450960043776],[112.86946429983766,33.86710340010188],[112.8777470999488,33.859167499980174],[112.88645460039959,33.86816150015318],[112.89240129998007,33.86763250003992],[112.89813549965368,33.86146020012819],[112.90089640034864,33.86198930006617],[112.900471700009,33.86816150015318],[112.90365730014435,33.870630300148264],[112.91724959958935,33.865516299937326],[112.92510760043547,33.86569260033332]]]}},{"type":"Feature","properties":{"shapeName":"Changge City","shapeISO":"","shapeID":"62558664B38768866113651","shapeGroup":"CHN","shapeType":"ADM3"},"geometry":{"type":"Polygon","coordinates":[[[113.64129629968454,34.28440839962798],[113.63498899984256,34.27678160009083],[113.59077270010005,34.26996470031071],[113.58582309955648,34.26260179963339],[113.584503199663,34.24869240013419],[113.57262420044651,34.238327000390825],[113.57724380016134,34.230961300123965],[113.60232170028632,34.21431800027557],[113.63663889966551,34.19603389994455],[113.64521819996003,34.18484319955405],[113.64356830013696,34.17665390015742],[113.63751450029406,34.17136020011321],[113.65011410018565,34.15591520012646],[113.67717990043207,34.16595479977423],[113.82510859958222,34.173676799744555],[113.84004150041494,34.176765300078614],[113.8671072997621,34.17483499973548],[113.90257280029459,34.18023980022667],[113.9417715997796,34.17020200012229],[113.9805036996861,34.18680239961111],[113.99636989985106,34.18410030018873],[114.059834599787,34.15745989995446],[114.08456709999177,34.15089500010424],[114.09810009993976,34.153984399760304],[114.10416650018385,34.1620936001396],[114.12516590018618,34.16247969977837],[114.13309899981903,34.16942979994536],[114.14663189994224,34.186416399797054],[114.15949789970841,34.19822450006069],[114.11749930025258,34.208645000366516],[114.1198324995703,34.21752060029553],[114.1086329003881,34.223694500101146],[114.11563269978933,34.2294819998944],[114.10723289967859,34.242213200279025],[114.09603329959714,34.24452779981817],[114.09416670003327,34.25224249999144],[114.08670020015416,34.252628300156005],[114.08203369989542,34.24529930032253],[114.07456729984108,34.24954249958677],[114.06756750043985,34.24568509958772],[114.05636779963436,34.24722799987234],[114.05030140028941,34.23989859984056],[114.01810240020563,34.24337050004857],[114.00410279960454,34.25031390026635],[114.00036959957743,34.25995660031691],[113.9905699003807,34.2657415999949],[113.99103659995922,34.27461130037125],[113.97330380023027,34.27808180033486],[113.97143719976702,34.28425119993301],[113.96350410013417,34.28502230023901],[113.96070420033868,34.295817600202156],[113.93737160011926,34.30237110024615],[113.93457170032377,34.30969509984902],[113.92103870037579,34.30969509984902],[113.90750580025258,34.30584050033889],[113.89117300033377,34.313164199568234],[113.88172130009798,34.33020039972871],[113.85098279991632,34.328830400402694],[113.82778929963649,34.33495390040224],[113.81311029990047,34.33483140014903],[113.79817179988868,34.33653639963518],[113.78846730022576,34.33477390019539],[113.7620087995665,34.3189239004177],[113.7525863003176,34.318298400350955],[113.73738880005317,34.32091539962602],[113.72767630002124,34.31869139958849],[113.71597279990488,34.30983340029127],[113.70506280040797,34.296165400412974],[113.68363179956793,34.282554399565925],[113.6672362998155,34.27578739956891],[113.65921779966175,34.275375400354505],[113.65093229978584,34.27748489960851],[113.642120299912,34.28211590002883],[113.64129629968454,34.28440839962798]]]}},{"type":"Feature","properties":{"shapeName":"Chanhe District","shapeISO":"","shapeID":"62558664B64473132117231","shapeGroup":"CHN","shapeType":"ADM3"},"geometry":{"type":"Polygon","coordinates":[[[112.47572889976902,34.7300416002397],[112.4768480997601,34.724676100122],[112.4712523003534,34.71455739970429],[112.47666160015274,34.708270799557795],[112.46248560023037,34.69278249991248],[112.4799134002833,34.69346549993293],[112.48190080038171,34.68528339960926],[112.49396480003554,34.67077860035215],[112.50272759979896,34.671870499623935],[112.5189504998657,34.68418120040212],[112.52623000011442,34.68759640015378],[112.54165619977391,34.689653200035195],[112.54333679975355,34.69640530006461],[112.53367519955088,34.710543300033294],[112.51578289966119,34.711791700226854],[112.4994545999499,34.72065989963471],[112.49892709990581,34.727814600063766],[112.50341140021601,34.734751800355355],[112.47572889976902,34.7300416002397]]]}},{"type":"Feature","properties":{"shapeName":"Fengquan District","shapeISO":"","shapeID":"62558664B86441023954317","shapeGroup":"CHN","shapeType":"ADM3"},"geometry":{"type":"Polygon","coordinates":[[[113.78634030016474,35.33682059959108],[113.78771779983663,35.341382899900964],[113.80687620037645,35.33873089991113],[113.80959689957729,35.34344710030348],[113.8115240999573,35.34039550005235],[113.82467429987912,35.33900840011762],[113.83056920030845,35.34270730000196],[113.83567050029342,35.34169010021799],[113.83850460040708,35.34871770036165],[113.83215629957363,35.356854199661655],[113.83368670018115,35.36637979988791],[113.87279709990628,35.361664999740015],[113.9029741002746,35.36271689986506],[113.9534830004402,35.38543349955643],[113.96220139977481,35.394071899698474],[113.95993779988964,35.39656839971195],[113.95932109968908,35.40513459958214],[113.95575619968895,35.40254700004408],[113.94513939986348,35.40801040035973],[113.94201140040582,35.42552119974363],[113.93669460037552,35.427610699873924],[113.94176370013474,35.43619460020068],[113.93405710015509,35.44059659995315],[113.92727449961853,35.44132010004262],[113.92469999960531,35.443783299959364],[113.91526890013972,35.45116269959897],[113.90918969984489,35.4492446003581],[113.91223009993917,35.43930170031325],[113.90422339979011,35.43747199993288],[113.89977010001019,35.42776779974423],[113.87661499988235,35.43307889987136],[113.87087449955857,35.41790859960224],[113.87101980032355,35.40540389977019],[113.86263070034659,35.40888109968307],[113.85058590031906,35.39077329974805],[113.84955629978344,35.38597259995555],[113.82208410040096,35.387233099627906],[113.81954550042451,35.39096939961814],[113.78630080014193,35.3986548997039],[113.76594600000794,35.39934420037457],[113.76472219986965,35.39601259980168],[113.75973420007335,35.39601259980168],[113.75542899974857,35.40025849973006],[113.75429270004815,35.3899132996591],[113.7448829999505,35.38974300043918],[113.74386330005132,35.38178009997171],[113.73763669997379,35.38128620039788],[113.735247599697,35.37817539957507],[113.73663960003762,35.37550439960842],[113.73082650014294,35.36680560009842],[113.74350600030175,35.36489739969528],[113.75631610000812,35.35722399998764],[113.76028380005744,35.36129189980136],[113.77366070018127,35.35824100012212],[113.78102929986233,35.351491599857525],[113.77717499982646,35.34307720015272],[113.78634030016474,35.33682059959108]]]}},{"type":"Feature","properties":{"shapeName":"Anyang County","shapeISO":"","shapeID":"62558664B90819025865718","shapeGroup":"CHN","shapeType":"ADM3"},"geometry":{"type":"Polygon","coordinates":[[[114.33009429971219,36.17044939962017],[114.33450169989362,36.170385799565054],[114.33985139982235,36.16795660031693],[114.34169030026726,36.158508699716776],[114.34670569970831,36.1587786995774],[114.34754149994035,36.163772699650394],[114.35824089979769,36.166472000382555],[114.37830229971144,36.16532479999955],[114.39682919990776,36.16925090010898],[114.40897939957972,36.16842889997383],[114.4063882000554,36.149869699726935],[114.40998249979259,36.145549799983314],[114.40588670031104,36.145549799983314],[114.40028620014812,36.13913709959752],[114.40170720002732,36.13630179978827],[114.41650250009036,36.1369092999243],[114.41630540017411,36.1292928003225],[114.4180071000477,36.12759280016763],[114.41850859979206,36.12205630025812],[114.42720180012304,36.1216511997431],[114.42937519980569,36.11827509981606],[114.42644950014437,36.11705970024502],[114.4262525000529,36.115316199882784],[114.42670030037857,36.113008099744036],[114.43104690009443,36.1111173003232],[114.42887360023656,36.108145999638225],[114.42853929974899,36.101662599949066],[114.43021100003773,36.09882599972019],[114.42845569967085,36.08281740000308],[114.43129770032863,36.07930449970297],[114.44283300024279,36.077683100294905],[114.44600940031364,36.07498069959968],[114.44584220015747,36.07106209983607],[114.43530999955692,36.062413499583386],[114.43865349995917,36.059845700418805],[114.46189129994355,36.05187159979454],[114.47451320032394,36.04301809980552],[114.49415659984732,36.035650699819996],[114.5071964997187,36.034366399589715],[114.5134358000222,36.03539249996396],[114.52224250019128,36.02943169991306],[114.52366350007048,36.00847310035334],[114.52190819970372,36.00455110025314],[114.52385850006976,35.99865719986991],[114.52531360044236,35.99966499993985],[114.53707260042029,35.996019099801686],[114.54337080002244,35.99578209966421],[114.54732539964755,35.99791510000193],[114.55450250039019,35.99364900040109],[114.5658538997377,35.99773740026086],[114.59287760002132,35.997974400398334],[114.59778430020538,35.9934712997607],[114.60664569983919,35.99335279969199],[114.60605979962008,35.99809289956772],[114.61301719958419,35.999277900254924],[114.61719159981249,35.99803360007064],[114.619242099943,35.99921859985852],[114.61902240006373,36.00093679959366],[114.62290390009503,36.00129229979984],[114.62056039994252,36.00680209973717],[114.62253769975507,36.00846090015045],[114.625320599666,36.00745379975308],[114.62466150002831,36.005024800154445],[114.62810360030096,36.0055580001017],[114.62964150035498,36.00745379975308],[114.63564669993536,36.00703909987459],[114.63674530005562,36.004076900328755],[114.63469470010034,35.99803360007064],[114.64253079975663,35.99761890019215],[114.64751080008341,36.011482200443254],[114.65710460039702,36.008757099960235],[114.65673840005718,36.0034843999851],[114.65461459978405,36.00188480014344],[114.66252399958296,36.000759099852644],[114.66508719961462,36.001588499609625],[114.66545339995446,36.00413610000106],[114.6681631004468,36.004195400397464],[114.67197130033526,36.001647800006026],[114.67797649991564,36.00271419990048],[114.69779180035141,35.99725340042414],[114.71317280008475,36.025577399877136],[114.72514329992339,36.060024400205975],[114.73735830024543,36.07569489979983],[114.75694279957065,36.11363989956175],[114.76760309960343,36.129894200357114],[114.76220700005308,36.13262559969172],[114.74749129988368,36.13589699964689],[114.7417787999517,36.15023010033889],[114.73644850019821,36.15100279963957],[114.7365144996445,36.15418269987174],[114.72796700027686,36.155109700352455],[114.71322679987702,36.139249000441055],[114.70602369973403,36.13934019979047],[114.70660709983781,36.14431810020022],[114.68587929959006,36.14538080028376],[114.68454770041615,36.13797450012311],[114.6492535000491,36.139554199766565],[114.63024489958252,36.1348147995634],[114.63106700044182,36.12832169978668],[114.62450409978442,36.126880900433264],[114.62434079998798,36.12391230041237],[114.61314999977276,36.12193460040152],[114.61404299958485,36.12605650000751],[114.60499139963349,36.12733429993807],[114.60089190034103,36.12130750044082],[114.59527860012736,36.12408979960463],[114.5836693003979,36.11852509965365],[114.57678030017075,36.120276999683824],[114.58059429978721,36.140286200248],[114.56887069982304,36.143254300245815],[114.56198159977112,36.151289599735264],[114.54863660039882,36.15185080007444],[114.53878410020616,36.16004730034268],[114.5285806998395,36.1657334996014],[114.52256110031453,36.166224800134444],[114.52103069970713,36.169885299866735],[114.4713909996949,36.177143100373826],[114.45831569980976,36.187696700342485],[114.45420839979784,36.20095060019008],[114.42730009961997,36.19530420042855],[114.40594930032,36.202011800204446],[114.40692700008105,36.21714099965749],[114.40231320009423,36.22435379988798],[114.39476400035835,36.226217400212875],[114.38828140016653,36.218598600145356],[114.35310569986825,36.22548150027109],[114.34699879955497,36.240733299802],[114.34003049980777,36.24510279985441],[114.33940940012383,36.25528139961693],[114.3230284999654,36.2551229004016],[114.32213330041156,36.24779710035597],[114.31745960018043,36.24762709971094],[114.31551720035861,36.24973569964288],[114.3082706000082,36.251061199614696],[114.30408699971531,36.249253799723135],[114.30374330041309,36.24569580022103],[114.29385209969473,36.24521710008918],[114.28413310026247,36.24629510033867],[114.28449259975378,36.24856719971655],[114.2728592998169,36.25274810024467],[114.25605020005673,36.26166389986912],[114.24447049971388,36.25774830024392],[114.23906570012207,36.252330599877325],[114.23314430026926,36.25030560002347],[114.22952910028778,36.25202510017829],[114.2259431003938,36.2600976001242],[114.21697819958433,36.27021719986391],[114.2129669004022,36.26966480029034],[114.20502500000384,36.27202419955722],[114.19904849958868,36.25768799980142],[114.20029479986522,36.252592600268315],[114.19640320044743,36.24356200038608],[114.17999810043204,36.24762709971094],[114.17200439998317,36.2420237001337],[114.16369310035634,36.24300339998695],[114.16662549996693,36.2477475998719],[114.16714839997871,36.25323000016442],[114.16513129976977,36.25461560002998],[114.16931490006266,36.25901330012374],[114.17052819971673,36.263433000332725],[114.16453370027011,36.26672369973903],[114.14189730032024,36.27063890006525],[114.13268279987142,36.27879719983093],[114.1250881996607,36.28105819977617],[114.12142750027897,36.274674300178845],[114.11492800002725,36.272385500390556],[114.11141669962103,36.27395149976195],[114.1068596000905,36.272505999652196],[114.09199280032749,36.274553800017884],[114.086837999674,36.27666180010203],[114.08489559985208,36.27569810008731],[114.0841484997535,36.271723000416216],[114.07996490035987,36.27196390001404],[114.07899810038214,36.269220099927736],[114.06178280023607,36.272674600052824],[114.05463910031426,36.27587879996668],[114.05194970021853,36.28497259970578],[114.0417894996857,36.29436639978957],[114.03835289966662,36.29442660040735],[114.03648520023182,36.29677490024153],[114.03827820017887,36.30008649989213],[114.0368588001935,36.30225400002212],[114.03162930005226,36.30339789989324],[114.0387264996283,36.30520400026444],[114.04268589983451,36.30436119970966],[114.04380659989476,36.30707040017887],[114.04141589972403,36.3095988998694],[114.04806489967541,36.313692399784486],[114.05157610025685,36.31254869956291],[114.0549437996167,36.31757809964961],[114.05147069971304,36.328194500176096],[114.04676940018771,36.33002829966637],[114.03993870031081,36.32641969980938],[114.02874089977274,36.32750230009111],[114.0213599002393,36.32471969965445],[114.01979220024987,36.328779400349106],[114.02679089978028,36.33910820038318],[114.02701480039275,36.3459180998405],[114.02556680016778,36.35121150041044],[114.02080000031981,36.35435070002484],[114.0154250995887,36.354756500212375],[114.00937830006853,36.351960800250765],[114.00971419955079,36.34808269965691],[114.00663480035587,36.34357299979416],[114.00227019980991,36.34341959973477],[113.9842951002388,36.35624449958402],[113.97858420020077,36.3589949996196],[113.97376909956438,36.359310599604555],[113.97068970036946,36.35597399970038],[113.97248139989676,36.34645920033188],[113.97892020040695,36.34267099956702],[113.98379120020377,36.34627879992672],[113.98737450033298,36.34537690042367],[113.9896700998953,36.34321219988317],[113.9886062999409,36.339333699990334],[113.99728460030417,36.334372499990934],[113.99706059986681,36.33220749997622],[113.99431719997881,36.330448399973704],[113.98871829970983,36.33026789974383],[113.98625469959472,36.32733600015632],[113.98558289973107,36.32390779980517],[113.98927809980455,36.31862980012522],[113.98933409968902,36.31551700010954],[113.98722830024587,36.314970300439086],[113.98037589972807,36.318223800288195],[113.96486690038716,36.33910820038318],[113.96492290027174,36.34249060006118],[113.9569906999609,36.35446629977997],[113.94689439985677,36.35881460011376],[113.94084749961246,36.35538780000701],[113.9391514996421,36.352223199940795],[113.94095950028077,36.3475866003414],[113.95372220031936,36.34562600003994],[113.95545839998522,36.34427270022496],[113.9559623998449,36.342874199584685],[113.95237809966966,36.341791600202214],[113.95315559955134,36.3369530002808],[113.94767370018121,36.33583659987926],[113.93798489998323,36.33836299965276],[113.93192719978049,36.338190099593476],[113.92857610010697,36.33615240041303],[113.9267548002939,36.327192900032344],[113.94041970020908,36.317092499919],[113.95558179956049,36.31772439956143],[113.96760689993857,36.316249899912975],[113.9754494000698,36.31224770007134],[113.97597220025693,36.30297859998245],[113.98825870027883,36.30129309959693],[113.99427130038032,36.29602599970019],[113.99400989983712,36.291811999624144],[113.98538319987483,36.28865139974238],[113.98172339981511,36.28190830012801],[113.97492650005802,36.27748280019114],[113.97910920012953,36.27010639979056],[113.97701789955647,36.262307800064946],[113.98224620000224,36.26104309965939],[113.9819848003583,36.25830279973445],[113.9866901998929,36.256827200215184],[113.98878160029074,36.254297599754466],[113.98904299993455,36.24333499981043],[113.9932256001814,36.236798800024644],[113.99348709965,36.229207699975404],[113.99871540009565,36.2233029996338],[113.996362600054,36.20157839982335],[113.99165709979536,36.18048080014887],[113.9806776996162,36.176049600308886],[113.9778021002868,36.169507800444705],[113.97727930009967,36.158955400171635],[113.96812970012559,36.14481289999537],[113.97048250016735,36.139957400014055],[113.97623359990075,36.13784629996684],[113.98538319987483,36.13721290025518],[113.99008870013347,36.12454460025316],[113.99897679973958,36.12433349969132],[114.01518460018917,36.11377500021615],[114.01492309982132,36.10553830025242],[114.00943339973162,36.0890625000344],[113.99453270002414,36.06624409978542],[113.99453270002414,36.05990449989281],[113.99845399955245,36.05652320008568],[113.99976099957053,36.05145089963935],[113.99008870013347,36.03940289982404],[113.99035009977729,36.03284979997835],[113.99740830025291,36.02841019957111],[113.99740830025291,36.02270179964836],[114.00185239996836,36.02143319978239],[114.00655780040222,36.02249039961231],[114.0123089999604,36.01022649955337],[114.00995619991875,36.00071020011569],[114.0026365997993,35.99796079995099],[114.00342090035429,35.99436529961895],[114.02443330005678,35.972737000112545],[114.02724149969549,35.97551200037856],[114.03046049975228,35.97623489972091],[114.03271989980362,35.975154400255406],[114.0322578002573,35.97108179968535],[114.03708469999901,35.9719960999401],[114.03677660035987,35.97004290015974],[114.04031969989433,35.97133119967515],[114.04401690006,35.96912859990499],[114.04612230020405,35.97241170003997],[114.04663579960254,35.96941950000996],[114.06034619981733,35.960941000227024],[114.06337579995329,35.96060850018222],[114.06481360006762,35.96584530012058],[114.06373530034386,35.96800639977556],[114.06722709985081,35.97116489974036],[114.06576559990253,35.97419289998243],[114.06722709985081,35.975279100250305],[114.06840810035362,35.975528400415385],[114.06840810035362,35.972619500089934],[114.07050979978749,35.97177270024997],[114.07112969977584,35.97349220040479],[114.07446739955094,35.97315970035993],[114.07384760028663,35.975045200075954],[114.07606870001052,35.97685810022119],[114.07903749968091,35.975570000355276],[114.08324820014434,35.97752310031086],[114.08609449956157,35.98199389999854],[114.09462790025748,35.980563200031725],[114.1030180002806,35.98388070013425],[114.10202910036276,35.988808699861636],[114.0974965001634,35.994628300056036],[114.09740930009923,36.000167300080875],[114.1006200003128,36.00172630002879],[114.10484180020899,36.01037249999092],[114.1014261004342,36.01590410039398],[114.10490199992739,36.01984720038803],[114.10898390038676,36.02007489973687],[114.10787419993449,36.021707799675255],[114.11279229992476,36.02168750017802],[114.1138399003911,36.02798660000167],[114.11610479979674,36.02968810022571],[114.11975160015629,36.029295699936654],[114.12362140000766,36.031852200019046],[114.12517060004325,36.03066160015277],[114.12737169974423,36.03176909996404],[114.13277130035533,36.03100309971336],[114.1317901004328,36.032131200294714],[114.1371347003062,36.03566990034568],[114.13804960040875,36.0339057002879],[114.14002020027203,36.042157400044005],[114.14227219980228,36.04272650002798],[114.14405589985995,36.04732020016718],[114.14667209963773,36.046535500313155],[114.14866430031725,36.049413599757884],[114.1473185997736,36.052234600346594],[114.13923779998458,36.0511282004062],[114.13171480019798,36.053290800130355],[114.12402460025521,36.06194050025391],[114.12352309961148,36.06923789970938],[114.12001230012766,36.0730213997179],[114.11148629995284,36.07842620020904],[114.10329450044094,36.07937200011776],[114.10195709974039,36.095989299666485],[114.1056349995556,36.098420699555675],[114.12469330015574,36.09882599972019],[114.12603069995691,36.10233799979892],[114.14224699989916,36.10301339964872],[114.14408600016884,36.105309599958105],[114.15846329984151,36.10571480029785],[114.15963350038578,36.102202900043835],[114.16347860035717,36.09936629981496],[114.16481600015834,36.09490859965223],[114.16297709971343,36.08720819959876],[114.16765799991686,36.08585720024962],[114.18989269968836,36.08531680033013],[114.19674699957443,36.08612739975973],[114.20142799960252,36.09126109962011],[114.21496940011775,36.09369279988289],[114.22757479973723,36.10396579968199],[114.21998479955892,36.12003069965709],[114.22182370000382,36.12948320028954],[114.2283437003016,36.135829199757836],[114.23954459990341,36.14109469976063],[114.25408909973225,36.151489599965146],[114.2555936996896,36.15783379989],[114.27465189956558,36.16768659955699],[114.2983912001938,36.16660689958877],[114.30023019956411,36.17214030043459],[114.33009429971219,36.17044939962017]]]}},{"type":"Feature","properties":{"shapeName":"Beiguan District","shapeISO":"","shapeID":"62558664B51980709980314","shapeGroup":"CHN","shapeType":"ADM3"},"geometry":{"type":"Polygon","coordinates":[[[114.33356159988796,36.09906730041564],[114.34283420013833,36.09837300041369],[114.34290769993049,36.10452370040849],[114.36164169960477,36.10377610028684],[114.36164169960477,36.10627480004206],[114.37209039995207,36.10586959970232],[114.37142160022677,36.110731900356996],[114.38070000020491,36.114040800242776],[114.42419689986707,36.1103596997404],[114.42486309965238,36.09759429993704],[114.42733780009951,36.09720980019216],[114.43021100003773,36.09882599972019],[114.42853929974899,36.101662599949066],[114.42887360023656,36.108145999638225],[114.43104690009443,36.1111173003232],[114.42670030037857,36.113008099744036],[114.4262525000529,36.115316199882784],[114.42644950014437,36.11705970024502],[114.42937519980569,36.11827509981606],[114.42720180012304,36.1216511997431],[114.41850859979206,36.12205630025812],[114.4180071000477,36.12759280016763],[114.41630540017411,36.1292928003225],[114.41650250009036,36.1369092999243],[114.40170720002732,36.13630179978827],[114.40028620014812,36.13913709959752],[114.40588670031104,36.145549799983314],[114.40998249979259,36.145549799983314],[114.4063882000554,36.149869699726935],[114.40897939957972,36.16842889997383],[114.39682919990776,36.16925090010898],[114.37830229971144,36.16532479999955],[114.35824089979769,36.166472000382555],[114.34754149994035,36.163772699650394],[114.34670569970831,36.1587786995774],[114.34169030026726,36.158508699716776],[114.33985139982235,36.16795660031693],[114.33450169989362,36.170385799565054],[114.33009429971219,36.17044939962017],[114.32713710039695,36.15939019989787],[114.3276099999016,36.14745889970851],[114.33365030002142,36.12192280039699],[114.33356159988796,36.09906730041564]]]}},{"type":"Feature","properties":{"shapeName":"Cao County","shapeISO":"","shapeID":"62558664B91202017271492","shapeGroup":"CHN","shapeType":"ADM3"},"geometry":{"type":"Polygon","coordinates":[[[115.12581629958265,35.00185389963781],[115.1276499003227,34.99942399981779],[115.1276499003227,34.99320499991086],[115.12437769997098,34.98473360027549],[115.14073889958058,34.98194529993572],[115.1517335999257,34.968217200163735],[115.15121010006612,34.958992200129956],[115.15683830024739,34.95877770013078],[115.16966560038725,34.9631758004229],[115.18039849999082,34.95749039976221],[115.19571260005648,34.95244840017358],[115.20094820029931,34.95845590021969],[115.21247859980758,34.96251679971061],[115.2161315002686,34.956203100292896],[115.21646710027653,34.94786600001595],[115.21377539971502,34.94343630024514],[115.2111576000433,34.94483110017518],[115.2093251998981,34.94257790005008],[115.20566029978306,34.94483110017518],[115.19715240026312,34.92744809984998],[115.1910006003975,34.92895050006558],[115.19073879965595,34.92766269967393],[115.18812099998422,34.92809200004581],[115.18625100008364,34.9265778996504],[115.18340900032513,34.91660869983167],[115.18903730033117,34.91371080001346],[115.2002937996192,34.911993499600385],[115.19924670007526,34.907056000334194],[115.2098486997578,34.90523120035965],[115.21220480031138,34.9133887995535],[115.23327799958008,34.912637499620985],[115.2458086997118,34.90856470030076],[115.2427020996223,34.894388800203046],[115.23364870012745,34.882162400074776],[115.23445599994454,34.857986799651144],[115.23772830012103,34.85100519983018],[115.24943450000228,34.846524000382374],[115.26709189967153,34.85678220003854],[115.2828852997169,34.85272379976362],[115.29374919996565,34.857772000177704],[115.29898480020847,34.861853200065184],[115.30448209956933,34.862068000437944],[115.3108957001765,34.86088659973683],[115.32319939973252,34.853153399609766],[115.3353721004421,34.849393999633435],[115.35068630033254,34.83789969981137],[115.36918689985555,34.8310813997868],[115.37254490002715,34.83027169967926],[115.38079089988014,34.83285029970165],[115.38864429979469,34.833065199899124],[115.40212599971517,34.8273707997227],[115.40395839986036,34.82468460031413],[115.40356579992181,34.821568599611226],[115.4099793996296,34.814798800024676],[115.40749249987903,34.80921069971407],[115.41063380030971,34.80759870002004],[115.42071230013255,34.806953799778114],[115.42385370038801,34.80297729986256],[115.42497250018084,34.79631039980518],[115.42843480012596,34.792658899588616],[115.43013640017477,34.77975920042684],[115.43963619975091,34.75336839983186],[115.42790990002197,34.72592929999723],[115.43105259979768,34.720609400003866],[115.4369426996459,34.71555279992185],[115.44077300037372,34.70590210040166],[115.44113120034467,34.699089899579235],[115.43785890016818,34.689834800136],[115.44361810009525,34.68596030042755],[115.44361810009525,34.68036340025077],[115.438034599817,34.677418300414274],[115.44361810009525,34.66540059965797],[115.45291120039167,34.65549580029102],[115.45534480002254,34.63640109963109],[115.47097400005009,34.63697479964736],[115.47863869971627,34.62904150036502],[115.4890976001742,34.604370100100084],[115.50982550024673,34.584480500374866],[115.52866179960245,34.57458170038524],[115.54054849971351,34.57286149965853],[115.54204770014132,34.570415699824764],[115.54781400021602,34.57018169982564],[115.55428109969307,34.57399079993553],[115.57905510001297,34.571889599625365],[115.58761350006307,34.57451200022865],[115.59903110030507,34.573268000417954],[115.61705449976546,34.57600680027366],[115.63476249978964,34.57241709966945],[115.63732030029166,34.569901599679156],[115.66289910031333,34.558212299857814],[115.67415549977659,34.55828059976989],[115.67817349980726,34.55671990010336],[115.69052199999032,34.56925410039645],[115.6931966997679,34.57492090037931],[115.69067230008659,34.59656979975648],[115.692325200048,34.601665700211925],[115.6961118000196,34.60198729957426],[115.70482699956642,34.60089889956464],[115.70993589972204,34.59600079959728],[115.7159164003217,34.59293309968285],[115.75819919993319,34.58884109983694],[115.79377710043286,34.57750780024486],[115.79621120008687,34.59939989968569],[115.79079249967413,34.61829870012497],[115.79566789985381,34.62672909966824],[115.79390009980978,34.637545899723534],[115.79439040029683,34.65108919960693],[115.80982150036198,34.649651799690844],[115.81147479962237,34.65292099990427],[115.81612780015791,34.653099300392455],[115.81829039988213,34.655769900160806],[115.81704079999304,34.66382230025903],[115.82826979981144,34.67373640041461],[115.83396129967434,34.68479889974947],[115.82842229964945,34.704479399904415],[115.82073230025549,34.71886040028727],[115.82256330015628,34.74916090005553],[115.82906330043102,34.76161189956957],[115.84094229964751,34.76745590016969],[115.84826680017272,34.78105939977155],[115.86531829959995,34.7956658997615],[115.86640180010306,34.79820239982092],[115.86522679987695,34.80231839987431],[115.85846730022581,34.81005839977536],[115.85645279995686,34.8160058997525],[115.85716230029993,34.824958899833405],[115.85043330025667,34.82971189958454],[115.84343729959176,34.83171440019947],[115.83895129956284,34.83488439979527],[115.82655329979502,34.84761789974635],[115.82234930018012,34.84895340017931],[115.8112333001767,34.848621400157526],[115.79576129984423,34.84021390005148],[115.79353329962214,34.84019490007461],[115.77221679956574,34.85214589991341],[115.76152780036773,34.861217400063026],[115.74591829998963,34.8626674003803],[115.74421679976558,34.86471939968061],[115.74228679979603,34.88282390000302],[115.73484029993995,34.89811690017484],[115.73335279969206,34.9047543995959],[115.73229230024947,34.92034540002027],[115.74420930031897,34.94432040036622],[115.75405130002753,34.95749289987748],[115.75627129988061,34.958434900150564],[115.7608872996093,34.9665109002579],[115.76107780030031,34.96977589973801],[115.75002280041201,34.96640389982019],[115.71489730027031,34.96765489995374],[115.67665879956405,34.972305400373955],[115.66993729986655,34.97384240020665],[115.66457379984104,34.97905739967928],[115.65756230026,34.98173890013021],[115.64108280023106,34.984084900397875],[115.6323623000801,34.98972339961523],[115.60794830017403,34.98234540022008],[115.58928680024565,34.981220399601796],[115.5737762999363,34.99251539976592],[115.56900780036972,34.99498340026378],[115.56173679961364,34.9960519000752],[115.55045329997984,35.00486740011047],[115.53650679984901,35.005164900339935],[115.52345280040652,35.00225840030498],[115.51310729996203,35.00351339972366],[115.49723029983852,35.003097400324805],[115.48288730030868,35.0102653999283],[115.46956630024465,35.02249139985827],[115.45330829963837,35.02779789995316],[115.4457703000594,35.02862140015753],[115.42269129966382,35.024665900311106],[115.41039279998779,35.02657290011928],[115.33551030016031,35.04923640023975],[115.30560279962958,35.05250539990436],[115.27545179956098,35.053474399623894],[115.25714129963137,35.048633400311246],[115.25068679965614,35.05060939970406],[115.24360629959108,35.05578590009924],[115.24191279973593,35.057365400093204],[115.242652799687,35.061736900237804],[115.23654929971042,35.06004689964476],[115.22609729975068,35.052326399743606],[115.2208403001398,35.05064789968088],[115.21495829958587,35.0517119001841],[115.20787030007432,35.057575399884854],[115.20393430022784,35.058894899580025],[115.19644180004912,35.057182399748],[115.18900279963952,35.05294390034078],[115.15634129981117,35.0272328999784],[115.13620780034978,35.00399789958345],[115.13069929993276,35.000934400402286],[115.12581629958265,35.00185389963781]]]}},{"type":"Feature","properties":{"shapeName":"Dancheng County","shapeISO":"","shapeID":"62558664B78787981165430","shapeGroup":"CHN","shapeType":"ADM3"},"geometry":{"type":"Polygon","coordinates":[[[115.08836060026158,33.81106079961626],[115.07765089956945,33.80172310014103],[115.07394140027543,33.77953920037385],[115.06513539977891,33.76722570000612],[115.0568903001473,33.74758379965266],[115.04389469998046,33.73856819956279],[115.03979319969642,33.72456430020236],[115.02432449987577,33.71068190014961],[115.0202537995732,33.699167899778786],[115.01984669986541,33.684942699745875],[115.00437089989714,33.665194000402835],[115.01814120035613,33.63275040001099],[115.04068890017265,33.620468900219635],[115.05973980025169,33.603610399800175],[115.0560079995696,33.58066170037722],[115.04696669955365,33.54518589990943],[115.0670669996424,33.53645349992911],[115.05646149979839,33.52208800026108],[115.06587880006668,33.522707300401635],[115.13830410025412,33.51521649994157],[115.15677770033062,33.5013037999305],[115.20325950022584,33.450105699818266],[115.22232890025862,33.441155299677405],[115.25450859999194,33.442149900397624],[115.27715360015861,33.43220410003926],[115.30843350030591,33.43021009981629],[115.313812299598,33.44910049968837],[115.33997349967728,33.45518880022303],[115.33959200007075,33.50405499963858],[115.35793299960835,33.519672399661545],[115.38890840010265,33.50263980038653],[115.40664670008516,33.55150990016182],[115.41941069964412,33.55786900005438],[115.45216370009473,33.565391499817906],[115.49862669966251,33.5554084999024],[115.52356719956663,33.57176970041138],[115.63763430038273,33.57946450038645],[115.62225339957479,33.622230500337366],[115.59355160032612,33.66848369976299],[115.59294889987189,33.72377009991021],[115.56779160040207,33.72411149964603],[115.54503709968242,33.73322330021517],[115.51891159999036,33.73041980043348],[115.45570469971221,33.72901800018059],[115.44643430010296,33.75074310001412],[115.43126470040568,33.75564799975541],[115.39249780033333,33.74443640001988],[115.37058600034368,33.74794020008022],[115.35457360009161,33.7647563999879],[115.31664949967478,33.7738638001743],[115.25681360016756,33.77876740039528],[115.22394600000791,33.7913753999548],[115.19023570001764,33.797678599787616],[115.17169499972454,33.787172900409075],[115.13714180025397,33.77806689956782],[115.10343150026358,33.77876740039528],[115.08836060026158,33.81106079961626]]]}},{"type":"Feature","properties":{"shapeName":"Dangshan County","shapeISO":"","shapeID":"62558664B9173217261829","shapeGroup":"CHN","shapeType":"ADM3"},"geometry":{"type":"Polygon","coordinates":[[[116.18502809996687,34.58078380023227],[116.19448850024412,34.5161629003976],[116.17571260025636,34.50915909991261],[116.15422820037122,34.466583300279126],[116.17643739986613,34.42979810040208],[116.21042629993383,34.40455250009785],[116.20812229980436,34.38343429965323],[116.26490779965525,34.374370600223074],[116.29612730043459,34.34334949977966],[116.3579635997404,34.31798550013076],[116.36779790035291,34.2950935002649],[116.35800170041819,34.27371219955842],[116.45133980039157,34.27092790030241],[116.45776370003477,34.27073669993882],[116.49782430005143,34.296660100383406],[116.557419200136,34.28586209975617],[116.56054120021633,34.27900550030364],[116.57774079999797,34.274159599685845],[116.57769779981368,34.277400900231385],[116.58791329965914,34.2783508999741],[116.60086829993213,34.28711340026325],[116.60662079991005,34.30067040041871],[116.61844630025666,34.31699390044821],[116.62008680036558,34.32181939994541],[116.61885830037033,34.35233689982812],[116.61437979978803,34.36723689986309],[116.61103830037734,34.37273389974973],[116.61843879991079,34.390655399726995],[116.61592880017406,34.39615639979809],[116.5970227997625,34.41835840022003],[116.59809879991974,34.424323900127945],[116.62019329988095,34.43953640018475],[116.62956230025998,34.44965740016892],[116.63616930007322,34.45977389994556],[116.63699330030067,34.46436690041219],[116.63503279982388,34.468719399680595],[116.62168879959847,34.48153289972362],[116.61805730030426,34.48725890027805],[116.56268310024495,34.49440770025524],[116.56125639956326,34.50105670020662],[116.58669280003278,34.5110053999793],[116.48914339974817,34.569606800113775],[116.47167969965847,34.61610030018875],[116.43195340012937,34.626941700299255],[116.4237366003639,34.65374369971204],[116.3686066004143,34.64086909972923],[116.32129670028257,34.62342069980548],[116.31257629995639,34.6020393001736],[116.27565000004756,34.60848999961382],[116.27165989968466,34.58713150031855],[116.25119020036755,34.581737499785845],[116.23478699972031,34.553882600201916],[116.22075650021236,34.56142810012676],[116.2117461998273,34.5762404998992],[116.20316309989721,34.58182140023746],[116.18502809996687,34.58078380023227]]]}},{"type":"Feature","properties":{"shapeName":"Fan County","shapeISO":"","shapeID":"62558664B68113483766823","shapeGroup":"CHN","shapeType":"ADM3"},"geometry":{"type":"MultiPolygon","coordinates":[[[[115.35513640032468,35.774928900148666],[115.34867919968542,35.77119909955883],[115.34693499965056,35.77201689986009],[115.34478760026764,35.77014659958593],[115.34339400003319,35.77149780038326],[115.34121159993549,35.769499399777544],[115.34335900021779,35.76767170038869],[115.33440919992472,35.762602400080766],[115.33601310032441,35.76071049988968],[115.33957169967425,35.76004909978616],[115.33984340015286,35.75811449978437],[115.3464687002704,35.75608709964001],[115.34856710009171,35.75279080015537],[115.34682840031053,35.749311799799784],[115.34489099981988,35.74946839964696],[115.34691539982589,35.74888350037327],[115.34516659975884,35.74736100030998],[115.34782500022368,35.74434740001254],[115.34557809984949,35.744545199601305],[115.34474080044765,35.739960200403004],[115.34120089980172,35.740261299719236],[115.34028949986055,35.73668249979755],[115.3449528003315,35.736243799711644],[115.34552510010337,35.73875580043989],[115.35042170000156,35.7383944996065],[115.34898029990097,35.73510819968374],[115.34550390038476,35.735134000333915],[115.34552510010337,35.73322410021211],[115.34768719980445,35.73219170008696],[115.3446455001897,35.732475599869076],[115.3438399999161,35.73137439980877],[115.34570529995972,35.72942129985313],[115.34483399988926,35.71436810030764],[115.34907569998359,35.712944200114805],[115.3464976998091,35.71233569993268],[115.34910569956844,35.7114838000374],[115.34907569998359,35.70974339963823],[115.35223829995766,35.70949999992513],[115.35159599965573,35.69920039997851],[115.35822300039126,35.69694700020392],[115.36074310041386,35.696885000042755],[115.36163410013364,35.698814499989226],[115.36127769970619,35.6966162997025],[115.37249519989359,35.69556190036144],[115.3733013000151,35.69432840013559],[115.3740649998,35.695479199605415],[115.37414979957362,35.69416990002094],[115.3779622001955,35.69361069977401],[115.37971019986594,35.690798999973936],[115.38542469989,35.6902230003912],[115.38281239957269,35.684138100193195],[115.38048769974762,35.683857900221994],[115.37923909990457,35.68164930017514],[115.37264270040032,35.68003459981696],[115.37104909993604,35.676384599669575],[115.36576710007171,35.67713190031702],[115.36621889968251,35.679327300114835],[115.36876540020307,35.67908710018958],[115.36937329963814,35.68124900024122],[115.36616959974731,35.680521699616804],[115.3666050002206,35.682436699793925],[115.36458420020074,35.68100880031591],[115.36389419985755,35.68648670040096],[115.36210339965226,35.68763430008295],[115.3568213997878,35.68863509983004],[115.3563054002741,35.687066999642354],[115.35358699974029,35.68769919965837],[115.35589879968995,35.68798229994326],[115.35624729957328,35.68955800030153],[115.35032260010792,35.6905297996106],[115.3452922997999,35.68843520032431],[115.34561759987241,35.67972569978127],[115.35330820001343,35.67839519957886],[115.35314550006478,35.675007299647234],[115.35593369968058,35.67444109997683],[115.35579430026678,35.67279899997391],[115.35807120022582,35.67383710000223],[115.35800150006924,35.6713739999102],[115.35911679970059,35.67200629975099],[115.35911579965455,35.66493659964442],[115.35547959960388,35.65993419990343],[115.35379510016378,35.659839799866916],[115.35359760004928,35.655988599794114],[115.35466640023424,35.65723459969706],[115.35802379965867,35.65708359992823],[115.35662970030046,35.65040980027214],[115.35903440021741,35.650202100046954],[115.3590112004066,35.64865390005747],[115.35714080030777,35.64817240033608],[115.35709439978677,35.642734699946516],[115.35883699992769,35.64222490035894],[115.35800050002308,35.639279199775274],[115.36398340001392,35.63864659956096],[115.36603960004754,35.643593799814084],[115.36809589990594,35.6436692996985],[115.37034960005406,35.64747389960081],[115.37129060028099,35.64576509957976],[115.37438080033371,35.65039090011999],[115.37653000015939,35.64993780008945],[115.37780279985941,35.65212520041774],[115.37979069998084,35.651364300222326],[115.38030000044478,35.65268589983447],[115.38503159992842,35.65291290041006],[115.38519589977102,35.655075500134274],[115.38703599991152,35.65279269972336],[115.38764390024585,35.65500870029132],[115.38881030025516,35.65010939972905],[115.39078519977716,35.64973460007178],[115.38894070015328,35.646645499889985],[115.3872659997262,35.64669160003734],[115.38842340021984,35.64596919981875],[115.38720029975411,35.643700999901284],[115.38876110014473,35.64343400017901],[115.38716370004477,35.63889500040398],[115.39868150005123,35.636539999721265],[115.3990155001652,35.63315319966051],[115.40799210025523,35.6326096997779],[115.40815120021773,35.627435700397314],[115.41286229965544,35.62775369977345],[115.41305059970546,35.62653539988884],[115.41835070022466,35.62595990032918],[115.42124750017206,35.63333729987653],[115.41989559970227,35.63672059977591],[115.42122600007986,35.64038280012619],[115.42294259992116,35.64020839999773],[115.42712680006184,35.6504963995892],[115.44223300025283,35.64976409963356],[115.44266219990061,35.650914900002704],[115.43231959976981,35.65265850018966],[115.43296330031615,35.65712190025556],[115.45081610018292,35.65813309976278],[115.45961379993696,35.66175949990105],[115.46669480002504,35.666780199946345],[115.4469966003129,35.67211440005957],[115.45012950017633,35.6738227000576],[115.45888419974608,35.67134749958751],[115.46424859999297,35.675042900209746],[115.46566480019044,35.67943529969938],[115.46223159960869,35.681561799737324],[115.46321860015837,35.68365329995987],[115.46849719968611,35.68605840007518],[115.47356120028917,35.69069430000201],[115.47669410015271,35.69515560015088],[115.47853940017319,35.70411230004265],[115.48115729966969,35.703589599680356],[115.48180100021602,35.70540170032825],[115.4842472002482,35.7055758999079],[115.48531999971829,35.709304599727545],[115.49162859998,35.70892129967831],[115.4926585998146,35.71421790003609],[115.49441810001531,35.71460120008538],[115.49407480001207,35.711186299807935],[115.495748500393,35.71108180038482],[115.49647799985985,35.71460120008538],[115.50188540029103,35.71449659993817],[115.50171369992734,35.71791129966681],[115.4963064002203,35.71738870002855],[115.49604890003673,35.718434000029106],[115.50480359960648,35.721081999834496],[115.50450319996276,35.72526290036262],[115.5187082003232,35.724740299825044],[115.52059649962882,35.73038409964653],[115.52338599966424,35.729443499617844],[115.52381510038663,35.73163829956792],[115.55471419970058,35.72822419968713],[115.55475710006021,35.72989639999889],[115.55711740044774,35.72982669984236],[115.55801860027827,35.737177199767984],[115.56354880043682,35.736594100037735],[115.57861589990387,35.730311900274046],[115.58142000043279,35.73161690019981],[115.58295290025626,35.73850600025179],[115.60441329993387,35.7399322998358],[115.61656420017778,35.73929499976447],[115.61944310001911,35.7420262003489],[115.63690299957386,35.74372549993194],[115.66188019991137,35.7515480000402],[115.68758829996011,35.75391710029402],[115.68769070036558,35.76359540000777],[115.68963579995227,35.764093799789066],[115.68963579995227,35.76845480034882],[115.69229750002967,35.76845480034882],[115.69242549963712,35.78166109997983],[115.69045479994907,35.78240860027671],[115.69032680034161,35.78894859969819],[115.6985679996136,35.78894859969819],[115.70063069994694,35.80589289993742],[115.71178960030988,35.802945399810426],[115.7146049000961,35.81062519999301],[115.71219910030834,35.81149700008655],[115.71440010018455,35.81697609986719],[115.72212939995188,35.81539879961497],[115.72566209972615,35.827019199676386],[115.7276528003365,35.82663770006985],[115.72893630017018,35.83126570035182],[115.72437719964807,35.831773200372936],[115.7239428001202,35.83488369992284],[115.71652290041163,35.834766299725004],[115.71362730015983,35.836996399864006],[115.69935149977198,35.84064230000217],[115.70143150036347,35.84405420014127],[115.69512890037856,35.84478850018917],[115.69328070004428,35.84091470015335],[115.68831830034935,35.8449630001424],[115.68945760018812,35.848969999665826],[115.6907425002662,35.84885199962014],[115.68979310037139,35.850129500076434],[115.69701759988243,35.85011419991042],[115.69714289972512,35.84745139996221],[115.69737560020383,35.85008520037178],[115.7014394998331,35.85264640031119],[115.69959560005691,35.85242869962485],[115.70760700006304,35.86555240012319],[115.70773229990573,35.86355029970662],[115.71028339955933,35.863260100173534],[115.70908390000204,35.865907900329375],[115.71284899988154,35.8623744001585],[115.71334269980582,35.863862000231165],[115.71181099967794,35.86426209961627],[115.71235529995715,35.8668985997906],[115.7109502000917,35.86456989978109],[115.71148709984982,35.86796980026611],[115.71079089958039,35.86966239989988],[115.70818310036987,35.869241799569465],[115.70743100004063,35.873309999756714],[115.70578530005162,35.871812400122224],[115.70517770009087,35.87366900012432],[115.70430949998354,35.870452299633996],[115.70440549991395,35.87358699994013],[115.70357519993559,35.87040099960649],[115.70301820032978,35.8760428002351],[115.69695459967511,35.87690440021794],[115.69725839965542,35.879355899954874],[115.69503040033283,35.87946870012047],[115.69538489959348,35.88420729992703],[115.69356199988647,35.88432010009262],[115.69356199988647,35.88614569956445],[115.6907517003308,35.88687390041025],[115.69087819986908,35.88817640022074],[115.68710310042775,35.88808610019345],[115.69087819986908,35.88869949988208],[115.6915858997695,35.89160659976483],[115.69368729972916,35.89250910001499],[115.69957369976646,35.89250910001499],[115.7006749996516,35.89684699968933],[115.69676340021078,35.89768789997663],[115.69488330002434,35.90405279959708],[115.69154129969127,35.90824790042029],[115.68710890015564,35.90622069992543],[115.6859273996298,35.90769979960612],[115.68610429987359,35.90519880028444],[115.68057449991329,35.90413260003953],[115.68022540018217,35.90181970021905],[115.67788369957316,35.90828240021267],[115.67619489957497,35.908643600321966],[115.67741230013758,35.908984300385214],[115.67701710025904,35.91204440012899],[115.67491489990277,35.912145299565964],[115.67434999975274,35.91973410004874],[115.66934879970745,35.92089339991054],[115.67023489992073,35.918196700017745],[115.66658279985643,35.91817500027611],[115.66823879978085,35.92063970026203],[115.6624061000615,35.92077260027531],[115.65561890039203,35.92460109966106],[115.65471769966211,35.92330660021946],[115.65380569987326,35.9248357004073],[115.64832329958062,35.92429700020642],[115.64731479983823,35.92574789984576],[115.64483639958019,35.92405370031804],[115.64322709965097,35.92187299993907],[115.64760450024755,35.91938810028063],[115.64384939992988,35.91672059957608],[115.65569400007814,35.91327099985682],[115.65488930020115,35.91183719992688],[115.65227149963005,35.913957500038634],[115.64803360007068,35.91035999961434],[115.64494370039154,35.91130719976752],[115.64287570035333,35.90624529998064],[115.63677909997557,35.90744020040495],[115.63678980010923,35.90944759962707],[115.63338869992867,35.90977780010542],[115.63150050044783,35.91188940017571],[115.62894699960441,35.91066419979302],[115.62656520002406,35.91581689963027],[115.62914010023553,35.92070869984667],[115.62480569982324,35.922307400366265],[115.62460180013306,35.92069999980521],[115.62164069955872,35.92122139974788],[115.62160850023213,35.92000059974794],[115.61813230036546,35.9189797001531],[115.61404470000298,35.919466299929866],[115.61297179980875,35.91775459959513],[115.60959219972028,35.91841489982784],[115.60961369981248,35.92015270028696],[115.60920600025679,35.916685800309494],[115.59820889962111,35.9176199000384],[115.59768320001967,35.91296690040218],[115.5943572004245,35.91161130012148],[115.59403000008444,35.91307549983452],[115.59283370031505,35.91095090006405],[115.59300539977949,35.9128105002045],[115.58963659964945,35.913166700083195],[115.58617109991644,35.91022970044037],[115.58040980007229,35.91091619972286],[115.57932609991963,35.91262360039889],[115.57504530000062,35.912893000411714],[115.57479320024606,35.911472300006665],[115.56791070031863,35.91042080007992],[115.56698800039601,35.911437499840815],[115.55869459997587,35.905050500280424],[115.55695650004247,35.90243459997686],[115.55837270023994,35.9017219996706],[115.55448889974298,35.89967100041639],[115.54848070002436,35.90002730011986],[115.54079200015076,35.89434999965283],[115.52729130025341,35.89033649982963],[115.5274521997593,35.88764199967858],[115.52456619977033,35.887159499911036],[115.52446419956323,35.88558619984332],[115.52306950035722,35.885660099833785],[115.52274230001717,35.88816350034534],[115.52076819999252,35.881731100310105],[115.51769969968143,35.881331199675174],[115.51792499963904,35.884108500407024],[115.51495850043455,35.88426500042948],[115.51458839973498,35.888541599615166],[115.51403579961254,35.883830400352736],[115.51255519986262,35.88413459963209],[115.51226019974843,35.887885400291054],[115.50972939959217,35.88705069992989],[115.50857710005323,35.87333490018557],[115.50163329963709,35.87578930023608],[115.49806059981688,35.87562410017216],[115.50146160017277,35.87660649979017],[115.5013864995874,35.87798439966036],[115.49755099987885,35.87792789975282],[115.494208899721,35.887111700044954],[115.49736319985186,35.877475799768376],[115.49505649995751,35.87916230020005],[115.49786750008514,35.875026499773185],[115.4954578997623,35.874015599740176],[115.4957368002132,35.87174739982271],[115.4938731998883,35.8716960997952],[115.49372730017478,35.87387909974069],[115.49079179970181,35.872863900049026],[115.48960090036132,35.87570670020409],[115.48733709992723,35.87261609995312],[115.48328159996595,35.8711859998341],[115.4856527003119,35.87132509977357],[115.48580289968413,35.870186200133105],[115.49248690035029,35.87207279972],[115.49112770008333,35.86792200040003],[115.48863530007907,35.86802129994311],[115.48795940020625,35.870229700340474],[115.48792719998039,35.86806480015048],[115.48275049993572,35.86852989983504],[115.48263249988997,35.86973410014866],[115.48023459974706,35.86845170018586],[115.48171520039625,35.866660700331124],[115.48005220014898,35.86613900001487],[115.48199950037667,35.86596509990949],[115.48139870018997,35.86446090015045],[115.48292220029941,35.86355670018162],[115.48205850039949,35.8622436998869],[115.48464419967013,35.86167419970462],[115.48251449984434,35.8614655003326],[115.48505719982995,35.86028740014348],[115.48300270041432,35.859543900030985],[115.48517519987558,35.859778700426716],[115.48535229976892,35.85848310021498],[115.48021320037901,35.85774399958598],[115.47992349996957,35.86032209958529],[115.48205850039949,35.860535200239326],[115.48132359960448,35.86193510022474],[115.47770800032401,35.86101779983164],[115.48013809979352,35.86276979968653],[115.47743439957799,35.862695899696064],[115.47674769974662,35.864595700431266],[115.47079320034595,35.86364800025507],[115.47291759956761,35.86256549979805],[115.4728049001261,35.86065260043722],[115.47447320007814,35.86093509997494],[115.47270830034779,35.85871350022791],[115.47781530023599,35.8602090997702],[115.47799230030444,35.858983099890224],[115.4760987003948,35.85904390035574],[115.4780030004382,35.85822660007756],[115.47586800000829,35.854596199754894],[115.47584120021133,35.858522200039545],[115.47433379976508,35.8547874999432],[115.47320720015227,35.85685700005058],[115.47303559961324,35.8520831000551],[115.4707073996268,35.85176130014395],[115.46948430006046,35.859109200129524],[115.46734929963054,35.859204799861686],[115.46879770005387,35.864160999630485],[115.46482799991236,35.8630827997315],[115.46095490044831,35.86321319962951],[115.46037549962966,35.86464789978078],[115.4568565001274,35.86420440001308],[115.45745730031422,35.86153509976509],[115.45496819992252,35.86027429971921],[115.45390609968683,35.8543440001755],[115.44986659956396,35.85294400036537],[115.44695910038229,35.8449519996351],[115.442082899806,35.843125599766665],[115.44168590038407,35.839394499656464],[115.43344620028199,35.83859000032828],[115.42867719979301,35.827151900040235],[115.4299486001479,35.82440740028136],[115.42412819955678,35.82164529989075],[115.42486849988143,35.82018379994247],[115.4197882997903,35.819979400229215],[115.41955229969892,35.817308599911996],[115.4179429997697,35.816699599706794],[115.4155074998713,35.817099799815935],[115.41967029974455,35.8232329999031],[115.41253570006256,35.8156469000844],[115.40858740018848,35.813828600409636],[115.40587299983918,35.81535979961512],[115.40451049995966,35.81332389997806],[115.40701029958575,35.81199279992785],[115.40601249997701,35.80780769956573],[115.39948939971612,35.80409239964456],[115.40058370017766,35.80351809978055],[115.39881349984319,35.79394159972509],[115.38900730034675,35.79465959956093],[115.38844939962019,35.79322800027205],[115.38468899959776,35.793493400100374],[115.38046719970157,35.78975130038225],[115.3780049000062,35.78969910013342],[115.37710899988053,35.78257979971801],[115.37460389965031,35.78281910032126],[115.374244400159,35.78054740024237],[115.3776348002059,35.77933320036698],[115.37249560009195,35.77841930031053],[115.37068780000197,35.77574270026548],[115.36634800006027,35.77608660011657],[115.36641239961261,35.774354399735785],[115.36376239971503,35.77461549990545],[115.3636443996694,35.77295289985648],[115.36105870039876,35.77314880007714],[115.36099429994704,35.77435870029382],[115.35846230009508,35.772957300239284],[115.35513640032468,35.774928900148666]]],[[[115.47683320009219,35.907588200035434],[115.47768650023181,35.90203050040731],[115.485030400033,35.90068350034329],[115.48524499985695,35.89862809980701],[115.49737890021618,35.9003142998651],[115.49602220006454,35.90776410023307],[115.4934853996316,35.9097662995751],[115.49528179991523,35.91165480032885],[115.49889759974451,35.91217849983792],[115.50171910035624,35.916590300402106],[115.49236890030454,35.916737999659006],[115.48260050021292,35.912152399713534],[115.48358160031069,35.91073389994955],[115.47683320009219,35.907588200035434]]]]}},{"type":"Feature","properties":{"shapeName":"Guangshan County","shapeISO":"","shapeID":"62558664B7368232584245","shapeGroup":"CHN","shapeType":"ADM3"},"geometry":{"type":"Polygon","coordinates":[[[114.67955070020469,32.19201059970948],[114.68135790044676,32.185265300353365],[114.67772099982437,32.17512240007875],[114.67404560012437,32.17230779996504],[114.66717309975877,32.17128969995974],[114.65592259984817,32.16306470017582],[114.65182359967946,32.15540080000699],[114.65113539977892,32.14884720013822],[114.64583320024201,32.14209059990134],[114.65095159993643,32.136048400413415],[114.65699990042515,32.12299409969802],[114.65429589983592,32.12055120017777],[114.64128739979378,32.120707999674494],[114.63637289978954,32.11207809992442],[114.63585609987922,32.10784629956714],[114.62655989961968,32.10271380030167],[114.62230209986205,32.095932000161724],[114.62265380043266,32.08688179955544],[114.61954410038004,32.0855643997773],[114.6172417001444,32.07809749969988],[114.61439470015534,32.077955699995584],[114.61405390026732,32.07362419989698],[114.60992810030166,32.07245879993371],[114.60872690012638,32.06114899962671],[114.60597490002169,32.05896239969502],[114.60460170000852,32.05459810042203],[114.59843099999068,32.04965869998904],[114.59792619973439,32.03382980010525],[114.59514989994796,32.02621350015295],[114.5860194996003,32.02122970019059],[114.58410090033635,32.01871570026941],[114.57256060019165,32.01931219989814],[114.56734330025313,32.016173799781086],[114.56652270036238,32.014364799995576],[114.56893589977199,32.010473300402566],[114.56377449989327,32.0019977998586],[114.56635610005401,31.99348659982678],[114.56416010040834,31.99208979980449],[114.556444900212,31.993254500095134],[114.55461109982241,31.989333800414613],[114.54833290024317,31.990310900327813],[114.545561099765,31.988236599639436],[114.54521540037047,31.98545090013897],[114.53784960027895,31.98092990029471],[114.5414663003296,31.965458499809984],[114.5401923998594,31.962679400434013],[114.5626983000866,31.950424400066083],[114.56597880028141,31.945869399553203],[114.56572730037465,31.9435748998618],[114.56063080007141,31.942619399865464],[114.55744179959947,31.938926899556805],[114.56286629974,31.934387399758748],[114.58258830001012,31.92813490010559],[114.5894623004449,31.914445900158228],[114.59145329963019,31.904380900058527],[114.59042379981861,31.900249400189693],[114.58569330020566,31.889444400138984],[114.5774767999144,31.878152900136286],[114.57462329962561,31.86827839982834],[114.56485729982455,31.851015399641028],[114.56627629961156,31.843469399693106],[114.57037329968807,31.838229899989926],[114.5720978000735,31.82793640014478],[114.57813279958907,31.817218899632564],[114.5904923002795,31.81731789970138],[114.59484080026277,31.81254189978887],[114.59623729991154,31.80796790019849],[114.60002880028901,31.805021400117596],[114.60891730009337,31.802799400172205],[114.62687680002432,31.807521400292444],[114.64733129989963,31.805387399908625],[114.65757730025223,31.802488400219545],[114.66325380032265,31.798862400279575],[114.66362779958331,31.78878589964961],[114.6781463000118,31.786832900418062],[114.68979630035903,31.777751899830378],[114.6927568001862,31.777774899991698],[114.69461779967173,31.779392399939354],[114.69632730026478,31.796586399642706],[114.70192730040469,31.802583900126933],[114.70783180019748,31.803542900284697],[114.72821829963493,31.778943899941055],[114.73197180005855,31.77919789996315],[114.7386397999868,31.785201899847834],[114.7461318001425,31.7884613999737],[114.75392129962836,31.78897290017926],[114.7649758003929,31.785152400263087],[114.77320080017682,31.766189399920904],[114.77696980041605,31.765069400432537],[114.78634630024158,31.767652399938356],[114.80079630020919,31.775535400138665],[114.8069687997704,31.7762624003895],[114.8174668000529,31.774036400259718],[114.8233798002376,31.77430339998199],[114.8296968001672,31.78946490038487],[114.83505229982381,31.792705399634542],[114.84127780003053,31.78724489963247],[114.86231980001878,31.77660389995009],[114.89174629995182,31.757762899837985],[114.92298879999316,31.747857899922167],[114.93488329992442,31.73784240030659],[114.9423902998725,31.738797900302927],[114.96597280010474,31.74671190013413],[114.987167299931,31.750259400051334],[114.99495730033925,31.7505283998658],[115.00169379982901,31.748496899712222],[115.0087203001018,31.74165890003826],[115.01168079992908,31.740529900134845],[115.02105679973158,31.745157400393737],[115.03125779980769,31.746351399697403],[115.03637680024917,31.742479400104287],[115.03671279955608,31.7340029004136],[115.04345680029121,31.725787900191506],[115.04804230041191,31.724433899804694],[115.05285630027811,31.726058900098224],[115.07321180008455,31.737834899960717],[115.0801923000347,31.73832340000496],[115.08261130007145,31.73787690009891],[115.08560180038285,31.73124540005523],[115.08883680027816,31.72850989981208],[115.09934230000715,31.72328539990133],[115.1182478003957,31.703203400116877],[115.12415330023464,31.702539400073306],[115.15393829961295,31.707008900240623],[115.1622697998115,31.705665400338034],[115.16838829958044,31.717372899739587],[115.17533879994573,31.724960399802683],[115.17446129994914,31.7403068997437],[115.17228680039557,31.74419189993631],[115.15070329971752,31.764961399948675],[115.11939979956117,31.79026789964388],[115.11264029991003,31.798257900281897],[115.11392229967441,31.81109240039399],[115.12209329966606,31.84365840031495],[115.13166030018272,31.863397399570374],[115.1327133001787,31.869586899915532],[115.13160680041358,31.87370289996892],[115.11710329977757,31.871814900137565],[115.10604929993531,31.875207400101488],[115.09361280019061,31.88843889963556],[115.08571630026711,31.904441900173595],[115.0827407997482,31.90786539976841],[115.0786892999713,31.90945240010825],[115.06597129983572,31.922223900013023],[115.06165330035958,31.924953399979472],[115.04849229958006,31.920770400433696],[115.04364780010599,31.92074940036457],[115.02961729969866,31.92480640039514],[115.01664729963318,31.935052399848416],[115.00036679978803,31.9542159004435],[114.99144730035266,31.961042399587143],[114.98873130010952,31.964923899618327],[114.98842679955726,31.970421400427313],[114.990966799778,31.992423899743244],[114.99999979995084,31.999999900175283],[114.99249280000276,32.00226590035106],[114.97582979960566,32.013003900010006],[114.97389230018962,32.01549539979294],[114.9775467996451,32.0206028997041],[114.97250380001037,32.02969740001504],[114.97486880025497,32.03179939982249],[114.98938779980722,32.032729899565254],[114.99256129956439,32.03553789955447],[114.98950179966835,32.051776900183825],[114.9931107997237,32.05917739971727],[114.99389629997438,32.07226940001283],[114.97960680021367,32.0748139004412],[114.9628373003012,32.07091539962602],[114.94642629983389,32.07945290033115],[114.93897229963193,32.09829340042012],[114.92761230006761,32.103835899707065],[114.9231263000388,32.10892839982586],[114.92256180008701,32.116267900143555],[114.91280379975558,32.13009640022875],[114.90479279994781,32.13821789973633],[114.89885729962475,32.14958939983097],[114.89869680031711,32.156925399987244],[114.90624979968857,32.16830040024331],[114.9105528002716,32.18053789980428],[114.90577680035915,32.18848440023493],[114.9004495996694,32.18996869979571],[114.90049729971065,32.18560389960032],[114.89589679979758,32.18492489976438],[114.89102880013911,32.18172439966139],[114.88233929961905,32.17164589983844],[114.86991879971288,32.17167640034563],[114.8628767996247,32.16733189964748],[114.85582730008991,32.160232399605604],[114.85553029988353,32.15357590020767],[114.83173379967513,32.143066400294174],[114.80094079967819,32.14014040025933],[114.77767929985987,32.15215290023622],[114.77126329986152,32.158092399844406],[114.75662230007913,32.16758739973875],[114.73725129980767,32.18912440007108],[114.73078130001704,32.18896089972577],[114.71932230038396,32.18476090029537],[114.71367629992142,32.18415440020544],[114.69714330012323,32.193824900099116],[114.69277930032456,32.19485840009514],[114.67955070020469,32.19201059970948]]]}},{"type":"Feature","properties":{"shapeName":"Gulou District","shapeISO":"","shapeID":"62558664B95667082914481","shapeGroup":"CHN","shapeType":"ADM3"},"geometry":{"type":"Polygon","coordinates":[[[114.25294739960282,34.707750500385316],[114.25341779989162,34.70349710011112],[114.24847910003052,34.69344270032042],[114.2498901003479,34.68860840005766],[114.26070829974833,34.68667470027725],[114.27952250006342,34.67777860030219],[114.28892970004563,34.67739180009153],[114.29363320021207,34.68067960008352],[114.29527950004899,34.68667470027725],[114.29904230036198,34.68686799965849],[114.29974790034544,34.69228250023724],[114.30256999990559,34.6926693004479],[114.30256999990559,34.695182999995495],[114.30609770034869,34.69479629960961],[114.31550479960686,34.727468000447914],[114.31903240022518,34.72804790039032],[114.3253823000532,34.73481259992161],[114.32035470040921,34.73573240042998],[114.31959730037522,34.73952339988506],[114.32572529968286,34.754042799635556],[114.32596870029533,34.761762699688916],[114.32348570000511,34.77176159961817],[114.32441070039351,34.78591789989122],[114.35265500012827,34.78184010034039],[114.35477470039223,34.79727480039179],[114.338705999882,34.79734680011478],[114.33521180008461,34.79944360004214],[114.3302393001037,34.808161299704295],[114.32822339959023,34.808161299704295],[114.32244450001372,34.80341640014677],[114.2967755996143,34.80374740012246],[114.29489410008273,34.775934300127915],[114.28105170007598,34.775382299853334],[114.27594480001255,34.77129780035324],[114.27406340030575,34.76787549955469],[114.27822949979168,34.759816000208275],[114.27876710012163,34.752970299639685],[114.27460089991166,34.74866389961932],[114.26384950035424,34.7480012998202],[114.25968339996905,34.744578099699595],[114.25444209982311,34.72282040034128],[114.25645800033647,34.71884379970163],[114.26183369966554,34.714646099837694],[114.26169929958303,34.71254710016859],[114.25294739960282,34.707750500385316]]]}},{"type":"Feature","properties":{"shapeName":"Gushi County","shapeISO":"","shapeID":"62558664B7246228277434","shapeGroup":"CHN","shapeType":"ADM3"},"geometry":{"type":"Polygon","coordinates":[[[115.59287220029182,32.42645489987376],[115.58637420010928,32.42135860011933],[115.5777374996859,32.401768499816455],[115.58002929961253,32.388232899928425],[115.57804269991072,32.38712480026936],[115.57324949956478,32.38805839997525],[115.57052180004109,32.38567289968461],[115.56786310010204,32.37153350037079],[115.57129739965535,32.36208299983065],[115.55842539961259,32.358590700300624],[115.54989349988523,32.35927280009969],[115.54982210000992,32.35454250013635],[115.55329009985826,32.35246970041641],[115.55337090034686,32.350750300086304],[115.55158210023376,32.34913080004645],[115.54850870041628,32.35046359981533],[115.54645399955245,32.343224499810844],[115.54765419968169,32.3411158998789],[115.54407870027183,32.340094500261046],[115.54375600013941,32.33857539963503],[115.54763629957563,32.33510989990202],[115.54583830029742,32.33146120017432],[115.5540444997539,32.329838100148265],[115.55629319967147,32.328015800288995],[115.55554539990032,32.32632329958068],[115.55135220024385,32.3245146001687],[115.54866080005593,32.32798550033061],[115.54466690005745,32.32796600033072],[115.54434760026163,32.326604700146845],[115.5487222003693,32.32398590042902],[115.54882469970016,32.32231499963757],[115.54025990007437,32.31838009966191],[115.53789329993594,32.31944060000376],[115.5398613996839,32.32265380033266],[115.53898029970117,32.32402169974171],[115.53506160011284,32.32304340013286],[115.53368370024259,32.325095199783675],[115.52555950007093,32.32082710009064],[115.52139999981023,32.31385740009898],[115.52105169957633,32.30879639963416],[115.51711450003415,32.30388010008659],[115.51371120011186,32.30047930027956],[115.50592929989739,32.296998399656445],[115.50318310041985,32.297836799828474],[115.50108700016494,32.295572600095454],[115.50289619959995,32.29342009975784],[115.5020466001705,32.28704650009598],[115.4902635001605,32.27963910006446],[115.48062180015597,32.278248499968356],[115.46697330027769,32.280842800355],[115.45912670013718,32.28085830017045],[115.40250380041016,32.251124400270896],[115.37184409972554,32.249342999779685],[115.36756189956202,32.242089599655344],[115.3603382004477,32.219478199958985],[115.35979679958268,32.20980260001005],[115.36446000022886,32.202874699607776],[115.36603149985388,32.196660699931385],[115.36352429970668,32.189104599697544],[115.3656335003858,32.18124389998604],[115.36503990017127,32.17751699970984],[115.35242919994766,32.17053649975969],[115.3494667000283,32.16213630035003],[115.35031059955463,32.15762439984621],[115.34452170041618,32.14129360001965],[115.35272250034313,32.13391540007569],[115.34810949985365,32.1239320997866],[115.3563102997806,32.09440990029674],[115.35680770041506,32.06403589983694],[115.3615104001849,32.05409530025793],[115.36270500023568,32.05203379962023],[115.36269179998669,32.03470069997735],[115.36824989981312,32.025208899870904],[115.37634380002646,32.024511099707524],[115.38480090044129,32.02798740029834],[115.39300170036825,32.02559739980023],[115.40786569964234,32.0310290999131],[115.41114109978196,32.02649909965379],[115.42313149981896,32.02806409987835],[115.42194290004488,32.03838259997707],[115.41576309978734,32.04653119965519],[115.42026420033267,32.05594380006636],[115.41992079960528,32.07174909994109],[115.42756169961285,32.07815570022541],[115.42394470008787,32.085100999811345],[115.42789910006343,32.090619999813214],[115.45335460033459,32.091081899709934],[115.46246530013354,32.08484120006136],[115.46349039956237,32.0788294003566],[115.46912839965603,32.07383480043575],[115.47143489990083,32.06949160015728],[115.47969350015501,32.04555840029997],[115.49276350033529,32.03056860026072],[115.49814529976584,32.02774410040996],[115.51864739985763,32.02644049982928],[115.54588489956848,32.03505670020661],[115.55002100036893,32.03435539988186],[115.54869739976527,32.006300800441636],[115.54985549993148,32.00054850011327],[115.55366069968159,31.99718120005241],[115.56839699972181,31.99230140038935],[115.57178960040983,31.98773719981199],[115.5669146004285,31.982763900333794],[115.55773109961058,31.977227400424226],[115.55880649992014,31.968175099900975],[115.56186720041103,31.96536800013314],[115.5673269000165,31.969999700226026],[115.56785769967314,31.97359459981101],[115.5702878998668,31.974413099784783],[115.5720305000076,31.97282930013216],[115.57252839976593,31.954032499899995],[115.58997350007701,31.94652290001187],[115.59270669985438,31.93805370011819],[115.58906780003895,31.918462400119722],[115.59679120025373,31.914414500328974],[115.58009549960764,31.897753300374575],[115.57935229986879,31.883953799828078],[115.57012629978897,31.87873099963599],[115.56670919976978,31.872056899606264],[115.56961369971248,31.857836699803897],[115.57456840031148,31.848984299685753],[115.57764380022127,31.83548629955311],[115.56636749966049,31.832147800280836],[115.56277960039836,31.829099399817494],[115.56534240023166,31.811533400046414],[115.57508100038797,31.796142100377665],[115.58138410039601,31.793998399906286],[115.60410749986124,31.80256580037144],[115.60991649974676,31.80314659963591],[115.62255959984577,31.79675750015855],[115.62392640028315,31.792110599724424],[115.61435870009404,31.781363800199244],[115.61452950023636,31.776716200092608],[115.63383579968252,31.770906299985825],[115.63569320008116,31.754928699899608],[115.66360819955878,31.769398000217564],[115.67260059983789,31.780045900398022],[115.67734679981504,31.781194199752576],[115.71021799996083,31.776909299824354],[115.71750730012184,31.769437299691674],[115.72516699955747,31.76512800025705],[115.72621529969638,31.762004599932368],[115.72882259978326,31.762079099770688],[115.73348120039714,31.764730900110976],[115.73434979980345,31.76718129997704],[115.72759869982019,31.768523899658305],[115.72566409981846,31.770437100291986],[115.72937529973035,31.77077280012469],[115.72763819984311,31.775035399564103],[115.72988079965921,31.777593899738747],[115.7329128999105,31.77678840036441],[115.73638720040901,31.77821140033592],[115.73575550041608,31.784118099870454],[115.7433673001608,31.78274890004178],[115.7570143997948,31.783880900083545],[115.76337749987181,31.789480500025093],[115.77078010022149,31.78523319985237],[115.78490539996426,31.781054599790025],[115.79161399978636,31.773975099771064],[115.79778280043593,31.772663999743827],[115.80364320017361,31.775286099973584],[115.80325759965854,31.768992899702596],[115.81015780004248,31.764131500168673],[115.81776520030382,31.769269899886012],[115.81944060040348,31.772303000183342],[115.82269129976373,31.772597100076155],[115.82696660032843,31.779749800413015],[115.83211849976897,31.77465070016973],[115.8345860002438,31.77475559979115],[115.83828730041864,31.77863619960101],[115.83927430006895,31.782411899789395],[115.84597770001096,31.788220899674855],[115.85291760006726,31.77527510036566],[115.8560020003921,31.77502930036195],[115.86448410016112,31.778142999699753],[115.87518309982022,31.776422299849287],[115.8839754998695,31.77926140019349],[115.88850219961694,31.788109300104168],[115.89226909993909,31.78917650039523],[115.89443469980165,31.791933599655977],[115.89883430016289,31.79350660024943],[115.90566199990144,31.79304540002522],[115.91029289959772,31.812986100128455],[115.91038219957886,31.82179629955965],[115.9030817999851,31.826872500365653],[115.90067779974072,31.830657899742334],[115.8879682001724,31.835151300292353],[115.89014960022394,31.84873439967288],[115.89067960038335,31.869395900100756],[115.89387849969307,31.874789399711062],[115.89275969990024,31.882085499646166],[115.90478070026916,31.895746799575193],[115.91195820031078,31.912567499690397],[115.91486049961247,31.9244426003458],[115.91096359959056,31.930333899889604],[115.90986760030955,31.934984599959364],[115.91096359959056,31.938188299850196],[115.90341339980864,31.945422000325095],[115.90219559994705,31.952138499792],[115.90325460021973,31.956710699838993],[115.91814850015317,31.986333400366163],[115.91624250039115,31.992376699724957],[115.91938980019916,31.997379399839474],[115.92148319978992,31.998347699886494],[115.92586010036337,31.996733799924982],[115.9294041001192,32.00004850043797],[115.92801590031365,32.0013340003639],[115.92939549990251,32.00173330025166],[115.9290509003788,32.00372750012406],[115.92368729962925,32.004997900432784],[115.92525250040262,32.00747259998053],[115.9223612996343,32.009862200280395],[115.92264039973475,32.01405949994603],[115.92515930006175,32.013547600441484],[115.92441820023976,32.015809700257535],[115.92621919965643,32.016369799826464],[115.92227380009581,32.01792710005566],[115.92129320002118,32.02067419975458],[115.92343090021598,32.021774200119296],[115.9221055998936,32.02418519978721],[115.92318439964038,32.02521750008759],[115.91988059980986,32.0262808998437],[115.91930360018102,32.02422760012371],[115.91793429962831,32.02614329997334],[115.9188573997493,32.02760780005997],[115.91416969977183,32.030405699763264],[115.91524340036267,32.033691999686084],[115.91682639961869,32.034120899859715],[115.91614760033156,32.03583510030967],[115.92061439983479,32.03710649976523],[115.91984590036805,32.03882769963866],[115.92274230011708,32.03868310034488],[115.91880339995703,32.045325400347],[115.91906629967002,32.05209050007659],[115.91708079983914,32.05285669997676],[115.92005259964776,32.05754670041995],[115.91911070009883,32.05917400027994],[115.93233050035235,32.06497730026223],[115.93518499978802,32.06788020031104],[115.93842020023214,32.076023799758616],[115.93776369963507,32.079632600164416],[115.9268441997001,32.08796880021998],[115.92121100018755,32.1059146997037],[115.92710770016026,32.11401140040584],[115.9272116995603,32.121064699576266],[115.93526339998596,32.14856459987641],[115.93244540043497,32.15420179957346],[115.9329206004054,32.15688909975222],[115.93693989995643,32.16772770027319],[115.92633149979895,32.18565819976618],[115.9207476002216,32.189106300315586],[115.91846210004599,32.19305729995449],[115.91746650017888,32.20528699969532],[115.90660279957956,32.22305969964549],[115.90710850005735,32.241033600420394],[115.90990939989899,32.25813019994882],[115.91612009996265,32.27089900008883],[115.91587649970074,32.274296799757565],[115.9057690003392,32.285930900091046],[115.90625610013899,32.294578299748764],[115.9038205004158,32.30085750027348],[115.89480900033516,32.303430699866965],[115.89420739975174,32.30541709991928],[115.89517429955436,32.30868000038174],[115.900532499875,32.31156190036148],[115.90175029973659,32.314031900052214],[115.89858409977649,32.32267659994517],[115.90138499961813,32.32782190016064],[115.89934259968129,32.34329560021183],[115.89485940014129,32.346620999959214],[115.89264450034352,32.35265019974696],[115.89383970024198,32.39339820016687],[115.88373660036393,32.41767219991215],[115.88411480035779,32.42717820031373],[115.8578805996101,32.46228089994361],[115.86020230019608,32.466126199564485],[115.87013250001496,32.47396969974193],[115.87640100040585,32.47578789959192],[115.8782481997946,32.49263579970244],[115.8767306001372,32.49553990034616],[115.86962020031206,32.501081500311045],[115.86898230039287,32.50579469966573],[115.8642752002404,32.5073478998857],[115.84687329976305,32.50608569959542],[115.84341919983626,32.510215499745584],[115.84768259967234,32.516543699831914],[115.86693249993493,32.52810609991661],[115.86988200015423,32.53373230000568],[115.87010639989046,32.541285400101174],[115.87414949999948,32.54665839966549],[115.89128460040399,32.55663080017132],[115.9060115996557,32.5695947999601],[115.90946740020047,32.57074169996952],[115.91497379980103,32.56806040006745],[115.92182299963179,32.56980269983478],[115.9130385999515,32.57639229956504],[115.90546780029877,32.57918550031064],[115.89266250027424,32.581221499772425],[115.88881879964799,32.57965779996755],[115.88170060000277,32.56820669997927],[115.85848260039177,32.54111869996808],[115.8433760998272,32.53637390023533],[115.83659970011615,32.53035880001863],[115.83508449984981,32.527793199696475],[115.8358402001652,32.5019478001509],[115.82066110002984,32.50472970001567],[115.81637100022158,32.502425000213634],[115.81396640012929,32.49850440035783],[115.79720060002774,32.48634799986036],[115.77948730029868,32.468521899965765],[115.77604629989685,32.4687750995912],[115.78083569970784,32.47678470005394],[115.78160110011072,32.48812270040236],[115.77472299966678,32.49952499957914],[115.765091499773,32.50785139972237],[115.76249150038245,32.50709630015416],[115.76119859993548,32.49437880004166],[115.7596769002688,32.48928989990901],[115.75577309974881,32.4844595998307],[115.73959839974646,32.47808559997054],[115.72090879960149,32.48419179971182],[115.69700710029747,32.497753300074805],[115.69225880040335,32.495814400414304],[115.68772730007493,32.49146329959166],[115.68641150019062,32.487159500410655],[115.68802530032735,32.48111949976516],[115.69571069968913,32.47458110023763],[115.69587110007126,32.471199599881686],[115.69154210008787,32.46795310035537],[115.68557469991254,32.46948479958388],[115.67146230004516,32.46880619994624],[115.66947720041253,32.46743290010829],[115.67550900014032,32.45469570034635],[115.67021799986082,32.44495419987646],[115.64963839979237,32.43161009982629],[115.64201310032433,32.42086960005207],[115.63539359993479,32.41630080034173],[115.61956720016622,32.40716520011392],[115.61435090027385,32.41528809986596],[115.60576210044064,32.42101570031434],[115.60365260028732,32.42694430013938],[115.59704949993454,32.42795549964666],[115.59287220029182,32.42645489987376]]]}},{"type":"Feature","properties":{"shapeName":"Huaibin County","shapeISO":"","shapeID":"62558664B25282153609360","shapeGroup":"CHN","shapeType":"ADM3"},"geometry":{"type":"Polygon","coordinates":[[[115.27482089996465,32.59263469963173],[115.27740929989932,32.589551599726576],[115.27443469960178,32.58581889972248],[115.2600038003352,32.58004970023353],[115.24912130030782,32.587420399831615],[115.24875800028155,32.589175100350644],[115.25690369964605,32.59053770005488],[115.25175390012248,32.59675660013704],[115.24984979972851,32.59729990037016],[115.2440290996633,32.594298000252536],[115.23753590006174,32.59509579963151],[115.23370949969376,32.590998599905504],[115.22940759988091,32.589924199642155],[115.22302720044502,32.5930756003587],[115.2105011003456,32.58942059998077],[115.20644000030586,32.59106260015892],[115.20470999966676,32.59434909973123],[115.19509770029867,32.59400319978789],[115.19319379955425,32.59555439991567],[115.19201570026439,32.60080590017219],[115.19020210044664,32.60150389998506],[115.17446129994914,32.61040490036589],[115.16766330032112,32.611220900224396],[115.13923629971555,32.58279789980327],[115.13626879956553,32.582752400403024],[115.13292680013183,32.58660489999619],[115.12744880022206,32.60281390014143],[115.12249730031021,32.60617839971343],[115.10592629965902,32.607761399868764],[115.09301729970866,32.61559639965418],[115.08817280023459,32.63938939970109],[115.07920080017686,32.64039590025067],[115.06629180022651,32.63560489964647],[115.06765730024426,32.627605400368964],[115.066146799835,32.62207389979068],[115.04033680030318,32.61248390001202],[115.02513880001572,32.60076540010317],[115.01535780042218,32.589591900146104],[115.01702880013909,32.5875508995544],[115.0268327998939,32.58564739990766],[115.05664080033273,32.585666399884474],[115.06712329990046,32.5775718998234],[115.06867979973299,32.567958899883365],[115.05898280041595,32.553115899779016],[115.05252080009495,32.55072039992655],[115.04321279983094,32.55516039963277],[115.04051979974906,32.554660899980604],[115.03365329966016,32.534126400013406],[115.03373729993655,32.530223899913096],[115.03636229958056,32.52632539999729],[115.04609390031328,32.5238475995871],[115.06136440034686,32.52356610009548],[115.06509450041096,32.519896699772914],[115.08097299970427,32.51244290011982],[115.08729280012267,32.51511020027556],[115.08960689963874,32.50968129975223],[115.09299149995786,32.50749080036019],[115.09375779968275,32.50331919972132],[115.09936060031157,32.502807499866265],[115.09727429996906,32.498183899967046],[115.1010234998347,32.494587299764135],[115.09970579968297,32.48723579979236],[115.10262409972245,32.483580800313746],[115.10752080034467,32.48274669980043],[115.10666969994679,32.47844940001983],[115.11314419994494,32.46649549986745],[115.11642599966024,32.451454299976035],[115.11588759983294,32.4308106996541],[115.11402229978933,32.42695739966433],[115.11475909995261,32.41438720040901],[115.11613670034853,32.408322999906545],[115.12145660034184,32.40213660042383],[115.12081930027057,32.400812099598795],[115.12194830017393,32.39949569986669],[115.12454509977658,32.39970499998583],[115.12203259992464,32.39767309963389],[115.12238779975723,32.3946226001529],[115.11955609993413,32.39034190005867],[115.1215682997373,32.38677769973111],[115.11975290037606,32.3836806999044],[115.12000219964182,32.37974539973044],[115.1287768003092,32.37143279968399],[115.13105199965014,32.36590659970989],[115.13324290013975,32.364496499613836],[115.15628820024028,32.36394250014632],[115.16538850027916,32.35842860019977],[115.18104059974394,32.36234140023549],[115.19124879979233,32.35658370037754],[115.19691509975212,32.343379300114634],[115.20214929975043,32.3410207003451],[115.2131828004459,32.3456700001704],[115.21691019984587,32.34581320011915],[115.22148969968998,32.34452350035929],[115.22989779964382,32.33640469971715],[115.23407779995057,32.33493310038233],[115.23914200020317,32.337485600280274],[115.24244699972928,32.34403439956793],[115.234610900073,32.34719799958805],[115.23238670038597,32.352147799781164],[115.23659129984867,32.357712999755165],[115.24047930017957,32.35957240024612],[115.24929220027491,32.36061649965177],[115.27358269988179,32.35639779971871],[115.27810180035783,32.3574254999869],[115.2882198002037,32.364382499752594],[115.2912602002981,32.36495319963052],[115.30360570034281,32.361759000177756],[115.29971329962916,32.35998540040595],[115.29546379971464,32.35335140024699],[115.29331979976905,32.33817690014388],[115.29472329974055,32.3356743998537],[115.29416630013475,32.32143789983928],[115.30168129955234,32.31006989990601],[115.30397780023532,32.30276090009551],[115.29640179980333,32.28911989966372],[115.29788229972837,32.282485900404026],[115.30963130014447,32.26085290014129],[115.32720180012302,32.25971589986892],[115.33499929997777,32.26119989995544],[115.35614780038077,32.25621340022826],[115.36583730025131,32.25794990026776],[115.37225330024967,32.26147440002359],[115.37447330010275,32.25460439977326],[115.37184409972554,32.249342999779685],[115.40250380041016,32.251124400270896],[115.45912670013718,32.28085830017045],[115.46697330027769,32.280842800355],[115.48062180015597,32.278248499968356],[115.4902635001605,32.27963910006446],[115.5020466001705,32.28704650009598],[115.50289619959995,32.29342009975784],[115.50108700016494,32.295572600095454],[115.50318310041985,32.297836799828474],[115.50592929989739,32.296998399656445],[115.51371120011186,32.30047930027956],[115.51711450003415,32.30388010008659],[115.52105169957633,32.30879639963416],[115.52139999981023,32.31385740009898],[115.52555950007093,32.32082710009064],[115.53368370024259,32.325095199783675],[115.53506160011284,32.32304340013286],[115.53898029970117,32.32402169974171],[115.5398613996839,32.32265380033266],[115.53789329993594,32.31944060000376],[115.54025990007437,32.31838009966191],[115.54882469970016,32.32231499963757],[115.5487222003693,32.32398590042902],[115.54434760026163,32.326604700146845],[115.54466690005745,32.32796600033072],[115.54866080005593,32.32798550033061],[115.55135220024385,32.3245146001687],[115.55554539990032,32.32632329958068],[115.55629319967147,32.328015800288995],[115.5540444997539,32.329838100148265],[115.54583830029742,32.33146120017432],[115.54763629957563,32.33510989990202],[115.54375600013941,32.33857539963503],[115.54407870027183,32.340094500261046],[115.54765419968169,32.3411158998789],[115.54645399955245,32.343224499810844],[115.54850870041628,32.35046359981533],[115.55158210023376,32.34913080004645],[115.55337090034686,32.350750300086304],[115.55329009985826,32.35246970041641],[115.54982210000992,32.35454250013635],[115.54989349988523,32.35927280009969],[115.55842539961259,32.358590700300624],[115.57129739965535,32.36208299983065],[115.56786310010204,32.37153350037079],[115.57052180004109,32.38567289968461],[115.57324949956478,32.38805839997525],[115.57804269991072,32.38712480026936],[115.58002929961253,32.388232899928425],[115.5777374996859,32.401768499816455],[115.58637420010928,32.42135860011933],[115.59287220029182,32.42645489987376],[115.57964050020894,32.420792000250685],[115.56249259975368,32.407218000210605],[115.55745050034034,32.40593739979124],[115.54857789965035,32.40898570042981],[115.54653570026244,32.41207169974922],[115.54704830033882,32.414156599847274],[115.54924530003063,32.415498200381705],[115.55543790033892,32.41281180042432],[115.55943919995923,32.41365619997373],[115.56347810023419,32.416355499806514],[115.5657181001103,32.422297000406274],[115.55047599976763,32.4255706999279],[115.54324099977237,32.4249308997413],[115.53549069993596,32.438715000297066],[115.53112129970827,32.44151640016179],[115.52625079993459,32.44022649985311],[115.5183568001263,32.44200309976327],[115.51707469963776,32.44416709973194],[115.51826729959623,32.44963069969708],[115.5092628996631,32.45286740021038],[115.5081598002347,32.45457420013929],[115.50798769967264,32.46096080040064],[115.4958291003328,32.488127799558356],[115.48919240040902,32.496596199954695],[115.48699050031144,32.49702479975474],[115.48289169979216,32.501398200166875],[115.48529300027178,32.50515910021238],[115.47945449992528,32.50450619960151],[115.47808530009661,32.50615570012553],[115.48138909992713,32.51343680026815],[115.47919360030448,32.5143626001539],[115.47338539991631,32.512043799881496],[115.47144030032962,32.512700000104985],[115.47268120017736,32.52267110019119],[115.4704402002551,32.52334590019319],[115.46234370010177,32.521328499610604],[115.4445510999534,32.52886719976152],[115.43794889982189,32.53898929961656],[115.4384614000736,32.54567910001049],[115.43762600003993,32.54891860011338],[115.43513179959291,32.55088090013351],[115.42783009957952,32.55360050036285],[115.41853430041772,32.55142599991001],[115.41233450013715,32.55446249964467],[115.40722209982016,32.54969359987979],[115.40301750035746,32.54969359987979],[115.40447490029646,32.556740399649755],[115.40722149997225,32.56064689993451],[115.40537390038526,32.5779643001124],[115.40293030029318,32.57906250003441],[115.39779389976877,32.578219200355875],[115.38696229957054,32.57140489961648],[115.38252649969832,32.572399600161475],[115.32309350006506,32.56300489985631],[115.30863549972855,32.5713820001792],[115.29422370026361,32.57444829984922],[115.2917509999088,32.58026820041715],[115.28641929991079,32.58330899981053],[115.28401600023824,32.59171709976437],[115.27482089996465,32.59263469963173]]]}},{"type":"Feature","properties":{"shapeName":"Shangcai County","shapeISO":"","shapeID":"62558664B64111323889601","shapeGroup":"CHN","shapeType":"ADM3"},"geometry":{"type":"Polygon","coordinates":[[[114.08690629958608,33.256248399843855],[114.08934779976119,33.24850089959688],[114.09352129976821,33.246074400113514],[114.11385330028963,33.242648900426445],[114.12365730004444,33.23507289999441],[114.13838980044898,33.23541639964719],[114.14201330027367,33.23343640006988],[114.14430980005727,33.229816400406605],[114.14546979959164,33.219054899663945],[114.14743030006832,33.21749489966993],[114.15257279979494,33.21899040028677],[114.15972130029786,33.22603989982156],[114.16297930035444,33.22657390016542],[114.16575629981344,33.224803900379754],[114.17008229965847,33.21801740038279],[114.17347729973767,33.18871289978057],[114.17208879955854,33.18087789999515],[114.16349779998359,33.16782739981471],[114.16307830042331,33.155422399724046],[114.15847030016425,33.13741340020829],[114.16694629983192,33.136691900211076],[114.17687229981686,33.14219590042052],[114.18646229959552,33.1580234000599],[114.1923673003107,33.16091540032551],[114.21366879967547,33.16048040005046],[114.2238312997747,33.15841290003539],[114.24093629987044,33.16086589984144],[114.2502668002727,33.15900789959494],[114.25856779996411,33.1555213997928],[114.26403030005838,33.15541090009299],[114.28002180006604,33.15897790001014],[114.28349280005273,33.161582899631185],[114.2926788000866,33.164306400220255],[114.31291179963989,33.162914399879696],[114.33930980020716,33.165324900423855],[114.3622588000037,33.173621899930765],[114.38613879956597,33.187442899670145],[114.40278630014768,33.18710690036323],[114.41079729995545,33.18429190005122],[114.42989330013575,33.16564189975395],[114.4323728002646,33.16500490005615],[114.44403080008146,33.16754140011557],[114.4710767999544,33.15662390027285],[114.4767837996327,33.15742889962405],[114.48645779968774,33.1626778997653],[114.49298879959349,33.16326890003978],[114.50096130032387,33.16113289956371],[114.51148229986836,33.15584190018359],[114.52678679967119,33.15454090044227],[114.54007730012734,33.15733339971666],[114.55841080021833,33.16572940019171],[114.57335679967662,33.16786189960703],[114.59472630037851,33.17447639976609],[114.60861979986396,33.17566289962315],[114.627509800437,33.17327490011661],[114.63923629981548,33.17372890036853],[114.6739552002723,33.1783923995896],[114.68103420026819,33.182385799565054],[114.6854371002421,33.18990430004345],[114.68756749974034,33.19008459972457],[114.68686339982605,33.19348180044477],[114.6886147998332,33.193446299707034],[114.6948443002243,33.19992730000496],[114.69352009977285,33.204042899859985],[114.68937980003784,33.20453170027781],[114.690719799779,33.20684789971085],[114.69419809956275,33.20658550002088],[114.69296420003786,33.208930299693634],[114.69522829994617,33.21175390022239],[114.6997907999056,33.2148243997263],[114.71104479997757,33.21795280028158],[114.71146989961619,33.215489999663816],[114.71439689969725,33.21608979980448],[114.71401440004456,33.21921759961259],[114.71565369955863,33.22066170037721],[114.7130998003156,33.22034510034615],[114.71170329976758,33.229081999634616],[114.7151239997728,33.22885940034109],[114.71508620036786,33.23031490001267],[114.71269359992971,33.22961530030591],[114.71277770003087,33.230819200245946],[114.71470779982519,33.231501700243314],[114.71468200007428,33.23441740034281],[114.71688340014884,33.23434999975274],[114.71688340014884,33.23727720038255],[114.72246409993829,33.23664429979465],[114.72274780007103,33.23893859983656],[114.71874639972668,33.24005729980462],[114.71800229976634,33.24958790026142],[114.71875780043217,33.25212839960602],[114.7231377002447,33.25162429992156],[114.72447569989367,33.25418580023455],[114.72496429976263,33.263044199730075],[114.72396800022307,33.266568099638164],[114.72161279989086,33.26701919957645],[114.72161279989086,33.27018259994708],[114.71918190002475,33.27030810033864],[114.7188463998416,33.279389299676495],[114.71612769983358,33.27987059974845],[114.71551470034319,33.28312890017867],[114.7241373002962,33.28417039964427],[114.7221372997966,33.290290900404784],[114.72290210035169,33.29455759985342],[114.72114909955133,33.2961856002853],[114.71489700009658,33.297304400078076],[114.71660880025604,33.30025650023737],[114.71587379963626,33.303798400076175],[114.68679829970188,33.314071399875274],[114.66735829984577,33.31471639994197],[114.66375730015932,33.315997899683396],[114.65545629956864,33.32611440035936],[114.65355630008321,33.34053039965829],[114.64943679986845,33.34868639985751],[114.6407162997175,33.34754190013865],[114.62422179989619,33.3425139002963],[114.61544029963022,33.34320039957885],[114.61044330031814,33.345363900423706],[114.59538280007621,33.36057639958125],[114.56733679995341,33.378425399812386],[114.56201930025054,33.38907639995597],[114.5614392995841,33.426254400320374],[114.56022630030361,33.42726490015508],[114.54512029976206,33.429885899614646],[114.53633130004948,33.42623889960561],[114.5163268002417,33.428825400172116],[114.50726329956171,33.42150489983129],[114.48120880044587,33.41813289991347],[114.48050680044855,33.423133900309324],[114.48406229983539,33.43035140039689],[114.48243730044112,33.43696190037144],[114.47985079987461,33.440109399829],[114.47392279989731,33.44476689967274],[114.4658583003204,33.44798639975261],[114.46013629995036,33.44691039959531],[114.45535279969204,33.44333240007023],[114.45044730010284,33.44273739961136],[114.44847079978763,33.44429390034327],[114.44837179971887,33.446815399711],[114.45255280007177,33.45909889959461],[114.44548779982222,33.46464139978082],[114.43240329987248,33.470020399621774],[114.42333980009175,33.4704548998738],[114.40281679975556,33.46298990006386],[114.38308730003894,33.463123399924996],[114.35745979992987,33.46010189998276],[114.34610729981205,33.46298990006386],[114.33934029981503,33.46784590006831],[114.31276680014776,33.4813193999704],[114.30314629986196,33.481960399852596],[114.28077679980947,33.47682939975704],[114.274520799995,33.47553989964672],[114.25675179985569,33.46596539968351],[114.22448730034864,33.45582589974555],[114.20909129992367,33.45777140042986],[114.1970678003388,33.45703889992535],[114.18293779983969,33.44500739997159],[114.18279280034756,33.43613439998262],[114.18656229971043,33.42956540012318],[114.17629980039555,33.41670589975752],[114.18061829989472,33.401424400116014],[114.17769630004432,33.38988090018347],[114.17101280030056,33.385597399600385],[114.1606368002482,33.384441400250466],[114.15036030028773,33.38098890021763],[114.14539329966112,33.37398890026759],[114.14418030038064,33.36914039970975],[114.13992380014338,33.348613900111445],[114.15199280002776,33.32180789961495],[114.151893799959,33.31652839986583],[114.149352799692,33.310729899565274],[114.14423380014978,33.30831539973599],[114.12801380039662,33.311382399977845],[114.1176832997445,33.30930390035479],[114.10111229999268,33.28940189987782],[114.08923329987692,33.26869590009579],[114.08690629958608,33.256248399843855]]]}},{"type":"Feature","properties":{"shapeName":"Jianxi District","shapeISO":"","shapeID":"62558664B94449435906994","shapeGroup":"CHN","shapeType":"ADM3"},"geometry":{"type":"Polygon","coordinates":[[[112.28387000040027,34.64080799978939],[112.31077149990483,34.634075899783],[112.34822930004225,34.63233960029237],[112.35930839996274,34.622571800048604],[112.35904460002837,34.616276499860646],[112.36405650020743,34.60911220006801],[112.37909240039403,34.60563839959252],[112.39597480029681,34.609980599824894],[112.42134940025471,34.64274059969898],[112.41238059998477,34.64854570012403],[112.41152329966064,34.65950370003577],[112.41396329976658,34.66324650032578],[112.41099569979178,34.667856899976016],[112.41521629999227,34.667856899976016],[112.41660120018526,34.670894200107284],[112.40776429988261,34.67485339976463],[112.40426910003896,34.68022240004376],[112.39846580005667,34.68374739982272],[112.39866370036953,34.685699599556926],[112.39536630011469,34.68824819999446],[112.39068410039101,34.689441100326576],[112.37953909994951,34.687001000395924],[112.37439529980327,34.694429699970726],[112.35685340006444,34.687001000395924],[112.35086719956166,34.68701769990696],[112.34770170017339,34.69439210021528],[112.34163460025661,34.690921899725936],[112.33583130027432,34.69309080010038],[112.32950040042317,34.685282399563164],[112.30768739995358,34.68728220041328],[112.31027980007275,34.68080890011072],[112.30024729967317,34.66761789974635],[112.29562379959873,34.65545640009282],[112.28387000040027,34.64080799978939]]]}},{"type":"Feature","properties":{"shapeName":"Mengzhou City","shapeISO":"","shapeID":"62558664B9296842350044","shapeGroup":"CHN","shapeType":"ADM3"},"geometry":{"type":"Polygon","coordinates":[[[112.56353669975897,34.950570300079335],[112.5655593002216,34.9415940003629],[112.56925179963093,34.94010540024408],[112.57342960019594,34.92458140021148],[112.57765070041955,34.92142469979012],[112.60699270005307,34.91541669972099],[112.62507520026031,34.91574010042535],[112.62566440009209,34.895534100318514],[112.62880680039359,34.89354699969431],[112.62758720008924,34.8549389001102],[112.66031139975132,34.8464032996726],[112.67613039989806,34.848802199861666],[112.6956015001092,34.84116320012163],[112.70376079992104,34.835748700442196],[112.7041055001688,34.82980640034515],[112.70833690032771,34.82508249995743],[112.7156604997324,34.82144729995298],[112.74251179997964,34.81625140028194],[112.7566184999439,34.820532700223964],[112.78449379974916,34.82694210009788],[112.79461800042043,34.833844000200486],[112.79952879971438,34.83499569989169],[112.81748719977452,34.82749110023411],[112.83464800010518,34.817207000103],[112.84333370009028,34.81343179993769],[112.84750219986665,34.81384249963173],[112.85069549999741,34.81605020035653],[112.88109690010197,34.85469470000044],[112.88638960010007,34.855418499564166],[112.89349639993895,34.85399610033983],[112.91852839956607,34.84183399993918],[112.92062380014829,34.860870400248814],[112.92311930011567,34.86751189985432],[112.9281313001195,34.87323390022436],[112.93253329987192,34.887874399983616],[112.92888629986294,34.88867189988832],[112.9218062998209,34.90154239986191],[112.91908280013115,34.902328400135616],[112.91573330035158,34.91892240004876],[112.89317329960818,34.93573740026085],[112.89523330017676,34.94925340032421],[112.87801380019675,34.95697790040981],[112.87904380003135,34.96373339987656],[112.86903379977014,34.966110399775175],[112.86839279988783,34.9826624004495],[112.85208879985828,34.991878400068174],[112.84786979955163,34.99570090007654],[112.83741779959189,34.99887439983371],[112.81231680038013,34.99473190035695],[112.80087279964005,34.99426290031266],[112.79360980015224,34.999976900313754],[112.78884880003216,35.00798439996015],[112.76310730006196,35.03931440043925],[112.75583630020515,35.043422900146766],[112.74662029968715,35.04569689979212],[112.739921300128,35.04637140031991],[112.7265996003913,35.043961100324566],[112.7242962999344,35.04039740002003],[112.71231829974977,35.03098989966418],[112.69307730007745,35.024085899644604],[112.6810987998698,35.015132899563696],[112.66719830006161,34.99885189969547],[112.65048179989526,34.99217590029764],[112.63907630003132,34.98276139961894],[112.62847879965693,34.98044990004291],[112.58580779959038,34.977130899871156],[112.57189930031257,34.96770489956151],[112.56436770030916,34.954769900210806],[112.56353669975897,34.950570300079335]]]}},{"type":"Feature","properties":{"shapeName":"Wen County","shapeISO":"","shapeID":"62558664B97562981563962","shapeGroup":"CHN","shapeType":"ADM3"},"geometry":{"type":"Polygon","coordinates":[[[112.91852839956607,34.84183399993918],[112.93569370010425,34.8337225998182],[112.94415210003945,34.834278000429435],[112.95766960017193,34.843406499610296],[112.98809680002739,34.85990759955615],[113.0009354001487,34.86386239973001],[113.00819579969641,34.86116739955588],[113.03129830027638,34.85694709972893],[113.04856929993332,34.85667730041712],[113.09730250041014,34.871856600201966],[113.10207710007819,34.85981249984707],[113.11297650016536,34.858849299855365],[113.11621490039738,34.855570799752684],[113.1231361997759,34.856523900357786],[113.1376859003841,34.85542540006219],[113.1413016003886,34.856556099684326],[113.13392749955449,34.88543120008984],[113.16847969987828,34.89269059959156],[113.2143792004398,34.90861899956724],[113.2123728003645,34.925301599789066],[113.20636469957128,34.93608130011194],[113.20094809997488,34.935468799745365],[113.19447329960315,34.95309040010193],[113.19171439989975,34.967661300428745],[113.18335030017624,34.96616340042067],[113.17933590013172,34.97420120002539],[113.17053980027163,34.974429900319706],[113.16665580012511,34.98176190029153],[113.16274409996026,34.99643999980617],[113.16795290040614,35.00329329964609],[113.16673280007876,35.00877390039523],[113.16790029995889,35.030746400126304],[113.1629103000704,35.04197289982949],[113.15580710021754,35.047848200434146],[113.14792639958375,35.043394600280635],[113.12729930002274,35.03604420017973],[113.11238840020462,35.03898710027448],[113.10299140033294,35.045957800312294],[113.0727579998819,35.04206829991216],[113.05385320006519,35.03748269996669],[113.04659700035131,35.03744360014207],[113.0462037996657,35.032287400143446],[113.04228229958846,35.0270269003712],[113.03446179957245,35.02360139978481],[113.02384930030507,35.02314740043221],[113.01323680013832,35.02590189975291],[112.98924229979241,35.02797690011391],[112.97918680013083,35.02843839981233],[112.97054279991039,35.02706889961007],[112.9616013003598,35.02272039962679],[112.9549027999243,35.0167654002031],[112.94709030027718,34.99685290014128],[112.94039129981866,34.99204639972163],[112.92783329986696,34.989070900102035],[112.92169880025949,34.98884190033351],[112.90969829993662,34.993419400085315],[112.89378329985948,35.01676190004173],[112.88764179992916,35.018592899942405],[112.87925729998449,35.01698689962575],[112.87480179956344,35.01354990030768],[112.87229930017259,35.00759890016917],[112.8653332999919,35.00003790042882],[112.85472880019404,34.99430839971291],[112.84786979955163,34.99570090007654],[112.85208879985828,34.991878400068174],[112.86839279988783,34.9826624004495],[112.86903379977014,34.966110399775175],[112.87904380003135,34.96373339987656],[112.87801380019675,34.95697790040981],[112.89523330017676,34.94925340032421],[112.89317329960818,34.93573740026085],[112.91573330035158,34.91892240004876],[112.91908280013115,34.902328400135616],[112.9218062998209,34.90154239986191],[112.92888629986294,34.88867189988832],[112.93253329987192,34.887874399983616],[112.9281313001195,34.87323390022436],[112.92311930011567,34.86751189985432],[112.92062380014829,34.860870400248814],[112.91852839956607,34.84183399993918]]]}},{"type":"Feature","properties":{"shapeName":"Xiangcheng City","shapeISO":"","shapeID":"62558664B34707067608987","shapeGroup":"CHN","shapeType":"ADM3"},"geometry":{"type":"Polygon","coordinates":[[[114.6739552002723,33.1783923995896],[114.67409149972298,33.17606680044253],[114.68126360023507,33.175995100193745],[114.68215939963659,33.17394760020164],[114.68754699969429,33.17269869998506],[114.69129509968911,33.17334110011171],[114.69104829963942,33.16336690006244],[114.69675930040148,33.162440399604804],[114.6985675996151,33.1607251001833],[114.69886619971544,33.150130000099466],[114.71048730034875,33.14984489972238],[114.7165908003252,33.13527290042407],[114.71474200014325,33.134580700339086],[114.714495000444,33.130769500312226],[114.72212020008726,33.126320099992654],[114.7293245997505,33.12564759955711],[114.72795859970972,33.11740530041436],[114.7291032999774,33.11553590036158],[114.73622129997307,33.11429589983595],[114.73835490015858,33.10767130029035],[114.74489569997661,33.1099462999818],[114.7451846998141,33.11366800037797],[114.75460440037284,33.11449149968303],[114.75539220018993,33.10900850044197],[114.75826180014201,33.108905600013486],[114.75877900025068,33.10312170020637],[114.75710439964837,33.10225829978077],[114.76274609955294,33.09195319958053],[114.76560529974483,33.08961809999539],[114.7660691997338,33.08659319971645],[114.76977660001012,33.08655209979963],[114.77103990017133,33.08484739978775],[114.76614759993186,33.084150999868825],[114.76653659988426,33.080191700386706],[114.7646785996377,33.07934610024239],[114.76528880043782,33.07558439980028],[114.7637044998628,33.07327819992901],[114.76494789982576,33.0686124002421],[114.77701860032823,33.071641899654026],[114.77935069977502,33.07017490035145],[114.78499160018225,33.071339999941074],[114.7913574998488,33.07073879955601],[114.79744729955326,33.064464399612405],[114.79312140043237,33.06099169990705],[114.80005940022124,33.05712249990347],[114.80300569975327,33.05868490018804],[114.80510880033091,33.063205499834],[114.80944079955327,33.06468139972685],[114.81480550017375,33.056644199969924],[114.82180590032215,33.058227799973054],[114.82286830003204,33.06171040031478],[114.82679480033983,33.06226000029881],[114.83138410009622,33.05836980022616],[114.8369351995998,33.056700799702185],[114.83726039984765,33.055325999795116],[114.84249860003047,33.05415399970735],[114.84335009972733,33.05130260023486],[114.84768769992752,33.050468800095075],[114.85252550035159,33.056984099636566],[114.85281259992166,33.06668629973302],[114.85069389970374,33.06830000004504],[114.8501160996783,33.07934210005794],[114.8616541002566,33.07853320034695],[114.86125049981081,33.0802731996485],[114.86602139966794,33.08127260005051],[114.868359299742,33.07966540003821],[114.8722364002897,33.08086600036569],[114.87294949971965,33.08259109969953],[114.88148639967767,33.08255049980579],[114.88269639971918,33.08064929972545],[114.89206060041647,33.07946039957784],[114.89160999960188,33.0818059996472],[114.89403919974939,33.08165490005365],[114.8918813997069,33.09439040009693],[114.89341969995928,33.100105599793665],[114.89840240005083,33.10754019982039],[114.90124520020584,33.11898559990556],[114.8997068001288,33.126659800009804],[114.89729900024872,33.1274998999005],[114.8973134001933,33.129872699965176],[114.8980346996417,33.13226090002058],[114.90525820000596,33.1387016997237],[114.92197920037984,33.14094190014862],[114.92358440029989,33.14570209987204],[114.9271293002771,33.14615009984726],[114.92853380029476,33.14839009972337],[114.92933640025478,33.152253900197366],[114.92759740010001,33.15275790005711],[114.9273749995566,33.155647199658574],[114.9521437999964,33.15214190042843],[114.95435099979886,33.14889409958306],[114.959099799716,33.15046200012125],[114.96090559971367,33.14889409958306],[114.96083879987077,33.14413399968441],[114.96659079982567,33.14519810001235],[114.96685829957096,33.14682210025978],[114.97357110012626,33.14689510002887],[114.98862159990699,33.178330500152526],[114.99137770002085,33.177853999762306],[114.98959170039677,33.179631200419635],[114.99082180028597,33.18205400009208],[114.99923009988925,33.18170319974291],[115.00301380044664,33.18532210043463],[115.0067210999988,33.18522969959099],[115.00484840033346,33.181367300260774],[115.00685490023352,33.17509760017418],[115.00591850003877,33.17263430043266],[115.00846010015357,33.17084279965553],[115.01969660031796,33.173138199568314],[115.02069990018026,33.1747056999082],[115.02284020031504,33.17095480032384],[115.03273900030467,33.16826750014508],[115.03414350032233,33.166307899889716],[115.03747419977458,33.16691609969831],[115.03775529996722,33.16865940041106],[115.04130010011954,33.166419899658706],[115.04783150022365,33.16837120007085],[115.05146649967924,33.16451630018713],[115.05552310041082,33.1655451003262],[115.05504259983616,33.17214559983961],[115.05698599970424,33.1759253002125],[115.0586628000483,33.17594719960363],[115.05925299992612,33.187093100266395],[115.05751089980822,33.18710209978212],[115.05465199998991,33.19181320011916],[115.05274769994651,33.1918697000267],[115.05019570007153,33.20168499976296],[115.0529001997844,33.20207160032413],[115.05245229963396,33.20712339982509],[115.05496609990564,33.212608999905456],[115.05394120012636,33.21472379976359],[115.05146649967924,33.21332489982433],[115.05220219997159,33.21791330025866],[115.05481069975406,33.221046700145166],[115.05788730025881,33.22082290025668],[115.05389109979444,33.22446769962471],[115.05795419992648,33.230390300072315],[115.05850499960616,33.29983120004988],[115.05902440035584,33.30241990035819],[115.06136529966886,33.30370559993355],[115.05802499995389,33.308107800234836],[115.05795419992648,33.31432589992039],[115.05301249992704,33.31483389996458],[115.05266209977617,33.31589069959614],[115.04832289968215,33.31544369966707],[115.04740660023447,33.318346300241615],[115.04578129956735,33.31868540041097],[115.04797749976183,33.32176030029768],[115.04287350001209,33.331812399622606],[115.04309340044017,33.334249100115926],[115.04048699967541,33.334484000336374],[115.04399549959271,33.341396499848656],[115.0508946999305,33.34208020044093],[115.06450879984129,33.34673780010945],[115.0644419999984,33.349922400198636],[115.06192030008185,33.34940200030212],[115.06225740015896,33.35742339987007],[115.06927060035798,33.35726329986147],[115.0695251004031,33.36176600030075],[115.0672495997893,33.366562100060946],[115.06276630042453,33.367238599781615],[115.06228210003894,33.36928709981987],[115.0636556004257,33.36917529970037],[115.06390689978366,33.37472520040774],[115.06651539956613,33.37478099974339],[115.06698350028842,33.37606570017198],[115.06334099958747,33.38029379981907],[115.05621330040356,33.37939090026987],[115.05984700033889,33.38338420042055],[115.04849319980144,33.3829065003348],[115.04498839969494,33.385394099757946],[115.03949430012187,33.39829550043703],[115.03559139982326,33.401270500033604],[115.01525210040415,33.40820460036207],[115.01068529988675,33.413892100040414],[115.00045189993534,33.419591999571196],[114.98763470008146,33.41629889987439],[114.97960749988624,33.41747449994824],[114.96703560001299,33.429546699620516],[114.95844070007831,33.44732599969518],[114.95093689991802,33.45486950042715],[114.94107800014967,33.45685500025809],[114.9120833996293,33.450900699607644],[114.90668260022187,33.4511289997036],[114.90074009957596,33.45441829976477],[114.89299630003927,33.4644287002244],[114.89012260007803,33.47464250035114],[114.8922480002451,33.47794980034308],[114.90143379973017,33.48131089957843],[114.90286199958166,33.48459270019299],[114.90171670036545,33.488448600122865],[114.89102169999148,33.49825729973463],[114.86855279967199,33.509979899652706],[114.864448800172,33.50073240038],[114.85189030019728,33.487663400245765],[114.83621979970405,33.47889689977217],[114.81585679955174,33.47188540019113],[114.80721280023056,33.46737289983952],[114.79567729976759,33.44628140026646],[114.77761829974474,33.42415989995948],[114.7761532996351,33.41701889980243],[114.78527829955397,33.40226340013584],[114.78669730024023,33.37818889969799],[114.79178630019771,33.36061090027289],[114.79004680001992,33.35346589993139],[114.77815230008866,33.34820189999772],[114.75993329988194,33.33341589982399],[114.75514230017711,33.32805239979848],[114.74767280015965,33.31001289977553],[114.73864730033267,33.29952239983891],[114.72631079980363,33.300899400387095],[114.71660880025604,33.30025650023737],[114.71489700009658,33.297304400078076],[114.72114909955133,33.2961856002853],[114.72290210035169,33.29455759985342],[114.7221372997966,33.290290900404784],[114.7241373002962,33.28417039964427],[114.71551470034319,33.28312890017867],[114.71612769983358,33.27987059974845],[114.7188463998416,33.279389299676495],[114.71918190002475,33.27030810033864],[114.72161279989086,33.27018259994708],[114.72161279989086,33.26701919957645],[114.72396800022307,33.266568099638164],[114.72496429976263,33.263044199730075],[114.72447569989367,33.25418580023455],[114.7231377002447,33.25162429992156],[114.71875780043217,33.25212839960602],[114.71800229976634,33.24958790026142],[114.71874639972668,33.24005729980462],[114.72274780007103,33.23893859983656],[114.72246409993829,33.23664429979465],[114.71688340014884,33.23727720038255],[114.71688340014884,33.23434999975274],[114.71468200007428,33.23441740034281],[114.71470779982519,33.231501700243314],[114.71277770003087,33.230819200245946],[114.71269359992971,33.22961530030591],[114.71508620036786,33.23031490001267],[114.7151239997728,33.22885940034109],[114.71170329976758,33.229081999634616],[114.7130998003156,33.22034510034615],[114.71565369955863,33.22066170037721],[114.71401440004456,33.21921759961259],[114.71439689969725,33.21608979980448],[114.71146989961619,33.215489999663816],[114.71104479997757,33.21795280028158],[114.6997907999056,33.2148243997263],[114.69522829994617,33.21175390022239],[114.69296420003786,33.208930299693634],[114.69419809956275,33.20658550002088],[114.690719799779,33.20684789971085],[114.68937980003784,33.20453170027781],[114.69352009977285,33.204042899859985],[114.6948443002243,33.19992730000496],[114.6886147998332,33.193446299707034],[114.68686339982605,33.19348180044477],[114.68756749974034,33.19008459972457],[114.6854371002421,33.18990430004345],[114.68103420026819,33.182385799565054],[114.6739552002723,33.1783923995896]]]}},{"type":"Feature","properties":{"shapeName":"Xichuan County","shapeISO":"","shapeID":"62558664B23218603695021","shapeGroup":"CHN","shapeType":"ADM3"},"geometry":{"type":"MultiPolygon","coordinates":[[[[111.24730680016876,32.957736899838096],[111.23980569977329,32.94644089962787],[111.23742540026205,32.9404481997247],[111.23702239966406,32.93259810032214],[111.24342370024362,32.91671319965451],[111.24418539993633,32.908400399958566],[111.24056740036531,32.89792839997574],[111.24056740036531,32.89081319956955],[111.24418639998242,32.88620379996547],[111.24913639982503,32.88649579994126],[111.25875280010172,32.89345150018664],[111.26189480020491,32.89872789997264],[111.26817880041136,32.904003899560394],[111.27398670042595,32.90648200034411],[111.2800827000566,32.90296170042217],[111.2848407998631,32.89497050008856],[111.28388870020342,32.867144799692824],[111.28731629980746,32.86130670044395],[111.31026240018969,32.85298879979331],[111.31492779967829,32.847549700058664],[111.32568669958158,32.84315020042146],[111.35185280006675,32.839335500233176],[111.37393530037389,32.831019900048375],[111.37918669990631,32.82372189984585],[111.39022800042193,32.796674499728454],[111.39494069975353,32.791637600195145],[111.39534470039769,32.78869449955158],[111.39985540030654,32.78512880005411],[111.3985089002656,32.77663829971783],[111.40456820036223,32.771034099743986],[111.40762739988463,32.759333499941135],[111.41543469965171,32.75553009973436],[111.41676769996945,32.753167999803395],[111.42471790021096,32.75472940004181],[111.4318112003267,32.75236720028613],[111.43852359978439,32.753768499616626],[111.44171320010418,32.75849270037787],[111.44047540021961,32.76189219976527],[111.44314139995572,32.76381370024211],[111.45240070013227,32.76291300043465],[111.45682810033662,32.76631569960989],[111.45496330031614,32.774330599777386],[111.45614139960594,32.776736399565266],[111.46172940009183,32.773906000161844],[111.46941220041276,32.76312329970057],[111.46954689996954,32.76060390024986],[111.46806570037182,32.757886300112716],[111.46331929984586,32.755112000418535],[111.46298269979184,32.7405878999117],[111.4543988003644,32.729261400093606],[111.45076320016165,32.72917639977106],[111.43776950026228,32.73908720031409],[111.43467260026034,32.738719099706714],[111.43362899997845,32.73687860026723],[111.43433590038154,32.73441509997696],[111.43844280019516,32.731300200044245],[111.43753390036926,32.72892160025168],[111.43558150008624,32.72875159960671],[111.42538169970572,32.73744489976235],[111.419894800105,32.73786960010199],[111.41972640025324,32.73461329976402],[111.43490820015336,32.72498530003162],[111.44778590009929,32.72407580035798],[111.45625970002521,32.72543749984078],[111.45868759975298,32.724556399858045],[111.459449300345,32.72075160030619],[111.46678059974494,32.71999060028605],[111.46763749987076,32.71754740039228],[111.4661617996274,32.71310140040936],[111.4625913004482,32.71137909976568],[111.46197239960662,32.709436299745505],[111.47061549960569,32.70423239970552],[111.47206649996906,32.69889990021028],[111.47468009980685,32.69629500041401],[111.48080900023524,32.694023199611024],[111.49050429983362,32.68589019957312],[111.4994417002743,32.68249029998742],[111.50514979982347,32.67840190012765],[111.51239159959272,32.66611030005038],[111.52063980008677,32.656364800295364],[111.52760330015224,32.65205390006747],[111.54192330042002,32.648906899733674],[111.54435730024926,32.65146990011584],[111.54145030019129,32.655006400425066],[111.54234330000338,32.65876790031842],[111.54679880042437,32.661773400422135],[111.5503458003185,32.66101439959493],[111.55655679985648,32.64671690036471],[111.56191230041242,32.65724190009365],[111.56903080043116,32.657985900229164],[111.58947729993753,32.65194340036766],[111.59394079982809,32.660964900010185],[111.6072767996846,32.66320039967877],[111.61260980010223,32.65717289960969],[111.61527980002279,32.660930400217865],[111.62951680006034,32.663165899886394],[111.64285279991685,32.6593778996704],[111.65441129964182,32.65935889969353],[111.66686230005519,32.656326400143314],[111.70242329959564,32.65173339967669],[111.70597829985871,32.652480899973625],[111.70599379967416,32.656242399866926],[111.7033308000764,32.65775290027619],[111.70157630010624,32.669040400094445],[111.71140279999929,32.678798400425876],[111.79013830034233,32.664878899741495],[111.80341380010685,32.66423040041269],[111.82488229997824,32.66598490038291],[111.84121679961567,32.669410900093],[111.84561129992164,32.67140590036206],[111.85032629971903,32.676601399834794],[111.85662080040964,32.67948539973145],[111.86802730031974,32.680232900028386],[111.87297079986257,32.68290690013339],[111.87493130033931,32.68562739968479],[111.87333679965366,32.68793890016019],[111.87420630018067,32.69044489971242],[111.86457830044827,32.712943900340804],[111.84326180039182,32.72204990028274],[111.82108330015421,32.73942890042349],[111.81967179981376,32.73903640030966],[111.8190232995857,32.74495689994103],[111.8224792997799,32.75048440033487],[111.82790379992048,32.75167839963848],[111.83274830029387,32.755386399762585],[111.83486179973232,32.75998689967571],[111.83503729973165,32.78838339977415],[111.82537880039138,32.8210448996025],[111.82350929961456,32.83911890031703],[111.80864730043265,32.87264240032658],[111.8068007998171,32.88911039982514],[111.80438980014924,32.88565439963088],[111.79708080033873,32.88283940021819],[111.79134380017632,32.88484590011825],[111.78629280017265,32.89601890005224],[111.78215780014244,32.89918490036291],[111.7725982999716,32.90161540003072],[111.76554880043687,32.89925740010898],[111.75022129957335,32.885368399931735],[111.74181330034361,32.88322439998615],[111.735893299836,32.87881489988774],[111.72704330000835,32.86865239978846],[111.72997280020462,32.854480900073554],[111.73782329980548,32.83761190006919],[111.73650380011037,32.8341634002208],[111.72841630037203,32.828586400242216],[111.7215883002599,32.831039400048326],[111.71745280020662,32.835120900309335],[111.69773129995957,32.86239990013536],[111.67471329967907,32.87383989979162],[111.66652729989505,32.87467589967309],[111.65352630019868,32.86972789992268],[111.64589679999739,32.87033440001261],[111.61688979962463,32.898418400089156],[111.62457279959511,32.913158399940244],[111.62174230036692,32.919311400400886],[111.60885629967856,32.924438400312],[111.60582730028972,32.927154399655876],[111.60973379967515,32.938876899749175],[111.60936729986105,32.94505290037108],[111.5869673002008,32.966106399990394],[111.58305379959324,32.97293490012561],[111.58392380014334,32.986682900095786],[111.59768679990594,33.012485400181106],[111.59697680043905,33.02255240037306],[111.59420030010381,33.02618789985172],[111.58238230010312,33.03247090001207],[111.57734679991495,33.04042790002762],[111.57724030039958,33.04683689970324],[111.58130629994582,33.04825989967469],[111.59062980002534,33.04538740030836],[111.59771730041314,33.04523440044727],[111.59961679987549,33.04640190032751],[111.59868630013273,33.05326090007054],[111.59454329973357,33.05756739991563],[111.57451629978749,33.06398389993706],[111.56928280036101,33.06736390022388],[111.56754280016014,33.073753399899545],[111.5685502998565,33.07880389988014],[111.57985679965162,33.08855039968125],[111.58277130005553,33.094306899843616],[111.5813367995537,33.097953899852655],[111.57666029973313,33.101108399633006],[111.5689927995781,33.10239789974332],[111.56127179965387,33.10757840032295],[111.55902080016983,33.11167540039946],[111.5605468003946,33.1183318997974],[111.5659712996358,33.120685400410935],[111.56780979988241,33.125285900324116],[111.57694979959365,33.134319399620665],[111.58542630018366,33.15090540006423],[111.59162880022899,33.156009399814025],[111.59850329978752,33.158870899572435],[111.59629829972681,33.17186339977616],[111.59348230026802,33.17687239964158],[111.5794373000914,33.183585899869456],[111.57308180018498,33.18878190026453],[111.56539129986868,33.20862189968096],[111.56288929960158,33.21088040041019],[111.55275730000943,33.21260089971179],[111.52761829994466,33.212310899828196],[111.51019280035752,33.208446399681634],[111.50331129957686,33.21111240031706],[111.49804679962017,33.215629399976876],[111.46777330019773,33.21931840012411],[111.46842929987235,33.221683400368704],[111.46452329961068,33.226451899935284],[111.46186830038181,33.2374154001007],[111.45934279993031,33.24127590006282],[111.45522329971556,33.242145399690514],[111.43477630018617,33.23891439997965],[111.42928329958465,33.24068089960389],[111.40741029994547,33.255981400121584],[111.3944093002491,33.27940740033131],[111.38480379975562,33.28180290018372],[111.37104029996993,33.271323899878155],[111.36033630008023,33.272785399826375],[111.35894029955523,33.27460089991166],[111.3495862998679,33.277915899898915],[111.34285729982457,33.27210239980593],[111.33860779991011,33.264945899833435],[111.3305127998259,33.259113399763635],[111.32042679965713,33.257148900001766],[111.31053180020245,33.260223399690176],[111.27848780007196,33.26277140027997],[111.27153779972974,33.268859899564745],[111.26529679970758,33.279994900444365],[111.2622372998116,33.28293240011021],[111.25646229969544,33.28445440015048],[111.23827379999591,33.27778990038365],[111.23433680010328,33.282542900134786],[111.2337188003824,33.300399899835554],[111.22815680019625,33.30490489984129],[111.22071779978671,33.30731939967063],[111.19065830034037,33.30551890027709],[111.17685679970162,33.311046399771556],[111.17093680009333,33.31966389966931],[111.18197630016618,33.34226989983608],[111.17720779970028,33.34769840016111],[111.17009780007345,33.34759089970032],[111.13040179960342,33.33464439981924],[111.12384030008985,33.33454889991185],[111.1204832999644,33.33770389971528],[111.1214678003987,33.34321540027054],[111.13268279957163,33.35643740026586],[111.13715329978504,33.36497890025612],[111.13458229993324,33.37020490023599],[111.1274338003297,33.371704400138015],[111.12061329966411,33.37046040032726],[111.10694879994725,33.35628140026648],[111.09606930005822,33.3531419002785],[111.07890329984747,33.36250290028869],[111.07009880031944,33.36397189968346],[111.06114180005409,33.36039790034289],[111.04241179966488,33.34086990002589],[111.0307233002402,33.337478400108125],[111.02377320007321,33.338058499700026],[110.99475860042912,33.325687399553885],[111.00232699979125,33.30541990020828],[110.98062130013295,33.29774479988265],[110.98090009985981,33.257518300129504],[110.98823080031127,33.25302689967174],[110.9927265004277,33.253372199767284],[110.99370270011957,33.251457900161995],[110.99063939968863,33.245264500356484],[110.99070669955461,33.2414073998317],[111.00598870011845,33.235683599918275],[111.01212989967519,33.22401590001385],[111.02117500022615,33.219953799927964],[111.0244121998632,33.21692700028086],[111.02674490005717,33.211191699837116],[111.0457871999194,33.202468499921395],[111.05072019987739,33.19440079965722],[111.05192840037546,33.18581640020676],[111.04867739974225,33.17965609994911],[111.05036059966199,33.17878269996169],[111.04379640038366,33.17489459980601],[111.03134129996107,33.16320089960186],[111.03288969959999,33.160833800339674],[111.03087000035032,33.15863569987772],[111.03144230012214,33.15593029994346],[111.04945169983614,33.158607599661025],[111.0502596004003,33.16311640020177],[111.05689110044398,33.16649779983362],[111.05958409962653,33.17286590014123],[111.0623780000447,33.174866399764596],[111.06264730023275,33.17833190039693],[111.07503509988999,33.18399480002006],[111.08281120037668,33.184191999761026],[111.0881635002454,33.18269890033406],[111.09250590012726,33.17912080008489],[111.10065230006364,33.16666690025727],[111.11152519982818,33.16269369995433],[111.11664189980388,33.15846660035339],[111.12573080003648,33.16286280037798],[111.12515850026466,33.15945300015591],[111.12233089955146,33.1570294000868],[111.12236450002172,33.155141199706634],[111.1251401999603,33.152858599844535],[111.12561630015222,33.144488400019725],[111.14056450025157,33.132529499636746],[111.15258460039905,33.12625619956401],[111.15622019970249,33.12687639992595],[111.17323639984005,33.117938899660544],[111.17390280017418,33.11522750034891],[111.17085610032882,33.11076160016779],[111.17095129986268,33.10334440022393],[111.18509670035252,33.08852769989346],[111.18792919967291,33.08108029981605],[111.18704990013282,33.073436700043715],[111.17688790005661,33.06934589989339],[111.16316200002632,33.066952800331535],[111.1449170004193,33.05578090026836],[111.14195470014937,33.05160509979555],[111.14237209979262,33.044155099778095],[111.1470041002591,33.04195500012321],[111.15582359957949,33.04336589971655],[111.1638352999592,33.047429200397346],[111.17204889993684,33.049573599641974],[111.22355249974811,33.04635690005097],[111.23239900031365,33.042701700023486],[111.23573829998264,33.03484370007675],[111.2428747001074,33.02823980022663],[111.24341329958418,33.01971620034243],[111.24139360033445,33.0181919996611],[111.25298309969037,33.00840380009532],[111.26361409981092,32.9902950001142],[111.26782230015908,32.97379299994702],[111.26199829958193,32.966009800212134],[111.24730680016876,32.957736899838096]]],[[[111.0103016004386,33.17502759964407],[111.01517310025844,33.17380819988858],[111.0250576001282,33.176897899918174],[111.03041180026446,33.18227279974997],[111.03230330025718,33.18840049958345],[111.02778810014075,33.19035360043836],[111.02452380033316,33.18898770022224],[111.01870660042931,33.181411199767126],[111.0103016004386,33.17502759964407]]]]}},{"type":"Feature","properties":{"shapeName":"Xi County","shapeISO":"","shapeID":"62558664B96878391375627","shapeGroup":"CHN","shapeType":"ADM3"},"geometry":{"type":"Polygon","coordinates":[[[114.9004495996694,32.18996869979571],[114.90025570044031,32.19604230001221],[114.90271270043081,32.202443700416495],[114.9099542996513,32.20482359972942],[114.91874340008792,32.19902730006987],[114.92101960037428,32.205827799813164],[114.92416879955056,32.208711400410834],[114.92903610043572,32.20542229999921],[114.93624949961475,32.206428599999924],[114.93591069981903,32.21134140028545],[114.95380930035901,32.21542400041733],[114.95468320036946,32.21730459972753],[114.95216969957198,32.21940349957191],[114.95480330033206,32.221903999769836],[114.95504949963481,32.22509179964686],[114.95845269973233,32.22668509973761],[114.96498440020991,32.234901400379385],[114.96966950024728,32.24534139978584],[114.97550780004497,32.245300899716824],[114.98366259964928,32.240449200270405],[114.99952140019252,32.24798910011691],[115.01192209972521,32.26833489983579],[115.0301976996642,32.278017599932355],[115.03346510033418,32.28137190029304],[115.03400300013845,32.28395580002018],[115.03149760043402,32.28949449967149],[115.02286469964622,32.294376499975556],[115.02592239999888,32.298069000284215],[115.03996649995406,32.30504159969013],[115.04574820001949,32.304610399950036],[115.05725529989229,32.30054569992416],[115.06246239972006,32.30054569992416],[115.07265989963469,32.306529599961095],[115.0835084997176,32.31962969955106],[115.08471119996193,32.343834900260504],[115.10201370017217,32.35105670000678],[115.10632940008179,32.35659829997161],[115.10977680005931,32.36373279982888],[115.10782410030208,32.37812839980586],[115.1129255999366,32.3797343002978],[115.12000219964182,32.37974539973044],[115.11975290037606,32.3836806999044],[115.1215682997373,32.38677769973111],[115.11955609993413,32.39034190005867],[115.12238779975723,32.3946226001529],[115.12203259992464,32.39767309963389],[115.12454509977658,32.39970499998583],[115.12194830017393,32.39949569986669],[115.12081930027057,32.400812099598795],[115.12145660034184,32.40213660042383],[115.11613670034853,32.408322999906545],[115.11475909995261,32.41438720040901],[115.11402229978933,32.42695739966433],[115.11588759983294,32.4308106996541],[115.11642599966024,32.451454299976035],[115.11314419994494,32.46649549986745],[115.10666969994679,32.47844940001983],[115.10752080034467,32.48274669980043],[115.10262409972245,32.483580800313746],[115.09970579968297,32.48723579979236],[115.1010234998347,32.494587299764135],[115.09727429996906,32.498183899967046],[115.09936060031157,32.502807499866265],[115.09375779968275,32.50331919972132],[115.09299149995786,32.50749080036019],[115.08960689963874,32.50968129975223],[115.08729280012267,32.51511020027556],[115.08097299970427,32.51244290011982],[115.06509450041096,32.519896699772914],[115.06136440034686,32.52356610009548],[115.04609390031328,32.5238475995871],[115.03636229958056,32.52632539999729],[115.03373729993655,32.530223899913096],[115.03365329966016,32.534126400013406],[115.04051979974906,32.554660899980604],[115.04321279983094,32.55516039963277],[115.05252080009495,32.55072039992655],[115.05898280041595,32.553115899779016],[115.06867979973299,32.567958899883365],[115.06712329990046,32.5775718998234],[115.05664080033273,32.585666399884474],[115.0268327998939,32.58564739990766],[115.01702880013909,32.5875508995544],[115.01535780042218,32.589591900146104],[115.02513880001572,32.60076540010317],[115.04033680030318,32.61248390001202],[115.066146799835,32.62207389979068],[115.06765730024426,32.627605400368964],[115.06629180022651,32.63560489964647],[115.0617217999212,32.633468400046695],[115.05629729978057,32.63338089960888],[115.03621680006529,32.646144900067156],[115.0255508001294,32.65079489956503],[115.0127563000633,32.652423900043004],[114.98651929972596,32.66163640039963],[114.9720763000812,32.66415389958286],[114.95796180029686,32.6648368996033],[114.93723280035351,32.658065900321105],[114.92353830015247,32.65187089972227],[114.91317729989248,32.65399190040591],[114.90688330012426,32.65686789993367],[114.90062730030968,32.656760900395284],[114.89932230038391,32.655132399940385],[114.89488229977837,32.647712900430065],[114.88970930044388,32.625591400123085],[114.88627630041094,32.62140290032363],[114.8803863003875,32.61808790033638],[114.87309280039244,32.61727539973998],[114.85877230010158,32.62666340009588],[114.81973280022862,32.626666900257305],[114.80970780017492,32.62580089989166],[114.79543280018368,32.622329899905026],[114.78018180014999,32.61379640028372],[114.77635930014162,32.603858899768454],[114.77715279986194,32.59423440019748],[114.78275280000173,32.58699039978717],[114.79309830044622,32.58465189986532],[114.79862980012524,32.580390900319856],[114.79889679984751,32.558364899920264],[114.79711130024634,32.553970399614286],[114.78363029999844,32.551204399763265],[114.77935029957678,32.549061399863774],[114.77384180005913,32.54161840016906],[114.77452029987205,32.53635390021236],[114.78521730033822,32.51956190016159],[114.78373730043609,32.51379789965341],[114.77517679956975,32.50951339992349],[114.7681733003576,32.508468400296465],[114.7610777996008,32.51063540040343],[114.74314129983122,32.52384539984536],[114.72675330042455,32.51872240011875],[114.72148130012192,32.52344490026201],[114.71991729994352,32.54223639988999],[114.71820830027286,32.54564689978463],[114.71542379956873,32.54857990014233],[114.7099763001662,32.54939289986248],[114.70648930034099,32.548183399844106],[114.70146129959937,32.54349839963152],[114.6989132999089,32.53748340013885],[114.69815079981959,32.524848900256586],[114.68753829965283,32.516387900381346],[114.68213629965055,32.51559439976177],[114.66906730041569,32.518329399981894],[114.64955129975272,32.5292053997095],[114.64003729988156,32.53062839968095],[114.6325227995876,32.527957899737316],[114.61685179997062,32.51618189987482],[114.60932930020715,32.513969900390634],[114.59108729983905,32.51751340012339],[114.57644630005677,32.518142900374585],[114.56597880028141,32.51472089994962],[114.56365980035957,32.510314399989625],[114.56178280013614,32.479755399991745],[114.57788830000516,32.45505889964858],[114.56630680011881,32.44289389983368],[114.56217180008855,32.43452439968138],[114.57000729989704,32.42419790011303],[114.58654079971825,32.42144790010059],[114.5930327996241,32.416629900049884],[114.59844179994911,32.40882489984932],[114.63633730012634,32.39068989991898],[114.64064029981,32.37507990041712],[114.62111679970064,32.3484608995509],[114.5848237996787,32.3170204002713],[114.58120510043511,32.309593699889376],[114.59102889966402,32.30590540031403],[114.59882040014145,32.30821739991313],[114.61036640018926,32.30065599997448],[114.61436009963893,32.29981199972406],[114.61717479957736,32.30149140000816],[114.62494110015166,32.311823399830075],[114.63226409970855,32.313739099679765],[114.65729920019794,32.30256490005013],[114.67358330002935,32.311129000003405],[114.6764612996493,32.31052090001958],[114.68221190025906,32.30360280042896],[114.68221190025906,32.300751800255455],[114.67379119990403,32.29045340000448],[114.67294890027154,32.287320400316275],[114.6741149000826,32.284362999552854],[114.67659280031751,32.282966599728866],[114.69467850031265,32.284412199663336],[114.69803520006451,32.28583120034966],[114.70899110005928,32.306052100424154],[114.70658780038673,32.28584849970855],[114.70277060008323,32.274573299917904],[114.69209730035016,32.271506199851274],[114.68804839961399,32.26518609995861],[114.69817639992095,32.25805510026271],[114.69418040000551,32.23968639980757],[114.70411440035934,32.23546710002671],[114.70759020002777,32.23267400000515],[114.70970609975677,32.22819939978251],[114.70580800003927,32.22445229983384],[114.70378689964582,32.22430979955766],[114.70242880014905,32.22143749984082],[114.69542139967791,32.217837299651706],[114.6949148997029,32.2098838996223],[114.69225130025734,32.20657849989789],[114.68351249980208,32.20513490005567],[114.67942049995622,32.20082070021522],[114.67811099982282,32.199020100097584],[114.67955070020469,32.19201059970948],[114.69277930032456,32.19485840009514],[114.69714330012323,32.193824900099116],[114.71367629992142,32.18415440020544],[114.71932230038396,32.18476090029537],[114.73078130001704,32.18896089972577],[114.73725129980767,32.18912440007108],[114.75662230007913,32.16758739973875],[114.77126329986152,32.158092399844406],[114.77767929985987,32.15215290023622],[114.80094079967819,32.14014040025933],[114.83173379967513,32.143066400294174],[114.85553029988353,32.15357590020767],[114.85582730008991,32.160232399605604],[114.8628767996247,32.16733189964748],[114.86991879971288,32.17167640034563],[114.88233929961905,32.17164589983844],[114.89102880013911,32.18172439966139],[114.89589679979758,32.18492489976438],[114.90049729971065,32.18560389960032],[114.9004495996694,32.18996869979571]]]}},{"type":"Feature","properties":{"shapeName":"Xingyang City","shapeISO":"","shapeID":"62558664B36157180401619","shapeGroup":"CHN","shapeType":"ADM3"},"geometry":{"type":"Polygon","coordinates":[[[113.1376859003841,34.85542540006219],[113.13930279958458,34.844950999788864],[113.15112279967752,34.830902500350135],[113.15306309958248,34.826177400266886],[113.1610183000546,34.819912300212536],[113.1606949002495,34.81534589989343],[113.1561028000043,34.816248599793084],[113.15351580031404,34.819381300007024],[113.14898839999478,34.81306260035876],[113.15021730018827,34.80684959982921],[113.14510790000963,34.80068919974684],[113.14918249977256,34.797396400423565],[113.1451725001109,34.79474090027236],[113.14491380023173,34.79197900043056],[113.15383920011902,34.794422200324334],[113.15478709994477,34.790009299889334],[113.14408560017034,34.78031870014797],[113.14408560017034,34.77738869992862],[113.14573199983204,34.77393279955908],[113.15286630003982,34.77445869970927],[113.16173860035622,34.76980050019296],[113.16466549971312,34.76551760035704],[113.16384229988228,34.755222999741704],[113.16878149976651,34.75492240044849],[113.17179989974568,34.75920569958345],[113.18140380034515,34.76093399960445],[113.18597710026302,34.75913059989733],[113.19146509973461,34.75980689996851],[113.21177059993329,34.75116489984032],[113.2208257998708,34.75026300033727],[113.22786870018047,34.7513902996227],[113.23436280000328,34.75499750013455],[113.23985080037414,34.75537329983797],[113.24927179955398,34.76085889991833],[113.24704189996373,34.776208499822474],[113.25145130023736,34.77672219976978],[113.25260290010385,34.78452030037164],[113.24446499966007,34.78589760039398],[113.24255439986575,34.78798969956506],[113.2433938999086,34.798402200401256],[113.2407018000481,34.802490799910515],[113.24214920042527,34.80950259986514],[113.23992020015714,34.812948899971786],[113.243370999572,34.81977599986254],[113.2388677001843,34.82266630040948],[113.23768039993058,34.82518689955583],[113.24529509998888,34.830160500306874],[113.24784879958247,34.834040899567924],[113.24637499960659,34.8378042997287],[113.24408250000738,34.83881240017217],[113.24498309999012,34.84089559965224],[113.26037620010163,34.841903600270996],[113.26283250041956,34.84573390009945],[113.27699740001003,34.84425559991604],[113.2773248998243,34.8357881995658],[113.28428450042941,34.834376899774156],[113.28567640004587,34.83007559980916],[113.28805089982927,34.828798600275206],[113.29484669971544,34.831822999631754],[113.3101579003669,34.828395400027716],[113.30786530004366,34.8173047995769],[113.31064920000063,34.813876500300296],[113.3188370002274,34.81064980024814],[113.31965569985073,34.8064816997707],[113.31302359995925,34.80560769993548],[113.3112223001691,34.802447899551],[113.31089480035484,34.78631070037858],[113.30442650028283,34.78173789958447],[113.30336199975659,34.774205599908555],[113.2995957001815,34.76875780013245],[113.29247229975692,34.763242400116724],[113.28313820026779,34.762502400165715],[113.27937179996866,34.75960999970175],[113.28469389970383,34.757793799943954],[113.28674079984808,34.75476669992332],[113.29427360044633,34.755506600049614],[113.29468299972075,34.748644799817725],[113.29894059982882,34.74406990000591],[113.30409889974453,34.73000730009687],[113.29713930003868,34.72233579975739],[113.27978120014234,34.71681719995388],[113.27200280008924,34.72072060027551],[113.2620770995785,34.720497199686065],[113.26271739978824,34.715159199937204],[113.25832700039086,34.7109487998473],[113.25558299975569,34.70418150037597],[113.2512841000812,34.69921849993386],[113.25229020043241,34.69252549975204],[113.25841850011375,34.68643369995533],[113.25448539968147,34.68545590036956],[113.24817420037914,34.67688139975684],[113.2488144996895,34.673797299805585],[113.25457690030373,34.66883249982004],[113.25576590027617,34.66492060000576],[113.25375369957362,34.660030500407345],[113.24506439960237,34.6514533000298],[113.23893609992115,34.650098900344005],[113.23472869996954,34.64046710007665],[113.22722839997073,34.64197220005701],[113.22375270012708,34.64106919978377],[113.22183190022213,34.63783329966708],[113.21963670007369,34.63730650019488],[113.21186209965629,34.639338299822725],[113.20427039975925,34.63745699994064],[113.1992397999768,34.63918780007697],[113.19622139999763,34.637607499686396],[113.19210539994435,34.62978060009465],[113.19457500033604,34.62503890032502],[113.19466640023427,34.61517839976341],[113.19765729984454,34.61154009979583],[113.2004913999582,34.610957000065525],[113.20326109962014,34.61376659994869],[113.20467820003898,34.61848450005971],[113.2116346997816,34.618537499805825],[113.21150589977753,34.61684120036114],[113.2063528995667,34.61450879964144],[113.20706139986373,34.612494300271806],[113.2158859003141,34.61350160031867],[113.21421119988702,34.609525600426196],[113.22640939997393,34.61066219960088],[113.22653829980277,34.617129600350836],[113.2347830001354,34.61903789967937],[113.23645769966322,34.624020400121424],[113.25294720015324,34.62412650033775],[113.27175559984107,34.62794269969589],[113.27793909990964,34.62698859994396],[113.28438039963578,34.62243029981852],[113.29146570028195,34.624550500105556],[113.30937230029144,34.62296029997793],[113.31723049988773,34.624974499873304],[113.31826109957012,34.629638699666316],[113.3205799996673,34.63144079985307],[113.34106299995756,34.62561060024905],[113.34544299959487,34.62232430032623],[113.3458295003312,34.6169174997429],[113.35574900001643,34.61320679985397],[113.36000019964956,34.61288869975374],[113.36386490034499,34.6151151999066],[113.37107909992062,34.62932070029012],[113.37391320003417,34.63027480004206],[113.38112739960991,34.62751869992809],[113.3861514999918,34.62232430032623],[113.3880839002519,34.61596339999096],[113.38628029999586,34.61087430020882],[113.38731089967837,34.61013209961675],[113.39568449983983,34.60790549963917],[113.4246700001205,34.61363090034581],[113.4333012002902,34.6135248999542],[113.4387117996099,34.6153271997905],[113.44115949971115,34.62232430032623],[113.44296300014241,34.62243029981852],[113.44425119983305,34.62020400021447],[113.45159420031212,34.621900199834386],[113.45378419968108,34.62412650033775],[113.45623189978244,34.63536270012855],[113.4519807001493,34.640662199900646],[113.45223830015743,34.64235800022158],[113.45880839988786,34.64627939957467],[113.47181959969487,34.64839900001391],[113.47130429985361,34.65009459978603],[113.46615140036693,34.65263800034347],[113.4653783997934,34.65581710017909],[113.46795489989881,34.6586781997392],[113.48933969986729,34.6648240002275],[113.49642510033812,34.66545970040488],[113.49913040044771,34.66726090037031],[113.50053290037306,34.66878419993094],[113.49896349976575,34.67351700000961],[113.49941189993933,34.680339099669766],[113.50404550029964,34.683473399777654],[113.49903820015288,34.690909200399346],[113.50202759969409,34.69926589960164],[113.5021023000811,34.70891209981363],[113.50748330001431,34.71284389982617],[113.51181799990081,34.719171400239986],[113.50540120040512,34.720412999760185],[113.50147100028653,34.7255274999942],[113.495575800383,34.726469600092],[113.48902559995156,34.725931300089485],[113.48575050018553,34.722162700048614],[113.48296660022845,34.72229729978062],[113.4785452003008,34.725258299630866],[113.47215879968894,34.725931300089485],[113.46511729962378,34.7232394997032],[113.4636434996479,34.72539290026219],[113.46462599998995,34.73091090021791],[113.46757359994172,34.73252590005029],[113.47396010037835,34.73158379995243],[113.4792002997541,34.736832200245885],[113.48427670020965,34.73790880025098],[113.48378539967655,34.74167659989524],[113.4819840998864,34.74288769980757],[113.4757614001685,34.74342589998537],[113.47215879968894,34.75499729958574],[113.4690473999176,34.756746300201655],[113.46184210003298,34.756477199663095],[113.45660199958263,34.75997519999555],[113.45611069994891,34.76428009994669],[113.46085959969082,34.76683610000606],[113.46053209987656,34.773158399640465],[113.4623333996667,34.77477250015079],[113.46921119973717,34.773292900447075],[113.47150370023564,34.76966100005518],[113.47461510000687,34.768181299627315],[113.48575050018553,34.768181299627315],[113.48853430031772,34.7691228997021],[113.48935309976582,34.77167870011198],[113.4860779999998,34.7739653999833],[113.4873880001561,34.77625209985456],[113.4860779999998,34.77786620036488],[113.48149280025257,34.778135200179406],[113.47952779956836,34.779883699872926],[113.47903649993464,34.78190120028023],[113.48149280025257,34.78391859996344],[113.48001900027668,34.799249500264295],[113.47559760034903,34.79588769955774],[113.4697024004455,34.796829000158255],[113.46806489957555,34.79306369973],[113.44775919972733,34.79656010016856],[113.44759539990787,34.79965290016128],[113.4541456003393,34.80355240012324],[113.45316309999714,34.81175420009629],[113.44694040027935,34.81686310025191],[113.44595780011241,34.821299499971985],[113.44956050041685,34.825601299960056],[113.44988800023111,34.83487609995211],[113.45496439978729,34.837161100104765],[113.46511729962378,34.838639599937665],[113.479855300282,34.837295500187224],[113.49459330004083,34.838639599937665],[113.49803219962632,34.840386800110764],[113.49885090014902,34.85113830039228],[113.50343609989613,34.853960300127824],[113.50485840019508,34.86087920011505],[113.50207460006277,34.86329779995356],[113.50027320044785,34.86867219976227],[113.49143039969329,34.86988140030644],[113.49372300001653,34.88559929956807],[113.4966705999683,34.89016629973497],[113.50371210003345,34.89433009965444],[113.50485840019508,34.90158280010621],[113.50174700042385,34.90722330031508],[113.50109199989595,34.91769740021488],[113.49896320029154,34.91957729985256],[113.4966705999683,34.918368799880284],[113.49274049967437,34.91877159992947],[113.49552429980668,34.92843880021053],[113.49994569973433,34.935956899591304],[113.49634310015404,34.93998420041055],[113.49945449992526,34.94481660040583],[113.49585179962094,34.947367000386805],[113.499127000111,34.94844079990304],[113.49699809978256,34.95125950002597],[113.5007306001371,34.96080010004465],[113.4982999997452,34.96459730032518],[113.48793579969742,34.95906710016658],[113.47959050030136,34.95798070024915],[113.46806050009207,34.96504909993604],[113.45341960013445,34.96810759978598],[113.44958780023683,34.97037970006318],[113.44574389996103,34.97986890022963],[113.42818479978871,34.985054099766955],[113.41704080029274,34.984349900027894],[113.40766269967389,34.98621870023288],[113.3772631000121,34.98267320040793],[113.3704338003796,34.97990309964837],[113.33413770039465,34.948453500129006],[113.30083140014904,34.938795599737205],[113.28853479984116,34.950557900226954],[113.28454869966276,34.958436000021436],[113.24865799966699,34.94796669980343],[113.24316759990484,34.944304700001965],[113.23310669981436,34.933260699721586],[113.23361350016296,34.92624179961939],[113.22773029991345,34.91997210043212],[113.22416720035608,34.90938719955966],[113.2143792004398,34.90861899956724],[113.16847969987828,34.89269059959156],[113.13392749955449,34.88543120008984],[113.1413016003886,34.856556099684326],[113.1376859003841,34.85542540006219]]]}},{"type":"Feature","properties":{"shapeName":"Chuanhui District","shapeISO":"","shapeID":"62558664B76961745977433","shapeGroup":"CHN","shapeType":"ADM3"},"geometry":{"type":"Polygon","coordinates":[[[114.64751309964993,33.71332620014408],[114.63905740037876,33.70868399956697],[114.63812210005494,33.70498830036979],[114.64279840022607,33.69876380020929],[114.63905740037876,33.69720750002614],[114.63251060028404,33.69720750002614],[114.62876960043673,33.69526219989069],[114.6290033998871,33.68650779979515],[114.62736670031302,33.6818384001221],[114.61918319974495,33.679503600011174],[114.6081939996534,33.68378399973187],[114.60585580010513,33.67794700035381],[114.59767230043633,33.68300580017757],[114.59416510003939,33.689620599810894],[114.5878521002943,33.692927799978065],[114.58037009970042,33.69137149979491],[114.57826580032645,33.680865599867616],[114.58691689979514,33.6798926997883],[114.58294209959831,33.6742500996624],[114.58261139999615,33.67039750024452],[114.58889399995815,33.66544390041571],[114.59682990007991,33.664618300294364],[114.59220060027758,33.65471020041548],[114.60046720000139,33.65333390043918],[114.6024511997631,33.6494803999006],[114.6024511997631,33.63461520003153],[114.5879458995837,33.626880300185746],[114.59266679983295,33.61650439995816],[114.59430679991897,33.60162339990006],[114.59748079969916,33.59045790031189],[114.60373630038998,33.58419390012841],[114.6143263004185,33.5801123998674],[114.65653229972588,33.580985899679604],[114.66169340013039,33.57954289968512],[114.69069950028177,33.58798650037676],[114.71903240032509,33.58891090001805],[114.73139840041586,33.5857379002839],[114.72546540020812,33.60273199958215],[114.72172350013943,33.62886000028885],[114.71870109997587,33.632694599776016],[114.70492029993193,33.64008060043943],[114.70369909973374,33.64668889977298],[114.70715919993722,33.652449599769284],[114.70512380032324,33.657023999557964],[114.68049600009044,33.6680354003135],[114.66092289967219,33.69004840011365],[114.65696489971037,33.708511399881274],[114.64751309964993,33.71332620014408]]]}},{"type":"Feature","properties":{"shapeName":"Hua County","shapeISO":"","shapeID":"62558664B13080448957531","shapeGroup":"CHN","shapeType":"ADM3"},"geometry":{"type":"Polygon","coordinates":[[[114.70510879963149,35.69416439976726],[114.70346830042183,35.69253140000416],[114.68228130004206,35.68595139963742],[114.65145879958402,35.661987399798704],[114.63725659971237,35.65303269999913],[114.63678609959891,35.65134809983499],[114.63503109960561,35.65155420016623],[114.6318029003836,35.64736959982724],[114.63064049965942,35.64864739975775],[114.61940910044973,35.64872129974822],[114.61885000002758,35.646788099990886],[114.61220629978095,35.64702979998532],[114.6084765999152,35.64228030039561],[114.6076103000753,35.63825220007902],[114.61052660002258,35.63825439982077],[114.60800030007385,35.63718799992631],[114.60720890027062,35.630891500042765],[114.60251889982737,35.62697190023306],[114.58899269965343,35.622919000211766],[114.57872989996497,35.61371639959219],[114.57595620011864,35.61494390044072],[114.57537659965044,35.62011110004727],[114.57095790038682,35.619637800344265],[114.57082839981081,35.616285000052756],[114.55917240008625,35.61690449984286],[114.56064870017747,35.62336259980418],[114.55771710006422,35.62370470011189],[114.55655749982884,35.61355040003099],[114.55261599972869,35.613051600051335],[114.55142930022214,35.61589209974068],[114.5442125996318,35.61694959994412],[114.54037469963271,35.61382569959642],[114.5391747000524,35.60936769995942],[114.5424398002566,35.607799400122246],[114.53733249999493,35.600389300326015],[114.53023519969474,35.602161999876444],[114.5303192997959,35.60421490029745],[114.52605509956322,35.60720629993085],[114.52609709970147,35.60467530012505],[114.52344959991922,35.60276189984188],[114.52389089994517,35.5973802002361],[114.51903709968246,35.59594500006176],[114.51433039972824,35.60060929967949],[114.50888829985524,35.601446400331156],[114.5060936997645,35.60670830034786],[114.502563699755,35.609219499780124],[114.5022090997702,35.60494749972736],[114.49680220026141,35.60385940009127],[114.49736880013006,35.607063099982156],[114.49308550009584,35.608866200215004],[114.4898434000529,35.60613589985195],[114.48710150023408,35.59542379976858],[114.4935915998725,35.59068240037254],[114.49417990038216,35.58350560000349],[114.4962897000097,35.58053719963209],[114.49232719984047,35.581401000255994],[114.48653540038845,35.58727920027491],[114.48211620020254,35.58561019975099],[114.48109769999894,35.589361000409895],[114.48046159962314,35.58659510038365],[114.47627979977301,35.58444839977386],[114.47416130010402,35.577154399755784],[114.47437940008933,35.57347809983452],[114.47626689989761,35.57278660032142],[114.46728850026409,35.56836230008014],[114.46626819961773,35.56336400034837],[114.4515014997944,35.557740500024124],[114.45036210013086,35.554496700262575],[114.44754900008638,35.555344299599824],[114.44540259985013,35.55176949986259],[114.44217680001941,35.55234169980963],[114.43998729977409,35.54962690016134],[114.43752280033698,35.54952360043387],[114.43560449964798,35.54714709965896],[114.42518920012151,35.542610000151456],[114.42438229960351,35.540083399829086],[114.41540900002542,35.53341520025134],[114.41185020012665,35.53106319970698],[114.40927799968006,35.53120190034747],[114.40869840011112,35.530049900282734],[114.41209760002425,35.52851799960604],[114.4092767001597,35.52821159968562],[114.4069326001594,35.52570079955228],[114.40293129963982,35.527286399647664],[114.3942567998115,35.51747140028493],[114.38730859991199,35.51324489963247],[114.38571290043012,35.51005669955708],[114.39035489955904,35.50816740020542],[114.39267589957319,35.50143630024513],[114.39644749975241,35.502381100107755],[114.39833329984197,35.4995468003446],[114.39760800020906,35.49494080017786],[114.40123450017211,35.49364169980464],[114.40326539957857,35.489153500034035],[114.41066349972084,35.48655499981345],[114.41460309955346,35.48259770042358],[114.4199827999663,35.473731900406904],[114.42063130019437,35.46136090008554],[114.41671779958688,35.45187389966077],[114.40431979981895,35.43556190016159],[114.4030838003772,35.43025990027422],[114.4043732995882,35.39702590012524],[114.39990979969753,35.368487899796776],[114.4049832998395,35.3585013997199],[114.41812879990425,35.34936540019311],[114.42308029981609,35.343044400079066],[114.41960879980638,35.33746740010048],[114.40886679996288,35.33128340000894],[114.40265630044792,35.32381440001461],[114.39856779986417,35.31134040033925],[114.39544679982998,35.28489290018723],[114.39160930002924,35.273341899908814],[114.39663679984847,35.264270899782275],[114.41175079985953,35.25472240011874],[114.41523729966173,35.2502019002975],[114.42089829991664,35.22944640003141],[114.42443080004148,35.22355289984648],[114.43491379963223,35.21895189991028],[114.44615179986579,35.21688790005658],[114.46349330007581,35.216781399641945],[114.47308329985447,35.21353540013865],[114.47850779999499,35.20974339973816],[114.48184179995917,35.212344900097094],[114.48877729963272,35.22349539989284],[114.49639880036443,35.230758400280024],[114.50325780010746,35.235481400446304],[114.5245513000026,35.243472900254176],[114.53579729970568,35.251033899994525],[114.54390729958232,35.260825900095256],[114.55285630037804,35.28049839988131],[114.55857080040221,35.286571400249954],[114.56771080011345,35.28996290016778],[114.58329030000743,35.29301090043276],[114.6026687997254,35.30049140005809],[114.62019330028068,35.30403439976777],[114.62970730015184,35.30375290027615],[114.64549229962995,35.299690399992016],[114.66425329965011,35.29935089962436],[114.67703229990082,35.302566400419096],[114.68560030021376,35.30639239968957],[114.69162730025971,35.311321400362374],[114.69403079958181,35.31572340011485],[114.69523630031506,35.32285689992602],[114.69257329981804,35.32854090034232],[114.69223779963477,35.341152400063265],[114.69571679999035,35.34717940010927],[114.69954730036773,35.35023089963636],[114.70484179990922,35.351470900161985],[114.70712279987742,35.35013939991342],[114.73117830033834,35.35057040000402],[114.7497862995981,35.345397899793284],[114.7548293001322,35.3452603997477],[114.79364779970626,35.359931900037225],[114.82199880040434,35.379459400331086],[114.84439780001856,35.39084990040266],[114.85942080032976,35.39477539976497],[114.86979680038212,35.394264399582426],[114.87966130022892,35.39167789991518],[114.89308979985447,35.39235689975118],[114.91105630010827,35.39059040012694],[114.93206030014278,35.3907049000112],[114.94563280011369,35.38519290033213],[114.94699079978568,35.398975400094685],[114.95435330026464,35.40758140036138],[114.97173329955217,35.41932689971668],[114.97805030038114,35.424472899604666],[114.97884380010134,35.42678089991864],[114.97467780044019,35.437034399717845],[114.96243279963403,35.445552900446046],[114.95516179977733,35.456447400127445],[114.95526129986911,35.46447739991214],[114.96418779962733,35.47814939997488],[114.96540079980707,35.48642740040424],[114.96312680016172,35.49923340010139],[114.95894629983195,35.51040239985093],[114.95979330022067,35.54596689955281],[114.95748880006818,35.572532399750514],[114.95424629982699,35.57867439970386],[114.9474562996686,35.581085400271036],[114.9302367996886,35.58493789986426],[114.91847230035648,35.58428590037403],[114.90804279963561,35.585948899721984],[114.89388329957467,35.591449899793076],[114.88078329980954,35.59879640043357],[114.87760930002923,35.602187900351396],[114.87609080015034,35.60697539989485],[114.87342080022984,35.6241303995983],[114.87465679967158,35.63080189968798],[114.88475779963278,35.643126899686706],[114.87867729981758,35.65036439979724],[114.8709868004006,35.654819900218286],[114.81820680000385,35.66424939979004],[114.80020129975026,35.676090399952045],[114.78797930000474,35.68161390016144],[114.78124229959246,35.681266900347225],[114.75331130027632,35.674583399704204],[114.74207280001974,35.674388899728],[114.72759230044437,35.68009190012117],[114.70510879963149,35.69416439976726]]]}},{"type":"Feature","properties":{"shapeName":"Luolong District","shapeISO":"","shapeID":"62558664B71788995104860","shapeGroup":"CHN","shapeType":"ADM3"},"geometry":{"type":"Polygon","coordinates":[[[112.49396480003554,34.67077860035215],[112.46019199986097,34.66823660003911],[112.42134940025471,34.64274059969898],[112.39597480029681,34.609980599824894],[112.37909240039403,34.60563839959252],[112.36405650020743,34.60911220006801],[112.35904460002837,34.616276499860646],[112.35930839996274,34.622571800048604],[112.34822930004225,34.63233960029237],[112.31077149990483,34.634075899783],[112.28387000040027,34.64080799978939],[112.28022780007302,34.63362489966943],[112.26193980028165,34.627116899925056],[112.26557929994476,34.62370289986899],[112.26795179963585,34.6049423998719],[112.26466430001744,34.565769400137754],[112.27638229990328,34.557132900263184],[112.28885629957858,34.559947899675876],[112.30210129973523,34.566104900320965],[112.30390180002814,34.56818790015154],[112.33119180036135,34.56874439973433],[112.36654680029471,34.59523390002454],[112.37503829977777,34.59552389990813],[112.39053330027161,34.59271990010336],[112.4016268001368,34.59391390030629],[112.41220829977328,34.58914890000176],[112.42921970022905,34.561065700321876],[112.44206600034568,34.559478699982094],[112.44547710008817,34.559645499939904],[112.45466949969773,34.55225070030963],[112.46323490007069,34.55202919998766],[112.48088680038563,34.55546770027422],[112.49428640029714,34.559353599788835],[112.50225830028035,34.5662229003666],[112.49936680003782,34.593311400400864],[112.50186930032805,34.61107640035567],[112.5049677003991,34.615368500256125],[112.53661329996385,34.629512899800545],[112.55717120029067,34.634557400403764],[112.5658723002665,34.639777900130014],[112.56907629963155,34.644111400320924],[112.57056949978266,34.65007829957392],[112.56124320011361,34.66572810037161],[112.55378219958891,34.695178399963254],[112.5754192000361,34.71173959980274],[112.5843723997665,34.7092862996231],[112.60787460043252,34.7092862996231],[112.60973989957677,34.714806100021576],[112.60638240032756,34.724311600400085],[112.59496430006243,34.73208500022264],[112.57110640044004,34.73030449995275],[112.55264129985619,34.745695299598424],[112.5394520001098,34.73637440035833],[112.50341140021601,34.734751800355355],[112.49892709990581,34.727814600063766],[112.4994545999499,34.72065989963471],[112.51578289966119,34.711791700226854],[112.53367519955088,34.710543300033294],[112.54333679975355,34.69640530006461],[112.54165619977391,34.689653200035195],[112.52623000011442,34.68759640015378],[112.5189504998657,34.68418120040212],[112.50272759979896,34.671870499623935],[112.49396480003554,34.67077860035215]]]}},{"type":"Feature","properties":{"shapeName":"Luoshan County","shapeISO":"","shapeID":"62558664B33774010543726","shapeGroup":"CHN","shapeType":"ADM3"},"geometry":{"type":"Polygon","coordinates":[[[114.67955070020469,32.19201059970948],[114.67811099982282,32.199020100097584],[114.67942049995622,32.20082070021522],[114.68351249980208,32.20513490005567],[114.69225130025734,32.20657849989789],[114.6949148997029,32.2098838996223],[114.69542139967791,32.217837299651706],[114.70242880014905,32.22143749984082],[114.70378689964582,32.22430979955766],[114.70580800003927,32.22445229983384],[114.70970609975677,32.22819939978251],[114.70759020002777,32.23267400000515],[114.70411440035934,32.23546710002671],[114.69418040000551,32.23968639980757],[114.69817639992095,32.25805510026271],[114.68804839961399,32.26518609995861],[114.69209730035016,32.271506199851274],[114.70277060008323,32.274573299917904],[114.70658780038673,32.28584849970855],[114.70899110005928,32.306052100424154],[114.69803520006451,32.28583120034966],[114.69467850031265,32.284412199663336],[114.67659280031751,32.282966599728866],[114.6741149000826,32.284362999552854],[114.67294890027154,32.287320400316275],[114.67379119990403,32.29045340000448],[114.68221190025906,32.300751800255455],[114.68221190025906,32.30360280042896],[114.6764612996493,32.31052090001958],[114.67358330002935,32.311129000003405],[114.65729920019794,32.30256490005013],[114.63226409970855,32.313739099679765],[114.62494110015166,32.311823399830075],[114.61717479957736,32.30149140000816],[114.61436009963893,32.29981199972406],[114.61036640018926,32.30065599997448],[114.59882040014145,32.30821739991313],[114.59102889966402,32.30590540031403],[114.58120510043511,32.309593699889376],[114.57509169982211,32.31149480014494],[114.56556530009857,32.310528400365456],[114.56225340007438,32.308017899706385],[114.5572665001489,32.29974660012556],[114.54661840031895,32.290374899981714],[114.53558389957732,32.286159200187],[114.53276680024771,32.286159200187],[114.52874029982502,32.28997889970651],[114.52202469968017,32.29932149958756],[114.51625509999292,32.30162809965714],[114.50536749991022,32.302858699569356],[114.50255089970437,32.301587899961646],[114.49390729968218,32.3014133001837],[114.49133600035623,32.29865389955785],[114.49149449957156,32.287643100448804],[114.48599949977711,32.28490510009033],[114.48251790038091,32.285318700098],[114.48179829975174,32.28749259980367],[114.47590300002355,32.289387699782594],[114.47280040011844,32.29355139987723],[114.46434469994801,32.29690709958305],[114.45977170040373,32.29497439984874],[114.45699830003161,32.28957389991558],[114.44933709962754,32.28330119969064],[114.44253469961677,32.28033759990035],[114.43938780000701,32.28167659959547],[114.43057980031756,32.29075810020623],[114.42513380008484,32.28927519999053],[114.41724729972316,32.27943849998684],[114.41444970039345,32.27943849998684],[114.40194780015088,32.29074360043688],[114.38916059988185,32.29409920031787],[114.38436970000168,32.29236349977572],[114.3802669001974,32.29380859968717],[114.37016480036527,32.29365590019967],[114.36712250000346,32.29508469989901],[114.36329630018417,32.2910804001404],[114.36673779970977,32.2883603997127],[114.36681379961726,32.28583890034503],[114.36432630001877,32.269259900224256],[114.36181630028204,32.263007899694855],[114.34779430026686,32.25352490035391],[114.33252730039464,32.24010840038244],[114.32566829975224,32.225730900160954],[114.31419380030366,32.22157690015388],[114.30531329996893,32.22068789962691],[114.29799629978947,32.2212143996249],[114.29144279974548,32.22405240009823],[114.27297229963199,32.22776789966889],[114.27027130008048,32.22771039971525],[114.2686997995562,32.226066400344166],[114.27345280020666,32.203223900062994],[114.27210229998127,32.19447340032724],[114.26712779990805,32.18059139957347],[114.2682878003418,32.17809290036712],[114.28547679981455,32.17159640025375],[114.29499029966269,32.160335399858866],[114.30256630009478,32.1595839002768],[114.30792229977442,32.160850400225854],[114.31265280028651,32.159377899770334],[114.31452730039462,32.1574067000592],[114.31381610033282,32.15439609990017],[114.31963530032886,32.15253489986577],[114.32021720036357,32.148812399972314],[114.3237732995982,32.144761300393725],[114.32222160034667,32.14043629969552],[114.31944130037573,32.13934129956135],[114.31013060034695,32.14043629969552],[114.30609890004428,32.13644420013975],[114.29726380018428,32.13211420011032],[114.29169140023794,32.131803899830174],[114.28756489970044,32.13319559979715],[114.27786230030495,32.12071240005724],[114.27587879966688,32.11492939957219],[114.27451329964913,32.10686489999517],[114.27697679993946,32.09659590038058],[114.27613079959679,32.089004900156056],[114.26101679958572,32.08063139981931],[114.25009929974294,32.07670989974213],[114.23226180004212,32.06092840042538],[114.22132880038384,32.04874439973429],[114.20258330017919,32.03660940040356],[114.19898979993934,32.03078839996476],[114.20072179977126,32.01866890044943],[114.19609080025032,32.01167689996902],[114.19139879971488,32.006748400218555],[114.16796880022002,31.992423899743244],[114.16658030004089,31.98703939964861],[114.16644279999525,31.96835390041224],[114.16470329981746,31.958713400103363],[114.1659467996052,31.947273400447102],[114.169021800216,31.93974689959981],[114.18086230035499,31.921779400199227],[114.1966627996485,31.909124400270912],[114.20423830005757,31.88744140040035],[114.20117930018466,31.875722899592176],[114.19014729955825,31.857734400122524],[114.18209839962151,31.853647199958345],[114.2341231997259,31.834775899887916],[114.29116059968203,31.75209430031174],[114.33769990043015,31.757757199934872],[114.37521359972789,31.74293710016707],[114.44715880043839,31.733112299992683],[114.4982605004218,31.73886870033033],[114.50493620034547,31.770940799778145],[114.52852629984898,31.741426499933084],[114.54409029992746,31.7611694004475],[114.56722260044273,31.76739310021145],[114.5641172998736,31.770824399626406],[114.56295780036226,31.778604399573453],[114.56331629980741,31.794187399628868],[114.56128679974609,31.808372399966345],[114.56279730015535,31.817550399631273],[114.5720978000735,31.82793640014478],[114.57037329968807,31.838229899989926],[114.56627629961156,31.843469399693106],[114.56485729982455,31.851015399641028],[114.57462329962561,31.86827839982834],[114.5774767999144,31.878152900136286],[114.58569330020566,31.889444400138984],[114.59042379981861,31.900249400189693],[114.59145329963019,31.904380900058527],[114.5894623004449,31.914445900158228],[114.58258830001012,31.92813490010559],[114.56286629974,31.934387399758748],[114.55744179959947,31.938926899556805],[114.56063080007141,31.942619399865464],[114.56572730037465,31.9435748998618],[114.56597880028141,31.945869399553203],[114.5626983000866,31.950424400066083],[114.5401923998594,31.962679400434013],[114.5414663003296,31.965458499809984],[114.53784960027895,31.98092990029471],[114.54521540037047,31.98545090013897],[114.545561099765,31.988236599639436],[114.54833290024317,31.990310900327813],[114.55461109982241,31.989333800414613],[114.556444900212,31.993254500095134],[114.56416010040834,31.99208979980449],[114.56635610005401,31.99348659982678],[114.56377449989327,32.0019977998586],[114.56893589977199,32.010473300402566],[114.56652270036238,32.014364799995576],[114.56734330025313,32.016173799781086],[114.57256060019165,32.01931219989814],[114.58410090033635,32.01871570026941],[114.5860194996003,32.02122970019059],[114.59514989994796,32.02621350015295],[114.59792619973439,32.03382980010525],[114.59843099999068,32.04965869998904],[114.60460170000852,32.05459810042203],[114.60597490002169,32.05896239969502],[114.60872690012638,32.06114899962671],[114.60992810030166,32.07245879993371],[114.61405390026732,32.07362419989698],[114.61439470015534,32.077955699995584],[114.6172417001444,32.07809749969988],[114.61954410038004,32.0855643997773],[114.62265380043266,32.08688179955544],[114.62230209986205,32.095932000161724],[114.62655989961968,32.10271380030167],[114.63585609987922,32.10784629956714],[114.63637289978954,32.11207809992442],[114.64128739979378,32.120707999674494],[114.65429589983592,32.12055120017777],[114.65699990042515,32.12299409969802],[114.65095159993643,32.136048400413415],[114.64583320024201,32.14209059990134],[114.65113539977892,32.14884720013822],[114.65182359967946,32.15540080000699],[114.65592259984817,32.16306470017582],[114.66717309975877,32.17128969995974],[114.67404560012437,32.17230779996504],[114.67772099982437,32.17512240007875],[114.68135790044676,32.185265300353365],[114.67955070020469,32.19201059970948]]]}},{"type":"Feature","properties":{"shapeName":"Zhengyang County","shapeISO":"","shapeID":"62558664B39493468730668","shapeGroup":"CHN","shapeType":"ADM3"},"geometry":{"type":"Polygon","coordinates":[[[114.89932230038391,32.655132399940385],[114.86377729978267,32.671939399783525],[114.8487928003475,32.67488890000277],[114.84179679968258,32.672241400220514],[114.83721929993078,32.65976739964583],[114.83329779985365,32.65830589969755],[114.83754679974504,32.64863589982696],[114.82691929978591,32.644336900327744],[114.81967929956011,32.654247399597864],[114.8111262999389,32.643180900078505],[114.78450779999503,32.63836290002786],[114.77477279982486,32.64277640031065],[114.75573030031319,32.638965399933284],[114.74192829965136,32.64546190004671],[114.73410779963535,32.651698899884366],[114.71974930029,32.65589890021414],[114.72312180023096,32.66786940005284],[114.71711730032325,32.667426900331236],[114.70706930010817,32.66255190034997],[114.70446779974918,32.66450140031941],[114.70034030006491,32.67753989994645],[114.69778940006086,32.67947249985605],[114.69627259990068,32.678621299633335],[114.69095779996258,32.68713110032007],[114.68730030036863,32.68713110032007],[114.68592410021711,32.681337899724326],[114.68336629971498,32.679615599980025],[114.6753238002533,32.67889560005193],[114.66538900040212,32.68379639978406],[114.66454379955678,32.68536149983339],[114.66642599966019,32.68929820025181],[114.66074569995419,32.68929820025181],[114.65609440003664,32.69421380012682],[114.65179749955507,32.69291199998884],[114.64426329961168,32.693634699681695],[114.63775510021776,32.70040619988629],[114.63809509970918,32.704268299742296],[114.63983490026055,32.70500030022373],[114.63431569970987,32.709802000062325],[114.6286605000821,32.71859719970104],[114.62949440004661,32.720289400035824],[114.63396829969736,32.7197102995907],[114.63467250033568,32.72119130043819],[114.63157899977114,32.72797680038906],[114.63570750040094,32.730144699818084],[114.63346799964847,32.73403320017212],[114.63552890043843,32.73721609964332],[114.63517540032456,32.738405300164516],[114.62505560003592,32.739548899662054],[114.62694479956292,32.74254879968743],[114.62624600025276,32.74649279990285],[114.61625680041107,32.74244819972466],[114.61353560028783,32.74244819972466],[114.61149099970999,32.74474110042149],[114.61063830031742,32.74717939990944],[114.61286090011049,32.75163690042268],[114.61972819969674,32.75669179988671],[114.62058960003003,32.76063890006526],[114.61335150007176,32.75832920003262],[114.60390460041708,32.76107369979144],[114.59858950010539,32.75934539977044],[114.59672360021409,32.76077189990332],[114.59415980033452,32.76450869991663],[114.59568409994131,32.77897550011926],[114.57912900020324,32.772527299895046],[114.56849879957997,32.77832590002032],[114.5667050001357,32.783473800175784],[114.57634959955442,32.78463650037423],[114.58162679973702,32.78381219977325],[114.58380259971022,32.785204100289036],[114.58393930025852,32.790203499891675],[114.57543359958106,32.789790200257585],[114.57390489959153,32.79236039971272],[114.57637530037982,32.79584800028505],[114.57464600031278,32.79780399965489],[114.57140400009462,32.79549209988056],[114.56120509993548,32.79604570004909],[114.55625179958099,32.793592200219905],[114.5444894999905,32.79799650043822],[114.53535339973962,32.798101400059636],[114.52993780018937,32.793187599728014],[114.52374479968285,32.79140649961033],[114.51749310042635,32.78620659975485],[114.51359940019222,32.78509039990206],[114.51223299995308,32.781859599840686],[114.50682949988152,32.780288899713014],[114.50482280033202,32.78141810016524],[114.4993619001317,32.77776690032226],[114.49437259991566,32.77789070009578],[114.49109259974375,32.77414570006408],[114.48924900034115,32.775145499765074],[114.4871269996114,32.77360360042587],[114.47692849965063,32.772091699772204],[114.47444200009829,32.772975399694985],[114.47389469968073,32.77601619998768],[114.47105050018047,32.77652029967214],[114.46838000023683,32.77608359967843],[114.46510999962686,32.772141399905706],[114.46335799977192,32.7745593000717],[114.46273439997265,32.77363729982159],[114.4599120000388,32.77498689982559],[114.45727470036718,32.77268889997282],[114.45235350041378,32.776203499991595],[114.45237229984184,32.77502599965021],[114.44686109966005,32.77385460030962],[114.44800760037049,32.77193380040461],[114.44444199979853,32.77106720019117],[114.44398610017845,32.768515800164096],[114.43903250034964,32.76810489992124],[114.43580630032056,32.7600823995831],[114.42147080023733,32.761146400086375],[114.41545029959173,32.75243390030431],[114.41619129958883,32.73521440032437],[114.40611279976599,32.7299538996528],[114.39981829997464,32.721473899800685],[114.38404079994302,32.718974899671935],[114.36299879995477,32.68870939971907],[114.34446729972615,32.672897399895135],[114.32187630025112,32.66075890040298],[114.31775680003636,32.6497458997535],[114.30336780018388,32.64701090043275],[114.28595730038921,32.63899240027911],[114.27172130039776,32.647502899739095],[114.26761629995235,32.64855939989644],[114.24987029997442,32.64356990003091],[114.23702280016221,32.64694990031768],[114.22618080020379,32.64670189967296],[114.21317280018468,32.63854190018861],[114.21556079969116,32.631480900123506],[114.21263879984076,32.620857400348825],[114.21546929996828,32.61702339981008],[114.22601329967415,32.609454899723914],[114.2280197995741,32.605830899876196],[114.22361729979866,32.59058390002701],[114.22688280020111,32.5817068998536],[114.22511280041545,32.57753740003102],[114.23097279995477,32.57193389972974],[114.2317808003437,32.56322840027053],[114.23008729958929,32.5480423996371],[114.23516079973115,32.53301239990236],[114.22902680014681,32.529887899706864],[114.21067029989445,32.527866400014375],[114.20829029985748,32.52597439999863],[114.20192729960525,32.51297390032528],[114.19560979965263,32.50709539993284],[114.18524930031504,32.500888899703],[114.18245680014127,32.4973218997859],[114.18657680037904,32.495811400275954],[114.1905668000179,32.489475400369486],[114.19268779980223,32.47368639980755],[114.19493079981658,32.47121039984012],[114.20168280002122,32.47205740022889],[114.2044067997341,32.47096990044059],[114.20477280042451,32.4682233996902],[114.20025579986532,32.45664589998836],[114.20720680025374,32.451064899825326],[114.21321080013843,32.44959639955425],[114.22561630025211,32.45951840025401],[114.24033329994188,32.46512990002492],[114.24286629983987,32.46197490022149],[114.2448273003397,32.45077139978031],[114.24196629970504,32.43261739987315],[114.24767280025958,32.42620840019754],[114.25852980001036,32.41912439997111],[114.25556930018308,32.413376400200775],[114.26859280001781,32.40744790020051],[114.27023330012673,32.4005659002961],[114.2753982999916,32.39300489965643],[114.27576739974575,32.38822200014522],[114.27783010007909,32.38618980031907],[114.28095799971197,32.38604310020895],[114.28322609980478,32.371283999656896],[114.28184440029895,32.36761529990622],[114.2914934999252,32.367349999902615],[114.29572430023632,32.368636400049866],[114.30206330028113,32.37472550008181],[114.30540150007926,32.37546740030035],[114.30823179965785,32.375019299601036],[114.3096064997402,32.37313239964061],[114.31799030001241,32.372420200431975],[114.32212289975212,32.36892970044539],[114.32663640014982,32.3679414003754],[114.32834839995871,32.37011039967524],[114.33847109966155,32.36746260041872],[114.34123520014441,32.35422249976858],[114.34381880039734,32.350439499783135],[114.34279029973266,32.34012950007644],[114.3439998995758,32.33764720035805],[114.34194059957906,32.334602200231416],[114.34467459975303,32.328091200348695],[114.34416409959363,32.3243525000679],[114.34838190020457,32.321073499942145],[114.35765300038577,32.319185400286074],[114.36149009998815,32.316384899743355],[114.36183249977012,32.313201799723345],[114.3657867999209,32.311022299939225],[114.36391799971602,32.304872599990574],[114.36712250000346,32.29508469989901],[114.37016480036527,32.29365590019967],[114.3802669001974,32.29380859968717],[114.38436970000168,32.29236349977572],[114.38916059988185,32.29409920031787],[114.40194780015088,32.29074360043688],[114.41444970039345,32.27943849998684],[114.41724729972316,32.27943849998684],[114.42513380008484,32.28927519999053],[114.43057980031756,32.29075810020623],[114.43938780000701,32.28167659959547],[114.44253469961677,32.28033759990035],[114.44933709962754,32.28330119969064],[114.45699830003161,32.28957389991558],[114.45977170040373,32.29497439984874],[114.46434469994801,32.29690709958305],[114.47280040011844,32.29355139987723],[114.47590300002355,32.289387699782594],[114.48179829975174,32.28749259980367],[114.48251790038091,32.285318700098],[114.48599949977711,32.28490510009033],[114.49149449957156,32.287643100448804],[114.49133600035623,32.29865389955785],[114.49390729968218,32.3014133001837],[114.50255089970437,32.301587899961646],[114.50536749991022,32.302858699569356],[114.51625509999292,32.30162809965714],[114.52202469968017,32.29932149958756],[114.52874029982502,32.28997889970651],[114.53276680024771,32.286159200187],[114.53558389957732,32.286159200187],[114.54661840031895,32.290374899981714],[114.5572665001489,32.29974660012556],[114.56225340007438,32.308017899706385],[114.56556530009857,32.310528400365456],[114.57509169982211,32.31149480014494],[114.58120510043511,32.309593699889376],[114.5848237996787,32.3170204002713],[114.62111679970064,32.3484608995509],[114.64064029981,32.37507990041712],[114.63633730012634,32.39068989991898],[114.59844179994911,32.40882489984932],[114.5930327996241,32.416629900049884],[114.58654079971825,32.42144790010059],[114.57000729989704,32.42419790011303],[114.56217180008855,32.43452439968138],[114.56630680011881,32.44289389983368],[114.57788830000516,32.45505889964858],[114.56178280013614,32.479755399991745],[114.56365980035957,32.510314399989625],[114.56597880028141,32.51472089994962],[114.57644630005677,32.518142900374585],[114.59108729983905,32.51751340012339],[114.60932930020715,32.513969900390634],[114.61685179997062,32.51618189987482],[114.6325227995876,32.527957899737316],[114.64003729988156,32.53062839968095],[114.64955129975272,32.5292053997095],[114.66906730041569,32.518329399981894],[114.68213629965055,32.51559439976177],[114.68753829965283,32.516387900381346],[114.69815079981959,32.524848900256586],[114.6989132999089,32.53748340013885],[114.70146129959937,32.54349839963152],[114.70648930034099,32.548183399844106],[114.7099763001662,32.54939289986248],[114.71542379956873,32.54857990014233],[114.71820830027286,32.54564689978463],[114.71991729994352,32.54223639988999],[114.72148130012192,32.52344490026201],[114.72675330042455,32.51872240011875],[114.74314129983122,32.52384539984536],[114.7610777996008,32.51063540040343],[114.7681733003576,32.508468400296465],[114.77517679956975,32.50951339992349],[114.78373730043609,32.51379789965341],[114.78521730033822,32.51956190016159],[114.77452029987205,32.53635390021236],[114.77384180005913,32.54161840016906],[114.77935029957678,32.549061399863774],[114.78363029999844,32.551204399763265],[114.79711130024634,32.553970399614286],[114.79889679984751,32.558364899920264],[114.79862980012524,32.580390900319856],[114.79309830044622,32.58465189986532],[114.78275280000173,32.58699039978717],[114.77715279986194,32.59423440019748],[114.77635930014162,32.603858899768454],[114.78018180014999,32.61379640028372],[114.79543280018368,32.622329899905026],[114.80970780017492,32.62580089989166],[114.81973280022862,32.626666900257305],[114.85877230010158,32.62666340009588],[114.87309280039244,32.61727539973998],[114.8803863003875,32.61808790033638],[114.88627630041094,32.62140290032363],[114.88970930044388,32.625591400123085],[114.89488229977837,32.647712900430065],[114.89932230038391,32.655132399940385]]]}},{"type":"Feature","properties":{"shapeName":"Xinzheng City","shapeISO":"","shapeID":"62558664B83553836132637","shapeGroup":"CHN","shapeType":"ADM3"},"geometry":{"type":"Polygon","coordinates":[[[113.88172130009798,34.33020039972871],[113.8710632996316,34.36760689983862],[113.87671680044002,34.37855540021161],[113.87763979983697,34.38656239983493],[113.87066630020968,34.408138400167104],[113.87021630014215,34.41707240027108],[113.87109380013885,34.42141740009299],[113.88292679993197,34.439643899746216],[113.89115620009864,34.44290670038396],[113.89565429960635,34.46029810037709],[113.89934550039459,34.461418099865455],[113.89867759999129,34.462992900002405],[113.89283570020746,34.46490859985204],[113.88500209976712,34.46556539992332],[113.87803160027818,34.46961550035513],[113.87889459960616,34.474705299809784],[113.87404840041336,34.48138170030529],[113.88088620043789,34.48816710043138],[113.8822802997961,34.49943830003758],[113.88427189972845,34.50283029997843],[113.88214749960753,34.50791800041543],[113.88433830027236,34.509832700218965],[113.88407269989523,34.51355239962362],[113.8863962000247,34.51677980024766],[113.88493570012247,34.518803600405874],[113.88652900021327,34.52263240016521],[113.88586509999448,34.52695320013015],[113.8794921001803,34.53335199969507],[113.87630559982358,34.533461400423334],[113.87345099966399,34.53039879966491],[113.86694509983658,34.53231300034474],[113.86488720008424,34.53575830040529],[113.86170059990286,34.53668799975145],[113.85512840025558,34.53171139976132],[113.85200830044278,34.531055099713114],[113.85008310015496,34.53307860039712],[113.84915370028307,34.539258200105905],[113.85114530021553,34.54401560023979],[113.84782599967025,34.54592949964672],[113.84616629993491,34.54986629988986],[113.8420503997063,34.5511239001479],[113.84151929967595,34.555826000069885],[113.84317900031067,34.55834100003716],[113.84098819964572,34.56380800033901],[113.84722849999537,34.57211720004881],[113.84922009992772,34.57184389967625],[113.85008310015496,34.56938400027144],[113.85300409995932,34.5687279996975],[113.85559309974178,34.57009459958613],[113.85552670009724,34.573975700318385],[113.85174270006564,34.57539689984708],[113.85187550025421,34.57665409990682],[113.85811579970448,34.57840320034745],[113.85599139958344,34.58616439996712],[113.85220739955196,34.587148199829585],[113.84855619970892,34.58539929993782],[113.84716210035072,34.58807730022727],[113.84231590025865,34.58840520023983],[113.83979330012073,34.59102850016518],[113.83992599958526,34.595618999617216],[113.83335379993798,34.598406000436626],[113.83421680016522,34.60004529995069],[113.8392622000905,34.6014661001804],[113.8392622000905,34.607421999825476],[113.82220099967651,34.60556420012779],[113.81151279997584,34.61430640002038],[113.80175409997184,34.618185399936294],[113.80089109974449,34.621299399647626],[113.79597850000778,34.621954900198546],[113.79471719993887,34.61927799977991],[113.79279199965117,34.618895599952054],[113.78887520033027,34.624740999897256],[113.78456010026844,34.623976200241486],[113.78416180042677,34.62135400018701],[113.78183830029741,34.6209716003591],[113.7742703002342,34.62168180037486],[113.7694904997868,34.62463179971786],[113.76019650016838,34.6239215997021],[113.75774019985045,34.622828999858484],[113.75269489974994,34.61518049968038],[113.74127650001049,34.614470299664674],[113.7396831999198,34.62332069969057],[113.74207309969381,34.62463179971786],[113.74167479985215,34.627199300307495],[113.73357569975883,34.62758170013541],[113.72979169972723,34.62539660027295],[113.71857249982111,34.628619599614865],[113.71472210014485,34.644022600362746],[113.70715410008177,34.646207200202184],[113.70244070017827,34.65145010024196],[113.6987893996112,34.65030320023254],[113.68896429996255,34.65401669971095],[113.68869880030945,34.65046700005206],[113.68551220012796,34.64697180020846],[113.68531310011952,34.63763240011525],[113.68384419965014,34.636489199916696],[113.68139629989935,34.637741600294646],[113.68013499983044,34.63550210044161],[113.67508959990516,34.63430050006809],[113.66858379990254,34.64134639961668],[113.66221080008836,34.64271189963449],[113.66075030018624,34.64577029965966],[113.65709899961917,34.64566110037953],[113.64880080041667,34.641401000156065],[113.64687560012885,34.64118259979722],[113.64368909977225,34.6461525996628],[113.64143190036202,34.64598879984328],[113.64096719997633,34.64309419963763],[113.63359839974646,34.64325800035647],[113.6286194003651,34.64074560032924],[113.62211360036247,34.64101870015293],[113.61773209975661,34.63768699975526],[113.61388179990524,34.629821299813216],[113.61003140022899,34.62818260014694],[113.60545069979003,34.62823719978701],[113.60213140014412,34.6313508001993],[113.59522730029971,34.629493600349406],[113.5926381997931,34.623976200241486],[113.59469620026948,34.620042900159774],[113.5942314998839,34.61649170043171],[113.59117769989098,34.61457949984407],[113.59117769989098,34.612885800339484],[113.60000709984786,34.60988080025879],[113.60146759974998,34.607421999825476],[113.59701970039896,34.60337860024225],[113.59283739962632,34.607203499641855],[113.58878789994174,34.60485390028731],[113.58440640023525,34.605072500295705],[113.57763499985538,34.61403320037198],[113.57398380001246,34.612175600323724],[113.57230250036014,34.608223599739404],[113.57913020009869,34.60239170041672],[113.57539430030681,34.58765130036727],[113.57655369999327,34.58563620025052],[113.58724610042725,34.585211999933904],[113.58853439994266,34.58181799990081],[113.59381620015756,34.580969500342235],[113.59768089995362,34.57312040008645],[113.59768089995362,34.56463399975934],[113.60051500006728,34.56113319983734],[113.6047661997004,34.561027099621015],[113.60399329985091,34.56304269976084],[113.60953270007406,34.567498300006605],[113.61339749969488,34.5604966003379],[113.61571629996729,34.56017829968886],[113.61945219975928,34.56357319994328],[113.62743930008367,34.56166360019506],[113.63194820044919,34.565058399725444],[113.64135229956901,34.56113319983734],[113.64367119966619,34.557526000224755],[113.65964540031507,34.552539499598254],[113.66003180032737,34.54850749982131],[113.6556517997908,34.54797699963888],[113.65475009993725,34.54617319973346],[113.65616709963206,34.54394490003716],[113.66557130037529,34.53885139987227],[113.6642829999605,34.52961860001841],[113.65848599972912,34.522719899703645],[113.65848599972912,34.52059710037594],[113.66106240000977,34.51773120023478],[113.66582890038353,34.515926699757415],[113.66776129974426,34.51136230042988],[113.6680188997525,34.50127719958317],[113.67162600043957,34.496287199694564],[113.66209299969228,34.493632900138266],[113.6619641996881,34.48588170008043],[113.6649271996306,34.48513839961748],[113.66544250037111,34.48354560044913],[113.66273720026163,34.48163420025821],[113.65346180042184,34.48620020037902],[113.6503699995759,34.48609410016263],[113.64547470009734,34.48322700032588],[113.64779350036986,34.479404100119154],[113.64714939962516,34.471439199559484],[113.65152940016173,34.46559779979867],[113.6512718001535,34.46049949995199],[113.64268939989597,34.45931819997497],[113.64323589991693,34.45674899966667],[113.63745150008674,34.45269289985748],[113.63280580024752,34.45190419981901],[113.62274009957605,34.45780049959342],[113.62082720021522,34.453669399922944],[113.62483519978468,34.44773520001951],[113.6292988003994,34.44649570041628],[113.6288433000783,34.44533140032394],[113.62164699970936,34.44469279983292],[113.61936969955207,34.441875699603884],[113.6118090001853,34.44371619994274],[113.6056603002827,34.43721790028593],[113.601287800092,34.436353900012534],[113.59992139985275,34.43391220018793],[113.5877605998719,34.42846500025962],[113.58981019978091,34.423355600080924],[113.5889448001625,34.41895980025464],[113.59345390017745,34.41584119961175],[113.59431919997121,34.40975399984728],[113.5885804002653,34.4105806998395],[113.58147520032026,34.41659270009308],[113.57596409996336,34.41490180017797],[113.56530630004579,34.423167700229214],[113.55961299974024,34.4210262003989],[113.56216360026997,34.41121949998001],[113.56954209968819,34.40723639993996],[113.56931440033941,34.40430529984974],[113.56193590002181,34.40302759974401],[113.56325670013666,34.398630700046795],[113.56093379985509,34.39536099981035],[113.55387420003433,34.39299329980099],[113.55187010042482,34.3896105997494],[113.55273550004335,34.38581440041429],[113.54649569971684,34.38498749987326],[113.54435500028308,34.38329600011036],[113.5468145003889,34.379010899633386],[113.54490160012881,34.37716890012467],[113.53328730016881,34.37314660043529],[113.5234492997455,34.373334500287],[113.51584310007911,34.36807139967539],[113.51379350016998,34.36186800030799],[113.5076447004426,34.35746889996983],[113.50782690039125,34.35032460020017],[113.50380890036047,34.34516389999402],[113.51184080041264,34.33041739984316],[113.51595280028153,34.325591900345955],[113.52478029997098,34.31982439967635],[113.54606630041951,34.31559739990013],[113.55381779995162,34.31579189987633],[113.57100680032363,34.32005290032117],[113.59039280038746,34.31972140032241],[113.60281380031665,34.314849899603246],[113.61409779997359,34.30791489995272],[113.63198079997403,34.294765399703465],[113.64129629968454,34.28440839962798],[113.642120299912,34.28211590002883],[113.65093229978584,34.27748489960851],[113.65921779966175,34.275375400354505],[113.6672362998155,34.27578739956891],[113.68363179956793,34.282554399565925],[113.70506280040797,34.296165400412974],[113.71597279990488,34.30983340029127],[113.72767630002124,34.31869139958849],[113.73738880005317,34.32091539962602],[113.7525863003176,34.318298400350955],[113.7620087995665,34.3189239004177],[113.78846730022576,34.33477390019539],[113.79817179988868,34.33653639963518],[113.81311029990047,34.33483140014903],[113.82778929963649,34.33495390040224],[113.85098279991632,34.328830400402694],[113.88172130009798,34.33020039972871]]]}},{"type":"Feature","properties":{"shapeName":"Yanjin County","shapeISO":"","shapeID":"62558664B72787752712280","shapeGroup":"CHN","shapeType":"ADM3"},"geometry":{"type":"Polygon","coordinates":[[[113.99755879999873,35.185149899648195],[113.9999998001507,35.173908400152584],[114.00502779999306,35.17072339986504],[114.03315730036923,35.164966399679656],[114.04827130038029,35.16440189972792],[114.06358329962961,35.158107899959646],[114.06890080023186,35.15754289998489],[114.0768507999245,35.161857400198926],[114.08361829994465,35.1601789001362],[114.0896372996217,35.15549840013114],[114.09443679971855,35.15400290041356],[114.10948929959159,35.15503690043266],[114.11963629987542,35.152057399729244],[114.1245423003869,35.1475829002307],[114.1263733002877,35.13477689963429],[114.13038580006469,35.131194899924765],[114.16190280017418,35.124336400204754],[114.17439279968801,35.117965899606645],[114.19209280024256,35.11468889957308],[114.20758080041367,35.11893440020248],[114.21705630030806,35.119602400430495],[114.23639680007227,35.11727540013965],[114.24581129985165,35.11977740040675],[114.25626379983453,35.12482090006455],[114.263862800428,35.13164139983081],[114.27790829972832,35.15557490006165],[114.29237380041059,35.17561739982318],[114.29917130001559,35.181270399709206],[114.30944829999908,35.18332690011641],[114.3320923001196,35.18288789965692],[114.3723833001493,35.17203139992921],[114.36894229974735,35.184119899813595],[114.37169629994435,35.19450390023485],[114.38330830033783,35.20804939985999],[114.39434830043376,35.23122040000152],[114.39901729990856,35.23384090033733],[114.41677080023226,35.229156400147815],[114.42089829991664,35.22944640003141],[114.41523729966173,35.2502019002975],[114.41175079985953,35.25472240011874],[114.39663679984847,35.264270899782275],[114.39160930002924,35.273341899908814],[114.39544679982998,35.28489290018723],[114.39856779986417,35.31134040033925],[114.40265630044792,35.32381440001461],[114.40886679996288,35.33128340000894],[114.41960879980638,35.33746740010048],[114.42308029981609,35.343044400079066],[114.41812879990425,35.34936540019311],[114.4049832998395,35.3585013997199],[114.39990979969753,35.368487899796776],[114.4043732995882,35.39702590012524],[114.4030838003772,35.43025990027422],[114.40431979981895,35.43556190016159],[114.41671779958688,35.45187389966077],[114.42063130019437,35.46136090008554],[114.4199827999663,35.473731900406904],[114.41460309955346,35.48259770042358],[114.41283940041808,35.48230270030945],[114.41167889996132,35.478050200256575],[114.41283940041808,35.473443000394184],[114.40877769963117,35.470725900280115],[114.40500610035133,35.47096210002093],[114.40442580021056,35.468953699853444],[114.40050919963994,35.473797399830175],[114.39804310030888,35.47119839958651],[114.39093509987504,35.473915600424675],[114.39195059994029,35.47663259981471],[114.38788890005276,35.47852269956297],[114.3820863995677,35.47722329971555],[114.38078089961891,35.47438809973107],[114.37860489999616,35.47545129983769],[114.37627579978835,35.466694100152665],[114.37251239962757,35.46198299981563],[114.3669999997503,35.462692000135746],[114.36380869971174,35.46162860037964],[114.36235810044604,35.46434609979275],[114.35728089959389,35.4652912000289],[114.3568456996694,35.468953699853444],[114.35147849983298,35.468717500112575],[114.3506080999839,35.467299700021215],[114.34538589963961,35.46600009962498],[114.34379020015763,35.46340089973177],[114.33682729993996,35.46162860037964],[114.3349414998504,35.45926550040258],[114.33465140014209,35.451230399663245],[114.32174090012245,35.443549100310804],[114.31350739994662,35.44370010007958],[114.31304180023892,35.432723899688256],[114.31020329974251,35.42486189955707],[114.30304729979309,35.411861399883776],[114.2963103002802,35.4034573999391],[114.28247079968776,35.38939639992395],[114.26352680022171,35.37751389964683],[114.24915330018473,35.37146390033877],[114.22325130000752,35.367221899870856],[114.19837929966502,35.357035899587174],[114.17397330012773,35.349834400237455],[114.17032680014177,35.34998339991404],[114.16149130008353,35.35482790028743],[114.14250929976447,35.36976640029917],[114.13181280022059,35.37158939983101],[114.12264230000221,35.36931240004725],[114.09985330038955,35.35593790021397],[114.09210980032708,35.3530084000177],[114.05726629970002,35.34852189996576],[114.0432128000308,35.3500289002136],[114.03622979996533,35.34752809964215],[114.03936269982876,35.34387880006665],[114.04213069977209,35.34387880006665],[114.04302120036812,35.33792329972056],[114.04072519970828,35.3324749000966],[114.03426110036958,35.33115760014317],[114.03224409998529,35.32442640035816],[114.03641219956342,35.32314400039536],[114.03954499960207,35.316193300380576],[114.04520990021683,35.31533530038388],[114.04422279984237,35.310537699655185],[114.04598230004319,35.3117459001532],[114.04608959995517,35.3092768996093],[114.05593869981124,35.3076921997353],[114.05744069982848,35.3068955002272],[114.05585289999135,35.304172499661206],[114.06502600014983,35.30016230034994],[114.06954289998487,35.3014669000774],[114.06944630020666,35.29855110015319],[114.07664540016515,35.30045120036266],[114.0891444999188,35.299628100356585],[114.09037829961892,35.3035246001802],[114.09447669993983,35.302684000266424],[114.09425139998223,35.279039599697796],[114.07926319983687,35.27442369979394],[114.07757880022154,35.27023679988844],[114.07496089982578,35.26932580014562],[114.07554029974506,35.267416200397406],[114.07317990043214,35.26665409960708],[114.0729332002071,35.26943100014057],[114.07125949982617,35.26799439972183],[114.06860949992858,35.270648499628635],[114.0608525001428,35.268861599783065],[114.05563830016752,35.26986889982993],[114.05288100035796,35.26574309986421],[114.05056360032995,35.26532260025783],[114.0449201998074,35.26694320016861],[114.04259199982096,35.26347430009895],[114.03697010028998,35.26678549955119],[114.03553249982508,35.26117909983566],[114.03335989963966,35.260714799648326],[114.03343500022515,35.262028799989196],[114.03094589983345,35.25836260035379],[114.02870360039094,35.25889259961383],[114.02868210029874,35.25678120009235],[114.0232479000706,35.26229159987747],[114.02237889956666,35.26053960002258],[114.02089829981674,35.26119659974336],[114.02183169987313,35.265445300160536],[114.02049060026104,35.26378959971032],[114.01973959980273,35.26616360036991],[114.0184413996509,35.26419260030832],[114.01707889977149,35.26456050036683],[114.01402109959417,35.2687476997466],[114.00216580021163,35.27079740037976],[114.0012216001968,35.26986019978847],[113.99481649998154,35.27250549982898],[113.99437660019998,35.27087629970151],[113.99053570006254,35.27219020021761],[113.98747799971,35.26993900018476],[113.98200629955113,35.27188359974838],[113.98203849977699,35.27377559976418],[113.98027899957629,35.26023289972858],[113.9812337999,35.258226800026875],[113.98419500029911,35.259374399708804],[113.98307919974536,35.25541450037895],[113.984355899805,35.25551970037395],[113.98358340015386,35.25227799963005],[113.98612619996425,35.251594600310625],[113.98527859972762,35.247958500084735],[113.98388379979758,35.246451499836894],[113.98195260013244,35.2467582001309],[113.97810099986134,35.228715299771295],[113.97605180015057,35.230161299904125],[113.97580500010076,35.22758469997399],[113.97052639967364,35.228443600192065],[113.97025820025578,35.227234199998406],[113.97168520041168,35.22578810004086],[113.97186760000977,35.226857300424115],[113.97865889968853,35.2253323002455],[113.978653500159,35.22403519996453],[113.9756440996955,35.22513949998796],[113.97550459955767,35.223667100256534],[113.97834779991115,35.22343050031736],[113.97883060005222,35.220608300033064],[113.98200629955113,35.22053809985346],[113.98173810013327,35.21871499959758],[113.97952790019247,35.21883780022438],[113.97806879963548,35.21673409979894],[113.97221090001312,35.21491089971829],[113.97212500036858,35.21100150001928],[113.99366030008287,35.20915240036305],[113.99051679991044,35.20391089966836],[113.99755879999873,35.185149899648195]]]}},{"type":"Feature","properties":{"shapeName":"Tangyin County","shapeISO":"","shapeID":"62558664B79015103129224","shapeGroup":"CHN","shapeType":"ADM3"},"geometry":{"type":"Polygon","coordinates":[[[114.52385850006976,35.99865719986991],[114.52081440016445,35.99406380010436],[114.52037500040603,35.98991600002341],[114.50931650035625,35.99163440030736],[114.50272539965749,35.9897381995583],[114.49532869975974,35.991397400169944],[114.49034870033233,35.99524879989224],[114.48749250027868,35.992286200148044],[114.48192669955756,35.99234539982041],[114.47950990016182,35.990271500229596],[114.47379759987939,35.991041800139044],[114.46391090026793,35.98843459987694],[114.46281239997234,35.99056779986415],[114.45907740040172,35.98813830024244],[114.4537311997351,35.9871309003708],[114.44655419971662,35.98250869981672],[114.43417750039134,35.98031599978361],[114.42678079959433,35.984345699994094],[114.4237048996614,35.9835754000847],[114.42165429970623,35.97735270036691],[114.40949730026023,35.967751200057876],[114.39924450013359,35.96958860043361],[114.3886986001603,35.965795199788715],[114.38679449976644,35.96727700013349],[114.38042309984621,35.967158500064784],[114.38005690040563,35.971425999910025],[114.37712750003413,35.972729899964975],[114.37339249956426,35.97201869990312],[114.37222079985008,35.9701220000303],[114.36863229984078,35.970299900320185],[114.36650839974288,35.97225579986531],[114.35830609974676,35.971959400406035],[114.35852579962602,35.967158500064784],[114.35596259959436,35.96680280020911],[114.35508380007741,35.96354270023551],[114.34644210032275,35.958622699977695],[114.34241419965565,35.958622699977695],[114.34300000004998,35.95992679968214],[114.3394115000408,35.95998610007848],[114.33714120020625,35.96366130012893],[114.32820660025448,35.967869700126585],[114.32806009979379,35.970655500351086],[114.32578979995935,35.97249280000278],[114.32183520033425,35.971781599940925],[114.3208830997753,35.973263299561665],[114.31875930040144,35.97112959955143],[114.31216809987802,35.97355969992026],[114.31099640016384,35.971307499841316],[114.30843320013219,35.971307499841316],[114.30425879990378,35.97450799994431],[114.30257440028845,35.97314480039228],[114.30308700036483,35.96952930003721],[114.29840000006004,35.972374299934074],[114.29136939977809,35.972966999927166],[114.29136939977809,35.974389400050825],[114.2847782999786,35.974448700447226],[114.28177570018852,35.97794540036],[114.27531119975208,35.97474969993874],[114.27541479985314,35.97064249975159],[114.27158269958193,35.96770869989666],[114.27023630026508,35.96443970023205],[114.27417189991331,35.96150569982825],[114.27468979969456,35.958152400412985],[114.27210060026255,35.95697869970729],[114.27406839963703,35.95429589973605],[114.2716862996831,35.94767230023649],[114.27955759970348,35.94742080032972],[114.28256109971505,35.950187700402125],[114.2816290000784,35.953122100104906],[114.28442539971252,35.95387669965004],[114.28370039955382,35.95647560006893],[114.2867038995654,35.95697869970729],[114.28742610013444,35.95996510000941],[114.28934530014556,35.96042189985087],[114.29860069996244,35.96020410023908],[114.30036110038452,35.958048199564814],[114.30068850037401,35.9599000997099],[114.30332890000875,35.95972139992273],[114.30270749995123,35.95645180041032],[114.30529680010727,35.95351749963294],[114.30156419992795,35.953796800282134],[114.301170199745,35.94896629965507],[114.29726800001822,35.94748490040786],[114.29670049992819,35.94471390032629],[114.29355589988495,35.9447376999849],[114.29284939968011,35.94133569958291],[114.28559970026606,35.938262600138955],[114.2903728996896,35.937669699596995],[114.29216129960435,35.93392120030319],[114.29467149988989,35.93348739972379],[114.2963817001554,35.930665099614714],[114.29372040027636,35.927254800268884],[114.2940705998783,35.925332899593684],[114.29055310044532,35.92455010000714],[114.29044569980931,35.92637950001398],[114.2856127997909,35.92735490020851],[114.28130830003806,35.93356210011086],[114.2806119001192,35.92659349999008],[114.27147190040796,35.926086800365624],[114.26971740043768,35.92470019955459],[114.27040189962804,35.91556300033227],[114.2671804003553,35.91410479999655],[114.26668559966072,35.91090450044237],[114.27051769993193,35.905451900085154],[114.26471780028635,35.8984047999416],[114.26818039970578,35.89520539970948],[114.27900959961335,35.89585880034343],[114.28021389975174,35.89448139959694],[114.28532489982433,35.89469340038016],[114.2852825003871,35.89320700000309],[114.2821042998736,35.89029020003278],[114.2749321004361,35.88776959998711],[114.27041390018144,35.88146370038953],[114.26872250024326,35.88150399990974],[114.26902780029286,35.87770850024714],[114.2650412999161,35.87779580013614],[114.26528950021032,35.876266000275734],[114.26260970037742,35.87489680044706],[114.26051439961986,35.876667099706935],[114.25802709967093,35.876505899827464],[114.25914219965284,35.873384899793336],[114.25519999988012,35.872681100252635],[114.25542510018829,35.87097879963193],[114.25366200000133,35.870353699763484],[114.25340070018228,35.87182999985464],[114.24703319972241,35.874974199699636],[114.24300370006074,35.87215250033768],[114.24161080039823,35.87291839986432],[114.23996920041827,35.871588100210715],[114.24328690017035,35.8673830996504],[114.24147740036176,35.86271849965908],[114.23514329982345,35.86224660020048],[114.22542550008677,35.85523709981237],[114.22238379957275,35.8516520999645],[114.22458249988256,35.848460799926045],[114.2291876996527,35.84836160020774],[114.22760230010613,35.835396499648766],[114.22392679968209,35.8354466998054],[114.22988649986212,35.83037760004623],[114.22821960015449,35.82936929995327],[114.22783799982392,35.825386199913225],[114.23085780004749,35.80909409971298],[114.23591809994048,35.80674360013711],[114.23698220026836,35.79328409998129],[114.24592970009564,35.7932071000277],[114.24716640010934,35.786624700269726],[114.24903310039736,35.7845368998581],[114.25332759968899,35.78442900009833],[114.25322639987849,35.78067320010814],[114.25737650042527,35.77435880011859],[114.24936010018848,35.77423100016057],[114.24911349978822,35.76721689974016],[114.25944060010363,35.761894499631524],[114.26555120022772,35.7610096000131],[114.2663797995881,35.763362800253105],[114.27104040029428,35.76311059977439],[114.27155830007553,35.76050539960454],[114.27445819998604,35.76067349998209],[114.2717653995536,35.76554780029079],[114.27394850022313,35.769185899709555],[114.27597640039062,35.76907359956704],[114.27595719986493,35.766936699768905],[114.27811170029474,35.76906939973304],[114.27993519984966,35.768883400148866],[114.27967509972609,35.770903600320935],[114.27786679961321,35.77133389983965],[114.27677240022615,35.77577360007166],[114.2659654999079,35.77790050030791],[114.26722460023518,35.780314000091096],[114.26968019998128,35.77941290008533],[114.27052100044386,35.78210159960918],[114.27309110007423,35.78166589966162],[114.27513259978969,35.78439000009848],[114.27986260027888,35.78386509999444],[114.28143219963636,35.7875825996573],[114.28366560028724,35.78691660042085],[114.28779579973639,35.7955435998573],[114.29491849958913,35.79624340011287],[114.29610029958917,35.79457670005473],[114.3028208001399,35.79504169991458],[114.30536190023156,35.79299439957191],[114.30983749960103,35.79453310002259],[114.30924700024889,35.79801959982473],[114.31865870043873,35.79812970022556],[114.31887990038717,35.79593729966672],[114.32431370041695,35.79557820037371],[114.32477689983409,35.799333199967236],[114.32817830038834,35.79914609961287],[114.32910539979446,35.806925200237856],[114.33350769992046,35.81109599958074],[114.33334700006401,35.81564260042575],[114.33557240034611,35.81765590009974],[114.34525999994912,35.81739570015151],[114.34562120005842,35.815719700204056],[114.34949409987291,35.81545280030656],[114.35006179961238,35.816848799932245],[114.36889359965994,35.81714050043382],[114.37155450024011,35.81832080036469],[114.37804600012282,35.81451380017177],[114.38793900038468,35.81586679961316],[114.3922830999851,35.81426740032032],[114.39361489970793,35.81552160024171],[114.39669999970533,35.815075200160436],[114.39687480003204,35.81387009962543],[114.40008350015341,35.81429489978984],[114.40101569961496,35.81731839982433],[114.40526199974158,35.81723440044726],[114.40515839964053,35.81899789993321],[114.40215489962895,35.819333800314666],[114.40432990010481,35.82025760010822],[114.40805840027497,35.819165899586665],[114.41044050022902,35.82034160038461],[114.40919770011385,35.822273100423274],[114.41168330034407,35.823784699804094],[114.41810469987206,35.823784699804094],[114.4207975003045,35.82538030036062],[114.42110819988363,35.82336480004551],[114.42877240042606,35.82118139990172],[114.42887589980296,35.81866199955169],[114.43270800007417,35.819921699726706],[114.43332940013181,35.81731839982433],[114.43923289987845,35.8165624000348],[114.43954360035696,35.82622000005301],[114.43716150040302,35.82647190015814],[114.43736869970576,35.827983399714185],[114.4400615001382,35.828907200407],[114.43964719955864,35.83310559994351],[114.44254710036842,35.83050260041472],[114.47786439982224,35.825800200119204],[114.4771395003877,35.83008279958159],[114.48055730007934,35.83192999986966],[114.48418220014844,35.83923489967094],[114.49018929999625,35.83629620030945],[114.4997176998121,35.83881519956185],[114.51349249957923,35.834700999951224],[114.5243672996113,35.83612829958139],[114.52654230008716,35.83218189997473],[114.53389570032641,35.83067050024346],[114.53752070022017,35.832601899558085],[114.54228490012815,35.83226590025117],[114.54207769992593,35.82932700034087],[114.54642769997838,35.82747960040331],[114.54559909971874,35.82462450022058],[114.5486025997302,35.82462450022058],[114.554456300418,35.82846490033495],[114.55356400027847,35.832293500444734],[114.55951889987739,35.83777949982414],[114.57014510031615,35.83898310028991],[114.57304510005133,35.83680010034442],[114.5793699996259,35.841268300092054],[114.58376850011621,35.84198140042133],[114.58011430013494,35.847707300251784],[114.58110239965606,35.8488835999982],[114.58460459982246,35.845820799590285],[114.59829340012038,35.85055590013474],[114.59678189966496,35.85196319974193],[114.59317019984496,35.85096340004094],[114.58869299968228,35.853290500156504],[114.58939940006235,35.856617700346646],[114.59282680001684,35.85778920041133],[114.5971862996081,35.85536220000557],[114.6002435997624,35.85715369988338],[114.60050109994586,35.862243900435715],[114.60507039967922,35.86295010026697],[114.61633359981579,35.8614815999959],[114.61804990018277,35.86414039975972],[114.61567090019196,35.865055700060566],[114.61608979990444,35.87251340007339],[114.6215271000957,35.87342820035121],[114.62251109960766,35.88015020007174],[114.62810389977517,35.88585640025275],[114.63324429958482,35.885447799576355],[114.63701830005459,35.89391929993582],[114.63491189986439,35.89650190014265],[114.63789360030944,35.90033760040001],[114.64194390039074,35.90391030022022],[114.64997249993098,35.90655560026079],[114.64289130019336,35.91155640010783],[114.64395879995868,35.91363889991533],[114.66712179973138,35.94272989966521],[114.67524730032267,35.96512239987891],[114.69484730036265,35.98061390021138],[114.697273299823,35.98524489973238],[114.69615929971201,35.99508290015575],[114.69779180035141,35.99725340042414],[114.67797649991564,36.00271419990048],[114.67197130033526,36.001647800006026],[114.6681631004468,36.004195400397464],[114.66545339995446,36.00413610000106],[114.66508719961462,36.001588499609625],[114.66252399958296,36.000759099852644],[114.65461459978405,36.00188480014344],[114.65673840005718,36.0034843999851],[114.65710460039702,36.008757099960235],[114.64751080008341,36.011482200443254],[114.64253079975663,35.99761890019215],[114.63469470010034,35.99803360007064],[114.63674530005562,36.004076900328755],[114.63564669993536,36.00703909987459],[114.62964150035498,36.00745379975308],[114.62810360030096,36.0055580001017],[114.62466150002831,36.005024800154445],[114.625320599666,36.00745379975308],[114.62253769975507,36.00846090015045],[114.62056039994252,36.00680209973717],[114.62290390009503,36.00129229979984],[114.61902240006373,36.00093679959366],[114.619242099943,35.99921859985852],[114.61719159981249,35.99803360007064],[114.61301719958419,35.999277900254924],[114.60605979962008,35.99809289956772],[114.60664569983919,35.99335279969199],[114.59778430020538,35.9934712997607],[114.59287760002132,35.997974400398334],[114.5658538997377,35.99773740026086],[114.55450250039019,35.99364900040109],[114.54732539964755,35.99791510000193],[114.54337080002244,35.99578209966421],[114.53707260042029,35.996019099801686],[114.52531360044236,35.99966499993985],[114.52385850006976,35.99865719986991]]]}},{"type":"Feature","properties":{"shapeName":"Jili District","shapeISO":"","shapeID":"62558664B24483333646782","shapeGroup":"CHN","shapeType":"ADM3"},"geometry":{"type":"Polygon","coordinates":[[[112.56353669975897,34.950570300079335],[112.54163600010133,34.9306480999299],[112.53760529984481,34.931719000031876],[112.52722660002757,34.926673199908294],[112.51830280003423,34.93434139973584],[112.510023699734,34.93193400005413],[112.50505510011283,34.93500589980249],[112.49835880031844,34.93001139970636],[112.49561300013988,34.919478100134256],[112.50642820030123,34.91493579984734],[112.52172790042232,34.91969439967687],[112.52700359963649,34.91818030018078],[112.52148160039565,34.90281850007375],[112.52436579994173,34.898711299886656],[112.53518100010308,34.8922204996764],[112.53940160030368,34.88746029995292],[112.54414980037302,34.87642430004149],[112.54916169965281,34.873611000347466],[112.56340620003618,34.87599150040745],[112.56815440010553,34.874476599615434],[112.5742215000223,34.85997569981873],[112.58239889958963,34.853481900369445],[112.59189519990366,34.84980189973794],[112.6040293997371,34.85023480009602],[112.62758720008924,34.8549389001102],[112.62880680039359,34.89354699969431],[112.62566440009209,34.895534100318514],[112.62507520026031,34.91574010042535],[112.60699270005307,34.91541669972099],[112.57765070041955,34.92142469979012],[112.57342960019594,34.92458140021148],[112.56925179963093,34.94010540024408],[112.5655593002216,34.9415940003629],[112.56353669975897,34.950570300079335]]]}},{"type":"Feature","properties":{"shapeName":"Yima City","shapeISO":"","shapeID":"62558664B78163951617726","shapeGroup":"CHN","shapeType":"ADM3"},"geometry":{"type":"Polygon","coordinates":[[[111.99263179981779,34.727855799805354],[111.97545630006823,34.72734440032389],[111.96708679991593,34.729568400361416],[111.96396629990488,34.73526739967082],[111.96502680024668,34.73962390002299],[111.96247879965694,34.74349989980061],[111.95472730012489,34.7393154001856],[111.93026679987298,34.738201400074615],[111.92574329991345,34.74457940011928],[111.92247030006433,34.76172240016871],[111.91574079999799,34.76624690017434],[111.91680130033978,34.77060689978862],[111.92537680009929,34.775024400255916],[111.92558279970649,34.78166589986142],[111.91854079961826,34.78802139976784],[111.85666629980994,34.815200900401294],[111.84391780006649,34.810737399611355],[111.83344279994532,34.802860399687745],[111.83106980023115,34.7925379003039],[111.83482379977858,34.78295489994872],[111.83355729982958,34.7728728999644],[111.81948079999898,34.763816899630285],[111.81472029990198,34.7452239001629],[111.81403329969709,34.73445940018121],[111.81860330000234,34.72557040035372],[111.8278733003126,34.71809790019796],[111.83627330007278,34.71474090007251],[111.85624680024966,34.71720490038592],[111.86573779995956,34.714996400163784],[111.88060780040973,34.705051400202024],[111.90234380002642,34.70133989991649],[111.9256817997753,34.7031364000249],[111.93209080035024,34.7022743998437],[111.95864880020201,34.690349400304626],[111.96643829968787,34.6899529000064],[111.9794618004218,34.693717400038054],[111.99181379986703,34.70892339979514],[111.99263179981779,34.727855799805354]]]}},{"type":"Feature","properties":{"shapeName":"Yucheng County","shapeISO":"","shapeID":"62558664B2635613161894","shapeGroup":"CHN","shapeType":"ADM3"},"geometry":{"type":"Polygon","coordinates":[[[116.18502809996687,34.58078380023227],[116.17169189956155,34.57162860017979],[116.1444931003764,34.55878449980486],[116.1289368002931,34.56022639992847],[116.11879730035514,34.57540509986552],[116.11116029980803,34.59267429997902],[116.09538269995176,34.60713960011253],[116.07724760019664,34.60940549956422],[116.05079650005848,34.5965614000886],[116.0334167004205,34.59505079985456],[116.01034110036153,34.60843640001991],[116.0101557995506,34.61470889969604],[116.0067512999326,34.61897190023308],[115.9993782000439,34.62186679991294],[115.99425449974547,34.622099399667604],[115.98812150020717,34.61954369998182],[115.97907059992826,34.61003289989844],[115.9745994000424,34.595278400278005],[115.97003170020287,34.58977130010544],[115.94728850036404,34.59051900005187],[115.91327669995985,34.57994080002794],[115.8739929001523,34.57994080002794],[115.83093259975976,34.5746497997485],[115.82441499975255,34.564243499737756],[115.79836959997715,34.57232049989119],[115.79377710043286,34.57750780024486],[115.7871627999233,34.572627899857764],[115.77832779988807,34.57001489986777],[115.76426679987298,34.56322489970938],[115.74727629966151,34.54906090034035],[115.7463303001033,34.53780740029134],[115.75311279991581,34.52938839965498],[115.75177730038217,34.52501290022519],[115.74849680018724,34.52199939975253],[115.74299630013923,34.51896290001787],[115.73578630039754,34.51842889967401],[115.73349780008346,34.523910399745205],[115.73558780023689,34.53311139957151],[115.72947679991444,34.53305040035576],[115.72315979998484,34.53000240009072],[115.71617880001168,34.513870399899076],[115.71636180035682,34.50125489999368],[115.71456130006402,34.49182889968404],[115.71748329991442,34.481303899955094],[115.72395329970504,34.4747164001418],[115.72978979995935,34.47293839998724],[115.73863979978694,34.47394539966052],[115.74919880018456,34.47153089983124],[115.75089280006273,34.469711399561504],[115.75534030011477,34.44864640031119],[115.76043680041812,34.43974689999948],[115.78455330009479,34.418186400382126],[115.78661329976399,34.409717400137936],[115.78431679998039,34.39455040038075],[115.79257979971806,34.376964399687324],[115.79405230017358,34.350131899767405],[115.79605079970474,34.345561900361474],[115.7951278003078,34.332015899813996],[115.79216779960439,34.326022900436556],[115.7869262998089,34.32436390037378],[115.77498629957813,34.32791889973748],[115.76437380031075,34.336303899705285],[115.74903079963178,34.34510039976368],[115.71814729995799,34.35809690015185],[115.6965028000642,34.362918900387],[115.68932329993038,34.36169789983825],[115.68495179978584,34.35798240026759],[115.67209629960462,34.32939540037745],[115.67108929993128,34.322959900379146],[115.67418679978107,34.3184013997049],[115.69152079964522,34.3061943997518],[115.69638880020307,34.29454440030389],[115.69830280033398,34.27781290034511],[115.69281780010147,34.25549690006193],[115.68721779996156,34.241443400392654],[115.68737029979957,34.23134639971664],[115.69080329983251,34.22289290018722],[115.70191929983594,34.21865089971931],[115.71114329982345,34.211173900255346],[115.71399680011234,34.20431889979744],[115.73258230013312,34.17880989975714],[115.73877729983258,34.15018840007468],[115.74549880042935,34.14360440042282],[115.7574693002681,34.13637939998938],[115.75862829975631,34.132259899774624],[115.7529603000778,34.12325640006287],[115.75195330040458,34.11659190029599],[115.755180299931,34.10239790044278],[115.7588728002396,34.095088899733014],[115.77448269991669,34.076465600307245],[115.8048630001274,34.07217029971963],[115.81005860032417,34.054328899659026],[115.83982850008522,34.0323523997435],[115.84458159966118,34.00624470033273],[115.85777279967499,34.00820159992395],[115.87699890027909,34.034297900427816],[115.88999939995244,34.03028489972837],[115.89904789994068,34.01155090005403],[115.91445919963246,34.012374900281486],[115.92727679968459,34.03263089999609],[115.93096179964743,34.047809400283654],[115.93112930017708,34.05698789997166],[115.92826080009593,34.066367899958664],[115.92814630021167,34.07577889957662],[115.92417879981178,34.08491890018712],[115.92872629997885,34.096431899612526],[115.9286728002096,34.10102089989465],[115.92475130013247,34.10626589985145],[115.91091929988579,34.1098173999531],[115.90574629965204,34.126292899797534],[115.8998488001821,34.135417899716344],[115.8917923000746,34.14016740020543],[115.87492380009337,34.143688399799885],[115.87322930019207,34.145969399768035],[115.87225330014974,34.157890400021984],[115.87410730021179,34.16387539992979],[115.88223279990382,34.17656689974268],[115.88757329976806,34.19221890028206],[115.89526380008442,34.19435139969738],[115.90326680042256,34.1941909003898],[115.9155807999141,34.20439539972796],[115.9235532997451,34.207446900154366],[115.942016800435,34.209667400030526],[115.95054629987192,34.212264900205014],[115.95954880043689,34.222663900418695],[115.96141830031434,34.227958399960244],[115.96082279983239,34.231624399946156],[115.95043179998765,34.24668140002666],[115.95661980026364,34.2614173996933],[115.95761879956797,34.26991640042161],[115.96087629960164,34.27544790010057],[115.96881080037815,34.282398399566546],[115.97707380011582,34.28590790042932],[115.9822312996348,34.293292900147264],[115.98355879969893,34.29835139959749],[115.98235329986494,34.307292900047344],[115.97113030032313,34.32142239962411],[115.969962800443,34.32646189999673],[115.97128280016113,34.33221039979014],[115.97672280011716,34.34005339994451],[115.97886630003973,34.346496400288686],[115.98169730019026,34.36556239998481],[115.98741929966104,34.373409400323624],[115.98925729988457,34.406925399987244],[115.99241629987239,34.41503139967938],[116.043586799791,34.4129369002178],[116.08373280032856,34.413230900285896],[116.09544379989154,34.41782740001457],[116.10733779979967,34.41814440024393],[116.11372380021328,34.4161223996291],[116.12516780005399,34.40610890010572],[116.13623829975779,34.40595640026771],[116.15747829988368,34.413440900077546],[116.17205030008131,34.42454889971202],[116.17643739986613,34.42979810040208],[116.15422820037122,34.466583300279126],[116.17571260025636,34.50915909991261],[116.19448850024412,34.5161629003976],[116.18502809996687,34.58078380023227]]]}},{"type":"Feature","properties":{"shapeName":"Pingyu County","shapeISO":"","shapeID":"62558664B1840918930400","shapeGroup":"CHN","shapeType":"ADM3"},"geometry":{"type":"Polygon","coordinates":[[[114.44403080008146,33.16754140011557],[114.44489230023953,33.16430290005883],[114.45233930011864,33.1553268998166],[114.45716879980034,33.13640589961261],[114.45477279992485,33.128070900151954],[114.44069680011728,33.104030400382726],[114.43811029955077,33.093395400077725],[114.44220729962728,33.08593390042921],[114.44474030042454,33.08416739990565],[114.4562378000345,33.08311089974825],[114.46399679991248,33.07965489955404],[114.46756729999095,33.072173899905636],[114.4671322997159,33.06229040008196],[114.45658129968729,33.031917399668316],[114.45156929968346,33.02764889977698],[114.44326779996902,33.023971400160065],[114.44273379962522,33.016842399657094],[114.44790629983595,33.00252190026555],[114.4473187997229,32.99676490008011],[114.4399563001432,32.982780399995534],[114.42101980012376,32.95860290020374],[114.41153729990651,32.95029840035096],[114.4005582999257,32.945854399560915],[114.39351219982825,32.940419100361225],[114.39714229977733,32.93945180036036],[114.40011010030094,32.93490220027638],[114.403701300075,32.934211199887045],[114.40197850030756,32.930828099637154],[114.4059768996143,32.92349110033405],[114.40415440010554,32.920734299648245],[114.4010565000575,32.92347139978534],[114.39783859987153,32.922475899743006],[114.39506919968392,32.91756199958667],[114.39590340002201,32.915906899883566],[114.40487990028726,32.91376559970274],[114.40801420039509,32.910651099968334],[114.40826759967001,32.90891040009495],[114.40476200006628,32.905652599687755],[114.4077065998797,32.89454519990113],[114.410656100099,32.891340199590616],[114.42563620005069,32.88049580024102],[114.43917589994794,32.87733480016095],[114.44143880016054,32.87514200030313],[114.45339900006388,32.87687090017198],[114.45494560015936,32.87660920015452],[114.45638429959581,32.87212310030088],[114.48257619983178,32.87010280030404],[114.48540119970562,32.87114079960827],[114.48882659956803,32.87516839990178],[114.49644340044267,32.876625399642535],[114.4978548998838,32.88143359978085],[114.50429680035711,32.88327190037796],[114.50679850025062,32.87885990016429],[114.50185759974852,32.87255670033153],[114.50279580038591,32.87066559963779],[114.50586040033727,32.8697201001026],[114.50592289962219,32.86782900030818],[114.50016900029914,32.86299599956578],[114.50304599987305,32.85742719960564],[114.49472769992349,32.857479700228055],[114.492851400272,32.85558830006005],[114.49466519973919,32.85138509994243],[114.49898069999938,32.85353929999877],[114.50567279995983,32.85422230001916],[114.50673600006644,32.859738799905756],[114.51516569993714,32.8670823004079],[114.52212159983208,32.864151700340756],[114.5278129998701,32.864519499675225],[114.52893879998567,32.87003529988925],[114.52474839991874,32.873187000080065],[114.52775039986113,32.877967000176966],[114.53369200028567,32.87943770018978],[114.53813259983963,32.878124600070294],[114.55257999986713,32.87019289978252],[114.55601990039816,32.864151700340756],[114.55620749987634,32.85516800010316],[114.5473263996937,32.85212070041007],[114.53863289988851,32.853749500339234],[114.53550579975297,32.84744450006366],[114.53175319955062,32.84670879977136],[114.53300409985934,32.84218999966879],[114.53650649967528,32.83924730012285],[114.53513050007257,32.83693509997494],[114.53219100031447,32.8373030000335],[114.52768789967683,32.84292560013637],[114.52556139963895,32.84276800024304],[114.52309409971303,32.83939629979943],[114.53394219977281,32.82626690029724],[114.54494979999333,32.82232509982356],[114.54776419955817,32.82227260010046],[114.5512041000892,32.82595159978655],[114.55139169956738,32.83057640028068],[114.54853079965676,32.834243900335764],[114.55289270043784,32.836514700193334],[114.56546389973926,32.836619800363565],[114.56946659960397,32.83104939961015],[114.5635250000787,32.825373500286844],[114.56952919961293,32.82174700032385],[114.57219949990701,32.821855800305],[114.57334589989341,32.82456979955663],[114.57731259989657,32.82076590022615],[114.58172190034554,32.8220273999446],[114.58878929998627,32.81564129970627],[114.58660029976409,32.81172529988271],[114.58681920014601,32.80749370007425],[114.57446690032725,32.803235699767754],[114.57464600031278,32.79780399965489],[114.57637530037982,32.79584800028505],[114.57390489959153,32.79236039971272],[114.57543359958106,32.789790200257585],[114.58393930025852,32.790203499891675],[114.58380259971022,32.785204100289036],[114.58162679973702,32.78381219977325],[114.57634959955442,32.78463650037423],[114.5667050001357,32.783473800175784],[114.56849879957997,32.77832590002032],[114.57912900020324,32.772527299895046],[114.59568409994131,32.77897550011926],[114.59415980033452,32.76450869991663],[114.59672360021409,32.76077189990332],[114.59858950010539,32.75934539977044],[114.60390460041708,32.76107369979144],[114.61335150007176,32.75832920003262],[114.62058960003003,32.76063890006526],[114.61972819969674,32.75669179988671],[114.61286090011049,32.75163690042268],[114.61063830031742,32.74717939990944],[114.61149099970999,32.74474110042149],[114.61353560028783,32.74244819972466],[114.61625680041107,32.74244819972466],[114.62624600025276,32.74649279990285],[114.62694479956292,32.74254879968743],[114.62967729966772,32.74197389997556],[114.63596329996642,32.750816400356655],[114.64235679982653,32.76539990018529],[114.6509932997011,32.778419399835514],[114.66060629964113,32.78456890013467],[114.66922779972322,32.7872579000321],[114.67292780037769,32.79122989974013],[114.67128730026877,32.80198690027527],[114.67311880019258,32.80454639959669],[114.68694280007026,32.806186399682645],[114.69390880025094,32.80952840001572],[114.69492330027015,32.81253440014251],[114.688247299973,32.818374399658865],[114.68623329972706,32.822696900241795],[114.68668379981762,32.82660689978866],[114.70159929966803,32.84846040032727],[114.70567329958317,32.869884399945136],[114.71143329990696,32.87847889968151],[114.71626329961168,32.881324899624474],[114.71925329989995,32.88115289978657],[114.73352030042156,32.87613689959829],[114.74362180040578,32.87448890004276],[114.75036630026466,32.87644939962013],[114.76724980003826,32.88639839976639],[114.77572629972906,32.89550389968525],[114.77613829984273,32.91180439955343],[114.77837380041058,32.92033740005104],[114.78128030044559,32.92360689973867],[114.80143730009138,32.922820900364286],[114.81305679993147,32.92578490035294],[114.82736230042985,32.94187540042941],[114.839652799737,32.951728899768966],[114.84564229985233,32.951144899817336],[114.85090629978595,32.947337899624415],[114.854179299635,32.94693389987964],[114.85768130015197,32.94860439957341],[114.86078580032449,32.96610239980595],[114.86557780007547,32.971233399901564],[114.88066500028958,32.98032709981584],[114.88913730014633,33.01486969987678],[114.92410280010415,33.02166370021962],[114.90550989956228,33.07090759960607],[114.89403919974939,33.08165490005365],[114.89160999960188,33.0818059996472],[114.89206060041647,33.07946039957784],[114.88269639971918,33.08064929972545],[114.88148639967767,33.08255049980579],[114.87294949971965,33.08259109969953],[114.8722364002897,33.08086600036569],[114.868359299742,33.07966540003821],[114.86602139966794,33.08127260005051],[114.86125049981081,33.0802731996485],[114.8616541002566,33.07853320034695],[114.8501160996783,33.07934210005794],[114.85069389970374,33.06830000004504],[114.85281259992166,33.06668629973302],[114.85252550035159,33.056984099636566],[114.84768769992752,33.050468800095075],[114.84335009972733,33.05130260023486],[114.84249860003047,33.05415399970735],[114.83726039984765,33.055325999795116],[114.8369351995998,33.056700799702185],[114.83138410009622,33.05836980022616],[114.82679480033983,33.06226000029881],[114.82286830003204,33.06171040031478],[114.82180590032215,33.058227799973054],[114.81480550017375,33.056644199969924],[114.80944079955327,33.06468139972685],[114.80510880033091,33.063205499834],[114.80300569975327,33.05868490018804],[114.80005940022124,33.05712249990347],[114.79312140043237,33.06099169990705],[114.79744729955326,33.064464399612405],[114.7913574998488,33.07073879955601],[114.78499160018225,33.071339999941074],[114.77935069977502,33.07017490035145],[114.77701860032823,33.071641899654026],[114.76494789982576,33.0686124002421],[114.7637044998628,33.07327819992901],[114.76528880043782,33.07558439980028],[114.7646785996377,33.07934610024239],[114.76653659988426,33.080191700386706],[114.76614759993186,33.084150999868825],[114.77103990017133,33.08484739978775],[114.76977660001012,33.08655209979963],[114.7660691997338,33.08659319971645],[114.76560529974483,33.08961809999539],[114.76274609955294,33.09195319958053],[114.75710439964837,33.10225829978077],[114.75877900025068,33.10312170020637],[114.75826180014201,33.108905600013486],[114.75539220018993,33.10900850044197],[114.75460440037284,33.11449149968303],[114.7451846998141,33.11366800037797],[114.74489569997661,33.1099462999818],[114.73835490015858,33.10767130029035],[114.73622129997307,33.11429589983595],[114.7291032999774,33.11553590036158],[114.72795859970972,33.11740530041436],[114.7293245997505,33.12564759955711],[114.72212020008726,33.126320099992654],[114.714495000444,33.130769500312226],[114.71474200014325,33.134580700339086],[114.7165908003252,33.13527290042407],[114.71048730034875,33.14984489972238],[114.69886619971544,33.150130000099466],[114.6985675996151,33.1607251001833],[114.69675930040148,33.162440399604804],[114.69104829963942,33.16336690006244],[114.69129509968911,33.17334110011171],[114.68754699969429,33.17269869998506],[114.68215939963659,33.17394760020164],[114.68126360023507,33.175995100193745],[114.67409149972298,33.17606680044253],[114.6739552002723,33.1783923995896],[114.63923629981548,33.17372890036853],[114.627509800437,33.17327490011661],[114.60861979986396,33.17566289962315],[114.59472630037851,33.17447639976609],[114.57335679967662,33.16786189960703],[114.55841080021833,33.16572940019171],[114.54007730012734,33.15733339971666],[114.52678679967119,33.15454090044227],[114.51148229986836,33.15584190018359],[114.50096130032387,33.16113289956371],[114.49298879959349,33.16326890003978],[114.48645779968774,33.1626778997653],[114.4767837996327,33.15742889962405],[114.4710767999544,33.15662390027285],[114.44403080008146,33.16754140011557]]]}},{"type":"Feature","properties":{"shapeName":"Xinhua District","shapeISO":"","shapeID":"62558664B40170822336884","shapeGroup":"CHN","shapeType":"ADM3"},"geometry":{"type":"Polygon","coordinates":[[[113.2799988999293,33.78839180014154],[113.27450419960917,33.79295830028536],[113.26098849991945,33.790961399748824],[113.24897459969804,33.79570389991511],[113.23485809982151,33.8086820001742],[113.22456209986103,33.812771800278426],[113.21564220022742,33.81312469964524],[113.2090584002251,33.816830300378115],[113.20374889999175,33.817006699699505],[113.19482900035814,33.81418350026837],[113.18293579994724,33.82000630025061],[113.16467119961624,33.82000630025061],[113.15532649981822,33.81771250023178],[113.13854860023775,33.817006699699505],[113.13047820020881,33.81206599974615],[113.12283249962024,33.8147127998559],[113.11943450030196,33.82741649987162],[113.11285070029965,33.833767700119324],[113.10605460003978,33.83570819967372],[113.09012610023944,33.834473300102786],[113.06591490015262,33.80588969964998],[113.05911879989276,33.790711800109534],[113.06680089964186,33.788064199603184],[113.06680089964186,33.773765899976354],[113.07593320025705,33.74710449967296],[113.08867590027262,33.74268960004508],[113.10014440034388,33.730856500427194],[113.12074520013095,33.72979669975791],[113.1288156001599,33.71866839972694],[113.13943449990234,33.722907900079576],[113.1494163001222,33.721318100150256],[113.15345149968698,33.72891349985821],[113.16194669988033,33.721318100150256],[113.1749017999781,33.7206115001207],[113.20718340009387,33.71336870030535],[113.21801479974329,33.71319199971106],[113.22650990011186,33.710895400102686],[113.23649170033173,33.713015399840856],[113.24350029959919,33.72432100031398],[113.24116410014312,33.730679799832956],[113.24413740002103,33.73544859977312],[113.24371259985662,33.73915750011861],[113.23861549970559,33.74180659979481],[113.23564219982768,33.733152600012545],[113.22948319998977,33.73032660009255],[113.22523570016745,33.74657470006241],[113.22948319998977,33.75063630012522],[113.22237010039987,33.75509689970221],[113.23430060019257,33.74910059981289],[113.2363367003785,33.75266320024656],[113.24859999969033,33.7465629998826],[113.25398640005233,33.74167400015506],[113.27791850003882,33.73203309964788],[113.30191400043088,33.730335499783564],[113.30436740043524,33.75127699963389],[113.30657679997944,33.75663999963632],[113.30424070034815,33.75964170010445],[113.29808169961086,33.7587587996789],[113.28916179997714,33.76211360006266],[113.28321510039666,33.76741030024522],[113.28321510039666,33.77429549993741],[113.2793923000147,33.778885299716876],[113.2799988999293,33.78839180014154]]]}},{"type":"Feature","properties":{"shapeName":"Linquan County","shapeISO":"","shapeID":"62558664B17940632673139","shapeGroup":"CHN","shapeType":"ADM3"},"geometry":{"type":"Polygon","coordinates":[[[115.44991280043541,32.86711139977132],[115.43885030020124,32.87798690037522],[115.4390562998085,32.88165639962318],[115.44803630023512,32.89737689972418],[115.46530129961536,32.921687900276424],[115.46975730005943,32.931152399663574],[115.49852730029477,32.96822389961335],[115.50321179958496,32.98113240044],[115.5122373003112,32.99501040010995],[115.51479280034755,33.00559589993088],[115.5105818004098,33.01288989994896],[115.51295160033612,33.01631489961295],[115.50994670008015,33.01841459985394],[115.5085806002146,33.02185090039876],[115.50528949971067,33.02767880043632],[115.50251279972599,33.02783409986387],[115.49306330013121,33.019181500326056],[115.48690099978137,33.016746000427645],[115.47448350001355,33.01660329960265],[115.46110680043853,33.025958499884894],[115.45882860005986,33.025958499884894],[115.4583073997668,33.01969510044859],[115.45046439961243,33.01803100033044],[115.4480853996215,33.01256629959511],[115.44446410043793,33.01229019963307],[115.438487500198,33.017588100410535],[115.4337706999579,33.01919940043206],[115.42942909957333,33.01775860017932],[115.4211284002555,33.019320299892],[115.41914260005103,33.01750379976062],[115.42017690044361,33.01461280044043],[115.41839180014153,33.012435500398055],[115.40611479965833,33.013370500348344],[115.39204649984617,33.016654499805384],[115.38367339970773,33.028001999692606],[115.38005189997523,33.028001999692606],[115.37755680020621,33.02967560024882],[115.37496680037759,33.03790029965916],[115.37156510034913,33.03910089998658],[115.36987399988527,33.036321600061854],[115.36787860031723,33.0359356002478],[115.36487549960464,33.039571999947896],[115.36332819983659,33.04648930004123],[115.35948040010044,33.05000780041968],[115.35139600032517,33.0513053998244],[115.34641390008153,33.054473199678455],[115.34252980011024,33.05491709964451],[115.33857070027761,33.05275299985112],[115.33403710003222,33.05275299985112],[115.32879000015839,33.05559039957734],[115.32489970026097,33.06125640006286],[115.32695359982881,33.07150019977445],[115.32098180016999,33.07599439982175],[115.29393740019088,33.08925360027348],[115.28404770044108,33.1001517997658],[115.27476669962357,33.102063699979794],[115.25704130041572,33.10149009978835],[115.24730380013034,33.10423039971323],[115.24281549963564,33.108372499891004],[115.24114180015397,33.11996920011853],[115.24555209974972,33.138866399764595],[115.17881769957728,33.122295400012774],[115.15033720010172,33.08905789970237],[115.10659029970259,33.08357619998168],[115.05502319966104,33.08644100025202],[115.0390166998609,33.09490970012263],[115.02583310001762,33.08827209997747],[114.98977660011008,33.103519400200184],[114.98200230006614,33.121521000094106],[114.96430970003269,33.13201140020601],[114.97357110012626,33.14689510002887],[114.96685829957096,33.14682210025978],[114.96659079982567,33.14519810001235],[114.96083879987077,33.14413399968441],[114.96090559971367,33.14889409958306],[114.959099799716,33.15046200012125],[114.95435099979886,33.14889409958306],[114.9521437999964,33.15214190042843],[114.9273749995566,33.155647199658574],[114.92759740010001,33.15275790005711],[114.92933640025478,33.152253900197366],[114.92853380029476,33.14839009972337],[114.9271293002771,33.14615009984726],[114.92358440029989,33.14570209987204],[114.92197920037984,33.14094190014862],[114.90525820000596,33.1387016997237],[114.8980346996417,33.13226090002058],[114.8973134001933,33.129872699965176],[114.89729900024872,33.1274998999005],[114.8997068001288,33.126659800009804],[114.90124520020584,33.11898559990556],[114.89840240005083,33.10754019982039],[114.89341969995928,33.100105599793665],[114.8918813997069,33.09439040009693],[114.89403919974939,33.08165490005365],[114.90550989956228,33.07090759960607],[114.92410280010415,33.02166370021962],[114.88913730014633,33.01486969987678],[114.88066500028958,32.98032709981584],[114.89108799981136,32.974170100070125],[114.91067600019733,32.97349999992508],[114.91728889956312,32.96203990042113],[114.92631540033551,32.95821950032973],[114.93134790038539,32.95372869971976],[114.93919039961736,32.93614250027622],[114.94700459988246,32.93643360003068],[114.95635060010022,32.94206490017507],[114.96745399970234,32.943472699805284],[114.9925365996844,32.943606800413534],[115.00491809959067,32.941796799682606],[115.02768710007967,32.93136219980573],[115.03343550004831,32.922353699863436],[115.03176119981958,32.919727299974966],[115.01928880003811,32.913444899662466],[115.02041500035205,32.9102163002421],[115.02548219984374,32.90861509960723],[115.060195600047,32.905320700390064],[115.0796066003644,32.90619249958422],[115.09230770044007,32.89720539990935],[115.09813899991502,32.89633340016633],[115.1102518003803,32.90229580011112],[115.13108920010654,32.900742400241654],[115.13608229995828,32.899217499887754],[115.13903790027894,32.89613220024091],[115.13640190012768,32.88721110001228],[115.14103489974093,32.883588799883285],[115.14798459970962,32.88130799956457],[115.14974199999335,32.87835629960358],[115.15079459979097,32.866989100066974],[115.15796970044141,32.86285810022122],[115.17130980030709,32.858228199671714],[115.19008170011045,32.859503100187965],[115.19350540025403,32.85671739978824],[115.19719109988944,32.84480699984323],[115.18369130021335,32.84265939991144],[115.18288889990288,32.8367887002384],[115.19064090035738,32.828967300000954],[115.18688649971227,32.82420140037436],[115.18520899969565,32.81211779999654],[115.190001899668,32.805538199828106],[115.20190409959457,32.79895820036069],[115.20717030016931,32.78938220032836],[115.2015046998821,32.78740829995314],[115.18247899970618,32.792410900242885],[115.17682149961263,32.789758699704294],[115.1761025995554,32.788012700126046],[115.17801969964944,32.77881209959878],[115.18217350000702,32.776662899773044],[115.18480959998317,32.768065700271904],[115.18210150028403,32.764154900328435],[115.17732589967056,32.74656250005938],[115.17414789970587,32.74184879978236],[115.17306709986678,32.73360120003542],[115.17458490007311,32.72775499969356],[115.17833929981884,32.72479819967725],[115.17897459979804,32.72216840035145],[115.17821440017451,32.714697900287945],[115.17376480020539,32.70529330024567],[115.17740019985945,32.69661339998845],[115.17674320013862,32.69129180027642],[115.17287159984448,32.68510150043397],[115.17853009998419,32.68384969990376],[115.17789010014803,32.668213100254434],[115.18359449988634,32.66798270024145],[115.19069159963772,32.67082539967248],[115.19164480006748,32.67613570030238],[115.18480959998317,32.680702900118774],[115.18504929988535,32.683459500255765],[115.1890432997086,32.684467999998276],[115.19966890029957,32.67581279962104],[115.20072159992196,32.66176919968888],[115.19852999975978,32.6559001997345],[115.20334200043305,32.65575520024237],[115.20549869970534,32.65716750008011],[115.2063774002969,32.66187510025571],[115.21364659971084,32.66120259982017],[115.21436549976806,32.65938680026068],[115.20925310035034,32.653333999564495],[115.20318219989872,32.65111459955915],[115.20446030020275,32.64358139966191],[115.20941289998541,32.64311060007418],[115.20493960018246,32.639141999803485],[115.20046619965547,32.639141999803485],[115.19798990021377,32.64089089969531],[115.19798990021377,32.647751600056324],[115.1924803997507,32.64798050000013],[115.18992870024942,32.645178000264536],[115.18932120011334,32.63252500042847],[115.19222760032358,32.63198520035678],[115.19550120002043,32.63504449970395],[115.19835349971436,32.627680800428664],[115.19453130007946,32.61999800010767],[115.20465509965322,32.613319499695194],[115.19936069993639,32.609379499664215],[115.20197870015693,32.60480400000466],[115.19967779999058,32.604635399604035],[115.1974864003771,32.60935870014396],[115.19323560004295,32.60960979985242],[115.18907530028491,32.60596460028614],[115.19020210044664,32.60150389998506],[115.19201570026439,32.60080590017219],[115.19319379955425,32.59555439991567],[115.19509770029867,32.59400319978789],[115.20470999966676,32.59434909973123],[115.20644000030586,32.59106260015892],[115.2105011003456,32.58942059998077],[115.22302720044502,32.5930756003587],[115.22940759988091,32.589924199642155],[115.23370949969376,32.590998599905504],[115.23753590006174,32.59509579963151],[115.2440290996633,32.594298000252536],[115.24984979972851,32.59729990037016],[115.25175390012248,32.59675660013704],[115.25690369964605,32.59053770005488],[115.24875800028155,32.589175100350644],[115.24912130030782,32.587420399831615],[115.2600038003352,32.58004970023353],[115.27443469960178,32.58581889972248],[115.27740929989932,32.589551599726576],[115.27482089996465,32.59263469963173],[115.27269780026336,32.596484899658435],[115.26859279981795,32.59895340017931],[115.26481630013222,32.61175140040683],[115.26573930042844,32.62002189959105],[115.28050180041782,32.641799900245246],[115.28608679986598,32.64738839985483],[115.290107800035,32.649967900098545],[115.29660780030974,32.65074539998028],[115.3049467999549,32.654304400427804],[115.31078330020921,32.66149890035405],[115.30341380030666,32.677921399552986],[115.29876730007095,32.6936873999536],[115.2995073000219,32.697597400399786],[115.30326030042261,32.70063390013445],[115.30812830008108,32.70138939990096],[115.31439280028758,32.70009989979059],[115.32697330037752,32.69499189985635],[115.33548729999893,32.68914389997104],[115.34159830032138,32.68165589999984],[115.35711680010036,32.678191900336],[115.39650729997197,32.675044900002206],[115.43493629957061,32.66498540015613],[115.4491503003461,32.659202399671074],[115.45320130009998,32.65994239962208],[115.45156079999094,32.67644139965091],[115.44248979986446,32.68344089957793],[115.44023880038037,32.688228400020705],[115.43984980042796,32.695110399925056],[115.44140680028363,32.698570400303765],[115.44833379956526,32.7066918998114],[115.45639029967265,32.71137990016234],[115.46862830015596,32.7257613996689],[115.49987779962078,32.75666790040333],[115.4989778003852,32.76170339969218],[115.4951093000542,32.76578890013769],[115.49005129972772,32.77582189966097],[115.48854080021783,32.784751899580556],[115.49082180018604,32.810939900356175],[115.49011279986587,32.82056790008858],[115.48674029992492,32.827640399784684],[115.46669780016339,32.839324899924236],[115.46489729987059,32.849399399562685],[115.46153280029853,32.855323900277824],[115.44991280043541,32.86711139977132]]]}},{"type":"Feature","properties":{"shapeName":"Zhanhe District","shapeISO":"","shapeID":"62558664B55203615357012","shapeGroup":"CHN","shapeType":"ADM3"},"geometry":{"type":"Polygon","coordinates":[[[113.30191400043088,33.730335499783564],[113.27791850003882,33.73203309964788],[113.25398640005233,33.74167400015506],[113.24859999969033,33.7465629998826],[113.2363367003785,33.75266320024656],[113.23430060019257,33.74910059981289],[113.22237010039987,33.75509689970221],[113.22948319998977,33.75063630012522],[113.22523570016745,33.74657470006241],[113.22948319998977,33.73032660009255],[113.23564219982768,33.733152600012545],[113.23861549970559,33.74180659979481],[113.24371259985662,33.73915750011861],[113.24413740002103,33.73544859977312],[113.24116410014312,33.730679799832956],[113.24350029959919,33.72432100031398],[113.23649170033173,33.713015399840856],[113.22650990011186,33.710895400102686],[113.21801479974329,33.71319199971106],[113.20718340009387,33.71336870030535],[113.1749017999781,33.7206115001207],[113.16194669988033,33.721318100150256],[113.15345149968698,33.72891349985821],[113.1494163001222,33.721318100150256],[113.13943449990234,33.722907900079576],[113.1288156001599,33.71866839972694],[113.13093940043302,33.706655299902195],[113.14368210044859,33.69039949993703],[113.15472580035544,33.680503200062674],[113.17129139967847,33.68067999958237],[113.1823350995852,33.675908099679134],[113.20527199990295,33.675908099679134],[113.2169529000563,33.67431750025247],[113.23203180042731,33.667600999886304],[113.24626120029427,33.66176789996865],[113.26792379994345,33.6656566997969],[113.28151610028783,33.661060799916015],[113.29043599992156,33.66123749961099],[113.29404650004597,33.67113609995113],[113.30891300033477,33.669722100394665],[113.31188630021268,33.67873590004183],[113.31804530005058,33.682800699892425],[113.33015089964431,33.68315410018164],[113.33673469964674,33.68863239956562],[113.3388584000952,33.69481720005382],[113.35266309962242,33.70594860004792],[113.35776019977345,33.719374999756496],[113.36731719982902,33.72538089990866],[113.37872610002955,33.72544140000065],[113.37751140013108,33.73792120030322],[113.37453810025318,33.73898090024841],[113.36795440007552,33.738097800173364],[113.36795440007552,33.73173959960292],[113.3629398001317,33.72763329963715],[113.33584579984381,33.72999979995086],[113.30191400043088,33.730335499783564]]]}},{"type":"Feature","properties":{"shapeName":"Hongqi District","shapeISO":"","shapeID":"62558664B75519815745134","shapeGroup":"CHN","shapeType":"ADM3"},"geometry":{"type":"Polygon","coordinates":[[[113.97212500036858,35.21100150001928],[113.97221090001312,35.21491089971829],[113.97806879963548,35.21673409979894],[113.97952790019247,35.21883780022438],[113.98173810013327,35.21871499959758],[113.98200629955113,35.22053809985346],[113.97883060005222,35.220608300033064],[113.97834779991115,35.22343050031736],[113.97550459955767,35.223667100256534],[113.9756440996955,35.22513949998796],[113.978653500159,35.22403519996453],[113.97865889968853,35.2253323002455],[113.97186760000977,35.226857300424115],[113.97168520041168,35.22578810004086],[113.97025820025578,35.227234199998406],[113.97052639967364,35.228443600192065],[113.97580500010076,35.22758469997399],[113.97605180015057,35.230161299904125],[113.97810099986134,35.228715299771295],[113.98195260013244,35.2467582001309],[113.98388379979758,35.246451499836894],[113.98527859972762,35.247958500084735],[113.98612619996425,35.251594600310625],[113.98358340015386,35.25227799963005],[113.984355899805,35.25551970037395],[113.98307919974536,35.25541450037895],[113.98419500029911,35.259374399708804],[113.9812337999,35.258226800026875],[113.98027899957629,35.26023289972858],[113.98203849977699,35.27377559976418],[113.98200629955113,35.27188359974838],[113.98747799971,35.26993900018476],[113.99053570006254,35.27219020021761],[113.99437660019998,35.27087629970151],[113.99481649998154,35.27250549982898],[114.0012216001968,35.26986019978847],[114.00216580021163,35.27079740037976],[114.01402109959417,35.2687476997466],[114.01707889977149,35.26456050036683],[114.0184413996509,35.26419260030832],[114.01973959980273,35.26616360036991],[114.02049060026104,35.26378959971032],[114.02183169987313,35.265445300160536],[114.02089829981674,35.26119659974336],[114.02237889956666,35.26053960002258],[114.0232479000706,35.26229159987747],[114.02868210029874,35.25678120009235],[114.02870360039094,35.25889259961383],[114.03094589983345,35.25836260035379],[114.03343500022515,35.262028799989196],[114.03335989963966,35.260714799648326],[114.03553249982508,35.26117909983566],[114.03697010028998,35.26678549955119],[114.04259199982096,35.26347430009895],[114.0449201998074,35.26694320016861],[114.05056360032995,35.26532260025783],[114.05288100035796,35.26574309986421],[114.05563830016752,35.26986889982993],[114.0608525001428,35.268861599783065],[114.06860949992858,35.270648499628635],[114.07125949982617,35.26799439972183],[114.0729332002071,35.26943100014057],[114.07317990043214,35.26665409960708],[114.07554029974506,35.267416200397406],[114.07496089982578,35.26932580014562],[114.07757880022154,35.27023679988844],[114.07926319983687,35.27442369979394],[114.09425139998223,35.279039599697796],[114.09447669993983,35.302684000266424],[114.09037829961892,35.3035246001802],[114.0891444999188,35.299628100356585],[114.07664540016515,35.30045120036266],[114.06944630020666,35.29855110015319],[114.06954289998487,35.3014669000774],[114.06502600014983,35.30016230034994],[114.05585289999135,35.304172499661206],[114.05744069982848,35.3068955002272],[114.05593869981124,35.3076921997353],[114.04608959995517,35.3092768996093],[114.04598230004319,35.3117459001532],[114.04422279984237,35.310537699655185],[114.04520990021683,35.31533530038388],[114.03954499960207,35.316193300380576],[114.03641219956342,35.32314400039536],[114.03224409998529,35.32442640035816],[114.03426110036958,35.33115760014317],[114.04072519970828,35.3324749000966],[114.04302120036812,35.33792329972056],[114.04213069977209,35.34387880006665],[114.03936269982876,35.34387880006665],[114.03622979996533,35.34752809964215],[114.03272149969746,35.347545600449166],[114.03025390029734,35.34402760009374],[114.02920240037054,35.3480707002027],[114.02735710034995,35.34432520014792],[114.02516839960197,35.345165300038616],[114.02381659985622,35.3429598997796],[114.01722910004298,35.34383510020973],[114.01482580037043,35.341892300189556],[114.01083469996149,35.34154220041228],[114.00813099974596,35.33461050037437],[114.00231599958374,35.33690359982131],[114.00044920037033,35.33600220034134],[113.9964150997771,35.32941140001617],[113.99426930028801,35.330601800232955],[113.98862599959023,35.324894699830566],[113.98472069990044,35.32566499974001],[113.98429150025265,35.32407190019808],[113.97660969997776,35.3255074996714],[113.97534370005178,35.32062290032667],[113.97096630035458,35.317208800445826],[113.96750090044623,35.30739449985634],[113.96362780008292,35.30600239969107],[113.95987269976536,35.307193200106155],[113.95872469988501,35.305012999750204],[113.95599960030142,35.30550340006192],[113.95267369963165,35.30169460032562],[113.95194410034003,35.305652200089014],[113.94063589992686,35.30587109957162],[113.93845800003669,35.30969719956613],[113.93628000032186,35.309346999964134],[113.93556649979416,35.30704430025429],[113.93195630004323,35.30714500004177],[113.93174709974892,35.30560840040738],[113.9249772003376,35.30557339969272],[113.92496109977503,35.310310000306345],[113.91260150015921,35.310423900342755],[113.9098655997177,35.314442299672464],[113.90804169996454,35.31116800030304],[113.90388960022494,35.30956590034606],[113.90157220019694,35.306694099752974],[113.88995290000639,35.30940829955341],[113.88455630043302,35.30690420026866],[113.87735719957516,35.30967089979225],[113.87154220031232,35.30886540041797],[113.8676261995895,35.310310000306345],[113.86680010034445,35.313277999580066],[113.86537040042367,35.27516819995253],[113.88250709982287,35.27519449972641],[113.88247489959701,35.25975990039916],[113.88656259978427,35.25127919997516],[113.88421289970563,35.24472539955758],[113.88813970038689,35.235103900124955],[113.89427660028491,35.23614670001024],[113.89606829981221,35.232720300101846],[113.90354630022159,35.21789989996046],[113.90700099999617,35.21642729968016],[113.90858889965807,35.21360489974637],[113.91432880013406,35.21250040007345],[113.91752599972517,35.20767040036873],[113.91727919967536,35.20991450025406],[113.9202296999407,35.21123819978317],[113.92340540033899,35.21032650036773],[113.93418790025146,35.215042400386494],[113.94251349999809,35.21069469990056],[113.94131179979979,35.21006349993064],[113.94282459977558,35.20917820011391],[113.94159080007546,35.20737230029147],[113.94295329995487,35.20460220043128],[113.9450561999837,35.205899600186456],[113.94708389960238,35.203988500369064],[113.95010949955383,35.206434400027604],[113.95005580013515,35.20466350002056],[113.95307060012817,35.20270859962221],[113.95568849962467,35.20574179974432],[113.95776979973652,35.20516320022159],[113.95976539985338,35.20663600015132],[113.96429299982219,35.211667699804536],[113.9701079999843,35.21026519987913],[113.97212500036858,35.21100150001928]],[[113.87301739963334,35.2963312999496],[113.87616370029457,35.295643900445725],[113.87369330040553,35.29434790003563],[113.87301739963334,35.2963312999496]],[[113.89580420040363,35.23981160012528],[113.89878029987096,35.23984359980233],[113.89881619990774,35.23761249961723],[113.8958401004403,35.2375805997649],[113.89580420040363,35.23981160012528]]]}},{"type":"Feature","properties":{"shapeName":"Puyang County","shapeISO":"","shapeID":"62558664B83659770445689","shapeGroup":"CHN","shapeType":"ADM3"},"geometry":{"type":"Polygon","coordinates":[[[115.35513640032468,35.774928900148666],[115.35552259978817,35.777418300014574],[115.35774349986264,35.77749670021262],[115.3538810996331,35.77994250004639],[115.34312009981284,35.78188349962386],[115.34427879982684,35.787288300114994],[115.34099580041595,35.78746239986992],[115.34001409957114,35.791026299823955],[115.33823310017749,35.79216199967658],[115.33792730010487,35.79006889956014],[115.32793879993574,35.792658000066695],[115.32857180034841,35.794729199892686],[115.32617929973492,35.79645220020893],[115.31343830033734,35.78801340009841],[115.3033827997765,35.78444290001988],[115.29376230038986,35.78706739964082],[115.2840273002198,35.7954178998163],[115.27393329968208,35.793906900283275],[115.25553880037535,35.78471740008797],[115.24546029965313,35.78228740044324],[115.23931879972292,35.78293989995649],[115.18424979988845,35.76268740040325],[115.12967680044403,35.764926900256285],[115.10992119970365,35.75182839966095],[115.08109750004962,35.75374799987037],[115.0620924995693,35.743246100127465],[115.05579739993016,35.73662020016218],[115.0506042998486,35.733981900444405],[115.03478240028755,35.734740000150964],[115.02609739997513,35.72979360029444],[114.99676470023076,35.73244119990153],[114.98962179980629,35.69321209955882],[114.98537069999782,35.691149099751215],[114.98400129962033,35.68733989981655],[114.97144329966864,35.68116790027841],[114.95375080035922,35.67744440033886],[114.93406680004284,35.67414840032848],[114.91797629996631,35.675319400370086],[114.89923079976165,35.66033540005873],[114.89354680024474,35.65084090018746],[114.88475779963278,35.643126899686706],[114.87465679967158,35.63080189968798],[114.87342080022984,35.6241303995983],[114.87609080015034,35.60697539989485],[114.87760930002923,35.602187900351396],[114.88078329980954,35.59879640043357],[114.89388329957467,35.591449899793076],[114.90804279963561,35.585948899721984],[114.91847230035648,35.58428590037403],[114.9302367996886,35.58493789986426],[114.9474562996686,35.581085400271036],[114.95424629982699,35.57867439970386],[114.95748880006818,35.572532399750514],[114.95979330022067,35.54596689955281],[114.95894629983195,35.51040239985093],[114.96312680016172,35.49923340010139],[114.96540079980707,35.48642740040424],[114.96418779962733,35.47814939997488],[114.95526129986911,35.46447739991214],[114.95516179977733,35.456447400127445],[114.96243279963403,35.445552900446046],[114.97467780044019,35.437034399717845],[114.97884380010134,35.42678089991864],[114.97805030038114,35.424472899604666],[114.97173329955217,35.41932689971668],[114.95435330026464,35.40758140036138],[114.94699079978568,35.398975400094685],[114.94563280011369,35.38519290033213],[114.95069879990979,35.37219990010533],[114.95731330006879,35.364967400225396],[114.99017330005779,35.34828940003581],[115.01279799982785,35.341583699628075],[115.0121892999963,35.356538400027205],[115.0178136996426,35.37270630025563],[115.04387000010047,35.37501750035739],[115.06607489993678,35.37282590019521],[115.07181059967945,35.37842579961102],[115.09269609964531,35.41138629973801],[115.14721620006765,35.42465720036955],[115.16252720017019,35.428383700447455],[115.18973509959528,35.424384599669565],[115.21331640013182,35.40721129966181],[115.22273399987421,35.417162600273855],[115.24605460043949,35.43186329975151],[115.29555569963588,35.47702450008069],[115.31767819998902,35.48646669987835],[115.35300180009301,35.50020360041589],[115.35244409991537,35.50802740004451],[115.34109669985287,35.52699479987018],[115.33366180035182,35.54324869956787],[115.34531169997501,35.560076700379454],[115.36287709989836,35.57124250034116],[115.37123739998606,35.57013410030851],[115.38905779997754,35.559038200152884],[115.39342310019595,35.56004869998759],[115.3978579998469,35.56548109977297],[115.41041129994164,35.62411100032244],[115.42051789998118,35.62404130016591],[115.42017459997783,35.62233190029701],[115.42268509973758,35.62227960022341],[115.42285680010127,35.61990740000658],[115.4291224001787,35.620326000244745],[115.42963739964637,35.62210520009495],[115.43210499994586,35.62229710013111],[115.43257709995328,35.624372700339904],[115.42989489982983,35.62447729958774],[115.43094629993186,35.62772150044697],[115.42890780035475,35.627878399768406],[115.42710539979441,35.62606449957707],[115.42744869979776,35.622488900342546],[115.42455189985037,35.62282029961716],[115.42558189968497,35.62829700000657],[115.42092560043614,35.62875050023547],[115.42049639988898,35.62606449957707],[115.41835070022466,35.62595990032918],[115.41305059970546,35.62653539988884],[115.41286229965544,35.62775369977345],[115.40815120021773,35.627435700397314],[115.40799210025523,35.6326096997779],[115.3990155001652,35.63315319966051],[115.39868150005123,35.636539999721265],[115.38716370004477,35.63889500040398],[115.38876110014473,35.64343400017901],[115.38720029975411,35.643700999901284],[115.38842340021984,35.64596919981875],[115.3872659997262,35.64669160003734],[115.38894070015328,35.646645499889985],[115.39078519977716,35.64973460007178],[115.38881030025516,35.65010939972905],[115.38764390024585,35.65500870029132],[115.38703599991152,35.65279269972336],[115.38519589977102,35.655075500134274],[115.38503159992842,35.65291290041006],[115.38030000044478,35.65268589983447],[115.37979069998084,35.651364300222326],[115.37780279985941,35.65212520041774],[115.37653000015939,35.64993780008945],[115.37438080033371,35.65039090011999],[115.37129060028099,35.64576509957976],[115.37034960005406,35.64747389960081],[115.36809589990594,35.6436692996985],[115.36603960004754,35.643593799814084],[115.36398340001392,35.63864659956096],[115.35800050002308,35.639279199775274],[115.35883699992769,35.64222490035894],[115.35709439978677,35.642734699946516],[115.35714080030777,35.64817240033608],[115.3590112004066,35.64865390005747],[115.35903440021741,35.650202100046954],[115.35662970030046,35.65040980027214],[115.35802379965867,35.65708359992823],[115.35466640023424,35.65723459969706],[115.35359760004928,35.655988599794114],[115.35379510016378,35.659839799866916],[115.35547959960388,35.65993419990343],[115.35911579965455,35.66493659964442],[115.35911679970059,35.67200629975099],[115.35800150006924,35.6713739999102],[115.35807120022582,35.67383710000223],[115.35579430026678,35.67279899997391],[115.35593369968058,35.67444109997683],[115.35314550006478,35.675007299647234],[115.35330820001343,35.67839519957886],[115.34561759987241,35.67972569978127],[115.3452922997999,35.68843520032431],[115.35032260010792,35.6905297996106],[115.35624729957328,35.68955800030153],[115.35589879968995,35.68798229994326],[115.35358699974029,35.68769919965837],[115.3563054002741,35.687066999642354],[115.3568213997878,35.68863509983004],[115.36210339965226,35.68763430008295],[115.36389419985755,35.68648670040096],[115.36458420020074,35.68100880031591],[115.3666050002206,35.682436699793925],[115.36616959974731,35.680521699616804],[115.36937329963814,35.68124900024122],[115.36876540020307,35.67908710018958],[115.36621889968251,35.679327300114835],[115.36576710007171,35.67713190031702],[115.37104909993604,35.676384599669575],[115.37264270040032,35.68003459981696],[115.37923909990457,35.68164930017514],[115.38048769974762,35.683857900221994],[115.38281239957269,35.684138100193195],[115.38542469989,35.6902230003912],[115.37971019986594,35.690798999973936],[115.3779622001955,35.69361069977401],[115.37414979957362,35.69416990002094],[115.3740649998,35.695479199605415],[115.3733013000151,35.69432840013559],[115.37249519989359,35.69556190036144],[115.36127769970619,35.6966162997025],[115.36163410013364,35.698814499989226],[115.36074310041386,35.696885000042755],[115.35822300039126,35.69694700020392],[115.35159599965573,35.69920039997851],[115.35223829995766,35.70949999992513],[115.34907569998359,35.70974339963823],[115.34910569956844,35.7114838000374],[115.3464976998091,35.71233569993268],[115.34907569998359,35.712944200114805],[115.34483399988926,35.71436810030764],[115.34570529995972,35.72942129985313],[115.3438399999161,35.73137439980877],[115.3446455001897,35.732475599869076],[115.34768719980445,35.73219170008696],[115.34552510010337,35.73322410021211],[115.34550390038476,35.735134000333915],[115.34898029990097,35.73510819968374],[115.35042170000156,35.7383944996065],[115.34552510010337,35.73875580043989],[115.3449528003315,35.736243799711644],[115.34028949986055,35.73668249979755],[115.34120089980172,35.740261299719236],[115.34474080044765,35.739960200403004],[115.34557809984949,35.744545199601305],[115.34782500022368,35.74434740001254],[115.34516659975884,35.74736100030998],[115.34691539982589,35.74888350037327],[115.34489099981988,35.74946839964696],[115.34682840031053,35.749311799799784],[115.34856710009171,35.75279080015537],[115.3464687002704,35.75608709964001],[115.33984340015286,35.75811449978437],[115.33957169967425,35.76004909978616],[115.33601310032441,35.76071049988968],[115.33440919992472,35.762602400080766],[115.34335900021779,35.76767170038869],[115.34121159993549,35.769499399777544],[115.34339400003319,35.77149780038326],[115.34478760026764,35.77014659958593],[115.34693499965056,35.77201689986009],[115.34867919968542,35.77119909955883],[115.35513640032468,35.774928900148666]]]}},{"type":"Feature","properties":{"shapeName":"Runan County","shapeISO":"","shapeID":"62558664B87483993090015","shapeGroup":"CHN","shapeType":"ADM3"},"geometry":{"type":"Polygon","coordinates":[[[114.15847030016425,33.13741340020829],[114.15561679987547,33.13252639967368],[114.15339680002239,33.11686689968775],[114.14978029962117,33.11081690037969],[114.14219679974258,33.10926039964778],[114.13140080010692,33.11406339990606],[114.12783030002834,33.11489439955693],[114.1254118000146,33.113693899953546],[114.1212233002152,33.10854339985809],[114.11625679961162,33.09328090019346],[114.10675030008633,33.083873899860635],[114.1042632996116,33.076698399911265],[114.10471329967913,33.06293890031003],[114.10746779989915,33.05359240006925],[114.11202979983545,33.04750039972373],[114.12091080019331,33.04243089976626],[114.12693780023938,33.04142390009298],[114.1355282997913,33.028541399565995],[114.138847299963,33.027011900079174],[114.14730080039169,33.02698139957198],[114.15866830030188,33.02930839986283],[114.16390980009726,33.027137899594436],[114.16515329988499,33.02257539963506],[114.15956130011398,33.009818900421976],[114.14864330024818,33.00222390001301],[114.13514780023081,32.99823739963631],[114.1101838001423,32.99581540036047],[114.10130329980746,32.992164400166985],[114.0831603004076,32.980712899980404],[114.07202929971243,32.97150039962378],[114.07000729999697,32.966862399779984],[114.07298279961663,32.95912540001723],[114.08431229957307,32.94562539979239],[114.08637230014165,32.941082399832965],[114.08493030019326,32.926818900371984],[114.09136980037601,32.92146289979303],[114.09629830012648,32.92043289995843],[114.09931930004575,32.919585899569654],[114.11695879960894,32.921146399586746],[114.12745679989143,32.916343900250865],[114.13303379987008,32.91211290029014],[114.13984680018973,32.91135390036226],[114.14375329957522,32.90892039965678],[114.14518029973112,32.906657899642425],[114.14405079980463,32.8995169003847],[114.13793180001267,32.895240900147485],[114.12872329984043,32.89388289957623],[114.12283329981699,32.890987400048516],[114.1200637998046,32.884036899683224],[114.12287880011661,32.88111890001727],[114.13384230028203,32.87861989988852],[114.13688680038558,32.87662889980396],[114.14084630041646,32.87213140014404],[114.14010629956613,32.86155339976966],[114.14418030038064,32.85315690017086],[114.18035929964208,32.82690790017949],[114.18123629961565,32.8161434001978],[114.17767329988294,32.80894840024854],[114.1753998002606,32.794891900440916],[114.1702802997961,32.793399899985445],[114.16480229988633,32.79487989988752],[114.15315230043836,32.79368989986904],[114.1476898003441,32.7862168996902],[114.14524079982311,32.77790090020642],[114.14617929993483,32.77401740008298],[114.15561679987547,32.76758190008468],[114.15971379995199,32.766990399787176],[114.16560379997543,32.76987839986833],[114.17616280037305,32.77104189956407],[114.18414279965054,32.767551399577485],[114.19568860004892,32.75846050015201],[114.19358079961432,32.75239190016612],[114.1994618001221,32.747394800129996],[114.19749909990355,32.743974899621946],[114.19229829982669,32.74203289999838],[114.18645749991379,32.737177999864855],[114.18355940044603,32.73264839980385],[114.17715559975125,32.73002790036736],[114.16961789964637,32.72166279969849],[114.1656084998325,32.72274230001716],[114.16208020044098,32.72665500022811],[114.16071599994348,32.725964499861846],[114.1606368002482,32.71788479994359],[114.15117460042757,32.71100299968873],[114.14988760043252,32.70845640024271],[114.15931679963069,32.694221400297465],[114.16458129958733,32.690902900148785],[114.17756630034455,32.692352400442985],[114.20384980012818,32.70236189978192],[114.20957179959896,32.70157640043061],[114.21372979979049,32.698688400349454],[114.21559130019841,32.691383399824076],[114.21307380011581,32.685130900170975],[114.19407629998136,32.66771290003038],[114.19230580017256,32.66353990004637],[114.19642630043347,32.65330890038547],[114.20568830037485,32.64364990012285],[114.21317280018468,32.63854190018861],[114.22618080020379,32.64670189967296],[114.23702280016221,32.64694990031768],[114.24987029997442,32.64356990003091],[114.26761629995235,32.64855939989644],[114.27172130039776,32.647502899739095],[114.28595730038921,32.63899240027911],[114.30336780018388,32.64701090043275],[114.31775680003636,32.6497458997535],[114.32187630025112,32.66075890040298],[114.34446729972615,32.672897399895135],[114.36299879995477,32.68870939971907],[114.38404079994302,32.718974899671935],[114.39981829997464,32.721473899800685],[114.40611279976599,32.7299538996528],[114.41619129958883,32.73521440032437],[114.41545029959173,32.75243390030431],[114.42147080023733,32.761146400086375],[114.43580630032056,32.7600823995831],[114.43903250034964,32.76810489992124],[114.44398610017845,32.768515800164096],[114.44444199979853,32.77106720019117],[114.44800760037049,32.77193380040461],[114.44686109966005,32.77385460030962],[114.45237229984184,32.77502599965021],[114.45235350041378,32.776203499991595],[114.45727470036718,32.77268889997282],[114.4599120000388,32.77498689982559],[114.46273439997265,32.77363729982159],[114.46335799977192,32.7745593000717],[114.46510999962686,32.772141399905706],[114.46838000023683,32.77608359967843],[114.47105050018047,32.77652029967214],[114.47389469968073,32.77601619998768],[114.47444200009829,32.772975399694985],[114.47692849965063,32.772091699772204],[114.4871269996114,32.77360360042587],[114.48924900034115,32.775145499765074],[114.49109259974375,32.77414570006408],[114.49437259991566,32.77789070009578],[114.4993619001317,32.77776690032226],[114.50482280033202,32.78141810016524],[114.50682949988152,32.780288899713014],[114.51223299995308,32.781859599840686],[114.51359940019222,32.78509039990206],[114.51749310042635,32.78620659975485],[114.52374479968285,32.79140649961033],[114.52993780018937,32.793187599728014],[114.53535339973962,32.798101400059636],[114.5444894999905,32.79799650043822],[114.55625179958099,32.793592200219905],[114.56120509993548,32.79604570004909],[114.57140400009462,32.79549209988056],[114.57464600031278,32.79780399965489],[114.57446690032725,32.803235699767754],[114.58681920014601,32.80749370007425],[114.58660029976409,32.81172529988271],[114.58878929998627,32.81564129970627],[114.58172190034554,32.8220273999446],[114.57731259989657,32.82076590022615],[114.57334589989341,32.82456979955663],[114.57219949990701,32.821855800305],[114.56952919961293,32.82174700032385],[114.5635250000787,32.825373500286844],[114.56946659960397,32.83104939961015],[114.56546389973926,32.836619800363565],[114.55289270043784,32.836514700193334],[114.54853079965676,32.834243900335764],[114.55139169956738,32.83057640028068],[114.5512041000892,32.82595159978655],[114.54776419955817,32.82227260010046],[114.54494979999333,32.82232509982356],[114.53394219977281,32.82626690029724],[114.52309409971303,32.83939629979943],[114.52556139963895,32.84276800024304],[114.52768789967683,32.84292560013637],[114.53219100031447,32.8373030000335],[114.53513050007257,32.83693509997494],[114.53650649967528,32.83924730012285],[114.53300409985934,32.84218999966879],[114.53175319955062,32.84670879977136],[114.53550579975297,32.84744450006366],[114.53863289988851,32.853749500339234],[114.5473263996937,32.85212070041007],[114.55620749987634,32.85516800010316],[114.55601990039816,32.864151700340756],[114.55257999986713,32.87019289978252],[114.53813259983963,32.878124600070294],[114.53369200028567,32.87943770018978],[114.52775039986113,32.877967000176966],[114.52474839991874,32.873187000080065],[114.52893879998567,32.87003529988925],[114.5278129998701,32.864519499675225],[114.52212159983208,32.864151700340756],[114.51516569993714,32.8670823004079],[114.50673600006644,32.859738799905756],[114.50567279995983,32.85422230001916],[114.49898069999938,32.85353929999877],[114.49466519973919,32.85138509994243],[114.492851400272,32.85558830006005],[114.49472769992349,32.857479700228055],[114.50304599987305,32.85742719960564],[114.50016900029914,32.86299599956578],[114.50592289962219,32.86782900030818],[114.50586040033727,32.8697201001026],[114.50279580038591,32.87066559963779],[114.50185759974852,32.87255670033153],[114.50679850025062,32.87885990016429],[114.50429680035711,32.88327190037796],[114.4978548998838,32.88143359978085],[114.49644340044267,32.876625399642535],[114.48882659956803,32.87516839990178],[114.48540119970562,32.87114079960827],[114.48257619983178,32.87010280030404],[114.45638429959581,32.87212310030088],[114.45494560015936,32.87660920015452],[114.45339900006388,32.87687090017198],[114.44143880016054,32.87514200030313],[114.43917589994794,32.87733480016095],[114.42563620005069,32.88049580024102],[114.410656100099,32.891340199590616],[114.4077065998797,32.89454519990113],[114.40476200006628,32.905652599687755],[114.40826759967001,32.90891040009495],[114.40801420039509,32.910651099968334],[114.40487990028726,32.91376559970274],[114.39590340002201,32.915906899883566],[114.39506919968392,32.91756199958667],[114.39783859987153,32.922475899743006],[114.4010565000575,32.92347139978534],[114.40415440010554,32.920734299648245],[114.4059768996143,32.92349110033405],[114.40197850030756,32.930828099637154],[114.403701300075,32.934211199887045],[114.40011010030094,32.93490220027638],[114.39714229977733,32.93945180036036],[114.39351219982825,32.940419100361225],[114.4005582999257,32.945854399560915],[114.41153729990651,32.95029840035096],[114.42101980012376,32.95860290020374],[114.4399563001432,32.982780399995534],[114.4473187997229,32.99676490008011],[114.44790629983595,33.00252190026555],[114.44273379962522,33.016842399657094],[114.44326779996902,33.023971400160065],[114.45156929968346,33.02764889977698],[114.45658129968729,33.031917399668316],[114.4671322997159,33.06229040008196],[114.46756729999095,33.072173899905636],[114.46399679991248,33.07965489955404],[114.4562378000345,33.08311089974825],[114.44474030042454,33.08416739990565],[114.44220729962728,33.08593390042921],[114.43811029955077,33.093395400077725],[114.44069680011728,33.104030400382726],[114.45477279992485,33.128070900151954],[114.45716879980034,33.13640589961261],[114.45233930011864,33.1553268998166],[114.44489230023953,33.16430290005883],[114.44403080008146,33.16754140011557],[114.4323728002646,33.16500490005615],[114.42989330013575,33.16564189975395],[114.41079729995545,33.18429190005122],[114.40278630014768,33.18710690036323],[114.38613879956597,33.187442899670145],[114.3622588000037,33.173621899930765],[114.33930980020716,33.165324900423855],[114.31291179963989,33.162914399879696],[114.2926788000866,33.164306400220255],[114.28349280005273,33.161582899631185],[114.28002180006604,33.15897790001014],[114.26403030005838,33.15541090009299],[114.25856779996411,33.1555213997928],[114.2502668002727,33.15900789959494],[114.24093629987044,33.16086589984144],[114.2238312997747,33.15841290003539],[114.21366879967547,33.16048040005046],[114.1923673003107,33.16091540032551],[114.18646229959552,33.1580234000599],[114.17687229981686,33.14219590042052],[114.16694629983192,33.136691900211076],[114.15847030016425,33.13741340020829]]]}},{"type":"Feature","properties":{"shapeName":"Weidu District","shapeISO":"","shapeID":"62558664B75481039329419","shapeGroup":"CHN","shapeType":"ADM3"},"geometry":{"type":"Polygon","coordinates":[[[113.73461899966719,34.01395080028925],[113.7425383999273,34.00082110041353],[113.75441740004305,33.9937083002979],[113.7818051000254,33.98276439995715],[113.8131526004122,33.992887499858284],[113.81447250030567,33.98413240009023],[113.82041199991397,33.97975450036995],[113.8342707999575,33.97893369993034],[113.8421902002176,33.98467969960848],[113.84548990003896,33.997264699906054],[113.86066869980073,34.00191530015104],[113.86990790012953,34.02270280009418],[113.88046700035181,34.0292662997],[113.87353759988036,34.05196090017546],[113.8633083997629,34.07136950020231],[113.84944959971926,34.07710920012954],[113.82899130020837,34.07874910039072],[113.81645230023355,34.08476159976806],[113.80226350026044,34.10061070022368],[113.78312499991887,34.105255599666236],[113.77751550024016,34.09869810033712],[113.77850540020415,34.08421499992238],[113.756067299866,34.05442140032744],[113.756067299866,34.03938390024683],[113.7521076001857,34.02981319991932],[113.73461899966719,34.01395080028925]]]}},{"type":"Feature","properties":{"shapeName":"Jia County","shapeISO":"","shapeID":"62558664B34724802369377","shapeGroup":"CHN","shapeType":"ADM3"},"geometry":{"type":"Polygon","coordinates":[[[113.3730995995669,33.82576610002553],[113.3761367998735,33.836131899967256],[113.3739927999278,33.84461189981937],[113.37017830028844,33.85378640022225],[113.35649879987977,33.87169639966913],[113.3543398001417,33.881320900139485],[113.35906979973151,33.891837900398855],[113.37516029980804,33.91330740031634],[113.37964629983696,33.92909289981753],[113.38932780023788,33.93684390022588],[113.40425129955793,33.94457239959661],[113.40683730010142,33.9626538997577],[113.40696729980107,33.98830039984364],[113.39575179970586,34.003913900406246],[113.39118929974643,34.02751539971598],[113.38543679976851,34.037383899747226],[113.3799362997205,34.04106889971001],[113.36946879994525,34.04293839958751],[113.34544379999147,34.03775389972276],[113.33106279960862,34.031387400208416],[113.321968300197,34.03416439966736],[113.31896180004708,34.03966889989988],[113.31659679980248,34.066924899564526],[113.31221029986546,34.074497399835195],[113.30423730001144,34.082763399711155],[113.29543279958409,34.08851639971215],[113.28633179987276,34.09037389993557],[113.24913779966982,34.111541900338466],[113.22123779998458,34.111835400383484],[113.17151630033709,34.10255439956592],[113.16130079959225,34.102115400005744],[113.15107730027728,34.10442340031972],[113.14170829989814,34.10924889981692],[113.13536829980728,34.11383840012212],[113.11553929999877,34.13837040007394],[113.10619329978101,34.164714899972694],[113.0965498002331,34.17800889969101],[113.09490179977831,34.18465040019589],[113.08991229991273,34.175498899954334],[113.06390380022026,34.14805239959861],[113.02381879979782,34.124957900286915],[113.0105513004022,34.11237340001247],[113.00060280027913,34.097263400185795],[113.00469980035552,34.04505540008671],[113.00855229994875,34.032687899926714],[113.01967630032107,34.02834340012788],[113.04293830016252,34.01524739964782],[113.0681383003423,34.00964740040723],[113.11898030040061,33.97584890030657],[113.11788929955162,33.96608339962927],[113.12494630033154,33.95770640003036],[113.15300730024671,33.961078399948235],[113.16606880003519,33.93681339971869],[113.17404179988921,33.929176400070844],[113.22176379995949,33.92322139974783],[113.23905180040038,33.91188440034483],[113.24234030006482,33.907066400294184],[113.24397279980496,33.897903400421626],[113.23869330005584,33.88830190011265],[113.22653180040231,33.87573239963058],[113.22458679974113,33.87047189985833],[113.22705080005449,33.86565789999213],[113.23172779989807,33.86404440022892],[113.25596629980498,33.86558490022304],[113.26503729993146,33.86281590023367],[113.27493280030853,33.85729190000126],[113.29025279992686,33.83365990018427],[113.29181680010527,33.81373589959213],[113.2960740000151,33.80397080001245],[113.30736940037764,33.81510899978059],[113.31732749986429,33.81313560032777],[113.32423890040502,33.800675200200374],[113.33910339970214,33.80267679969461],[113.33840820037824,33.81927789975532],[113.34195730018928,33.82380560044817],[113.3730995995669,33.82576610002553]]]}},{"type":"Feature","properties":{"shapeName":"Zhecheng County","shapeISO":"","shapeID":"62558664B52622019355864","shapeGroup":"CHN","shapeType":"ADM3"},"geometry":{"type":"Polygon","coordinates":[[[115.10900879971643,34.21450440005805],[115.11535630015317,34.21260439967335],[115.11650079987203,34.210788899588124],[115.11290729963218,34.19811239956766],[115.11332680009184,34.191463399616225],[115.12364980039808,34.17372189984587],[115.12515230043834,34.16778190021455],[115.12220779955032,34.15075290002636],[115.11667629987141,34.13850790011952],[115.11464729983311,34.11736690006245],[115.11602030019674,34.1047668999725],[115.11318179970033,34.082923899918114],[115.11640129978025,34.0740243996064],[115.12651080013336,34.06545640019277],[115.13108080043867,34.057952900406065],[115.13033280011871,34.054271399705385],[115.11483779962487,34.03154740039224],[115.10968030010588,34.02779389996857],[115.10059330014076,34.027427400154465],[115.08200079979713,34.03333640015478],[115.07457730010242,34.032302900158754],[115.0696868003057,34.028785899849424],[115.06848879991821,34.021190400316755],[115.07156379962976,34.007011400255976],[115.07079330007082,34.00424590042803],[115.06735980001486,33.99730689969374],[115.05819680014224,33.987754899868776],[115.05502330038507,33.98220040002849],[115.05297080016237,33.962890399872094],[115.03981030030513,33.94799440002157],[115.04071030044008,33.944797400080006],[115.04934680031465,33.940112899890494],[115.06343829993762,33.93781289994541],[115.08280930020908,33.93306340035571],[115.09049230017956,33.934329900304704],[115.0969468001548,33.94108589979447],[115.09411580000426,33.9577978997533],[115.09515380020775,33.960796400433594],[115.10249329962619,33.96549590041553],[115.10742180027592,33.96649139955849],[115.11569979980595,33.96569789983823],[115.12818079980411,33.96152890003873],[115.1353987999147,33.958656399773076],[115.14517230006163,33.952148400028705],[115.1507108000634,33.95062639998844],[115.16174329981345,33.95009989999045],[115.17240879972644,33.95347189990832],[115.18845380040261,33.963577400076986],[115.19539630039901,33.973544900177046],[115.20146180042184,33.986713400403175],[115.20916729963119,33.98705690005596],[115.22879029983255,33.98389790006809],[115.24008930018113,33.98359689967725],[115.24693280010865,33.98576339976114],[115.25010679988895,33.99222940026664],[115.24933630033001,34.003005899902405],[115.25115979988493,34.0085408997428],[115.26219229963499,34.02200290001389],[115.27253780007948,34.02834690028925],[115.27780079996705,34.02681339971866],[115.2789613004237,34.02384540044494],[115.27604680001991,34.00338340022381],[115.27973179998264,33.9988439004257],[115.28305829960095,33.99774189996879],[115.28825379997295,33.99942390019288],[115.29653929984886,34.01261889984238],[115.30602280011215,34.02123639974013],[115.31477329984796,34.02502840014063],[115.3254927995531,34.026550400180895],[115.34150679969912,34.024474899796814],[115.35286730018584,34.02049639978907],[115.38981629988234,33.996742399742004],[115.44788380039711,33.990936399994894],[115.4519272998051,33.997451900085196],[115.45445230023358,34.01056290035763],[115.45662679978705,34.01219540009771],[115.46785729967473,34.01554890006173],[115.48313129986968,34.02537539995478],[115.49109630025407,34.02661889974246],[115.51152029962225,34.02480289963415],[115.5227737996712,34.027919900383154],[115.5262983003264,34.03117390025534],[115.53195929968194,34.03858190013466],[115.53537729992252,34.0484924003041],[115.5363388001955,34.07397439999863],[115.53327930029957,34.092063899629295],[115.53566729980605,34.09782790013753],[115.53143329970703,34.10661689985011],[115.52555080002946,34.12857439978876],[115.51846329964167,34.139964899860274],[115.51483929979395,34.15827939997439],[115.50784280000528,34.16416139962894],[115.49815380015787,34.165881899829856],[115.49320230024603,34.164901899603024],[115.48338329979947,34.158588399834855],[115.47841630007224,34.15737889981642],[115.47480029969415,34.159629900199775],[115.47120680035357,34.17541889986239],[115.47324329983849,34.1862299001898],[115.471961800097,34.1960829004056],[115.45876330028614,34.209457400238875],[115.44812029961224,34.217357400323806],[115.44061329966416,34.22070690010344],[115.4181213002579,34.227077399802226],[115.40788280025106,34.22854990025775],[115.37835680022624,34.24102389993311],[115.36650080027175,34.24017690044366],[115.35910029983904,34.2370988996945],[115.35080729961726,34.236987899971666],[115.34578680012078,34.2392159001937],[115.33796680012779,34.243930899991085],[115.32862079991003,34.256198900059246],[115.32923130018446,34.26790640036012],[115.29926280043799,34.2741583999902],[115.29016880015001,34.27265940011125],[115.27458179991015,34.264182900420565],[115.25946029955321,34.26029940029713],[115.23708330005434,34.260440899627895],[115.22412879980436,34.25842290009683],[115.19949329957615,34.26036439969732],[115.17256179958747,34.253314900162536],[115.16094179972436,34.254062399560155],[115.15728780029178,34.24368290024569],[115.14975730015931,34.23370339959229],[115.14102180021598,34.22875589986495],[115.12619780008845,34.22463240036501],[115.1136778000905,34.2159499001678],[115.10900879971643,34.21450440005805]]]}},{"type":"Feature","properties":{"shapeName":"Huiji District","shapeISO":"","shapeID":"62558664B5302319994143","shapeGroup":"CHN","shapeType":"ADM3"},"geometry":{"type":"Polygon","coordinates":[[[113.50343609989613,34.853960300127824],[113.51375269972732,34.85234769968662],[113.52259549958274,34.85691660012105],[113.53995360037845,34.858260299673134],[113.54617639992102,34.854632199816194],[113.55501919977632,34.853288400439396],[113.56271570036938,34.85973840020705],[113.5674646001113,34.86027589981296],[113.57123100041042,34.85315400035688],[113.5851501998219,34.848181700025464],[113.58809779977366,34.83742990026974],[113.5953030996584,34.828693000081955],[113.59612190000576,34.8214339000545],[113.59432050039084,34.81363650002453],[113.5917005000781,34.81121640011685],[113.59219169988705,34.80543489970091],[113.59628560000056,34.80341800004072],[113.60267210043719,34.80422470000997],[113.60283580043188,34.80220780034978],[113.60995609999406,34.80479270012307],[113.61222300039117,34.804526800271674],[113.61465180034043,34.799873299713056],[113.61675680028611,34.79907550033414],[113.62193830001263,34.80067109999135],[113.62371940013031,34.79880959958342],[113.62681079987863,34.80003189965248],[113.63070359989126,34.7992797003979],[113.62589479990515,34.80586069991142],[113.62646730022584,34.81074919961594],[113.62303239992536,34.81215919988722],[113.61982650029279,34.817517300383145],[113.62360490024605,34.8180813003118],[113.62841370023216,34.83152179959143],[113.63047460012274,34.8447721003522],[113.63711530023102,34.853510600433935],[113.64409959981674,34.85520179982325],[113.66757110032609,34.85369850028559],[113.69115709982032,34.85614129998106],[113.69894279967048,34.85914780013093],[113.70409510020875,34.865911899814364],[113.7085603996428,34.86873009991422],[113.76099929977795,34.86750889971603],[113.77691410020566,34.858490099838264],[113.79477539956508,34.867133199837326],[113.79454639979656,34.872299799596135],[113.7890505996055,34.87690250015032],[113.78961299964033,34.88206690016739],[113.78331449966447,34.88464550018972],[113.7805790003207,34.89418160000088],[113.77076679964819,34.90702919963792],[113.7605920004205,34.91593870041072],[113.73695560022088,34.92145260035727],[113.69262770000842,34.90990329979752],[113.67433689972825,34.907660399607835],[113.6651562002985,34.911145900263136],[113.65863920013908,34.91691180013953],[113.63474080044762,34.92818950004545],[113.61785329959014,34.93384049983922],[113.59775870030387,34.930464599561674],[113.58773289985356,34.93352949988656],[113.56268639955772,34.95631019965606],[113.55655830042531,34.95968550008581],[113.54931070002885,34.957315700159484],[113.51393699959294,34.96713149991882],[113.50365800041641,34.96745610031883],[113.4982999997452,34.96459730032518],[113.5007306001371,34.96080010004465],[113.49699809978256,34.95125950002597],[113.499127000111,34.94844079990304],[113.49585179962094,34.947367000386805],[113.49945449992526,34.94481660040583],[113.49634310015404,34.93998420041055],[113.49994569973433,34.935956899591304],[113.49552429980668,34.92843880021053],[113.49274049967437,34.91877159992947],[113.4966705999683,34.918368799880284],[113.49896320029154,34.91957729985256],[113.50109199989595,34.91769740021488],[113.50174700042385,34.90722330031508],[113.50485840019508,34.90158280010621],[113.50371210003345,34.89433009965444],[113.4966705999683,34.89016629973497],[113.49372300001653,34.88559929956807],[113.49143039969329,34.86988140030644],[113.50027320044785,34.86867219976227],[113.50207460006277,34.86329779995356],[113.50485840019508,34.86087920011505],[113.50343609989613,34.853960300127824]]]}},{"type":"Feature","properties":{"shapeName":"Huojia County","shapeISO":"","shapeID":"62558664B46258921531079","shapeGroup":"CHN","shapeType":"ADM3"},"geometry":{"type":"Polygon","coordinates":[[[113.70700880021604,35.34331890014715],[113.69615929991187,35.337074399963626],[113.676376300426,35.332305900397046],[113.66454329973351,35.32252139974287],[113.65283979961714,35.316402399950846],[113.63153830025237,35.31556740011547],[113.6155167997606,35.30611040017487],[113.58946980009125,35.28504189986381],[113.54635630030305,35.28527839997821],[113.51325229985378,35.28142140017752],[113.51741030004541,35.27613840026703],[113.52232380000339,35.25666039955786],[113.5325927996181,35.24379339974564],[113.53418730030376,35.23417290035911],[113.52316280002321,35.215682900245724],[113.51802829976623,35.20334639971662],[113.51505330016971,35.175891899891326],[113.52062279980248,35.17312239987888],[113.52866380009436,35.162780899618895],[113.53500380018534,35.15039040019684],[113.55310080016181,35.140228400120634],[113.56002029999695,35.1314959003156],[113.5695188000526,35.13007739965235],[113.57568380016733,35.13119139976334],[113.58601379989705,35.1302183998593],[113.59240779978018,35.12789889991433],[113.59768680040554,35.12237539970499],[113.61318180000012,35.06826790014355],[113.6178513003972,35.0586319000422],[113.62863180021748,35.04483389956488],[113.62776930001326,35.042094900059624],[113.63197329962816,35.043670399869086],[113.64743030016825,35.0559464003062],[113.65675330022464,35.06893939963362],[113.66571029959073,35.07049190018108],[113.69441230028747,35.06322489960951],[113.70168280012115,35.06455239967357],[113.71655329969508,35.071784899553506],[113.7256012996603,35.08363340006139],[113.74373629959064,35.08259940004234],[113.75356280038295,35.086425900235156],[113.76483130022439,35.09619540019759],[113.7559127999358,35.09831639998191],[113.73953229997574,35.10941289998539],[113.73539729994548,35.11584489982232],[113.7357632997365,35.12454239981196],[113.73895280023157,35.13642540011216],[113.73819729956574,35.14558789996164],[113.72944679983004,35.167617899646416],[113.7287368003631,35.18021389955186],[113.73362730015981,35.19437389963582],[113.73758680019068,35.20052740011948],[113.74009679992741,35.2279813999217],[113.73519879978483,35.24288940032562],[113.72633380016475,35.25141539960106],[113.72109230036938,35.26106240020965],[113.72537229989177,35.26950440010802],[113.73383329976707,35.27608889978296],[113.73754880023705,35.28430540007423],[113.734549800433,35.293021900040685],[113.7217862999978,35.30569089971527],[113.7077333003516,35.33050139991974],[113.70500929973946,35.33943990023124],[113.70700880021604,35.34331890014715]]]}},{"type":"Feature","properties":{"shapeName":"Luanchuan County","shapeISO":"","shapeID":"62558664B73068378600502","shapeGroup":"CHN","shapeType":"ADM3"},"geometry":{"type":"Polygon","coordinates":[[[111.36311379956226,34.09242859990002],[111.35732479969982,34.0892305999123],[111.35056399962895,34.08780330028213],[111.34575850015472,34.083576400330685],[111.34526139989373,34.07663169969322],[111.34141699959491,34.073968899744955],[111.34158269968191,34.06661160004535],[111.33548469995901,34.062109100154885],[111.3371417997543,34.03662670026205],[111.34078729969417,34.027728000347],[111.34589109979447,34.02662940022668],[111.34943720036654,34.00811470023331],[111.34648760032258,33.994789399611136],[111.3507628999879,33.992783499558925],[111.35230459967761,33.987458700058994],[111.34623510036965,33.984633299986854],[111.34197579964348,33.976333300341594],[111.33409600013039,33.97147649994059],[111.32866539988834,33.971167400255354],[111.32323479964634,33.9684739001504],[111.31972080037468,33.96304260023584],[111.31610039961379,33.96193870041077],[111.31343830023741,33.95725770038263],[111.3058247998747,33.95363640029967],[111.30433409983891,33.949440800352704],[111.30076690027227,33.94882240043347],[111.30129929982292,33.945863299951384],[111.29863720044648,33.94140230017604],[111.29986180008206,33.93778030042057],[111.29821130041125,33.936234300172885],[111.29698669987636,33.92872470028476],[111.29070419973908,33.929961599947944],[111.27893789996415,33.92695759991335],[111.27728740029335,33.928592099745686],[111.27819249958424,33.93389309958695],[111.26807659965539,33.936499299802904],[111.26381729982859,33.93212609993964],[111.25993069974209,33.93283289961869],[111.25673619991574,33.92868050040482],[111.24427770005587,33.93490909967528],[111.22937009985031,33.93349550031712],[111.22644180024895,33.9291663996097],[111.22063850026666,33.92678090021843],[111.21861529995618,33.9175914998479],[111.21978660037138,33.91251040043471],[111.23000899981554,33.90018209992405],[111.22942330014524,33.89642570008607],[111.22133059962755,33.890459499606266],[111.2176037002506,33.897486400077355],[111.2161129003901,33.89757479983717],[111.21427120035565,33.89483089992615],[111.21456890023461,33.89085730032423],[111.21190689978368,33.889266199975225],[111.20684890035653,33.89094560025927],[111.20109889959463,33.88687949998899],[111.20381420016525,33.892757700007905],[111.19686870003056,33.89033729972664],[111.2000203003966,33.8837278996229],[111.19959400016302,33.880079400444004],[111.20852929978741,33.87598650037677],[111.21048070002433,33.876327599739],[111.21308259968231,33.87402520040274],[111.21041230028749,33.86407620025648],[111.22489370008424,33.859954100101675],[111.22568120042712,33.85756599987104],[111.23026869974075,33.85685529983226],[111.22900200014226,33.852448500398054],[111.23259670007769,33.84969059984138],[111.23269939995743,33.84391859986357],[111.24005990034419,33.838686599606945],[111.24050500000578,33.83513200044155],[111.25498639980259,33.82634449989882],[111.25344589980847,33.82236270027846],[111.25570539968453,33.809961399998656],[111.25361700032437,33.80777100043139],[111.25486729988603,33.798377900020114],[111.25635580018007,33.79303459966707],[111.2593279003624,33.79058519984716],[111.26015599969969,33.78509630015418],[111.27548980031412,33.78491589974902],[111.29382330040505,33.77577189985334],[111.31401830000459,33.76985490038339],[111.3371427998004,33.76947389990062],[111.3838423003819,33.77259439991167],[111.39270029967912,33.769500900246385],[111.42799380037366,33.749095899955876],[111.46363830016747,33.73945190038495],[111.47840879962644,33.727947399552875],[111.48941780009147,33.72716540036299],[111.50112929967747,33.73371490022254],[111.5100632997815,33.742061400213515],[111.51799779965881,33.744445899558684],[111.52546679965315,33.741782899960924],[111.53547679991442,33.735027399594856],[111.5618362996056,33.73670190037245],[111.58560929962954,33.72940840037745],[111.59958630026762,33.73162089988466],[111.61360930032902,33.73177339972267],[111.63932780013795,33.722198399736385],[111.65923329987697,33.69721589969407],[111.6676023000062,33.688144400443775],[111.67900080044666,33.679099899740606],[111.70387279988984,33.688285899774485],[111.71291330040856,33.690437400066],[111.72254180016398,33.689616899999976],[111.77203380001993,33.66765189971545],[111.79769129971379,33.65919089984021],[111.80341380010685,33.65875639958824],[111.82425679991144,33.67664339977313],[111.8477628002131,33.705741899868826],[111.8562012999501,33.71871940028018],[111.85339379998396,33.73182290020674],[111.83660880025599,33.747836900352695],[111.83643330025666,33.754260899820736],[111.84619880003464,33.76378240003777],[111.86068729997896,33.7771528996866],[111.86678329960966,33.78052140034242],[111.87612929982737,33.78041439990466],[111.89604229991227,33.77192689970673],[111.91381080002844,33.766673400257275],[111.93261730034817,33.77424989981307],[111.94416829972732,33.775485900154194],[111.95208729978913,33.77263590002684],[111.96481330029366,33.777297900078054],[111.96820830037285,33.78345089963938],[111.97232030024173,33.79922490040889],[111.9744567998415,33.82809890004427],[111.98174280039001,33.835574900361394],[112.01735679967658,33.844302899958905],[112.03295130026231,33.85557189982336],[112.03101329992387,33.86981940034508],[112.01975230042842,33.886474400373345],[111.99510180040784,33.892516900234796],[111.97994230009715,33.906925400087175],[111.97811879964297,33.91268140022652],[111.96595780001252,33.92544539978542],[111.93704230026202,33.92419040036674],[111.90352579967595,33.94477089975726],[111.88456730044061,33.947284899678436],[111.87212380037317,33.94329840020106],[111.85265330000988,33.92998889976798],[111.83882129976325,33.92555590038455],[111.83197779983567,33.927924899914274],[111.82566830025189,33.94703289974859],[111.81369030006738,33.937762900337646],[111.8037182997598,33.93328489977836],[111.79519629976949,33.93406689986756],[111.7864607998261,33.93851489994273],[111.78707130010048,33.942638400341934],[111.80310080006194,33.94728090039331],[111.80841080031826,33.952499400027364],[111.8088223004089,33.96097939987948],[111.81192030028171,33.965762900137804],[111.8128432996786,33.97148489960847],[111.81128679984602,33.97838190020457],[111.80374930029006,33.989929400321614],[111.78991680002036,34.0040704004287],[111.78588080005892,34.010307400266356],[111.78135680007631,34.021362400154715],[111.77980779969027,34.04660789973485],[111.77159879974488,34.06894289999491],[111.76242830042577,34.08256889973501],[111.74716930002324,34.095111899894334],[111.73911229989278,34.110103399652246],[111.73718279994631,34.12915789971737],[111.73317729959274,34.139060900440256],[111.72644030007984,34.14922339964022],[111.71766680018277,34.17316040003249],[111.70416369999481,34.18469009986825],[111.69949170038171,34.18353969969746],[111.69440940037362,34.17891070026866],[111.6920992003179,34.17347430029878],[111.68203730018132,34.17126570025192],[111.67665079999449,34.17282089966483],[111.67674970023853,34.16867480020193],[111.67163720009677,34.163411199567236],[111.66730379973063,34.16251569963987],[111.66668770027718,34.1603068001188],[111.66391560032474,34.158820000442745],[111.65920559985858,34.158735199769694],[111.65852519977818,34.15444440028887],[111.65236490041985,34.150408500152196],[111.64847609969229,34.14531369956762],[111.6434837004125,34.14535269956747],[111.64184089983775,34.14726459978152],[111.62631219994813,34.15379840017607],[111.61976630007473,34.153722199719766],[111.60672680040159,34.14934639991645],[111.60287839991827,34.149820800389705],[111.59162329997537,34.15532529972285],[111.5824315002136,34.16390400016951],[111.57709389976372,34.1631575997435],[111.57397420014928,34.15707829962389],[111.56736199955668,34.15695549989647],[111.56237220021694,34.15325490029346],[111.55867600009736,34.14654240011174],[111.5550311000053,34.14382320008065],[111.55174559957982,34.14399310000164],[111.54656059969199,34.14118889964806],[111.54238749988326,34.136971299585866],[111.53107830032337,34.13797730011237],[111.52397260035531,34.134347899835745],[111.51937359961198,34.13372809967211],[111.51396200024618,34.135707699950444],[111.508182300273,34.13245339970467],[111.50438340027375,34.13389810031714],[111.49849219965535,34.133168400301486],[111.49044989984304,34.139786799920955],[111.48241139966643,34.13950690032323],[111.47857470026224,34.13729280002275],[111.4689059000873,34.13751740030784],[111.46670249992047,34.13402559990158],[111.45646409973847,34.13046520010897],[111.45266640033418,34.131500899846685],[111.45140420004384,34.133643200073664],[111.44588389962234,34.13130549964916],[111.44226620042485,34.13218439989021],[111.43368499986292,34.13099380002393],[111.43355240022316,34.11543540002373],[111.4278922003648,34.10865380043259],[111.41219259960883,34.103531500378494],[111.40666899957472,34.10489560015185],[111.40254359980736,34.10395109976349],[111.39991379958224,34.10057740012695],[111.38998469963423,34.09758410022607],[111.3880468998446,34.095103900424704],[111.38271109983742,34.094390399897065],[111.37938910042669,34.095926600232474],[111.37651369984741,34.09455500011319],[111.3735504004307,34.0956059001922],[111.36723410017362,34.09213990043611],[111.36311379956226,34.09242859990002]]]}},{"type":"Feature","properties":{"shapeName":"Lushi County","shapeISO":"","shapeID":"62558664B6070847696378","shapeGroup":"CHN","shapeType":"ADM3"},"geometry":{"type":"Polygon","coordinates":[[[111.36311379956226,34.09242859990002],[111.36249489962,34.09677800010468],[111.35652950043618,34.10119639989398],[111.3542868997207,34.109360799761134],[111.3396962997445,34.109758899953306],[111.3356919999859,34.111373999610464],[111.33047370000133,34.1166909003648],[111.31833299986812,34.116870899672335],[111.31618420024068,34.115624299921535],[111.31176929971349,34.11740940022372],[111.30803540001375,34.11627089988218],[111.30283679967863,34.123869299728426],[111.30222070022518,34.12896880017007],[111.30503829957792,34.13846189979688],[111.29831920017102,34.14299099983481],[111.28445730016432,34.14747740006203],[111.27501239970252,34.13789229978988],[111.27306170003749,34.140441699724704],[111.27367769966617,34.1489390996598],[111.26556659991871,34.14910910030477],[111.26330779971522,34.143160999580516],[111.25308450004968,34.14952249976358],[111.25241499975249,34.153664000093556],[111.24811219971832,34.156755999689665],[111.247139299639,34.16058340010386],[111.2445185996537,34.162363299626634],[111.23676290028766,34.16312839965599],[111.22958779963733,34.17093919958444],[111.23106850011123,34.17323709961249],[111.22572950031622,34.17977759995631],[111.21748329991442,34.17614139990576],[111.20759670012768,34.17590720025714],[111.20287329976304,34.190197399690305],[111.20416089960588,34.19667060016809],[111.19887400023498,34.2008734000874],[111.1909585003346,34.203176199621964],[111.18701099995775,34.206943699791964],[111.16997820013387,34.211708700096494],[111.16566600038567,34.21637840014313],[111.15909489970994,34.218755599691235],[111.15077840020308,34.22631139955149],[111.15334520022088,34.22809409956312],[111.17357519963582,34.227825199573374],[111.17669120033867,34.23694410029003],[111.18177710033297,34.240690999689946],[111.17531719992888,34.25610319960305],[111.17706259965928,34.25898849991938],[111.17459850042053,34.25932789956295],[111.17625119983308,34.260937499865804],[111.17500920011457,34.265267800268816],[111.17695999960438,34.266625499567226],[111.17496419983803,34.27034190025853],[111.17585149974695,34.27518329976954],[111.18209359963998,34.27536470022079],[111.1806561997239,34.278249299965296],[111.17603590033661,34.28037029974956],[111.17429049970684,34.290804699977],[111.18074160024474,34.288884400095014],[111.18435239984342,34.29182260033281],[111.18507110025115,34.29589410013267],[111.18774060014863,34.29453699978279],[111.19359300041668,34.29801469971869],[111.19225819965624,34.30030479992661],[111.18523880043034,34.304348599708135],[111.18178559982562,34.31896250021924],[111.17552259968829,34.32727239960161],[111.17224849996836,34.33086789993371],[111.16453660028395,34.33329230039942],[111.16238040013542,34.33939650004851],[111.15736110033458,34.338619400365076],[111.15580940018373,34.350332200370815],[111.14410470037171,34.35329890012417],[111.14164050040881,34.355163700144715],[111.13404280023508,34.35346849967158],[111.13202679989695,34.3627698998111],[111.11112229995422,34.35582339963025],[111.10550679999886,34.359176399571254],[111.10014329997335,34.376727899572984],[111.09446729992601,34.382827900287396],[111.07241830026442,34.39028539975146],[111.06047079968772,34.39170489956149],[111.052299299673,34.385398900139194],[111.04215979973503,34.36783989979159],[111.05283330001686,34.33662840028052],[111.04749280015267,34.31501790015602],[111.04160330015225,34.30645390002752],[111.03695679991642,34.303176899994014],[111.03385880004367,34.29351040028479],[111.03629279987285,34.28370290036861],[111.03357679962966,34.28091040019484],[111.03056330005631,34.28040690035823],[111.00856780016392,34.28601840012914],[110.99997729971267,34.286341899758895],[110.99227129958086,34.284389399651104],[110.98632030034167,34.278568400111624],[110.9716108000984,34.26848990028873],[110.95084380020126,34.25716389959433],[110.91519930040744,34.25521090036284],[110.90641780014141,34.26377090030684],[110.89694230024702,34.278041900113635],[110.86979680028219,34.324538900350035],[110.86337279991483,34.32694990001795],[110.85675829975577,34.32546589993137],[110.85109730040017,34.31941589972405],[110.85465980010974,34.30939840001622],[110.8615038000604,34.267371899993236],[110.85981729962873,34.25726689984759],[110.84886179983226,34.24150839979285],[110.84359729987557,34.23065540022657],[110.84406279975849,34.22333539990882],[110.8489303002932,34.21609090037481],[110.85254679979505,34.20400989993698],[110.85594930022012,34.200633899834656],[110.86744679983002,34.1939544002754],[110.8751832995697,34.19454190038846],[110.87935629955365,34.193237399586394],[110.88057780012542,34.187991899606516],[110.86979680028219,34.17659039992708],[110.85999279962806,34.171153900132424],[110.82407429978917,34.15955340026926],[110.80893679959371,34.145549900207754],[110.79638629998783,34.139377399747275],[110.78292079955531,34.13662340044965],[110.77506179956248,34.130531400104076],[110.77007279971997,34.120364899820345],[110.76435829969586,34.11683289971859],[110.75882730003991,34.11719140006312],[110.75656880021,34.11898039982566],[110.7516477999061,34.138591900395966],[110.7451477996313,34.144203400166816],[110.73539729964574,34.14700689994851],[110.71633079992654,34.147350399601294],[110.69168079992903,34.138889399726054],[110.6839598000048,34.13851939975058],[110.65650930036401,34.15221389995156],[110.63594820024929,34.15670009962997],[110.61826320038642,34.126819600344334],[110.58245849985997,34.10277560041368],[110.58051300007497,34.03356170011244],[110.58901209972868,34.02524569972928],[110.61620329964262,34.03011699989969],[110.64143369960561,34.00470730030173],[110.64405059995528,33.979099300192615],[110.67118069992944,33.95417790009009],[110.66242219982473,33.94164279957562],[110.62164309994915,33.93125920025193],[110.61911770022175,33.9124297995956],[110.59584050003912,33.90717699981872],[110.58760070011226,33.896480600099665],[110.59362029963717,33.877815199811664],[110.6029282000764,33.859664899715426],[110.62020870017142,33.851974500123106],[110.6550368997332,33.856979399979366],[110.69957729985259,33.83855819980113],[110.72855379971816,33.80403519956485],[110.77207950016884,33.80183409986387],[110.80358120011238,33.75222400013757],[110.81762699978628,33.72887039984914],[110.82721710028903,33.67475129993261],[110.8605880995612,33.65814209967823],[110.87628170004047,33.63389589977601],[110.92533869962136,33.62646870027038],[110.9867935002199,33.592414899727885],[111.0019989001292,33.56310649966525],[111.01908130026186,33.551677899815274],[111.027328300161,33.55089190044089],[111.04237379971113,33.55364589973851],[111.06379680018222,33.564510399835115],[111.07533279976894,33.56445690006592],[111.08735630025313,33.56624589982846],[111.1014632996916,33.574699400257145],[111.10835279994183,33.5857964002837],[111.11139680002236,33.597522899662124],[111.12455729987954,33.62405740022888],[111.13873279977895,33.642360899835694],[111.14202879978933,33.65546389973923],[111.13854980033307,33.663886899660724],[111.13297280035454,33.667701900222596],[111.12921879990773,33.676574900211506],[111.1315688003599,33.6821099000519],[111.14137280011471,33.68637439975879],[111.1559068003586,33.68796140009857],[111.16844180014903,33.69317989973263],[111.18450179971836,33.71425240022813],[111.18800330021219,33.73148339983908],[111.18756079959127,33.752776899734215],[111.19201680003533,33.77642839955104],[111.21160419967413,33.79036659983876],[111.21479439984176,33.794997700083854],[111.21511240011722,33.79937730042212],[111.22669570044627,33.80220890042045],[111.23699440017151,33.79659229969491],[111.24844750025198,33.79892380019328],[111.25486729988603,33.798377900020114],[111.25361700032437,33.80777100043139],[111.25570539968453,33.809961399998656],[111.25344589980847,33.82236270027846],[111.25498639980259,33.82634449989882],[111.24050500000578,33.83513200044155],[111.24005990034419,33.838686599606945],[111.23269939995743,33.84391859986357],[111.23259670007769,33.84969059984138],[111.22900200014226,33.852448500398054],[111.23026869974075,33.85685529983226],[111.22568120042712,33.85756599987104],[111.22489370008424,33.859954100101675],[111.21041230028749,33.86407620025648],[111.21308259968231,33.87402520040274],[111.21048070002433,33.876327599739],[111.20852929978741,33.87598650037677],[111.19959400016302,33.880079400444004],[111.2000203003966,33.8837278996229],[111.19686870003056,33.89033729972664],[111.20381420016525,33.892757700007905],[111.20109889959463,33.88687949998899],[111.20684890035653,33.89094560025927],[111.21190689978368,33.889266199975225],[111.21456890023461,33.89085730032423],[111.21427120035565,33.89483089992615],[111.2161129003901,33.89757479983717],[111.2176037002506,33.897486400077355],[111.22133059962755,33.890459499606266],[111.22942330014524,33.89642570008607],[111.23000899981554,33.90018209992405],[111.21978660037138,33.91251040043471],[111.21861529995618,33.9175914998479],[111.22063850026666,33.92678090021843],[111.22644180024895,33.9291663996097],[111.22937009985031,33.93349550031712],[111.24427770005587,33.93490909967528],[111.25673619991574,33.92868050040482],[111.25993069974209,33.93283289961869],[111.26381729982859,33.93212609993964],[111.26807659965539,33.936499299802904],[111.27819249958424,33.93389309958695],[111.27728740029335,33.928592099745686],[111.27893789996415,33.92695759991335],[111.29070419973908,33.929961599947944],[111.29698669987636,33.92872470028476],[111.29821130041125,33.936234300172885],[111.29986180008206,33.93778030042057],[111.29863720044648,33.94140230017604],[111.30129929982292,33.945863299951384],[111.30076690027227,33.94882240043347],[111.30433409983891,33.949440800352704],[111.3058247998747,33.95363640029967],[111.31343830023741,33.95725770038263],[111.31610039961379,33.96193870041077],[111.31972080037468,33.96304260023584],[111.32323479964634,33.9684739001504],[111.32866539988834,33.971167400255354],[111.33409600013039,33.97147649994059],[111.34197579964348,33.976333300341594],[111.34623510036965,33.984633299986854],[111.35230459967761,33.987458700058994],[111.3507628999879,33.992783499558925],[111.34648760032258,33.994789399611136],[111.34943720036654,34.00811470023331],[111.34589109979447,34.02662940022668],[111.34078729969417,34.027728000347],[111.3371417997543,34.03662670026205],[111.33548469995901,34.062109100154885],[111.34158269968191,34.06661160004535],[111.34141699959491,34.073968899744955],[111.34526139989373,34.07663169969322],[111.34575850015472,34.083576400330685],[111.35056399962895,34.08780330028213],[111.35732479969982,34.0892305999123],[111.36311379956226,34.09242859990002]]]}},{"type":"Feature","properties":{"shapeName":"Yuanhui District","shapeISO":"","shapeID":"62558664B25160697051328","shapeGroup":"CHN","shapeType":"ADM3"},"geometry":{"type":"Polygon","coordinates":[[[113.85026840006662,33.613149899947985],[113.85317230016153,33.61008349955392],[113.85162260010293,33.60048519993211],[113.84820240012073,33.59746129969926],[113.84879059990635,33.587072999619295],[113.84608469994896,33.581976299666565],[113.84973179978283,33.574330900350844],[113.8491435999972,33.56903739995607],[113.84502580040044,33.56384169993453],[113.85114370032159,33.56021429975016],[113.84996710020152,33.55266500018968],[113.85915580000028,33.53953950014784],[113.8565120998536,33.53031550016027],[113.85400420003384,33.52787309976378],[113.85750349988666,33.5248075995911],[113.85667989985757,33.521914199980415],[113.83420850032212,33.511761999816486],[113.83238490004317,33.50710240005577],[113.81961969988924,33.50214820037917],[113.81297239965659,33.50165770024273],[113.7938528003665,33.50467560019882],[113.79126310001209,33.50060890008075],[113.79109670025252,33.48645579959555],[113.7872697998614,33.483264100258054],[113.7867707004076,33.477851800320366],[113.78876729967124,33.47452100014408],[113.78959920044281,33.466609799902415],[113.795256300338,33.4568932996861],[113.80357379989107,33.44820790007458],[113.81762729956029,33.45703889992535],[113.82869730014033,33.46749490006965],[113.87651129995663,33.478587399888625],[113.91107180012352,33.48037739969732],[113.91928080006892,33.47870990014184],[113.93919380015382,33.470073900290345],[113.95432279995737,33.47430040004349],[113.96369180033639,33.47948840006967],[113.98916629968505,33.50057240019618],[113.99635330016474,33.50394440011405],[113.9999998001507,33.51592989974512],[114.0069577999626,33.52323889955562],[114.02279680013226,33.53140640028522],[114.03016699970738,33.58726379978458],[114.02125749983384,33.58913030042305],[114.01505270022199,33.58814589981347],[114.0075053000296,33.58238879980331],[113.98306179966244,33.584140000160914],[113.95504379993145,33.59686360037489],[113.94640320004771,33.59126570015201],[113.9409628997181,33.59259849992088],[113.93520250009533,33.60219469962573],[113.92304170011448,33.59979580033598],[113.90576060017167,33.605126600112555],[113.89327979982295,33.60139509980405],[113.88335920026691,33.60059540015766],[113.87439860001541,33.60326089987069],[113.8571175000726,33.61498790017151],[113.85026840006662,33.613149899947985]]]}},{"type":"Feature","properties":{"shapeName":"Nanle County","shapeISO":"","shapeID":"62558664B18519914735410","shapeGroup":"CHN","shapeType":"ADM3"},"geometry":{"type":"Polygon","coordinates":[[[115.478147200433,36.14678530030142],[115.46733119987505,36.14807330034262],[115.46226250031418,36.15005150037649],[115.46437439985868,36.16287459978298],[115.45930580012259,36.16635279974196],[115.45896789964888,36.16894440036384],[115.45018220044824,36.17426359978538],[115.44595829973582,36.17194500006178],[115.44418429976565,36.165875400029734],[115.4479013003048,36.15482629969404],[115.44331670040549,36.14534350000258],[115.43095879960902,36.14729900024872],[115.42646680020277,36.14573979975199],[115.42098289984096,36.13591169996505],[115.41172420041153,36.133502300191026],[115.40276400035839,36.13572149964756],[115.39810470007194,36.14151050040931],[115.40097199955824,36.146334300187846],[115.40061359993774,36.15366589996137],[115.39774629955218,36.153279999972085],[115.39105600003438,36.14527310017348],[115.3935648999003,36.14160689963876],[115.39093649991958,36.13475659993719],[115.38813660012408,36.13350449993277],[115.38639669974793,36.127423199720965],[115.36811790002116,36.1264583000106],[115.36369750013955,36.12008919965689],[115.36907359966699,36.113526500447676],[115.3671620996513,36.11005200029962],[115.36465329961015,36.10985889966855],[115.36083019975399,36.10242669993232],[115.36213719977206,36.10017909988562],[115.34840540018911,36.09103569983773],[115.3326353996041,36.08601539999074],[115.32790670043391,36.08957770005088],[115.31985220041872,36.08514640038612],[115.31447609999213,36.08562919962793],[115.31220609963191,36.0842774997069],[115.30396269971891,36.086111899944285],[115.3038337000653,36.08834229955755],[115.29619720044047,36.09200109957112],[115.29022379998844,36.099916899845084],[115.28974590025314,36.107542499686645],[115.29703349979627,36.119799699796374],[115.29582980040504,36.12844849969855],[115.28628129984213,36.13244089962785],[115.27911309968988,36.131765499778055],[115.26716610003552,36.13909839997126],[115.26107320036795,36.15106129963931],[115.25462180035584,36.15935710034995],[115.25486079968618,36.1714133001837],[115.25032089968988,36.17970690025328],[115.24398909961735,36.179514000171025],[115.24352869978975,36.18874260019089],[115.22344030042962,36.199376599550476],[115.21722789974785,36.19648429981066],[115.21016240037454,36.202130699572194],[115.20181629968249,36.20477520011542],[115.19966590016122,36.20294360036689],[115.19596230041986,36.20419680024219],[115.19381189999922,36.21296889989486],[115.19022780037278,36.21171579984434],[115.18986939985302,36.20612480011948],[115.18473219983127,36.19918380019226],[115.17959499980941,36.194845299770805],[115.16621439987466,36.18963879979083],[115.15817410015461,36.19150059967296],[115.14202879988932,36.20841979983396],[115.11715359975892,36.21097150023462],[115.11529389979376,36.2055792003199],[115.10301509976705,36.20458239985794],[115.0929796001285,36.194363200201565],[115.0895149997175,36.18173190010714],[115.09656369975505,36.177971099886406],[115.09527480039173,36.17379730040517],[115.08461679992547,36.17237769987099],[115.06121060008923,36.17933070035161],[115.0485916000224,36.165214499949286],[115.0364704997138,36.16109330001581],[115.04172719985047,36.144115400205635],[115.03457639978103,36.11134339977815],[115.0367279000726,36.10057829994861],[115.03457639978103,36.09923170008295],[115.02596280024306,36.10138700001011],[115.0200499997078,36.10057829994861],[115.0192412996463,36.09869380027874],[115.02353670005868,36.0935822003583],[115.02274320033848,36.09143070006678],[115.01009369976452,36.09035489955903],[115.00121309960491,36.08551030026018],[115.01741029974562,36.07595840025999],[115.02887729974759,36.064281399566994],[115.04070280009421,36.05654890001176],[115.0575333001218,36.04994590038302],[115.07952129966827,36.05066340019579],[115.097740299875,36.05304690039418],[115.11276230014005,36.052314899912744],[115.13227079955777,36.04787840036795],[115.13804579967393,36.043445400085204],[115.13427730035721,36.03920389964031],[115.16957829959892,36.01540440019295],[115.18264779975618,36.012477900135025],[115.19333629983043,36.013164400316896],[115.19918079955437,36.00709890029407],[115.19900480043123,36.00324239961708],[115.19553380044465,35.99865740041872],[115.18807229989682,35.99384689981463],[115.18882679961712,35.987899899860565],[115.19143680036814,35.98566040000753],[115.20171380035163,35.98197990025227],[115.21019730036517,35.981242900439554],[115.21494279977048,35.98294439976428],[115.21656029971814,35.98527540023957],[115.21694929967055,35.99078389975722],[115.21070879967147,36.002731400333914],[115.23284129958631,36.00836940042751],[115.2421568001962,36.00680540024905],[115.25006079956631,36.00316639970964],[115.275725799606,36.005111900393956],[115.29434979960365,36.00243390010445],[115.29962179990616,36.00328439975527],[115.31121779956186,36.01279839962649],[115.32023629996536,36.012828900133684],[115.33328229993822,36.004073900190406],[115.33915730016929,36.00694290029469],[115.34874729994795,36.006972899879486],[115.3998873002588,36.0024719000582],[115.4091492003754,36.00292969994575],[115.43732930020713,36.00879080025527],[115.44133650027936,36.01275789955747],[115.44304149976551,36.0473022002364],[115.44012440032088,36.0498028002591],[115.43955120032774,36.047006799923906],[115.43792820012641,36.047139299738944],[115.43693000031931,36.05278909983713],[115.4350331997224,36.052708400072675],[115.43583190022207,36.05545239980847],[115.43982499982394,36.05512959985123],[115.44012440032088,36.05795420042608],[115.4438304003528,36.059628300106],[115.44441700024447,36.06223140035888],[115.44601429962029,36.06215069969511],[115.44601429962029,36.06061739967333],[115.44980770026518,36.061262999587825],[115.44940840037748,36.06352250036315],[115.45380079986705,36.063361099934866],[115.45310199965763,36.06852559977665],[115.45090580036242,36.06860630044048],[115.44979550006235,36.07168189999976],[115.45330170041325,36.08022509970863],[115.46033310019243,36.07892459999033],[115.47094870032231,36.110938999835014],[115.47762300000147,36.1233177001518],[115.47935669955211,36.13918009978181],[115.478147200433,36.14678530030142]]]}},{"type":"Feature","properties":{"shapeName":"Minquan County","shapeISO":"","shapeID":"62558664B13905781960802","shapeGroup":"CHN","shapeType":"ADM3"},"geometry":{"type":"Polygon","coordinates":[[[115.24943450000228,34.846524000382374],[115.25229320017115,34.8429740003499],[115.2589032999474,34.842918399764415],[115.26492329967061,34.83336639993945],[115.2614362998454,34.826896400148826],[115.24472830007107,34.81404089996761],[115.23536680003781,34.80909340024027],[115.21848280024108,34.80518339979409],[115.19142129965337,34.80938340012386],[115.17649080001047,34.805034400117506],[115.1715468004445,34.802207900174494],[115.16020980014218,34.78598040007546],[115.15611280006578,34.7827074002264],[115.15223680028816,34.781734400322364],[115.14861280044045,34.78259639960419],[115.13417830028834,34.79408239958315],[115.1280518001505,34.79444890029657],[115.11370030022874,34.78941740029285],[115.10204329955866,34.77593239986044],[115.09571029979054,34.772624900219],[115.0826573003942,34.77219390012846],[115.0712127996311,34.77453990039612],[115.05478680027068,34.77520390043969],[115.03311129984672,34.77486039988759],[115.02149180000663,34.772384399920156],[114.99227880002661,34.76113490005565],[114.98671729986359,34.76104340033271],[114.97239679957272,34.76746339961625],[114.96209730035014,34.76798640035213],[114.92949679973754,34.758956900340706],[114.909522800437,34.75793439995266],[114.89238729983413,34.764987899671894],[114.87483229967097,34.77799989987551],[114.86535629975344,34.778983900286846],[114.82832329978055,34.77031339974366],[114.82456179988719,34.7647398999265],[114.82443230021056,34.75877389999556],[114.8274992995531,34.752750400110926],[114.84393330018167,34.74603639986003],[114.85127279960011,34.741344400223966],[114.85133379971512,34.73928090039328],[114.84071330007885,34.730605899642626],[114.83101629986243,34.71804789969087],[114.83342730042966,34.71028889981295],[114.84024029985005,34.70444089992765],[114.84954079976819,34.69932190038543],[114.86045080016436,34.69607139977535],[114.88973229970588,34.70276640004937],[114.90281679965562,34.701381400031664],[114.91520679995392,34.69447689998901],[114.92740629956108,34.68412390009797],[114.92678080039366,34.67539589960114],[114.92127980032262,34.67301190027905],[114.89611780009648,34.66868590043401],[114.88789380035871,34.664417399643355],[114.88413979991185,34.65861840021904],[114.88559729967574,34.64418790025144],[114.89275379964818,34.62411890016716],[114.89157880032144,34.60390489969143],[114.89946679985303,34.58752040044618],[114.90405279999675,34.569930899591384],[114.91015629997332,34.57343690029279],[114.91652679967217,34.5733139000165],[114.93226629975004,34.56462490041889],[114.9506838001173,34.56034089981273],[114.98396279964356,34.560649899673194],[115.00361630035206,34.549724400360844],[115.00834629994188,34.54911039992504],[115.02478029967119,34.55809040035177],[115.03412629988884,34.56145089973927],[115.063461300099,34.56443389970474],[115.08334329965362,34.556022400313566],[115.10288979992436,34.53681939969562],[115.10959629982949,34.53393539979891],[115.12045279955714,34.53226490010513],[115.14807179977379,34.53703689983314],[115.14774329991337,34.552635399704],[115.14952830039078,34.56023390027434],[115.14569830003654,34.56721890043195],[115.14839929958805,34.57388690036021],[115.15551729958372,34.58288189967999],[115.15561679967561,34.598232399805454],[115.15358729961429,34.604118399644506],[115.16269679971765,34.60609039975219],[115.18245629991839,34.60339340038519],[115.18744679983001,34.604156399598196],[115.21347030021423,34.62059390038826],[115.23435230001871,34.63075639958822],[115.24104330010823,34.62993240026009],[115.25169380022874,34.62434389975124],[115.2618333001667,34.61645490017355],[115.29007730042713,34.60491190026403],[115.30806729996596,34.607451899585556],[115.32212829998116,34.61268990011882],[115.34069830018643,34.61362440004609],[115.36798080017388,34.60870739992663],[115.39478229956353,34.59964390014591],[115.40368630008277,34.59861340028823],[115.41557329966815,34.60128790041631],[115.43450929966446,34.61230789958995],[115.44619729996543,34.62622139999769],[115.45069869998508,34.63445590021968],[115.45534480002254,34.63640109963109],[115.45291120039167,34.65549580029102],[115.44361810009525,34.66540059965797],[115.438034599817,34.677418300414274],[115.44361810009525,34.68036340025077],[115.44361810009525,34.68596030042755],[115.43785890016818,34.689834800136],[115.44113120034467,34.699089899579235],[115.44077300037372,34.70590210040166],[115.4369426996459,34.71555279992185],[115.43105259979768,34.720609400003866],[115.42790990002197,34.72592929999723],[115.43963619975091,34.75336839983186],[115.43013640017477,34.77975920042684],[115.42843480012596,34.792658899588616],[115.42497250018084,34.79631039980518],[115.42385370038801,34.80297729986256],[115.42071230013255,34.806953799778114],[115.41063380030971,34.80759870002004],[115.40749249987903,34.80921069971407],[115.4099793996296,34.814798800024676],[115.40356579992181,34.821568599611226],[115.40395839986036,34.82468460031413],[115.40212599971517,34.8273707997227],[115.38864429979469,34.833065199899124],[115.38079089988014,34.83285029970165],[115.37254490002715,34.83027169967926],[115.36918689985555,34.8310813997868],[115.35068630033254,34.83789969981137],[115.3353721004421,34.849393999633435],[115.32319939973252,34.853153399609766],[115.3108957001765,34.86088659973683],[115.30448209956933,34.862068000437944],[115.29898480020847,34.861853200065184],[115.29374919996565,34.857772000177704],[115.2828852997169,34.85272379976362],[115.26709189967153,34.85678220003854],[115.24943450000228,34.846524000382374]]]}},{"type":"Feature","properties":{"shapeName":"Wugang City","shapeISO":"","shapeID":"62558664B50190649056880","shapeGroup":"CHN","shapeType":"ADM3"},"geometry":{"type":"Polygon","coordinates":[[[113.39198280036601,33.34234989992797],[113.39417279973497,33.340736400164815],[113.39549230032947,33.33271790001112],[113.39269229980982,33.320133399736676],[113.38085179967084,33.30529039963227],[113.37806679984305,33.298202400120715],[113.38880929970946,33.25785840034496],[113.38567329988291,33.23359690027678],[113.37600730019676,33.212791400402864],[113.37072730042462,33.19540790005459],[113.36985779989766,33.18556190016159],[113.37522880026893,33.166995900140705],[113.37541179971481,33.14936440004709],[113.4051973000154,33.15520489958652],[113.4232633003611,33.16062939972704],[113.44595329990489,33.16282640031818],[113.47512829993116,33.15743239978548],[113.49179829975185,33.158733400426115],[113.50437929986481,33.161884400045096],[113.51419830031136,33.159316900354725],[113.53621680036508,33.14455390034226],[113.54770679962917,33.14747240003129],[113.55787680007427,33.15750140026944],[113.56555179967586,33.16066739968079],[113.57836929990333,33.15830589959762],[113.588172799635,33.153907900029594],[113.6007233001402,33.152461399873744],[113.62206280035798,33.157153900432206],[113.62727279960006,33.16010289972911],[113.63696280039301,33.17722339964024],[113.63807679960473,33.181110399925046],[113.63703930032352,33.18661089997312],[113.62259679980252,33.19264590038807],[113.61499780010843,33.197727399999565],[113.60852830034082,33.209671400414834],[113.6037293002671,33.22481139982631],[113.60111980043848,33.241084900247984],[113.60679629960964,33.26945089983923],[113.61749280005279,33.30672089994965],[113.63047779991064,33.32336440034686],[113.63549029993749,33.333869900075854],[113.63748930039094,33.34439089962035],[113.63622280044194,33.35585040017588],[113.64366930029803,33.36313239964056],[113.65490729963221,33.36604740006749],[113.66892979967054,33.37214639983654],[113.68023680038812,33.38261040034973],[113.68279280044749,33.39267340035718],[113.68036630006475,33.41161739982317],[113.67182980030509,33.42213440008254],[113.63510129998508,33.425060400117445],[113.6177903002822,33.41483689990304],[113.57520619990623,33.40959180012152],[113.54618850029908,33.410750199761935],[113.54270589995735,33.422802900333636],[113.51842060023057,33.4220944000366],[113.51285969991523,33.41375579969048],[113.49536040016244,33.416760699946394],[113.47956509984954,33.42457750015154],[113.46139700037133,33.427136000326186],[113.45854619984732,33.41956059974194],[113.45799230020452,33.39834590024316],[113.43681330019376,33.385997900083055],[113.41745779973769,33.379104399648384],[113.40975179960594,33.377445399585554],[113.40157280014466,33.37786089986071],[113.39763630027505,33.37451190010415],[113.3952408004227,33.36791239973752],[113.39198280036601,33.34234989992797]]]}},{"type":"Feature","properties":{"shapeName":"Xigong District","shapeISO":"","shapeID":"62558664B63132180583256","shapeGroup":"CHN","shapeType":"ADM3"},"geometry":{"type":"Polygon","coordinates":[[[112.42134940025471,34.64274059969898],[112.46019199986097,34.66823660003911],[112.4484683998968,34.6874514995871],[112.44820459996242,34.695910299720595],[112.438971999758,34.69244010013057],[112.43079460019067,34.700898400241044],[112.43237739979725,34.69374140024547],[112.42894809957522,34.69352459978052],[112.42762919972779,34.69938029966113],[112.42077070000789,34.70480200021217],[112.41470360009112,34.70350079992204],[112.41259330044056,34.69222319984084],[112.39834880005719,34.6926570004203],[112.39017139959049,34.71824610037726],[112.38331299969525,34.73038729963423],[112.3769820998441,34.729953699603584],[112.36062729981006,34.736240399574854],[112.32686259982916,34.7206310997455],[112.29647079998745,34.73563700034737],[112.28335629955359,34.72928029984604],[112.28566889989986,34.71742770022826],[112.30370539978446,34.70773820035771],[112.30768739995358,34.68728220041328],[112.32950040042317,34.685282399563164],[112.33583130027432,34.69309080010038],[112.34163460025661,34.690921899725936],[112.34770170017339,34.69439210021528],[112.35086719956166,34.68701769990696],[112.35685340006444,34.687001000395924],[112.37439529980327,34.694429699970726],[112.37953909994951,34.687001000395924],[112.39068410039101,34.689441100326576],[112.39536630011469,34.68824819999446],[112.39866370036953,34.685699599556926],[112.39846580005667,34.68374739982272],[112.40426910003896,34.68022240004376],[112.40776429988261,34.67485339976463],[112.41660120018526,34.670894200107284],[112.41521629999227,34.667856899976016],[112.41099569979178,34.667856899976016],[112.41396329976658,34.66324650032578],[112.41152329966064,34.65950370003577],[112.41238059998477,34.64854570012403],[112.42134940025471,34.64274059969898]]]}},{"type":"Feature","properties":{"shapeName":"Xincai County","shapeISO":"","shapeID":"62558664B31257024022051","shapeGroup":"CHN","shapeType":"ADM3"},"geometry":{"type":"Polygon","coordinates":[[[115.19020210044664,32.60150389998506],[115.18907530028491,32.60596460028614],[115.19323560004295,32.60960979985242],[115.1974864003771,32.60935870014396],[115.19967779999058,32.604635399604035],[115.20197870015693,32.60480400000466],[115.19936069993639,32.609379499664215],[115.20465509965322,32.613319499695194],[115.19453130007946,32.61999800010767],[115.19835349971436,32.627680800428664],[115.19550120002043,32.63504449970395],[115.19222760032358,32.63198520035678],[115.18932120011334,32.63252500042847],[115.18992870024942,32.645178000264536],[115.1924803997507,32.64798050000013],[115.19798990021377,32.647751600056324],[115.19798990021377,32.64089089969531],[115.20046619965547,32.639141999803485],[115.20493960018246,32.639141999803485],[115.20941289998541,32.64311060007418],[115.20446030020275,32.64358139966191],[115.20318219989872,32.65111459955915],[115.20925310035034,32.653333999564495],[115.21436549976806,32.65938680026068],[115.21364659971084,32.66120259982017],[115.2063774002969,32.66187510025571],[115.20549869970534,32.65716750008011],[115.20334200043305,32.65575520024237],[115.19852999975978,32.6559001997345],[115.20072159992196,32.66176919968888],[115.19966890029957,32.67581279962104],[115.1890432997086,32.684467999998276],[115.18504929988535,32.683459500255765],[115.18480959998317,32.680702900118774],[115.19164480006748,32.67613570030238],[115.19069159963772,32.67082539967248],[115.18359449988634,32.66798270024145],[115.17789010014803,32.668213100254434],[115.17853009998419,32.68384969990376],[115.17287159984448,32.68510150043397],[115.17674320013862,32.69129180027642],[115.17740019985945,32.69661339998845],[115.17376480020539,32.70529330024567],[115.17821440017451,32.714697900287945],[115.17897459979804,32.72216840035145],[115.17833929981884,32.72479819967725],[115.17458490007311,32.72775499969356],[115.17306709986678,32.73360120003542],[115.17414789970587,32.74184879978236],[115.17732589967056,32.74656250005938],[115.18210150028403,32.764154900328435],[115.18480959998317,32.768065700271904],[115.18217350000702,32.776662899773044],[115.17801969964944,32.77881209959878],[115.1761025995554,32.788012700126046],[115.17682149961263,32.789758699704294],[115.18247899970618,32.792410900242885],[115.2015046998821,32.78740829995314],[115.20717030016931,32.78938220032836],[115.20190409959457,32.79895820036069],[115.190001899668,32.805538199828106],[115.18520899969565,32.81211779999654],[115.18688649971227,32.82420140037436],[115.19064090035738,32.828967300000954],[115.18288889990288,32.8367887002384],[115.18369130021335,32.84265939991144],[115.19719109988944,32.84480699984323],[115.19350540025403,32.85671739978824],[115.19008170011045,32.859503100187965],[115.17130980030709,32.858228199671714],[115.15796970044141,32.86285810022122],[115.15079459979097,32.866989100066974],[115.14974199999335,32.87835629960358],[115.14798459970962,32.88130799956457],[115.14103489974093,32.883588799883285],[115.13640190012768,32.88721110001228],[115.13903790027894,32.89613220024091],[115.13608229995828,32.899217499887754],[115.13108920010654,32.900742400241654],[115.1102518003803,32.90229580011112],[115.09813899991502,32.89633340016633],[115.09230770044007,32.89720539990935],[115.0796066003644,32.90619249958422],[115.060195600047,32.905320700390064],[115.02548219984374,32.90861509960723],[115.02041500035205,32.9102163002421],[115.01928880003811,32.913444899662466],[115.03176119981958,32.919727299974966],[115.03343550004831,32.922353699863436],[115.02768710007967,32.93136219980573],[115.00491809959067,32.941796799682606],[114.9925365996844,32.943606800413534],[114.96745399970234,32.943472699805284],[114.95635060010022,32.94206490017507],[114.94700459988246,32.93643360003068],[114.93919039961736,32.93614250027622],[114.93134790038539,32.95372869971976],[114.92631540033551,32.95821950032973],[114.91728889956312,32.96203990042113],[114.91067600019733,32.97349999992508],[114.89108799981136,32.974170100070125],[114.88066500028958,32.98032709981584],[114.86557780007547,32.971233399901564],[114.86078580032449,32.96610239980595],[114.85768130015197,32.94860439957341],[114.854179299635,32.94693389987964],[114.85090629978595,32.947337899624415],[114.84564229985233,32.951144899817336],[114.839652799737,32.951728899768966],[114.82736230042985,32.94187540042941],[114.81305679993147,32.92578490035294],[114.80143730009138,32.922820900364286],[114.78128030044559,32.92360689973867],[114.77837380041058,32.92033740005104],[114.77613829984273,32.91180439955343],[114.77572629972906,32.89550389968525],[114.76724980003826,32.88639839976639],[114.75036630026466,32.87644939962013],[114.74362180040578,32.87448890004276],[114.73352030042156,32.87613689959829],[114.71925329989995,32.88115289978657],[114.71626329961168,32.881324899624474],[114.71143329990696,32.87847889968151],[114.70567329958317,32.869884399945136],[114.70159929966803,32.84846040032727],[114.68668379981762,32.82660689978866],[114.68623329972706,32.822696900241795],[114.688247299973,32.818374399658865],[114.69492330027015,32.81253440014251],[114.69390880025094,32.80952840001572],[114.68694280007026,32.806186399682645],[114.67311880019258,32.80454639959669],[114.67128730026877,32.80198690027527],[114.67292780037769,32.79122989974013],[114.66922779972322,32.7872579000321],[114.66060629964113,32.78456890013467],[114.6509932997011,32.778419399835514],[114.64235679982653,32.76539990018529],[114.63596329996642,32.750816400356655],[114.62967729966772,32.74197389997556],[114.62694479956292,32.74254879968743],[114.62505560003592,32.739548899662054],[114.63517540032456,32.738405300164516],[114.63552890043843,32.73721609964332],[114.63346799964847,32.73403320017212],[114.63570750040094,32.730144699818084],[114.63157899977114,32.72797680038906],[114.63467250033568,32.72119130043819],[114.63396829969736,32.7197102995907],[114.62949440004661,32.720289400035824],[114.6286605000821,32.71859719970104],[114.63431569970987,32.709802000062325],[114.63983490026055,32.70500030022373],[114.63809509970918,32.704268299742296],[114.63775510021776,32.70040619988629],[114.64426329961168,32.693634699681695],[114.65179749955507,32.69291199998884],[114.65609440003664,32.69421380012682],[114.66074569995419,32.68929820025181],[114.66642599966019,32.68929820025181],[114.66454379955678,32.68536149983339],[114.66538900040212,32.68379639978406],[114.6753238002533,32.67889560005193],[114.68336629971498,32.679615599980025],[114.68592410021711,32.681337899724326],[114.68730030036863,32.68713110032007],[114.69095779996258,32.68713110032007],[114.69627259990068,32.678621299633335],[114.69778940006086,32.67947249985605],[114.70034030006491,32.67753989994645],[114.70446779974918,32.66450140031941],[114.70706930010817,32.66255190034997],[114.71711730032325,32.667426900331236],[114.72312180023096,32.66786940005284],[114.71974930029,32.65589890021414],[114.73410779963535,32.651698899884366],[114.74192829965136,32.64546190004671],[114.75573030031319,32.638965399933284],[114.77477279982486,32.64277640031065],[114.78450779999503,32.63836290002786],[114.8111262999389,32.643180900078505],[114.81967929956011,32.654247399597864],[114.82691929978591,32.644336900327744],[114.83754679974504,32.64863589982696],[114.83329779985365,32.65830589969755],[114.83721929993078,32.65976739964583],[114.84179679968258,32.672241400220514],[114.8487928003475,32.67488890000277],[114.86377729978267,32.671939399783525],[114.89932230038391,32.655132399940385],[114.90062730030968,32.656760900395284],[114.90688330012426,32.65686789993367],[114.91317729989248,32.65399190040591],[114.92353830015247,32.65187089972227],[114.93723280035351,32.658065900321105],[114.95796180029686,32.6648368996033],[114.9720763000812,32.66415389958286],[114.98651929972596,32.66163640039963],[115.0127563000633,32.652423900043004],[115.0255508001294,32.65079489956503],[115.03621680006529,32.646144900067156],[115.05629729978057,32.63338089960888],[115.0617217999212,32.633468400046695],[115.06629180022651,32.63560489964647],[115.07920080017686,32.64039590025067],[115.08817280023459,32.63938939970109],[115.09301729970866,32.61559639965418],[115.10592629965902,32.607761399868764],[115.12249730031021,32.60617839971343],[115.12744880022206,32.60281390014143],[115.13292680013183,32.58660489999619],[115.13626879956553,32.582752400403024],[115.13923629971555,32.58279789980327],[115.16766330032112,32.611220900224396],[115.17446129994914,32.61040490036589],[115.19020210044664,32.60150389998506]]]}},{"type":"Feature","properties":{"shapeName":"Wolong District","shapeISO":"","shapeID":"62558664B16633723122150","shapeGroup":"CHN","shapeType":"ADM3"},"geometry":{"type":"Polygon","coordinates":[[[112.29638679971106,32.87688039971073],[112.30432129958831,32.872115900328595],[112.31748180034492,32.8588978996184],[112.3187027999943,32.84081590033361],[112.32066329957172,32.83395739971428],[112.32861330016374,32.82552340018481],[112.33625780015745,32.82075489971891],[112.33657829964886,32.81365589970005],[112.35179880007468,32.815334399762776],[112.372222800342,32.813827400414254],[112.37629680025714,32.8115538998926],[112.37798379981257,32.80629740030486],[112.37835679992645,32.789352400393],[112.38304879956252,32.778384900043136],[112.39286780000907,32.77362039976168],[112.40075629956368,32.77342589978548],[112.41515329978506,32.7760084001676],[112.4211427999004,32.77351390024637],[112.42089830031637,32.76916140007859],[112.4173962997994,32.7634238998931],[112.39716330024612,32.7399788997065],[112.39473729988651,32.735156900370725],[112.39479830000164,32.72691339973369],[112.39810180035784,32.720058400175105],[112.40599880030447,32.717117400347774],[112.41847980030263,32.71969240038402],[112.42553730020632,32.71949390022337],[112.43099179993169,32.71722439988622],[112.43423749996066,32.70477360002167],[112.46044029997995,32.698461200124314],[112.46420279991935,32.705909899722144],[112.46958930010612,32.71389790026791],[112.5010453001006,32.73667890041099],[112.49996179959749,32.74481589973402],[112.48206329978154,32.757289900308706],[112.48152179999113,32.765426399608714],[112.49182130011297,32.795257400208925],[112.49073779960986,32.809360400362266],[112.49182130011297,32.82346339961623],[112.51514430006944,32.83430839971294],[112.51677679980958,32.8391914000631],[112.4972458002535,32.85004090036733],[112.49507880014653,32.863597899623414],[112.49996179959749,32.88746639955474],[112.4972458002535,32.90102389973322],[112.47826429995757,32.9134979003079],[112.47772230014414,32.92651739995807],[112.48206329978154,32.93627939957469],[112.4972458002535,32.94224540040494],[112.51103230020055,32.95566190037647],[112.50873580041696,32.97690589978748],[112.51708979985449,32.980663400395656],[112.52752680002186,32.988178399813364],[112.54840080035672,33.02115990000942],[112.58177929997476,33.01744440043876],[112.59163680039808,33.0184288999738],[112.60445379970315,33.01547240033108],[112.61657680027918,33.06645589972004],[112.63501729990855,33.09729740015496],[112.61766029988303,33.129916899845114],[112.6203687997803,33.13913739967131],[112.63913730014633,33.1519624002446],[112.64055629993334,33.157588899807934],[112.6274872997991,33.182548399688926],[112.63387280018969,33.19151689958528],[112.63227080005743,33.20507439976382],[112.65432730006489,33.22919090033986],[112.63294979989337,33.2269479003254],[112.59987629995135,33.226859899864564],[112.58706680009277,33.219264900354915],[112.57998630002783,33.21077339997248],[112.57401279975102,33.206634399757775],[112.5663682997573,33.20340740023141],[112.55789930041249,33.202693899703775],[112.5526962996945,33.20427689985911],[112.54340380014537,33.20745439980078],[112.53653730005647,33.21201339959879],[112.52416229955054,33.228919900433084],[112.52359030015225,33.23441290013528],[112.52520730007689,33.23945589977001],[112.52134680011477,33.246539899996435],[112.50705730035418,33.258857899672364],[112.49355329994489,33.281024900278965],[112.48397079961273,33.28258889955811],[112.47933179972279,33.28165789979232],[112.47415930041143,33.276828900133694],[112.47173380007484,33.269721899745946],[112.46278380013234,33.25754939958517],[112.45570380009042,33.25385640015281],[112.4485933004405,33.25382589964562],[112.43707279976991,33.25950639990049],[112.43077829997867,33.260398899689505],[112.40946179992216,33.25778939986094],[112.39965029982159,33.25362390022286],[112.39394380016631,33.24878690019534],[112.38636779973422,33.23638890042747],[112.35994729992797,33.22161139974634],[112.35502629962411,33.220901400279445],[112.34864030010988,33.23667139996519],[112.3442763003111,33.2352754003395],[112.33728029964618,33.219440400354245],[112.33074929974043,33.215514900092614],[112.3130032997625,33.21427889975149],[112.31304980010827,33.20740890040048],[112.31915280006172,33.19530489980133],[112.32792679998192,33.18847639966617],[112.34403229985082,33.18465439968088],[112.3464887998183,33.181987899921694],[112.33585380041256,33.14880740044123],[112.33247330010283,33.124156900420644],[112.34310929955461,33.11504790034036],[112.34304830033886,33.10903139987926],[112.34822880001911,33.09168640040713],[112.37227630011125,33.083976900113896],[112.38458230013316,33.06431940012027],[112.40592180035082,33.054366899812635],[112.41655729977958,33.047508400092624],[112.40749379999897,33.03479390011847],[112.40830230041092,33.02725989982457],[112.40110030013875,33.0228044003029],[112.40178680032068,33.00474140009561],[112.41428330013423,33.003135399778955],[112.41063680014827,32.99639490010463],[112.41665629984846,32.97678389955735],[112.41031629975748,32.96855539961206],[112.41200230016614,32.95876290038757],[112.39665230006369,32.94308490044784],[112.38610080001195,32.93846090035032],[112.37258179981029,32.92305739957936],[112.36470029967916,32.92004390000602],[112.3505402995952,32.91974639977656],[112.34509280019267,32.921779399999366],[112.32492079985514,32.92282839981084],[112.31812280022712,32.92210389967528],[112.31404880031198,32.919795900260624],[112.30838029971108,32.912895400402476],[112.30367280025962,32.888137899944184],[112.29638679971106,32.87688039971073]]]}},{"type":"Feature","properties":{"shapeName":"Tanghe County","shapeISO":"","shapeID":"62558664B60424760349418","shapeGroup":"CHN","shapeType":"ADM3"},"geometry":{"type":"Polygon","coordinates":[[[113.19246679970308,32.59024040037423],[113.18869780036323,32.59688540014116],[113.18955979964505,32.61497489977188],[113.19312280027702,32.62802139976782],[113.19370230002119,32.6371764001708],[113.1904523003335,32.64244839957405],[113.18366979962161,32.64543939990841],[113.17961879986774,32.65071490037241],[113.18126680032265,32.657810400229835],[113.20143130031431,32.68204089976774],[113.2082368002882,32.68683240039502],[113.21530129961536,32.687503899885144],[113.22207629998127,32.68519989975562],[113.23724379976159,32.671878899691535],[113.24672680000185,32.66635889964357],[113.25460029976409,32.66450889976596],[113.25949079956081,32.666328400035695],[113.26116180017698,32.67639940041204],[113.23731929964606,32.69294740000254],[113.23243730024126,32.6970824000328],[113.22920180032293,32.70258340010389],[113.21508030021573,32.70582190016063],[113.19120029975409,32.714805399849354],[113.18715680034609,32.723743400137835],[113.18717979960809,32.73198689987561],[113.19185630032803,32.75189989996045],[113.18969729969069,32.75900290016375],[113.18129729993052,32.768405900312075],[113.17642980029507,32.77780540029903],[113.17645279955707,32.78604890003675],[113.17864980014826,32.79337289963968],[113.17624679994992,32.81146640035416],[113.1724777997108,32.823383400423666],[113.16976929981342,32.82934190000873],[113.1643373002263,32.83393090029085],[113.15590679995887,32.83348839966999],[113.14965030012127,32.836017400282856],[113.14066330027117,32.83031039970524],[113.12596130037377,32.824378899566625],[113.11479930004771,32.82118989999395],[113.09821329960414,32.81961039999999],[113.09602330023517,32.81801240005228],[113.09110279995434,32.80519489982481],[113.08075730040912,32.795818399999234],[113.07367680034417,32.79262140005761],[113.0649718000086,32.791484899808324],[113.05436680018772,32.79332740023938],[113.03697180020845,32.796775900087766],[113.03127279999978,32.79998739979874],[113.02990729998191,32.810752899826525],[113.01876829981722,32.81465139974233],[112.99890880040084,32.81100089957192],[112.96273030026316,32.81216090000561],[112.95321580036898,32.81742840010065],[112.94042979979554,32.83071140021099],[112.92791730014335,32.836890900095],[112.906967299901,32.8320769002288],[112.89335629995333,32.83161539963106],[112.88520029975405,32.831844400298905],[112.87458729956427,32.83527390017042],[112.86696629975495,32.84007640040562],[112.85688779993211,32.85152040024633],[112.84761030017523,32.871894900029645],[112.83589180026638,32.88585339981461],[112.82391330005885,32.89088039961081],[112.8157423000672,32.890872900164254],[112.78988630021263,32.88580690036821],[112.78279879982483,32.889690399592325],[112.77623730031121,32.90410989995195],[112.77124030009986,32.90805440019045],[112.73401630031208,32.91274639982652],[112.7225567997566,32.9168509002489],[112.71658330037906,32.91683939971858],[112.71140279979943,32.9147684004414],[112.71005229957404,32.90995789983725],[112.71116629968503,32.90377439976879],[112.72402179986625,32.87952790039236],[112.72540279969951,32.871974900121586],[112.71891830013953,32.85387039979918],[112.71022779957332,32.84721390040124],[112.69744880022199,32.84238039963577],[112.68575279955212,32.842586400142295],[112.67105079965472,32.84530240038555],[112.6664277996033,32.844375399904834],[112.65611279966606,32.83908839980984],[112.65096229957055,32.83243539967401],[112.64935279999179,32.82510389972526],[112.65350379986057,32.804504400357814],[112.64920030015378,32.787547899915694],[112.64845279985684,32.767398899739476],[112.64575979977496,32.76052090001957],[112.63195029966664,32.74514389957136],[112.62330630034558,32.7313848999932],[112.62278779981716,32.72520039987859],[112.6260602996432,32.721088400009705],[112.6412962998844,32.71425639971312],[112.64161680027519,32.70166389996905],[112.63652029997195,32.68287290036409],[112.6297682997673,32.67255390024235],[112.62001779978175,32.66497040036376],[112.60888679998584,32.662193400005435],[112.59912130020791,32.662624400096036],[112.59126280023816,32.66054140026546],[112.58367930035945,32.65364839985381],[112.57990279977446,32.647456900315774],[112.57750679989897,32.636916899895084],[112.5781938001038,32.63076390033376],[112.59374979981351,32.59751490039241],[112.59085080012437,32.58023839958253],[112.59430680031869,32.57267739984218],[112.58429730008038,32.554718399934245],[112.58674629970199,32.53889839974141],[112.56436980022613,32.524814399564946],[112.56143179963794,32.50377639976108],[112.55777730018235,32.49553690020781],[112.56375879992879,32.47742440041577],[112.53167729986751,32.467941400175505],[112.52866380029423,32.439380399685774],[112.52317830003858,32.42588789980681],[112.50102930026208,32.42834489979737],[112.49210429967377,32.423156899771186],[112.49276729967119,32.40584940022967],[112.47416679985804,32.40751639976207],[112.47321329995384,32.40150839969294],[112.49653079965674,32.38030560002346],[112.51281739960336,32.384632099891576],[112.51617660036982,32.38827270032493],[112.53571320000424,32.409442899570195],[112.56722259994308,32.38412480041927],[112.66874690024929,32.37317660041981],[112.67939760001934,32.358703600290994],[112.72944639983155,32.36040120015531],[112.74976350038526,32.34509659962845],[112.864677400142,32.40017700016847],[112.87335209961975,32.377052299823845],[112.90608979990441,32.39309690030177],[112.94830319973289,32.39081190014912],[112.97129819985207,32.37203219962635],[112.98592379964373,32.3804970000366],[112.98538970037441,32.412784600429006],[113.02005000010752,32.42696380013933],[113.02005729990458,32.435241900393464],[113.02249930010271,32.44256589999634],[113.01711279991582,32.47714240000181],[113.0190123002775,32.48126240023964],[113.03119630006927,32.479652399738484],[113.03581279982086,32.48216639965966],[113.03608679986598,32.48468389974221],[113.03256979955665,32.49178289976106],[113.02606980018118,32.49613940011329],[113.02174380033614,32.50484440044875],[113.01770030002888,32.528659899734635],[113.0187912999786,32.53598790042133],[113.02449030018727,32.54239289991244],[113.0261227999273,32.5472028995942],[113.02423079991149,32.557277400131966],[113.02559679995238,32.57170089977677],[113.02343730019129,32.57719789966342],[113.00988780038176,32.595981399821824],[113.01043679961867,32.60399639981404],[113.01804329965864,32.614524899704406],[113.01994330004334,32.615440399654744],[113.02292579998573,32.61268989961923],[113.0277863001977,32.594367900058614],[113.03864279992536,32.58336589991637],[113.04379279999773,32.58542240032358],[113.05384829965931,32.59732040041621],[113.05982229995925,32.599834900360406],[113.07285330013974,32.60050939998888],[113.07936079986109,32.60462189988084],[113.08615880038838,32.612167399805685],[113.09266680013275,32.61445239995834],[113.1002728001497,32.614211899659495],[113.11518880002313,32.60846690002745],[113.1284713001105,32.6013494000548],[113.13931280004579,32.598583400203836],[113.14501180025445,32.59903340027125],[113.17401879972783,32.587299399647634],[113.18269329955615,32.58705540008668],[113.19246679970308,32.59024040037423]]]}},{"type":"Feature","properties":{"shapeName":"Taiqian County","shapeISO":"","shapeID":"62558664B35531181788960","shapeGroup":"CHN","shapeType":"ADM3"},"geometry":{"type":"Polygon","coordinates":[[[115.72893630017018,35.83126570035182],[115.72928070004434,35.83300550000388],[115.74740220025137,35.83304850018817],[115.74745519999749,35.8381602997581],[115.75784069958866,35.83833209994651],[115.76769619991978,35.85443859986157],[115.78459909986861,35.85014390002101],[115.80292539998732,35.84821420042505],[115.80263509973008,35.84515550002635],[115.81113020009877,35.84429270034792],[115.81122689970175,35.845861299659305],[115.81418760007773,35.84659850002083],[115.81581310039428,35.85274710009867],[115.83568649973222,35.85014339999799],[115.83535759967356,35.85713860026624],[115.85424410008522,35.857922800097185],[115.85419389992865,35.85446779994908],[115.85753259974979,35.855665499962925],[115.85958509997249,35.86861779957184],[115.86404580027352,35.86886170020733],[115.86456579997173,35.87280909986015],[115.86702870041427,35.87280909986015],[115.86570109962611,35.85845700009054],[115.86982820001151,35.859281699990504],[115.87045010009206,35.87513390040925],[115.87310729996193,35.87382829973632],[115.87290939964919,35.878271900328],[115.87717790043985,35.87996680042755],[115.87775790020703,35.89547040023882],[115.88345650021733,35.89737709967346],[115.8792030999432,35.90901730010836],[115.86693879968595,35.90958590006926],[115.8670868002157,35.91501369982245],[115.86486769968462,35.915084700398666],[115.86965639982304,35.92028710036942],[115.89228590017422,35.92373949967822],[115.90212620016405,35.92683700042727],[115.9046372997716,35.931234800345806],[115.9046664998591,35.935064899625445],[115.90069540037246,35.945561399838766],[115.90346929986833,35.94532500044846],[115.90308969962996,35.95414189982887],[115.90533810007332,35.95395290010629],[115.90627250017576,35.96028720029409],[115.98592859962525,35.9746557999253],[116.00286419982308,35.9733798004375],[116.03021620031745,35.965033900294316],[116.04263389973471,35.969801700188384],[116.04465009972239,35.97692339999497],[116.0474550995732,35.99952220018946],[116.05747539976994,36.02901499994232],[116.06816000038373,36.02623560019282],[116.07100190031747,36.032328800233984],[116.07180119976567,36.04007709997825],[116.0729185003886,36.03973959970284],[116.07420439961345,36.042436799618656],[116.07377770008088,36.049055700160466],[116.06991289956068,36.05668869962386],[116.08012240002881,36.054149599624395],[116.08607049985369,36.05799659986326],[116.0743868001108,36.05861420028515],[116.07690809982898,36.0620575002535],[116.078764199808,36.061996699787926],[116.07937570012848,36.065942899745096],[116.0843287001095,36.06613119979511],[116.0830234996348,36.07156249970967],[116.08161899961715,36.07152670039693],[116.08124260006605,36.07622780027282],[116.08300210026675,36.0763578997973],[116.08207940034413,36.08052870003951],[116.08626359958555,36.081100999811326],[116.0859202995822,36.08954599984804],[116.08869069981597,36.090755499866475],[116.08866690015736,36.09237230014156],[116.09111310018943,36.09206020031803],[116.09143490010058,36.104335500183254],[116.09459469958574,36.1048179999508],[116.09250189984289,36.11015749976883],[116.09557629970652,36.1130553995871],[116.09514710005874,36.114130100223974],[116.051201800223,36.105289099912056],[116.01811400016106,36.06713970043688],[116.00755690003098,36.05940350017147],[115.98506920028342,36.04604550019974],[115.97082129956334,36.045039300023745],[115.95708840010968,36.0419510002385],[115.93884939987993,36.03532279980743],[115.92841029979559,36.03088060035947],[115.91649050013655,36.023574699612766],[115.91406580019657,36.02015580005019],[115.89638469979411,36.0267852001769],[115.89166400009356,36.02761819992003],[115.88642830002607,36.02662910035275],[115.86145159971159,36.016719399680596],[115.86104390015589,36.00804100039193],[115.85443500007523,36.002564399827236],[115.84142299987161,36.00419900038361],[115.83083199979706,36.01139999971025],[115.82374100014715,36.01083000040427],[115.81177870032684,36.012874400433304],[115.79477230010161,36.008495099569245],[115.77435990018932,35.99380880003616],[115.77628410043098,35.99213919966439],[115.77401159995543,35.984430800141354],[115.77448360013807,35.97922170022133],[115.77602860033971,35.97828399960696],[115.77980510002544,35.98165269991222],[115.7815217996914,35.97922170022133],[115.78976149979349,35.97845770006285],[115.79272270019248,35.97675600018931],[115.79237930036447,35.975088899932814],[115.78371039971523,35.97255359956904],[115.78409669990288,35.968767799994055],[115.77856060019155,35.96835100019854],[115.7777452001809,35.967169999695784],[115.77482699996608,35.96779530011304],[115.76963420025822,35.96015359970892],[115.76276770016932,35.957096699752924],[115.7489489999964,35.955081800184985],[115.73178280013622,35.94743890008522],[115.71950900034017,35.94702199956566],[115.70483199979697,35.95209420018722],[115.69255820000103,35.9474388002605],[115.69311609982822,35.94591020009568],[115.68942539996226,35.94458990000396],[115.69015500015314,35.93732820003646],[115.68783760012525,35.937484500409425],[115.6876230003013,35.93484369967706],[115.6890606996916,35.9347046995623],[115.68873879995567,35.93310630031556],[115.6878804995855,35.93129940044702],[115.6850051997302,35.93232449987585],[115.6850051997302,35.93036109998485],[115.68103549958869,35.928710499589954],[115.67979099975491,35.92349769985901],[115.67313910038922,35.924436000321236],[115.67356820021234,35.92789380005888],[115.6617450003315,35.92500939996387],[115.65981389959188,35.92659070040054],[115.65700290036364,35.9265211998935],[115.65561890039203,35.92460109966106],[115.6624061000615,35.92077260027531],[115.66823879978085,35.92063970026203],[115.66658279985643,35.91817500027611],[115.67023489992073,35.918196700017745],[115.66934879970745,35.92089339991054],[115.67434999975274,35.91973410004874],[115.67491489990277,35.912145299565964],[115.67701710025904,35.91204440012899],[115.67741230013758,35.908984300385214],[115.67619489957497,35.908643600321966],[115.67788369957316,35.90828240021267],[115.68022540018217,35.90181970021905],[115.68057449991329,35.90413260003953],[115.68610429987359,35.90519880028444],[115.6859273996298,35.90769979960612],[115.68710890015564,35.90622069992543],[115.69154129969127,35.90824790042029],[115.69488330002434,35.90405279959708],[115.69676340021078,35.89768789997663],[115.7006749996516,35.89684699968933],[115.69957369976646,35.89250910001499],[115.69368729972916,35.89250910001499],[115.6915858997695,35.89160659976483],[115.69087819986908,35.88869949988208],[115.68710310042775,35.88808610019345],[115.69087819986908,35.88817640022074],[115.6907517003308,35.88687390041025],[115.69356199988647,35.88614569956445],[115.69356199988647,35.88432010009262],[115.69538489959348,35.88420729992703],[115.69503040033283,35.87946870012047],[115.69725839965542,35.879355899954874],[115.69695459967511,35.87690440021794],[115.70301820032978,35.8760428002351],[115.70357519993559,35.87040099960649],[115.70440549991395,35.87358699994013],[115.70430949998354,35.870452299633996],[115.70517770009087,35.87366900012432],[115.70578530005162,35.871812400122224],[115.70743100004063,35.873309999756714],[115.70818310036987,35.869241799569465],[115.71079089958039,35.86966239989988],[115.71148709984982,35.86796980026611],[115.7109502000917,35.86456989978109],[115.71235529995715,35.8668985997906],[115.71181099967794,35.86426209961627],[115.71334269980582,35.863862000231165],[115.71284899988154,35.8623744001585],[115.70908390000204,35.865907900329375],[115.71028339955933,35.863260100173534],[115.70773229990573,35.86355029970662],[115.70760700006304,35.86555240012319],[115.69959560005691,35.85242869962485],[115.7014394998331,35.85264640031119],[115.69737560020383,35.85008520037178],[115.69714289972512,35.84745139996221],[115.69701759988243,35.85011419991042],[115.68979310037139,35.850129500076434],[115.6907425002662,35.84885199962014],[115.68945760018812,35.848969999665826],[115.68831830034935,35.8449630001424],[115.69328070004428,35.84091470015335],[115.69512890037856,35.84478850018917],[115.70143150036347,35.84405420014127],[115.69935149977198,35.84064230000217],[115.71362730015983,35.836996399864006],[115.71652290041163,35.834766299725004],[115.7239428001202,35.83488369992284],[115.72437719964807,35.831773200372936],[115.72893630017018,35.83126570035182]]]}},{"type":"Feature","properties":{"shapeName":"Taikang County","shapeISO":"","shapeID":"62558664B16772701673136","shapeGroup":"CHN","shapeType":"ADM3"},"geometry":{"type":"Polygon","coordinates":[[[115.10900879971643,34.21450440005805],[115.10234830013405,34.21378690024528],[115.0899962997895,34.22277440011851],[115.08110029963916,34.22562040006147],[115.06784880008217,34.22541439955495],[115.05190280037402,34.22217939965964],[115.04884329957872,34.22327789995518],[115.03269979975596,34.240691899911326],[115.02258279995635,34.2485619004114],[115.01447280007972,34.25256339968121],[115.00314330012327,34.25238390039675],[114.9949032996476,34.25064090005753],[114.98410029968909,34.251384900193045],[114.97161879966791,34.26540740023137],[114.9555892997065,34.265373399562804],[114.92532329973051,34.283229900139816],[114.90373979995184,34.28378289956123],[114.89756780041375,34.287578400123095],[114.88896990034073,34.27123979957713],[114.88317009962043,34.26824420010979],[114.82915919983725,34.28471860008335],[114.82335940001633,34.28292159995192],[114.81864700015899,34.27393569997264],[114.80813479958135,34.26854370043151],[114.79399779965877,34.26794459996336],[114.77659830037135,34.26494889977198],[114.75720300041814,34.255961100424486],[114.75258279995626,34.238627400034545],[114.72874970003863,34.228991999781044],[114.71823750036037,34.22959139972335],[114.68416350014547,34.25356420032762],[114.66267050004365,34.25511150009572],[114.64980209998703,34.25271450017408],[114.6448227004073,34.25559499990936],[114.63508789988668,34.265869300128145],[114.6285424002117,34.26829740040478],[114.62101840037894,34.263317400077995],[114.6047685997911,34.25847079978763],[114.59969039979217,34.24529149960307],[114.60071679964062,34.22789660034789],[114.60584869995762,34.20307079997747],[114.60661849984399,34.19394499966205],[114.60507890007125,34.187153100135504],[114.599177199868,34.18290780005498],[114.5801892001715,34.18014829960441],[114.55709560018181,34.17929920019799],[114.54965440003059,34.17653950009793],[114.53194930031998,34.158068800334945],[114.52835699977572,34.14511570032937],[114.52887019970001,34.13662069978551],[114.53117950043361,34.13024900039113],[114.54195650009251,34.1168666998384],[114.54349609986514,34.11049339965075],[114.54067350028186,34.1058193999454],[114.53066629961006,34.09710800003421],[114.5291267996621,34.08308299988062],[114.53528509982755,34.06948069997435],[114.55581270019604,34.07245640014281],[114.56248409956163,34.07776979983646],[114.56684619999214,34.07776979983646],[114.57454409993034,34.07181869987318],[114.58403809977858,34.07054340005794],[114.5884002002091,34.06629230024953],[114.59496279959353,34.03312919995267],[114.59361550005531,34.029175300000134],[114.57864960039876,34.023982199918635],[114.57685339976467,34.01845270033192],[114.57018200039909,34.013773599671936],[114.56581989996846,34.00398909991708],[114.56556330000637,33.9976074000615],[114.57377430004397,33.990374199609676],[114.57146500020963,33.986970100190035],[114.59045299990612,33.96845800013665],[114.59327549966463,33.96739399963343],[114.60046019967854,33.96973480002106],[114.6145728999195,33.98526800011814],[114.61996140019858,33.98526800011814],[114.62817250006094,33.97718260029683],[114.63176479970582,33.96867080041716],[114.64433799999881,33.96484020021512],[114.6558846997192,33.96505299959631],[114.66640510031516,33.970160399682754],[114.68231400029094,33.95845550022119],[114.68462339995006,33.94717470035221],[114.6907817001154,33.937382700251476],[114.7064340001291,33.93120880044586],[114.71772409988739,33.91587869964235],[114.72159370008922,33.913717699812025],[114.75702550032668,33.901652000439526],[114.77330829973835,33.9026656002373],[114.78389219966539,33.90486169970774],[114.81259070020076,33.901989900013916],[114.84698829987019,33.90840909980017],[114.85492620008415,33.912800900341324],[114.86184639959174,33.91381440031438],[114.87670450021255,33.906888800377885],[114.90316419966814,33.90790230035094],[114.92046469978618,33.91111179996966],[114.96605680038112,33.906888800377885],[114.97277339967275,33.901314099965816],[114.99129519981364,33.90080729961721],[115.00004719961862,33.9046927998329],[115.00900279963957,33.9149967003375],[115.0167372003616,33.915841300435716],[115.04717329990797,33.90924440000913],[115.05657179984871,33.92205980031957],[115.06343829993762,33.93781289994541],[115.04934680031465,33.940112899890494],[115.04071030044008,33.944797400080006],[115.03981030030513,33.94799440002157],[115.05297080016237,33.962890399872094],[115.05502330038507,33.98220040002849],[115.05819680014224,33.987754899868776],[115.06735980001486,33.99730689969374],[115.07079330007082,34.00424590042803],[115.07156379962976,34.007011400255976],[115.06848879991821,34.021190400316755],[115.0696868003057,34.028785899849424],[115.07457730010242,34.032302900158754],[115.08200079979713,34.03333640015478],[115.10059330014076,34.027427400154465],[115.10968030010588,34.02779389996857],[115.11483779962487,34.03154740039224],[115.13033280011871,34.054271399705385],[115.13108080043867,34.057952900406065],[115.12651080013336,34.06545640019277],[115.11640129978025,34.0740243996064],[115.11318179970033,34.082923899918114],[115.11602030019674,34.1047668999725],[115.11464729983311,34.11736690006245],[115.11667629987141,34.13850790011952],[115.12220779955032,34.15075290002636],[115.12515230043834,34.16778190021455],[115.12364980039808,34.17372189984587],[115.11332680009184,34.191463399616225],[115.11290729963218,34.19811239956766],[115.11650079987203,34.210788899588124],[115.11535630015317,34.21260439967335],[115.10900879971643,34.21450440005805]]]}},{"type":"Feature","properties":{"shapeName":"Suiyang District","shapeISO":"","shapeID":"62558664B47430934947361","shapeGroup":"CHN","shapeType":"ADM3"},"geometry":{"type":"Polygon","coordinates":[[[115.68495179978584,34.35798240026759],[115.68344879972244,34.37657939991942],[115.66717530020003,34.389053399594786],[115.64439380003387,34.39773189960755],[115.5836488001521,34.400989399641105],[115.4936062999908,34.397189899794114],[115.44262679988697,34.404784900203026],[115.40206930015813,34.4276503997462],[115.39794179957448,34.41107939999438],[115.38971729981358,34.3910103999101],[115.38854229958747,34.37974940041454],[115.38069129996359,34.3704718997584],[115.37631280039545,34.36788940027566],[115.36914079970825,34.366420900004584],[115.34998330028918,34.37052889968902],[115.34446730042566,34.36930439987822],[115.34339879971492,34.36722540023209],[115.34448929964151,34.35324490033196],[115.34053029963366,34.29903789977931],[115.33595279988185,34.27832389962833],[115.32923130018446,34.26790640036012],[115.32862079991003,34.256198900059246],[115.33796680012779,34.243930899991085],[115.34578680012078,34.2392159001937],[115.35080729961726,34.236987899971666],[115.35910029983904,34.2370988996945],[115.36650080027175,34.24017690044366],[115.37835680022624,34.24102389993311],[115.40788280025106,34.22854990025775],[115.4181213002579,34.227077399802226],[115.44061329966416,34.22070690010344],[115.44812029961224,34.217357400323806],[115.45876330028614,34.209457400238875],[115.471961800097,34.1960829004056],[115.47324329983849,34.1862299001898],[115.47120680035357,34.17541889986239],[115.47480029969415,34.159629900199775],[115.47841630007224,34.15737889981642],[115.48338329979947,34.158588399834855],[115.49320230024603,34.164901899603024],[115.49815380015787,34.165881899829856],[115.50784280000528,34.16416139962894],[115.51483929979395,34.15827939997439],[115.51846329964167,34.139964899860274],[115.52555080002946,34.12857439978876],[115.53143329970703,34.10661689985011],[115.53566729980605,34.09782790013753],[115.53896329981649,34.09855639955822],[115.57244130042568,34.09183489986077],[115.5914688001451,34.092052399998295],[115.6091692998234,34.088810399780186],[115.61466979987142,34.08955740005405],[115.62644979991842,34.09450889996583],[115.63362129968334,34.09436040031227],[115.63668079957927,34.092788899787934],[115.64071630041701,34.081126899786625],[115.64140329972258,34.072418400189065],[115.64478299963582,34.0673294002317],[115.65451050035938,34.062156700371474],[115.72205349986916,34.08029940029712],[115.75750730022185,34.06781009955648],[115.77448269991669,34.076465600307245],[115.7588728002396,34.095088899733014],[115.755180299931,34.10239790044278],[115.75195330040458,34.11659190029599],[115.7529603000778,34.12325640006287],[115.75862829975631,34.132259899774624],[115.7574693002681,34.13637939998938],[115.74549880042935,34.14360440042282],[115.73877729983258,34.15018840007468],[115.73258230013312,34.17880989975714],[115.71399680011234,34.20431889979744],[115.71114329982345,34.211173900255346],[115.70191929983594,34.21865089971931],[115.69080329983251,34.22289290018722],[115.68737029979957,34.23134639971664],[115.68721779996156,34.241443400392654],[115.69281780010147,34.25549690006193],[115.69830280033398,34.27781290034511],[115.69638880020307,34.29454440030389],[115.69152079964522,34.3061943997518],[115.67418679978107,34.3184013997049],[115.67108929993128,34.322959900379146],[115.67209629960462,34.32939540037745],[115.68495179978584,34.35798240026759]]]}},{"type":"Feature","properties":{"shapeName":"Suiping County","shapeISO":"","shapeID":"62558664B22796894003060","shapeGroup":"CHN","shapeType":"ADM3"},"geometry":{"type":"Polygon","coordinates":[[[114.08690629958608,33.256248399843855],[114.0699768003891,33.24758140036141],[114.0559313001894,33.243114400309366],[114.03444679958022,33.24007440041328],[114.0262372996117,33.2405624004345],[114.02208729978906,33.24230239973599],[114.01586129955933,33.24857690040369],[114.01085679990149,33.25120940039358],[114.00237279986493,33.25192239999882],[113.9999998001507,33.25070589965759],[113.99629980039549,33.25523739998607],[113.97630380008036,33.25197589976801],[113.9596632998215,33.255092399594616],[113.94035329966516,33.263496400438555],[113.93276979978646,33.27042789992771],[113.92227929984983,33.285171399940225],[113.92732230038393,33.29589439980674],[113.9273682998072,33.29978540027605],[113.92276779989413,33.3041764004206],[113.91703029970859,33.30467990025727],[113.8972623000152,33.29865190016511],[113.88693230028548,33.304229900189796],[113.8790128002006,33.30520990041663],[113.83792879957446,33.30070889969602],[113.82859780004844,33.298259900074356],[113.80903629998534,33.28511840019405],[113.79284679984005,33.27996439993717],[113.76963030029822,33.28218839997476],[113.73850230014114,33.28743289990848],[113.72783680022826,33.28750240041552],[113.71878830023991,33.28458389982717],[113.71105179960091,33.2763898996742],[113.6998597996901,33.247833400291256],[113.69513680042303,33.240077899675384],[113.68580630002077,33.23509590015573],[113.66664130025583,33.23131939957068],[113.65621929988083,33.226344900396896],[113.64823929970396,33.21997839998323],[113.64215829986574,33.21108239983295],[113.6420362996356,33.19780339990706],[113.63703930032352,33.18661089997312],[113.63807679960473,33.181110399925046],[113.63696280039301,33.17722339964024],[113.62727279960006,33.16010289972911],[113.62206280035798,33.157153900432206],[113.62254330003339,33.148906899633744],[113.62793729966666,33.14109039980218],[113.65518930004623,33.135665399638526],[113.66470329991739,33.12988290007581],[113.66954029994497,33.12092589981046],[113.67459079992557,33.10532389977823],[113.68993379970516,33.08003640005984],[113.70321629979242,33.071021899840844],[113.71264630028656,33.05768189979989],[113.72186279992832,33.05075389957284],[113.72399130005851,33.04478390035678],[113.72168729992904,33.03197489962196],[113.72575380039768,33.02920140032444],[113.73120079977718,33.02848040035025],[113.73606880033492,33.0238683999068],[113.74933700030238,33.005022600112966],[113.75637180041826,33.00183139989923],[113.76534550019471,33.00368289984601],[113.77132959988114,33.012438700185896],[113.78852249971362,33.01127890030108],[113.7943983003413,33.00799969962651],[113.79271930025561,33.00378690014537],[113.79801339959874,33.00262410012215],[113.79691430035473,32.998725299832756],[113.79920880004613,32.99450509983052],[113.82066330017119,33.002445400335034],[113.83135230026846,33.00923539959405],[113.86858380040212,33.02269339968069],[113.87676229984038,33.023319399770514],[113.88873279967902,33.020934900425345],[113.89658330017926,33.01537690042369],[113.91503929962403,33.00813290001338],[113.92292780007801,33.006465899581656],[113.93273930017858,33.00615689972119],[113.94203179972783,33.0085983998963],[113.95510880023096,33.00757190022307],[113.9788438003012,33.00897590021765],[113.99468979989445,33.011585400046215],[113.9999998001507,33.01784139986074],[114.00621780001154,33.01742539956257],[114.02043930023353,33.02396789999864],[114.03640730005691,33.02710790000964],[114.05409980026559,33.035796899607305],[114.06385080027428,33.03763940003836],[114.09377329969811,33.039268399617015],[114.10724629957713,33.043487399923606],[114.11202979983545,33.04750039972373],[114.10746779989915,33.05359240006925],[114.10471329967913,33.06293890031003],[114.1042632996116,33.076698399911265],[114.10675030008633,33.083873899860635],[114.11625679961162,33.09328090019346],[114.1212233002152,33.10854339985809],[114.1254118000146,33.113693899953546],[114.12783030002834,33.11489439955693],[114.13140080010692,33.11406339990606],[114.14219679974258,33.10926039964778],[114.14978029962117,33.11081690037969],[114.15339680002239,33.11686689968775],[114.15561679987547,33.13252639967368],[114.15847030016425,33.13741340020829],[114.16307830042331,33.155422399724046],[114.16349779998359,33.16782739981471],[114.17208879955854,33.18087789999515],[114.17347729973767,33.18871289978057],[114.17008229965847,33.21801740038279],[114.16575629981344,33.224803900379754],[114.16297930035444,33.22657390016542],[114.15972130029786,33.22603989982156],[114.15257279979494,33.21899040028677],[114.14743030006832,33.21749489966993],[114.14546979959164,33.219054899663945],[114.14430980005727,33.229816400406605],[114.14201330027367,33.23343640006988],[114.13838980044898,33.23541639964719],[114.12365730004444,33.23507289999441],[114.11385330028963,33.242648900426445],[114.09352129976821,33.246074400113514],[114.08934779976119,33.24850089959688],[114.08690629958608,33.256248399843855]]]}},{"type":"Feature","properties":{"shapeName":"Muye District","shapeISO":"","shapeID":"62558664B72355745408970","shapeGroup":"CHN","shapeType":"ADM3"},"geometry":{"type":"Polygon","coordinates":[[[113.79490209965229,35.324289500160376],[113.80812509969371,35.3229466999303],[113.81380180031294,35.32535869964431],[113.81637070024772,35.323605000070756],[113.82288659963694,35.326055999784614],[113.82809699997665,35.315231499733954],[113.83591259958689,35.31510069963764],[113.84068219992366,35.317357200274614],[113.84860100033598,35.31638990027375],[113.85074310001414,35.31429220012501],[113.85587279969002,35.31692849975053],[113.86131419989044,35.31313590040156],[113.86271600014334,35.31413150026856],[113.86680010034445,35.313277999580066],[113.8676261995895,35.310310000306345],[113.87154220031232,35.30886540041797],[113.87735719957516,35.30967089979225],[113.88455630043302,35.30690420026866],[113.88995290000639,35.30940829955341],[113.90157220019694,35.306694099752974],[113.90388960022494,35.30956590034606],[113.90804169996454,35.31116800030304],[113.9098655997177,35.314442299672464],[113.91260150015921,35.310423900342755],[113.92496109977503,35.310310000306345],[113.9249772003376,35.30557339969272],[113.93174709974892,35.30560840040738],[113.93195630004323,35.30714500004177],[113.93556649979416,35.30704430025429],[113.93628000032186,35.309346999964134],[113.93845800003669,35.30969719956613],[113.94063589992686,35.30587109957162],[113.95194410034003,35.305652200089014],[113.95267369963165,35.30169460032562],[113.95599960030142,35.30550340006192],[113.95872469988501,35.305012999750204],[113.95987269976536,35.307193200106155],[113.96362780008292,35.30600239969107],[113.96750090044623,35.30739449985634],[113.97096630035458,35.317208800445826],[113.96720130029985,35.32285289974158],[113.95518360044287,35.333721200373134],[113.95984580014363,35.353051500026766],[113.95353240020017,35.35945779993756],[113.9489978997334,35.35770120005037],[113.94400989993699,35.3645887002084],[113.94930479967684,35.381075599859116],[113.9534830004402,35.38543349955643],[113.9029741002746,35.36271689986506],[113.87279709990628,35.361664999740015],[113.83368670018115,35.36637979988791],[113.83215629957363,35.356854199661655],[113.83850460040708,35.34871770036165],[113.83567050029342,35.34169010021799],[113.83056920030845,35.34270730000196],[113.82467429987912,35.33900840011762],[113.8115240999573,35.34039550005235],[113.80959689957729,35.34344710030348],[113.80687620037645,35.33873089991113],[113.78771779983663,35.341382899900964],[113.78634030016474,35.33682059959108],[113.78466209957628,35.328833500165956],[113.79291859991349,35.327656400022875],[113.79490209965229,35.324289500160376]]]}},{"type":"Feature","properties":{"shapeName":"Yancheng District","shapeISO":"","shapeID":"62558664B7744423232229","shapeGroup":"CHN","shapeType":"ADM3"},"geometry":{"type":"Polygon","coordinates":[[[113.75163889961561,33.72065519997756],[113.74960219958189,33.71480960038281],[113.74930980030706,33.70803109985542],[113.75280390027979,33.70360190010763],[113.75097360005168,33.698757100260025],[113.7536358001521,33.69460420012376],[113.75513320013715,33.67369829993663],[113.76195500032304,33.66691320018407],[113.7679447999127,33.65694229974741],[113.77826060024654,33.65417240043598],[113.78757819987413,33.64793970025704],[113.79082260038274,33.64216279987335],[113.78890920009951,33.63322800027203],[113.78965220018893,33.62643900015979],[113.79266760002974,33.62154729976811],[113.80657810029913,33.61407369974148],[113.81181359981781,33.608439799657106],[113.8140195000999,33.60327100015661],[113.82022569995615,33.5998902003725],[113.82266689975768,33.601115100381605],[113.82404929983534,33.60420190009768],[113.82502999973474,33.61087729964771],[113.82833690042764,33.612294700440145],[113.83544980036811,33.61032299980667],[113.84121510039665,33.610819699869296],[113.85026840006662,33.613149899947985],[113.8571175000726,33.61498790017151],[113.87439860001541,33.60326089987069],[113.88335920026691,33.60059540015766],[113.89327979982295,33.60139509980405],[113.90576060017167,33.605126600112555],[113.92304170011448,33.59979580033598],[113.93520250009533,33.60219469962573],[113.9409628997181,33.59259849992088],[113.94640320004771,33.59126570015201],[113.95504379993145,33.59686360037489],[113.98306179966244,33.584140000160914],[114.0075053000296,33.58238879980331],[114.01505270022199,33.58814589981347],[114.02125749983384,33.58913030042305],[114.03016699970738,33.58726379978458],[114.04037719984797,33.58539970033593],[114.0525188002025,33.58711110029708],[114.06901980032353,33.636582699931694],[114.0792677000444,33.64742789967789],[114.09472650012799,33.65451270030093],[114.11160150040894,33.656198900359016],[114.1147079997744,33.67063009999919],[114.11241970000924,33.68608559957079],[114.09542829957638,33.68259360041441],[114.09449300015194,33.69271020001577],[114.096916600221,33.69571610031784],[114.09186799960855,33.70289870041472],[114.08650139961992,33.71791559972519],[114.06844510026121,33.72304099974241],[114.06119930030752,33.72672370013868],[114.04932440020093,33.72320840044739],[114.03020370014076,33.72320840044739],[114.02617829958888,33.73007160002436],[114.01973770043458,33.73358670006621],[114.00947289975454,33.73325189955557],[113.99880560029828,33.73559520005847],[113.99296869984573,33.73358670006621],[113.98813829994265,33.721366900062435],[113.979684900238,33.72069729994047],[113.97203670043348,33.72488240030259],[113.95814899977654,33.71751650038624],[113.93218519998709,33.717014300069934],[113.91970639973067,33.72086469974613],[113.90924040002449,33.72772809987197],[113.90622130037275,33.74011429963525],[113.90219589982098,33.739946999654364],[113.90018319999479,33.732415000352034],[113.89776799959361,33.733754099871874],[113.89313879961594,33.74262480029432],[113.85691010022106,33.74379640018378],[113.84121110021215,33.74563729982157],[113.83195260043226,33.749988600293705],[113.82249289982758,33.751996700087716],[113.81846750017507,33.749653899607836],[113.80317099984188,33.73007160002436],[113.79713290036307,33.727560700066306],[113.77760969972792,33.729569399708055],[113.76191059989435,33.72103209955179],[113.75163889961561,33.72065519997756]]]}},{"type":"Feature","properties":{"shapeName":"Zhongzhan District","shapeISO":"","shapeID":"62558664B68894798207088","shapeGroup":"CHN","shapeType":"ADM3"},"geometry":{"type":"Polygon","coordinates":[[[113.12177839975345,35.32747699966387],[113.12524240031655,35.325945099886496],[113.12095999960434,35.32556520017391],[113.1145800003668,35.321506000401655],[113.11249529991824,35.318434499952275],[113.11400459973254,35.3177531996505],[113.11340669985941,35.313322400008815],[113.10990520026485,35.31274569985419],[113.10198999983868,35.30199039993704],[113.1041204002363,35.29910549981901],[113.11043170026278,35.29995510014783],[113.11423890010519,35.29746289979306],[113.09926049987223,35.28937900004087],[113.10154869981272,35.27853769975508],[113.0960455998246,35.27780420010379],[113.09273700031235,35.26999550009231],[113.08804940015978,35.26920329989241],[113.08720360036591,35.26516600041066],[113.08362500009378,35.263891000069634],[113.08772410008726,35.25910949990356],[113.0842105999393,35.25767500030105],[113.08564320017365,35.25289500020415],[113.09140759998081,35.24735269966743],[113.09650820029321,35.245550800029434],[113.10327460044255,35.24795170031075],[113.10555179987568,35.2473672003361],[113.10638419977101,35.2152134001783],[113.11919640029373,35.19838290015076],[113.12722249971864,35.196241900343466],[113.12735870024392,35.193491500132666],[113.12910159985904,35.19352080004495],[113.1295202000972,35.191525399577586],[113.13297890005629,35.19172019992732],[113.13784260005605,35.191079399694615],[113.13899820010693,35.18865900031267],[113.14317639997091,35.18811579990427],[113.14398100002325,35.185914399829755],[113.14800629985086,35.18695419957669],[113.14899390024834,35.18530610019644],[113.15816129960433,35.18532820013638],[113.15782990032972,35.18790170010345],[113.1553058999474,35.18779020035754],[113.15687490035646,35.1958178996764],[113.1645909998748,35.19598469963421],[113.16874669960055,35.18993070014176],[113.17411119967221,35.188524299856624],[113.17568539996125,35.18253929994876],[113.1831985000108,35.18318510041212],[113.18604790029042,35.17968109980296],[113.20185150044642,35.18321190020907],[113.19964650038571,35.195594900184574],[113.2031255996668,35.1958736000866],[113.2031255996668,35.19815920008705],[113.20578600022384,35.198214899597986],[113.20496740042529,35.203287500417844],[113.20367130019042,35.20323170018287],[113.20455810007627,35.2050154002406],[113.19671319965448,35.20367760024112],[113.19555349959444,35.209697299590744],[113.19248379958776,35.20886129970927],[113.1918016997887,35.211202199921615],[113.18852729969524,35.211146500410734],[113.18804980015818,35.21298570032985],[113.18286530029343,35.2125398002716],[113.18245599994452,35.21588379979755],[113.1892775995816,35.218336000106376],[113.1882544004203,35.22056510019928],[113.18095530034691,35.217277099658475],[113.17931809985043,35.218336000106376],[113.17822659987769,35.215270699583186],[113.17386079963626,35.21415609962435],[113.17304219983771,35.21738849957967],[113.17522509995842,35.21755569973578],[113.17693049964294,35.22262709996073],[113.18556090031541,35.229431099865394],[113.18283140034896,35.23980540019909],[113.18099840035597,35.24004179958945],[113.18070900032012,35.242326799742045],[113.17771830035929,35.24256310020695],[113.18022660037741,35.24366619963547],[113.18032310033084,35.24642379981856],[113.18263840044187,35.24673889978044],[113.18051600041315,35.25217500027611],[113.17511360021251,35.252726499628295],[113.17453480014092,35.25130840006267],[113.17057940011932,35.251072099597764],[113.16971110018721,35.2595800998418],[113.16372980009021,35.272340500313874],[113.1655628000832,35.27533340001645],[113.17771830035929,35.2816339000845],[113.17926190031653,35.286516400411585],[113.1783937002092,35.29525689968625],[113.18707620040641,35.30423270027893],[113.19575869970424,35.30690949997347],[113.19537279971496,35.309035099790094],[113.20638569964035,35.314631599768575],[113.2086757000236,35.31841270038586],[113.21209139979828,35.319227100350474],[113.21138879995317,35.321483299714544],[113.20546199967157,35.328889199676894],[113.20658619989331,35.3307599001493],[113.19374790014558,35.35046670007819],[113.18458219960894,35.35135349996409],[113.1823281999865,35.34884710021356],[113.16258869980868,35.345979500353735],[113.15734340037773,35.34401759963259],[113.15168269959702,35.34433600010635],[113.143335800307,35.349831900122126],[113.140352499968,35.35163079962177],[113.13812099958454,35.3505786000224],[113.13920190014767,35.3489291003977],[113.13522700012606,35.349298799999644],[113.13194950006948,35.34716579966198],[113.13045019981689,35.34790529958997],[113.12950869956694,35.346909900271726],[113.13248429991063,35.344023099886215],[113.13317170031382,35.33899989972565],[113.12824690037417,35.33389790006811],[113.12483650030435,35.33456590029613],[113.12121029981552,35.33180670021909],[113.12021939980548,35.33009180009657],[113.12177839975345,35.32747699966387]]]}},{"type":"Feature","properties":{"shapeName":"Zhongyuan District","shapeISO":"","shapeID":"62558664B29255069136458","shapeGroup":"CHN","shapeType":"ADM3"},"geometry":{"type":"Polygon","coordinates":[[[113.51181799990081,34.719171400239986],[113.51570419978907,34.721259900324185],[113.52048729984904,34.71874140019554],[113.52654080021784,34.71824990001295],[113.53012809963218,34.711246599550975],[113.53521019999084,34.7097721997273],[113.53558379995252,34.70282959990618],[113.53872270009265,34.699941800373836],[113.54201109993232,34.699941800373836],[113.54260899980557,34.70338260022686],[113.54507519986066,34.701293600119584],[113.55508980015418,34.71308969982982],[113.55538869972872,34.718557100329974],[113.55703289964868,34.71886419992296],[113.55800450020763,34.717082699606976],[113.56301169963035,34.717512800375516],[113.57930410020413,34.71462549996693],[113.58191979995888,34.708297700078845],[113.59372800004724,34.70866629980992],[113.59380280025914,34.7063317002478],[113.60747929963009,34.70405840027502],[113.60755409984188,34.70915779999251],[113.61452250031323,34.713627599634094],[113.61473739961139,34.72163789976929],[113.61926219999054,34.72174030017476],[113.61708899995745,34.73006790001364],[113.61801699958494,34.73489569997662],[113.6218285998101,34.740545900273105],[113.62196819977271,34.750635500428075],[113.62593899978503,34.75037140012006],[113.62623790025896,34.75522239989391],[113.62197799968499,34.755590799975494],[113.62519170003702,34.76750189959307],[113.62068519996205,34.778135200179406],[113.61659129984866,34.77746259991909],[113.61380749971636,34.78015269968739],[113.61544499968704,34.7828425998062],[113.60938609978871,34.79602220036429],[113.60349089988517,34.79602220036429],[113.60037950011395,34.800325299872725],[113.60283580043188,34.80220780034978],[113.60267210043719,34.80422470000997],[113.59628560000056,34.80341800004072],[113.59219169988705,34.80543489970091],[113.5917005000781,34.81121640011685],[113.59432050039084,34.81363650002453],[113.59612190000576,34.8214339000545],[113.5953030996584,34.828693000081955],[113.58809779977366,34.83742990026974],[113.5851501998219,34.848181700025464],[113.57123100041042,34.85315400035688],[113.5674646001113,34.86027589981296],[113.56271570036938,34.85973840020705],[113.55501919977632,34.853288400439396],[113.54617639992102,34.854632199816194],[113.53995360037845,34.858260299673134],[113.52259549958274,34.85691660012105],[113.51375269972732,34.85234769968662],[113.50343609989613,34.853960300127824],[113.49885090014902,34.85113830039228],[113.49803219962632,34.840386800110764],[113.49459330004083,34.838639599937665],[113.479855300282,34.837295500187224],[113.46511729962378,34.838639599937665],[113.45496439978729,34.837161100104765],[113.44988800023111,34.83487609995211],[113.44956050041685,34.825601299960056],[113.44595780011241,34.821299499971985],[113.44694040027935,34.81686310025191],[113.45316309999714,34.81175420009629],[113.4541456003393,34.80355240012324],[113.44759539990787,34.79965290016128],[113.44775919972733,34.79656010016856],[113.46806489957555,34.79306369973],[113.4697024004455,34.796829000158255],[113.47559760034903,34.79588769955774],[113.48001900027668,34.799249500264295],[113.48149280025257,34.78391859996344],[113.47903649993464,34.78190120028023],[113.47952779956836,34.779883699872926],[113.48149280025257,34.778135200179406],[113.4860779999998,34.77786620036488],[113.4873880001561,34.77625209985456],[113.4860779999998,34.7739653999833],[113.48935309976582,34.77167870011198],[113.48853430031772,34.7691228997021],[113.48575050018553,34.768181299627315],[113.47461510000687,34.768181299627315],[113.47150370023564,34.76966100005518],[113.46921119973717,34.773292900447075],[113.4623333996667,34.77477250015079],[113.46053209987656,34.773158399640465],[113.46085959969082,34.76683610000606],[113.45611069994891,34.76428009994669],[113.45660199958263,34.75997519999555],[113.46184210003298,34.756477199663095],[113.4690473999176,34.756746300201655],[113.47215879968894,34.75499729958574],[113.4757614001685,34.74342589998537],[113.4819840998864,34.74288769980757],[113.48378539967655,34.74167659989524],[113.48427670020965,34.73790880025098],[113.4792002997541,34.736832200245885],[113.47396010037835,34.73158379995243],[113.46757359994172,34.73252590005029],[113.46462599998995,34.73091090021791],[113.4636434996479,34.72539290026219],[113.46511729962378,34.7232394997032],[113.47215879968894,34.725931300089485],[113.4785452003008,34.725258299630866],[113.48296660022845,34.72229729978062],[113.48575050018553,34.722162700048614],[113.48902559995156,34.725931300089485],[113.495575800383,34.726469600092],[113.50147100028653,34.7255274999942],[113.50540120040512,34.720412999760185],[113.51181799990081,34.719171400239986]]]}},{"type":"Feature","properties":{"shapeName":"Zhongmu County","shapeISO":"","shapeID":"62558664B66845143107550","shapeGroup":"CHN","shapeType":"ADM3"},"geometry":{"type":"Polygon","coordinates":[[[113.89934550039459,34.461418099865455],[113.90590459961766,34.455803400306706],[113.90495280033156,34.45000439998313],[113.91336989980107,34.44089249958921],[113.93376179966742,34.447715899669106],[113.95507030025419,34.44410689961376],[113.97522729989998,34.43844590025816],[113.9999998001507,34.440181900274524],[114.00437929976488,34.445216900439675],[114.00743879966092,34.45286189955709],[114.00826279988837,34.461143400147876],[114.00567630022113,34.47944240044649],[114.00771329972906,34.4850004004482],[114.01026929978843,34.491027899617904],[114.02420030010387,34.50513439993267],[114.02970879962152,34.50618739992859],[114.03417979985795,34.50514589956367],[114.04598980038907,34.50014890025159],[114.0539702996897,34.49368289974609],[114.06973329995185,34.4867094001188],[114.07779680038209,34.485755900214656],[114.08328229973836,34.487491400208],[114.08757779997552,34.49172190014565],[114.0929717996089,34.537292399924354],[114.09768680030561,34.55346690027727],[114.120208800196,34.58542990026973],[114.12066629971002,34.59622940006682],[114.12416830022698,34.60801240025211],[114.1295318002525,34.613643400022966],[114.14272329974051,34.617851399822314],[114.15205470036415,34.61884720023818],[114.15005950044565,34.62947999990212],[114.14624209959334,34.6342180996856],[114.14300709969791,34.65503069970708],[114.15020829957348,34.66056130006399],[114.1530957996315,34.66589710007116],[114.15145269958248,34.67485029980156],[114.15460239968104,34.680909500073426],[114.1503302998035,34.68734929973044],[114.15381869987311,34.701850400075955],[114.16334459957363,34.71490350019644],[114.14993950030771,34.717223299615625],[114.14429519956389,34.71007050035337],[114.13770159964918,34.72594560020934],[114.13848740027333,34.73414120025626],[114.13484129958636,34.74785239996834],[114.1508712995709,34.763023399910026],[114.15524279971555,34.771415900223644],[114.14969630024416,34.78364590033806],[114.13707730017734,34.79864490044184],[114.13092030043163,34.81246189999672],[114.12811279956611,34.82591990008336],[114.12917329990796,34.833522899961906],[114.13832079996496,34.84068290009583],[114.14837579960351,34.83983539968398],[114.18405930029655,34.83217639992097],[114.19232930035696,34.8333169003547],[114.19242080007996,34.83905389961785],[114.19760129976021,34.850875899802986],[114.20027930004971,34.86263639985003],[114.20069879961,34.87549990040014],[114.19803630003526,34.914214899697924],[114.1929730998288,34.936359199617414],[114.17814940007486,34.938620099737875],[114.15780220011152,34.937229499641774],[114.15407360011659,34.94209199994589],[114.14508269990677,34.9469108003932],[114.116708000274,34.95254890031157],[114.09811890026708,34.953395399777946],[114.07838069960962,34.949034300292794],[114.05811680025022,34.951293899993516],[114.0500265998478,34.94776680029764],[114.03930119969073,34.947906400260194],[114.02710510042016,34.952130200248575],[114.01002010034745,34.95114009973588],[114.00152039994657,34.947301199690685],[113.98691420033015,34.92546629982991],[113.9661935002299,34.90777359997173],[113.95132630026865,34.9034291001729],[113.92147650024037,34.90117799996477],[113.90364540011524,34.90567789991519],[113.88255210009936,34.906863700099734],[113.86089339991054,34.8902410001221],[113.84870099955151,34.8860764996308],[113.85140049993322,34.874920200107226],[113.85091140004113,34.865958499984856],[113.84553149997885,34.863684500339446],[113.84357510041059,34.85846740005053],[113.83868430024029,34.85405270007209],[113.82873949992802,34.83224319976392],[113.83069590039554,34.828897700168795],[113.83819520034831,34.828763899934074],[113.84292300019638,34.82595349965436],[113.84145569962095,34.821269399663095],[113.8308588998184,34.815514199920415],[113.82857649960579,34.81176650012395],[113.83183709960258,34.80775079965974],[113.83151100003272,34.80467200031262],[113.83460849988239,34.80239630004928],[113.83395639966818,34.79476550032763],[113.83949939987747,34.7924896004148],[113.8336303999231,34.779635799952246],[113.83509759977449,34.777627200135214],[113.84064059998377,34.77655589983499],[113.84161879976784,34.77387769989599],[113.8396624001997,34.76021749983778],[113.83395639966818,34.74655490038839],[113.83737999998709,34.74508139988677],[113.84439029987254,34.73543569969786],[113.85009630040395,34.73275610041378],[113.85140049993322,34.73034449999875],[113.85042230014915,34.727798700050016],[113.84618360019306,34.72712879955452],[113.84406420030268,34.72163510017975],[113.83949939987747,34.7210990997437],[113.83265220013902,34.71346079967623],[113.82776130014395,34.70220309979328],[113.82270749965141,34.69617149971498],[113.81895779976276,34.685983900436725],[113.81227360034643,34.68209619957997],[113.80819789981331,34.66828670037097],[113.81015430028083,34.65125620011361],[113.80183979996684,34.65179269967342],[113.80347009996524,34.66292309962142],[113.80118769975263,34.66399589999082],[113.79548170012038,34.66198449968499],[113.78928659969688,34.65608409990136],[113.78374360038686,34.647098699945104],[113.78243939995843,34.64146550043256],[113.78292849985041,34.6273809004083],[113.78456010026844,34.623976200241486],[113.78887520033027,34.624740999897256],[113.79279199965117,34.618895599952054],[113.79471719993887,34.61927799977991],[113.79597850000778,34.621954900198546],[113.80089109974449,34.621299399647626],[113.80175409997184,34.618185399936294],[113.81151279997584,34.61430640002038],[113.82220099967651,34.60556420012779],[113.8392622000905,34.607421999825476],[113.8392622000905,34.6014661001804],[113.83421680016522,34.60004529995069],[113.83335379993798,34.598406000436626],[113.83992599958526,34.595618999617216],[113.83979330012073,34.59102850016518],[113.84231590025865,34.58840520023983],[113.84716210035072,34.58807730022727],[113.84855619970892,34.58539929993782],[113.85220739955196,34.587148199829585],[113.85599139958344,34.58616439996712],[113.85811579970448,34.57840320034745],[113.85187550025421,34.57665409990682],[113.85174270006564,34.57539689984708],[113.85552670009724,34.573975700318385],[113.85559309974178,34.57009459958613],[113.85300409995932,34.5687279996975],[113.85008310015496,34.56938400027144],[113.84922009992772,34.57184389967625],[113.84722849999537,34.57211720004881],[113.84098819964572,34.56380800033901],[113.84317900031067,34.55834100003716],[113.84151929967595,34.555826000069885],[113.8420503997063,34.5511239001479],[113.84616629993491,34.54986629988986],[113.84782599967025,34.54592949964672],[113.85114530021553,34.54401560023979],[113.84915370028307,34.539258200105905],[113.85008310015496,34.53307860039712],[113.85200830044278,34.531055099713114],[113.85512840025558,34.53171139976132],[113.86170059990286,34.53668799975145],[113.86488720008424,34.53575830040529],[113.86694509983658,34.53231300034474],[113.87345099966399,34.53039879966491],[113.87630559982358,34.533461400423334],[113.8794921001803,34.53335199969507],[113.88586509999448,34.52695320013015],[113.88652900021327,34.52263240016521],[113.88493570012247,34.518803600405874],[113.8863962000247,34.51677980024766],[113.88407269989523,34.51355239962362],[113.88433830027236,34.509832700218965],[113.88214749960753,34.50791800041543],[113.88427189972845,34.50283029997843],[113.8822802997961,34.49943830003758],[113.88088620043789,34.48816710043138],[113.87404840041336,34.48138170030529],[113.87889459960616,34.474705299809784],[113.87803160027818,34.46961550035513],[113.88500209976712,34.46556539992332],[113.89283570020746,34.46490859985204],[113.89867759999129,34.462992900002405],[113.89934550039459,34.461418099865455]]]}},{"type":"Feature","properties":{"shapeName":"Zhenping County","shapeISO":"","shapeID":"62558664B41403133019109","shapeGroup":"CHN","shapeType":"ADM3"},"geometry":{"type":"Polygon","coordinates":[[[112.3130032997625,33.21427889975149],[112.29827130028036,33.21054090004253],[112.28267679969463,33.21091440017949],[112.26125330009972,33.227058400025214],[112.25318130017695,33.24441540005074],[112.25036629986494,33.254707399826714],[112.24022679992697,33.324493400250276],[112.23358130013696,33.33384689991453],[112.22617330025764,33.33678040029531],[112.21740729980706,33.33741739999306],[112.20155329984493,33.335257900231966],[112.19257280029456,33.32970789969988],[112.17456029971811,33.32364289970013],[112.16578679982103,33.32496639957975],[112.15590680015873,33.32970789969988],[112.14354730036769,33.303752899776555],[112.13867180036334,33.29914090023243],[112.12966130032885,33.2977063997306],[112.12254330033306,33.29834739961285],[112.1151807998541,33.29623790035885],[112.10162329967557,33.284237400036034],[112.06366730030572,33.2782478999207],[112.05770879982128,33.27201840042886],[112.06051629978742,33.26402639969865],[112.07237980008779,33.25495140028693],[112.07408879975833,33.2476308999461],[112.06773379987499,33.2424659000813],[112.05683880017057,33.22145439970086],[112.03703329964708,33.20425040043568],[112.01731130027633,33.20133990021628],[112.00102980038503,33.17433140027396],[111.99075330042456,33.16694190034849],[111.99249980002583,33.159549900307695],[111.99120329959266,33.153812400122206],[111.9920807995893,33.14809389991359],[111.99656679961817,33.136680399680756],[111.99339279983792,33.12841039962029],[111.97373179968287,33.10420989966718],[111.9694822997684,33.09387189956857],[111.96662880037888,33.08033739955141],[111.96920779970026,33.06982440037581],[111.98078130011697,33.05960839960801],[111.98494729977813,33.05231489961295],[111.98757929974494,33.03676240006479],[111.99199680021223,33.031989900313704],[111.99965730004442,33.02884289997991],[112.00834629964208,33.006923399994946],[112.00681279997082,32.9993553999318],[111.9746932999559,32.96956640036916],[111.98568729972914,32.96094889957209],[111.9893263002686,32.95250340041167],[111.99131030003036,32.945419400185244],[111.98815930041144,32.93463490018053],[111.98776230009014,32.92180640034513],[111.99028030019576,32.91564190025355],[111.99301929970096,32.91429140002816],[112.0009232999704,32.91435240014323],[112.01367129969083,32.91834239978198],[112.0199433002432,32.91838840010462],[112.0265733002177,32.90927890000131],[112.03748329971461,32.881881900129656],[112.0426633002711,32.88008489999817],[112.07301329962411,32.893817400152955],[112.08878330020923,32.897132900163285],[112.09779380024372,32.89353189957757],[112.10532380035318,32.875491900430916],[112.11435679962665,32.86868639955776],[112.12389379965919,32.8682939003433],[112.14045729996451,32.87229539961305],[112.13892430031626,32.86266689985757],[112.14362330027518,32.854682900395574],[112.15154280036006,32.85129939994738],[112.16049929970302,32.85387790014505],[112.1659012997053,32.858489899689175],[112.17378930013615,32.859226400378134],[112.19693730011636,32.856853399764645],[112.21051030011029,32.861739900276234],[112.22737880009163,32.86183940036807],[112.23741129959183,32.8662488995671],[112.25285330033955,32.876415399850885],[112.26345079981468,32.87761690039969],[112.28388979987437,32.8752099000169],[112.29638679971106,32.87688039971073],[112.30367280025962,32.888137899944184],[112.30838029971108,32.912895400402476],[112.31404880031198,32.919795900260624],[112.31812280022712,32.92210389967528],[112.32492079985514,32.92282839981084],[112.34509280019267,32.921779399999366],[112.3505402995952,32.91974639977656],[112.36470029967916,32.92004390000602],[112.37258179981029,32.92305739957936],[112.38610080001195,32.93846090035032],[112.39665230006369,32.94308490044784],[112.41200230016614,32.95876290038757],[112.41031629975748,32.96855539961206],[112.41665629984846,32.97678389955735],[112.41063680014827,32.99639490010463],[112.41428330013423,33.003135399778955],[112.40178680032068,33.00474140009561],[112.40110030013875,33.0228044003029],[112.40830230041092,33.02725989982457],[112.40749379999897,33.03479390011847],[112.41655729977958,33.047508400092624],[112.40592180035082,33.054366899812635],[112.38458230013316,33.06431940012027],[112.37227630011125,33.083976900113896],[112.34822880001911,33.09168640040713],[112.34304830033886,33.10903139987926],[112.34310929955461,33.11504790034036],[112.33247330010283,33.124156900420644],[112.33585380041256,33.14880740044123],[112.3464887998183,33.181987899921694],[112.34403229985082,33.18465439968088],[112.32792679998192,33.18847639966617],[112.31915280006172,33.19530489980133],[112.31304980010827,33.20740890040048],[112.3130032997625,33.21427889975149]]]}},{"type":"Feature","properties":{"shapeName":"Yuzhou City","shapeISO":"","shapeID":"62558664B32676138571560","shapeGroup":"CHN","shapeType":"ADM3"},"geometry":{"type":"Polygon","coordinates":[[[113.64129629968454,34.28440839962798],[113.63198079997403,34.294765399703465],[113.61409779997359,34.30791489995272],[113.60281380031665,34.314849899603246],[113.59039280038746,34.31972140032241],[113.57100680032363,34.32005290032117],[113.55381779995162,34.31579189987633],[113.54606630041951,34.31559739990013],[113.52478029997098,34.31982439967635],[113.51595280028153,34.325591900345955],[113.51184080041264,34.33041739984316],[113.50380890036047,34.34516389999402],[113.5007707998326,34.344912800285556],[113.4948006998925,34.341261700267296],[113.4864423000721,34.34289939988747],[113.48073540021858,34.3467311997851],[113.47052450040542,34.34238999959888],[113.46875360039837,34.33507339961773],[113.46496789974879,34.334116100078006],[113.44915739999408,34.338183099670346],[113.44629390014347,34.3413369996029],[113.4399174999927,34.33953180035235],[113.43629829982672,34.34410660033939],[113.42260989972715,34.35209190022107],[113.41595889968357,34.35051459996885],[113.40593219991115,34.3517231997659],[113.40475580034001,34.354874399933635],[113.39901689991007,34.35803289989849],[113.40186330005133,34.369575399784935],[113.40685089964938,34.37600359998618],[113.40355679990648,34.37804390000605],[113.39859779964877,34.38080989985707],[113.38688849980451,34.37803829992765],[113.37959709972642,34.37850599955232],[113.37606160036262,34.38322090042425],[113.37351099983289,34.38224359996224],[113.3724178999662,34.379010899633386],[113.36868310004513,34.378785300201514],[113.36094029965511,34.381416599596434],[113.35911689992508,34.38476779999405],[113.36467509957629,34.39171540004571],[113.35219539999775,34.397878999915974],[113.34715279966201,34.3974764004156],[113.34145469967473,34.406598699670326],[113.33643639991999,34.408701900072685],[113.3205320999765,34.40842029985703],[113.31477330024768,34.40628039992055],[113.31141680014525,34.40239689979717],[113.30744180029888,34.37768190039941],[113.30738080018386,34.36280040031829],[113.30403130040429,34.35754389983117],[113.294326799842,34.35367939968461],[113.27575679963661,34.35304640017131],[113.26854679989492,34.3487128999804],[113.25908679981603,34.33705890034804],[113.25160980035207,34.33547990037715],[113.23030079974217,34.338046900044446],[113.21254730031774,34.33145139986226],[113.20088979962463,34.31773390039922],[113.17675029978659,34.29740890020065],[113.17285129984771,34.28916939974806],[113.16535180024539,34.28002539985238],[113.15370930024403,34.27111790007109],[113.14320379961578,34.26953139975433],[113.13627630031112,34.271835399883855],[113.12522130042271,34.27253739988117],[113.10694880044684,34.26752840001569],[113.09559630032902,34.26616690018233],[113.08315280026159,34.26503740025589],[113.06767279956011,34.26620089995163],[113.06098180036986,34.23666739958088],[113.06040930004917,34.2245368995583],[113.06289679964766,34.220184400289895],[113.06896980001636,34.21673939970361],[113.08776829996714,34.212367899558956],[113.09742730022981,34.20663090029586],[113.09963230029052,34.199302399586145],[113.09490179977831,34.18465040019589],[113.0965498002331,34.17800889969101],[113.10619329978101,34.164714899972694],[113.11553929999877,34.13837040007394],[113.13536829980728,34.11383840012212],[113.14170829989814,34.10924889981692],[113.15107730027728,34.10442340031972],[113.16130079959225,34.102115400005744],[113.17151630033709,34.10255439956592],[113.22123779998458,34.111835400383484],[113.24913779966982,34.111541900338466],[113.28633179987276,34.09037389993557],[113.29543279958409,34.08851639971215],[113.30423730001144,34.082763399711155],[113.31221029986546,34.074497399835195],[113.31659679980248,34.066924899564526],[113.31896180004708,34.03966889989988],[113.321968300197,34.03416439966736],[113.33106279960862,34.031387400208416],[113.34544379999147,34.03775389972276],[113.36946879994525,34.04293839958751],[113.3799362997205,34.04106889971001],[113.38543679976851,34.037383899747226],[113.39118929974643,34.02751539971598],[113.39575179970586,34.003913900406246],[113.40696729980107,33.98830039984364],[113.4191213000081,33.99318529956196],[113.42378780026684,34.01407550028415],[113.43872070020018,34.0094336999054],[113.44432049979127,34.017556700381476],[113.45692009968286,34.01562270022748],[113.46345330022973,34.02181130035126],[113.48165269971241,34.02181130035126],[113.50498529993172,34.01136779988411],[113.51665159959168,34.01214140030544],[113.5273845999194,34.031093300315604],[113.53531769955225,34.03031990044309],[113.53391769974212,34.01214140030544],[113.53951760005725,34.00440470001695],[113.55725029996142,34.00788630031258],[113.56891659962139,34.01987740002204],[113.5894493000452,34.01639629974949],[113.58898270029147,34.03147999980217],[113.57638310039988,34.04269440002662],[113.59084929985534,34.052360799911014],[113.60298220016841,34.09372050030089],[113.6123152996114,34.13467369993134],[113.62538150015621,34.15977679995939],[113.62351489969296,34.173676799744555],[113.63751450029406,34.17136020011321],[113.64356830013696,34.17665390015742],[113.64521819996003,34.18484319955405],[113.63663889966551,34.19603389994455],[113.60232170028632,34.21431800027557],[113.57724380016134,34.230961300123965],[113.57262420044651,34.238327000390825],[113.584503199663,34.24869240013419],[113.58582309955648,34.26260179963339],[113.59077270010005,34.26996470031071],[113.63498899984256,34.27678160009083],[113.64129629968454,34.28440839962798]]]}},{"type":"Feature","properties":{"shapeName":"Yuwangtai District","shapeISO":"","shapeID":"62558664B22813326184841","shapeGroup":"CHN","shapeType":"ADM3"},"geometry":{"type":"Polygon","coordinates":[[[114.3253823000532,34.73481259992161],[114.3303209999143,34.73732499994884],[114.341139200214,34.73635869999407],[114.34396129977426,34.73442600025976],[114.34654830036379,34.72862780033279],[114.35548500023265,34.725535199989565],[114.36042379991852,34.72012290005182],[114.36371629976747,34.71084380040111],[114.37359370038905,34.710263799734605],[114.37665099964397,34.714130200148645],[114.37712139993278,34.71838310039982],[114.37947319992827,34.720316200332434],[114.38276569977734,34.71973619966593],[114.38676369978498,34.709103800200296],[114.39076169979262,34.70717049971881],[114.42086449979683,34.70485049975082],[114.42862539994235,34.70891049991968],[114.43403450009214,34.709877200072754],[114.44038430009539,34.71509679957768],[114.44203050010753,34.71992959977126],[114.43944360024204,34.727854600109765],[114.42580319965805,34.744475499644636],[114.42345150038648,34.7494996998513],[114.4045971003759,34.75491149976597],[114.40669290025721,34.761864199873],[114.40440759973103,34.76284250038111],[114.40038930022604,34.76906670016814],[114.39342620035893,34.758274000145036],[114.38802659974783,34.76011749972287],[114.37253570016253,34.767764300182364],[114.36430139958998,34.775472699705404],[114.36114820022931,34.78073740021091],[114.35265500012827,34.78184010034039],[114.32441070039351,34.78591789989122],[114.32348570000511,34.77176159961817],[114.32596870029533,34.761762699688916],[114.32572529968286,34.754042799635556],[114.31959730037522,34.73952339988506],[114.32035470040921,34.73573240042998],[114.3253823000532,34.73481259992161]]]}},{"type":"Feature","properties":{"shapeName":"Yuanyang County","shapeISO":"","shapeID":"62558664B87270973440864","shapeGroup":"CHN","shapeType":"ADM3"},"geometry":{"type":"Polygon","coordinates":[[[113.76483130022439,35.09619540019759],[113.75356280038295,35.086425900235156],[113.74373629959064,35.08259940004234],[113.7256012996603,35.08363340006139],[113.71655329969508,35.071784899553506],[113.70168280012115,35.06455239967357],[113.69441230028747,35.06322489960951],[113.66571029959073,35.07049190018108],[113.65675330022464,35.06893939963362],[113.64743030016825,35.0559464003062],[113.63197329962816,35.043670399869086],[113.62776930001326,35.042094900059624],[113.62843330005683,35.0203438997512],[113.61932379995346,34.99864189990382],[113.61255629993332,34.99066940007282],[113.60106679979299,34.98271940038006],[113.58901980002383,34.97682940035662],[113.57920829992315,34.97001239985241],[113.57469180028636,34.963168899924824],[113.56268639955772,34.95631019965606],[113.58773289985356,34.93352949988656],[113.59775870030387,34.930464599561674],[113.61785329959014,34.93384049983922],[113.63474080044762,34.92818950004545],[113.65863920013908,34.91691180013953],[113.6651562002985,34.911145900263136],[113.67433689972825,34.907660399607835],[113.69262770000842,34.90990329979752],[113.73695560022088,34.92145260035727],[113.7605920004205,34.91593870041072],[113.77076679964819,34.90702919963792],[113.7805790003207,34.89418160000088],[113.78331449966447,34.88464550018972],[113.78961299964033,34.88206690016739],[113.80222300019136,34.87921320022906],[113.82969580032102,34.879274900016696],[113.84870099955151,34.8860764996308],[113.86089339991054,34.8902410001221],[113.88255210009936,34.906863700099734],[113.90364540011524,34.90567789991519],[113.92147650024037,34.90117799996477],[113.95132630026865,34.9034291001729],[113.9661935002299,34.90777359997173],[113.98691420033015,34.92546629982991],[114.00152039994657,34.947301199690685],[114.01002010034745,34.95114009973588],[114.02710510042016,34.952130200248575],[114.03930119969073,34.947906400260194],[114.0500265998478,34.94776680029764],[114.05811680025022,34.951293899993516],[114.07838069960962,34.949034300292794],[114.09811890026708,34.953395399777946],[114.116708000274,34.95254890031157],[114.14508269990677,34.9469108003932],[114.15407360011659,34.94209199994589],[114.15780220011152,34.937229499641774],[114.17814940007486,34.938620099737875],[114.1929730998288,34.936359199617414],[114.20041739994315,34.932243400112895],[114.2168979998429,34.91366319979687],[114.2410751003357,34.90075560009092],[114.24374470005796,34.9069601002285],[114.24381230029746,34.92814640003638],[114.23706829956245,34.94750189959302],[114.2367172995638,34.96722790004759],[114.23738879995324,34.97228989965919],[114.24633030040309,34.98923489957099],[114.24471279955617,34.99631489961297],[114.24582679966716,35.004825399972276],[114.24439980041052,35.02360890013068],[114.24922179974635,35.02991090026791],[114.25443279993385,35.032779900372134],[114.25238029971115,35.035945899783485],[114.24183630000528,35.042827399664816],[114.24057780042517,35.04738989962419],[114.25023679978858,35.05952840001572],[114.26014729995802,35.08108540037097],[114.2621078004347,35.08984389957635],[114.2575378001294,35.10213489980583],[114.24635329966509,35.11175940027613],[114.23639680007227,35.11727540013965],[114.21705630030806,35.119602400430495],[114.20758080041367,35.11893440020248],[114.19209280024256,35.11468889957308],[114.17439279968801,35.117965899606645],[114.16190280017418,35.124336400204754],[114.13038580006469,35.131194899924765],[114.1263733002877,35.13477689963429],[114.1245423003869,35.1475829002307],[114.11963629987542,35.152057399729244],[114.10948929959159,35.15503690043266],[114.09443679971855,35.15400290041356],[114.0896372996217,35.15549840013114],[114.08361829994465,35.1601789001362],[114.0768507999245,35.161857400198926],[114.06890080023186,35.15754289998489],[114.06358329962961,35.158107899959646],[114.04827130038029,35.16440189972792],[114.03315730036923,35.164966399679656],[114.00502779999306,35.17072339986504],[113.9999998001507,35.173908400152584],[113.99755879999873,35.185149899648195],[113.98687730024722,35.18105289957168],[113.97541030024524,35.18114840037845],[113.95043929983387,35.17448789989669],[113.92386630018962,35.17446889991987],[113.91123979977704,35.16976539975343],[113.89842979989544,35.14994789957598],[113.88655830012556,35.138591900196104],[113.87896729990098,35.13521940025515],[113.84987630015121,35.13337339966273],[113.84259779994852,35.131595400407434],[113.83640280024906,35.126605899642584],[113.831733799875,35.107868399806875],[113.82354730006796,35.101058899648535],[113.81120280006928,35.09542089955494],[113.79860680016372,35.09321989967867],[113.77429180032641,35.09270090002656],[113.76483130022439,35.09619540019759]]]}},{"type":"Feature","properties":{"shapeName":"Yongcheng City","shapeISO":"","shapeID":"62558664B90896608489112","shapeGroup":"CHN","shapeType":"ADM3"},"geometry":{"type":"Polygon","coordinates":[[[116.45133980039157,34.27092790030241],[116.45316329994637,34.25605389966779],[116.45838179958048,34.24756240018468],[116.46027379959628,34.237247400247384],[116.4549408000779,34.219844899922236],[116.45900729964717,34.20241940033509],[116.47112279987732,34.189788899738005],[116.4651868004305,34.1829223996491],[116.45169080039022,34.17758539994628],[116.44064279992529,34.178687900426326],[116.42024980018823,34.17400340023676],[116.40918729995394,34.17647540001974],[116.39981080012842,34.175056400232734],[116.38909130042327,34.16835040035073],[116.37815080041912,34.15384290042954],[116.36961379973718,34.150817900325876],[116.35526279983844,34.15074539968049],[116.33701330002384,34.1577643996074],[116.3334123003375,34.15797440029837],[116.31881729997849,34.15399540026755],[116.31552880031393,34.15099689958731],[116.30927279960008,34.139029899909985],[116.28392029958218,34.134071399675406],[116.2751238004231,34.130576900403696],[116.25747679961466,34.127724400161014],[116.24649030018725,34.123065900271115],[116.22379280029759,34.10021589964413],[116.20897679963969,34.0893363997551],[116.1910093002391,34.095416899570296],[116.18743880016052,34.093101399809825],[116.1858292996825,34.088730399688245],[116.18563829986772,34.078403400096875],[116.18070980011726,34.074928399925795],[116.16555780015244,34.073913399883565],[116.1388013001399,34.07487890034105],[116.12696830034679,34.0727309002109],[116.12040729995704,34.06671889995732],[116.11444830034884,34.05589289983749],[116.1163023004109,34.035026399848505],[116.11251080003342,34.02811440035936],[116.10073830033241,34.020229400066796],[116.09021779991156,34.0254323998854],[116.08215330033465,34.032943900041005],[116.07803330009676,34.03176889981495],[116.07364630013672,34.02806489987529],[116.07244130032586,34.01222240044348],[116.0708238003781,34.009456399693136],[116.06697079986259,34.00873939990345],[116.05372629972896,34.01047489989679],[116.0473633003761,34.01387039999901],[116.04428080031869,34.017516899985026],[116.04390730018179,34.0269239003178],[116.0411297998005,34.0296554003765],[116.03394330024321,34.0323523997435],[116.01600629955112,34.0333594003161],[116.00034330030314,34.02933489998571],[115.97389980033563,34.02866339959627],[115.965942300297,34.02584439999913],[115.96349329977602,34.02307139982531],[115.96328730016887,34.016643400172825],[115.96943679956871,34.00843390020441],[115.9711074998113,33.996334100338515],[115.99485019987685,33.96647260013043],[115.97399139988329,33.913311000302485],[116.00827029983452,33.87413019984888],[116.05214689955983,33.85886760035953],[116.04004670039501,33.833538099603686],[116.06662749985924,33.7885437001317],[116.08722690030129,33.77967830031338],[116.09085080032423,33.763893100286396],[116.1322326995795,33.741527600418465],[116.1498566004019,33.71124649992606],[116.16087339978765,33.7095642002277],[116.19185639955322,33.72674560042918],[116.25823209973169,33.73152539997727],[116.2757567999364,33.74988560004044],[116.30966190027652,33.75926590040103],[116.32804110031657,33.77671049978977],[116.38074679962517,33.78809229981982],[116.3815972003506,33.79798599975413],[116.39555179977583,33.808916000173326],[116.4103470000141,33.8015251000034],[116.42955779955287,33.80386729973617],[116.42749019971302,33.84630200023719],[116.46240999972179,33.86414719993337],[116.51593019971904,33.87254330023319],[116.52147670008969,33.88729479971528],[116.5462570001605,33.88640980027213],[116.54855979969511,33.9055089004155],[116.56186680001292,33.90975569966588],[116.57398030015077,33.91103549968864],[116.57320280026909,33.903937600439974],[116.5945835002284,33.902324400150974],[116.60896690000254,33.89199899955423],[116.63588710000977,33.88846989976611],[116.63967739979228,33.90587349996213],[116.63151380032173,33.913293799868995],[116.6427873003937,33.93813109987042],[116.63384629996688,33.947483499663804],[116.64473099973588,33.95844699982922],[116.64147149961013,33.97676819989255],[116.60859680020224,33.9994469003542],[116.60147320012811,34.00609440023641],[116.59176639999941,34.024143200148615],[116.58791350020795,34.046375299980184],[116.57437130019537,34.0541115002456],[116.56857300044362,34.06667710036794],[116.56083680017821,34.078277600231104],[116.54633330044157,34.083114600258625],[116.52989960018647,34.09664920010056],[116.51442719965564,34.10341639974712],[116.53675080010942,34.161163300046326],[116.55572000037773,34.18066249957474],[116.55508990027874,34.18763049984773],[116.54974399998571,34.18812660006262],[116.54567660019495,34.190804100329046],[116.54146310014198,34.1960829004056],[116.54227790030495,34.201031599828525],[116.5383318001725,34.20588880042783],[116.54259610022996,34.20880039961878],[116.53828389958232,34.212270799757675],[116.53747790018497,34.221162400424475],[116.54162580009063,34.230242300242026],[116.5395773998772,34.232401399804814],[116.53883580003219,34.24234379982653],[116.5406687002004,34.24367730016735],[116.54894120037613,34.24362440024595],[116.55582239988394,34.250202199971625],[116.5642647999806,34.25425869997906],[116.57691090021797,34.268074400013575],[116.57774079999797,34.274159599685845],[116.56054120021633,34.27900550030364],[116.557419200136,34.28586209975617],[116.49782430005143,34.296660100383406],[116.45776370003477,34.27073669993882],[116.45133980039157,34.27092790030241]]]}},{"type":"Feature","properties":{"shapeName":"Yiyang County","shapeISO":"","shapeID":"62558664B11098526516856","shapeGroup":"CHN","shapeType":"ADM3"},"geometry":{"type":"Polygon","coordinates":[[[112.26193980028165,34.627116899925056],[112.25302880033894,34.62981390019138],[112.20213329961211,34.636852400118244],[112.19323730036115,34.63519640019376],[112.18138879985327,34.6252823998629],[112.15898179987028,34.614379899812604],[112.14932229958447,34.60813889979045],[112.1415632997066,34.605567899938706],[112.13490280012422,34.605754899569035],[112.13012680021177,34.61075990014933],[112.11601279955107,34.63425039973623],[112.10984029998997,34.63993440015247],[112.10037979988795,34.64147190000824],[112.08899680016225,34.639564400176994],[112.08038330044906,34.64088039971074],[112.07440930014911,34.65343090021594],[112.07289879973985,34.665096400378616],[112.06894680005485,34.671253400124385],[112.05969979990596,34.678512400327065],[112.04411329968912,34.68000389986014],[112.03497329997788,34.677879399914445],[112.02826680007286,34.67943189956259],[111.99717729989254,34.700950399941064],[111.99295779956287,34.70526890033955],[111.99181379986703,34.70892339979514],[111.98314680038459,34.68664939965015],[111.97360980035205,34.67054739994262],[111.97205329962014,34.66160590039203],[111.96768929982142,34.65356039989257],[111.94700630020066,34.63942690013141],[111.93905629960858,34.630660899680834],[111.93174729979813,34.614578399973254],[111.92266830020196,34.606948899771965],[111.91406229993527,34.60664740025737],[111.90679180010153,34.61025240012822],[111.89977280017467,34.61683289961866],[111.88468929977142,34.623344400423775],[111.87740330012224,34.629009899986954],[111.86525730028427,34.64401240025211],[111.85964180032886,34.648315399935825],[111.8487317999327,34.653716899915025],[111.84149179970683,34.654800400418196],[111.82956680016775,34.652404899666465],[111.82212080033474,34.64867040011893],[111.8053438000764,34.635696399869005],[111.79904930028505,34.628543900080956],[111.80185680025119,34.62413389995959],[111.81321729983858,34.60760540036898],[111.82669079974067,34.597194399601904],[111.82581329974403,34.579555400061736],[111.82225030001138,34.5754014000546],[111.8131332995622,34.57211689967522],[111.80962379959874,34.565215899794],[111.80943279978396,34.559028400440354],[111.80449679968763,34.553718400184096],[111.78733130039927,34.55012489994425],[111.78127279979992,34.54732140016256],[111.77826629965006,34.54317090031685],[111.7745437997566,34.53214640003637],[111.76230630019563,34.51325590033957],[111.7624208000799,34.505470400138904],[111.7664107997187,34.497722399868906],[111.76653279994883,34.48902489987927],[111.74994680040459,34.44467139956549],[111.75031280019562,34.43894940009477],[111.7603837996727,34.43240739968178],[111.77786229990528,34.431426900331246],[111.78121179968485,34.42939740026986],[111.78323380029968,34.42437739989714],[111.7816467999599,34.41818240019768],[111.77536779998405,34.411250899809204],[111.75206730016583,34.39294440006404],[111.74907679985449,34.38810339985207],[111.7483978000185,34.378024900029175],[111.7586287996794,34.359573399892554],[111.76838680001089,34.35416789972885],[111.77841180006459,34.350829899580276],[111.79534130016094,34.347781400191536],[111.80039979961111,34.342334899935736],[111.80299379962423,34.334800399618814],[111.80547329975303,34.31512839985584],[111.80091079979366,34.304324399851225],[111.79163330003684,34.29531089967833],[111.78869630039401,34.28635040015092],[111.79601279965107,34.27771740043772],[111.81089729987053,34.27385689957629],[111.81121029991544,34.27923190013212],[111.81774079979812,34.28753289982353],[111.83070380044012,34.291770900107],[111.84314729960823,34.29142440031586],[111.86958330012925,34.2806624004495],[111.87761680007532,34.27981540006073],[111.88616180022694,34.2819518996605],[111.90183279984387,34.29078689969572],[111.91795330040458,34.308551899650524],[111.92726880011509,34.31572739959984],[111.93553930019863,34.31877139968043],[111.96868880004814,34.324760399772686],[111.99434679976508,34.33297289987945],[112.00591279983587,34.33855440006556],[112.01579280039743,34.3461869004052],[112.02187330021275,34.34737789957046],[112.0302122998578,34.3449174003178],[112.03526279983839,34.33946239967008],[112.04512030026171,34.323043899756215],[112.05209329986599,34.31737089984722],[112.05962379999846,34.31330490030098],[112.07071679984051,34.310176899944054],[112.07894879994717,34.310104400197986],[112.10282880040893,34.323451899685494],[112.1237108002133,34.32634339992802],[112.14862829995616,34.32125089980923],[112.16443629959565,34.322704400287876],[112.17552930033696,34.320941899948764],[112.18219730026522,34.31777589963809],[112.18945330032966,34.311637899869254],[112.19998929966653,34.309184900063144],[112.19982930038202,34.328185900359074],[112.20281230034743,34.33530440037782],[112.20857229977184,34.34128940028563],[112.21074680022468,34.34611139962146],[112.2106782997638,34.35389689982213],[112.2014083003528,34.36918639983253],[112.20414729985805,34.37286390034876],[112.20967880043634,34.37335190036998],[112.22051230000272,34.370441400150526],[112.22712680016173,34.37276840044137],[112.24005880027346,34.38429240037402],[112.24305730005437,34.39026239959014],[112.24384330032808,34.39644639968168],[112.24208079998903,34.40788640023726],[112.22918679983104,34.424987900171516],[112.22776780004403,34.4290999000404],[112.24741380040666,34.43470390036475],[112.25540180005305,34.43955990036915],[112.27023379965021,34.457042899909936],[112.2950972996008,34.469765400253095],[112.29921729983857,34.47505589961014],[112.28746780029883,34.487357900346865],[112.27735129962286,34.504478400257995],[112.2784117999646,34.51112340002493],[112.28446180017204,34.51802439990621],[112.2891463003615,34.52148440028492],[112.3038328004435,34.52476090029535],[112.33988180000517,34.52791990028322],[112.36097729976268,34.52595889978346],[112.37851730013335,34.517795400137686],[112.38820629998077,34.52196139979884],[112.39672079962531,34.53596489986029],[112.4022368003881,34.541484899908255],[112.42386629959014,34.544780899918635],[112.43328829971529,34.54756539972345],[112.44206600034568,34.559478699982094],[112.42921970022905,34.561065700321876],[112.41220829977328,34.58914890000176],[112.4016268001368,34.59391390030629],[112.39053330027161,34.59271990010336],[112.37503829977777,34.59552389990813],[112.36654680029471,34.59523390002454],[112.33119180036135,34.56874439973433],[112.30390180002814,34.56818790015154],[112.30210129973523,34.566104900320965],[112.28885629957858,34.559947899675876],[112.27638229990328,34.557132900263184],[112.26466430001744,34.565769400137754],[112.26795179963585,34.6049423998719],[112.26557929994476,34.62370289986899],[112.26193980028165,34.627116899925056]]]}},{"type":"Feature","properties":{"shapeName":"Yichuan County","shapeISO":"","shapeID":"62558664B80381703239821","shapeGroup":"CHN","shapeType":"ADM3"},"geometry":{"type":"Polygon","coordinates":[[[112.44206600034568,34.559478699982094],[112.43328829971529,34.54756539972345],[112.42386629959014,34.544780899918635],[112.4022368003881,34.541484899908255],[112.39672079962531,34.53596489986029],[112.38820629998077,34.52196139979884],[112.37851730013335,34.517795400137686],[112.36097729976268,34.52595889978346],[112.33988180000517,34.52791990028322],[112.3038328004435,34.52476090029535],[112.2891463003615,34.52148440028492],[112.28446180017204,34.51802439990621],[112.2784117999646,34.51112340002493],[112.27735129962286,34.504478400257995],[112.28746780029883,34.487357900346865],[112.29921729983857,34.47505589961014],[112.2950972996008,34.469765400253095],[112.27023379965021,34.457042899909936],[112.25540180005305,34.43955990036915],[112.24741380040666,34.43470390036475],[112.22776780004403,34.4290999000404],[112.22918679983104,34.424987900171516],[112.24208079998903,34.40788640023726],[112.24384330032808,34.39644639968168],[112.24305730005437,34.39026239959014],[112.24005880027346,34.38429240037402],[112.22712680016173,34.37276840044137],[112.22051230000272,34.370441400150526],[112.20967880043634,34.37335190036998],[112.20414729985805,34.37286390034876],[112.2014083003528,34.36918639983253],[112.2106782997638,34.35389689982213],[112.21074680022468,34.34611139962146],[112.20857229977184,34.34128940028563],[112.20281230034743,34.33530440037782],[112.19982930038202,34.328185900359074],[112.19998929966653,34.309184900063144],[112.21385929986684,34.306289399636114],[112.23850230044093,34.30505740037876],[112.25173930022856,34.310855899779995],[112.26225280032656,34.3120574003288],[112.27034780041072,34.30317289980951],[112.27291880026246,34.29242339962025],[112.26606729996593,34.28459940034213],[112.24047080038724,34.2670553997869],[112.23362779958336,34.25808739991362],[112.23204730044267,34.24914540034001],[112.23513029962373,34.244128900128715],[112.24401830030433,34.24005490021352],[112.25315830001557,34.23850239966606],[112.27194230019711,34.240669399773026],[112.29795830023545,34.23897189973343],[112.31619280025757,34.24112690018637],[112.32395180013555,34.23887639982604],[112.33146679955325,34.23227290017428],[112.34311679990049,34.22591790029094],[112.35088330012422,34.224578899696496],[112.3638688000052,34.2257844004298],[112.37245180011053,34.22422390041271],[112.39539329956119,34.226844899872276],[112.40918779987715,34.229652399838415],[112.41468829992516,34.23471440034933],[112.4135283003908,34.24386589969157],[112.40879079955585,34.24980140001463],[112.40956130001405,34.25942240032356],[112.41335280039152,34.272487900296426],[112.409126299739,34.282775899887895],[112.38321680011529,34.30922290001689],[112.38012679971212,34.31768389989213],[112.38229379981908,34.3250199000484],[112.38777930007473,34.333057400178916],[112.39520279976944,34.340873900010536],[112.4048463002166,34.34778590039906],[112.41175829970587,34.35033390008948],[112.42006679974304,34.34968139967691],[112.43063329958716,34.34400190036746],[112.43370079985209,34.33943540022358],[112.44146730007594,34.33580390002999],[112.44840980007223,34.33308389960234],[112.45865630044796,34.33266440004206],[112.4865872997641,34.33918390031681],[112.50536329957663,34.35138339992403],[112.52501680028513,34.35053640043458],[112.53605630035804,34.357211899809386],[112.54463979958712,34.3597604004222],[112.55378729964423,34.35635389981269],[112.57158680029067,34.33946239967008],[112.58547230030649,34.33148939981601],[112.60179879957502,34.33244689990454],[112.6178283004358,34.33935940031614],[112.62696830014704,34.340068899759956],[112.63361379993694,34.338714400249444],[112.652748300094,34.33097440034834],[112.66493229988578,34.33077240002632],[112.68650029984906,34.33791740036776],[112.69425230030345,34.33839039969723],[112.71003729978167,34.33475890040296],[112.72112280017711,34.3354604003772],[112.73301680008535,34.33708589979449],[112.7551573003692,34.34330339963225],[112.74904630004676,34.347186899755684],[112.74569680026718,34.35931789980128],[112.73683930009372,34.3597604004222],[112.72633380036461,34.35493490002568],[112.71798680035067,34.36407839989829],[112.71659079982567,34.37209339989056],[112.7171172998236,34.38445639984303],[112.73415380035772,34.44149789980827],[112.73634329970355,34.455467400100474],[112.73769379992893,34.46874990018779],[112.73681629993234,34.481571399700385],[112.73597729991252,34.489356899901054],[112.73374929969054,34.49278639977257],[112.72264880040188,34.493911900413934],[112.71460730008687,34.491378899616564],[112.69851680001034,34.49203490019056],[112.68213630005027,34.49612439992114],[112.65525829983073,34.48988339989904],[112.64331030013034,34.49581139987623],[112.62106330033112,34.51224140032042],[112.60632329958071,34.51930240038553],[112.59131630000729,34.52360890023061],[112.56609329966614,34.52056139998865],[112.54223630026513,34.51453389991957],[112.52944929964553,34.520904399618416],[112.51139829999158,34.52381890002226],[112.4955063000757,34.53704440017896],[112.48088680038563,34.55546770027422],[112.46323490007069,34.55202919998766],[112.45466949969773,34.55225070030963],[112.44547710008817,34.559645499939904],[112.44206600034568,34.559478699982094]]]}},{"type":"Feature","properties":{"shapeName":"Yicheng District","shapeISO":"","shapeID":"62558664B46917157807305","shapeGroup":"CHN","shapeType":"ADM3"},"geometry":{"type":"Polygon","coordinates":[[[114.11202979983545,33.04750039972373],[114.10724629957713,33.043487399923606],[114.09377329969811,33.039268399617015],[114.06385080027428,33.03763940003836],[114.05409980026559,33.035796899607305],[114.03640730005691,33.02710790000964],[114.02043930023353,33.02396789999864],[114.00621780001154,33.01742539956257],[113.9999998001507,33.01784139986074],[113.99468979989445,33.011585400046215],[113.9788438003012,33.00897590021765],[113.95510880023096,33.00757190022307],[113.94203179972783,33.0085983998963],[113.93273930017858,33.00615689972119],[113.92292780007801,33.006465899581656],[113.91503929962403,33.00813290001338],[113.89658330017926,33.01537690042369],[113.88873279967902,33.020934900425345],[113.87676229984038,33.023319399770514],[113.86858380040212,33.02269339968069],[113.83135230026846,33.00923539959405],[113.82066330017119,33.002445400335034],[113.79920880004613,32.99450509983052],[113.82220480021147,32.966117899621395],[113.84674080034767,32.96045290008135],[113.89392830005102,32.95384989955329],[113.93073280027852,32.934028400090654],[113.97131330016873,32.923648899876866],[114.00057229957201,32.91043840041192],[114.04870579973294,32.8991128997406],[114.08551029996045,32.90571989955379],[114.09629830012648,32.92043289995843],[114.09136980037601,32.92146289979303],[114.08493030019326,32.926818900371984],[114.08637230014165,32.941082399832965],[114.08431229957307,32.94562539979239],[114.07298279961663,32.95912540001723],[114.07000729999697,32.966862399779984],[114.07202929971243,32.97150039962378],[114.0831603004076,32.980712899980404],[114.10130329980746,32.992164400166985],[114.1101838001423,32.99581540036047],[114.13514780023081,32.99823739963631],[114.14864330024818,33.00222390001301],[114.15956130011398,33.009818900421976],[114.16515329988499,33.02257539963506],[114.16390980009726,33.027137899594436],[114.15866830030188,33.02930839986283],[114.14730080039169,33.02698139957198],[114.138847299963,33.027011900079174],[114.1355282997913,33.028541399565995],[114.12693780023938,33.04142390009298],[114.12091080019331,33.04243089976626],[114.11202979983545,33.04750039972373]]]}},{"type":"Feature","properties":{"shapeName":"Ye County","shapeISO":"","shapeID":"62558664B24564619291654","shapeGroup":"CHN","shapeType":"ADM3"},"geometry":{"type":"Polygon","coordinates":[[[113.37872610002955,33.72544140000065],[113.36731719982902,33.72538089990866],[113.35776019977345,33.719374999756496],[113.35266309962242,33.70594860004792],[113.3388584000952,33.69481720005382],[113.33673469964674,33.68863239956562],[113.33015089964431,33.68315410018164],[113.31804530005058,33.682800699892425],[113.31188630021268,33.67873590004183],[113.30891300033477,33.669722100394665],[113.29404650004597,33.67113609995113],[113.29043599992156,33.66123749961099],[113.28151610028783,33.661060799916015],[113.26792379994345,33.6656566997969],[113.24626120029427,33.66176789996865],[113.23203180042731,33.667600999886304],[113.2227972001308,33.659153800107845],[113.21154110014174,33.639529700035666],[113.20580689956887,33.63705420009131],[113.19986029981305,33.636523799733595],[113.19476319966202,33.639352799791936],[113.1852060997818,33.63899919985323],[113.17628620014807,33.6298043001284],[113.17692340039468,33.61742509978859],[113.1813833002991,33.60840479984171],[113.19200229986632,33.601860099663895],[113.19540030008386,33.595491699882075],[113.19518799982643,33.58487680032414],[113.18563089994609,33.57992280029703],[113.18435660017701,33.57549919972831],[113.17862239960414,33.572491099684555],[113.17671100031248,33.57638400042134],[113.16991490005262,33.57603010010911],[113.16694160017482,33.56965989988453],[113.16736629961508,33.56541280026056],[113.1605702002546,33.56311219956842],[113.15462359959952,33.56700549960419],[113.16226920036331,33.57390670003423],[113.16205680028122,33.580099699641494],[113.14995119978812,33.57762259980319],[113.14506649971929,33.58098439961043],[113.13678369960815,33.57514540014017],[113.1287132995792,33.57496840007167],[113.11809439983676,33.568067199641575],[113.11129819975213,33.56771330022866],[113.10471449957458,33.57408370010273],[113.09749360004969,33.5737297997905],[113.09260889998086,33.5708985001657],[113.08475090003412,33.57337590037753],[113.0839012997053,33.57833029970362],[113.07583089967636,33.58381529993619],[113.07370720012727,33.588061400413324],[113.06733580020705,33.586822999781646],[113.06011489978289,33.57850729977213],[113.03569129961386,33.57426060034646],[113.02464759970701,33.568952000334605],[113.0144534003042,33.56965989988453],[113.00736980027614,33.56484990020277],[113.01248240024267,33.55866990029574],[113.01678050041983,33.54932390007798],[113.0302249998839,33.53235299969123],[113.03358910015686,33.50443760001531],[113.03999440002156,33.49268839994977],[113.02817399973037,33.479935200349246],[113.0259456002093,33.4489879998963],[113.02839679957265,33.44528940038555],[113.05782330040506,33.44913889984042],[113.08821079968868,33.44815040012094],[113.09417729964275,33.445525899600625],[113.10595679966661,33.435005400079206],[113.11517330020774,33.43071340000347],[113.13739030042211,33.43051139968139],[113.16288729990902,33.436877900095055],[113.17165380038261,33.43617239993637],[113.1812288003689,33.43180439995314],[113.18805679958166,33.42446489963544],[113.21807879999665,33.388671900188115],[113.23224630042648,33.36848840021952],[113.24452229996427,33.35631940022017],[113.26997380005093,33.352360400212376],[113.27873230015564,33.355769900060864],[113.28447729978757,33.355754900268494],[113.28830730014181,33.354141399605965],[113.29538730018385,33.34610739963682],[113.30085729972461,33.344486400427115],[113.31291179983975,33.34605389986763],[113.32633980034154,33.35127639968613],[113.34056829998713,33.35031490031247],[113.34931180029946,33.34662240000381],[113.36353329962219,33.34405490031344],[113.38131729955376,33.34559240016921],[113.39198280036601,33.34234989992797],[113.3952408004227,33.36791239973752],[113.39763630027505,33.37451190010415],[113.40157280014466,33.37786089986071],[113.40975179960594,33.377445399585554],[113.41745779973769,33.379104399648384],[113.43681330019376,33.385997900083055],[113.45799230020452,33.39834590024316],[113.45854619984732,33.41956059974194],[113.46139700037133,33.427136000326186],[113.45544459998837,33.42977539991483],[113.45336179980723,33.43394329984346],[113.45987679987445,33.437343399977976],[113.45989229968995,33.439399900385126],[113.4667967997326,33.443794399791784],[113.46550729962223,33.464886400287185],[113.47316580026154,33.48539840011614],[113.46964340042268,33.502746700100204],[113.49108330005436,33.488886999835245],[113.48815129974275,33.49860390024986],[113.49153130002958,33.50223939972858],[113.501159799785,33.507461400423324],[113.51901230017756,33.51195890008324],[113.53069139988827,33.50519800018759],[113.53057880027143,33.51854339975813],[113.53533930036849,33.53294740030236],[113.539367799984,33.55994789987574],[113.53946680005288,33.574607899634884],[113.54113779976967,33.57803340022127],[113.55024729987304,33.58531589970903],[113.59436780023384,33.612338900320026],[113.61557779987561,33.6216123998924],[113.62225330014974,33.63073339962676],[113.62145230008366,33.63486090021041],[113.6181793002346,33.638084399575405],[113.61325079958476,33.63971340005344],[113.59084329957864,33.65357589990788],[113.58512130010797,33.66093440020245],[113.57917780031528,33.674247899920715],[113.57618389966729,33.689846700165106],[113.57964800005527,33.70054850031312],[113.57752679972214,33.70587560027877],[113.58022460038501,33.71223279990386],[113.5768898998491,33.71546920004357],[113.57571469997345,33.71930429955381],[113.57713030032312,33.7238830997253],[113.58285520010747,33.72689629982443],[113.58358249983257,33.73100490025598],[113.57839120019378,33.73308299968073],[113.57731019980599,33.737943599717426],[113.56805689990608,33.74148189957003],[113.57298670007617,33.756058700348774],[113.56421559957028,33.75208020034103],[113.55965580027498,33.752827099890794],[113.55109559978212,33.75006250028423],[113.54708419987594,33.75033290034315],[113.54299510034366,33.75164620011208],[113.53640220010152,33.75993210018635],[113.53226240038953,33.7568727999398],[113.52367630032109,33.75623540004375],[113.51355690023081,33.75202859993999],[113.50543069996684,33.75100870039125],[113.49730449970298,33.752793500319854],[113.48580519965026,33.74820409983937],[113.46093229998576,33.74328590002432],[113.46267540014969,33.731033100297395],[113.46161349956344,33.72502760034354],[113.45502980028516,33.723084599774495],[113.44186230010507,33.728383700247605],[113.41530220033633,33.726010499984625],[113.39733970026703,33.72694289999487],[113.37872610002955,33.72544140000065]]]}},{"type":"Feature","properties":{"shapeName":"Yanshi City","shapeISO":"","shapeID":"62558664B88825196305992","shapeGroup":"CHN","shapeType":"ADM3"},"geometry":{"type":"Polygon","coordinates":[[[112.48088680038563,34.55546770027422],[112.4955063000757,34.53704440017896],[112.51139829999158,34.52381890002226],[112.52944929964553,34.520904399618416],[112.54223630026513,34.51453389991957],[112.56609329966614,34.52056139998865],[112.59131630000729,34.52360890023061],[112.60632329958071,34.51930240038553],[112.62106330033112,34.51224140032042],[112.64331030013034,34.49581139987623],[112.65525829983073,34.48988339989904],[112.68213630005027,34.49612439992114],[112.69851680001034,34.49203490019056],[112.71460730008687,34.491378899616564],[112.72264880040188,34.493911900413934],[112.73374929969054,34.49278639977257],[112.76064279972547,34.499465900231144],[112.76673880025544,34.502910399895086],[112.7750623000851,34.501777399807224],[112.78283679977858,34.498351900120156],[112.79589080012045,34.48600389996005],[112.80394730022783,34.48074740037231],[112.81282829968632,34.47732139976284],[112.87938679966112,34.48057539963503],[112.90296180044675,34.47692090017944],[112.90878279998628,34.48149889995432],[112.91516180007704,34.49615490042834],[112.91599279972797,34.51721939965563],[112.91931179989967,34.53027339999744],[112.92624680044958,34.53301989984857],[112.9531632997465,34.535079900417145],[112.96425629958867,34.53393189963754],[112.98008730028869,34.53758990015382],[112.97869880010956,34.54034040018939],[112.9639892998664,34.54652390025785],[112.94123079986161,34.543552399923385],[112.9126432999484,34.54583740007598],[112.89792630025863,34.55087290026421],[112.85543080019136,34.58199290005234],[112.84265129991763,34.58726889964004],[112.83206930025801,34.60770390041472],[112.83429729958073,34.63250340011189],[112.82196830029693,34.65822239994384],[112.82415779964276,34.6807633998111],[112.81985909961782,34.693598200296776],[112.82398629982788,34.69647579971843],[112.84320800004923,34.70159840014611],[112.85456610024539,34.70806739989064],[112.86462250012835,34.709168500126225],[112.8736921998352,34.706214300049965],[112.88747730043713,34.69633500006023],[112.89610360020106,34.69488460044403],[112.90048700017496,34.69812759980891],[112.90896080010089,34.709880100386385],[112.90595229985877,34.71164340022278],[112.90257279959508,34.72167190043791],[112.89615629957359,34.730827399964596],[112.89394380006638,34.74502189984088],[112.89837630032605,34.766086399967435],[112.89586629969006,34.776160899605884],[112.89112829973135,34.78279889994934],[112.88166829965235,34.784854900333414],[112.84214780008097,34.77956390005397],[112.83129080033018,34.77932739993963],[112.81989279991285,34.776569399558184],[112.81041730001846,34.776557899927184],[112.80596179959741,34.778846900264284],[112.80010230008111,34.78913890004026],[112.79981230019757,34.8053398998166],[112.795219299731,34.788009400113765],[112.79216780020386,34.78525940010127],[112.78217329975803,34.77814840042839],[112.76658630041754,34.774005900052316],[112.7576903002672,34.773307900239445],[112.75045780038727,34.77512689958678],[112.74543780001454,34.77969739991511],[112.73650379991045,34.793651400391866],[112.73120130000007,34.79616540031304],[112.71450029964922,34.79933940009329],[112.67775729955974,34.80224590012824],[112.65632629961908,34.80013639997492],[112.65023029998838,34.79531489976284],[112.65220630028057,34.78615940023616],[112.65612030001193,34.78113190041694],[112.66425330004984,34.76168440021496],[112.66235329966514,34.75206389992911],[112.63902230023905,34.74055839995026],[112.63182079999001,34.733901899653006],[112.61154180011408,34.727893899583876],[112.60638240032756,34.724311600400085],[112.60973989957677,34.714806100021576],[112.60787460043252,34.7092862996231],[112.5843723997665,34.7092862996231],[112.5754192000361,34.71173959980274],[112.55378219958891,34.695178399963254],[112.56124320011361,34.66572810037161],[112.57056949978266,34.65007829957392],[112.56907629963155,34.644111400320924],[112.5658723002665,34.639777900130014],[112.55717120029067,34.634557400403764],[112.53661329996385,34.629512899800545],[112.5049677003991,34.615368500256125],[112.50186930032805,34.61107640035567],[112.49936680003782,34.593311400400864],[112.50225830028035,34.5662229003666],[112.49428640029714,34.559353599788835],[112.48088680038563,34.55546770027422]]]}},{"type":"Feature","properties":{"shapeName":"Xinmi City","shapeISO":"","shapeID":"62558664B24993705228274","shapeGroup":"CHN","shapeType":"ADM3"},"geometry":{"type":"Polygon","coordinates":[[[113.19466640023427,34.61517839976341],[113.19146509973461,34.615855900429494],[113.1892698995863,34.6181894001208],[113.18917849968807,34.62744739987767],[113.18259290014225,34.623985199757215],[113.18442220032432,34.605090900424784],[113.16576309978734,34.603961600147784],[113.15606770036413,34.59914319989883],[113.1556398002366,34.59670589955766],[113.15899929957811,34.59140029968415],[113.17162250037813,34.59235090017398],[113.172504100384,34.58323880013057],[113.17570060030255,34.57672649982817],[113.1753949000547,34.56845930025656],[113.17131360034239,34.566363000352226],[113.17411850036854,34.556098300396286],[113.17144820007445,34.550699199808264],[113.17525050041036,34.5481490003761],[113.17675320010017,34.540151799765795],[113.1736276000338,34.53642839965096],[113.17817939985946,34.5324341003535],[113.17915730016932,34.51437820029378],[113.17233280021867,34.50234239978198],[113.17340830035289,34.4936408996079],[113.1789398000318,34.48744589990838],[113.18697329997792,34.48514189977891],[113.19419880043438,34.48970789989971],[113.19893630037006,34.49587940031415],[113.20699329960121,34.49883639997995],[113.21724680029968,34.49950390018489],[113.22528080026882,34.49444589985842],[113.2590788003464,34.48314290022472],[113.27210979962763,34.48196389981416],[113.2804108002183,34.475532400000304],[113.28478230036296,34.459262899763075],[113.28972629992882,34.44985939959167],[113.2993772998226,34.43517689969423],[113.31594130015094,34.4211613999787],[113.3205320999765,34.40842029985703],[113.33643639991999,34.408701900072685],[113.34145469967473,34.406598699670326],[113.34715279966201,34.3974764004156],[113.35219539999775,34.397878999915974],[113.36467509957629,34.39171540004571],[113.35911689992508,34.38476779999405],[113.36094029965511,34.381416599596434],[113.36868310004513,34.378785300201514],[113.3724178999662,34.379010899633386],[113.37351099983289,34.38224359996224],[113.37606160036262,34.38322090042425],[113.37959709972642,34.37850599955232],[113.38688849980451,34.37803829992765],[113.39859779964877,34.38080989985707],[113.40355679990648,34.37804390000605],[113.40685089964938,34.37600359998618],[113.40186330005133,34.369575399784935],[113.39901689991007,34.35803289989849],[113.40475580034001,34.354874399933635],[113.40593219991115,34.3517231997659],[113.41595889968357,34.35051459996885],[113.42260989972715,34.35209190022107],[113.43629829982672,34.34410660033939],[113.4399174999927,34.33953180035235],[113.44629390014347,34.3413369996029],[113.44915739999408,34.338183099670346],[113.46496789974879,34.334116100078006],[113.46875360039837,34.33507339961773],[113.47052450040542,34.34238999959888],[113.48073540021858,34.3467311997851],[113.4864423000721,34.34289939988747],[113.4948006998925,34.341261700267296],[113.5007707998326,34.344912800285556],[113.50380890036047,34.34516389999402],[113.50782690039125,34.35032460020017],[113.5076447004426,34.35746889996983],[113.51379350016998,34.36186800030799],[113.51584310007911,34.36807139967539],[113.5234492997455,34.373334500287],[113.53328730016881,34.37314660043529],[113.54490160012881,34.37716890012467],[113.5468145003889,34.379010899633386],[113.54435500028308,34.38329600011036],[113.54649569971684,34.38498749987326],[113.55273550004335,34.38581440041429],[113.55187010042482,34.3896105997494],[113.55387420003433,34.39299329980099],[113.56093379985509,34.39536099981035],[113.56325670013666,34.398630700046795],[113.56193590002181,34.40302759974401],[113.56931440033941,34.40430529984974],[113.56954209968819,34.40723639993996],[113.56216360026997,34.41121949998001],[113.55961299974024,34.4210262003989],[113.56530630004579,34.423167700229214],[113.57596409996336,34.41490180017797],[113.58147520032026,34.41659270009308],[113.5885804002653,34.4105806998395],[113.59431919997121,34.40975399984728],[113.59345390017745,34.41584119961175],[113.5889448001625,34.41895980025464],[113.58981019978091,34.423355600080924],[113.5877605998719,34.42846500025962],[113.59992139985275,34.43391220018793],[113.601287800092,34.436353900012534],[113.6056603002827,34.43721790028593],[113.6118090001853,34.44371619994274],[113.61936969955207,34.441875699603884],[113.62164699970936,34.44469279983292],[113.6288433000783,34.44533140032394],[113.6292988003994,34.44649570041628],[113.62483519978468,34.44773520001951],[113.62082720021522,34.453669399922944],[113.62274009957605,34.45780049959342],[113.63280580024752,34.45190419981901],[113.63745150008674,34.45269289985748],[113.64323589991693,34.45674899966667],[113.64268939989597,34.45931819997497],[113.6512718001535,34.46049949995199],[113.65152940016173,34.46559779979867],[113.64714939962516,34.471439199559484],[113.64779350036986,34.479404100119154],[113.64547470009734,34.48322700032588],[113.6503699995759,34.48609410016263],[113.65346180042184,34.48620020037902],[113.66273720026163,34.48163420025821],[113.66544250037111,34.48354560044913],[113.6649271996306,34.48513839961748],[113.6619641996881,34.48588170008043],[113.66209299969228,34.493632900138266],[113.67162600043957,34.496287199694564],[113.6680188997525,34.50127719958317],[113.66776129974426,34.51136230042988],[113.66582890038353,34.515926699757415],[113.66106240000977,34.51773120023478],[113.65848599972912,34.52059710037594],[113.65848599972912,34.522719899703645],[113.6642829999605,34.52961860001841],[113.66557130037529,34.53885139987227],[113.65616709963206,34.54394490003716],[113.65475009993725,34.54617319973346],[113.6556517997908,34.54797699963888],[113.66003180032737,34.54850749982131],[113.65964540031507,34.552539499598254],[113.64367119966619,34.557526000224755],[113.64135229956901,34.56113319983734],[113.63194820044919,34.565058399725444],[113.62743930008367,34.56166360019506],[113.61945219975928,34.56357319994328],[113.61571629996729,34.56017829968886],[113.61339749969488,34.5604966003379],[113.60953270007406,34.567498300006605],[113.60399329985091,34.56304269976084],[113.6047661997004,34.561027099621015],[113.60051500006728,34.56113319983734],[113.59768089995362,34.56463399975934],[113.59768089995362,34.57312040008645],[113.59381620015756,34.580969500342235],[113.58853439994266,34.58181799990081],[113.58724610042725,34.585211999933904],[113.57655369999327,34.58563620025052],[113.57539430030681,34.58765130036727],[113.57913020009869,34.60239170041672],[113.57230250036014,34.608223599739404],[113.56818019965658,34.607269300337975],[113.5665054003041,34.608647700231245],[113.5638001001945,34.61606940038257],[113.5665054003041,34.62009799982286],[113.56418660003158,34.62836670036296],[113.5574877002972,34.63281869972326],[113.5543960001753,34.63695259988265],[113.54937179996864,34.63748250021729],[113.54718179970041,34.635892599563874],[113.53893710026705,34.622006200226],[113.53906590027111,34.61606940038257],[113.53326880021507,34.6153271997905],[113.53172289979204,34.62391439972981],[113.52888879967838,34.62773069981199],[113.51935579983035,34.62932070029012],[113.5188404999891,34.63324270039038],[113.52180340010693,34.636740599998745],[113.51394519961138,34.63621059983939],[113.51046689982763,34.63758849970952],[113.50737509988096,34.6455375002555],[113.501964499662,34.646173400082375],[113.49642510033812,34.649670699843],[113.49706920018355,34.65126030012283],[113.5042832999344,34.651048400063644],[113.50505629960855,34.652320099892734],[113.50402569992616,34.656346999614414],[113.50634450019857,34.66217500037601],[113.50247980040251,34.66620140007461],[113.49913040044771,34.66726090037031],[113.49642510033812,34.66545970040488],[113.48933969986729,34.6648240002275],[113.46795489989881,34.6586781997392],[113.4653783997934,34.65581710017909],[113.46615140036693,34.65263800034347],[113.47130429985361,34.65009459978603],[113.47181959969487,34.64839900001391],[113.45880839988786,34.64627939957467],[113.45223830015743,34.64235800022158],[113.4519807001493,34.640662199900646],[113.45623189978244,34.63536270012855],[113.45378419968108,34.62412650033775],[113.45159420031212,34.621900199834386],[113.44425119983305,34.62020400021447],[113.44296300014241,34.62243029981852],[113.44115949971115,34.62232430032623],[113.4387117996099,34.6153271997905],[113.4333012002902,34.6135248999542],[113.4246700001205,34.61363090034581],[113.39568449983983,34.60790549963917],[113.38731089967837,34.61013209961675],[113.38628029999586,34.61087430020882],[113.3880839002519,34.61596339999096],[113.3861514999918,34.62232430032623],[113.38112739960991,34.62751869992809],[113.37391320003417,34.63027480004206],[113.37107909992062,34.62932070029012],[113.36386490034499,34.6151151999066],[113.36000019964956,34.61288869975374],[113.35574900001643,34.61320679985397],[113.3458295003312,34.6169174997429],[113.34544299959487,34.62232430032623],[113.34106299995756,34.62561060024905],[113.3205799996673,34.63144079985307],[113.31826109957012,34.629638699666316],[113.31723049988773,34.624974499873304],[113.30937230029144,34.62296029997793],[113.29146570028195,34.624550500105556],[113.28438039963578,34.62243029981852],[113.27793909990964,34.62698859994396],[113.27175559984107,34.62794269969589],[113.25294720015324,34.62412650033775],[113.23645769966322,34.624020400121424],[113.2347830001354,34.61903789967937],[113.22653829980277,34.617129600350836],[113.22640939997393,34.61066219960088],[113.21421119988702,34.609525600426196],[113.2158859003141,34.61350160031867],[113.20706139986373,34.612494300271806],[113.2063528995667,34.61450879964144],[113.21150589977753,34.61684120036114],[113.2116346997816,34.618537499805825],[113.20467820003898,34.61848450005971],[113.20326109962014,34.61376659994869],[113.2004913999582,34.610957000065525],[113.19765729984454,34.61154009979583],[113.19466640023427,34.61517839976341]]]}},{"type":"Feature","properties":{"shapeName":"Xin County","shapeISO":"","shapeID":"62558664B38178507434272","shapeGroup":"CHN","shapeType":"ADM3"},"geometry":{"type":"Polygon","coordinates":[[[114.5720978000735,31.82793640014478],[114.56279730015535,31.817550399631273],[114.56128679974609,31.808372399966345],[114.56331629980741,31.794187399628868],[114.56295780036226,31.778604399573453],[114.5641172998736,31.770824399626406],[114.56722260044273,31.76739310021145],[114.57987210011743,31.760909999996557],[114.57250980018716,31.71254730041761],[114.5822219998455,31.69909290031717],[114.55023189968244,31.655229599766244],[114.54163360031043,31.624013900421232],[114.55161290041508,31.560138700440746],[114.57100680012377,31.55799680041207],[114.62275700033535,31.591234199998382],[114.64874270041537,31.573232699929235],[114.66316219987573,31.549146699860387],[114.69252010042237,31.54659839979638],[114.69068150035105,31.532558399850302],[114.7189713003853,31.52309989984053],[114.76828000042178,31.524343500352302],[114.77967830031332,31.487773900345303],[114.82753750005566,31.464425999959985],[114.84174349956288,31.46438409964651],[114.85180660029448,31.48095320003023],[114.8765106000842,31.47341730036817],[114.93623349977622,31.48223690041266],[114.96772000027784,31.500093499915124],[114.98941039977024,31.47273829963285],[115.0129165997214,31.524513199724424],[115.05345150038647,31.50936319985186],[115.08923340040121,31.513782499862543],[115.10460660031447,31.52589419955774],[115.09976200011624,31.555330299753564],[115.1190720002727,31.577400199659564],[115.11942290044658,31.59712219992963],[115.13810729981208,31.60725209960475],[115.16681670013065,31.60023120030968],[115.17548380033713,31.634918399664457],[115.18591330015875,31.643661899976735],[115.19310830010807,31.65330889968601],[115.19925680036113,31.658141900428404],[115.20192730030476,31.66227540038949],[115.20482629999378,31.673053900117452],[115.20025629968859,31.676017900106046],[115.18547779986068,31.678945400210125],[115.16908230010813,31.685300900116488],[115.16206380020424,31.69214840022852],[115.16043080044119,31.696264400281905],[115.16013330021167,31.701989899913997],[115.1622697998115,31.705665400338034],[115.15393829961295,31.707008900240623],[115.12415330023464,31.702539400073306],[115.1182478003957,31.703203400116877],[115.09934230000715,31.72328539990133],[115.08883680027816,31.72850989981208],[115.08560180038285,31.73124540005523],[115.08261130007145,31.73787690009891],[115.0801923000347,31.73832340000496],[115.07321180008455,31.737834899960717],[115.05285630027811,31.726058900098224],[115.04804230041191,31.724433899804694],[115.04345680029121,31.725787900191506],[115.03671279955608,31.7340029004136],[115.03637680024917,31.742479400104287],[115.03125779980769,31.746351399697403],[115.02105679973158,31.745157400393737],[115.01168079992908,31.740529900134845],[115.0087203001018,31.74165890003826],[115.00169379982901,31.748496899712222],[114.99495730033925,31.7505283998658],[114.987167299931,31.750259400051334],[114.96597280010474,31.74671190013413],[114.9423902998725,31.738797900302927],[114.93488329992442,31.73784240030659],[114.92298879999316,31.747857899922167],[114.89174629995182,31.757762899837985],[114.86231980001878,31.77660389995009],[114.84127780003053,31.78724489963247],[114.83505229982381,31.792705399634542],[114.8296968001672,31.78946490038487],[114.8233798002376,31.77430339998199],[114.8174668000529,31.774036400259718],[114.8069687997704,31.7762624003895],[114.80079630020919,31.775535400138665],[114.78634630024158,31.767652399938356],[114.77696980041605,31.765069400432537],[114.77320080017682,31.766189399920904],[114.7649758003929,31.785152400263087],[114.75392129962836,31.78897290017926],[114.7461318001425,31.7884613999737],[114.7386397999868,31.785201899847834],[114.73197180005855,31.77919789996315],[114.72821829963493,31.778943899941055],[114.70783180019748,31.803542900284697],[114.70192730040469,31.802583900126933],[114.69632730026478,31.796586399642706],[114.69461779967173,31.779392399939354],[114.6927568001862,31.777774899991698],[114.68979630035903,31.777751899830378],[114.6781463000118,31.786832900418062],[114.66362779958331,31.78878589964961],[114.66325380032265,31.798862400279575],[114.65757730025223,31.802488400219545],[114.64733129989963,31.805387399908625],[114.62687680002432,31.807521400292444],[114.60891730009337,31.802799400172205],[114.60002880028901,31.805021400117596],[114.59623729991154,31.80796790019849],[114.59484080026277,31.81254189978887],[114.5904923002795,31.81731789970138],[114.57813279958907,31.817218899632564],[114.5720978000735,31.82793640014478]]]}},{"type":"Feature","properties":{"shapeName":"Xin'an County","shapeISO":"","shapeID":"62558664B8110299464072","shapeGroup":"CHN","shapeType":"ADM3"},"geometry":{"type":"Polygon","coordinates":[[[112.30768739995358,34.68728220041328],[112.30370539978446,34.70773820035771],[112.28566889989986,34.71742770022826],[112.28335629955359,34.72928029984604],[112.29647079998745,34.73563700034737],[112.29907979979293,34.74865740021892],[112.29569230005961,34.755508399593],[112.27419279965807,34.765468400246505],[112.26827230002664,34.770374399858724],[112.26323729986154,34.77663039967325],[112.26120779980022,34.78760889963104],[112.2645262999489,34.790145899713536],[112.273452799707,34.788360400112424],[112.28381329994386,34.779945399660505],[112.2924727999798,34.776099900390136],[112.30332929970746,34.77523790020899],[112.31107329979307,34.782832899718585],[112.31075280030154,34.78878389985715],[112.29559329999086,34.80450439995815],[112.29274730004795,34.81249989995047],[112.2906043001484,34.83790189955306],[112.28524780044575,34.84634789963593],[112.27825179978083,34.85065839966546],[112.22177879995172,34.873699400107284],[112.21000680027362,34.88141639984701],[112.20671040006494,34.88859239981946],[112.19887819986911,34.89131519983664],[112.19771129983667,34.92013140004411],[112.20367340030725,34.93761400028592],[112.22025200022972,34.9576520996647],[112.20529910027335,34.96943140003913],[112.17935290021626,34.97589240031408],[112.16615050004555,35.00360860015684],[112.15230640032019,35.01254480000256],[112.12535159979655,35.0203539002124],[112.09913029982351,35.030189299796405],[112.05888160030565,35.02793699989269],[112.04045329997984,35.030789799609636],[112.03073490039537,35.03529419976758],[112.02965509970318,35.04251860035316],[112.02899290010237,35.05428459975451],[112.01534619976735,35.06320579980786],[112.01461770034666,35.06776929981339],[112.0079463000817,35.071478100334105],[112.00253369977054,35.067254199621686],[111.99598820009544,35.06673899960521],[111.96784229968245,35.070453400204315],[111.95384229978237,35.05432890035854],[111.94692229992427,35.04877839980338],[111.94312280007722,35.039363900024],[111.94629679985746,35.03068940019574],[111.95111079972366,35.02477640001092],[111.97648629990289,35.00253689965825],[111.97489180011655,34.99611640035164],[111.9554367995687,34.98864040003451],[111.95075230027851,34.98471089958838],[111.9522318001575,34.97739789959343],[111.95924379976162,34.97447589974303],[111.97766130012894,34.97347240023112],[111.98135429956136,34.96869640031866],[111.97805780042722,34.963176900293774],[111.9581527998119,34.94836789995867],[111.94872280021713,34.943256399863],[111.89840680013378,34.93025590018971],[111.88810730001194,34.929256399962924],[111.87811279956611,34.92550639970062],[111.87481679955573,34.9215848996235],[111.87407729962774,34.91402439990617],[111.88153079980663,34.89737690022383],[111.89137280041444,34.89036139955897],[111.9108733003626,34.891895400152634],[111.91784730001297,34.891040900317364],[111.92800129972028,34.880592399619616],[111.94106280040796,34.860320900089505],[111.94835680042604,34.85580040026832],[111.97646329974157,34.85899340002544],[111.98153679988349,34.853542399562116],[111.97754680024468,34.83702489957949],[111.98066730025579,34.831329400431514],[111.99047079998746,34.827281899939805],[111.99659730012536,34.82641240031205],[112.00557729965271,34.82121289975555],[112.02686330010124,34.784969400217676],[112.02500930003919,34.77556990023078],[112.0186997995562,34.767280400170364],[112.00434130021085,34.75687040034876],[111.99913030002341,34.75041939963563],[111.99263179981779,34.727855799805354],[111.99181379986703,34.70892339979514],[111.99295779956287,34.70526890033955],[111.99717729989254,34.700950399941064],[112.02826680007286,34.67943189956259],[112.03497329997788,34.677879399914445],[112.04411329968912,34.68000389986014],[112.05969979990596,34.678512400327065],[112.06894680005485,34.671253400124385],[112.07289879973985,34.665096400378616],[112.07440930014911,34.65343090021594],[112.08038330044906,34.64088039971074],[112.08899680016225,34.639564400176994],[112.10037979988795,34.64147190000824],[112.10984029998997,34.63993440015247],[112.11601279955107,34.63425039973623],[112.13012680021177,34.61075990014933],[112.13490280012422,34.605754899569035],[112.1415632997066,34.605567899938706],[112.14932229958447,34.60813889979045],[112.15898179987028,34.614379899812604],[112.18138879985327,34.6252823998629],[112.19323730036115,34.63519640019376],[112.20213329961211,34.636852400118244],[112.25302880033894,34.62981390019138],[112.26193980028165,34.627116899925056],[112.28022780007302,34.63362489966943],[112.28387000040027,34.64080799978939],[112.29562379959873,34.65545640009282],[112.30024729967317,34.66761789974635],[112.31027980007275,34.68080890011072],[112.30768739995358,34.68728220041328]]]}},{"type":"Feature","properties":{"shapeName":"Xihua County","shapeISO":"","shapeID":"62558664B1185966379921","shapeGroup":"CHN","shapeType":"ADM3"},"geometry":{"type":"Polygon","coordinates":[[[114.08650139961992,33.71791559972519],[114.09186799960855,33.70289870041472],[114.096916600221,33.69571610031784],[114.09449300015194,33.69271020001577],[114.09542829957638,33.68259360041441],[114.11241970000924,33.68608559957079],[114.1147079997744,33.67063009999919],[114.11160150040894,33.656198900359016],[114.11307469963776,33.653166499734255],[114.137216199568,33.65399879980481],[114.14412750028396,33.65190900020025],[114.14659649992859,33.65264309969933],[114.14857689970427,33.65429160017726],[114.14668260012195,33.6596409997324],[114.14786390009897,33.664135900351596],[114.153647299883,33.670364999645074],[114.15662369972404,33.67132830036081],[114.15909849999582,33.67036720028614],[114.1653498997781,33.66560999980169],[114.16874580007868,33.6665026003148],[114.17255519966284,33.67265319958557],[114.18130649979514,33.673953300004825],[114.18100469990702,33.68385129959785],[114.18849109998439,33.69008049961542],[114.19836210013091,33.69376420005784],[114.20677270019996,33.69232930025703],[114.21354370038148,33.69721150021064],[114.22200210031679,33.698196800142284],[114.24044200009826,33.70393230023552],[114.24744939967013,33.70815290043606],[114.25157619968195,33.71903979994687],[114.25113289956369,33.725530199958826],[114.25457499983645,33.732063100131995],[114.2644135002829,33.744217499637955],[114.26659340026526,33.744844899972236],[114.26969359987982,33.743699099833634],[114.2762032004174,33.7373958001761],[114.28558209963421,33.736093500015045],[114.29028220036332,33.730291799926704],[114.29774269996574,33.73014170037919],[114.30968780025182,33.72289069964614],[114.31631439988973,33.7225164000119],[114.31613029967366,33.710105799842836],[114.32238700006008,33.70534710018859],[114.32813959986265,33.69345250043261],[114.33555770002795,33.697821899760925],[114.34305039985611,33.69796850004627],[114.3490388999254,33.696869499727654],[114.35734410035002,33.692643300348095],[114.36585409978693,33.69426490030497],[114.37542919959799,33.69221630044194],[114.38052290031169,33.6883434995529],[114.38191949978511,33.68463920013903],[114.38029150025261,33.67204690004445],[114.38220610023143,33.670107299812116],[114.38740580043736,33.67148319959006],[114.39379129992858,33.66944520003602],[114.40068850017417,33.67430420017877],[114.4090438998561,33.6689917996319],[114.4200980004224,33.67273679966365],[114.42589770041855,33.666795999635724],[114.4371827999463,33.66539310041128],[114.44434740011252,33.66247769978605],[114.44878870023842,33.66634140043533],[114.45371839968448,33.66743119979009],[114.46276300021236,33.65823809960864],[114.47122350006453,33.65855790032691],[114.47817050026845,33.65351859960373],[114.48599830008152,33.653382999825624],[114.49571530032097,33.65811090039779],[114.50082919980775,33.657541199666696],[114.50399920030293,33.65393690036768],[114.50652889968899,33.64473100013561],[114.51473109986046,33.63547510029571],[114.52188750000823,33.62250810036858],[114.52340070018226,33.61406680014278],[114.52582940030663,33.61217899996092],[114.53069639991895,33.61143420032812],[114.54287340028725,33.61596629960508],[114.54836079991105,33.61070529980981],[114.5579628002431,33.613793200296016],[114.5695304002079,33.605928899698995],[114.57461330006379,33.60565920021196],[114.57859809982256,33.60823820043265],[114.5793249004239,33.61119749966491],[114.5778133001437,33.620186499607314],[114.5879458995837,33.626880300185746],[114.6024511997631,33.63461520003153],[114.6024511997631,33.6494803999006],[114.60046720000139,33.65333390043918],[114.59220060027758,33.65471020041548],[114.59682990007991,33.664618300294364],[114.58889399995815,33.66544390041571],[114.58261139999615,33.67039750024452],[114.58294209959831,33.6742500996624],[114.58691689979514,33.6798926997883],[114.57826580032645,33.680865599867616],[114.58037009970042,33.69137149979491],[114.5878521002943,33.692927799978065],[114.59416510003939,33.689620599810894],[114.59767230043633,33.68300580017757],[114.60585580010513,33.67794700035381],[114.6081939996534,33.68378399973187],[114.61918319974495,33.679503600011174],[114.62736670031302,33.6818384001221],[114.6290033998871,33.68650779979515],[114.62876960043673,33.69526219989069],[114.63251060028404,33.69720750002614],[114.63905740037876,33.69720750002614],[114.64279840022607,33.69876380020929],[114.63812210005494,33.70498830036979],[114.63905740037876,33.70868399956697],[114.64751309964993,33.71332620014408],[114.64324890031651,33.71917760036604],[114.6406030004282,33.73136589981647],[114.6416207002352,33.75624510013131],[114.6458949000297,33.76301370002227],[114.65220450033746,33.76605939982147],[114.6638061000715,33.766228600069894],[114.70512380032324,33.756752799801916],[114.71855720035455,33.757768100217675],[114.72466330027112,33.76030629999582],[114.72690220027641,33.76352129986816],[114.72690220027641,33.76707460041251],[114.7126546997547,33.78179370001931],[114.71509710015107,33.79634119998644],[114.71245110043799,33.803952300058654],[114.7159111997421,33.813761100394515],[114.71469000044328,33.821370599673514],[114.70695570044529,33.82847219963236],[114.70573440042233,33.8318536999883],[114.7102122004328,33.83946160027267],[114.7104157997494,33.84588559974071],[114.70390260012493,33.8550134999731],[114.70207079982765,33.861774300043976],[114.69474349971279,33.870900499658376],[114.69107990001748,33.88070159999887],[114.69942480011446,33.89692169957681],[114.70736270032842,33.90452380013335],[114.7148934999351,33.90756449970195],[114.72159370008922,33.913717699812025],[114.71772409988739,33.91587869964235],[114.7064340001291,33.93120880044586],[114.6907817001154,33.937382700251476],[114.68462339995006,33.94717470035221],[114.68231400029094,33.95845550022119],[114.66640510031516,33.970160399682754],[114.6558846997192,33.96505299959631],[114.64433799999881,33.96484020021512],[114.63176479970582,33.96867080041716],[114.62817250006094,33.97718260029683],[114.61996140019858,33.98526800011814],[114.6145728999195,33.98526800011814],[114.60046019967854,33.96973480002106],[114.59327549966463,33.96739399963343],[114.57262070008528,33.966537600429945],[114.56201659958651,33.962454299726176],[114.53626400018356,33.96528119986755],[114.5249024996507,33.96276839964196],[114.50331570025946,33.950517400357796],[114.49195419972659,33.949574900061634],[114.48778839971499,33.94140650001003],[114.49195419972659,33.934808300063025],[114.4798183999992,33.92642149965252],[114.49222099979931,33.91269589999587],[114.48458729976414,33.90426699962239],[114.48043129966482,33.876818300424304],[114.45924280011525,33.87809980016567],[114.45596940006783,33.88081740030282],[114.44591539957605,33.87829389994357],[114.43852570000115,33.88265810029117],[114.42236280000327,33.88137320021309],[114.41137669987484,33.87259939994243],[114.39994940044448,33.87399390039826],[114.38727729990751,33.868590799625736],[114.38068129970225,33.86256889963505],[114.33625660006214,33.85111309978976],[114.33508760011273,33.8460643004272],[114.3282736995717,33.8469292000226],[114.32554349993268,33.85923050018749],[114.30123620009067,33.853475099896],[114.2944040001446,33.8474235996195],[114.29720969966797,33.83771359970291],[114.30679610035986,33.83713099999568],[114.31147239963161,33.82994489973737],[114.31867880028642,33.827675099925955],[114.31799490004471,33.81973149980894],[114.32173399962448,33.809652499962965],[114.30656230001023,33.799251399832315],[114.30936800043298,33.787009800262126],[114.30491790044084,33.78075839958052],[114.29611159957074,33.78151400007107],[114.2937025001703,33.77321160013531],[114.27837040017391,33.763833500415785],[114.26355870007399,33.76997460014775],[114.25746130019888,33.77865339963472],[114.25002379985858,33.7805127003009],[114.24201859977859,33.77959909971872],[114.24154830021394,33.78721670009071],[114.23094939959515,33.78949539959308],[114.21522950024132,33.78881050020448],[114.20948029987596,33.79847719956314],[114.20486359957556,33.79528519985212],[114.18576760029453,33.79898430028527],[114.17880179976328,33.797400999756405],[114.1771843996404,33.80137379986104],[114.16856789978885,33.801252699852284],[114.16356009961896,33.79437809956971],[114.15488099975835,33.79985019992682],[114.14949010008809,33.80298030020077],[114.13620929971944,33.80660830023294],[114.13085370023816,33.79205990004442],[114.13190329989743,33.78778709959505],[114.1373827000516,33.78492719973053],[114.13345219955943,33.77729840010113],[114.1377783001285,33.76346169999749],[114.11719279960812,33.76263259971478],[114.10805420014128,33.764853800162825],[114.09332400020253,33.76174379973662],[114.09316219957589,33.75835350041376],[114.09940309977333,33.75357930004469],[114.1057161004178,33.74055339991952],[114.10454699974434,33.7325814001116],[114.09192110007882,33.730831400348904],[114.08650139961992,33.71791559972519]]]}},{"type":"Feature","properties":{"shapeName":"Xiayi County","shapeISO":"","shapeID":"62558664B51845134263380","shapeGroup":"CHN","shapeType":"ADM3"},"geometry":{"type":"Polygon","coordinates":[[[116.17643739986613,34.42979810040208],[116.17205030008131,34.42454889971202],[116.15747829988368,34.413440900077546],[116.13623829975779,34.40595640026771],[116.12516780005399,34.40610890010572],[116.11372380021328,34.4161223996291],[116.10733779979967,34.41814440024393],[116.09544379989154,34.41782740001457],[116.08373280032856,34.413230900285896],[116.043586799791,34.4129369002178],[115.99241629987239,34.41503139967938],[115.98925729988457,34.406925399987244],[115.98741929966104,34.373409400323624],[115.98169730019026,34.36556239998481],[115.97886630003973,34.346496400288686],[115.97672280011716,34.34005339994451],[115.97128280016113,34.33221039979014],[115.969962800443,34.32646189999673],[115.97113030032313,34.32142239962411],[115.98235329986494,34.307292900047344],[115.98355879969893,34.29835139959749],[115.9822312996348,34.293292900147264],[115.97707380011582,34.28590790042932],[115.96881080037815,34.282398399566546],[115.96087629960164,34.27544790010057],[115.95761879956797,34.26991640042161],[115.95661980026364,34.2614173996933],[115.95043179998765,34.24668140002666],[115.96082279983239,34.231624399946156],[115.96141830031434,34.227958399960244],[115.95954880043689,34.222663900418695],[115.95054629987192,34.212264900205014],[115.942016800435,34.209667400030526],[115.9235532997451,34.207446900154366],[115.9155807999141,34.20439539972796],[115.90326680042256,34.1941909003898],[115.89526380008442,34.19435139969738],[115.88757329976806,34.19221890028206],[115.88223279990382,34.17656689974268],[115.87410730021179,34.16387539992979],[115.87225330014974,34.157890400021984],[115.87322930019207,34.145969399768035],[115.87492380009337,34.143688399799885],[115.8917923000746,34.14016740020543],[115.8998488001821,34.135417899716344],[115.90574629965204,34.126292899797534],[115.91091929988579,34.1098173999531],[115.92475130013247,34.10626589985145],[115.9286728002096,34.10102089989465],[115.92872629997885,34.096431899612526],[115.92417879981178,34.08491890018712],[115.92814630021167,34.07577889957662],[115.92826080009593,34.066367899958664],[115.93112930017708,34.05698789997166],[115.93096179964743,34.047809400283654],[115.92727679968459,34.03263089999609],[115.91445919963246,34.012374900281486],[115.95223240010523,34.00925450009515],[115.9711074998113,33.996334100338515],[115.96943679956871,34.00843390020441],[115.96328730016887,34.016643400172825],[115.96349329977602,34.02307139982531],[115.965942300297,34.02584439999913],[115.97389980033563,34.02866339959627],[116.00034330030314,34.02933489998571],[116.01600629955112,34.0333594003161],[116.03394330024321,34.0323523997435],[116.0411297998005,34.0296554003765],[116.04390730018179,34.0269239003178],[116.04428080031869,34.017516899985026],[116.0473633003761,34.01387039999901],[116.05372629972896,34.01047489989679],[116.06697079986259,34.00873939990345],[116.0708238003781,34.009456399693136],[116.07244130032586,34.01222240044348],[116.07364630013672,34.02806489987529],[116.07803330009676,34.03176889981495],[116.08215330033465,34.032943900041005],[116.09021779991156,34.0254323998854],[116.10073830033241,34.020229400066796],[116.11251080003342,34.02811440035936],[116.1163023004109,34.035026399848505],[116.11444830034884,34.05589289983749],[116.12040729995704,34.06671889995732],[116.12696830034679,34.0727309002109],[116.1388013001399,34.07487890034105],[116.16555780015244,34.073913399883565],[116.18070980011726,34.074928399925795],[116.18563829986772,34.078403400096875],[116.1858292996825,34.088730399688245],[116.18743880016052,34.093101399809825],[116.1910093002391,34.095416899570296],[116.20897679963969,34.0893363997551],[116.22379280029759,34.10021589964413],[116.24649030018725,34.123065900271115],[116.25747679961466,34.127724400161014],[116.2751238004231,34.130576900403696],[116.28392029958218,34.134071399675406],[116.30927279960008,34.139029899909985],[116.31552880031393,34.15099689958731],[116.31881729997849,34.15399540026755],[116.3334123003375,34.15797440029837],[116.33701330002384,34.1577643996074],[116.35526279983844,34.15074539968049],[116.36961379973718,34.150817900325876],[116.37815080041912,34.15384290042954],[116.38909130042327,34.16835040035073],[116.39981080012842,34.175056400232734],[116.40918729995394,34.17647540001974],[116.42024980018823,34.17400340023676],[116.44064279992529,34.178687900426326],[116.45169080039022,34.17758539994628],[116.4651868004305,34.1829223996491],[116.47112279987732,34.189788899738005],[116.45900729964717,34.20241940033509],[116.4549408000779,34.219844899922236],[116.46027379959628,34.237247400247384],[116.45838179958048,34.24756240018468],[116.45316329994637,34.25605389966779],[116.45133980039157,34.27092790030241],[116.35800170041819,34.27371219955842],[116.36779790035291,34.2950935002649],[116.3579635997404,34.31798550013076],[116.29612730043459,34.34334949977966],[116.26490779965525,34.374370600223074],[116.20812229980436,34.38343429965323],[116.21042629993383,34.40455250009785],[116.17643739986613,34.42979810040208]]]}},{"type":"Feature","properties":{"shapeName":"Xiangfu District","shapeISO":"","shapeID":"62558664B97102578871373","shapeGroup":"CHN","shapeType":"ADM3"},"geometry":{"type":"Polygon","coordinates":[[[114.25294739960282,34.707750500385316],[114.25083080020136,34.71007050035337],[114.23695529974736,34.71065050012055],[114.23154619959746,34.706977200337576],[114.21884659959096,34.70678390005702],[114.21461339988855,34.70968379996742],[114.19838610033833,34.71471019991583],[114.18991970003424,34.71451689963527],[114.17674979956371,34.71741659989624],[114.16334459957363,34.71490350019644],[114.15381869987311,34.701850400075955],[114.1503302998035,34.68734929973044],[114.15460239968104,34.680909500073426],[114.15145269958248,34.67485029980156],[114.1530957996315,34.66589710007116],[114.15020829957348,34.66056130006399],[114.14300709969791,34.65503069970708],[114.14624209959334,34.6342180996856],[114.15005950044565,34.62947999990212],[114.15205470036415,34.61884720023818],[114.14272329974051,34.617851399822314],[114.14321849973408,34.61106739994062],[114.14685259986766,34.60747820025881],[114.14794280032004,34.603589699904774],[114.19536770035916,34.58219970005615],[114.20917719956822,34.5798060995719],[114.21626369990986,34.57651469959376],[114.22843789978936,34.57412090035933],[114.23879510041365,34.56469470040014],[114.2478802999359,34.56065460042953],[114.26096300034226,34.56200130011996],[114.27840670040894,34.55362130038276],[114.28040539958954,34.550029599686354],[114.28167729996744,34.532368100007886],[114.28531140010114,34.52518270032141],[114.2998477997362,34.512756499612806],[114.30711600000348,34.51125930017662],[114.31896079980118,34.51342039983166],[114.31961420043501,34.52347040013893],[114.32898009995176,34.531007200022316],[114.33486109956016,34.53190429984363],[114.33703919999914,34.527059400171254],[114.33486109956016,34.521675900122716],[114.33812819985656,34.51700980006228],[114.34967229963695,34.517368800429836],[114.35838469959424,34.526162199625844],[114.35773129985967,34.535672399861426],[114.36252309996121,34.5412344998723],[114.36252309996121,34.546616800225195],[114.3594738001758,34.551639899661666],[114.36034500042149,34.55415140036689],[114.3638300001544,34.55379259964883],[114.36426560027724,34.55863590032658],[114.38103710028201,34.55881529978632],[114.38866050038189,34.557021500342046],[114.39083869974627,34.552716300017266],[114.3875714996251,34.547155000402995],[114.39105650025738,34.540337400051044],[114.40194709957905,34.54105499968853],[114.41414450016862,34.53836380004941],[114.4198076003405,34.53495470039917],[114.42895570024541,34.53621069986394],[114.43679689995702,34.53944030022973],[114.44442030005689,34.53997850040753],[114.44507379961624,34.547513800221736],[114.44115319976038,34.55092230002418],[114.44289570007652,34.5677836998579],[114.43505439964088,34.56760440022293],[114.43265849959016,34.569577299652735],[114.43244069997843,34.575854400260425],[114.43701469956875,34.57854450002873],[114.44638069980954,34.57854450002873],[114.44855880024852,34.585538300052576],[114.45226159959316,34.58733149964905],[114.45879590001084,34.58625560021585],[114.45792469976516,34.59235219969429],[114.4631521998142,34.59396590000631],[114.46859739965032,34.59145559989605],[114.46663709972245,34.581234499972254],[114.47338929957652,34.57926190001672],[114.47317149996479,34.58464170025434],[114.47861679962568,34.58517969988327],[114.48275519999254,34.58195180013553],[114.48645800023655,34.583027800292825],[114.48885390028738,34.58051719980898],[114.49538829963035,34.585538300052576],[114.51804070031812,34.586434899850815],[114.53067379995593,34.59020049975334],[114.53677250025078,34.590021200118315],[114.53546560005748,34.584462399719996],[114.53742589998535,34.58105520033729],[114.54134659966587,34.57944119965168],[114.545267200421,34.582848399933766],[114.55005899962316,34.58213109977049],[114.55267280000976,34.57836520039376],[114.55550430018332,34.58105520033729],[114.56029620010963,34.57962050018597],[114.55920710042744,34.57208819961079],[114.56182089991466,34.56868050020495],[114.56378119984254,34.57137079962274],[114.56748400008655,34.57065339963475],[114.56944430001454,34.573881699580795],[114.5836019996326,34.57208819961079],[114.5949281999765,34.57406100011514],[114.60690789987973,34.57424039957482],[114.6088681998076,34.57621310025445],[114.61141149964101,34.592618399919274],[114.6297039996399,34.60083180024742],[114.63436029978811,34.60630689984362],[114.64899430014691,34.63887649975072],[114.64965949988607,34.64517000039524],[114.64234249970661,34.66486829993215],[114.63702099981936,34.67198040037522],[114.6323648003953,34.68702320016064],[114.63336250017926,34.693860000138955],[114.63735359968894,34.69714139965595],[114.63768619955852,34.700422700247486],[114.63169959975676,34.70507100002669],[114.63502550042654,34.717100700437015],[114.64500319973797,34.719014300369736],[114.6519876998725,34.72256810003785],[114.66396100020006,34.7217480999949],[114.67260839985784,34.719014300369736],[114.67659950026678,34.72338819990557],[114.69056829998715,34.72666849955169],[114.69455940039609,34.73104199978849],[114.7008786998922,34.74306789966391],[114.71032410037697,34.7512684001166],[114.69918379979254,34.75226960006205],[114.69023219995609,34.76126739987063],[114.69032309983129,34.76513330026165],[114.70283610040576,34.76837879974187],[114.7072828000612,34.77229579961153],[114.70846400021355,34.78175379959822],[114.71113140019406,34.783903799820564],[114.7173542995613,34.7827074002264],[114.72326819996749,34.78519770031369],[114.72414789970583,34.79096670015315],[114.72103890022515,34.793324100227096],[114.71406570007207,34.79500189971793],[114.71716329974652,34.80821990042813],[114.71697980027761,34.81509790014803],[114.722313299819,34.82437139972035],[114.7233963002991,34.83586490004518],[114.72003930017365,34.847045900348064],[114.72083279989386,34.849124899994194],[114.71440880042587,34.860252399628564],[114.70275589976507,34.893018700152936],[114.69100519963035,34.89706419965313],[114.67967240006124,34.905373000063946],[114.67180980008231,34.90901749995771],[114.6625198995738,34.927636700273524],[114.65943119959024,34.927785699950164],[114.64762439974629,34.92329169955235],[114.63397139966048,34.92768690043016],[114.63263809986847,34.925500599972736],[114.63609059990131,34.91906369973003],[114.63461510020682,34.9169129000104],[114.61537220026685,34.91539779956884],[114.59120560025826,34.91947340027724],[114.5698950995793,34.925955399722],[114.56667329993286,34.9258085997871],[114.54347540016965,34.90086759985991],[114.54004109971709,34.89966050013203],[114.53308710008969,34.905363600349915],[114.50642400006757,34.92158539964652],[114.4975710999264,34.922297099731395],[114.48694979989341,34.91920679985401],[114.48018150037603,34.921010400109935],[114.47055199967508,34.927354900408375],[114.44449999977519,34.92749989990051],[114.43564360037192,34.92379799987782],[114.42261050027446,34.90142580006068],[114.41502240036357,34.898798099752526],[114.41286849978155,34.8871609003553],[114.39499490039441,34.881373299837946],[114.39170239964608,34.87925110035803],[114.39099690038665,34.874813599867764],[114.39334870038226,34.87172649977822],[114.40698900024222,34.870568799810314],[114.40957599993249,34.86690260017491],[114.40934080023783,34.86285039982613],[114.4041668997827,34.85551729998343],[114.40534280023007,34.85107849997286],[114.41098700024997,34.84586739996058],[114.41310359965144,34.843165199814166],[114.41780719964265,34.843165199814166],[114.41945339965469,34.84509529960843],[114.42133490008564,34.8522363995902],[114.41827750010657,34.85551729998343],[114.42109970039087,34.85841200001386],[114.43920839964801,34.86014880042683],[114.44132499994885,34.85744710030349],[114.44626369980995,34.85686809968308],[114.44555819965126,34.85358739983866],[114.4422656998023,34.8522363995902],[114.4422656998023,34.84992049963142],[114.4603743999586,34.839304799676825],[114.46625390039719,34.83776059987184],[114.47495539967201,34.83119739974023],[114.47989420025715,34.83119739974023],[114.4834217999761,34.83718150032604],[114.48812539996732,34.839111799769796],[114.49612149980749,34.837567599964814],[114.49565110041806,34.83409299999198],[114.4984731999782,34.82907389984064],[114.49800290041355,34.824054500215084],[114.49541589982402,34.820000199949334],[114.48671429982517,34.81613869994112],[114.47683690010297,34.80378070021919],[114.46813530010411,34.803008300392776],[114.46601869980327,34.800497799733705],[114.46060959965337,34.799725399907345],[114.45872819994656,34.79566980012123],[114.45355419966666,34.79509040020184],[114.4495561996589,34.79064840040343],[114.44696929979341,34.783308800260954],[114.43873800025858,34.781377200397515],[114.43615110039298,34.77635489955901],[114.42603840025208,34.778286600146544],[114.42109970039087,34.775968600270744],[114.42086449979683,34.770559599945614],[114.41780719964265,34.76669580037094],[114.40669290025721,34.761864199873],[114.4045971003759,34.75491149976597],[114.42345150038648,34.7494996998513],[114.42580319965805,34.744475499644636],[114.43944360024204,34.727854600109765],[114.44203050010753,34.71992959977126],[114.44038430009539,34.71509679957768],[114.43403450009214,34.709877200072754],[114.42862539994235,34.70891049991968],[114.42086449979683,34.70485049975082],[114.39076169979262,34.70717049971881],[114.38676369978498,34.709103800200296],[114.38276569977734,34.71973619966593],[114.37947319992827,34.720316200332434],[114.37712139993278,34.71838310039982],[114.37665099964397,34.714130200148645],[114.37359370038905,34.710263799734605],[114.36371629976747,34.71084380040111],[114.36042379991852,34.72012290005182],[114.35548500023265,34.725535199989565],[114.34654830036379,34.72862780033279],[114.34396129977426,34.73442600025976],[114.341139200214,34.73635869999407],[114.3303209999143,34.73732499994884],[114.3253823000532,34.73481259992161],[114.31903240022518,34.72804790039032],[114.31550479960686,34.727468000447914],[114.30609770034869,34.69479629960961],[114.30256999990559,34.695182999995495],[114.30256999990559,34.6926693004479],[114.29974790034544,34.69228250023724],[114.29904230036198,34.68686799965849],[114.29527950004899,34.68667470027725],[114.29363320021207,34.68067960008352],[114.28892970004563,34.67739180009153],[114.27952250006342,34.67777860030219],[114.26070829974833,34.68667470027725],[114.2498901003479,34.68860840005766],[114.24847910003052,34.69344270032042],[114.25341779989162,34.70349710011112],[114.25294739960282,34.707750500385316]]]}},{"type":"Feature","properties":{"shapeName":"Xiangcheng County","shapeISO":"","shapeID":"62558664B53219758701283","shapeGroup":"CHN","shapeType":"ADM3"},"geometry":{"type":"Polygon","coordinates":[[[113.7265509999288,33.86372670032699],[113.70891220003807,33.854561099615125],[113.69164609988763,33.85766130012894],[113.68091309955992,33.86967359955702],[113.67811319976443,33.94519569992167],[113.66971350037784,33.95487320013814],[113.65384730021276,33.95913099989576],[113.62631480038783,33.961453300329595],[113.60764880025204,33.97499889977945],[113.60578209996402,34.01523590001682],[113.5894493000452,34.01639629974949],[113.56891659962139,34.01987740002204],[113.55725029996142,34.00788630031258],[113.53951760005725,34.00440470001695],[113.53391769974212,34.01214140030544],[113.53531769955225,34.03031990044309],[113.5273845999194,34.031093300315604],[113.51665159959168,34.01214140030544],[113.50498529993172,34.01136779988411],[113.48165269971241,34.02181130035126],[113.46345330022973,34.02181130035126],[113.45692009968286,34.01562270022748],[113.44432049979127,34.017556700381476],[113.43872070020018,34.0094336999054],[113.42378780026684,34.01407550028415],[113.4191213000081,33.99318529956196],[113.40696729980107,33.98830039984364],[113.40683730010142,33.9626538997577],[113.40425129955793,33.94457239959661],[113.38932780023788,33.93684390022588],[113.37964629983696,33.92909289981753],[113.37516029980804,33.91330740031634],[113.35906979973151,33.891837900398855],[113.3543398001417,33.881320900139485],[113.35649879987977,33.87169639966913],[113.37017830028844,33.85378640022225],[113.3739927999278,33.84461189981937],[113.3761367998735,33.836131899967256],[113.3730995995669,33.82576610002553],[113.37602229998924,33.8120879000366],[113.3863940003829,33.79788300040019],[113.3706972999405,33.7953908998702],[113.36032239975896,33.78716699995715],[113.37695329975509,33.77910990000191],[113.38217180028846,33.7781754000747],[113.39759029995241,33.77994940004481],[113.41050730027177,33.77967089979222],[113.43055730037918,33.77432239955914],[113.4385377996798,33.76938810008079],[113.44391330025871,33.761293099996635],[113.44385690017589,33.75163709987231],[113.45001699988472,33.7456062003659],[113.46093229998576,33.74328590002432],[113.48580519965026,33.74820409983937],[113.49730449970298,33.752793500319854],[113.50543069996684,33.75100870039125],[113.51355690023081,33.75202859993999],[113.52367630032109,33.75623540004375],[113.53226240038953,33.7568727999398],[113.53640220010152,33.75993210018635],[113.54299510034366,33.75164620011208],[113.54708419987594,33.75033290034315],[113.55109559978212,33.75006250028423],[113.55965580027498,33.752827099890794],[113.56421559957028,33.75208020034103],[113.57298670007617,33.756058700348774],[113.56805689990608,33.74148189957003],[113.57731019980599,33.737943599717426],[113.57839120019378,33.73308299968073],[113.58358249983257,33.73100490025598],[113.58285520010747,33.72689629982443],[113.57713030032312,33.7238830997253],[113.57571469997345,33.71930429955381],[113.5768898998491,33.71546920004357],[113.58022460038501,33.71223279990386],[113.6035048996315,33.70736979957667],[113.60200729999701,33.70317149986488],[113.59441500025207,33.69961610030282],[113.59210969970297,33.69653229982583],[113.59088770000744,33.6919229002217],[113.59349450007119,33.68881539991082],[113.60535739962438,33.695704499962744],[113.61583410036349,33.694640700008335],[113.62400089962193,33.69086570039184],[113.62841430007995,33.69103730003144],[113.63183779967483,33.69367979958315],[113.63431820002495,33.702052399698516],[113.63583479963631,33.702210200140655],[113.63847780011042,33.6993680996581],[113.63963269958947,33.69401469991851],[113.66337290043907,33.69893749976586],[113.69250009969994,33.69343980020665],[113.69998739999858,33.694553099745804],[113.70460699971329,33.71143210021131],[113.71168429999057,33.71098510028219],[113.71835129987267,33.69686460022115],[113.72180760044046,33.69677840020307],[113.72922490020903,33.6988304004027],[113.73812999969982,33.706309800157214],[113.73451290035018,33.71540390026985],[113.74960219958189,33.71480960038281],[113.75163889961561,33.72065519997756],[113.75385790032192,33.727023400109886],[113.74381710007913,33.740415499675635],[113.73985059972551,33.751474200274174],[113.74661699987473,33.778048100139756],[113.74498379956276,33.782120799635265],[113.73681729977864,33.789295900285595],[113.75525010031197,33.810429999844644],[113.75851669968597,33.82303040013289],[113.75361680017522,33.83252790014251],[113.72445110003832,33.8408616000828],[113.71931790020096,33.84551270035087],[113.7265509999288,33.86372670032699]]]}},{"type":"Feature","properties":{"shapeName":"Wuzhi County","shapeISO":"","shapeID":"62558664B23205576528185","shapeGroup":"CHN","shapeType":"ADM3"},"geometry":{"type":"Polygon","coordinates":[[[113.2143792004398,34.90861899956724],[113.22416720035608,34.90938719955966],[113.22773029991345,34.91997210043212],[113.23361350016296,34.92624179961939],[113.23310669981436,34.933260699721586],[113.24316759990484,34.944304700001965],[113.24865799966699,34.94796669980343],[113.28454869966276,34.958436000021436],[113.28853479984116,34.950557900226954],[113.30083140014904,34.938795599737205],[113.33413770039465,34.948453500129006],[113.3704338003796,34.97990309964837],[113.3772631000121,34.98267320040793],[113.40766269967389,34.98621870023288],[113.41704080029274,34.984349900027894],[113.42818479978871,34.985054099766955],[113.44574389996103,34.97986890022963],[113.44958780023683,34.97037970006318],[113.45341960013445,34.96810759978598],[113.46806050009207,34.96504909993604],[113.47959050030136,34.95798070024915],[113.48793579969742,34.95906710016658],[113.4982999997452,34.96459730032518],[113.50365800041641,34.96745610031883],[113.51393699959294,34.96713149991882],[113.54931070002885,34.957315700159484],[113.55655830042531,34.95968550008581],[113.56268639955772,34.95631019965606],[113.57469180028636,34.963168899924824],[113.57920829992315,34.97001239985241],[113.58901980002383,34.97682940035662],[113.60106679979299,34.98271940038006],[113.61255629993332,34.99066940007282],[113.61932379995346,34.99864189990382],[113.62843330005683,35.0203438997512],[113.62776930001326,35.042094900059624],[113.62863180021748,35.04483389956488],[113.6178513003972,35.0586319000422],[113.61318180000012,35.06826790014355],[113.59768680040554,35.12237539970499],[113.59240779978018,35.12789889991433],[113.58601379989705,35.1302183998593],[113.57568380016733,35.13119139976334],[113.5695188000526,35.13007739965235],[113.56002029999695,35.1314959003156],[113.55310080016181,35.140228400120634],[113.53500380018534,35.15039040019684],[113.52866380009436,35.162780899618895],[113.52062279980248,35.17312239987888],[113.51505330016971,35.175891899891326],[113.50578329985944,35.169524900353906],[113.5075544004153,35.16471339970366],[113.48145340005442,35.16115750011858],[113.4792610003949,35.15433119972516],[113.47382330000539,35.15730639987049],[113.46117630044591,35.15815540035152],[113.4592677996693,35.15402129964332],[113.45243070021672,35.15304910013589],[113.45109300004196,35.146304200078816],[113.44559359986476,35.14648649985213],[113.44470179974837,35.150071700248816],[113.43920239957117,35.152441500175144],[113.43548659962698,35.162892000065824],[113.43080470027678,35.16270970029251],[113.43199370024911,35.151043899756246],[113.43529540016266,35.14559309984173],[113.4363040995546,35.13889029974757],[113.43370300029324,35.138282599962054],[113.4275346996667,35.14557500008624],[113.4275346996667,35.153170600343],[113.42441349998307,35.159185900209195],[113.42151510014185,35.158942799970305],[113.41995450030004,35.14995020004176],[113.41267369963157,35.1492271001506],[113.41326820006748,35.142907299732144],[113.40702560015143,35.14242110015368],[113.4061338998597,35.145945699734284],[113.39991670039547,35.14021019964105],[113.3924315000138,35.139739400053315],[113.38868880044788,35.13220539975947],[113.3835066999743,35.1299685996712],[113.37285459995985,35.13126360003514],[113.37055150005176,35.13350030029869],[113.36810439979831,35.13338259972727],[113.36968780015195,35.130910400294795],[113.36551330009877,35.12349330017571],[113.35874780017093,35.12337559960429],[113.35831589985901,35.121845000246594],[113.35068670003125,35.1219626999187],[113.34996699957742,35.1249061998613],[113.34377729958283,35.12808490039788],[113.33514040040916,35.12573029991347],[113.33211750022247,35.12655439996564],[113.33197359970188,35.12478840036442],[113.32621570019444,35.124670699793],[113.32405649990756,35.12290470019184],[113.31153299974824,35.12396430031225],[113.31124509978156,35.121020800369706],[113.30462360019908,35.125965799981714],[113.29613069957225,35.12667220036178],[113.29497909970576,35.13455979969507],[113.29022879971944,35.13385350003904],[113.28934829958439,35.12685500015817],[113.26307790022497,35.12926849994136],[113.26041479990317,35.13015140036691],[113.25962309972635,35.1335066000496],[113.24933090030083,35.13839189996628],[113.23767119986599,35.1407462000771],[113.23378459977948,35.140275299765335],[113.20443619967091,35.13326490005517],[113.20371650011646,35.13079269972337],[113.18543520027436,35.126789900033884],[113.18514730030768,35.12396430031225],[113.18759439966186,35.12384649991611],[113.18617610044669,35.11525670003675],[113.17131530006111,35.11417430030377],[113.17202779964327,35.11017759981644],[113.16907599985757,35.1085123000027],[113.1698902999974,35.1012676997446],[113.16991869968831,35.09931719972906],[113.1673963000992,35.0991451998911],[113.16750140026943,35.09106199981147],[113.17065439998066,35.090373999560484],[113.17085230029352,35.08122279969251],[113.16298629997777,35.07447789963544],[113.16148530000669,35.06529289964766],[113.1497892004113,35.05101550026518],[113.15580710021754,35.047848200434146],[113.1629103000704,35.04197289982949],[113.16790029995889,35.030746400126304],[113.16673280007876,35.00877390039523],[113.16795290040614,35.00329329964609],[113.16274409996026,34.99643999980617],[113.16665580012511,34.98176190029153],[113.17053980027163,34.974429900319706],[113.17933590013172,34.97420120002539],[113.18335030017624,34.96616340042067],[113.19171439989975,34.967661300428745],[113.19447329960315,34.95309040010193],[113.20094809997488,34.935468799745365],[113.20636469957128,34.93608130011194],[113.2123728003645,34.925301599789066],[113.2143792004398,34.90861899956724]]]}},{"type":"Feature","properties":{"shapeName":"Wuyang County","shapeISO":"","shapeID":"62558664B88190578940919","shapeGroup":"CHN","shapeType":"ADM3"},"geometry":{"type":"Polygon","coordinates":[[[113.85026840006662,33.613149899947985],[113.84121510039665,33.610819699869296],[113.83544980036811,33.61032299980667],[113.82833690042764,33.612294700440145],[113.82502999973474,33.61087729964771],[113.82404929983534,33.60420190009768],[113.82266689975768,33.601115100381605],[113.82022569995615,33.5998902003725],[113.8140195000999,33.60327100015661],[113.81181359981781,33.608439799657106],[113.80657810029913,33.61407369974148],[113.79266760002974,33.62154729976811],[113.78965220018893,33.62643900015979],[113.78890920009951,33.63322800027203],[113.79082260038274,33.64216279987335],[113.78757819987413,33.64793970025704],[113.77826060024654,33.65417240043598],[113.7679447999127,33.65694229974741],[113.76195500032304,33.66691320018407],[113.75513320013715,33.67369829993663],[113.7536358001521,33.69460420012376],[113.75097360005168,33.698757100260025],[113.75280390027979,33.70360190010763],[113.74930980030706,33.70803109985542],[113.74960219958189,33.71480960038281],[113.73451290035018,33.71540390026985],[113.73812999969982,33.706309800157214],[113.72922490020903,33.6988304004027],[113.72180760044046,33.69677840020307],[113.71835129987267,33.69686460022115],[113.71168429999057,33.71098510028219],[113.70460699971329,33.71143210021131],[113.69998739999858,33.694553099745804],[113.69250009969994,33.69343980020665],[113.66337290043907,33.69893749976586],[113.63963269958947,33.69401469991851],[113.63847780011042,33.6993680996581],[113.63583479963631,33.702210200140655],[113.63431820002495,33.702052399698516],[113.63183779967483,33.69367979958315],[113.62841430007995,33.69103730003144],[113.62400089962193,33.69086570039184],[113.61583410036349,33.694640700008335],[113.60535739962438,33.695704499962744],[113.59349450007119,33.68881539991082],[113.59088770000744,33.6919229002217],[113.59210969970297,33.69653229982583],[113.59441500025207,33.69961610030282],[113.60200729999701,33.70317149986488],[113.6035048996315,33.70736979957667],[113.58022460038501,33.71223279990386],[113.57752679972214,33.70587560027877],[113.57964800005527,33.70054850031312],[113.57618389966729,33.689846700165106],[113.57917780031528,33.674247899920715],[113.58512130010797,33.66093440020245],[113.59084329957864,33.65357589990788],[113.61325079958476,33.63971340005344],[113.6181793002346,33.638084399575405],[113.62145230008366,33.63486090021041],[113.62225330014974,33.63073339962676],[113.61557779987561,33.6216123998924],[113.59436780023384,33.612338900320026],[113.55024729987304,33.58531589970903],[113.54113779976967,33.57803340022127],[113.53946680005288,33.574607899634884],[113.539367799984,33.55994789987574],[113.53533930036849,33.53294740030236],[113.53057880027143,33.51854339975813],[113.53069139988827,33.50519800018759],[113.51901230017756,33.51195890008324],[113.501159799785,33.507461400423324],[113.49153130002958,33.50223939972858],[113.48815129974275,33.49860390024986],[113.49108330005436,33.488886999835245],[113.46964340042268,33.502746700100204],[113.47316580026154,33.48539840011614],[113.46550729962223,33.464886400287185],[113.4667967997326,33.443794399791784],[113.45989229968995,33.439399900385126],[113.45987679987445,33.437343399977976],[113.45336179980723,33.43394329984346],[113.45544459998837,33.42977539991483],[113.46139700037133,33.427136000326186],[113.47956509984954,33.42457750015154],[113.49536040016244,33.416760699946394],[113.51285969991523,33.41375579969048],[113.51842060023057,33.4220944000366],[113.54270589995735,33.422802900333636],[113.54618850029908,33.410750199761935],[113.57520619990623,33.40959180012152],[113.6177903002822,33.41483689990304],[113.63510129998508,33.425060400117445],[113.67182980030509,33.42213440008254],[113.68036630006475,33.41161739982317],[113.69264229960254,33.42329789977828],[113.70393379960524,33.429408900100725],[113.71930679986895,33.434352899666635],[113.75272380036313,33.432071899698485],[113.79585279996684,33.44299689988708],[113.80357379989107,33.44820790007458],[113.795256300338,33.4568932996861],[113.78959920044281,33.466609799902415],[113.78876729967124,33.47452100014408],[113.7867707004076,33.477851800320366],[113.7872697998614,33.483264100258054],[113.79109670025252,33.48645579959555],[113.79126310001209,33.50060890008075],[113.7938528003665,33.50467560019882],[113.81297239965659,33.50165770024273],[113.81961969988924,33.50214820037917],[113.83238490004317,33.50710240005577],[113.83420850032212,33.511761999816486],[113.85667989985757,33.521914199980415],[113.85750349988666,33.5248075995911],[113.85400420003384,33.52787309976378],[113.8565120998536,33.53031550016027],[113.85915580000028,33.53953950014784],[113.84996710020152,33.55266500018968],[113.85114370032159,33.56021429975016],[113.84502580040044,33.56384169993453],[113.8491435999972,33.56903739995607],[113.84973179978283,33.574330900350844],[113.84608469994896,33.581976299666565],[113.84879059990635,33.587072999619295],[113.84820240012073,33.59746129969926],[113.85162260010293,33.60048519993211],[113.85317230016153,33.61008349955392],[113.85026840006662,33.613149899947985]]]}},{"type":"Feature","properties":{"shapeName":"Sui County","shapeISO":"","shapeID":"62558664B87249492502532","shapeGroup":"CHN","shapeType":"ADM3"},"geometry":{"type":"Polygon","coordinates":[[[115.16094179972436,34.254062399560155],[115.15895829998567,34.25609989999043],[115.1588592999168,34.26114639978658],[115.16255979969503,34.26923390042424],[115.16771680009026,34.27320890027056],[115.17552929973749,34.28342039993157],[115.16323830040733,34.302745899903414],[115.16046130004906,34.329784900352934],[115.16253680043303,34.336468400096635],[115.16735829974584,34.343879900137324],[115.1785122997029,34.35299689968724],[115.18417379998095,34.36019139961343],[115.19177229965192,34.39403540001376],[115.19409929994276,34.41563789976931],[115.18421930028057,34.451518899677524],[115.1469268000319,34.49938940030063],[115.14349379999896,34.51815389958284],[115.14807179977379,34.53703689983314],[115.12045279955714,34.53226490010513],[115.10959629982949,34.53393539979891],[115.10288979992436,34.53681939969562],[115.08334329965362,34.556022400313566],[115.063461300099,34.56443389970474],[115.03412629988884,34.56145089973927],[115.02478029967119,34.55809040035177],[115.00834629994188,34.54911039992504],[115.00361630035206,34.549724400360844],[114.98396279964356,34.560649899673194],[114.9506838001173,34.56034089981273],[114.93226629975004,34.56462490041889],[114.91652679967217,34.5733139000165],[114.91015629997332,34.57343690029279],[114.90405279999675,34.569930899591384],[114.90544130017588,34.55825039963628],[114.91287230021658,34.537723400014954],[114.91136930015318,34.5195694001078],[114.90772230014409,34.509643400122854],[114.90791329995886,34.50161739962334],[114.91094979969353,34.490653900357245],[114.90940829965336,34.485580400215326],[114.90081029975556,34.474418399889316],[114.89375279985188,34.46856289965814],[114.88583379979013,34.46429839995125],[114.86521130026131,34.45751890027708],[114.85812379987351,34.45303739955642],[114.85489680034709,34.44908089966384],[114.84725879975383,34.42187489960696],[114.85138680036061,34.41138839985484],[114.8644407998031,34.398532899673626],[114.86875930020165,34.391952400183186],[114.87116979984648,34.38373539986884],[114.87016280017315,34.37981389979171],[114.85489680034709,34.35866939957316],[114.85151680006038,34.34989140036788],[114.85066979967155,34.339778899876364],[114.85250079957234,34.332698899834384],[114.85574329981353,34.32495089956444],[114.86403630003531,34.31316390009397],[114.87394730022777,34.30369539962305],[114.89756780041375,34.287578400123095],[114.90373979995184,34.28378289956123],[114.92532329973051,34.283229900139816],[114.9555892997065,34.265373399562804],[114.97161879966791,34.26540740023137],[114.98410029968909,34.251384900193045],[114.9949032996476,34.25064090005753],[115.00314330012327,34.25238390039675],[115.01447280007972,34.25256339968121],[115.02258279995635,34.2485619004114],[115.03269979975596,34.240691899911326],[115.04884329957872,34.22327789995518],[115.05190280037402,34.22217939965964],[115.06784880008217,34.22541439955495],[115.08110029963916,34.22562040006147],[115.0899962997895,34.22277440011851],[115.10234830013405,34.21378690024528],[115.10900879971643,34.21450440005805],[115.1136778000905,34.2159499001678],[115.12619780008845,34.22463240036501],[115.14102180021598,34.22875589986495],[115.14975730015931,34.23370339959229],[115.15728780029178,34.24368290024569],[115.16094179972436,34.254062399560155]]]}},{"type":"Feature","properties":{"shapeName":"Song County","shapeISO":"","shapeID":"62558664B19697991036868","shapeGroup":"CHN","shapeType":"ADM3"},"geometry":{"type":"Polygon","coordinates":[[[111.80341380010685,33.65875639958824],[111.81342330034511,33.65452939981202],[111.81761929959106,33.648155399951804],[111.82161729959876,33.63582239958413],[111.8217157996445,33.607887400083484],[111.8237077997752,33.602405399989266],[111.82951330039856,33.599483400138865],[111.83748630025264,33.59749240005425],[111.8580398001967,33.600883399949],[111.86654680039459,33.600955899695066],[111.8786698000713,33.59785439966089],[111.89331029983055,33.59042339962025],[111.91052230036394,33.57385239986843],[111.91520679965413,33.57228839968997],[111.9242627999883,33.57282240003377],[111.99928279986136,33.58807740025185],[112.00527930029955,33.59201440014448],[112.00771330012878,33.59569539992282],[112.00624079967326,33.604159899959484],[112.00887279964002,33.61517339973267],[112.01866129957932,33.62394689962974],[112.02604680021966,33.62606440015202],[112.03238680031063,33.62382140013756],[112.04042829972627,33.61632139961296],[112.04556279998326,33.59895690014088],[112.06034830013402,33.57547390000053],[112.06915279966199,33.57347490044634],[112.07597330032763,33.57718589980948],[112.08026879966542,33.58660489979633],[112.07801830020446,33.619338900270066],[112.0699307995668,33.63096240029461],[112.0621793000347,33.637088900432445],[112.06069930013268,33.64761340013837],[112.06777179982873,33.654537400180914],[112.09845730026427,33.662761899941756],[112.1143187996729,33.67020040032827],[112.12467929990987,33.6782838998821],[112.13552830019091,33.69301240010225],[112.14411929976598,33.71504990013284],[112.15231329991889,33.721515399716],[112.16246030020272,33.72318240014772],[112.17159279956809,33.71705990019427],[112.17307280036948,33.704700400403226],[112.17888580043939,33.700156900420666],[112.19558779993713,33.70713040004796],[112.20870979981748,33.71545039971625],[112.23670180014801,33.721111399971164],[112.2435227999373,33.727104900271],[112.25026679977304,33.742027400444215],[112.25718729965422,33.77160640021526],[112.2597807996442,33.791774900391374],[112.26302329988539,33.7993468997397],[112.26737980023768,33.80440890025062],[112.27835880021848,33.8079068996837],[112.27411629972755,33.8229944002714],[112.27050779969522,33.82732789956299],[112.21823880038039,33.82428390038177],[112.21044929999528,33.83362939967708],[112.20649730031028,33.84436790025842],[112.20604680021972,33.86520389974021],[112.2015608001908,33.87479390041824],[112.20173630019019,33.88510140000966],[112.2144622997954,33.91219690036672],[112.21518679993096,33.92296589965662],[112.20414729985805,33.95679090008002],[112.20797730021229,33.96116640040913],[112.22416680035758,33.96950540005423],[112.23261280044039,33.98237590002782],[112.23999830018147,33.98974589995339],[112.26226029977306,33.99903090005603],[112.2679823001431,34.00707639965617],[112.27171330042859,34.024040400444164],[112.27718329996935,34.030025400351974],[112.28295129976277,34.03326390040871],[112.2928772997476,34.03445789971238],[112.30117029996939,34.03266889994984],[112.31611630032705,34.02427689965924],[112.32469180008661,34.0227129003801],[112.33650980008724,34.02872839989578],[112.34171279990585,34.035163899894144],[112.34056830018699,34.04042489968941],[112.33447279968004,34.04428839978988],[112.32398229974342,34.04446389978921],[112.32335679967662,34.053164899940214],[112.327461300099,34.05982590044499],[112.3293378002993,34.06716139967892],[112.30362679993698,34.10985189974542],[112.3038328004435,34.11901489961798],[112.32116680030765,34.12688840027948],[112.33071880013256,34.14364989982306],[112.3343123003724,34.14344040005449],[112.34451280042549,34.14646540015815],[112.35027329987292,34.15221790013601],[112.35024280026505,34.15702839984084],[112.34353630036003,34.16821689959028],[112.33957680032916,34.17987440028338],[112.34422279964258,34.18882740036429],[112.3621218003808,34.19829940009731],[112.36618779992705,34.20976640009934],[112.3638688000052,34.2257844004298],[112.35088330012422,34.224578899696496],[112.34311679990049,34.22591790029094],[112.33146679955325,34.23227290017428],[112.32395180013555,34.23887639982604],[112.31619280025757,34.24112690018637],[112.29795830023545,34.23897189973343],[112.27194230019711,34.240669399773026],[112.25315830001557,34.23850239966606],[112.24401830030433,34.24005490021352],[112.23513029962373,34.244128900128715],[112.23204730044267,34.24914540034001],[112.23362779958336,34.25808739991362],[112.24047080038724,34.2670553997869],[112.26606729996593,34.28459940034213],[112.27291880026246,34.29242339962025],[112.27034780041072,34.30317289980951],[112.26225280032656,34.3120574003288],[112.25173930022856,34.310855899779995],[112.23850230044093,34.30505740037876],[112.21385929986684,34.306289399636114],[112.19998929966653,34.309184900063144],[112.18945330032966,34.311637899869254],[112.18219730026522,34.31777589963809],[112.17552930033696,34.320941899948764],[112.16443629959565,34.322704400287876],[112.14862829995616,34.32125089980923],[112.1237108002133,34.32634339992802],[112.10282880040893,34.323451899685494],[112.07894879994717,34.310104400197986],[112.07071679984051,34.310176899944054],[112.05962379999846,34.31330490030098],[112.05209329986599,34.31737089984722],[112.04512030026171,34.323043899756215],[112.03526279983839,34.33946239967008],[112.0302122998578,34.3449174003178],[112.02187330021275,34.34737789957046],[112.01579280039743,34.3461869004052],[112.00591279983587,34.33855440006556],[111.99434679976508,34.33297289987945],[111.96868880004814,34.324760399772686],[111.93553930019863,34.31877139968043],[111.92726880011509,34.31572739959984],[111.91795330040458,34.308551899650524],[111.90183279984387,34.29078689969572],[111.88616180022694,34.2819518996605],[111.87761680007532,34.27981540006073],[111.86958330012925,34.2806624004495],[111.84314729960823,34.29142440031586],[111.83070380044012,34.291770900107],[111.81774079979812,34.28753289982353],[111.81121029991544,34.27923190013212],[111.81089729987053,34.27385689957629],[111.80837230034143,34.2640913997983],[111.79799630028907,34.253921400252466],[111.77568830037484,34.24638339977412],[111.7621762995966,34.24327889960159],[111.74781780025137,34.24199689983709],[111.73845680024118,34.23824290028966],[111.71370680012876,34.20914440019396],[111.70857980021765,34.20085139997218],[111.70416369999481,34.18469009986825],[111.71766680018277,34.17316040003249],[111.72644030007984,34.14922339964022],[111.73317729959274,34.139060900440256],[111.73718279994631,34.12915789971737],[111.73911229989278,34.110103399652246],[111.74716930002324,34.095111899894334],[111.76242830042577,34.08256889973501],[111.77159879974488,34.06894289999491],[111.77980779969027,34.04660789973485],[111.78135680007631,34.021362400154715],[111.78588080005892,34.010307400266356],[111.78991680002036,34.0040704004287],[111.80374930029006,33.989929400321614],[111.81128679984602,33.97838190020457],[111.8128432996786,33.97148489960847],[111.81192030028171,33.965762900137804],[111.8088223004089,33.96097939987948],[111.80841080031826,33.952499400027364],[111.80310080006194,33.94728090039331],[111.78707130010048,33.942638400341934],[111.7864607998261,33.93851489994273],[111.79519629976949,33.93406689986756],[111.8037182997598,33.93328489977836],[111.81369030006738,33.937762900337646],[111.82566830025189,33.94703289974859],[111.83197779983567,33.927924899914274],[111.83882129976325,33.92555590038455],[111.85265330000988,33.92998889976798],[111.87212380037317,33.94329840020106],[111.88456730044061,33.947284899678436],[111.90352579967595,33.94477089975726],[111.93704230026202,33.92419040036674],[111.96595780001252,33.92544539978542],[111.97811879964297,33.91268140022652],[111.97994230009715,33.906925400087175],[111.99510180040784,33.892516900234796],[112.01975230042842,33.886474400373345],[112.03101329992387,33.86981940034508],[112.03295130026231,33.85557189982336],[112.01735679967658,33.844302899958905],[111.98174280039001,33.835574900361394],[111.9744567998415,33.82809890004427],[111.97232030024173,33.79922490040889],[111.96820830037285,33.78345089963938],[111.96481330029366,33.777297900078054],[111.95208729978913,33.77263590002684],[111.94416829972732,33.775485900154194],[111.93261730034817,33.77424989981307],[111.91381080002844,33.766673400257275],[111.89604229991227,33.77192689970673],[111.87612929982737,33.78041439990466],[111.86678329960966,33.78052140034242],[111.86068729997896,33.7771528996866],[111.84619880003464,33.76378240003777],[111.83643330025666,33.754260899820736],[111.83660880025599,33.747836900352695],[111.85339379998396,33.73182290020674],[111.8562012999501,33.71871940028018],[111.8477628002131,33.705741899868826],[111.82425679991144,33.67664339977313],[111.80341380010685,33.65875639958824]]]}},{"type":"Feature","properties":{"shapeName":"Shunhe Hui District","shapeISO":"","shapeID":"62558664B54225464033186","shapeGroup":"CHN","shapeType":"ADM3"},"geometry":{"type":"Polygon","coordinates":[[[114.35265500012827,34.78184010034039],[114.36114820022931,34.78073740021091],[114.36430139958998,34.775472699705404],[114.37253570016253,34.767764300182364],[114.38802659974783,34.76011749972287],[114.39342620035893,34.758274000145036],[114.40038930022604,34.76906670016814],[114.40440759973103,34.76284250038111],[114.40669290025721,34.761864199873],[114.41780719964265,34.76669580037094],[114.42086449979683,34.770559599945614],[114.42109970039087,34.775968600270744],[114.42603840025208,34.778286600146544],[114.43615110039298,34.77635489955901],[114.43873800025858,34.781377200397515],[114.44696929979341,34.783308800260954],[114.4495561996589,34.79064840040343],[114.45355419966666,34.79509040020184],[114.45872819994656,34.79566980012123],[114.46060959965337,34.799725399907345],[114.46601869980327,34.800497799733705],[114.46813530010411,34.803008300392776],[114.47683690010297,34.80378070021919],[114.48671429982517,34.81613869994112],[114.49541589982402,34.820000199949334],[114.49800290041355,34.824054500215084],[114.4984731999782,34.82907389984064],[114.49565110041806,34.83409299999198],[114.49612149980749,34.837567599964814],[114.48812539996732,34.839111799769796],[114.4834217999761,34.83718150032604],[114.47989420025715,34.83119739974023],[114.47495539967201,34.83119739974023],[114.46625390039719,34.83776059987184],[114.4603743999586,34.839304799676825],[114.4422656998023,34.84992049963142],[114.4422656998023,34.8522363995902],[114.44555819965126,34.85358739983866],[114.44626369980995,34.85686809968308],[114.44132499994885,34.85744710030349],[114.43920839964801,34.86014880042683],[114.42109970039087,34.85841200001386],[114.41827750010657,34.85551729998343],[114.42133490008564,34.8522363995902],[114.41945339965469,34.84509529960843],[114.41780719964265,34.843165199814166],[114.41310359965144,34.843165199814166],[114.41098700024997,34.84586739996058],[114.39797299995405,34.83794909957135],[114.3975697997065,34.83430900006033],[114.40523009988931,34.827910800343204],[114.4083212001633,34.82073969987732],[114.40563330013674,34.81334740036226],[114.39004379978155,34.806506200001195],[114.38198030025069,34.80694750002715],[114.37687340018738,34.808713100329385],[114.369884999693,34.816657499943744],[114.36303100018063,34.818753799848025],[114.35832730036464,34.8186434997977],[114.35456430040222,34.81400940031364],[114.3557738004206,34.80959580020607],[114.35477470039223,34.79727480039179],[114.35265500012827,34.78184010034039]]]}},{"type":"Feature","properties":{"shapeName":"Xun County","shapeISO":"","shapeID":"62558664B13187464004173","shapeGroup":"CHN","shapeType":"ADM3"},"geometry":{"type":"Polygon","coordinates":[[[114.70510879963149,35.69416439976726],[114.71443930003375,35.70259089985018],[114.74095929993177,35.74159639995395],[114.7405472998181,35.75718290017073],[114.7334522999837,35.770126399913465],[114.71852130031778,35.781554899938726],[114.69840229972647,35.78669340038016],[114.69802130014295,35.78806699969232],[114.69142000023294,35.790221299573375],[114.67966780002905,35.78983360004065],[114.67560150010922,35.7860851996723],[114.671558999848,35.78477330014772],[114.66264640001145,35.78661009977634],[114.65870759967606,35.7921077004101],[114.63176059987188,35.79939770024373],[114.62353090023089,35.79856049976729],[114.60497839993332,35.81368750037791],[114.60609509980907,35.82116060038146],[114.60341760044196,35.82661159994541],[114.58992020015717,35.82756819981262],[114.5896612997293,35.836135499553734],[114.5872996998213,35.839534800190904],[114.58454089994268,35.83978170006543],[114.5851218997559,35.841618600418144],[114.58376850011621,35.84198140042133],[114.5793699996259,35.841268300092054],[114.57304510005133,35.83680010034442],[114.57014510031615,35.83898310028991],[114.55951889987739,35.83777949982414],[114.55356400027847,35.832293500444734],[114.554456300418,35.82846490033495],[114.5486025997302,35.82462450022058],[114.54559909971874,35.82462450022058],[114.54642769997838,35.82747960040331],[114.54207769992593,35.82932700034087],[114.54228490012815,35.83226590025117],[114.53752070022017,35.832601899558085],[114.53389570032641,35.83067050024346],[114.52654230008716,35.83218189997473],[114.5243672996113,35.83612829958139],[114.51349249957923,35.834700999951224],[114.4997176998121,35.83881519956185],[114.49018929999625,35.83629620030945],[114.48418220014844,35.83923489967094],[114.48055730007934,35.83192999986966],[114.4771395003877,35.83008279958159],[114.47786439982224,35.825800200119204],[114.44254710036842,35.83050260041472],[114.43964719955864,35.83310559994351],[114.4400615001382,35.828907200407],[114.43736869970576,35.827983399714185],[114.43716150040302,35.82647190015814],[114.43954360035696,35.82622000005301],[114.43923289987845,35.8165624000348],[114.43332940013181,35.81731839982433],[114.43270800007417,35.819921699726706],[114.42887589980296,35.81866199955169],[114.42877240042606,35.82118139990172],[114.42110819988363,35.82336480004551],[114.4207975003045,35.82538030036062],[114.41810469987206,35.823784699804094],[114.41168330034407,35.823784699804094],[114.40919770011385,35.822273100423274],[114.41044050022902,35.82034160038461],[114.40805840027497,35.819165899586665],[114.40432990010481,35.82025760010822],[114.40215489962895,35.819333800314666],[114.40515839964053,35.81899789993321],[114.40526199974158,35.81723440044726],[114.40101569961496,35.81731839982433],[114.40008350015341,35.81429489978984],[114.39687480003204,35.81387009962543],[114.39894909982115,35.811604899846316],[114.39865060044497,35.80740929989935],[114.40073999985123,35.80740929989935],[114.40123739958642,35.80329420006734],[114.40402319981092,35.79942090005454],[114.39616329959665,35.796354399835764],[114.39556639976956,35.79110880003117],[114.3934770003633,35.78836490012009],[114.3907907002307,35.78909119979909],[114.38502020032206,35.78763849971705],[114.38133899999491,35.78311880029247],[114.38203539991389,35.77319059966652],[114.38113999981124,35.768427800002996],[114.37934909978117,35.76762060001073],[114.38014499979192,35.761808000139126],[114.37656329955666,35.75349199975602],[114.38104049971935,35.750100700387065],[114.38273179983275,35.74614409977045],[114.37815520030233,35.737826500392714],[114.37497139971038,35.73758419965117],[114.37337959968886,35.73411149994581],[114.37039480017995,35.73403080018136],[114.37029530008806,35.73120409968948],[114.36760899995545,35.73185019962705],[114.3652212000984,35.73031569990968],[114.35775920042681,35.73185019962705],[114.35686380032416,35.72966950014734],[114.35437650037522,35.73112330010025],[114.35308309990523,35.721350200151676],[114.35527189957861,35.72078479997856],[114.35596840022151,35.71609969994125],[114.35308309990523,35.71020249994547],[114.35676430023238,35.70325460041954],[114.35835620007867,35.70309300034177],[114.35905259999754,35.699538099903464],[114.35666480014049,35.69662930030199],[114.35925160018121,35.69234679976506],[114.35905259999754,35.685801499739455],[114.36193790031393,35.68103350019595],[114.35974909974118,35.67020349989167],[114.3565653000486,35.66640459989242],[114.35666480014049,35.658240299850036],[114.35566989994595,35.65630009976985],[114.35208819971069,35.65573430029775],[114.35288409972145,35.651853800312665],[114.34970030002887,35.648296499583864],[114.34810850000736,35.640696400018896],[114.32701610021297,35.64150500025562],[114.32622010037744,35.6449007998321],[114.3239317997128,35.6458710001466],[114.31597240030612,35.64449660043783],[114.31388309982526,35.64999429999699],[114.31149520014344,35.65031769980203],[114.31239070007086,35.6549257998858],[114.315375399755,35.6549257998858],[114.315375399755,35.6576743996539],[114.31030129976523,35.65872529973285],[114.30701809980553,35.657270200259575],[114.29040280034906,35.65573430029775],[114.2892463000768,35.64041710026902],[114.29718819957577,35.63871219970832],[114.29688849960462,35.63603289989845],[114.29958580024459,35.63518040015538],[114.29928610027332,35.63067409972996],[114.29084279995527,35.62746219982074],[114.29055270024696,35.62439649999851],[114.29432430042618,35.62333529998415],[114.29461440013449,35.62038729983408],[114.29316379996942,35.61873649978969],[114.28692620028403,35.617321400362414],[114.28620089975175,35.61555250044756],[114.28910210008189,35.61036360020006],[114.28808669984141,35.60800489970643],[114.28242929957253,35.60599989987554],[114.2769170004193,35.59491269976132],[114.27009909969377,35.58984040021437],[114.26922869984469,35.584531800202456],[114.26531210017333,35.5795768001293],[114.25733369989041,35.57462149968251],[114.25733369989041,35.57214379999641],[114.26313609965132,35.56305799972694],[114.26052499992886,35.556803499981584],[114.26429660010808,35.55373510039465],[114.25965469990456,35.53508619996819],[114.25559300001703,35.5330793996946],[114.2570436001821,35.525760099948684],[114.26168550038562,35.52221829993465],[114.26110530006963,35.51855820040066],[114.26400650039977,35.517023299585674],[114.27125960015053,35.51903050005757],[114.27256510009931,35.51324489963247],[114.27561139974637,35.51218220044825],[114.28097870030683,35.51489800014264],[114.28475029958668,35.51300869989166],[114.28518550041053,35.506632299740886],[114.28257439978881,35.497184800238415],[114.27793239976052,35.49564950012439],[114.27749719983592,35.49033470018634],[114.27430589979747,35.48927159990444],[114.269069800431,35.49022290006684],[114.26788610016342,35.485512299752884],[114.27069670009269,35.48185919964243],[114.26474850044303,35.48144389991609],[114.26311070009876,35.46530390025487],[114.2791736998065,35.45922760027361],[114.29189160011731,35.459306799968886],[114.29601149963105,35.45733810037308],[114.29902590032509,35.44925640036263],[114.30143229996077,35.44993059961752],[114.30781499986244,35.444849100006024],[114.31350739994662,35.44370010007958],[114.32174090012245,35.443549100310804],[114.33465140014209,35.451230399663245],[114.3349414998504,35.45926550040258],[114.33682729993996,35.46162860037964],[114.34379020015763,35.46340089973177],[114.34538589963961,35.46600009962498],[114.3506080999839,35.467299700021215],[114.35147849983298,35.468717500112575],[114.3568456996694,35.468953699853444],[114.35728089959389,35.4652912000289],[114.36235810044604,35.46434609979275],[114.36380869971174,35.46162860037964],[114.3669999997503,35.462692000135746],[114.37251239962757,35.46198299981563],[114.37627579978835,35.466694100152665],[114.37860489999616,35.47545129983769],[114.38078089961891,35.47438809973107],[114.3820863995677,35.47722329971555],[114.38788890005276,35.47852269956297],[114.39195059994029,35.47663259981471],[114.39093509987504,35.473915600424675],[114.39804310030888,35.47119839958651],[114.40050919963994,35.473797399830175],[114.40442580021056,35.468953699853444],[114.40500610035133,35.47096210002093],[114.40877769963117,35.470725900280115],[114.41283940041808,35.473443000394184],[114.41167889996132,35.478050200256575],[114.41283940041808,35.48230270030945],[114.41460309955346,35.48259770042358],[114.41066349972084,35.48655499981345],[114.40326539957857,35.489153500034035],[114.40123450017211,35.49364169980464],[114.39760800020906,35.49494080017786],[114.39833329984197,35.4995468003446],[114.39644749975241,35.502381100107755],[114.39267589957319,35.50143630024513],[114.39035489955904,35.50816740020542],[114.38571290043012,35.51005669955708],[114.38730859991199,35.51324489963247],[114.3942567998115,35.51747140028493],[114.40293129963982,35.527286399647664],[114.4069326001594,35.52570079955228],[114.4092767001597,35.52821159968562],[114.41209760002425,35.52851799960604],[114.40869840011112,35.530049900282734],[114.40927799968006,35.53120190034747],[114.41185020012665,35.53106319970698],[114.41540900002542,35.53341520025134],[114.42438229960351,35.540083399829086],[114.42518920012151,35.542610000151456],[114.43560449964798,35.54714709965896],[114.43752280033698,35.54952360043387],[114.43998729977409,35.54962690016134],[114.44217680001941,35.55234169980963],[114.44540259985013,35.55176949986259],[114.44754900008638,35.555344299599824],[114.45036210013086,35.554496700262575],[114.4515014997944,35.557740500024124],[114.46626819961773,35.56336400034837],[114.46728850026409,35.56836230008014],[114.47626689989761,35.57278660032142],[114.47437940008933,35.57347809983452],[114.47416130010402,35.577154399755784],[114.47627979977301,35.58444839977386],[114.48046159962314,35.58659510038365],[114.48109769999894,35.589361000409895],[114.48211620020254,35.58561019975099],[114.48653540038845,35.58727920027491],[114.49232719984047,35.581401000255994],[114.4962897000097,35.58053719963209],[114.49417990038216,35.58350560000349],[114.4935915998725,35.59068240037254],[114.48710150023408,35.59542379976858],[114.4898434000529,35.60613589985195],[114.49308550009584,35.608866200215004],[114.49736880013006,35.607063099982156],[114.49680220026141,35.60385940009127],[114.5022090997702,35.60494749972736],[114.502563699755,35.609219499780124],[114.5060936997645,35.60670830034786],[114.50888829985524,35.601446400331156],[114.51433039972824,35.60060929967949],[114.51903709968246,35.59594500006176],[114.52389089994517,35.5973802002361],[114.52344959991922,35.60276189984188],[114.52609709970147,35.60467530012505],[114.52605509956322,35.60720629993085],[114.5303192997959,35.60421490029745],[114.53023519969474,35.602161999876444],[114.53733249999493,35.600389300326015],[114.5424398002566,35.607799400122246],[114.5391747000524,35.60936769995942],[114.54037469963271,35.61382569959642],[114.5442125996318,35.61694959994412],[114.55142930022214,35.61589209974068],[114.55261599972869,35.613051600051335],[114.55655749982884,35.61355040003099],[114.55771710006422,35.62370470011189],[114.56064870017747,35.62336259980418],[114.55917240008625,35.61690449984286],[114.57082839981081,35.616285000052756],[114.57095790038682,35.619637800344265],[114.57537659965044,35.62011110004727],[114.57595620011864,35.61494390044072],[114.57872989996497,35.61371639959219],[114.58899269965343,35.622919000211766],[114.60251889982737,35.62697190023306],[114.60720890027062,35.630891500042765],[114.60800030007385,35.63718799992631],[114.61052660002258,35.63825439982077],[114.6076103000753,35.63825220007902],[114.6084765999152,35.64228030039561],[114.61220629978095,35.64702979998532],[114.61885000002758,35.646788099990886],[114.61940910044973,35.64872129974822],[114.63064049965942,35.64864739975775],[114.6318029003836,35.64736959982724],[114.63503109960561,35.65155420016623],[114.63678609959891,35.65134809983499],[114.63725659971237,35.65303269999913],[114.65145879958402,35.661987399798704],[114.68228130004206,35.68595139963742],[114.70346830042183,35.69253140000416],[114.70510879963149,35.69416439976726]]]}},{"type":"Feature","properties":{"shapeName":"Xixia County","shapeISO":"","shapeID":"62558664B53697402487992","shapeGroup":"CHN","shapeType":"ADM3"},"geometry":{"type":"Polygon","coordinates":[[[111.59850329978752,33.158870899572435],[111.60207379986605,33.133910899668365],[111.60851280002578,33.124133900259324],[111.61372380021328,33.122585399896366],[111.62867730001744,33.12549990030021],[111.63416280027309,33.125098899794466],[111.6418688004049,33.12060140013455],[111.6508407995633,33.10489289968763],[111.65778280043594,33.096950400340745],[111.67343129991463,33.09070239999579],[111.68134329965363,33.09123989960176],[111.7035828000063,33.10016990042061],[111.70790080038171,33.10364889987687],[111.71045729956478,33.11512740040928],[111.71425630028807,33.11699690028678],[111.71891029997045,33.116126899736685],[111.7241593001117,33.11182790023747],[111.72662330042505,33.11185439966084],[111.73068229964849,33.11418089992861],[111.73412330005033,33.12200139994468],[111.73845680024118,33.12387840016811],[111.74228729971918,33.122997400010036],[111.7485502998565,33.12466440044176],[111.75396729965121,33.12769289980753],[111.75874329956366,33.13781739995312],[111.7571717999387,33.15268690038022],[111.76335129982272,33.16007590028261],[111.7622068001038,33.163497899808306],[111.75537879999166,33.164119899713626],[111.75232630041847,33.16706839988677],[111.74771880018255,33.184886899610774],[111.73742680040658,33.19807039962927],[111.73348230016808,33.206271900128115],[111.72872180007107,33.233707399976595],[111.72831730030322,33.242637399896125],[111.73113229971591,33.2568624002796],[111.7298963002741,33.26623890010518],[111.72846980014123,33.27103740015593],[111.72289280016264,33.27876640044906],[111.7213518001455,33.29088990014884],[111.72766880007515,33.30858589961963],[111.72341930016063,33.3190803997407],[111.71188329967458,33.322170400143875],[111.71231079960376,33.33018890029757],[111.72318280004623,33.33602140036737],[111.72637229964198,33.34246439981223],[111.7224732997031,33.34700789979479],[111.6893232998305,33.349651900314996],[111.67674229971743,33.348377900020125],[111.66493230008564,33.35123040026281],[111.65659330044053,33.36007689992903],[111.6537398001517,33.36714540034001],[111.64463780039421,33.37208939990592],[111.62317629994635,33.3787309004108],[111.6156617996524,33.38643639962021],[111.6115112998067,33.4070014000946],[111.61670680017875,33.42469390030328],[111.61528780039174,33.42834090031238],[111.6070328001237,33.43145740013898],[111.60449980022565,33.43509689980215],[111.6038817996054,33.43966640008432],[111.61276229994024,33.45007339976763],[111.61637129999554,33.46499639996392],[111.64058729976415,33.47602090024441],[111.64910879973138,33.47519289983251],[111.67577380002092,33.45142339997],[111.680747800071,33.44872639970362],[111.68895730003942,33.448810399980005],[111.69494630013173,33.45162190013065],[111.69702929996231,33.45942690033121],[111.69583879992075,33.4662859000743],[111.69818880037292,33.47409839972141],[111.70974730009789,33.49001689996004],[111.71454630017166,33.49968339966921],[111.7155603001678,33.505649399600145],[111.71877279992486,33.51140589976251],[111.72176380025923,33.51349639993896],[111.72724130014592,33.51332089993963],[111.73499279967803,33.508357900396845],[111.74727629956163,33.49267940043404],[111.75585180022046,33.48703740015594],[111.76381679970558,33.4855078997698],[111.77313979976202,33.485828400160585],[111.78295880020852,33.48935289991647],[111.79268630003276,33.4992943997168],[111.80417630019616,33.54314440019397],[111.8118667996132,33.56313690034773],[111.82951330039856,33.599483400138865],[111.8237077997752,33.602405399989266],[111.8217157996445,33.607887400083484],[111.82161729959876,33.63582239958413],[111.81761929959106,33.648155399951804],[111.81342330034511,33.65452939981202],[111.80341380010685,33.65875639958824],[111.79769129971379,33.65919089984021],[111.77203380001993,33.66765189971545],[111.72254180016398,33.689616899999976],[111.71291330040856,33.690437400066],[111.70387279988984,33.688285899774485],[111.67900080044666,33.679099899740606],[111.6676023000062,33.688144400443775],[111.65923329987697,33.69721589969407],[111.63932780013795,33.722198399736385],[111.61360930032902,33.73177339972267],[111.59958630026762,33.73162089988466],[111.58560929962954,33.72940840037745],[111.5618362996056,33.73670190037245],[111.53547679991442,33.735027399594856],[111.52546679965315,33.741782899960924],[111.51799779965881,33.744445899558684],[111.5100632997815,33.742061400213515],[111.50112929967747,33.73371490022254],[111.48941780009147,33.72716540036299],[111.47840879962644,33.727947399552875],[111.46363830016747,33.73945190038495],[111.42799380037366,33.749095899955876],[111.39270029967912,33.769500900246385],[111.3838423003819,33.77259439991167],[111.3371427998004,33.76947389990062],[111.31401830000459,33.76985490038339],[111.29382330040505,33.77577189985334],[111.27548980031412,33.78491589974902],[111.26015599969969,33.78509630015418],[111.2593279003624,33.79058519984716],[111.25635580018007,33.79303459966707],[111.25486729988603,33.798377900020114],[111.24844750025198,33.79892380019328],[111.23699440017151,33.79659229969491],[111.22669570044627,33.80220890042045],[111.21511240011722,33.79937730042212],[111.21479439984176,33.794997700083854],[111.21160419967413,33.79036659983876],[111.19201680003533,33.77642839955104],[111.18756079959127,33.752776899734215],[111.18800330021219,33.73148339983908],[111.18450179971836,33.71425240022813],[111.16844180014903,33.69317989973263],[111.1559068003586,33.68796140009857],[111.14137280011471,33.68637439975879],[111.1315688003599,33.6821099000519],[111.12921879990773,33.676574900211506],[111.13297280035454,33.667701900222596],[111.13854980033307,33.663886899660724],[111.14202879978933,33.65546389973923],[111.13873279977895,33.642360899835694],[111.12455729987954,33.62405740022888],[111.11139680002236,33.597522899662124],[111.10835279994183,33.5857964002837],[111.1014632996916,33.574699400257145],[111.08735630025313,33.56624589982846],[111.07533279976894,33.56445690006592],[111.06379680018222,33.564510399835115],[111.04237379971113,33.55364589973851],[111.027328300161,33.55089190044089],[111.01908130026186,33.551677899815274],[111.0019989001292,33.56310649966525],[110.99553679998337,33.54559709962649],[111.01883700032738,33.5095444002539],[111.02160639961573,33.47110750011109],[111.01518249997247,33.45244979981845],[110.99112700041081,33.4376373002213],[111.02043150011372,33.376945499735086],[111.02377320007321,33.338058499700026],[111.0307233002402,33.337478400108125],[111.04241179966488,33.34086990002589],[111.06114180005409,33.36039790034289],[111.07009880031944,33.36397189968346],[111.07890329984747,33.36250290028869],[111.09606930005822,33.3531419002785],[111.10694879994725,33.35628140026648],[111.12061329966411,33.37046040032726],[111.1274338003297,33.371704400138015],[111.13458229993324,33.37020490023599],[111.13715329978504,33.36497890025612],[111.13268279957163,33.35643740026586],[111.1214678003987,33.34321540027054],[111.1204832999644,33.33770389971528],[111.12384030008985,33.33454889991185],[111.13040179960342,33.33464439981924],[111.17009780007345,33.34759089970032],[111.17720779970028,33.34769840016111],[111.18197630016618,33.34226989983608],[111.17093680009333,33.31966389966931],[111.17685679970162,33.311046399771556],[111.19065830034037,33.30551890027709],[111.22071779978671,33.30731939967063],[111.22815680019625,33.30490489984129],[111.2337188003824,33.300399899835554],[111.23433680010328,33.282542900134786],[111.23827379999591,33.27778990038365],[111.25646229969544,33.28445440015048],[111.2622372998116,33.28293240011021],[111.26529679970758,33.279994900444365],[111.27153779972974,33.268859899564745],[111.27848780007196,33.26277140027997],[111.31053180020245,33.260223399690176],[111.32042679965713,33.257148900001766],[111.3305127998259,33.259113399763635],[111.33860779991011,33.264945899833435],[111.34285729982457,33.27210239980593],[111.3495862998679,33.277915899898915],[111.35894029955523,33.27460089991166],[111.36033630008023,33.272785399826375],[111.37104029996993,33.271323899878155],[111.38480379975562,33.28180290018372],[111.3944093002491,33.27940740033131],[111.40741029994547,33.255981400121584],[111.42928329958465,33.24068089960389],[111.43477630018617,33.23891439997965],[111.45522329971556,33.242145399690514],[111.45934279993031,33.24127590006282],[111.46186830038181,33.2374154001007],[111.46452329961068,33.226451899935284],[111.46842929987235,33.221683400368704],[111.46777330019773,33.21931840012411],[111.49804679962017,33.215629399976876],[111.50331129957686,33.21111240031706],[111.51019280035752,33.208446399681634],[111.52761829994466,33.212310899828196],[111.55275730000943,33.21260089971179],[111.56288929960158,33.21088040041019],[111.56539129986868,33.20862189968096],[111.57308180018498,33.18878190026453],[111.5794373000914,33.183585899869456],[111.59348230026802,33.17687239964158],[111.59629829972681,33.17186339977616],[111.59850329978752,33.158870899572435]]]}},{"type":"Feature","properties":{"shapeName":"Xiuwu County","shapeISO":"","shapeID":"62558664B27993609114856","shapeGroup":"CHN","shapeType":"ADM3"},"geometry":{"type":"Polygon","coordinates":[[[113.143335800307,35.349831900122126],[113.15168269959702,35.34433600010635],[113.15734340037773,35.34401759963259],[113.16258869980868,35.345979500353735],[113.1823281999865,35.34884710021356],[113.18458219960894,35.35135349996409],[113.19374790014558,35.35046670007819],[113.20658619989331,35.3307599001493],[113.20546199967157,35.328889199676894],[113.21138879995317,35.321483299714544],[113.21209139979828,35.319227100350474],[113.2086757000236,35.31841270038586],[113.20638569964035,35.314631599768575],[113.21056460007628,35.310838399672434],[113.20644220044721,35.31100459978251],[113.20781629978251,35.3076821003487],[113.21203689998299,35.305377100173075],[113.21442929987234,35.30181690002996],[113.21652159959217,35.29681999964333],[113.21534849963359,35.29414160005484],[113.21972030015183,35.28695530014704],[113.22951559986507,35.27572880044386],[113.23942090015453,35.27145819973617],[113.23954500030163,35.27022979956564],[113.24148580022961,35.26683509986003],[113.24386089986069,35.26748150017113],[113.24724369973706,35.27676569987722],[113.2514572996148,35.28281389964178],[113.25458499959814,35.285990100063145],[113.25744019960564,35.28579009983332],[113.27380190013764,35.30754870031234],[113.27736420019778,35.30817640012083],[113.2801396995875,35.312157900266925],[113.29439680037206,35.318912500411614],[113.29695479962436,35.322007900344374],[113.29883470016136,35.32128629962307],[113.30317400008005,35.32370019960456],[113.3161008003118,35.33733740040077],[113.32770430031326,35.34655170030078],[113.34210980002729,35.32626739982072],[113.34723419999841,35.33560520002004],[113.34939090016996,35.33492100030395],[113.34966790035332,35.33265230036341],[113.34783329956713,35.33281949962026],[113.34770079975215,35.331334600211676],[113.35622040035128,35.33286840025653],[113.3533448001225,35.33531200034861],[113.36257059965351,35.33575190013016],[113.36109090012496,35.34057820002397],[113.36770640033012,35.34642419981702],[113.36784240030659,35.350851699846146],[113.37294020013019,35.35871810036008],[113.37598990011384,35.360525799725906],[113.37949609956536,35.357509899862066],[113.38030319973291,35.35866919972386],[113.38293919988428,35.35788750000819],[113.38198059992476,35.35441850011375],[113.38383779977471,35.353050400155894],[113.38569489979989,35.35373450004721],[113.38390740010652,35.35687480043174],[113.38527559988904,35.35720349994165],[113.3899483998988,35.35207320041792],[113.39339650044815,35.35344979986843],[113.39569949963231,35.34777329979801],[113.40648289976605,35.34909259984369],[113.41139529985321,35.347577799775706],[113.41534919980575,35.349434700151335],[113.41577190005319,35.34814520004102],[113.41972250039316,35.348799400172254],[113.42032159996188,35.34728469992899],[113.42433540015861,35.34694259962134],[113.42553350037076,35.34493909985963],[113.43128469992905,35.34474369966205],[113.43333000017947,35.34557249957123],[113.43326160044262,35.34831080030324],[113.43781459996387,35.3487016996238],[113.4391632997465,35.34628690032025],[113.44200809999393,35.34738239957812],[113.44500349981172,35.34581869977325],[113.4416555999261,35.341291800376325],[113.44122340013985,35.330540399919585],[113.4325427003854,35.328860700161215],[113.43386070001134,35.32250670032403],[113.43573499957063,35.322737499635934],[113.43667630017114,35.31053030003335],[113.43367669962004,35.30993750021554],[113.43571780003651,35.305592600218404],[113.43104500002676,35.30422369986388],[113.43050589962763,35.305397100196046],[113.4225380996536,35.30432150023711],[113.42265799996676,35.30285480040874],[113.41931889994737,35.301883500223425],[113.4194827995916,35.30016569978727],[113.41678699992019,35.299872400291065],[113.4170265999976,35.29811220041779],[113.41355200002488,35.29581419966564],[113.41409120024878,35.29346710042637],[113.41212919970292,35.29305079975467],[113.41253359964594,35.290973400002486],[113.40947829958395,35.29028880008809],[113.41277319972346,35.28231790015104],[113.40917489980188,35.281516300237115],[113.40917870033684,35.279677100318],[113.40750130014499,35.27948139974683],[113.40833999979122,35.27635140019703],[113.40366719978147,35.27576449993177],[113.40318799962654,35.27869889963455],[113.39965339958474,35.277720799675194],[113.40001289997542,35.27507980019266],[113.39819470012537,35.27448059989979],[113.39869490034948,35.2715584003999],[113.39671790001114,35.27131380009183],[113.39695759991332,35.269406300260584],[113.3937825002622,35.26925960015046],[113.39372260001801,35.26754770016629],[113.3894690999191,35.266471600184275],[113.39090690003343,35.26143340023128],[113.38827099970695,35.26060179983324],[113.38731239974754,35.25673729968668],[113.38234010031545,35.256052400298074],[113.38078449980492,35.25739590020066],[113.37329399971838,35.25204089966786],[113.37688850000438,35.2444577001628],[113.3775474998173,35.23726520032881],[113.3677225998182,35.236384399820224],[113.36760280022906,35.23848839971993],[113.36065349955936,35.23912450009567],[113.36065349955936,35.24113059979737],[113.35304519997601,35.23927130003051],[113.3527456996544,35.235846199642424],[113.35055039968131,35.236279699848296],[113.35100840011762,35.23281229984781],[113.34879179970187,35.232420899604904],[113.34889999983523,35.22980030034364],[113.3466388002405,35.22957600043213],[113.3471181002202,35.221648099780055],[113.35298989976411,35.21974489960746],[113.35457330011775,35.215276000187316],[113.36191459997883,35.214570400203854],[113.36148280039095,35.21656970013163],[113.36306619984532,35.21668729997896],[113.3643617002324,35.213747200373064],[113.36796040035222,35.21210069998739],[113.3691120002187,35.20527910035025],[113.3734303998931,35.20327959987367],[113.3812036000661,35.18363449973242],[113.3773169999796,35.18022259959332],[113.38005200019973,35.169515300091064],[113.38753719968213,35.16586749968542],[113.38955250034769,35.16139569995164],[113.39142379976863,35.16080729961726],[113.397613599588,35.14503629988536],[113.39948489990832,35.14433000022939],[113.39991670039547,35.14021019964105],[113.4061338998597,35.145945699734284],[113.40702560015143,35.14242110015368],[113.41326820006748,35.142907299732144],[113.41267369963157,35.1492271001506],[113.41995450030004,35.14995020004176],[113.42151510014185,35.158942799970305],[113.42441349998307,35.159185900209195],[113.4275346996667,35.153170600343],[113.4275346996667,35.14557500008624],[113.43370300029324,35.138282599962054],[113.4363040995546,35.13889029974757],[113.43529540016266,35.14559309984173],[113.43199370024911,35.151043899756246],[113.43080470027678,35.16270970029251],[113.43548659962698,35.162892000065824],[113.43920239957117,35.152441500175144],[113.44470179974837,35.150071700248816],[113.44559359986476,35.14648649985213],[113.45109300004196,35.146304200078816],[113.45243070021672,35.15304910013589],[113.4592677996693,35.15402129964332],[113.46117630044591,35.15815540035152],[113.47382330000539,35.15730639987049],[113.4792610003949,35.15433119972516],[113.48145340005442,35.16115750011858],[113.5075544004153,35.16471339970366],[113.50578329985944,35.169524900353906],[113.51505330016971,35.175891899891326],[113.51802829976623,35.20334639971662],[113.52316280002321,35.215682900245724],[113.53418730030376,35.23417290035911],[113.5325927996181,35.24379339974564],[113.52232380000339,35.25666039955786],[113.51741030004541,35.27613840026703],[113.51325229985378,35.28142140017752],[113.50850680044857,35.28510640014031],[113.48365780026734,35.29551639996197],[113.48078930018607,35.32780090039131],[113.47531879972291,35.34910940007882],[113.47376229989027,35.36880089984169],[113.46880329963267,35.381870399999],[113.46240230032595,35.39036539964354],[113.45554329968354,35.413966899852596],[113.44133780019934,35.43119040001699],[113.43412030011177,35.443347900385334],[113.41789229998972,35.45188140000664],[113.40361029967562,35.45605490001367],[113.39549230032947,35.45997640009085],[113.38878630044746,35.46572089969982],[113.38662729981013,35.481521399892756],[113.39347079973766,35.50117489970194],[113.40059659955352,35.51214220040225],[113.34398649987713,35.474117300373166],[113.2943497001786,35.47701260025133],[113.2932815996661,35.425289199836755],[113.23615260016243,35.44535059975044],[113.2027663996497,35.44199370034903],[113.1736831997199,35.410121899705985],[113.15994260027082,35.41220469988707],[113.16297149983495,35.39251329994886],[113.1351624000248,35.37104029987],[113.143335800307,35.349831900122126]]]}},{"type":"Feature","properties":{"shapeName":"Xiping County","shapeISO":"","shapeID":"62558664B6556693777660","shapeGroup":"CHN","shapeType":"ADM3"},"geometry":{"type":"Polygon","coordinates":[[[114.18293779983969,33.44500739997159],[114.17369079969069,33.443187899701854],[114.16626729999598,33.44416439976726],[114.16507029965464,33.447349400054804],[114.1663437999265,33.450362899628146],[114.17384330042808,33.455585400346024],[114.17371379985207,33.45948790044628],[114.16493979993186,33.45974339963823],[114.15213780041927,33.45783989999143],[114.14526379998449,33.458823900402706],[114.13941179991468,33.461673899630796],[114.12519830006158,33.47763840019206],[114.10266879982532,33.496158399890305],[114.09554280036002,33.51297740028684],[114.07074729994804,33.525012900425054],[114.07116680040758,33.52751539981591],[114.06520079957727,33.527171900163125],[114.0425193004254,33.533283399609275],[114.03510280015416,33.53379439979176],[114.02915230003873,33.53135689980115],[114.02279680013226,33.53140640028522],[114.0069577999626,33.52323889955562],[113.9999998001507,33.51592989974512],[113.99635330016474,33.50394440011405],[113.98916629968505,33.50057240019618],[113.96369180033639,33.47948840006967],[113.95432279995737,33.47430040004349],[113.93919380015382,33.470073900290345],[113.91928080006892,33.47870990014184],[113.91107180012352,33.48037739969732],[113.87651129995663,33.478587399888625],[113.82869730014033,33.46749490006965],[113.81762729956029,33.45703889992535],[113.80357379989107,33.44820790007458],[113.79585279996684,33.44299689988708],[113.75272380036313,33.432071899698485],[113.71930679986895,33.434352899666635],[113.70393379960524,33.429408900100725],[113.69264229960254,33.42329789977828],[113.68036630006475,33.41161739982317],[113.68279280044749,33.39267340035718],[113.68023680038812,33.38261040034973],[113.66892979967054,33.37214639983654],[113.65490729963221,33.36604740006749],[113.64366930029803,33.36313239964056],[113.63622280044194,33.35585040017588],[113.63748930039094,33.34439089962035],[113.63549029993749,33.333869900075854],[113.63047779991064,33.32336440034686],[113.61749280005279,33.30672089994965],[113.60679629960964,33.26945089983923],[113.60111980043848,33.241084900247984],[113.6037293002671,33.22481139982631],[113.60852830034082,33.209671400414834],[113.61499780010843,33.197727399999565],[113.62259679980252,33.19264590038807],[113.63703930032352,33.18661089997312],[113.6420362996356,33.19780339990706],[113.64215829986574,33.21108239983295],[113.64823929970396,33.21997839998323],[113.65621929988083,33.226344900396896],[113.66664130025583,33.23131939957068],[113.68580630002077,33.23509590015573],[113.69513680042303,33.240077899675384],[113.6998597996901,33.247833400291256],[113.71105179960091,33.2763898996742],[113.71878830023991,33.28458389982717],[113.72783680022826,33.28750240041552],[113.73850230014114,33.28743289990848],[113.76963030029822,33.28218839997476],[113.79284679984005,33.27996439993717],[113.80903629998534,33.28511840019405],[113.82859780004844,33.298259900074356],[113.83792879957446,33.30070889969602],[113.8790128002006,33.30520990041663],[113.88693230028548,33.304229900189796],[113.8972623000152,33.29865190016511],[113.91703029970859,33.30467990025727],[113.92276779989413,33.3041764004206],[113.9273682998072,33.29978540027605],[113.92732230038393,33.29589439980674],[113.92227929984983,33.285171399940225],[113.93276979978646,33.27042789992771],[113.94035329966516,33.263496400438555],[113.9596632998215,33.255092399594616],[113.97630380008036,33.25197589976801],[113.99629980039549,33.25523739998607],[113.9999998001507,33.25070589965759],[114.00237279986493,33.25192239999882],[114.01085679990149,33.25120940039358],[114.01586129955933,33.24857690040369],[114.02208729978906,33.24230239973599],[114.0262372996117,33.2405624004345],[114.03444679958022,33.24007440041328],[114.0559313001894,33.243114400309366],[114.0699768003891,33.24758140036141],[114.08690629958608,33.256248399843855],[114.08923329987692,33.26869590009579],[114.10111229999268,33.28940189987782],[114.1176832997445,33.30930390035479],[114.12801380039662,33.311382399977845],[114.14423380014978,33.30831539973599],[114.149352799692,33.310729899565274],[114.151893799959,33.31652839986583],[114.15199280002776,33.32180789961495],[114.13992380014338,33.348613900111445],[114.14418030038064,33.36914039970975],[114.14539329966112,33.37398890026759],[114.15036030028773,33.38098890021763],[114.1606368002482,33.384441400250466],[114.17101280030056,33.385597399600385],[114.17769630004432,33.38988090018347],[114.18061829989472,33.401424400116014],[114.17629980039555,33.41670589975752],[114.18656229971043,33.42956540012318],[114.18279280034756,33.43613439998262],[114.18293779983969,33.44500739997159]]]}},{"type":"Feature","properties":{"shapeName":"Xinye County","shapeISO":"","shapeID":"62558664B79918442376172","shapeGroup":"CHN","shapeType":"ADM3"},"geometry":{"type":"Polygon","coordinates":[[[112.33657829964886,32.81365589970005],[112.33991229961305,32.804282900035844],[112.33941630012225,32.79603940029813],[112.33702080026978,32.78984439969935],[112.30957029972956,32.75031639978209],[112.30966929979843,32.73703739985615],[112.32140330042205,32.73114389967128],[112.32222729975012,32.72840089998158],[112.32145680019119,32.72221389975175],[112.30687729964768,32.71046090005052],[112.30502329958563,32.70449840028101],[112.30914279980038,32.69696039980266],[112.30919629956963,32.690322400358525],[112.30757879962198,32.687793899768735],[112.29515080026931,32.67926040014743],[112.29033680040311,32.67007440011355],[112.28901729980862,32.66342540016211],[112.28122730029975,32.6528508999491],[112.25311279971595,32.639415900023835],[112.24933630003034,32.635268900339554],[112.24775680003631,32.62770440043778],[112.24838230010312,32.6187778997803],[112.25277730043217,32.611476900338744],[112.27131630010717,32.601275900262635],[112.29309079970074,32.592464400411814],[112.29554779969124,32.58995839996027],[112.29532630026858,32.5833169003547],[112.2850493002851,32.543418400438895],[112.276206799904,32.528030400382704],[112.27491779981665,32.520465899581666],[112.27825179978083,32.510639399688614],[112.28318030043056,32.504024900428874],[112.29460130011,32.49836340015082],[112.29596730015089,32.49562089958488],[112.29305279974699,32.48850639975058],[112.2868727998399,32.48160539986935],[112.28666680023275,32.47130189956306],[112.2903288000341,32.454150900044056],[112.2895508001294,32.448879399764564],[112.28311129994654,32.44083090002607],[112.26799779995861,32.43456639981957],[112.26045230003365,32.429714399999625],[112.25375379959826,32.42120339961724],[112.2480928002426,32.41705339979461],[112.23863979958719,32.41402040022132],[112.22402179996618,32.41370790019948],[112.22080980023213,32.40956489980033],[112.22059630027911,32.402698399711426],[112.22469330035563,32.39882640011831],[112.2262497003635,32.39351649968677],[112.2658004998932,32.35412980035005],[112.31008909973218,32.32711790007107],[112.32383730025128,32.33359910001849],[112.33905030033111,32.3627547996943],[112.36251829977982,32.37317660041981],[112.40012360042385,32.37334820005941],[112.44069669979297,32.35755920039685],[112.47252660012259,32.378524800279365],[112.48797949975415,32.37858659989172],[112.49653079965674,32.38030560002346],[112.47321329995384,32.40150839969294],[112.47416679985804,32.40751639976207],[112.49276729967119,32.40584940022967],[112.49210429967377,32.423156899771186],[112.50102930026208,32.42834489979737],[112.52317830003858,32.42588789980681],[112.52866380029423,32.439380399685774],[112.53167729986751,32.467941400175505],[112.56375879992879,32.47742440041577],[112.55777730018235,32.49553690020781],[112.56143179963794,32.50377639976108],[112.56436980022613,32.524814399564946],[112.58674629970199,32.53889839974141],[112.58429730008038,32.554718399934245],[112.59430680031869,32.57267739984218],[112.59085080012437,32.58023839958253],[112.59374979981351,32.59751490039241],[112.5781938001038,32.63076390033376],[112.55113230041536,32.64576739974575],[112.54566930029807,32.6530759004325],[112.54506680039253,32.665897399945095],[112.54205329991987,32.67298490033295],[112.53143330030662,32.678214899598004],[112.47926330016128,32.68443989978158],[112.47406779978917,32.68991839971443],[112.46803280027359,32.70294589973355],[112.46420279991935,32.705909899722144],[112.46044029997995,32.698461200124314],[112.43423749996066,32.70477360002167],[112.43099179993169,32.71722439988622],[112.42553730020632,32.71949390022337],[112.41847980030263,32.71969240038402],[112.40599880030447,32.717117400347774],[112.39810180035784,32.720058400175105],[112.39479830000164,32.72691339973369],[112.39473729988651,32.735156900370725],[112.39716330024612,32.7399788997065],[112.4173962997994,32.7634238998931],[112.42089830031637,32.76916140007859],[112.4211427999004,32.77351390024637],[112.41515329978506,32.7760084001676],[112.40075629956368,32.77342589978548],[112.39286780000907,32.77362039976168],[112.38304879956252,32.778384900043136],[112.37835679992645,32.789352400393],[112.37798379981257,32.80629740030486],[112.37629680025714,32.8115538998926],[112.372222800342,32.813827400414254],[112.35179880007468,32.815334399762776],[112.33657829964886,32.81365589970005]]]}},{"type":"Feature","properties":{"shapeName":"Sheqi County","shapeISO":"","shapeID":"62558664B61116839746865","shapeGroup":"CHN","shapeType":"ADM3"},"geometry":{"type":"Polygon","coordinates":[[[113.14965030012127,32.836017400282856],[113.14530180013799,32.8367118999343],[113.14367679984446,32.84312839995573],[113.14586630008978,32.84907539990985],[113.15051280032549,32.852962400194656],[113.16822030032665,32.86231589985897],[113.1873328003685,32.88151540031555],[113.19230630039556,32.90875640018777],[113.18904880036189,32.91173539996879],[113.18168629988293,32.91198339971419],[113.15853879992574,32.908130400097946],[113.14003730018135,32.9143488999818],[113.1226273004097,32.92399190040595],[113.11337279991483,32.92515189994026],[113.09458180030992,32.92472089984972],[113.08859230019459,32.92633040032774],[113.07906329963168,32.93092339989505],[113.0728072998171,32.9380304002828],[113.0728072998171,32.9426079000346],[113.07827780028038,32.94969939970758],[113.09928130029186,32.96524789997068],[113.10916129995405,33.00095740006401],[113.11463180041733,33.01079240034903],[113.13701630026208,33.024497900157996],[113.16163629977552,33.053306400370104],[113.17637629962655,33.06083689960326],[113.18295279983192,33.06815339975964],[113.19468679955617,33.07316589978649],[113.18955230019856,33.087600899961615],[113.18821729978856,33.09997190028304],[113.18142679960715,33.1102904003817],[113.17680379955573,33.114421900250534],[113.16454329983344,33.12062839958105],[113.15556330030608,33.13690540016415],[113.15203829962786,33.14721289975557],[113.14740730010692,33.1518019000377],[113.12313080024626,33.16237640025071],[113.11193079996656,33.1605604001424],[113.10563680019823,33.15599039983715],[113.09001930035049,33.124408900350545],[113.08728029994597,33.12074639962668],[113.08072679990198,33.1189234000949],[113.0728072998171,33.12145239980845],[113.04991930013568,33.146663399596264],[113.04528030024574,33.1501043999981],[113.03653729995654,33.15194340026778],[113.01413730029628,33.14348589965459],[113.00295229980884,33.143035899587176],[112.99584979962856,33.140979900102366],[112.99120330029211,33.1352583997554],[112.9854737995762,33.123580899938645],[112.98136880003017,33.119457400438705],[112.97863779999454,33.11877440041832],[112.97535679977659,33.12083440008752],[112.96936030023778,33.13136990030068],[112.9630808002388,33.13549439984672],[112.95654280001031,33.13618090002859],[112.94834130041079,33.134120900359335],[112.94396980026613,33.12908540017111],[112.93905630030804,33.115573900315326],[112.93469229960999,33.110305900197204],[112.92732229968442,33.10710139990971],[112.92022679982699,33.10710139990971],[112.90685280001674,33.115341400385375],[112.89100630040048,33.1203729003891],[112.88201130018138,33.11899940000234],[112.87355030030619,33.11487190031801],[112.86454779974122,33.112575399635034],[112.83451829987973,33.115761399968676],[112.79548580032952,33.11526489955554],[112.78732279980738,33.10128789981678],[112.78269180028644,33.09624089999761],[112.7658462995671,33.0584373995664],[112.76315280036147,33.04400639957572],[112.77084329977856,33.01997390017539],[112.81014229992729,32.992538400326964],[112.81806180001217,32.98041139956649],[112.81806930035793,32.97399889972951],[112.8153533001148,32.969646399561725],[112.81018079990406,32.9668924002641],[112.80074329996341,32.9640118996295],[112.79189280011269,32.963687399953585],[112.78840630031061,32.959968400221555],[112.7895203004216,32.956615400280555],[112.77227029993446,32.93724440000909],[112.77288080020878,32.91918189982488],[112.77124030009986,32.90805440019045],[112.77623730031121,32.90410989995195],[112.78279879982483,32.889690399592325],[112.78988630021263,32.88580690036821],[112.8157423000672,32.890872900164254],[112.82391330005885,32.89088039961081],[112.83589180026638,32.88585339981461],[112.84761030017523,32.871894900029645],[112.85688779993211,32.85152040024633],[112.86696629975495,32.84007640040562],[112.87458729956427,32.83527390017042],[112.88520029975405,32.831844400298905],[112.89335629995333,32.83161539963106],[112.906967299901,32.8320769002288],[112.92791730014335,32.836890900095],[112.94042979979554,32.83071140021099],[112.95321580036898,32.81742840010065],[112.96273030026316,32.81216090000561],[112.99890880040084,32.81100089957192],[113.01876829981722,32.81465139974233],[113.02990729998191,32.810752899826525],[113.03127279999978,32.79998739979874],[113.03697180020845,32.796775900087766],[113.05436680018772,32.79332740023938],[113.0649718000086,32.791484899808324],[113.07367680034417,32.79262140005761],[113.08075730040912,32.795818399999234],[113.09110279995434,32.80519489982481],[113.09602330023517,32.81801240005228],[113.09821329960414,32.81961039999999],[113.11479930004771,32.82118989999395],[113.12596130037377,32.824378899566625],[113.14066330027117,32.83031039970524],[113.14965030012127,32.836017400282856]]]}},{"type":"Feature","properties":{"shapeName":"Shanzhou District","shapeISO":"","shapeID":"62558664B94860286079037","shapeGroup":"CHN","shapeType":"ADM3"},"geometry":{"type":"Polygon","coordinates":[[[111.01439770029367,34.72753850010173],[111.0223312999496,34.73049539994281],[111.02777079988255,34.7113453999703],[111.03163179986774,34.67591490015258],[111.03536230013009,34.67069989978063],[111.06330880016105,34.6516648997154],[111.09140780003003,34.63788990029872],[111.09706880028494,34.63316339997101],[111.10283680007831,34.623401400354396],[111.1068573002243,34.60445389982766],[111.11152629969905,34.59444789975083],[111.12638080033372,34.57497390012543],[111.12684630021664,34.56604740036727],[111.11728680004586,34.559039900071355],[111.11351030036013,34.55394739995262],[111.11250279976446,34.548892899787575],[111.11331180019948,34.53722739962484],[111.11990330019722,34.515109900401626],[111.12391680002037,34.50852940001187],[111.13268279957163,34.50109839997123],[111.14923080006145,34.49263740009599],[111.15973679981352,34.4941634003207],[111.1650772996777,34.49103139977933],[111.17050179981828,34.48378390010697],[111.16871630021717,34.475741899768934],[111.16162879982932,34.470374899582],[111.15738680026067,34.46092590001035],[111.16200229996622,34.45228940013578],[111.17101280000077,34.44600689999851],[111.18105329986997,34.44363040012291],[111.1849973000854,34.44002140006762],[111.18961329981397,34.4318428997301],[111.18843080014136,34.42152040034625],[111.19645679974155,34.42186339997596],[111.20113429960833,34.42399190010616],[111.20645130018744,34.43505839962552],[111.2048568004011,34.44465239958862],[111.20751179962991,34.4508743996339],[111.22849280040248,34.45574190016862],[111.24714679998488,34.451190899840185],[111.26101680018525,34.451610400299785],[111.2639767999894,34.45553989984654],[111.26213080029623,34.46513339978662],[111.26473980010178,34.47364440016901],[111.27429179992669,34.48155589988494],[111.28340130003005,34.48374189996878],[111.29090829997813,34.4829254000872],[111.32498929961656,34.4703213998128],[111.33740230007612,34.4736864003072],[111.34427629961158,34.47675339964974],[111.3489227998474,34.481162899748085],[111.35608680016577,34.482856899626256],[111.3725508003792,34.47780290038361],[111.3822097997425,34.48044189977389],[111.47354880033691,34.523689400345575],[111.50505079975466,34.548099400067315],[111.51223730021132,34.550014400244436],[111.52558130043673,34.54879339969568],[111.53578179959044,34.553031900002225],[111.54174030007488,34.56225589998985],[111.54781330044352,34.56461690004994],[111.5572587998538,34.56403340012139],[111.5703888001031,34.559142900324616],[111.58116129955437,34.56223690001298],[111.58997380035066,34.566913399833595],[111.6005932999409,34.5631333999865],[111.61744680012976,34.55003340022131],[111.62973030001342,34.54535690040069],[111.64196779957433,34.54410940042851],[111.66040029973408,34.536517900181025],[111.66869329995586,34.53889089989519],[111.67169179973683,34.5423583997204],[111.6713032998075,34.549911399991174],[111.6604992998029,34.56651290025019],[111.66092679973207,34.57476040017241],[111.66867079981762,34.5771328998635],[111.68007679970458,34.57564539961555],[111.69004079964327,34.57826589995136],[111.7101363000503,34.59014139990575],[111.72191680012031,34.60102089979472],[111.72406780038875,34.606307899889714],[111.71952030022175,34.61359040027679],[111.71109080000048,34.62014789960591],[111.7101363000503,34.62769689969224],[111.71896379973964,34.63259189969648],[111.72223629956562,34.63674090037233],[111.7224503004411,34.64155590028463],[111.71296680017775,34.66094589963359],[111.70850380031021,34.66651540016562],[111.66847980000284,34.68164840015362],[111.64806430012743,34.681175399924825],[111.64399729963571,34.68289139991822],[111.63017279973496,34.69671239965754],[111.60569779971377,34.69691089981825],[111.59618329981947,34.700469900265716],[111.59081280037049,34.70613789994417],[111.58219929975792,34.74015790036685],[111.57759829982172,34.74903889982539],[111.57025130005752,34.75605789975231],[111.56510930035398,34.76424040027433],[111.56327030008435,34.7747534003492],[111.57148730039864,34.800029899560286],[111.56630679981902,34.81004690014436],[111.55697630031608,34.81887439983376],[111.55354330028314,34.825015899764026],[111.55561829974482,34.833968899844876],[111.56410599959224,34.84330040029329],[111.55567729976764,34.84493149978891],[111.55341150014067,34.84772070035007],[111.55492199965062,34.8509229999965],[111.54308970042939,34.85391860036316],[111.53577409959507,34.85402579955104],[111.51615249963822,34.84844380024123],[111.5067808003937,34.83947120033565],[111.50268390014196,34.84017930043444],[111.49549829990667,34.82994550028468],[111.48367669991984,34.829330800176365],[111.46894929957057,34.8262309998608],[111.45862759968406,34.82736759993486],[111.44578829989018,34.83697659969039],[111.4326632000467,34.838804299978506],[111.42451539986587,34.82922750044884],[111.41796990019083,34.82736759993486],[111.41129859975064,34.828917499642955],[111.40450129979519,34.82561100004767],[111.39921460007378,34.81930770039014],[111.38952219988965,34.815380700059336],[111.367741899669,34.81892569986121],[111.37120030015382,34.775455400346516],[111.36991880041239,34.76948940041552],[111.36553929989884,34.765769899761096],[111.35611729977364,34.763587399838684],[111.32634730018782,34.76320640025523],[111.32362379959875,34.760196399943936],[111.32759830032137,34.755664899615454],[111.3268583003703,34.750846899564806],[111.3169328004085,34.74636839988182],[111.31207330024267,34.73875040021085],[111.31215679959666,34.73348590025415],[111.32737730002242,34.72360989987703],[111.32913230001571,34.7190514001021],[111.32724780034579,34.71582040039124],[111.32150279981443,34.711395399578066],[111.29461680012531,34.70623389987463],[111.28662879957949,34.70223539984386],[111.27704630014671,34.69455339991953],[111.27008830033486,34.680488399719934],[111.26239029967263,34.676265900151236],[111.25538630043746,34.678687900326395],[111.2505567998565,34.68389140016802],[111.24120330019218,34.70688990044857],[111.23281880024751,34.72257589985793],[111.22251129975672,34.73708689994055],[111.21063979998684,34.74608240018267],[111.1943433003031,34.753639399738574],[111.18321979995386,34.753253899947595],[111.17595679956673,34.75452440008104],[111.16500079974719,34.75940690040818],[111.15341929986084,34.76748339963922],[111.14424879964247,34.78017440032835],[111.12938369959812,34.789736299890365],[111.11705659968237,34.76177389984565],[111.08657509966116,34.747508599941966],[111.06113770004487,34.750463499690795],[111.02532590027016,34.74309819962224],[111.01439770029367,34.72753850010173]]]}},{"type":"Feature","properties":{"shapeName":"Shanyang District","shapeISO":"","shapeID":"62558664B30697511331194","shapeGroup":"CHN","shapeType":"ADM3"},"geometry":{"type":"Polygon","coordinates":[[[113.13297890005629,35.19172019992732],[113.12708920040632,35.18857640028068],[113.12581689983017,35.182420399681746],[113.12016769957972,35.180964499811864],[113.1176740000551,35.17559839984631],[113.11014180020402,35.17351840015408],[113.10888329972454,35.158900500357845],[113.10688470036871,35.15820790007456],[113.10413640007482,35.15354759974201],[113.10383110002533,35.14822130017291],[113.09975960022541,35.148054799689305],[113.09925069995995,35.14564120008134],[113.09456850023616,35.14564120008134],[113.08876670032305,35.14172930026706],[113.08835959971577,35.125247399947625],[113.09344890004672,35.124664599691584],[113.09660430004851,35.12233360011561],[113.10647749993677,35.12391539967598],[113.11869179968687,35.12358229978338],[113.12876869961588,35.12183399973935],[113.13243299988312,35.1190032999624],[113.1472938002687,35.11842049970636],[113.1475991003183,35.116755400441434],[113.14994020018014,35.117005199730215],[113.15014380039611,35.113757999632014],[113.14719199971103,35.11334169985963],[113.1472938002687,35.10709669965303],[113.14403659970935,35.1072632999614],[113.14393480005106,35.104265499853],[113.14800629985086,35.10409900026872],[113.15299379962426,35.09951889967755],[113.1698902999974,35.1012676997446],[113.16907599985757,35.1085123000027],[113.17202779964327,35.11017759981644],[113.17131530006111,35.11417430030377],[113.18617610044669,35.11525670003675],[113.18759439966186,35.12384649991611],[113.18514730030768,35.12396430031225],[113.18543520027436,35.126789900033884],[113.20371650011646,35.13079269972337],[113.20443619967091,35.13326490005517],[113.23378459977948,35.140275299765335],[113.23767119986599,35.1407462000771],[113.24933090030083,35.13839189996628],[113.25962309972635,35.1335066000496],[113.26041479990317,35.13015140036691],[113.26307790022497,35.12926849994136],[113.28934829958439,35.12685500015817],[113.29022879971944,35.13385350003904],[113.29497909970576,35.13455979969507],[113.29613069957225,35.12667220036178],[113.30462360019908,35.125965799981714],[113.31124509978156,35.121020800369706],[113.31153299974824,35.12396430031225],[113.32405649990756,35.12290470019184],[113.32621570019444,35.124670699793],[113.33197359970188,35.12478840036442],[113.33211750022247,35.12655439996564],[113.33514040040916,35.12573029991347],[113.34377729958283,35.12808490039788],[113.34996699957742,35.1249061998613],[113.35068670003125,35.1219626999187],[113.35831589985901,35.121845000246594],[113.35874780017093,35.12337559960429],[113.36551330009877,35.12349330017571],[113.36968780015195,35.130910400294795],[113.36810439979831,35.13338259972727],[113.37055150005176,35.13350030029869],[113.37285459995985,35.13126360003514],[113.3835066999743,35.1299685996712],[113.38868880044788,35.13220539975947],[113.3924315000138,35.139739400053315],[113.39991670039547,35.14021019964105],[113.39948489990832,35.14433000022939],[113.397613599588,35.14503629988536],[113.39142379976863,35.16080729961726],[113.38955250034769,35.16139569995164],[113.38753719968213,35.16586749968542],[113.38005200019973,35.169515300091064],[113.3773169999796,35.18022259959332],[113.3812036000661,35.18363449973242],[113.3734303998931,35.20327959987367],[113.3691120002187,35.20527910035025],[113.36796040035222,35.21210069998739],[113.3643617002324,35.213747200373064],[113.36306619984532,35.21668729997896],[113.36148280039095,35.21656970013163],[113.36191459997883,35.214570400203854],[113.35457330011775,35.215276000187316],[113.35298989976411,35.21974489960746],[113.3471181002202,35.221648099780055],[113.34475400019699,35.22121539997079],[113.34514109988197,35.21528559955084],[113.3436434004227,35.215236699813886],[113.34238539996625,35.21841800029051],[113.33903049975777,35.21792850020017],[113.33861119984704,35.21920100042587],[113.33537619995172,35.21856480022541],[113.33624979958859,35.21626039989758],[113.33106279960862,35.21553029968362],[113.32776790036837,35.21709649960383],[113.32243609964632,35.21641129984164],[113.31956050031692,35.219543599857275],[113.31619189983633,35.21894860029772],[113.31589600040013,35.22096280019315],[113.31200049972335,35.22072110019866],[113.31175400004713,35.22253379979509],[113.31017609994717,35.22273520026931],[113.30983089967629,35.23135520028234],[113.31111290034016,35.23147599991751],[113.3133812000824,35.23820209964725],[113.31288810000592,35.244645799664],[113.31002810031669,35.24432359955455],[113.30918989979409,35.250283600108105],[113.30766119980456,35.252417800141416],[113.30652709984588,35.251330599827384],[113.30657639978108,35.25265940031113],[113.30598469983408,35.25149169988208],[113.30381499996236,35.25249840008115],[113.30075779963283,35.26192040020635],[113.29799639981411,35.263651700365756],[113.29853889965057,35.26675180015553],[113.30563949956331,35.26952969983586],[113.30342059958105,35.272347800110936],[113.29927850030265,35.27174389996105],[113.29898259996708,35.27488399979683],[113.30273019993888,35.27737980013774],[113.30085640040261,35.27762140030745],[113.30120159977412,35.27874849994339],[113.31145809971156,35.28088200030413],[113.31624119977164,35.28357889984642],[113.31249359979984,35.28712100023404],[113.31131019990585,35.290662900072846],[113.31574809969516,35.29283629975549],[113.31989019987293,35.28603420011831],[113.3222076997256,35.28804680011979],[113.32353910014945,35.28482670019213],[113.32551149955611,35.28647700021344],[113.32413080009644,35.28844919997067],[113.32733600005645,35.28804680011979],[113.32847010001512,35.28949569966687],[113.32807559980915,35.28490720030709],[113.33448599972917,35.28716119992947],[113.33108360002814,35.28768450013962],[113.3303438995514,35.28877120043063],[113.33285869986912,35.290944699937995],[113.33004809993997,35.290662900072846],[113.3297028996692,35.29235339978965],[113.3244267004319,35.29247409960004],[113.32403220022593,35.290542200262394],[113.32176389958431,35.290783699708015],[113.31895329965516,35.293520500370846],[113.3208764000259,35.29460719976254],[113.31846019957857,35.29670000040477],[113.31757260019538,35.30160979965257],[113.31560019988933,35.30060370020067],[113.31510709981285,35.30156959995713],[113.31421950042966,35.298953699653566],[113.31860810028365,35.294647500182066],[113.31377570028837,35.29649879957998],[113.31288810000592,35.29810860043159],[113.31471259960688,35.30285729962475],[113.31106360040485,35.30853129957984],[113.31150739964687,35.31162969965095],[113.30716809972807,35.3170617001374],[113.30573810033309,35.31440610016142],[113.30322330001536,35.316538599576745],[113.29942640010836,35.31589480010501],[113.29439680037206,35.318912500411614],[113.2801396995875,35.312157900266925],[113.27736420019778,35.30817640012083],[113.27380190013764,35.30754870031234],[113.25744019960564,35.28579009983332],[113.25458499959814,35.285990100063145],[113.2514572996148,35.28281389964178],[113.24724369973706,35.27676569987722],[113.24386089986069,35.26748150017113],[113.24148580022961,35.26683509986003],[113.23954500030163,35.27022979956564],[113.23346639985448,35.27083500013521],[113.23316109980499,35.267593999963196],[113.23534950017938,35.26493460035158],[113.23392450011568,35.26422810014674],[113.23565480022887,35.26381259987164],[113.23000569980331,35.263023100335886],[113.23173609974128,35.260986900325236],[113.23774149987037,35.262316600131044],[113.23769060004122,35.25944929974543],[113.22644320009363,35.25857660032989],[113.2247636999848,35.25691429975518],[113.22735929989187,35.25716359992026],[113.23061639972718,35.25429609988515],[113.22898790017155,35.25147000014044],[113.2321941001776,35.249059499596285],[113.23443340038114,35.242700299879004],[113.2385558000102,35.24028940003586],[113.24237269994023,35.22565679992141],[113.24242359976938,35.213932100086424],[113.24461200014377,35.20927500044098],[113.24751290010033,35.209524500255554],[113.25005760017814,35.20058380020225],[113.2464950995693,35.20016799955357],[113.24751290010033,35.19226610010048],[113.23173609974128,35.19530219963684],[113.21824939959015,35.1931811000278],[113.22216819990251,35.17492080025477],[113.23275390027231,35.169679000085864],[113.23331380019181,35.167931700087934],[113.24868349994358,35.163729699665964],[113.25626649979915,35.16306399990373],[113.25652099984438,35.161358100196196],[113.25290760030555,35.16069240043396],[113.22882420017675,35.166153699933375],[113.22132960008105,35.165111999918906],[113.2219428999449,35.16256150011321],[113.21940510036518,35.16268560026032],[113.21993809976357,35.15723859998144],[113.19641630017213,35.15798789982176],[113.18410019986436,35.16576829996711],[113.19025819965623,35.16605950044561],[113.18980020011918,35.169346199667416],[113.1922938996438,35.170760700146275],[113.19186429979766,35.1749491001209],[113.18604790029042,35.17968109980296],[113.1831985000108,35.18318510041212],[113.17568539996125,35.18253929994876],[113.17411119967221,35.188524299856624],[113.16874669960055,35.18993070014176],[113.1645909998748,35.19598469963421],[113.15687490035646,35.1958178996764],[113.1553058999474,35.18779020035754],[113.15782990032972,35.18790170010345],[113.15816129960433,35.18532820013638],[113.14899390024834,35.18530610019644],[113.14800629985086,35.18695419957669],[113.14398100002325,35.185914399829755],[113.14317639997091,35.18811579990427],[113.13899820010693,35.18865900031267],[113.13784260005605,35.191079399694615],[113.13297890005629,35.19172019992732]]]}},{"type":"Feature","properties":{"shapeName":"Shangshui County","shapeISO":"","shapeID":"62558664B38027890564253","shapeGroup":"CHN","shapeType":"ADM3"},"geometry":{"type":"Polygon","coordinates":[[[114.71660880025604,33.30025650023737],[114.72631079980363,33.300899400387095],[114.73864730033267,33.29952239983891],[114.74767280015965,33.31001289977553],[114.75514230017711,33.32805239979848],[114.75993329988194,33.33341589982399],[114.77815230008866,33.34820189999772],[114.79004680001992,33.35346589993139],[114.79178630019771,33.36061090027289],[114.78669730024023,33.37818889969799],[114.78527829955397,33.40226340013584],[114.7761532996351,33.41701889980243],[114.77761829974474,33.42415989995948],[114.79567729976759,33.44628140026646],[114.80721280023056,33.46737289983952],[114.81585679955174,33.47188540019113],[114.83621979970405,33.47889689977217],[114.85189030019728,33.487663400245765],[114.864448800172,33.50073240038],[114.86855279967199,33.509979899652706],[114.86224330008827,33.51531919982125],[114.86513719972208,33.52219749991474],[114.86427900007584,33.52626189956709],[114.85003139972935,33.5425995000669],[114.82971260035629,33.56104089991766],[114.81529979994582,33.56234710043839],[114.81257160039911,33.56468739990362],[114.8097339002993,33.57203760035503],[114.80686790033337,33.57378009977185],[114.79421400027593,33.57560989997694],[114.78453819977813,33.56982590034505],[114.78122229956955,33.56975849975504],[114.7610304997578,33.578791199554246],[114.75355150020164,33.586259200401855],[114.74080449962798,33.58305949979615],[114.73139840041586,33.5857379002839],[114.71903240032509,33.58891090001805],[114.69069950028177,33.58798650037676],[114.66169340013039,33.57954289968512],[114.65653229972588,33.580985899679604],[114.6143263004185,33.5801123998674],[114.60373630038998,33.58419390012841],[114.59748079969916,33.59045790031189],[114.59430679991897,33.60162339990006],[114.59266679983295,33.61650439995816],[114.5879458995837,33.626880300185746],[114.5778133001437,33.620186499607314],[114.5793249004239,33.61119749966491],[114.57859809982256,33.60823820043265],[114.57461330006379,33.60565920021196],[114.5695304002079,33.605928899698995],[114.5579628002431,33.613793200296016],[114.54836079991105,33.61070529980981],[114.54287340028725,33.61596629960508],[114.53069639991895,33.61143420032812],[114.52582940030663,33.61217899996092],[114.52340070018226,33.61406680014278],[114.52188750000823,33.62250810036858],[114.51473109986046,33.63547510029571],[114.50652889968899,33.64473100013561],[114.50399920030293,33.65393690036768],[114.50082919980775,33.657541199666696],[114.49571530032097,33.65811090039779],[114.48599830008152,33.653382999825624],[114.47817050026845,33.65351859960373],[114.47122350006453,33.65855790032691],[114.46276300021236,33.65823809960864],[114.45371839968448,33.66743119979009],[114.44878870023842,33.66634140043533],[114.44434740011252,33.66247769978605],[114.4371827999463,33.66539310041128],[114.42589770041855,33.666795999635724],[114.4200980004224,33.67273679966365],[114.4090438998561,33.6689917996319],[114.40068850017417,33.67430420017877],[114.39379129992858,33.66944520003602],[114.38740580043736,33.67148319959006],[114.38220610023143,33.670107299812116],[114.38029150025261,33.67204690004445],[114.38191949978511,33.68463920013903],[114.38052290031169,33.6883434995529],[114.37542919959799,33.69221630044194],[114.36585409978693,33.69426490030497],[114.35734410035002,33.692643300348095],[114.3490388999254,33.696869499727654],[114.34305039985611,33.69796850004627],[114.33555770002795,33.697821899760925],[114.32813959986265,33.69345250043261],[114.32238700006008,33.70534710018859],[114.31613029967366,33.710105799842836],[114.31631439988973,33.7225164000119],[114.30968780025182,33.72289069964614],[114.29774269996574,33.73014170037919],[114.29028220036332,33.730291799926704],[114.28558209963421,33.736093500015045],[114.2762032004174,33.7373958001761],[114.26969359987982,33.743699099833634],[114.26659340026526,33.744844899972236],[114.2644135002829,33.744217499637955],[114.25457499983645,33.732063100131995],[114.25113289956369,33.725530199958826],[114.25157619968195,33.71903979994687],[114.24744939967013,33.70815290043606],[114.24044200009826,33.70393230023552],[114.25405979981997,33.689231400208996],[114.25991560042473,33.6459427997205],[114.27474319963903,33.61686939970309],[114.27095420027615,33.59018829975031],[114.27060980040199,33.5738313997993],[114.29093269978432,33.53823710016212],[114.29100089987173,33.52433279981892],[114.28296320009167,33.49529179967686],[114.28077679980947,33.47682939975704],[114.30314629986196,33.481960399852596],[114.31276680014776,33.4813193999704],[114.33934029981503,33.46784590006831],[114.34610729981205,33.46298990006386],[114.35745979992987,33.46010189998276],[114.38308730003894,33.463123399924996],[114.40281679975556,33.46298990006386],[114.42333980009175,33.4704548998738],[114.43240329987248,33.470020399621774],[114.44548779982222,33.46464139978082],[114.45255280007177,33.45909889959461],[114.44837179971887,33.446815399711],[114.44847079978763,33.44429390034327],[114.45044730010284,33.44273739961136],[114.45535279969204,33.44333240007023],[114.46013629995036,33.44691039959531],[114.4658583003204,33.44798639975261],[114.47392279989731,33.44476689967274],[114.47985079987461,33.440109399829],[114.48243730044112,33.43696190037144],[114.48406229983539,33.43035140039689],[114.48050680044855,33.423133900309324],[114.48120880044587,33.41813289991347],[114.50726329956171,33.42150489983129],[114.5163268002417,33.428825400172116],[114.53633130004948,33.42623889960561],[114.54512029976206,33.429885899614646],[114.56022630030361,33.42726490015508],[114.5614392995841,33.426254400320374],[114.56201930025054,33.38907639995597],[114.56733679995341,33.378425399812386],[114.59538280007621,33.36057639958125],[114.61044330031814,33.345363900423706],[114.61544029963022,33.34320039957885],[114.62422179989619,33.3425139002963],[114.6407162997175,33.34754190013865],[114.64943679986845,33.34868639985751],[114.65355630008321,33.34053039965829],[114.65545629956864,33.32611440035936],[114.66375730015932,33.315997899683396],[114.66735829984577,33.31471639994197],[114.68679829970188,33.314071399875274],[114.71587379963626,33.303798400076175],[114.71660880025604,33.30025650023737]]]}},{"type":"Feature","properties":{"shapeName":"Shangjie District","shapeISO":"","shapeID":"62558664B99518368099796","shapeGroup":"CHN","shapeType":"ADM3"},"geometry":{"type":"Polygon","coordinates":[[[113.24927179955398,34.76085889991833],[113.25411949971522,34.765818199650255],[113.26125389974777,34.76664469999298],[113.2713152000365,34.74447610039175],[113.26665040039575,34.74131939997039],[113.26582719966564,34.73748610000354],[113.2582354997686,34.73027000016043],[113.26454669997031,34.72418090012849],[113.2620770995785,34.720497199686065],[113.27200280008924,34.72072060027551],[113.27978120014234,34.71681719995388],[113.29713930003868,34.72233579975739],[113.30409889974453,34.73000730009687],[113.29894059982882,34.74406990000591],[113.29468299972075,34.748644799817725],[113.29427360044633,34.755506600049614],[113.28674079984808,34.75476669992332],[113.28469389970383,34.757793799943954],[113.27937179996866,34.75960999970175],[113.28313820026779,34.762502400165715],[113.29247229975692,34.763242400116724],[113.2995957001815,34.76875780013245],[113.30336199975659,34.774205599908555],[113.30442650028283,34.78173789958447],[113.31089480035484,34.78631070037858],[113.3112223001691,34.802447899551],[113.31302359995925,34.80560769993548],[113.31965569985073,34.8064816997707],[113.3188370002274,34.81064980024814],[113.31064920000063,34.813876500300296],[113.30786530004366,34.8173047995769],[113.3101579003669,34.828395400027716],[113.29484669971544,34.831822999631754],[113.28805089982927,34.828798600275206],[113.28567640004587,34.83007559980916],[113.28428450042941,34.834376899774156],[113.2773248998243,34.8357881995658],[113.27699740001003,34.84425559991604],[113.26283250041956,34.84573390009945],[113.26037620010163,34.841903600270996],[113.24498309999012,34.84089559965224],[113.24408250000738,34.83881240017217],[113.24637499960659,34.8378042997287],[113.24784879958247,34.834040899567924],[113.24529509998888,34.830160500306874],[113.23768039993058,34.82518689955583],[113.2388677001843,34.82266630040948],[113.243370999572,34.81977599986254],[113.23992020015714,34.812948899971786],[113.24214920042527,34.80950259986514],[113.2407018000481,34.802490799910515],[113.2433938999086,34.798402200401256],[113.24255439986575,34.78798969956506],[113.24446499966007,34.78589760039398],[113.25260290010385,34.78452030037164],[113.25145130023736,34.77672219976978],[113.24704189996373,34.776208499822474],[113.24927179955398,34.76085889991833]]]}},{"type":"Feature","properties":{"shapeName":"Shangcheng County","shapeISO":"","shapeID":"62558664B42527768200733","shapeGroup":"CHN","shapeType":"ADM3"},"geometry":{"type":"Polygon","coordinates":[[[115.1622697998115,31.705665400338034],[115.16013330021167,31.701989899913997],[115.16043080044119,31.696264400281905],[115.16206380020424,31.69214840022852],[115.16908230010813,31.685300900116488],[115.18547779986068,31.678945400210125],[115.20025629968859,31.676017900106046],[115.20482629999378,31.673053900117452],[115.20192730030476,31.66227540038949],[115.19925680036113,31.658141900428404],[115.19310830010807,31.65330889968601],[115.18591330015875,31.643661899976735],[115.17548380033713,31.634918399664457],[115.16681670013065,31.60023120030968],[115.18846129984922,31.56596949989256],[115.22987369961163,31.555831900222074],[115.21058649996701,31.50993920033386],[115.2011336998604,31.44504929978541],[115.21526339998593,31.42479520033828],[115.22554130019091,31.42847649959083],[115.235152700237,31.42614650006101],[115.24653629981049,31.41919709956653],[115.25010679988895,31.39384840008364],[115.26223920017901,31.393241599620183],[115.26879239984942,31.398835300009125],[115.28514860012785,31.403013200398902],[115.30348210021884,31.38445850035953],[115.32097629991642,31.397058500449475],[115.36437230014155,31.405038800100613],[115.37751770038165,31.420270899982086],[115.3811034997268,31.449010799908535],[115.37071230023253,31.501697500139585],[115.41934200043306,31.538667699554765],[115.43594359961753,31.58766939982297],[115.48127750035644,31.61238669968651],[115.47367100031647,31.64749529976831],[115.48428339975919,31.667692199635383],[115.63569320008116,31.754928699899608],[115.63383579968252,31.770906299985825],[115.61452950023636,31.776716200092608],[115.61435870009404,31.781363800199244],[115.62392640028315,31.792110599724424],[115.62255959984577,31.79675750015855],[115.60991649974676,31.80314659963591],[115.60410749986124,31.80256580037144],[115.58138410039601,31.793998399906286],[115.57508100038797,31.796142100377665],[115.56534240023166,31.811533400046414],[115.56277960039836,31.829099399817494],[115.56636749966049,31.832147800280836],[115.57764380022127,31.83548629955311],[115.57456840031148,31.848984299685753],[115.56961369971248,31.857836699803897],[115.56670919976978,31.872056899606264],[115.57012629978897,31.87873099963599],[115.57935229986879,31.883953799828078],[115.58009549960764,31.897753300374575],[115.59679120025373,31.914414500328974],[115.58906780003895,31.918462400119722],[115.59270669985438,31.93805370011819],[115.58997350007701,31.94652290001187],[115.57252839976593,31.954032499899995],[115.5720305000076,31.97282930013216],[115.5702878998668,31.974413099784783],[115.56785769967314,31.97359459981101],[115.5673269000165,31.969999700226026],[115.56186720041103,31.96536800013314],[115.55880649992014,31.968175099900975],[115.55773109961058,31.977227400424226],[115.5669146004285,31.982763900333794],[115.57178960040983,31.98773719981199],[115.56839699972181,31.99230140038935],[115.55366069968159,31.99718120005241],[115.54985549993148,32.00054850011327],[115.54869739976527,32.006300800441636],[115.55002100036893,32.03435539988186],[115.54588489956848,32.03505670020661],[115.51864739985763,32.02644049982928],[115.49814529976584,32.02774410040996],[115.49276350033529,32.03056860026072],[115.47969350015501,32.04555840029997],[115.47143489990083,32.06949160015728],[115.46912839965603,32.07383480043575],[115.46349039956237,32.0788294003566],[115.46246530013354,32.08484120006136],[115.45335460033459,32.091081899709934],[115.42789910006343,32.090619999813214],[115.42394470008787,32.085100999811345],[115.42756169961285,32.07815570022541],[115.41992079960528,32.07174909994109],[115.42026420033267,32.05594380006636],[115.41576309978734,32.04653119965519],[115.42194290004488,32.03838259997707],[115.42313149981896,32.02806409987835],[115.41114109978196,32.02649909965379],[115.40786569964234,32.0310290999131],[115.39300170036825,32.02559739980023],[115.38480090044129,32.02798740029834],[115.37634380002646,32.024511099707524],[115.36824989981312,32.025208899870904],[115.36269179998669,32.03470069997735],[115.36270500023568,32.05203379962023],[115.3615104001849,32.05409530025793],[115.35745230028351,32.05065889988839],[115.34580980028215,32.05417240003629],[115.33291630014719,32.05239089972031],[115.32015229968897,32.04326639982452],[115.30033130024935,32.032962900417544],[115.29509729990048,32.014930899841204],[115.2885893001561,32.003364399747284],[115.28694129970131,31.9892273998247],[115.2902073001269,31.977784900053166],[115.29427329967314,31.97321489974786],[115.29509729990048,31.96794889972199],[115.2811813002769,31.94247989972763],[115.28040330037209,31.93766789995368],[115.28771979962914,31.92028040032028],[115.28369880035939,31.9159144004293],[115.26114629996187,31.902793899718745],[115.25657629965656,31.900945399910313],[115.24661229971787,31.903434899600995],[115.23856329995635,31.899057400079016],[115.23616029975813,31.893550899754246],[115.2405168001103,31.878446400181247],[115.23193380000498,31.874753899872644],[115.22493730021631,31.87518890014769],[115.22223729981158,31.87792989974514],[115.22190079958227,31.89442040028132],[115.22000130011997,31.897165900086293],[115.21379830005162,31.900808399887808],[115.2092208002997,31.90171040011495],[115.18448630000285,31.89864539996529],[115.15888980042405,31.905881900029726],[115.14678929998627,31.904233899574876],[115.14061730044807,31.9014604002773],[115.13474280024013,31.894563399681203],[115.12889080017032,31.87964989992298],[115.13160680041358,31.87370289996892],[115.1327133001787,31.869586899915532],[115.13166030018272,31.863397399570374],[115.12209329966606,31.84365840031495],[115.11392229967441,31.81109240039399],[115.11264029991003,31.798257900281897],[115.11939979956117,31.79026789964388],[115.15070329971752,31.764961399948675],[115.17228680039557,31.74419189993631],[115.17446129994914,31.7403068997437],[115.17533879994573,31.724960399802683],[115.16838829958044,31.717372899739587],[115.1622697998115,31.705665400338034]]]}},{"type":"Feature","properties":{"shapeName":"Shancheng District","shapeISO":"","shapeID":"62558664B95040853368855","shapeGroup":"CHN","shapeType":"ADM3"},"geometry":{"type":"Polygon","coordinates":[[[114.27531119975208,35.97474969993874],[114.27235400043685,35.97908480002354],[114.27165749979383,35.97654860033771],[114.25776450033152,35.97398819989559],[114.25832309983127,35.97236199990641],[114.25157640023076,35.97258310003008],[114.2511620996512,35.974535699962644],[114.24360319982782,35.97620039992859],[114.24350119962071,35.97751479956838],[114.23942199982548,35.974334400212456],[114.23598949981567,35.975501900092695],[114.23555820025081,35.97773820015789],[114.23230830038779,35.97755509998791],[114.23121549999541,35.97578339958426],[114.23011939999037,35.98025220007901],[114.22872650032775,35.97932630036854],[114.2271844004398,35.97997040021386],[114.22763210004143,35.98158070018923],[114.222806700369,35.982023500284356],[114.22071739988814,35.98468020013121],[114.21892649985818,35.98476070024617],[114.21808089971387,35.983110300400085],[114.21693670036848,35.98423740003602],[114.21813059984731,35.989470199789935],[114.21385239986841,35.98862499984392],[114.21494680015473,35.9918851996423],[114.21385239986841,35.990879000365624],[114.21335500013322,35.99450140031939],[114.21184859973312,35.99314479999259],[114.21026570030187,35.99573469999643],[114.21160240043048,35.99994660015551],[114.20214009988581,35.994766999797264],[114.19967770036567,35.99061180009454],[114.19566769980452,35.99402709967097],[114.19081340041816,35.99197789996015],[114.19010990035167,35.9863424998066],[114.18624059962406,35.98577320017313],[114.18461179969484,35.982945800008736],[114.19555589968513,35.97376730032073],[114.19814269972585,35.967647699781594],[114.19864339997298,35.9464177001168],[114.18003520016441,35.93898639970263],[114.1562468001498,35.918647999605525],[114.15271639994194,35.91751989992349],[114.15260090001163,35.91484270003065],[114.14715300041075,35.90843349980622],[114.1468171998539,35.90358989965421],[114.15026440018198,35.902849100205856],[114.14913879971584,35.89675139995717],[114.14400309976327,35.887347399762746],[114.14322919986773,35.88079250037367],[114.15497799973491,35.876004200433556],[114.16356090001557,35.86346209959629],[114.17425440032036,35.8610674999652],[114.17418399959195,35.85770350041628],[114.17580210028677,35.857418400039194],[114.1752393000537,35.846298999699115],[114.1812191999062,35.844588199585814],[114.18150059957304,35.8431054000942],[114.1898725000159,35.842478099584696],[114.19036490041992,35.84504439957942],[114.19289759994433,35.84561460033359],[114.19254580044844,35.84755349999409],[114.19430460007732,35.84755349999409],[114.1980332998969,35.84253510041458],[114.19986240042954,35.842421099654075],[114.20098809982096,35.84521550009532],[114.20190259972526,35.841793700219114],[114.21618400019156,35.849321300038014],[114.21970160034869,35.85291380023176],[114.21942019978246,35.85428230038792],[114.21660620041587,35.853027800092946],[114.21794279982043,35.854909500173335],[114.22026450040642,35.85513759972048],[114.21998300001553,35.85662009973788],[114.22542550008677,35.85523709981237],[114.23514329982345,35.86224660020048],[114.24147740036176,35.86271849965908],[114.24328690017035,35.8673830996504],[114.23996920041827,35.871588100210715],[114.24161080039823,35.87291839986432],[114.24300370006074,35.87215250033768],[114.24703319972241,35.874974199699636],[114.25340070018228,35.87182999985464],[114.25366200000133,35.870353699763484],[114.25542510018829,35.87097879963193],[114.25519999988012,35.872681100252635],[114.25914219965284,35.873384899793336],[114.25802709967093,35.876505899827464],[114.26051439961986,35.876667099706935],[114.26260970037742,35.87489680044706],[114.26528950021032,35.876266000275734],[114.2650412999161,35.87779580013614],[114.26902780029286,35.87770850024714],[114.26872250024326,35.88150399990974],[114.27041390018144,35.88146370038953],[114.2749321004361,35.88776959998711],[114.2821042998736,35.89029020003278],[114.2852825003871,35.89320700000309],[114.28532489982433,35.89469340038016],[114.28021389975174,35.89448139959694],[114.27900959961335,35.89585880034343],[114.26818039970578,35.89520539970948],[114.26471780028635,35.8984047999416],[114.27051769993193,35.905451900085154],[114.26668559966072,35.91090450044237],[114.2671804003553,35.91410479999655],[114.27040189962804,35.91556300033227],[114.26971740043768,35.92470019955459],[114.27147190040796,35.926086800365624],[114.2806119001192,35.92659349999008],[114.28130830003806,35.93356210011086],[114.2856127997909,35.92735490020851],[114.29044569980931,35.92637950001398],[114.29055310044532,35.92455010000714],[114.2940705998783,35.925332899593684],[114.29372040027636,35.927254800268884],[114.2963817001554,35.930665099614714],[114.29467149988989,35.93348739972379],[114.29216129960435,35.93392120030319],[114.2903728996896,35.937669699596995],[114.28559970026606,35.938262600138955],[114.29284939968011,35.94133569958291],[114.29355589988495,35.9447376999849],[114.29670049992819,35.94471390032629],[114.29726800001822,35.94748490040786],[114.301170199745,35.94896629965507],[114.30156419992795,35.953796800282134],[114.30529680010727,35.95351749963294],[114.30270749995123,35.95645180041032],[114.30332890000875,35.95972139992273],[114.30068850037401,35.9599000997099],[114.30036110038452,35.958048199564814],[114.29860069996244,35.96020410023908],[114.28934530014556,35.96042189985087],[114.28742610013444,35.95996510000941],[114.2867038995654,35.95697869970729],[114.28370039955382,35.95647560006893],[114.28442539971252,35.95387669965004],[114.2816290000784,35.953122100104906],[114.28256109971505,35.950187700402125],[114.27955759970348,35.94742080032972],[114.2716862996831,35.94767230023649],[114.27406839963703,35.95429589973605],[114.27210060026255,35.95697869970729],[114.27468979969456,35.958152400412985],[114.27417189991331,35.96150569982825],[114.27023630026508,35.96443970023205],[114.27158269958193,35.96770869989666],[114.27541479985314,35.97064249975159],[114.27531119975208,35.97474969993874]]]}},{"type":"Feature","properties":{"shapeName":"Ruzhou City","shapeISO":"","shapeID":"62558664B28967036934036","shapeGroup":"CHN","shapeType":"ADM3"},"geometry":{"type":"Polygon","coordinates":[[[113.09490179977831,34.18465040019589],[113.09963230029052,34.199302399586145],[113.09742730022981,34.20663090029586],[113.08776829996714,34.212367899558956],[113.06896980001636,34.21673939970361],[113.06289679964766,34.220184400289895],[113.06040930004917,34.2245368995583],[113.06098180036986,34.23666739958088],[113.06767279956011,34.26620089995163],[113.06546780039878,34.27673740021089],[113.06076830041684,34.28361139974635],[113.05219279975802,34.284305400274036],[113.04194630028155,34.28202839959101],[113.02673330020173,34.28364190025354],[113.01870729970221,34.287540400169405],[113.00572179982123,34.30036940002782],[113.0026777997407,34.30151739990811],[112.991538799576,34.30197889960658],[112.98935679967667,34.3032609002704],[112.97609729975068,34.30290239992587],[112.90305330016974,34.293514399569915],[112.8648528003165,34.30288690011042],[112.8407668002477,34.30126940016277],[112.83384630036653,34.30332190038547],[112.83989729972063,34.33263390043419],[112.83601379959725,34.340877400171905],[112.82631680028021,34.34109889959461],[112.78424830011897,34.33693289993346],[112.76928729996894,34.3378288998839],[112.7551573003692,34.34330339963225],[112.73301680008535,34.33708589979449],[112.72112280017711,34.3354604003772],[112.71003729978167,34.33475890040296],[112.69425230030345,34.33839039969723],[112.68650029984906,34.33791740036776],[112.66493229988578,34.33077240002632],[112.652748300094,34.33097440034834],[112.63361379993694,34.338714400249444],[112.62696830014704,34.340068899759956],[112.6178283004358,34.33935940031614],[112.60179879957502,34.33244689990454],[112.597412299638,34.3225938996888],[112.57698079992406,34.30879590011074],[112.56733680035313,34.299835399684014],[112.56379679988243,34.286315900358545],[112.5477903000824,34.277564899700394],[112.54836280040297,34.272300899766776],[112.55198680025069,34.26521290025522],[112.56974029967512,34.25587839966846],[112.57198329968958,34.248557900226956],[112.56815330023471,34.24213389985965],[112.55383279994385,34.22652440038081],[112.55802129974325,34.21691889988739],[112.56523879983081,34.210754399795746],[112.58276380040911,34.186763899634286],[112.5872803000459,34.16227739998209],[112.59033179957294,34.15976690022234],[112.60720829992317,34.15408689999049],[112.61192329972062,34.15066539958855],[112.61443330035661,34.14471789961141],[112.6103363002801,34.13051190010418],[112.60238629968808,34.11583689965323],[112.59668680035566,34.090400900281395],[112.5972898002841,34.07987190036795],[112.59538279957656,34.07345190018509],[112.5714032999224,34.06399540026757],[112.5695267997221,34.04979340004542],[112.56652079959531,34.044746400226245],[112.53266130027885,34.02861039985015],[112.5266188004174,34.02355190039992],[112.52774029997488,34.01966490011512],[112.5338138003666,34.018081399936705],[112.54347229970688,34.0181119004439],[112.54872129984813,34.01583889994532],[112.55037679974953,34.013324900024145],[112.54875180035538,34.00988389962231],[112.5413208003148,34.00551240037703],[112.53913880041534,34.00000740012149],[112.54164880015207,33.994521899865845],[112.54744729955326,33.99339339998545],[112.56123330037656,33.99526590000136],[112.56896229977042,33.993003900010024],[112.58251179957995,33.9831923999094],[112.60459129974879,33.977073400117376],[112.62111680010025,33.98238390039671],[112.63352180019103,33.98424539990532],[112.64594280012022,33.9803848999432],[112.66472630027863,33.965541899838854],[112.67745980022971,33.95160290005384],[112.68768330044406,33.94520940019373],[112.6992567999614,33.94454590017318],[112.71192180035086,33.94777689988405],[112.71633929991879,33.94709790004811],[112.71909330011579,33.950538400426865],[112.71880330023214,33.95465839976538],[112.71408830043481,33.963352399593646],[112.71627779978064,33.969768399592],[112.71958180015997,33.970916900394684],[112.7311628000233,33.96864640001138],[112.73584730021275,33.970485900304084],[112.73695379997798,33.973007399671815],[112.73583230042038,33.976210899913156],[112.72424330018816,33.984435899697075],[112.725326299769,33.98833090035083],[112.72724930031507,33.99016590043601],[112.74461379978709,33.994087399613875],[112.75150280001424,33.997302900408556],[112.76114629956214,33.99869139968837],[112.77189629977443,34.003516900084946],[112.7798917997668,34.00581740005305],[112.78485880039341,34.004676899619255],[112.79424279966554,33.99850840024254],[112.82263929976398,34.005634399707844],[112.83863079977164,34.01114240010173],[112.84552780036779,34.01115039957131],[112.85822280034199,34.004745400080196],[112.88332379955375,34.00613340023631],[112.89904030036962,33.9969788998564],[112.9120023000662,33.9942359001667],[112.93654629967205,34.002712399857444],[112.95944229972247,34.00568390019191],[112.98840329977247,34.01323290027818],[112.99861130017143,34.018035899637084],[113.00855229994875,34.027648899577116],[113.00855229994875,34.032687899926714],[113.00469980035552,34.04505540008671],[113.00060280027913,34.097263400185795],[113.0105513004022,34.11237340001247],[113.02381879979782,34.124957900286915],[113.06390380022026,34.14805239959861],[113.08991229991273,34.175498899954334],[113.09490179977831,34.18465040019589]]]}},{"type":"Feature","properties":{"shapeName":"Ruyang County","shapeISO":"","shapeID":"62558664B34865762784133","shapeGroup":"CHN","shapeType":"ADM3"},"geometry":{"type":"Polygon","coordinates":[[[112.3638688000052,34.2257844004298],[112.36618779992705,34.20976640009934],[112.3621218003808,34.19829940009731],[112.34422279964258,34.18882740036429],[112.33957680032916,34.17987440028338],[112.34353630036003,34.16821689959028],[112.35024280026505,34.15702839984084],[112.35027329987292,34.15221790013601],[112.34451280042549,34.14646540015815],[112.3343123003724,34.14344040005449],[112.33071880013256,34.14364989982306],[112.32116680030765,34.12688840027948],[112.3038328004435,34.11901489961798],[112.30362679993698,34.10985189974542],[112.3293378002993,34.06716139967892],[112.327461300099,34.05982590044499],[112.32335679967662,34.053164899940214],[112.32398229974342,34.04446389978921],[112.33447279968004,34.04428839978988],[112.34056830018699,34.04042489968941],[112.34171279990585,34.035163899894144],[112.33650980008724,34.02872839989578],[112.32469180008661,34.0227129003801],[112.31611630032705,34.02427689965924],[112.30117029996939,34.03266889994984],[112.2928772997476,34.03445789971238],[112.28295129976277,34.03326390040871],[112.27718329996935,34.030025400351974],[112.27171330042859,34.024040400444164],[112.2679823001431,34.00707639965617],[112.26226029977306,33.99903090005603],[112.23999830018147,33.98974589995339],[112.23261280044039,33.98237590002782],[112.22416680035758,33.96950540005423],[112.20797730021229,33.96116640040913],[112.20414729985805,33.95679090008002],[112.21518679993096,33.92296589965662],[112.2144622997954,33.91219690036672],[112.20173630019019,33.88510140000966],[112.2015608001908,33.87479390041824],[112.20604680021972,33.86520389974021],[112.20649730031028,33.84436790025842],[112.21044929999528,33.83362939967708],[112.21823880038039,33.82428390038177],[112.27050779969522,33.82732789956299],[112.27411629972755,33.8229944002714],[112.27835880021848,33.8079068996837],[112.29730980000727,33.81327039970921],[112.30988329977447,33.82501589996389],[112.31728380020729,33.82986439962241],[112.3453063001457,33.83595289980656],[112.36398279986633,33.84382989973017],[112.37306979983146,33.841811900199104],[112.38025680031114,33.83634539992033],[112.40104680036961,33.81307989991751],[112.4098968001972,33.807395900400536],[112.4175872996143,33.80788440044478],[112.42746730017586,33.81227889985138],[112.4504472996033,33.83778739986866],[112.45616929997323,33.847201899647985],[112.46851329994888,33.856864900095104],[112.47949980027568,33.86125940040108],[112.49355329994489,33.85993539959907],[112.50675980012477,33.860439400358075],[112.52812979995042,33.88180940018373],[112.53550730022175,33.8937454002301],[112.53547679971462,33.90015389988264],[112.53050229964151,33.90380089989168],[112.50900280013923,33.90785189964549],[112.49656730044057,33.91444789985076],[112.49073779960986,33.922897400094996],[112.4918137997671,33.92748240019267],[112.52481830012448,33.939506399800564],[112.53221929968095,33.94891740031784],[112.5345227997874,33.986938399987196],[112.54164880015207,33.994521899865845],[112.53913880041534,34.00000740012149],[112.5413208003148,34.00551240037703],[112.54875180035538,34.00988389962231],[112.55037679974953,34.013324900024145],[112.54872129984813,34.01583889994532],[112.54347229970688,34.0181119004439],[112.5338138003666,34.018081399936705],[112.52774029997488,34.01966490011512],[112.5266188004174,34.02355190039992],[112.53266130027885,34.02861039985015],[112.56652079959531,34.044746400226245],[112.5695267997221,34.04979340004542],[112.5714032999224,34.06399540026757],[112.59538279957656,34.07345190018509],[112.5972898002841,34.07987190036795],[112.59668680035566,34.090400900281395],[112.60238629968808,34.11583689965323],[112.6103363002801,34.13051190010418],[112.61443330035661,34.14471789961141],[112.61192329972062,34.15066539958855],[112.60720829992317,34.15408689999049],[112.59033179957294,34.15976690022234],[112.5872803000459,34.16227739998209],[112.58276380040911,34.186763899634286],[112.56523879983081,34.210754399795746],[112.55802129974325,34.21691889988739],[112.55383279994385,34.22652440038081],[112.56815330023471,34.24213389985965],[112.57198329968958,34.248557900226956],[112.56974029967512,34.25587839966846],[112.55198680025069,34.26521290025522],[112.54836280040297,34.272300899766776],[112.5477903000824,34.277564899700394],[112.56379679988243,34.286315900358545],[112.56733680035313,34.299835399684014],[112.57698079992406,34.30879590011074],[112.597412299638,34.3225938996888],[112.60179879957502,34.33244689990454],[112.58547230030649,34.33148939981601],[112.57158680029067,34.33946239967008],[112.55378729964423,34.35635389981269],[112.54463979958712,34.3597604004222],[112.53605630035804,34.357211899809386],[112.52501680028513,34.35053640043458],[112.50536329957663,34.35138339992403],[112.4865872997641,34.33918390031681],[112.45865630044796,34.33266440004206],[112.44840980007223,34.33308389960234],[112.44146730007594,34.33580390002999],[112.43370079985209,34.33943540022358],[112.43063329958716,34.34400190036746],[112.42006679974304,34.34968139967691],[112.41175829970587,34.35033390008948],[112.4048463002166,34.34778590039906],[112.39520279976944,34.340873900010536],[112.38777930007473,34.333057400178916],[112.38229379981908,34.3250199000484],[112.38012679971212,34.31768389989213],[112.38321680011529,34.30922290001689],[112.409126299739,34.282775899887895],[112.41335280039152,34.272487900296426],[112.40956130001405,34.25942240032356],[112.40879079955585,34.24980140001463],[112.4135283003908,34.24386589969157],[112.41468829992516,34.23471440034933],[112.40918779987715,34.229652399838415],[112.39539329956119,34.226844899872276],[112.37245180011053,34.22422390041271],[112.3638688000052,34.2257844004298]]]}},{"type":"Feature","properties":{"shapeName":"Ruicheng County","shapeISO":"","shapeID":"62558664B74952068197098","shapeGroup":"CHN","shapeType":"ADM3"},"geometry":{"type":"Polygon","coordinates":[[[110.40665500002831,34.58419389992861],[110.42013860021626,34.58767450017808],[110.48517360008162,34.61502520025283],[110.50101120000693,34.604095900405525],[110.51563050004762,34.58704730039267],[110.53919600039518,34.58226199969158],[110.55900109982099,34.587548800137085],[110.57642250029824,34.588351099723525],[110.60151900020173,34.605900800181814],[110.63087939996439,34.61552660017253],[110.64817890003627,34.613822099810136],[110.678196699718,34.607000199799415],[110.68667649992062,34.60660280017913],[110.68996579998174,34.60199010006312],[110.70799629958964,34.60610140025949],[110.72419940018221,34.640788700338305],[110.73041260036126,34.64489810026714],[110.73321460007378,34.65311630027708],[110.75176210014087,34.65476160006784],[110.77597609981723,34.65321650004148],[110.7913264002932,34.64850620010111],[110.80570200024715,34.63026380043408],[110.81154979958364,34.61943670044343],[110.81885940014126,34.61652920036238],[110.82811830011951,34.61743150006373],[110.84453079975668,34.6360471003934],[110.85147009996518,34.640437499790835],[110.88254489982734,34.64860329990245],[110.88863659979933,34.652564100353004],[110.89549260030333,34.66199490034444],[110.9112725995509,34.72021739991311],[110.91373530034389,34.72673669963905],[110.91942859975012,34.73396210027079],[110.92508449994978,34.73404230001216],[110.93701639998693,34.72929729973066],[110.94915200006483,34.72229109985443],[110.96219630031908,34.73230339968222],[110.9643173001034,34.73645789971238],[110.96391280033555,34.74240489966644],[110.95767230033647,34.747340899762776],[110.9469833002392,34.75220890032057],[110.94127629966158,34.75784290022972],[110.93740780022983,34.76854339995799],[110.93463880024052,34.80307789982527],[110.92807779985066,34.832965900356044],[110.92208879975834,34.8388213996879],[110.90666980007126,34.84292289997188],[110.89025130015744,34.842193399605776],[110.86096929969347,34.843540399669735],[110.84625980034957,34.84123240025514],[110.82195279998177,34.83280940033359],[110.80706030029268,34.822424899889256],[110.79921949988005,34.82058090028835],[110.79468910032176,34.82299409969801],[110.78890130015492,34.82181520001154],[110.77578109981795,34.824387100084664],[110.76837810016923,34.82323340030126],[110.76398569978028,34.81852709964596],[110.74991859966372,34.812714499774415],[110.72011410028557,34.80885220026886],[110.71567830041329,34.80358410032602],[110.70701449981937,34.80012869997955],[110.70052700012104,34.794215699794734],[110.69762820008145,34.79428430008045],[110.69269250035865,34.79894510043607],[110.69092360044385,34.8049563002931],[110.68844809960018,34.80758179996013],[110.68143419972859,34.80571859983354],[110.66812830018097,34.79970520023488],[110.66719070029063,34.791853000015976],[110.65925769958324,34.78954070004335],[110.65793919993416,34.78434180023396],[110.64972359986433,34.782195099624175],[110.63769999955542,34.78428850011426],[110.62190830012798,34.79303949987309],[110.60590740040624,34.79367389963079],[110.60151459981898,34.792048099839974],[110.59097460029761,34.79724889991684],[110.58498500035756,34.79159759974948],[110.57192249962372,34.79071649976669],[110.56167240016117,34.795225099758625],[110.55292539968752,34.79597100016156],[110.54314199980348,34.80572340041465],[110.53785420021126,34.80690430019337],[110.53244340034269,34.80371429967522],[110.52561109967257,34.80536549991791],[110.52079440004161,34.80466280024808],[110.51596049997715,34.80177010030991],[110.50134029971514,34.8079205997559],[110.49809430021185,34.80468809997586],[110.49216029995796,34.803601200035416],[110.48625399972235,34.79785509963318],[110.48475130003254,34.79277519991558],[110.48001189982938,34.79139289966264],[110.47780090039129,34.78089249998891],[110.47276829961737,34.78035329976501],[110.4683827997265,34.78258899998241],[110.46277640001091,34.77957219989713],[110.45890999959687,34.780763100136994],[110.45320700010302,34.779016399986915],[110.45001720013374,34.779731000385425],[110.44702070044502,34.77679339999548],[110.44151100033247,34.77822250006835],[110.43790629993583,34.78098280001626],[110.42968530033642,34.781210899563405],[110.41667499985141,34.7694135003328],[110.40550469968218,34.76342829987618],[110.39860290030367,34.765452500232755],[110.38187269986526,34.76507259962085],[110.37645799963701,34.76186569994218],[110.35838239992785,34.760436300394986],[110.34658670041597,34.755428600049925],[110.34540810020371,34.75291550035013],[110.32949239955468,34.74580549982403],[110.32822410006224,34.74399650003852],[110.3235843996004,34.746141000007185],[110.32000790014456,34.75130349975677],[110.3147671000217,34.751349500079414],[110.30850519975525,34.74367880013659],[110.31285500015821,34.74042220032436],[110.31324159982006,34.73843640011984],[110.30492880012406,34.74097819988407],[110.30753860032621,34.73637109984645],[110.3064977996338,34.735298500025806],[110.29864579996377,34.73486189985687],[110.2961326004392,34.72874509980659],[110.29690589958767,34.72262779973323],[110.29180370028058,34.71760869958189],[110.2893663001147,34.71102770006837],[110.28588650026182,34.70840550001384],[110.28347000034029,34.708802799809405],[110.27950690032327,34.70363770011983],[110.27921690043968,34.700856300278076],[110.28259710037594,34.69826149986835],[110.2822134001284,34.694419099661786],[110.2797112002118,34.69136130038373],[110.27834689988958,34.6819405997789],[110.27442689988158,34.67678210021381],[110.23701510006686,34.67269869968527],[110.23465619992373,34.65651409994581],[110.25431720007879,34.64945660004213],[110.26396889964508,34.63578109981796],[110.27000750004618,34.61171609981818],[110.30062869985466,34.612308500337065],[110.3324498003181,34.605914299905066],[110.36425509969314,34.60551650008648],[110.3690719000482,34.60148870014342],[110.36931550031017,34.59416800015316],[110.40665500002831,34.58419389992861]]]}},{"type":"Feature","properties":{"shapeName":"Queshan County","shapeISO":"","shapeID":"62558664B67836844864649","shapeGroup":"CHN","shapeType":"ADM3"},"geometry":{"type":"Polygon","coordinates":[[[114.21317280018468,32.63854190018861],[114.20568830037485,32.64364990012285],[114.19642630043347,32.65330890038547],[114.19230580017256,32.66353990004637],[114.19407629998136,32.66771290003038],[114.21307380011581,32.685130900170975],[114.21559130019841,32.691383399824076],[114.21372979979049,32.698688400349454],[114.20957179959896,32.70157640043061],[114.20384980012818,32.70236189978192],[114.17756630034455,32.692352400442985],[114.16458129958733,32.690902900148785],[114.15931679963069,32.694221400297465],[114.14988760043252,32.70845640024271],[114.15117460042757,32.71100299968873],[114.1606368002482,32.71788479994359],[114.16071599994348,32.725964499861846],[114.16208020044098,32.72665500022811],[114.1656084998325,32.72274230001716],[114.16961789964637,32.72166279969849],[114.17715559975125,32.73002790036736],[114.18355940044603,32.73264839980385],[114.18645749991379,32.737177999864855],[114.19229829982669,32.74203289999838],[114.19749909990355,32.743974899621946],[114.1994618001221,32.747394800129996],[114.19358079961432,32.75239190016612],[114.19568860004892,32.75846050015201],[114.18414279965054,32.767551399577485],[114.17616280037305,32.77104189956407],[114.16560379997543,32.76987839986833],[114.15971379995199,32.766990399787176],[114.15561679987547,32.76758190008468],[114.14617929993483,32.77401740008298],[114.14524079982311,32.77790090020642],[114.1476898003441,32.7862168996902],[114.15315230043836,32.79368989986904],[114.16480229988633,32.79487989988752],[114.1702802997961,32.793399899985445],[114.1753998002606,32.794891900440916],[114.17767329988294,32.80894840024854],[114.18123629961565,32.8161434001978],[114.18035929964208,32.82690790017949],[114.14418030038064,32.85315690017086],[114.14010629956613,32.86155339976966],[114.14084630041646,32.87213140014404],[114.13688680038558,32.87662889980396],[114.13384230028203,32.87861989988852],[114.12287880011661,32.88111890001727],[114.1200637998046,32.884036899683224],[114.12283329981699,32.890987400048516],[114.12872329984043,32.89388289957623],[114.13793180001267,32.895240900147485],[114.14405079980463,32.8995169003847],[114.14518029973112,32.906657899642425],[114.14375329957522,32.90892039965678],[114.13984680018973,32.91135390036226],[114.13303379987008,32.91211290029014],[114.12745679989143,32.916343900250865],[114.11695879960894,32.921146399586746],[114.09931930004575,32.919585899569654],[114.09629830012648,32.92043289995843],[114.08551029996045,32.90571989955379],[114.04870579973294,32.8991128997406],[114.00057229957201,32.91043840041192],[113.97131330016873,32.923648899876866],[113.93073280027852,32.934028400090654],[113.89392830005102,32.95384989955329],[113.84674080034767,32.96045290008135],[113.82220480021147,32.966117899621395],[113.79920880004613,32.99450509983052],[113.79485350028892,32.99188849985444],[113.79471839963446,32.98905820027579],[113.79687299988905,32.986204500337465],[113.79321279963108,32.98317340013239],[113.79834729988806,32.979640800182835],[113.7984606999014,32.977452800006745],[113.79284679984005,32.97492990039461],[113.785682800421,32.966968400171595],[113.77831229957303,32.96450039967374],[113.76867680039413,32.95586389979917],[113.74671180010955,32.908153400259266],[113.73388680043558,32.87526339978615],[113.72753129962985,32.86431140015105],[113.7182388000806,32.86048139979681],[113.70897680013923,32.85939390000851],[113.68804179968936,32.86158690041515],[113.66490180007804,32.86080939963415],[113.65560929962953,32.85674290006483],[113.64034279978046,32.853172399986306],[113.63377379992096,32.847484400284884],[113.63095829958593,32.83673840025699],[113.62811279966604,32.785919400360115],[113.62888330012424,32.746982399817966],[113.62964630023657,32.74079889974945],[113.64009079985055,32.720588400334464],[113.6413878003068,32.71302390043269],[113.64517230036142,32.71048340018882],[113.65466330007132,32.70767990040713],[113.66571829995962,32.69822289956721],[113.67603279987384,32.697704399938175],[113.6885527998719,32.699458899908336],[113.69613629975049,32.69757840042291],[113.70559679985251,32.692481900119674],[113.71288280040096,32.68648140039636],[113.73764029995993,32.661819399845456],[113.7454833001143,32.6583324000203],[113.7685622996105,32.65817640002092],[113.779121300008,32.65535340023928],[113.78151679986047,32.65076039977271],[113.78164679956024,32.63541439985471],[113.78720829972326,32.62118140000166],[113.80499279967808,32.607772900399084],[113.8124388004104,32.62008289970612],[113.82443979985692,32.62594989956824],[113.85133379991498,32.62804039974469],[113.86351779970676,32.62519839998623],[113.8815612999141,32.612235900266626],[113.89156329980653,32.608951399887246],[113.90187829974377,32.60932940023167],[113.91134630019167,32.60741790021598],[113.91969280018259,32.6009409001025],[113.92312630023866,32.59244140025049],[113.93063380020976,32.58345040021584],[113.93292229962447,32.57106390007897],[113.94969929988281,32.520549899858054],[113.95584880018203,32.513629899999955],[113.97147380037563,32.50456640021923],[113.98013330041158,32.503345399670536],[113.98719779973874,32.505344400124045],[113.99594880039683,32.511680400030514],[113.9999998001507,32.51686489989527],[114.02523029993847,32.5264203998816],[114.04711930031556,32.544399399812505],[114.0546493004249,32.54595539962207],[114.05909729960081,32.542621399657946],[114.06001279955115,32.531394899954705],[114.06577279987482,32.520972899579704],[114.06683330021667,32.50562290037658],[114.07142629978398,32.497237900408834],[114.07920080037673,32.49168789987675],[114.08123779988466,32.487373399662715],[114.0791398002616,32.485259900224264],[114.0718688004049,32.48416540011317],[114.07005380034263,32.4815979004228],[114.0707703001093,32.468070899852194],[114.07372230044382,32.460799899995436],[114.08415979973506,32.455997399760236],[114.10294329989347,32.45299889997932],[114.11766029958324,32.45816790002863],[114.1311873001539,32.466750900134],[114.15099329980103,32.46560690043816],[114.15689829961684,32.46689240036403],[114.15915680034607,32.472453899627794],[114.16156780001404,32.490180899628854],[114.17433929991887,32.497363899924096],[114.17835980006475,32.4986038995504],[114.18245680014127,32.4973218997859],[114.18524930031504,32.500888899703],[114.19560979965263,32.50709539993284],[114.20192729960525,32.51297390032528],[114.20829029985748,32.52597439999863],[114.21067029989445,32.527866400014375],[114.22902680014681,32.529887899706864],[114.23516079973115,32.53301239990236],[114.23008729958929,32.5480423996371],[114.2317808003437,32.56322840027053],[114.23097279995477,32.57193389972974],[114.22511280041545,32.57753740003102],[114.22688280020111,32.5817068998536],[114.22361729979866,32.59058390002701],[114.2280197995741,32.605830899876196],[114.22601329967415,32.609454899723914],[114.21546929996828,32.61702339981008],[114.21263879984076,32.620857400348825],[114.21556079969116,32.631480900123506],[114.21317280018468,32.63854190018861]]]}},{"type":"Feature","properties":{"shapeName":"Qinyang City","shapeISO":"","shapeID":"62558664B31741440721256","shapeGroup":"CHN","shapeType":"ADM3"},"geometry":{"type":"Polygon","coordinates":[[[112.75339420018224,35.20584379995148],[112.75355540006171,35.19841379995694],[112.75596720012629,35.19733409998878],[112.7557983002514,35.1899224002986],[112.76560170015841,35.18434240018166],[112.76592290022177,35.181455099773075],[112.76173700036236,35.17791770014179],[112.76195970037998,35.170693299556206],[112.75564600006294,35.166360699586676],[112.75492190012562,35.16140280009921],[112.75131039995506,35.16071589971904],[112.75034700031392,35.159009300338994],[112.75243450035202,35.15717139994018],[112.75234470034775,35.15142219957488],[112.75596720012629,35.15073820040766],[112.7576114998709,35.145593300390544],[112.76037670022458,35.129415100226765],[112.75982100013914,35.12119189998623],[112.76656519962432,35.11068390014191],[112.75901719958415,35.10952370005879],[112.75564600006294,35.10621759976249],[112.7569212000534,35.10263130039425],[112.74890179967838,35.10188239985291],[112.7487411996467,35.08703600031123],[112.74039130021845,35.085722099795134],[112.73791640012178,35.0787943001169],[112.74430229981135,35.077515699789785],[112.74199700016152,35.06955850012474],[112.73493170043764,35.06666709970693],[112.7338382003727,35.06289699959689],[112.73075670036144,35.06364420041956],[112.7302750000913,35.05549490016955],[112.73348649980221,35.05496909984413],[112.74119419965268,35.05838660006157],[112.73990959994819,35.05496909984413],[112.73525279977696,35.05220860024673],[112.73204130006604,35.05207720030262],[112.73155959979579,35.04734469969816],[112.72727410001971,35.04680090034134],[112.7265996003913,35.043961100324566],[112.739921300128,35.04637140031991],[112.74662029968715,35.04569689979212],[112.75583630020515,35.043422900146766],[112.76310730006196,35.03931440043925],[112.78884880003216,35.00798439996015],[112.79360980015224,34.999976900313754],[112.80087279964005,34.99426290031266],[112.81231680038013,34.99473190035695],[112.83741779959189,34.99887439983371],[112.84786979955163,34.99570090007654],[112.85472880019404,34.99430839971291],[112.8653332999919,35.00003790042882],[112.87229930017259,35.00759890016917],[112.87480179956344,35.01354990030768],[112.87925729998449,35.01698689962575],[112.88764179992916,35.018592899942405],[112.89378329985948,35.01676190004173],[112.90969829993662,34.993419400085315],[112.92169880025949,34.98884190033351],[112.92783329986696,34.989070900102035],[112.94039129981866,34.99204639972163],[112.94709030027718,34.99685290014128],[112.9549027999243,35.0167654002031],[112.9616013003598,35.02272039962679],[112.97054279991039,35.02706889961007],[112.97918680013083,35.02843839981233],[112.98924229979241,35.02797690011391],[113.01323680013832,35.02590189975291],[113.02384930030507,35.02314740043221],[113.03446179957245,35.02360139978481],[113.04228229958846,35.0270269003712],[113.0462037996657,35.032287400143446],[113.04659700035131,35.03744360014207],[113.02878719976957,35.039373899585826],[113.02375440024548,35.044105599793625],[113.0248752001304,35.04771900023172],[113.02296100034994,35.054512399827445],[113.00968179987524,35.061493999648405],[113.00387460043248,35.062056100208906],[112.99725080038422,35.06548589955469],[112.99968609973382,35.072056100009036],[112.9970651002742,35.07758919958195],[112.99196919981875,35.078905899687584],[112.98441850001382,35.08439199979102],[112.98483789974932,35.085536200035676],[112.97329599971067,35.09065080009441],[112.96909500023412,35.103101599958904],[112.9629959995658,35.10623599989151],[112.95857239989641,35.11308600011887],[112.96123850035656,35.12215829976577],[112.94739410025761,35.134942200422245],[112.94801710020909,35.14452750034394],[112.94401960022446,35.15058740028837],[112.94837950001397,35.15435479973428],[112.94852899971363,35.157288599589265],[112.95497850035758,35.158939799831955],[112.9579649995851,35.16287550020422],[112.96798679985102,35.17001679983548],[112.9710702001297,35.17560039993856],[112.98682939985702,35.186275299565466],[112.99062850040502,35.198437099592525],[113.00057579993324,35.203840400014485],[113.00548870004354,35.21031890019714],[113.00605000020744,35.21357969984331],[112.99953769990498,35.22683390006449],[112.99600290021374,35.22509489990978],[112.99402830016595,35.21538980039901],[112.98944649985617,35.214817899926175],[112.98754729986808,35.21202499955416],[112.98454160011477,35.21138439987021],[112.98022380028817,35.21386640011434],[112.98378849973949,35.22341189963953],[112.98176039992256,35.229098699645306],[112.98241229958796,35.23213399968438],[112.98955450033998,35.23511189959453],[112.98855280037151,35.24017430030375],[112.98793589962213,35.24244150017512],[112.98511549978059,35.24296500003476],[112.98404020019518,35.24475759978344],[112.98694699970429,35.24723869980619],[112.98628859973917,35.24958510027221],[112.9813486003577,35.2510050002806],[112.98070089962687,35.249019700099154],[112.97836639988952,35.24847489979686],[112.97244819982461,35.252991699807126],[112.9717954997626,35.25608309955544],[112.97640199995237,35.26176690032224],[112.97995209980957,35.262821000189035],[112.98729949977212,35.26340390026985],[112.98863550022827,35.26034200008331],[112.99094370019168,35.26095710038993],[112.99154699959445,35.26554149974049],[112.99546260011891,35.26966700023195],[112.99515000027236,35.2744071999324],[113.00212380027324,35.28290199992739],[113.00618810010076,35.29241780024137],[113.00534340017782,35.29377300032377],[112.9978299997548,35.293513199674464],[112.99527099955708,35.29526619957551],[112.9951920004105,35.29820260026986],[113.0000077998202,35.30052610039928],[112.9979675996251,35.3054695001174],[112.9875692999833,35.306858600144324],[112.98565679992146,35.31039609960038],[112.98156349965586,35.3114317004127],[112.98682749958948,35.29995679986649],[112.98444799957554,35.291455100272685],[112.9786860998837,35.28926590040106],[112.96905159985147,35.291756199588974],[112.96102279976242,35.295688100325606],[112.95411800024556,35.29372220031934],[112.94849780043319,35.28926590040106],[112.92971039991505,35.285595900230646],[112.9292286996448,35.28061489985777],[112.93147679971457,35.2753713999702],[112.92971039991505,35.26435890024311],[112.92387090042178,35.25760160033366],[112.90787209971768,35.249148699752766],[112.9011279002325,35.24744389991611],[112.8913328001687,35.25085339976465],[112.88089529997819,35.248361899981774],[112.87928960003512,35.24560799960955],[112.86194730032776,35.24573910007945],[112.85054639959674,35.250460000328815],[112.84878009962199,35.256360800310745],[112.84476569957747,35.25426279978842],[112.8357734000225,35.25701639978706],[112.81191720011873,35.25961570040431],[112.81024189984385,35.258589799679555],[112.80831490001265,35.25164020043496],[112.7925784998979,35.240624500020715],[112.78342570013604,35.23957529966043],[112.77950239961615,35.23675050033535],[112.77892949999648,35.23301759978244],[112.78133820009793,35.22908269980678],[112.78021409970097,35.224885199592336],[112.77475459974505,35.223048800162076],[112.77346990021579,35.21727680018421],[112.76865269966243,35.21006120036418],[112.76104469955328,35.204836999927636],[112.75339420018224,35.20584379995148]]]}},{"type":"Feature","properties":{"shapeName":"Qingfeng County","shapeISO":"","shapeID":"62558664B79541933099970","shapeGroup":"CHN","shapeType":"ADM3"},"geometry":{"type":"Polygon","coordinates":[[[115.4091492003754,36.00292969994575],[115.3998873002588,36.0024719000582],[115.34874729994795,36.006972899879486],[115.33915730016929,36.00694290029469],[115.33328229993822,36.004073900190406],[115.32023629996536,36.012828900133684],[115.31121779956186,36.01279839962649],[115.29962179990616,36.00328439975527],[115.29434979960365,36.00243390010445],[115.275725799606,36.005111900393956],[115.25006079956631,36.00316639970964],[115.2421568001962,36.00680540024905],[115.23284129958631,36.00836940042751],[115.21070879967147,36.002731400333914],[115.21694929967055,35.99078389975722],[115.21656029971814,35.98527540023957],[115.21494279977048,35.98294439976428],[115.21019730036517,35.981242900439554],[115.20171380035163,35.98197990025227],[115.19143680036814,35.98566040000753],[115.18882679961712,35.987899899860565],[115.18807229989682,35.99384689981463],[115.19553380044465,35.99865740041872],[115.19900480043123,36.00324239961708],[115.19918079955437,36.00709890029407],[115.19333629983043,36.013164400316896],[115.18264779975618,36.012477900135025],[115.16957829959892,36.01540440019295],[115.13427730035721,36.03920389964031],[115.13804579967393,36.043445400085204],[115.13227079955777,36.04787840036795],[115.11276230014005,36.052314899912744],[115.097740299875,36.05304690039418],[115.07952129966827,36.05066340019579],[115.0575333001218,36.04994590038302],[115.04070280009421,36.05654890001176],[115.02887729974759,36.064281399566994],[115.01741029974562,36.07595840025999],[115.00121309960491,36.08551030026018],[114.99960329965256,36.083625799690935],[115.00039670044748,36.07878490020306],[115.00792690020637,36.075015999788604],[115.00524899974164,36.072326700416966],[114.96811680005032,36.068019900198294],[114.96164699990914,36.07366939992289],[114.95680999988167,36.07259370013918],[114.9565430001594,36.06640629971099],[114.93850710012259,36.06721120013685],[114.92371370032708,36.05887219959237],[114.9220963002042,36.05214309972433],[114.92478940011074,36.04810709976289],[114.92263789981928,36.046222699917735],[114.9175262998989,36.04649340035019],[114.92003629963563,36.04277040043371],[114.9412233000154,36.02677140008012],[114.94566329972156,36.02091990003339],[114.95111080002346,36.01004789959097],[114.94970680002882,36.000011399906214],[114.95703129965477,35.99811190044392],[114.97393779958986,35.98691540032553],[114.97808880035791,35.978271400105086],[114.97946930016815,35.967288899962796],[114.9741288003039,35.94267289973459],[114.9679033000973,35.93156790023846],[114.9702683003419,35.914867399910634],[114.96219630041901,35.88631039960529],[114.94761629985237,35.85947789968537],[114.92534629989188,35.836875899703045],[114.94358830025988,35.81607440001358],[114.95226280008819,35.818279900097366],[114.99614730035773,35.819663900068974],[115.02188129998206,35.82671339960376],[115.03794879989721,35.82581340036819],[115.0713423002071,35.81806940028264],[115.11437229974194,35.81962940027665],[115.16441329973406,35.809810399830155],[115.17932130013799,35.810020399621806],[115.20329280032252,35.807838399722414],[115.21040329997243,35.80450039957384],[115.2155613004137,35.79975890035303],[115.21951280007568,35.79889289998738],[115.23045330007983,35.801338400346935],[115.23432180041084,35.8043749000816],[115.23995230015862,35.80422190022057],[115.24060829983318,35.799644399569445],[115.23665630014818,35.78629289989749],[115.23931879972292,35.78293989995649],[115.24546029965313,35.78228740044324],[115.25553880037535,35.78471740008797],[115.27393329968208,35.793906900283275],[115.2840273002198,35.7954178998163],[115.29376230038986,35.78706739964082],[115.3033827997765,35.78444290001988],[115.31343830033734,35.78801340009841],[115.32617929973492,35.79645220020893],[115.32888290012579,35.80496250001943],[115.32846450043644,35.80636340005094],[115.32609340009037,35.80562380029818],[115.32652259973827,35.80926079984607],[115.32443049966787,35.80815580015013],[115.32642599995995,35.809521800190964],[115.3272629000628,35.81777840035295],[115.3326058002176,35.817160700106285],[115.33607120012584,35.82687789999517],[115.3342687995655,35.82732149958758],[115.33489109984441,35.829296099635314],[115.33253069963212,35.829983300389074],[115.33302429973173,35.8316272997601],[115.3302884001896,35.83181859994846],[115.32918329976951,35.83515870001406],[115.33407569983376,35.835915400375484],[115.33184409962553,35.83689830001657],[115.33440829970334,35.837159199637426],[115.33474089957292,35.8406991002833],[115.33569569989675,35.8374983996315],[115.33740159960416,35.84156879956049],[115.33476229984035,35.84087300038868],[115.33490179997818,35.843264800430234],[115.33853890025011,35.84323000026433],[115.3436909004148,35.86103560011293],[115.33245090008904,35.86394880009709],[115.33350840029254,35.870743500112496],[115.3370024004405,35.87033910016942],[115.33760140018455,35.87219959963187],[115.34908160043562,35.8692873996938],[115.35097830030838,35.87041999958336],[115.35187669965,35.878509000290194],[115.35397310027838,35.87915610027386],[115.36087040034874,35.90924839979385],[115.36026230036498,35.92581349999307],[115.35796619988025,35.92969369960463],[115.34738449969495,35.93890820005345],[115.35079909959882,35.9572618998169],[115.35776659984879,35.97228180016498],[115.36345680019122,35.974867100136635],[115.38252389975821,35.975351799645864],[115.38571829975979,35.987307500241],[115.38849639998898,35.99028549997587],[115.4091492003754,36.00292969994575]]]}},{"type":"Feature","properties":{"shapeName":"Qi County","shapeISO":"","shapeID":"62558664B44586313453588","shapeGroup":"CHN","shapeType":"ADM3"},"geometry":{"type":"Polygon","coordinates":[[[114.29040280034906,35.65573430029775],[114.28980589962259,35.65953370032008],[114.2735885996342,35.66317129971577],[114.26970840002275,35.6743255002217],[114.26702209989003,35.67747749988678],[114.24841700004458,35.687660099833806],[114.2477206001256,35.69064989957326],[114.25060579971796,35.700184400389844],[114.25229719965614,35.70285069960016],[114.26085359961394,35.705840000215915],[114.2624455003596,35.71117189986336],[114.25140179955349,35.710929600021075],[114.25140179955349,35.713433899854635],[114.24881500041204,35.71367619969692],[114.25110330017719,35.72038090005856],[114.25349110003435,35.72199639991396],[114.25587899971617,35.72110790030939],[114.25747079973769,35.726034999815454],[114.25369010021802,35.72635800032151],[114.25179979992095,35.72248099959853],[114.24712359957448,35.72240020000925],[114.2468251001983,35.724742600290824],[114.24294489968747,35.72587339973768],[114.24463629962554,35.732496299564616],[114.24244749995228,35.73588830040478],[114.23906470007591,35.7364535998538],[114.23777129960581,35.73919940003236],[114.23846780024883,35.741541300290805],[114.23966169972778,35.74081449968946],[114.24125359957407,35.74210649991511],[114.24085560010587,35.74008769998744],[114.24304439977925,35.738391799841736],[114.24453680043302,35.741541300290805],[114.2495114003309,35.741541300290805],[114.25110330017719,35.74372159957221],[114.25060579971796,35.75018149997629],[114.24463629962554,35.75244230027198],[114.24185050030042,35.75631789985124],[114.23777129960581,35.75639859961575],[114.2363783999433,35.75987030017427],[114.22971240010725,35.75769040019185],[114.22623019996377,35.75276529987872],[114.21886780020884,35.753249699913795],[114.21628090034335,35.755348999956425],[114.2153855002407,35.76051619956303],[114.21717640027077,35.77028449982987],[114.21021190015915,35.77876020002327],[114.20533680035317,35.790866699838375],[114.20185450038491,35.794094800134985],[114.19423480009596,35.79848599992903],[114.1851313002694,35.7931598001847],[114.18145000011748,35.79279669980792],[114.1764754002196,35.79493520039921],[114.17299320007623,35.80155240032309],[114.15805219994911,35.80252070037005],[114.15665940011127,35.80405379984302],[114.15466949989752,35.80050329978752],[114.15039129991862,35.80018059965499],[114.14770499978601,35.79638779975721],[114.14203399996916,35.79888939982601],[114.13676089979572,35.799212199783256],[114.1338756003787,35.79784040001448],[114.11934970032848,35.80518350031832],[114.11905120005292,35.80284339960326],[114.11377809987948,35.8055869002153],[114.106117199849,35.80235929994177],[114.10114259995112,35.80663590002683],[114.09775980007475,35.805748299744266],[114.0954715003096,35.80784620044187],[114.08870600038165,35.80671649996657],[114.08442780040275,35.80800750014606],[114.08066760002976,35.803172799685],[114.07598059972497,35.79046110019965],[114.0762734999222,35.78190630013569],[114.07026819961777,35.77453890015016],[114.07422289996691,35.768596900426644],[114.06982879985924,35.7567117003847],[114.05869710039099,35.74803440006758],[114.04829779980366,35.74803440006758],[114.03936310002712,35.74018829995015],[114.0314537002281,35.73578940016074],[114.02354440025397,35.726990900010094],[114.0110943998867,35.72651529984125],[114.00933679995342,35.72461280024061],[114.00054859973818,35.72223449992231],[113.99883240009524,35.706816399557226],[114.00521829978481,35.699477400161925],[114.01361080009838,35.694228900043754],[114.02207930031955,35.68118290007084],[114.02468129980218,35.67965689984612],[114.0433733002377,35.67678090031836],[114.04740880017607,35.67438140028145],[114.05084230023203,35.66691190026404],[114.05444329991838,35.655780899568924],[114.05190279967451,35.64331440023943],[114.05171980022862,35.628623899973036],[114.04857580003318,35.62348190026955],[114.0358732997131,35.61254490042688],[114.03431679988046,35.609283400208824],[114.04680630027065,35.59406289978307],[114.05399329985096,35.57202539975248],[114.05785379981307,35.567321899586034],[114.06104280028512,35.56489540010267],[114.06786330005127,35.56303789987925],[114.10476680034765,35.56047839965845],[114.12648029982608,35.545524399831265],[114.14063279956406,35.542957400163914],[114.16937230019153,35.52774790024546],[114.17839029967263,35.52686289990294],[114.18256379967966,35.527904400267914],[114.18578329975958,35.52345290003137],[114.19416030025775,35.52522639997841],[114.2067717999787,35.52453989979659],[114.21762829970635,35.52222840022057],[114.2527238002632,35.50149139990822],[114.25656130006405,35.501945900183216],[114.2609328002086,35.49988939977601],[114.269069800431,35.49022290006684],[114.27430589979747,35.48927159990444],[114.27749719983592,35.49033470018634],[114.27793239976052,35.49564950012439],[114.28257439978881,35.497184800238415],[114.28518550041053,35.506632299740886],[114.28475029958668,35.51300869989166],[114.28097870030683,35.51489800014264],[114.27561139974637,35.51218220044825],[114.27256510009931,35.51324489963247],[114.27125960015053,35.51903050005757],[114.26400650039977,35.517023299585674],[114.26110530006963,35.51855820040066],[114.26168550038562,35.52221829993465],[114.2570436001821,35.525760099948684],[114.25559300001703,35.5330793996946],[114.25965469990456,35.53508619996819],[114.26429660010808,35.55373510039465],[114.26052499992886,35.556803499981584],[114.26313609965132,35.56305799972694],[114.25733369989041,35.57214379999641],[114.25733369989041,35.57462149968251],[114.26531210017333,35.5795768001293],[114.26922869984469,35.584531800202456],[114.27009909969377,35.58984040021437],[114.2769170004193,35.59491269976132],[114.28242929957253,35.60599989987554],[114.28808669984141,35.60800489970643],[114.28910210008189,35.61036360020006],[114.28620089975175,35.61555250044756],[114.28692620028403,35.617321400362414],[114.29316379996942,35.61873649978969],[114.29461440013449,35.62038729983408],[114.29432430042618,35.62333529998415],[114.29055270024696,35.62439649999851],[114.29084279995527,35.62746219982074],[114.29928610027332,35.63067409972996],[114.29958580024459,35.63518040015538],[114.29688849960462,35.63603289989845],[114.29718819957577,35.63871219970832],[114.2892463000768,35.64041710026902],[114.29040280034906,35.65573430029775]]]}},{"type":"Feature","properties":{"shapeName":"Qi County","shapeISO":"","shapeID":"62558664B40484539477375","shapeGroup":"CHN","shapeType":"ADM3"},"geometry":{"type":"Polygon","coordinates":[[[114.8274992995531,34.752750400110926],[114.81423929960408,34.75212490004418],[114.79611980038851,34.75433340026626],[114.77887730024725,34.7657278996229],[114.76764680035956,34.76988989999893],[114.75581379966718,34.76531989969368],[114.73834980010326,34.75261690024979],[114.73116279962358,34.75088490041787],[114.7169262996091,34.753146900409206],[114.71032410037697,34.7512684001166],[114.7008786998922,34.74306789966391],[114.69455940039609,34.73104199978849],[114.69056829998715,34.72666849955169],[114.67659950026678,34.72338819990557],[114.67260839985784,34.719014300369736],[114.66396100020006,34.7217480999949],[114.6519876998725,34.72256810003785],[114.64500319973797,34.719014300369736],[114.63502550042654,34.717100700437015],[114.63169959975676,34.70507100002669],[114.63768619955852,34.700422700247486],[114.63735359968894,34.69714139965595],[114.63336250017926,34.693860000138955],[114.6323648003953,34.68702320016064],[114.63702099981936,34.67198040037522],[114.64234249970661,34.66486829993215],[114.64965949988607,34.64517000039524],[114.64899430014691,34.63887649975072],[114.63436029978811,34.60630689984362],[114.6297039996399,34.60083180024742],[114.61141149964101,34.592618399919274],[114.6088681998076,34.57621310025445],[114.61910529956992,34.57280559959878],[114.61823410022362,34.56706629986991],[114.62063000027433,34.56042969977091],[114.6156203996618,34.549307800214876],[114.61039289961263,34.54625789968236],[114.61061070012374,34.53172490038389],[114.60494759995186,34.527059400171254],[114.60734350000257,34.514317800026504],[114.6040762998814,34.501394699605726],[114.60516539956359,34.49780459970259],[114.61300660017457,34.4958299996548],[114.61910529956992,34.485776599910196],[114.62455060013019,34.48685379976308],[114.63086719986143,34.490803400056905],[114.63478779971729,34.488649100175905],[114.64001529976633,34.47787669965004],[114.64219340020531,34.47015559990109],[114.62651090005807,34.46207459956315],[114.62890689993355,34.45812359992425],[114.63631250042158,34.45722569970633],[114.63696590015627,34.452915199676795],[114.63565899996297,34.44806579979689],[114.62956029966813,34.44106040031727],[114.62890689993355,34.43782700031585],[114.63108500037254,34.434413799757124],[114.62868910032182,34.426868399656996],[114.64023310027744,34.42579040030677],[114.64567839993822,34.42255639955823],[114.64938120018235,34.4067437998865],[114.64110429962375,34.40117280018461],[114.64284679993989,34.393264899555504],[114.64872769972362,34.390029600185926],[114.65003459991692,34.38697399975035],[114.64916339967124,34.38355870017392],[114.64458930025603,34.38194089985268],[114.64633179967291,34.372413199709456],[114.64393589962208,34.369716399991944],[114.62847119998594,34.37025579986533],[114.62433279961908,34.36773879980581],[114.62629310044633,34.36036710016157],[114.63108500037254,34.358029600285874],[114.63369870003498,34.352455399896826],[114.63173840010711,34.343823500054555],[114.63522339984013,34.34112580011566],[114.6358767995747,34.33770870009647],[114.62999589979097,34.335910199895864],[114.62847119998594,34.33231290002038],[114.63260970017757,34.32691679957071],[114.63544120035112,34.31918179990021],[114.62868910032182,34.319361700282286],[114.62563969981238,34.316483400288746],[114.62629310044633,34.3092870999198],[114.63130279998427,34.30910720043698],[114.6328274997893,34.302989900363684],[114.62912470044466,34.30065079969472],[114.62781780025136,34.29525260022734],[114.62237249969121,34.29471280015565],[114.61954100041692,34.283375500379066],[114.62520409968954,34.28085590037955],[114.6285424002117,34.26829740040478],[114.63508789988668,34.265869300128145],[114.6448227004073,34.25559499990936],[114.64980209998703,34.25271450017408],[114.66267050004365,34.25511150009572],[114.68416350014547,34.25356420032762],[114.71823750036037,34.22959139972335],[114.72874970003863,34.228991999781044],[114.75258279995626,34.238627400034545],[114.75720300041814,34.255961100424486],[114.77659830037135,34.26494889977198],[114.79399779965877,34.26794459996336],[114.80813479958135,34.26854370043151],[114.81864700015899,34.27393569997264],[114.82335940001633,34.28292159995192],[114.82915919983725,34.28471860008335],[114.88317009962043,34.26824420010979],[114.88896990034073,34.27123979957713],[114.89756780041375,34.287578400123095],[114.87394730022777,34.30369539962305],[114.86403630003531,34.31316390009397],[114.85574329981353,34.32495089956444],[114.85250079957234,34.332698899834384],[114.85066979967155,34.339778899876364],[114.85151680006038,34.34989140036788],[114.85489680034709,34.35866939957316],[114.87016280017315,34.37981389979171],[114.87116979984648,34.38373539986884],[114.86875930020165,34.391952400183186],[114.8644407998031,34.398532899673626],[114.85138680036061,34.41138839985484],[114.84725879975383,34.42187489960696],[114.85489680034709,34.44908089966384],[114.85812379987351,34.45303739955642],[114.86521130026131,34.45751890027708],[114.88583379979013,34.46429839995125],[114.89375279985188,34.46856289965814],[114.90081029975556,34.474418399889316],[114.90940829965336,34.485580400215326],[114.91094979969353,34.490653900357245],[114.90791329995886,34.50161739962334],[114.90772230014409,34.509643400122854],[114.91136930015318,34.5195694001078],[114.91287230021658,34.537723400014954],[114.90544130017588,34.55825039963628],[114.90405279999675,34.569930899591384],[114.89946679985303,34.58752040044618],[114.89157880032144,34.60390489969143],[114.89275379964818,34.62411890016716],[114.88559729967574,34.64418790025144],[114.88413979991185,34.65861840021904],[114.88789380035871,34.664417399643355],[114.89611780009648,34.66868590043401],[114.92127980032262,34.67301190027905],[114.92678080039366,34.67539589960114],[114.92740629956108,34.68412390009797],[114.91520679995392,34.69447689998901],[114.90281679965562,34.701381400031664],[114.88973229970588,34.70276640004937],[114.86045080016436,34.69607139977535],[114.84954079976819,34.69932190038543],[114.84024029985005,34.70444089992765],[114.83342730042966,34.71028889981295],[114.83101629986243,34.71804789969087],[114.84071330007885,34.730605899642626],[114.85133379971512,34.73928090039328],[114.85127279960011,34.741344400223966],[114.84393330018167,34.74603639986003],[114.8274992995531,34.752750400110926]]]}},{"type":"Feature","properties":{"shapeName":"Qibin District","shapeISO":"","shapeID":"62558664B54420976137145","shapeGroup":"CHN","shapeType":"ADM3"},"geometry":{"type":"Polygon","coordinates":[[[114.22542550008677,35.85523709981237],[114.21998300001553,35.85662009973788],[114.22026450040642,35.85513759972048],[114.21794279982043,35.854909500173335],[114.21660620041587,35.853027800092946],[114.21942019978246,35.85428230038792],[114.21970160034869,35.85291380023176],[114.21618400019156,35.849321300038014],[114.20190259972526,35.841793700219114],[114.20098809982096,35.84521550009532],[114.19986240042954,35.842421099654075],[114.1980332998969,35.84253510041458],[114.19430460007732,35.84755349999409],[114.19254580044844,35.84755349999409],[114.19289759994433,35.84561460033359],[114.19036490041992,35.84504439957942],[114.1898725000159,35.842478099584696],[114.18150059957304,35.8431054000942],[114.1812191999062,35.844588199585814],[114.1752393000537,35.846298999699115],[114.17580210028677,35.857418400039194],[114.17418399959195,35.85770350041628],[114.17425440032036,35.8610674999652],[114.16356090001557,35.86346209959629],[114.15497799973491,35.876004200433556],[114.14322919986773,35.88079250037367],[114.14400309976327,35.887347399762746],[114.14913879971584,35.89675139995717],[114.15026440018198,35.902849100205856],[114.1468171998539,35.90358989965421],[114.14715300041075,35.90843349980622],[114.136958100436,35.916194300126904],[114.1304878002718,35.91701570041431],[114.12744540008521,35.91497789961045],[114.11761149967106,35.917005299754805],[114.11372810027171,35.91954210018781],[114.11020420036357,35.91853880032545],[114.10566600008588,35.919656500247356],[114.09993429962833,35.91169990043011],[114.09577209960275,35.91257479958739],[114.09322950034118,35.910811899949294],[114.08920449998777,35.91188039976072],[114.07743420002839,35.91031479968831],[114.0792029002937,35.902835800132095],[114.07473829963283,35.895689000247216],[114.06980240026064,35.892360899835694],[114.06678439958046,35.882201700248345],[114.06721289955578,35.87777380002092],[114.0623434996528,35.8707779000801],[114.05557499958661,35.8705957001315],[114.049945999908,35.86856310010705],[114.04562579979086,35.86914440029386],[114.04357579968348,35.872024400006126],[114.04339929963805,35.865006699599576],[114.03316550038755,35.86034259963134],[114.02692119985352,35.85971079981363],[114.0245723001716,35.85761010042586],[114.0184642999875,35.85713050007257],[114.01547949957933,35.860275299765306],[114.01030590039704,35.85785619990378],[114.00028100016812,35.858827599913866],[114.00683920006907,35.85045570037033],[114.00544630040645,35.84862010043736],[114.01302299961185,35.845343999725856],[114.01259429998697,35.83995300023082],[114.02980650016991,35.822610499974644],[114.02771709986428,35.821481099872926],[114.02236110018464,35.82221959975476],[114.02065309966088,35.82494990011787],[114.01816579971194,35.82220710007766],[114.02667260026033,35.81709390026333],[114.02098080002395,35.812561300063976],[114.019643300398,35.80782670044192],[114.0169719002331,35.80623240030508],[114.01548120019731,35.79800710014763],[114.02550100037092,35.79528389993209],[114.03102820039123,35.796979800077736],[114.03587550035411,35.79614569956442],[114.03766640038418,35.797678999586196],[114.04083499973547,35.79623770020976],[114.03935769959821,35.799777099933294],[114.05767600024728,35.8042252996579],[114.07029989982061,35.804941400125585],[114.07117760036601,35.80599700006155],[114.0716928003825,35.80469929993279],[114.08066760002976,35.803172799685],[114.08442780040275,35.80800750014606],[114.08870600038165,35.80671649996657],[114.0954715003096,35.80784620044187],[114.09775980007475,35.805748299744266],[114.10114259995112,35.80663590002683],[114.106117199849,35.80235929994177],[114.11377809987948,35.8055869002153],[114.11905120005292,35.80284339960326],[114.11934970032848,35.80518350031832],[114.1338756003787,35.79784040001448],[114.13676089979572,35.799212199783256],[114.14203399996916,35.79888939982601],[114.14770499978601,35.79638779975721],[114.15039129991862,35.80018059965499],[114.15466949989752,35.80050329978752],[114.15665940011127,35.80405379984302],[114.15805219994911,35.80252070037005],[114.17299320007623,35.80155240032309],[114.1764754002196,35.79493520039921],[114.18145000011748,35.79279669980792],[114.1851313002694,35.7931598001847],[114.19423480009596,35.79848599992903],[114.20185450038491,35.794094800134985],[114.20533680035317,35.790866699838375],[114.21021190015915,35.77876020002327],[114.21717640027077,35.77028449982987],[114.2153855002407,35.76051619956303],[114.21628090034335,35.755348999956425],[114.21886780020884,35.753249699913795],[114.22623019996377,35.75276529987872],[114.22971240010725,35.75769040019185],[114.2363783999433,35.75987030017427],[114.23777129960581,35.75639859961575],[114.24185050030042,35.75631789985124],[114.24463629962554,35.75244230027198],[114.25060579971796,35.75018149997629],[114.25110330017719,35.74372159957221],[114.2495114003309,35.741541300290805],[114.24453680043302,35.741541300290805],[114.24304439977925,35.738391799841736],[114.24085560010587,35.74008769998744],[114.24125359957407,35.74210649991511],[114.23966169972778,35.74081449968946],[114.23846780024883,35.741541300290805],[114.23777129960581,35.73919940003236],[114.23906470007591,35.7364535998538],[114.24244749995228,35.73588830040478],[114.24463629962554,35.732496299564616],[114.24294489968747,35.72587339973768],[114.2468251001983,35.724742600290824],[114.24712359957448,35.72240020000925],[114.25179979992095,35.72248099959853],[114.25369010021802,35.72635800032151],[114.25747079973769,35.726034999815454],[114.25587899971617,35.72110790030939],[114.25349110003435,35.72199639991396],[114.25110330017719,35.72038090005856],[114.24881500041204,35.71367619969692],[114.25140179955349,35.713433899854635],[114.25140179955349,35.710929600021075],[114.2624455003596,35.71117189986336],[114.26085359961394,35.705840000215915],[114.25229719965614,35.70285069960016],[114.25060579971796,35.700184400389844],[114.2477206001256,35.69064989957326],[114.24841700004458,35.687660099833806],[114.26702209989003,35.67747749988678],[114.26970840002275,35.6743255002217],[114.2735885996342,35.66317129971577],[114.28980589962259,35.65953370032008],[114.29040280034906,35.65573430029775],[114.30701809980553,35.657270200259575],[114.31030129976523,35.65872529973285],[114.315375399755,35.6576743996539],[114.315375399755,35.6549257998858],[114.31239070007086,35.6549257998858],[114.31149520014344,35.65031769980203],[114.31388309982526,35.64999429999699],[114.31597240030612,35.64449660043783],[114.3239317997128,35.6458710001466],[114.32622010037744,35.6449007998321],[114.32701610021297,35.64150500025562],[114.34810850000736,35.640696400018896],[114.34970030002887,35.648296499583864],[114.35288409972145,35.651853800312665],[114.35208819971069,35.65573430029775],[114.35566989994595,35.65630009976985],[114.35666480014049,35.658240299850036],[114.3565653000486,35.66640459989242],[114.35974909974118,35.67020349989167],[114.36193790031393,35.68103350019595],[114.35905259999754,35.685801499739455],[114.35925160018121,35.69234679976506],[114.35666480014049,35.69662930030199],[114.35905259999754,35.699538099903464],[114.35835620007867,35.70309300034177],[114.35676430023238,35.70325460041954],[114.35308309990523,35.71020249994547],[114.35596840022151,35.71609969994125],[114.35527189957861,35.72078479997856],[114.35308309990523,35.721350200151676],[114.35437650037522,35.73112330010025],[114.35686380032416,35.72966950014734],[114.35775920042681,35.73185019962705],[114.3652212000984,35.73031569990968],[114.36760899995545,35.73185019962705],[114.37029530008806,35.73120409968948],[114.37039480017995,35.73403080018136],[114.37337959968886,35.73411149994581],[114.37497139971038,35.73758419965117],[114.37815520030233,35.737826500392714],[114.38273179983275,35.74614409977045],[114.38104049971935,35.750100700387065],[114.37656329955666,35.75349199975602],[114.38014499979192,35.761808000139126],[114.37934909978117,35.76762060001073],[114.38113999981124,35.768427800002996],[114.38203539991389,35.77319059966652],[114.38133899999491,35.78311880029247],[114.38502020032206,35.78763849971705],[114.3907907002307,35.78909119979909],[114.3934770003633,35.78836490012009],[114.39556639976956,35.79110880003117],[114.39616329959665,35.796354399835764],[114.40402319981092,35.79942090005454],[114.40123739958642,35.80329420006734],[114.40073999985123,35.80740929989935],[114.39865060044497,35.80740929989935],[114.39894909982115,35.811604899846316],[114.39687480003204,35.81387009962543],[114.39669999970533,35.815075200160436],[114.39361489970793,35.81552160024171],[114.3922830999851,35.81426740032032],[114.38793900038468,35.81586679961316],[114.37804600012282,35.81451380017177],[114.37155450024011,35.81832080036469],[114.36889359965994,35.81714050043382],[114.35006179961238,35.816848799932245],[114.34949409987291,35.81545280030656],[114.34562120005842,35.815719700204056],[114.34525999994912,35.81739570015151],[114.33557240034611,35.81765590009974],[114.33334700006401,35.81564260042575],[114.33350769992046,35.81109599958074],[114.32910539979446,35.806925200237856],[114.32817830038834,35.79914609961287],[114.32477689983409,35.799333199967236],[114.32431370041695,35.79557820037371],[114.31887990038717,35.79593729966672],[114.31865870043873,35.79812970022556],[114.30924700024889,35.79801959982473],[114.30983749960103,35.79453310002259],[114.30536190023156,35.79299439957191],[114.3028208001399,35.79504169991458],[114.29610029958917,35.79457670005473],[114.29491849958913,35.79624340011287],[114.28779579973639,35.7955435998573],[114.28366560028724,35.78691660042085],[114.28143219963636,35.7875825996573],[114.27986260027888,35.78386509999444],[114.27513259978969,35.78439000009848],[114.27309110007423,35.78166589966162],[114.27052100044386,35.78210159960918],[114.26968019998128,35.77941290008533],[114.26722460023518,35.780314000091096],[114.2659654999079,35.77790050030791],[114.27677240022615,35.77577360007166],[114.27786679961321,35.77133389983965],[114.27967509972609,35.770903600320935],[114.27993519984966,35.768883400148866],[114.27811170029474,35.76906939973304],[114.27595719986493,35.766936699768905],[114.27597640039062,35.76907359956704],[114.27394850022313,35.769185899709555],[114.2717653995536,35.76554780029079],[114.27445819998604,35.76067349998209],[114.27155830007553,35.76050539960454],[114.27104040029428,35.76311059977439],[114.2663797995881,35.763362800253105],[114.26555120022772,35.7610096000131],[114.25944060010363,35.761894499631524],[114.24911349978822,35.76721689974016],[114.24936010018848,35.77423100016057],[114.25737650042527,35.77435880011859],[114.25322639987849,35.78067320010814],[114.25332759968899,35.78442900009833],[114.24903310039736,35.7845368998581],[114.24716640010934,35.786624700269726],[114.24592970009564,35.7932071000277],[114.23698220026836,35.79328409998129],[114.23591809994048,35.80674360013711],[114.23085780004749,35.80909409971298],[114.22783799982392,35.825386199913225],[114.22821960015449,35.82936929995327],[114.22988649986212,35.83037760004623],[114.22392679968209,35.8354466998054],[114.22760230010613,35.835396499648766],[114.2291876996527,35.84836160020774],[114.22458249988256,35.848460799926045],[114.22238379957275,35.8516520999645],[114.22542550008677,35.85523709981237]]]}},{"type":"Feature","properties":{"shapeName":"Wenfeng District","shapeISO":"","shapeID":"62558664B21985377758454","shapeGroup":"CHN","shapeType":"ADM3"},"geometry":{"type":"Polygon","coordinates":[[[114.33348309986525,36.09187050002362],[114.336241500445,36.053427399954614],[114.34863159966869,36.02524589987843],[114.34300000004998,35.95992679968214],[114.34241419965565,35.958622699977695],[114.34644210032275,35.958622699977695],[114.35508380007741,35.96354270023551],[114.35596259959436,35.96680280020911],[114.35852579962602,35.967158500064784],[114.35830609974676,35.971959400406035],[114.36650839974288,35.97225579986531],[114.36863229984078,35.970299900320185],[114.37222079985008,35.9701220000303],[114.37339249956426,35.97201869990312],[114.37712750003413,35.972729899964975],[114.38005690040563,35.971425999910025],[114.38042309984621,35.967158500064784],[114.38679449976644,35.96727700013349],[114.3886986001603,35.965795199788715],[114.39924450013359,35.96958860043361],[114.40949730026023,35.967751200057876],[114.42165429970623,35.97735270036691],[114.4237048996614,35.9835754000847],[114.42678079959433,35.984345699994094],[114.43417750039134,35.98031599978361],[114.44655419971662,35.98250869981672],[114.4537311997351,35.9871309003708],[114.45907740040172,35.98813830024244],[114.46281239997234,35.99056779986415],[114.46391090026793,35.98843459987694],[114.47379759987939,35.991041800139044],[114.47950990016182,35.990271500229596],[114.48192669955756,35.99234539982041],[114.48749250027868,35.992286200148044],[114.49034870033233,35.99524879989224],[114.49532869975974,35.991397400169944],[114.50272539965749,35.9897381995583],[114.50931650035625,35.99163440030736],[114.52037500040603,35.98991600002341],[114.52081440016445,35.99406380010436],[114.52385850006976,35.99865719986991],[114.52190819970372,36.00455110025314],[114.52366350007048,36.00847310035334],[114.52224250019128,36.02943169991306],[114.5134358000222,36.03539249996396],[114.5071964997187,36.034366399589715],[114.49415659984732,36.035650699819996],[114.47451320032394,36.04301809980552],[114.46189129994355,36.05187159979454],[114.43865349995917,36.059845700418805],[114.43530999955692,36.062413499583386],[114.44584220015747,36.07106209983607],[114.44600940031364,36.07498069959968],[114.44283300024279,36.077683100294905],[114.43129770032863,36.07930449970297],[114.42845569967085,36.08281740000308],[114.43021100003773,36.09882599972019],[114.42733780009951,36.09720980019216],[114.42486309965238,36.09759429993704],[114.42419689986707,36.1103596997404],[114.38070000020491,36.114040800242776],[114.37142160022677,36.110731900356996],[114.37209039995207,36.10586959970232],[114.36164169960477,36.10627480004206],[114.36164169960477,36.10377610028684],[114.34290769993049,36.10452370040849],[114.34283420013833,36.09837300041369],[114.33356159988796,36.09906730041564],[114.33348309986525,36.09187050002362]]]}},{"type":"Feature","properties":{"shapeName":"Weishi County","shapeISO":"","shapeID":"62558664B78743408520282","shapeGroup":"CHN","shapeType":"ADM3"},"geometry":{"type":"Polygon","coordinates":[[[114.15949789970841,34.19822450006069],[114.16976430028228,34.21211820009489],[114.18143059994225,34.219450000417226],[114.2061631999718,34.222536899958016],[114.21316290044751,34.23334020029006],[114.2294958001911,34.246456600092074],[114.2448952998783,34.24838529964194],[114.27242769987856,34.24337050004857],[114.27979509986403,34.253431999986844],[114.2845073998966,34.26841159991545],[114.29501959957497,34.273803600355905],[114.31423149988382,34.27590040028332],[114.33068660040635,34.26780790031438],[114.3419049000911,34.25552100009412],[114.3950890000574,34.25490029970911],[114.41108450024956,34.27021300042969],[114.44110279995436,34.281291899801374],[114.44762759993387,34.292373300187705],[114.43045770026276,34.30670189977292],[114.41866070033109,34.31206479995063],[114.40388380039713,34.32035339978961],[114.40054320030856,34.327356700251585],[114.40287419988442,34.33439399958348],[114.40305589980994,34.34249599999043],[114.3988766998998,34.34714679988497],[114.36889549992748,34.351797300305236],[114.36126389980916,34.34759689977716],[114.35417740036678,34.34774690039916],[114.34273000018936,34.36094759995183],[114.3394593997316,34.36964700020894],[114.33982279958263,34.37444629975698],[114.34273000018936,34.379545200350776],[114.34818120030218,34.38389399980832],[114.35072500015872,34.39049179955697],[114.34291170011488,34.404585300171505],[114.34509219994516,34.410881700230334],[114.3445471001686,34.41462930020208],[114.3418214996625,34.41777710003322],[114.3321912003637,34.42167430042866],[114.3247413001709,34.432615400280554],[114.3132938999936,34.440408200278284],[114.30384529972082,34.442506100076514],[114.30057460033754,34.4456528998615],[114.30184649981618,34.47696469986107],[114.29803069975708,34.50032850026014],[114.29893930010871,34.502424899989194],[114.30402699964634,34.50362279965253],[114.30711600000348,34.51125930017662],[114.2998477997362,34.512756499612806],[114.28531140010114,34.52518270032141],[114.28167729996744,34.532368100007886],[114.28040539958954,34.550029599686354],[114.27840670040894,34.55362130038276],[114.26096300034226,34.56200130011996],[114.2478802999359,34.56065460042953],[114.23879510041365,34.56469470040014],[114.22843789978936,34.57412090035933],[114.21626369990986,34.57651469959376],[114.20917719956822,34.5798060995719],[114.19536770035916,34.58219970005615],[114.14794280032004,34.603589699904774],[114.14685259986766,34.60747820025881],[114.14321849973408,34.61106739994062],[114.14272329974051,34.617851399822314],[114.1295318002525,34.613643400022966],[114.12416830022698,34.60801240025211],[114.12066629971002,34.59622940006682],[114.120208800196,34.58542990026973],[114.09768680030561,34.55346690027727],[114.0929717996089,34.537292399924354],[114.08757779997552,34.49172190014565],[114.08328229973836,34.487491400208],[114.07779680038209,34.485755900214656],[114.06973329995185,34.4867094001188],[114.0539702996897,34.49368289974609],[114.04598980038907,34.50014890025159],[114.03417979985795,34.50514589956367],[114.02970879962152,34.50618739992859],[114.02420030010387,34.50513439993267],[114.01026929978843,34.491027899617904],[114.00771329972906,34.4850004004482],[114.00567630022113,34.47944240044649],[114.00826279988837,34.461143400147876],[114.00743879966092,34.45286189955709],[114.00437929976488,34.445216900439675],[113.9999998001507,34.440181900274524],[113.97522729989998,34.43844590025816],[113.95507030025419,34.44410689961376],[113.93376179966742,34.447715899669106],[113.91336989980107,34.44089249958921],[113.90495280033156,34.45000439998313],[113.90590459961766,34.455803400306706],[113.89934550039459,34.461418099865455],[113.89565429960635,34.46029810037709],[113.89115620009864,34.44290670038396],[113.88292679993197,34.439643899746216],[113.87109380013885,34.42141740009299],[113.87021630014215,34.41707240027108],[113.87066630020968,34.408138400167104],[113.87763979983697,34.38656239983493],[113.87671680044002,34.37855540021161],[113.8710632996316,34.36760689983862],[113.88172130009798,34.33020039972871],[113.89117300033377,34.313164199568234],[113.90750580025258,34.30584050033889],[113.92103870037579,34.30969509984902],[113.93457170032377,34.30969509984902],[113.93737160011926,34.30237110024615],[113.96070420033868,34.295817600202156],[113.96350410013417,34.28502230023901],[113.97143719976702,34.28425119993301],[113.97330380023027,34.27808180033486],[113.99103659995922,34.27461130037125],[113.9905699003807,34.2657415999949],[114.00036959957743,34.25995660031691],[114.00410279960454,34.25031390026635],[114.01810240020563,34.24337050004857],[114.05030140028941,34.23989859984056],[114.05636779963436,34.24722799987234],[114.06756750043985,34.24568509958772],[114.07456729984108,34.24954249958677],[114.08203369989542,34.24529930032253],[114.08670020015416,34.252628300156005],[114.09416670003327,34.25224249999144],[114.09603329959714,34.24452779981817],[114.10723289967859,34.242213200279025],[114.11563269978933,34.2294819998944],[114.1086329003881,34.223694500101146],[114.1198324995703,34.21752060029553],[114.11749930025258,34.208645000366516],[114.15949789970841,34.19822450006069]]]}},{"type":"Feature","properties":{"shapeName":"Weihui City","shapeISO":"","shapeID":"62558664B67994918300441","shapeGroup":"CHN","shapeType":"ADM3"},"geometry":{"type":"Polygon","coordinates":[[[113.9534830004402,35.38543349955643],[113.94930479967684,35.381075599859116],[113.94400989993699,35.3645887002084],[113.9489978997334,35.35770120005037],[113.95353240020017,35.35945779993756],[113.95984580014363,35.353051500026766],[113.95518360044287,35.333721200373134],[113.96720130029985,35.32285289974158],[113.97096630035458,35.317208800445826],[113.97534370005178,35.32062290032667],[113.97660969997776,35.3255074996714],[113.98429150025265,35.32407190019808],[113.98472069990044,35.32566499974001],[113.98862599959023,35.324894699830566],[113.99426930028801,35.330601800232955],[113.9964150997771,35.32941140001617],[114.00044920037033,35.33600220034134],[114.00231599958374,35.33690359982131],[114.00813099974596,35.33461050037437],[114.01083469996149,35.34154220041228],[114.01482580037043,35.341892300189556],[114.01722910004298,35.34383510020973],[114.02381659985622,35.3429598997796],[114.02516839960197,35.345165300038616],[114.02735710034995,35.34432520014792],[114.02920240037054,35.3480707002027],[114.03025390029734,35.34402760009374],[114.03272149969746,35.347545600449166],[114.03622979996533,35.34752809964215],[114.0432128000308,35.3500289002136],[114.05726629970002,35.34852189996576],[114.09210980032708,35.3530084000177],[114.09985330038955,35.35593790021397],[114.12264230000221,35.36931240004725],[114.13181280022059,35.37158939983101],[114.14250929976447,35.36976640029917],[114.16149130008353,35.35482790028743],[114.17032680014177,35.34998339991404],[114.17397330012773,35.349834400237455],[114.19837929966502,35.357035899587174],[114.22325130000752,35.367221899870856],[114.24915330018473,35.37146390033877],[114.26352680022171,35.37751389964683],[114.28247079968776,35.38939639992395],[114.2963103002802,35.4034573999391],[114.30304729979309,35.411861399883776],[114.31020329974251,35.42486189955707],[114.31304180023892,35.432723899688256],[114.31350739994662,35.44370010007958],[114.30781499986244,35.444849100006024],[114.30143229996077,35.44993059961752],[114.29902590032509,35.44925640036263],[114.29601149963105,35.45733810037308],[114.29189160011731,35.459306799968886],[114.2791736998065,35.45922760027361],[114.26311070009876,35.46530390025487],[114.26474850044303,35.48144389991609],[114.27069670009269,35.48185919964243],[114.26788610016342,35.485512299752884],[114.269069800431,35.49022290006684],[114.2609328002086,35.49988939977601],[114.25656130006405,35.501945900183216],[114.2527238002632,35.50149139990822],[114.21762829970635,35.52222840022057],[114.2067717999787,35.52453989979659],[114.19416030025775,35.52522639997841],[114.18578329975958,35.52345290003137],[114.18256379967966,35.527904400267914],[114.17839029967263,35.52686289990294],[114.16937230019153,35.52774790024546],[114.14063279956406,35.542957400163914],[114.12648029982608,35.545524399831265],[114.10476680034765,35.56047839965845],[114.06786330005127,35.56303789987925],[114.06104280028512,35.56489540010267],[114.05785379981307,35.567321899586034],[114.05399329985096,35.57202539975248],[114.04680630027065,35.59406289978307],[114.03431679988046,35.609283400208824],[114.0358732997131,35.61254490042688],[114.04857580003318,35.62348190026955],[114.05171980022862,35.628623899973036],[114.05190279967451,35.64331440023943],[114.05444329991838,35.655780899568924],[114.05084230023203,35.66691190026404],[114.04740880017607,35.67438140028145],[114.0433733002377,35.67678090031836],[114.02468129980218,35.67965689984612],[114.02207930031955,35.68118290007084],[114.01361080009838,35.694228900043754],[114.00521829978481,35.699477400161925],[113.99883240009524,35.706816399557226],[113.97930930018413,35.701122399579106],[113.96337630017615,35.68896969979187],[113.95112499961908,35.68931220029788],[113.94351439956995,35.6982355002682],[113.93941330038353,35.69883030017826],[113.93326149961854,35.703825900145205],[113.92623100006062,35.70430169996354],[113.9252057000831,35.69811660000113],[113.92169040039175,35.693953300104795],[113.92406769976458,35.69052919976281],[113.92161269986627,35.68388600043863],[113.903355099858,35.68134250005636],[113.89529670038246,35.67657789995019],[113.8880023999908,35.67813069997186],[113.87771179955996,35.688668300101995],[113.87291600017329,35.68836219965584],[113.8649031000981,35.68101040020986],[113.86406679984304,35.66312390004799],[113.868766799848,35.655536399984896],[113.89301280010068,35.6354443997393],[113.8934937997991,35.603858900068246],[113.89671329987891,35.58918739977872],[113.90447980010276,35.58089040027181],[113.92960330035214,35.56695989997945],[113.93570730035174,35.56073389974972],[113.93919380015382,35.54605840017507],[113.93933879964595,35.53507239987141],[113.93633280041843,35.5188443997493],[113.93926980006131,35.50600839956803],[113.94072729982508,35.48768589998434],[113.93650830041781,35.46254339975815],[113.92469999960531,35.443783299959364],[113.92727449961853,35.44132010004262],[113.93405710015509,35.44059659995315],[113.94176370013474,35.43619460020068],[113.93669460037552,35.427610699873924],[113.94201140040582,35.42552119974363],[113.94513939986348,35.40801040035973],[113.95575619968895,35.40254700004408],[113.95932109968908,35.40513459958214],[113.95993779988964,35.39656839971195],[113.96220139977481,35.394071899698474],[113.9534830004402,35.38543349955643]]]}},{"type":"Feature","properties":{"shapeName":"Wei County","shapeISO":"","shapeID":"62558664B23549609692235","shapeGroup":"CHN","shapeType":"ADM3"},"geometry":{"type":"Polygon","coordinates":[[[114.76760309960343,36.129894200357114],[114.77330779971521,36.12700649975022],[114.79705550001142,36.1265645000517],[114.81986120003444,36.118950300016365],[114.83232830011104,36.1265645000517],[114.8542216999715,36.12410829955843],[114.85482979995538,36.139334999910375],[114.87368250024724,36.1435094999635],[114.90890240042552,36.135222500018415],[114.90408999955389,36.11305489956402],[114.90952860016478,36.104877199623104],[114.92415899963817,36.098314600238666],[114.91777340032218,36.068579899942506],[114.90918149962658,36.05937000042525],[114.91026309986228,36.04810709976289],[114.9175262998989,36.04649340035019],[114.92263789981928,36.046222699917735],[114.92478940011074,36.04810709976289],[114.9220963002042,36.05214309972433],[114.92371370032708,36.05887219959237],[114.93850710012259,36.06721120013685],[114.9565430001594,36.06640629971099],[114.95680999988167,36.07259370013918],[114.96164699990914,36.07366939992289],[114.96811680005032,36.068019900198294],[115.00524899974164,36.072326700416966],[115.00792690020637,36.075015999788604],[115.00039670044748,36.07878490020306],[114.99960329965256,36.083625799690935],[115.00121309960491,36.08551030026018],[115.01009369976452,36.09035489955903],[115.02274320033848,36.09143070006678],[115.02353670005868,36.0935822003583],[115.0192412996463,36.09869380027874],[115.0200499997078,36.10057829994861],[115.02596280024306,36.10138700001011],[115.03457639978103,36.09923170008295],[115.0367279000726,36.10057829994861],[115.03457639978103,36.11134339977815],[115.04172719985047,36.144115400205635],[115.0364704997138,36.16109330001581],[115.0485916000224,36.165214499949286],[115.06121060008923,36.17933070035161],[115.08461679992547,36.17237769987099],[115.09527480039173,36.17379730040517],[115.09656369975505,36.177971099886406],[115.0895149997175,36.18173190010714],[115.0929796001285,36.194363200201565],[115.10301509976705,36.20458239985794],[115.11529389979376,36.2055792003199],[115.11715359975892,36.21097150023462],[115.11372450008571,36.211365200043986],[115.11396339959128,36.22071480024789],[115.10751210030321,36.2223532004399],[115.10799000003851,36.22447360037643],[115.10512269965295,36.22909949984211],[115.09795450039996,36.22187129962083],[115.0888748002319,36.21791960030936],[115.08684389992607,36.21878709984486],[115.08636600019076,36.22158219995862],[115.08039249991396,36.22389530032791],[115.08110930005421,36.226015600439666],[115.07549430012193,36.22852129961831],[115.07465799986687,36.23256880011007],[115.08027299979915,36.247311599550756],[115.07656949988257,36.25039470035517],[115.08098989976418,36.2676385000168],[115.06748979971451,36.27592189997574],[115.06975970025007,36.28622679962717],[115.06844560008449,36.29441190008919],[115.07131279974601,36.30596600033073],[115.0757331996275,36.307987800396745],[115.07445150023659,36.31170649975519],[115.07073449969744,36.31170649975519],[115.07056559982266,36.31864959959938],[115.06752440023092,36.31946639985455],[115.06853809985353,36.32327800007971],[115.06397629956666,36.32695329995488],[115.06346940029266,36.33185340001444],[115.06009030022722,36.33362279995231],[115.05823179995764,36.33879470031525],[115.05603540011373,36.34029179992666],[115.0467428996651,36.34124450033346],[115.049953000031,36.345599300067704],[115.04623600039122,36.348321000214014],[115.03880200021217,36.348457100015196],[115.04387059994826,36.35430840041238],[115.03863299961336,36.36233619955601],[115.03170579978291,36.36220009975483],[115.02967839963844,36.36764219962788],[115.0188651995694,36.374172200386795],[115.01021400027594,36.395818499823974],[115.0020175000077,36.39560509969567],[115.00125209960481,36.4003286997098],[114.99946600015585,36.400534100368475],[114.99984880018201,36.39601590011375],[114.99756649979417,36.39633460006178],[114.99716970002169,36.40043139958948],[114.98968780015196,36.40194650003099],[114.99053240025012,36.40512120038312],[114.98135050022552,36.40597610041675],[114.98198830031981,36.40936429982264],[114.98517429975414,36.40964730028276],[114.98467399970536,36.41145239970854],[114.97580070024219,36.42047450009818],[114.97076179971737,36.42825359982385],[114.9728029999585,36.42886949962775],[114.97293060026709,36.43061440023445],[114.96994749957753,36.43163050014749],[114.9697411995968,36.43441220036283],[114.96633030040311,36.43657480008699],[114.96259699965185,36.43841500005226],[114.95392199980051,36.43749130008348],[114.95292970044534,36.43262869995459],[114.95074540008022,36.43074380008636],[114.94245310043027,36.42848559973072],[114.93964639996148,36.42889619959999],[114.94028429988055,36.43094900019628],[114.9379879997465,36.43289919983823],[114.93479859997547,36.433925599686745],[114.92956809978807,36.433001899717965],[114.92893019986889,36.43074380008636],[114.92612350029935,36.43053850015173],[114.92382720016519,36.42088939962616],[114.91196279964356,36.421505300329386],[114.9106869998053,36.42263449988229],[114.90150170034326,36.420991999681064],[114.89971559999503,36.41236839968195],[114.90213950043767,36.411752400053274],[114.90379799957805,36.40815899963815],[114.9054564996178,36.40969899960919],[114.90634950032927,36.407337600250116],[114.91094220042226,36.40723490037038],[114.90864579956406,36.392551100053254],[114.91119730031517,36.39214029963517],[114.90303260007454,36.38762160025669],[114.90137410003479,36.38104850038803],[114.89461260029134,36.376221099724035],[114.89678139994169,36.37560479972177],[114.89065780011742,36.371701500124175],[114.8855549002385,36.370366100415254],[114.87496619973035,36.37046880029493],[114.87598679985103,36.373755899715036],[114.87088380014734,36.372625899765524],[114.87113890004025,36.37406400025344],[114.86527049993367,36.37457760037603],[114.86539810024215,36.37724820014438],[114.86246390018891,36.377556299783464],[114.86297419979951,36.38176750026997],[114.85353369972051,36.38320540020908],[114.85251309959995,36.38474600002792],[114.8491961004197,36.38474600002792],[114.84792040040622,36.38248640032714],[114.84422070012522,36.38341079996849],[114.84154169978967,36.38248640032714],[114.83924529983074,36.37991870008801],[114.83554570027388,36.380124099847365],[114.83375959992566,36.3758102003805],[114.82699820000698,36.37848080014885],[114.82623269977933,36.38135669985189],[114.82380880023595,36.38176750026997],[114.82508460007432,36.37776180026691],[114.82393639964516,36.37231780012644],[114.81998160037062,36.37231780012644],[114.81704740031728,36.36502430013138],[114.81628190008973,36.359784900252976],[114.81959890016913,36.35855199987492],[114.81857830004856,36.354956100243896],[114.81322009972791,36.346736199615975],[114.80161089982323,36.334507499921244],[114.79816630033451,36.32505200004982],[114.79293580014712,36.324640900157476],[114.79012920040236,36.31960430009843],[114.7856639998937,36.32011830041927],[114.78375039996104,36.31292269972289],[114.77864750008212,36.30737139967039],[114.76984480009753,36.301922400198634],[114.76091459962913,36.30315619989875],[114.75644949984462,36.291023500134486],[114.74569980000581,36.29209149992283],[114.73562140000763,36.26247190025805],[114.73536630011472,36.25239050012152],[114.73804540027504,36.24457129962582],[114.74557230042137,36.23489919983825],[114.746337699925,36.229445200135956],[114.74786859965616,36.22903360022053],[114.7459549997235,36.21925659991223],[114.74404139979083,36.219359500340715],[114.74187260014048,36.206390199947805],[114.74467919988524,36.20628730041864],[114.75348189986983,36.2142132000792],[114.75922269966793,36.20927250012585],[114.76572899969369,36.19588970044936],[114.76164660011057,36.178591700446646],[114.76534630039146,36.1708682004072],[114.77019410037747,36.16870540013417],[114.76764259962636,36.163658799613984],[114.7639430000695,36.16211390013643],[114.75794699965434,36.1626288996041],[114.75832969985584,36.165718700357786],[114.75577820000399,36.16613069957219],[114.75424730027271,36.153667599680034],[114.74850649957534,36.15624280026509],[114.7459549997235,36.155830800151364],[114.74263799964399,36.15335859981957],[114.7417787999517,36.15023010033889],[114.74749129988368,36.13589699964689],[114.76220700005308,36.13262559969172],[114.76760309960343,36.129894200357114]]]}},{"type":"Feature","properties":{"shapeName":"Weibin District","shapeISO":"","shapeID":"62558664B93390468528126","shapeGroup":"CHN","shapeType":"ADM3"},"geometry":{"type":"Polygon","coordinates":[[[113.89606829981221,35.232720300101846],[113.89427660028491,35.23614670001024],[113.88813970038689,35.235103900124955],[113.88421289970563,35.24472539955758],[113.88656259978427,35.25127919997516],[113.88247489959701,35.25975990039916],[113.88250709982287,35.27519449972641],[113.86537040042367,35.27516819995253],[113.86680010034445,35.313277999580066],[113.86271600014334,35.31413150026856],[113.86131419989044,35.31313590040156],[113.85587279969002,35.31692849975053],[113.85074310001414,35.31429220012501],[113.84860100033598,35.31638990027375],[113.84068219992366,35.317357200274614],[113.83591259958689,35.31510069963764],[113.82809699997665,35.315231499733954],[113.82288659963694,35.326055999784614],[113.81637070024772,35.323605000070756],[113.81380180031294,35.32535869964431],[113.80812509969371,35.3229466999303],[113.79490209965229,35.324289500160376],[113.79234559956979,35.31422600012985],[113.78448990008883,35.30948369961311],[113.79370829999812,35.30474099979733],[113.7902614998684,35.30133919994415],[113.79475040021089,35.288123200225584],[113.80132350007955,35.278504200008854],[113.79972030025169,35.266528000267044],[113.83499079988553,35.26299369969951],[113.84116309979731,35.25186610024036],[113.8467743000939,35.25166979982146],[113.8435679004383,35.245254299846124],[113.85371499964754,35.21944080015288],[113.89606829981221,35.232720300101846]]]}},{"type":"Feature","properties":{"shapeName":"Wancheng District","shapeISO":"","shapeID":"62558664B7684233768389","shapeGroup":"CHN","shapeType":"ADM3"},"geometry":{"type":"Polygon","coordinates":[[[112.46420279991935,32.705909899722144],[112.46803280027359,32.70294589973355],[112.47406779978917,32.68991839971443],[112.47926330016128,32.68443989978158],[112.53143330030662,32.678214899598004],[112.54205329991987,32.67298490033295],[112.54506680039253,32.665897399945095],[112.54566930029807,32.6530759004325],[112.55113230041536,32.64576739974575],[112.5781938001038,32.63076390033376],[112.57750679989897,32.636916899895084],[112.57990279977446,32.647456900315774],[112.58367930035945,32.65364839985381],[112.59126280023816,32.66054140026546],[112.59912130020791,32.662624400096036],[112.60888679998584,32.662193400005435],[112.62001779978175,32.66497040036376],[112.6297682997673,32.67255390024235],[112.63652029997195,32.68287290036409],[112.64161680027519,32.70166389996905],[112.6412962998844,32.71425639971312],[112.6260602996432,32.721088400009705],[112.62278779981716,32.72520039987859],[112.62330630034558,32.7313848999932],[112.63195029966664,32.74514389957136],[112.64575979977496,32.76052090001957],[112.64845279985684,32.767398899739476],[112.64920030015378,32.787547899915694],[112.65350379986057,32.804504400357814],[112.64935279999179,32.82510389972526],[112.65096229957055,32.83243539967401],[112.65611279966606,32.83908839980984],[112.6664277996033,32.844375399904834],[112.67105079965472,32.84530240038555],[112.68575279955212,32.842586400142295],[112.69744880022199,32.84238039963577],[112.71022779957332,32.84721390040124],[112.71891830013953,32.85387039979918],[112.72540279969951,32.871974900121586],[112.72402179986625,32.87952790039236],[112.71116629968503,32.90377439976879],[112.71005229957404,32.90995789983725],[112.71140279979943,32.9147684004414],[112.71658330037906,32.91683939971858],[112.7225567997566,32.9168509002489],[112.73401630031208,32.91274639982652],[112.77124030009986,32.90805440019045],[112.77288080020878,32.91918189982488],[112.77227029993446,32.93724440000909],[112.7895203004216,32.956615400280555],[112.78840630031061,32.959968400221555],[112.79189280011269,32.963687399953585],[112.80074329996341,32.9640118996295],[112.81018079990406,32.9668924002641],[112.8153533001148,32.969646399561725],[112.81806930035793,32.97399889972951],[112.81806180001217,32.98041139956649],[112.81014229992729,32.992538400326964],[112.77084329977856,33.01997390017539],[112.76315280036147,33.04400639957572],[112.7658462995671,33.0584373995664],[112.78269180028644,33.09624089999761],[112.78732279980738,33.10128789981678],[112.79548580032952,33.11526489955554],[112.79029079998054,33.12235640012784],[112.78563680029811,33.12212390019789],[112.76792129992816,33.1143113996514],[112.75727880017655,33.11132040021636],[112.7485502996567,33.110622400403486],[112.73789980043546,33.11266340009587],[112.72696679987803,33.11562339990002],[112.71930680006881,33.12110539999429],[112.71299729958582,33.135291900400944],[112.70780180011309,33.13848890034251],[112.69960779996006,33.14053340019632],[112.6802293002421,33.13797389997558],[112.6581113000965,33.139987900221456],[112.63893129963981,33.14390540011419],[112.63913730014633,33.1519624002446],[112.6203687997803,33.13913739967131],[112.61766029988303,33.129916899845114],[112.63501729990855,33.09729740015496],[112.61657680027918,33.06645589972004],[112.60445379970315,33.01547240033108],[112.59163680039808,33.0184288999738],[112.58177929997476,33.01744440043876],[112.54840080035672,33.02115990000942],[112.52752680002186,32.988178399813364],[112.51708979985449,32.980663400395656],[112.50873580041696,32.97690589978748],[112.51103230020055,32.95566190037647],[112.4972458002535,32.94224540040494],[112.48206329978154,32.93627939957469],[112.47772230014414,32.92651739995807],[112.47826429995757,32.9134979003079],[112.4972458002535,32.90102389973322],[112.49996179959749,32.88746639955474],[112.49507880014653,32.863597899623414],[112.4972458002535,32.85004090036733],[112.51677679980958,32.8391914000631],[112.51514430006944,32.83430839971294],[112.49182130011297,32.82346339961623],[112.49073779960986,32.809360400362266],[112.49182130011297,32.795257400208925],[112.48152179999113,32.765426399608714],[112.48206329978154,32.757289900308706],[112.49996179959749,32.74481589973402],[112.5010453001006,32.73667890041099],[112.46958930010612,32.71389790026791],[112.46420279991935,32.705909899722144]]]}},{"type":"Feature","properties":{"shapeName":"Tongxu County","shapeISO":"","shapeID":"62558664B62663766941793","shapeGroup":"CHN","shapeType":"ADM3"},"geometry":{"type":"Polygon","coordinates":[[[114.6285424002117,34.26829740040478],[114.62520409968954,34.28085590037955],[114.61954100041692,34.283375500379066],[114.62237249969121,34.29471280015565],[114.62781780025136,34.29525260022734],[114.62912470044466,34.30065079969472],[114.6328274997893,34.302989900363684],[114.63130279998427,34.30910720043698],[114.62629310044633,34.3092870999198],[114.62563969981238,34.316483400288746],[114.62868910032182,34.319361700282286],[114.63544120035112,34.31918179990021],[114.63260970017757,34.32691679957071],[114.62847119998594,34.33231290002038],[114.62999589979097,34.335910199895864],[114.6358767995747,34.33770870009647],[114.63522339984013,34.34112580011566],[114.63173840010711,34.343823500054555],[114.63369870003498,34.352455399896826],[114.63108500037254,34.358029600285874],[114.62629310044633,34.36036710016157],[114.62433279961908,34.36773879980581],[114.62847119998594,34.37025579986533],[114.64393589962208,34.369716399991944],[114.64633179967291,34.372413199709456],[114.64458930025603,34.38194089985268],[114.64916339967124,34.38355870017392],[114.65003459991692,34.38697399975035],[114.64872769972362,34.390029600185926],[114.64284679993989,34.393264899555504],[114.64110429962375,34.40117280018461],[114.64938120018235,34.4067437998865],[114.64567839993822,34.42255639955823],[114.64023310027744,34.42579040030677],[114.62868910032182,34.426868399656996],[114.63108500037254,34.434413799757124],[114.62890689993355,34.43782700031585],[114.62956029966813,34.44106040031727],[114.63565899996297,34.44806579979689],[114.63696590015627,34.452915199676795],[114.63631250042158,34.45722569970633],[114.62890689993355,34.45812359992425],[114.62651090005807,34.46207459956315],[114.64219340020531,34.47015559990109],[114.64001529976633,34.47787669965004],[114.63478779971729,34.488649100175905],[114.63086719986143,34.490803400056905],[114.62455060013019,34.48685379976308],[114.61910529956992,34.485776599910196],[114.61300660017457,34.4958299996548],[114.60516539956359,34.49780459970259],[114.6040762998814,34.501394699605726],[114.60734350000257,34.514317800026504],[114.60494759995186,34.527059400171254],[114.61061070012374,34.53172490038389],[114.61039289961263,34.54625789968236],[114.6156203996618,34.549307800214876],[114.62063000027433,34.56042969977091],[114.61823410022362,34.56706629986991],[114.61910529956992,34.57280559959878],[114.6088681998076,34.57621310025445],[114.60690789987973,34.57424039957482],[114.5949281999765,34.57406100011514],[114.5836019996326,34.57208819961079],[114.56944430001454,34.573881699580795],[114.56748400008655,34.57065339963475],[114.56378119984254,34.57137079962274],[114.56182089991466,34.56868050020495],[114.55920710042744,34.57208819961079],[114.56029620010963,34.57962050018597],[114.55550430018332,34.58105520033729],[114.55267280000976,34.57836520039376],[114.55005899962316,34.58213109977049],[114.545267200421,34.582848399933766],[114.54134659966587,34.57944119965168],[114.53742589998535,34.58105520033729],[114.53546560005748,34.584462399719996],[114.53677250025078,34.590021200118315],[114.53067379995593,34.59020049975334],[114.51804070031812,34.586434899850815],[114.49538829963035,34.585538300052576],[114.48885390028738,34.58051719980898],[114.48645800023655,34.583027800292825],[114.48275519999254,34.58195180013553],[114.47861679962568,34.58517969988327],[114.47317149996479,34.58464170025434],[114.47338929957652,34.57926190001672],[114.46663709972245,34.581234499972254],[114.46859739965032,34.59145559989605],[114.4631521998142,34.59396590000631],[114.45792469976516,34.59235219969429],[114.45879590001084,34.58625560021585],[114.45226159959316,34.58733149964905],[114.44855880024852,34.585538300052576],[114.44638069980954,34.57854450002873],[114.43701469956875,34.57854450002873],[114.43244069997843,34.575854400260425],[114.43265849959016,34.569577299652735],[114.43505439964088,34.56760440022293],[114.44289570007652,34.5677836998579],[114.44115319976038,34.55092230002418],[114.44507379961624,34.547513800221736],[114.44442030005689,34.53997850040753],[114.43679689995702,34.53944030022973],[114.42895570024541,34.53621069986394],[114.4198076003405,34.53495470039917],[114.41414450016862,34.53836380004941],[114.40194709957905,34.54105499968853],[114.39105650025738,34.540337400051044],[114.3875714996251,34.547155000402995],[114.39083869974627,34.552716300017266],[114.38866050038189,34.557021500342046],[114.38103710028201,34.55881529978632],[114.36426560027724,34.55863590032658],[114.3638300001544,34.55379259964883],[114.36034500042149,34.55415140036689],[114.3594738001758,34.551639899661666],[114.36252309996121,34.546616800225195],[114.36252309996121,34.5412344998723],[114.35773129985967,34.535672399861426],[114.35838469959424,34.526162199625844],[114.34967229963695,34.517368800429836],[114.33812819985656,34.51700980006228],[114.33486109956016,34.521675900122716],[114.33703919999914,34.527059400171254],[114.33486109956016,34.53190429984363],[114.32898009995176,34.531007200022316],[114.31961420043501,34.52347040013893],[114.31896079980118,34.51342039983166],[114.30711600000348,34.51125930017662],[114.30402699964634,34.50362279965253],[114.29893930010871,34.502424899989194],[114.29803069975708,34.50032850026014],[114.30184649981618,34.47696469986107],[114.30057460033754,34.4456528998615],[114.30384529972082,34.442506100076514],[114.3132938999936,34.440408200278284],[114.3247413001709,34.432615400280554],[114.3321912003637,34.42167430042866],[114.3418214996625,34.41777710003322],[114.3445471001686,34.41462930020208],[114.34509219994516,34.410881700230334],[114.34291170011488,34.404585300171505],[114.35072500015872,34.39049179955697],[114.34818120030218,34.38389399980832],[114.34273000018936,34.379545200350776],[114.33982279958263,34.37444629975698],[114.3394593997316,34.36964700020894],[114.34273000018936,34.36094759995183],[114.35417740036678,34.34774690039916],[114.36126389980916,34.34759689977716],[114.36889549992748,34.351797300305236],[114.3988766998998,34.34714679988497],[114.40305589980994,34.34249599999043],[114.40287419988442,34.33439399958348],[114.40054320030856,34.327356700251585],[114.40388380039713,34.32035339978961],[114.41866070033109,34.31206479995063],[114.42096420043754,34.32224949981463],[114.43672779964834,34.34764819980461],[114.44352020009717,34.34659009975337],[114.45582350035431,34.33516140007862],[114.46351310044929,34.33325650018736],[114.471587099565,34.33315070034462],[114.48251330034861,34.32923270042886],[114.48921940005528,34.32159900039363],[114.49275359989883,34.31284179980929],[114.49701289972563,34.309548299914184],[114.51415799969197,34.31263830031736],[114.51600700042275,34.31931300019488],[114.53404090036736,34.309795099963935],[114.5256718004133,34.30790800035396],[114.52525210030421,34.30223189958252],[114.52871640034164,34.29643070041652],[114.52783559983311,34.287480400100435],[114.54204580007365,34.28821730008838],[114.54866760002983,34.2924796998783],[114.55347060028805,34.29128180021496],[114.55121609974321,34.283377999595075],[114.55313519992956,34.27644690030428],[114.55781250014684,34.273027099621004],[114.56348349996358,34.2755640997035],[114.59095170006094,34.279452699882256],[114.60304899981156,34.27632070024015],[114.60981699985473,34.26968339956926],[114.62101840037894,34.263317400077995],[114.6285424002117,34.26829740040478]]]}},{"type":"Feature","properties":{"shapeName":"Pingqiao District","shapeISO":"","shapeID":"62558664B50654366616471","shapeGroup":"CHN","shapeType":"ADM3"},"geometry":{"type":"Polygon","coordinates":[[[114.36712250000346,32.29508469989901],[114.36391799971602,32.304872599990574],[114.3657867999209,32.311022299939225],[114.36183249977012,32.313201799723345],[114.36149009998815,32.316384899743355],[114.35765300038577,32.319185400286074],[114.34838190020457,32.321073499942145],[114.34416409959363,32.3243525000679],[114.34467459975303,32.328091200348695],[114.34194059957906,32.334602200231416],[114.3439998995758,32.33764720035805],[114.34279029973266,32.34012950007644],[114.34381880039734,32.350439499783135],[114.34123520014441,32.35422249976858],[114.33847109966155,32.36746260041872],[114.32834839995871,32.37011039967524],[114.32663640014982,32.3679414003754],[114.32212289975212,32.36892970044539],[114.31799030001241,32.372420200431975],[114.3096064997402,32.37313239964061],[114.30823179965785,32.375019299601036],[114.30540150007926,32.37546740030035],[114.30206330028113,32.37472550008181],[114.29572430023632,32.368636400049866],[114.2914934999252,32.367349999902615],[114.28184440029895,32.36761529990622],[114.28322609980478,32.371283999656896],[114.28095799971197,32.38604310020895],[114.27783010007909,32.38618980031907],[114.27576739974575,32.38822200014522],[114.2753982999916,32.39300489965643],[114.27023330012673,32.4005659002961],[114.26859280001781,32.40744790020051],[114.25556930018308,32.413376400200775],[114.25852980001036,32.41912439997111],[114.24767280025958,32.42620840019754],[114.24196629970504,32.43261739987315],[114.2448273003397,32.45077139978031],[114.24286629983987,32.46197490022149],[114.24033329994188,32.46512990002492],[114.22561630025211,32.45951840025401],[114.21321080013843,32.44959639955425],[114.20720680025374,32.451064899825326],[114.20025579986532,32.45664589998836],[114.20477280042451,32.4682233996902],[114.2044067997341,32.47096990044059],[114.20168280002122,32.47205740022889],[114.19493079981658,32.47121039984012],[114.19268779980223,32.47368639980755],[114.1905668000179,32.489475400369486],[114.18657680037904,32.495811400275954],[114.18245680014127,32.4973218997859],[114.17835980006475,32.4986038995504],[114.17433929991887,32.497363899924096],[114.16156780001404,32.490180899628854],[114.15915680034607,32.472453899627794],[114.15689829961684,32.46689240036403],[114.15099329980103,32.46560690043816],[114.1311873001539,32.466750900134],[114.11766029958324,32.45816790002863],[114.10294329989347,32.45299889997932],[114.08415979973506,32.455997399760236],[114.07372230044382,32.460799899995436],[114.0707703001093,32.468070899852194],[114.07005380034263,32.4815979004228],[114.0718688004049,32.48416540011317],[114.0791398002616,32.485259900224264],[114.08123779988466,32.487373399662715],[114.07920080037673,32.49168789987675],[114.07142629978398,32.497237900408834],[114.06683330021667,32.50562290037658],[114.06577279987482,32.520972899579704],[114.06001279955115,32.531394899954705],[114.05909729960081,32.542621399657946],[114.0546493004249,32.54595539962207],[114.04711930031556,32.544399399812505],[114.02523029993847,32.5264203998816],[113.9999998001507,32.51686489989527],[113.99594880039683,32.511680400030514],[113.98719779973874,32.505344400124045],[113.98013330041158,32.503345399670536],[113.97147380037563,32.50456640021923],[113.95584880018203,32.513629899999955],[113.94969929988281,32.520549899858054],[113.93292229962447,32.57106390007897],[113.93063380020976,32.58345040021584],[113.92312630023866,32.59244140025049],[113.91969280018259,32.6009409001025],[113.91134630019167,32.60741790021598],[113.90187829974377,32.60932940023167],[113.89156329980653,32.608951399887246],[113.8815612999141,32.612235900266626],[113.86351779970676,32.62519839998623],[113.85133379991498,32.62804039974469],[113.82443979985692,32.62594989956824],[113.8124388004104,32.62008289970612],[113.80499279967808,32.607772900399084],[113.78296680017775,32.57655689978117],[113.77337680039909,32.56586390039871],[113.76326730004587,32.558376399551264],[113.75913230001572,32.55107490008663],[113.76122280019217,32.542819899818596],[113.76087929964001,32.53457990024225],[113.75504280028508,32.519275400439426],[113.75543230026051,32.50370440003809],[113.75956730029077,32.48329939974758],[113.7567902999325,32.47507089980223],[113.75213630025007,32.47052689979665],[113.74262979982541,32.46692640013333],[113.73258979997934,32.46538940030064],[113.72442630033356,32.461547900315395],[113.71808630024259,32.44922639957872],[113.71243900025968,32.41910869960685],[113.72857509956123,32.41349330037559],[113.73089260031327,32.40740659973483],[113.73072089994969,32.399833899814666],[113.73286670033804,32.39646399981382],[113.74595580031996,32.39193439975281],[113.74702869961482,32.38591869968832],[113.74505459959016,32.38117110036603],[113.74280160001388,32.37836229998021],[113.73730839976292,32.37705749970388],[113.7370080001192,32.37397670026456],[113.74507609968236,32.36274010027546],[113.74782270025742,32.361471299860625],[113.75121299958028,32.36270380004038],[113.75425999979916,32.370678399788346],[113.75576199981651,32.37223689971319],[113.7597959996857,32.37241820033972],[113.76344380009141,32.371113300238676],[113.7658042003037,32.363211300061494],[113.88417830008859,32.33834439977426],[113.88417830008859,32.31840140010456],[113.90258780008696,32.31073389994958],[113.91638929982639,32.30766290042254],[113.90412129975823,32.295390900169934],[113.90258780008696,32.28158640029221],[113.91485580015512,32.27698140017151],[113.93633280041843,32.27698140017151],[113.951675300175,32.25243739966629],[113.95627580008818,32.249370400323755],[113.96548530030645,32.24783339959174],[113.97929380036862,32.25090389999502],[113.9977033003671,32.24016590033608],[114.02684779988613,32.25857140015006],[114.05292530006261,32.238628399581046],[114.05599230030452,32.22022239974399],[114.05445829971086,32.17879839962649],[114.06673430014791,32.172664400042095],[114.08667729981755,32.1527214003724],[114.08821030036518,32.134311400350896],[114.11122130032277,32.09902590002531],[114.1066208004097,32.083686900430166],[114.09281230034742,32.059139399763524],[114.08821030036518,32.02078990023375],[114.12963080032125,32.008514399819774],[114.14497380010084,31.99163989956179],[114.157241800169,31.98703939964861],[114.16658030004089,31.98703939964861],[114.16796880022002,31.992423899743244],[114.19139879971488,32.006748400218555],[114.19609080025032,32.01167689996902],[114.20072179977126,32.01866890044943],[114.19898979993934,32.03078839996476],[114.20258330017919,32.03660940040356],[114.22132880038384,32.04874439973429],[114.23226180004212,32.06092840042538],[114.25009929974294,32.07670989974213],[114.26101679958572,32.08063139981931],[114.27613079959679,32.089004900156056],[114.27697679993946,32.09659590038058],[114.27451329964913,32.10686489999517],[114.27587879966688,32.11492939957219],[114.27786230030495,32.12071240005724],[114.28756489970044,32.13319559979715],[114.29169140023794,32.131803899830174],[114.29726380018428,32.13211420011032],[114.30609890004428,32.13644420013975],[114.31013060034695,32.14043629969552],[114.31944130037573,32.13934129956135],[114.32222160034667,32.14043629969552],[114.3237732995982,32.144761300393725],[114.32021720036357,32.148812399972314],[114.31963530032886,32.15253489986577],[114.31381610033282,32.15439609990017],[114.31452730039462,32.1574067000592],[114.31265280028651,32.159377899770334],[114.30792229977442,32.160850400225854],[114.30256630009478,32.1595839002768],[114.29499029966269,32.160335399858866],[114.28547679981455,32.17159640025375],[114.2682878003418,32.17809290036712],[114.26712779990805,32.18059139957347],[114.27210229998127,32.19447340032724],[114.27345280020666,32.203223900062994],[114.2686997995562,32.226066400344166],[114.27027130008048,32.22771039971525],[114.27297229963199,32.22776789966889],[114.29144279974548,32.22405240009823],[114.29799629978947,32.2212143996249],[114.30531329996893,32.22068789962691],[114.31419380030366,32.22157690015388],[114.32566829975224,32.225730900160954],[114.33252730039464,32.24010840038244],[114.34779430026686,32.25352490035391],[114.36181630028204,32.263007899694855],[114.36432630001877,32.269259900224256],[114.36681379961726,32.28583890034503],[114.36673779970977,32.2883603997127],[114.36329630018417,32.2910804001404],[114.36712250000346,32.29508469989901]]]}},{"type":"Feature","properties":{"shapeName":"Pinglu County","shapeISO":"","shapeID":"62558664B28049354007774","shapeGroup":"CHN","shapeType":"ADM3"},"geometry":{"type":"Polygon","coordinates":[[[110.89025130015744,34.842193399605776],[110.90666980007126,34.84292289997188],[110.92208879975834,34.8388213996879],[110.92807779985066,34.832965900356044],[110.93463880024052,34.80307789982527],[110.93740780022983,34.76854339995799],[110.94127629966158,34.75784290022972],[110.9469833002392,34.75220890032057],[110.95767230033647,34.747340899762776],[110.96391280033555,34.74240489966644],[110.9643173001034,34.73645789971238],[110.96219630031908,34.73230339968222],[110.94915200006483,34.72229109985443],[110.95807150039951,34.71391939996039],[110.96184819973467,34.70400469995701],[110.96655529988726,34.700206299980835],[110.97997260025534,34.71692130007801],[111.01439770029367,34.72753850010173],[111.02532590027016,34.74309819962224],[111.06113770004487,34.750463499690795],[111.08657509966116,34.747508599941966],[111.11705659968237,34.76177389984565],[111.12938369959812,34.789736299890365],[111.14588979977452,34.81397269988025],[111.15600149986938,34.817157999642006],[111.17163529992922,34.80519939963261],[111.19492339989506,34.804935499873466],[111.20538159978105,34.80129800030255],[111.21342219987469,34.792994499596546],[111.2242853995516,34.78991480002804],[111.23230549959919,34.793294699590774],[111.24691470025328,34.82052719997034],[111.25520909982015,34.82220310009302],[111.2830621998607,34.808028399690954],[111.30077260017543,34.817902499800596],[111.31965589989994,34.822003099863196],[111.33310660018952,34.83237349983722],[111.3437777001808,34.832203699741],[111.34532130013793,34.8265731001685],[111.367741899669,34.81892569986121],[111.38952219988965,34.815380700059336],[111.39921460007378,34.81930770039014],[111.40450129979519,34.82561100004767],[111.41129859975064,34.828917499642955],[111.41796990019083,34.82736759993486],[111.42451539986587,34.82922750044884],[111.4326632000467,34.838804299978506],[111.44578829989018,34.83697659969039],[111.45862759968406,34.82736759993486],[111.46894929957057,34.8262309998608],[111.48367669991984,34.829330800176365],[111.49549829990667,34.82994550028468],[111.50268390014196,34.84017930043444],[111.5067808003937,34.83947120033565],[111.51615249963822,34.84844380024123],[111.53577409959507,34.85402579955104],[111.54308970042939,34.85391860036316],[111.55492199965062,34.8509229999965],[111.55341150014067,34.84772070035007],[111.55567729976764,34.84493149978891],[111.56410599959224,34.84330040029329],[111.5687683000171,34.84803060043191],[111.57795709964051,34.852782399588136],[111.57732779993808,34.85629429984209],[111.58274040024935,34.8602193000807],[111.58500610005154,34.86651959959988],[111.5861282003562,34.882957100389945],[111.59255860029924,34.88985729987456],[111.59998529978179,34.89367739959238],[111.60688900032716,34.89374339993799],[111.61269869988513,34.896568200162335],[111.61345390017743,34.90307209989754],[111.61622319964101,34.90833680040305],[111.61521619996773,34.91556229996024],[111.61748189976993,34.91845239995837],[111.62176169964278,34.91711059977439],[111.62816620001018,34.928348500183176],[111.62097930025459,34.92877590028763],[111.58486929967847,34.937774399768784],[111.57192229977437,34.944961400248474],[111.56482729994002,34.952667900403355],[111.53854380015633,34.973438899585574],[111.5044632996416,34.99228289983603],[111.49613180034237,34.98966589966159],[111.45919780043818,34.963821400337395],[111.4420088000661,34.95743539992384],[111.43477630018617,34.956432400435006],[111.42665879996372,34.95816390024385],[111.40178679962116,34.97549039976218],[111.39472180027093,34.98089589992588],[111.39179980042053,34.98795689999099],[111.38388080035872,34.993583899577345],[111.3628923001396,34.996982399817966],[111.34786979985142,35.008926400233236],[111.34500129977022,35.01323690026277],[111.3271103003002,35.01438139998169],[111.30843329965711,34.99925989962475],[111.29979679978254,34.998000900021566],[111.2910992997929,35.00040440024293],[111.27578679962119,35.012561899711955],[111.25948329961466,35.01807040012892],[111.2496873002288,35.01953890039999],[111.20989179966688,35.013271400055146],[111.19512180023094,35.01237890026607],[111.17130279988436,35.01707840024801],[111.16311630007726,35.020625900165214],[111.15434230015711,35.01362990039962],[111.15165730044413,35.00832739958986],[111.13594029960518,34.9994008998317],[111.11560079963726,34.97208790023643],[111.09104130021592,34.9598234003297],[111.06356830043677,34.94086440017196],[111.02577979979799,34.92220290024369],[111.01441179986472,34.90691690039466],[111.00311280041547,34.90147390030029],[110.99088979972453,34.89945239970854],[110.96460729998694,34.89102190034049],[110.91040779978022,34.861301400339414],[110.89025130015744,34.842193399605776]]]}},{"type":"Feature","properties":{"shapeName":"Ningling County","shapeISO":"","shapeID":"62558664B57953131888442","shapeGroup":"CHN","shapeType":"ADM3"},"geometry":{"type":"Polygon","coordinates":[[[115.32923130018446,34.26790640036012],[115.33595279988185,34.27832389962833],[115.34053029963366,34.29903789977931],[115.34448929964151,34.35324490033196],[115.34339879971492,34.36722540023209],[115.34446730042566,34.36930439987822],[115.34998330028918,34.37052889968902],[115.36914079970825,34.366420900004584],[115.37631280039545,34.36788940027566],[115.38069129996359,34.3704718997584],[115.38854229958747,34.37974940041454],[115.38971729981358,34.3910103999101],[115.39794179957448,34.41107939999438],[115.40206930015813,34.4276503997462],[115.40734829988423,34.45731739997808],[115.4103087997114,34.4619484003984],[115.42040280024912,34.4707944000416],[115.42868730007888,34.48787689999898],[115.43988780038171,34.4967344001725],[115.44447329960315,34.50436390037373],[115.44593030024328,34.51562890005374],[115.44519030029221,34.525943899991034],[115.43427280044943,34.548064900274994],[115.42783330026668,34.56702439955643],[115.41874680032458,34.57838440002007],[115.41470330001732,34.58728040017036],[115.40569279998283,34.59496690030227],[115.40368630008277,34.59861340028823],[115.39478229956353,34.59964390014591],[115.36798080017388,34.60870739992663],[115.34069830018643,34.61362440004609],[115.32212829998116,34.61268990011882],[115.30806729996596,34.607451899585556],[115.29007730042713,34.60491190026403],[115.2618333001667,34.61645490017355],[115.25169380022874,34.62434389975124],[115.24104330010823,34.62993240026009],[115.23435230001871,34.63075639958822],[115.21347030021423,34.62059390038826],[115.18744679983001,34.604156399598196],[115.18245629991839,34.60339340038519],[115.16269679971765,34.60609039975219],[115.15358729961429,34.604118399644506],[115.15561679967561,34.598232399805454],[115.15551729958372,34.58288189967999],[115.14839929958805,34.57388690036021],[115.14569830003654,34.56721890043195],[115.14952830039078,34.56023390027434],[115.14774329991337,34.552635399704],[115.14807179977379,34.53703689983314],[115.14349379999896,34.51815389958284],[115.1469268000319,34.49938940030063],[115.18421930028057,34.451518899677524],[115.19409929994276,34.41563789976931],[115.19177229965192,34.39403540001376],[115.18417379998095,34.36019139961343],[115.1785122997029,34.35299689968724],[115.16735829974584,34.343879900137324],[115.16253680043303,34.336468400096635],[115.16046130004906,34.329784900352934],[115.16323830040733,34.302745899903414],[115.17552929973749,34.28342039993157],[115.16771680009026,34.27320890027056],[115.16255979969503,34.26923390042424],[115.1588592999168,34.26114639978658],[115.15895829998567,34.25609989999043],[115.16094179972436,34.254062399560155],[115.17256179958747,34.253314900162536],[115.19949329957615,34.26036439969732],[115.22412879980436,34.25842290009683],[115.23708330005434,34.260440899627895],[115.25946029955321,34.26029940029713],[115.27458179991015,34.264182900420565],[115.29016880015001,34.27265940011125],[115.29926280043799,34.2741583999902],[115.32923130018446,34.26790640036012]]]}},{"type":"Feature","properties":{"shapeName":"Neixiang County","shapeISO":"","shapeID":"62558664B75040433829071","shapeGroup":"CHN","shapeType":"ADM3"},"geometry":{"type":"Polygon","coordinates":[[[111.8068007998171,32.88911039982514],[111.8036728003595,32.89938689978567],[111.80358129973723,32.90602890031357],[111.80564080028279,32.91521090016295],[111.81210329972754,32.92076489998021],[111.82861330026367,32.928932399810435],[111.84316230029998,32.94142889962404],[111.85561429986012,32.947723400314715],[111.86918629980795,32.95104989993297],[111.89521030021524,32.962268900189656],[111.89951329989896,32.9675714001001],[111.89779629985941,32.973968400121635],[111.88839729989553,32.98396689985259],[111.88857279989486,32.99266790000365],[111.89559930016765,32.99753589966207],[111.90160380007535,32.99804689984461],[111.91771680029018,32.99451839990428],[111.93991080034323,32.985084400125004],[111.96595780001252,32.97132889980895],[111.9746932999559,32.96956640036916],[112.00681279997082,32.9993553999318],[112.00834629964208,33.006923399994946],[111.99965730004442,33.02884289997991],[111.99199680021223,33.031989900313704],[111.98757929974494,33.03676240006479],[111.98494729977813,33.05231489961295],[111.98078130011697,33.05960839960801],[111.96920779970026,33.06982440037581],[111.96662880037888,33.08033739955141],[111.9694822997684,33.09387189956857],[111.97373179968287,33.10420989966718],[111.99339279983792,33.12841039962029],[111.99656679961817,33.136680399680756],[111.9920807995893,33.14809389991359],[111.99120329959266,33.153812400122206],[111.99249980002583,33.159549900307695],[111.99075330042456,33.16694190034849],[112.00102980038503,33.17433140027396],[112.01731130027633,33.20133990021628],[112.03703329964708,33.20425040043568],[112.05683880017057,33.22145439970086],[112.06773379987499,33.2424659000813],[112.07408879975833,33.2476308999461],[112.07237980008779,33.25495140028693],[112.06051629978742,33.26402639969865],[112.05770879982128,33.27201840042886],[112.06366730030572,33.2782478999207],[112.10162329967557,33.284237400036034],[112.1151807998541,33.29623790035885],[112.12254330033306,33.29834739961285],[112.12966130032885,33.2977063997306],[112.13867180036334,33.29914090023243],[112.14354730036769,33.303752899776555],[112.15590680015873,33.32970789969988],[112.14904030006983,33.33241639959721],[112.13829079988056,33.34058789961193],[112.11029030005739,33.34887689964927],[112.10582029986699,33.35823440039729],[112.10600280018912,33.368083899552346],[112.09882380007832,33.37467589957316],[112.08814230032692,33.37459939964265],[112.06983929984392,33.37080740014147],[112.06214880042683,33.37304289981],[112.06289679984752,33.37900539957957],[112.06829829982678,33.3877448997074],[112.05998280036601,33.42409489965996],[112.05692280044696,33.429340399639784],[112.05116280012317,33.42975589991488],[112.04351029976056,33.427413399808586],[112.02391029972057,33.415817400152946],[112.02036279980348,33.414874899856784],[112.01431279959604,33.416892900287166],[112.00875080030926,33.42440390041975],[111.99717729989254,33.45546340011589],[111.98435230021852,33.47505939997137],[111.97631079990356,33.48323840033197],[111.95559679975258,33.495670399869084],[111.93833180037234,33.519119400240186],[111.92932130033779,33.53942889972399],[111.91404730014284,33.553958899783424],[111.91066729985607,33.562171899913324],[111.91052230036394,33.57385239986843],[111.89331029983055,33.59042339962025],[111.8786698000713,33.59785439966089],[111.86654680039459,33.600955899695066],[111.8580398001967,33.600883399949],[111.83748630025264,33.59749240005425],[111.82951330039856,33.599483400138865],[111.8118667996132,33.56313690034773],[111.80417630019616,33.54314440019397],[111.79268630003276,33.4992943997168],[111.78295880020852,33.48935289991647],[111.77313979976202,33.485828400160585],[111.76381679970558,33.4855078997698],[111.75585180022046,33.48703740015594],[111.74727629956163,33.49267940043404],[111.73499279967803,33.508357900396845],[111.72724130014592,33.51332089993963],[111.72176380025923,33.51349639993896],[111.71877279992486,33.51140589976251],[111.7155603001678,33.505649399600145],[111.71454630017166,33.49968339966921],[111.70974730009789,33.49001689996004],[111.69818880037292,33.47409839972141],[111.69583879992075,33.4662859000743],[111.69702929996231,33.45942690033121],[111.69494630013173,33.45162190013065],[111.68895730003942,33.448810399980005],[111.680747800071,33.44872639970362],[111.67577380002092,33.45142339997],[111.64910879973138,33.47519289983251],[111.64058729976415,33.47602090024441],[111.61637129999554,33.46499639996392],[111.61276229994024,33.45007339976763],[111.6038817996054,33.43966640008432],[111.60449980022565,33.43509689980215],[111.6070328001237,33.43145740013898],[111.61528780039174,33.42834090031238],[111.61670680017875,33.42469390030328],[111.6115112998067,33.4070014000946],[111.6156617996524,33.38643639962021],[111.62317629994635,33.3787309004108],[111.64463780039421,33.37208939990592],[111.6537398001517,33.36714540034001],[111.65659330044053,33.36007689992903],[111.66493230008564,33.35123040026281],[111.67674229971743,33.348377900020125],[111.6893232998305,33.349651900314996],[111.7224732997031,33.34700789979479],[111.72637229964198,33.34246439981223],[111.72318280004623,33.33602140036737],[111.71231079960376,33.33018890029757],[111.71188329967458,33.322170400143875],[111.72341930016063,33.3190803997407],[111.72766880007515,33.30858589961963],[111.7213518001455,33.29088990014884],[111.72289280016264,33.27876640044906],[111.72846980014123,33.27103740015593],[111.7298963002741,33.26623890010518],[111.73113229971591,33.2568624002796],[111.72831730030322,33.242637399896125],[111.72872180007107,33.233707399976595],[111.73348230016808,33.206271900128115],[111.73742680040658,33.19807039962927],[111.74771880018255,33.184886899610774],[111.75232630041847,33.16706839988677],[111.75537879999166,33.164119899713626],[111.7622068001038,33.163497899808306],[111.76335129982272,33.16007590028261],[111.7571717999387,33.15268690038022],[111.75874329956366,33.13781739995312],[111.75396729965121,33.12769289980753],[111.7485502998565,33.12466440044176],[111.74228729971918,33.122997400010036],[111.73845680024118,33.12387840016811],[111.73412330005033,33.12200139994468],[111.73068229964849,33.11418089992861],[111.72662330042505,33.11185439966084],[111.7241593001117,33.11182790023747],[111.71891029997045,33.116126899736685],[111.71425630028807,33.11699690028678],[111.71045729956478,33.11512740040928],[111.70790080038171,33.10364889987687],[111.7035828000063,33.10016990042061],[111.68134329965363,33.09123989960176],[111.67343129991463,33.09070239999579],[111.65778280043594,33.096950400340745],[111.6508407995633,33.10489289968763],[111.6418688004049,33.12060140013455],[111.63416280027309,33.125098899794466],[111.62867730001744,33.12549990030021],[111.61372380021328,33.122585399896366],[111.60851280002578,33.124133900259324],[111.60207379986605,33.133910899668365],[111.59850329978752,33.158870899572435],[111.59162880022899,33.156009399814025],[111.58542630018366,33.15090540006423],[111.57694979959365,33.134319399620665],[111.56780979988241,33.125285900324116],[111.5659712996358,33.120685400410935],[111.5605468003946,33.1183318997974],[111.55902080016983,33.11167540039946],[111.56127179965387,33.10757840032295],[111.5689927995781,33.10239789974332],[111.57666029973313,33.101108399633006],[111.5813367995537,33.097953899852655],[111.58277130005553,33.094306899843616],[111.57985679965162,33.08855039968125],[111.5685502998565,33.07880389988014],[111.56754280016014,33.073753399899545],[111.56928280036101,33.06736390022388],[111.57451629978749,33.06398389993706],[111.59454329973357,33.05756739991563],[111.59868630013273,33.05326090007054],[111.59961679987549,33.04640190032751],[111.59771730041314,33.04523440044727],[111.59062980002534,33.04538740030836],[111.58130629994582,33.04825989967469],[111.57724030039958,33.04683689970324],[111.57734679991495,33.04042790002762],[111.58238230010312,33.03247090001207],[111.59420030010381,33.02618789985172],[111.59697680043905,33.02255240037306],[111.59768679990594,33.012485400181106],[111.58392380014334,32.986682900095786],[111.58305379959324,32.97293490012561],[111.5869673002008,32.966106399990394],[111.60936729986105,32.94505290037108],[111.60973379967515,32.938876899749175],[111.60582730028972,32.927154399655876],[111.60885629967856,32.924438400312],[111.62174230036692,32.919311400400886],[111.62457279959511,32.913158399940244],[111.61688979962463,32.898418400089156],[111.64589679999739,32.87033440001261],[111.65352630019868,32.86972789992268],[111.66652729989505,32.87467589967309],[111.67471329967907,32.87383989979162],[111.69773129995957,32.86239990013536],[111.71745280020662,32.835120900309335],[111.7215883002599,32.831039400048326],[111.72841630037203,32.828586400242216],[111.73650380011037,32.8341634002208],[111.73782329980548,32.83761190006919],[111.72997280020462,32.854480900073554],[111.72704330000835,32.86865239978846],[111.735893299836,32.87881489988774],[111.74181330034361,32.88322439998615],[111.75022129957335,32.885368399931735],[111.76554880043687,32.89925740010898],[111.7725982999716,32.90161540003072],[111.78215780014244,32.89918490036291],[111.78629280017265,32.89601890005224],[111.79134380017632,32.88484590011825],[111.79708080033873,32.88283940021819],[111.80438980014924,32.88565439963088],[111.8068007998171,32.88911039982514]]]}},{"type":"Feature","properties":{"shapeName":"Neihuang County","shapeISO":"","shapeID":"62558664B80929614552727","shapeGroup":"CHN","shapeType":"ADM3"},"geometry":{"type":"Polygon","coordinates":[[[114.69779180035141,35.99725340042414],[114.69615929971201,35.99508290015575],[114.697273299823,35.98524489973238],[114.69484730036265,35.98061390021138],[114.67524730032267,35.96512239987891],[114.66712179973138,35.94272989966521],[114.64395879995868,35.91363889991533],[114.64289130019336,35.91155640010783],[114.64997249993098,35.90655560026079],[114.64194390039074,35.90391030022022],[114.63789360030944,35.90033760040001],[114.63491189986439,35.89650190014265],[114.63701830005459,35.89391929993582],[114.63324429958482,35.885447799576355],[114.62810389977517,35.88585640025275],[114.62251109960766,35.88015020007174],[114.6215271000957,35.87342820035121],[114.61608979990444,35.87251340007339],[114.61567090019196,35.865055700060566],[114.61804990018277,35.86414039975972],[114.61633359981579,35.8614815999959],[114.60507039967922,35.86295010026697],[114.60050109994586,35.862243900435715],[114.6002435997624,35.85715369988338],[114.5971862996081,35.85536220000557],[114.59282680001684,35.85778920041133],[114.58939940006235,35.856617700346646],[114.58869299968228,35.853290500156504],[114.59317019984496,35.85096340004094],[114.59678189966496,35.85196319974193],[114.59829340012038,35.85055590013474],[114.58460459982246,35.845820799590285],[114.58110239965606,35.8488835999982],[114.58011430013494,35.847707300251784],[114.58376850011621,35.84198140042133],[114.5851218997559,35.841618600418144],[114.58454089994268,35.83978170006543],[114.5872996998213,35.839534800190904],[114.5896612997293,35.836135499553734],[114.58992020015717,35.82756819981262],[114.60341760044196,35.82661159994541],[114.60609509980907,35.82116060038146],[114.60497839993332,35.81368750037791],[114.62353090023089,35.79856049976729],[114.63176059987188,35.79939770024373],[114.65870759967606,35.7921077004101],[114.66264640001145,35.78661009977634],[114.671558999848,35.78477330014772],[114.67560150010922,35.7860851996723],[114.67966780002905,35.78983360004065],[114.69142000023294,35.790221299573375],[114.69802130014295,35.78806699969232],[114.69840229972647,35.78669340038016],[114.71852130031778,35.781554899938726],[114.7334522999837,35.770126399913465],[114.7405472998181,35.75718290017073],[114.74095929993177,35.74159639995395],[114.71443930003375,35.70259089985018],[114.70510879963149,35.69416439976726],[114.72759230044437,35.68009190012117],[114.74207280001974,35.674388899728],[114.75331130027632,35.674583399704204],[114.78124229959246,35.681266900347225],[114.78797930000474,35.68161390016144],[114.80020129975026,35.676090399952045],[114.81820680000385,35.66424939979004],[114.8709868004006,35.654819900218286],[114.87867729981758,35.65036439979724],[114.88475779963278,35.643126899686706],[114.89354680024474,35.65084090018746],[114.89923079976165,35.66033540005873],[114.91797629996631,35.675319400370086],[114.91329179977674,35.68304040029432],[114.90059679980254,35.696594900334446],[114.90766880037495,35.70656939985798],[114.90808079958924,35.71276839974189],[114.90071079966378,35.72686390044868],[114.88995380002791,35.74136340000098],[114.88709280029252,35.74314889960209],[114.88407130035034,35.75181189979941],[114.88596330036603,35.75505440004059],[114.89893330043151,35.76558690011541],[114.91748029957625,35.77804539997527],[114.9350587999237,35.795985899929406],[114.9399413002509,35.80363440010751],[114.94358830025988,35.81607440001358],[114.92534629989188,35.836875899703045],[114.94761629985237,35.85947789968537],[114.96219630041901,35.88631039960529],[114.9702683003419,35.914867399910634],[114.9679033000973,35.93156790023846],[114.9741288003039,35.94267289973459],[114.97946930016815,35.967288899962796],[114.97808880035791,35.978271400105086],[114.97393779958986,35.98691540032553],[114.95703129965477,35.99811190044392],[114.94970680002882,36.000011399906214],[114.95111080002346,36.01004789959097],[114.94566329972156,36.02091990003339],[114.9412233000154,36.02677140008012],[114.92003629963563,36.04277040043371],[114.9175262998989,36.04649340035019],[114.91026309986228,36.04810709976289],[114.90918149962658,36.05937000042525],[114.91777340032218,36.068579899942506],[114.92415899963817,36.098314600238666],[114.90952860016478,36.104877199623104],[114.90408999955389,36.11305489956402],[114.90890240042552,36.135222500018415],[114.87368250024724,36.1435094999635],[114.85482979995538,36.139334999910375],[114.8542216999715,36.12410829955843],[114.83232830011104,36.1265645000517],[114.81986120003444,36.118950300016365],[114.79705550001142,36.1265645000517],[114.77330779971521,36.12700649975022],[114.76760309960343,36.129894200357114],[114.75694279957065,36.11363989956175],[114.73735830024543,36.07569489979983],[114.72514329992339,36.060024400205975],[114.71317280008475,36.025577399877136],[114.69779180035141,35.99725340042414]]]}},{"type":"Feature","properties":{"shapeName":"Nanzhao County","shapeISO":"","shapeID":"62558664B38313969241757","shapeGroup":"CHN","shapeType":"ADM3"},"geometry":{"type":"Polygon","coordinates":[[[112.65432730006489,33.22919090033986],[112.65680680019375,33.231918400214056],[112.65627279984994,33.25675189968047],[112.64660630014066,33.27521140018604],[112.64298230029294,33.29909489990973],[112.64866629980997,33.32353189997724],[112.65293130043926,33.331725900130266],[112.66023229988082,33.34078989993401],[112.6682968003571,33.347320399816624],[112.69499180023149,33.35450340011187],[112.71659830017143,33.36679440034135],[112.72135179994564,33.371764900230005],[112.73695379997798,33.39639290011229],[112.74433130024931,33.40327439999362],[112.7727967999324,33.41224690007442],[112.81076079967124,33.4796178997463],[112.82116680020772,33.485583899677295],[112.83048229991823,33.49314889960209],[112.83952329956071,33.50323089958641],[112.84088130013197,33.50781240042198],[112.83676930026309,33.510558900273054],[112.82964329989841,33.5116958996461],[112.82607279981994,33.515125400416935],[112.82714829995416,33.52474589980346],[112.82494329989345,33.53138340012384],[112.80983730025127,33.54213340033618],[112.80433630018013,33.549911400191036],[112.80378730004395,33.555637399846205],[112.81199629998935,33.56869889963457],[112.81664330024819,33.58152790039236],[112.80429079988062,33.58586489984532],[112.79797379995102,33.586547899865764],[112.7933117998997,33.58539589980097],[112.78098279971653,33.576907899579965],[112.7653503000763,33.57047289960468],[112.74532330013028,33.571590399877095],[112.73708329965461,33.57524090004756],[112.73430630019561,33.580962900417546],[112.72277079973264,33.58826840006668],[112.70712280027703,33.59259389988864],[112.68460080038665,33.593921399952706],[112.66314680028472,33.60555639960819],[112.65244280039497,33.607593400015446],[112.64283729990154,33.606426400158284],[112.63242329989544,33.60319140026297],[112.62090280012421,33.60202040022136],[112.61485279991689,33.6033783998933],[112.60520180002311,33.61251040013491],[112.58677680020924,33.62001790010606],[112.57196030042758,33.617912400137186],[112.55310080036168,33.599075400209585],[112.5413437995768,33.59102689957183],[112.53256230021009,33.589164900040146],[112.52651230000265,33.5918923999144],[112.51989729982063,33.59759540030751],[112.50215930021159,33.630508400042686],[112.49334730033775,33.63597490032146],[112.48207080012742,33.63845040026581],[112.45597079981258,33.63995739961433],[112.44825730023433,33.644962400194686],[112.41837329988789,33.68216689998252],[112.41313930043839,33.683059899794614],[112.40408330010428,33.68096090012551],[112.38848880041792,33.6708184000492],[112.37259679960266,33.664558900073246],[112.35749830030636,33.66357439963889],[112.34594730002789,33.66580940018372],[112.32665229966392,33.67418689980565],[112.31671930025561,33.680091899621516],[112.29371629976742,33.70631040000501],[112.27250680014879,33.71169290000739],[112.24360630019066,33.716110399575314],[112.23670180014801,33.721111399971164],[112.20870979981748,33.71545039971625],[112.19558779993713,33.70713040004796],[112.17888580043939,33.700156900420666],[112.17307280036948,33.704700400403226],[112.17159279956809,33.71705990019427],[112.16246030020272,33.72318240014772],[112.15231329991889,33.721515399716],[112.14411929976598,33.71504990013284],[112.13552830019091,33.69301240010225],[112.12467929990987,33.6782838998821],[112.1143187996729,33.67020040032827],[112.09845730026427,33.662761899941756],[112.06777179982873,33.654537400180914],[112.06069930013268,33.64761340013837],[112.0621793000347,33.637088900432445],[112.0699307995668,33.63096240029461],[112.07801830020446,33.619338900270066],[112.08026879966542,33.58660489979633],[112.07597330032763,33.57718589980948],[112.06915279966199,33.57347490044634],[112.06034830013402,33.57547390000053],[112.04556279998326,33.59895690014088],[112.04042829972627,33.61632139961296],[112.03238680031063,33.62382140013756],[112.02604680021966,33.62606440015202],[112.01866129957932,33.62394689962974],[112.00887279964002,33.61517339973267],[112.00624079967326,33.604159899959484],[112.00771330012878,33.59569539992282],[112.00527930029955,33.59201440014448],[111.99928279986136,33.58807740025185],[111.9242627999883,33.57282240003377],[111.91520679965413,33.57228839968997],[111.91052230036394,33.57385239986843],[111.91066729985607,33.562171899913324],[111.91404730014284,33.553958899783424],[111.92932130033779,33.53942889972399],[111.93833180037234,33.519119400240186],[111.95559679975258,33.495670399869084],[111.97631079990356,33.48323840033197],[111.98435230021852,33.47505939997137],[111.99717729989254,33.45546340011589],[112.00875080030926,33.42440390041975],[112.01431279959604,33.416892900287166],[112.02036279980348,33.414874899856784],[112.02391029972057,33.415817400152946],[112.04351029976056,33.427413399808586],[112.05116280012317,33.42975589991488],[112.05692280044696,33.429340399639784],[112.05998280036601,33.42409489965996],[112.06829829982678,33.3877448997074],[112.06289679984752,33.37900539957957],[112.06214880042683,33.37304289981],[112.06983929984392,33.37080740014147],[112.08814230032692,33.37459939964265],[112.09882380007832,33.37467589957316],[112.10600280018912,33.368083899552346],[112.10582029986699,33.35823440039729],[112.11029030005739,33.34887689964927],[112.13829079988056,33.34058789961193],[112.14904030006983,33.33241639959721],[112.15590680015873,33.32970789969988],[112.16578679982103,33.32496639957975],[112.17456029971811,33.32364289970013],[112.19257280029456,33.32970789969988],[112.20155329984493,33.335257900231966],[112.21740729980706,33.33741739999306],[112.22617330025764,33.33678040029531],[112.23358130013696,33.33384689991453],[112.24022679992697,33.324493400250276],[112.25036629986494,33.254707399826714],[112.25318130017695,33.24441540005074],[112.26125330009972,33.227058400025214],[112.28267679969463,33.21091440017949],[112.29827130028036,33.21054090004253],[112.3130032997625,33.21427889975149],[112.33074929974043,33.215514900092614],[112.33728029964618,33.219440400354245],[112.3442763003111,33.2352754003395],[112.34864030010988,33.23667139996519],[112.35502629962411,33.220901400279445],[112.35994729992797,33.22161139974634],[112.38636779973422,33.23638890042747],[112.39394380016631,33.24878690019534],[112.39965029982159,33.25362390022286],[112.40946179992216,33.25778939986094],[112.43077829997867,33.260398899689505],[112.43707279976991,33.25950639990049],[112.4485933004405,33.25382589964562],[112.45570380009042,33.25385640015281],[112.46278380013234,33.25754939958517],[112.47173380007484,33.269721899745946],[112.47415930041143,33.276828900133694],[112.47933179972279,33.28165789979232],[112.48397079961273,33.28258889955811],[112.49355329994489,33.281024900278965],[112.50705730035418,33.258857899672364],[112.52134680011477,33.246539899996435],[112.52520730007689,33.23945589977001],[112.52359030015225,33.23441290013528],[112.52416229955054,33.228919900433084],[112.53653730005647,33.21201339959879],[112.54340380014537,33.20745439980078],[112.5526962996945,33.20427689985911],[112.55789930041249,33.202693899703775],[112.5663682997573,33.20340740023141],[112.57401279975102,33.206634399757775],[112.57998630002783,33.21077339997248],[112.58706680009277,33.219264900354915],[112.59987629995135,33.226859899864564],[112.63294979989337,33.2269479003254],[112.65432730006489,33.22919090033986]]]}},{"type":"Feature","properties":{"shapeName":"Mianchi County","shapeISO":"","shapeID":"62558664B70885118575097","shapeGroup":"CHN","shapeType":"ADM3"},"geometry":{"type":"Polygon","coordinates":[[[111.99263179981779,34.727855799805354],[111.99913030002341,34.75041939963563],[112.00434130021085,34.75687040034876],[112.0186997995562,34.767280400170364],[112.02500930003919,34.77556990023078],[112.02686330010124,34.784969400217676],[112.00557729965271,34.82121289975555],[111.99659730012536,34.82641240031205],[111.99047079998746,34.827281899939805],[111.98066730025579,34.831329400431514],[111.97754680024468,34.83702489957949],[111.98153679988349,34.853542399562116],[111.97646329974157,34.85899340002544],[111.94835680042604,34.85580040026832],[111.94106280040796,34.860320900089505],[111.92800129972028,34.880592399619616],[111.91784730001297,34.891040900317364],[111.9108733003626,34.891895400152634],[111.89137280041444,34.89036139955897],[111.88153079980663,34.89737690022383],[111.87407729962774,34.91402439990617],[111.87481679955573,34.9215848996235],[111.87811279956611,34.92550639970062],[111.88810730001194,34.929256399962924],[111.89840680013378,34.93025590018971],[111.94872280021713,34.943256399863],[111.9581527998119,34.94836789995867],[111.97805780042722,34.963176900293774],[111.98135429956136,34.96869640031866],[111.97766130012894,34.97347240023112],[111.95924379976162,34.97447589974303],[111.9522318001575,34.97739789959343],[111.95075230027851,34.98471089958838],[111.9554367995687,34.98864040003451],[111.97489180011655,34.99611640035164],[111.97648629990289,35.00253689965825],[111.95111079972366,35.02477640001092],[111.94629679985746,35.03068940019574],[111.94312280007722,35.039363900024],[111.94692229992427,35.04877839980338],[111.95384229978237,35.05432890035854],[111.96784229968245,35.070453400204315],[111.96036559969275,35.07817419957968],[111.94979210042516,35.08198560015535],[111.92613630005025,35.084179200409835],[111.90804290005985,35.07386399992373],[111.8886168001253,35.079822399684076],[111.86998729987403,35.07034489969743],[111.85009899966917,35.074774700192336],[111.81145540024659,35.06921169996002],[111.80427569956396,35.06396129957437],[111.80604279993531,35.04592500023864],[111.80339940016222,35.03582519997303],[111.79685389958786,35.03005329982],[111.79218290002086,35.0282021002468],[111.77180470042663,35.029641000232004],[111.76890960019796,35.020054600439494],[111.76097949980414,35.01603420011827],[111.74373460027164,35.01727130033032],[111.73467159961467,35.01129189960153],[111.73605620033345,35.00716790007857],[111.73316110010472,35.00500280023908],[111.7055944997864,35.00469350000509],[111.70030770024022,35.00005359989376],[111.69011180021948,35.00036290012781],[111.68532860033469,34.99376360030993],[111.6789088996261,34.989432500409634],[111.67428209993903,34.989060600166624],[111.66279690035674,34.98912310035087],[111.65851720030861,34.985513700097215],[111.65913040034775,34.98244939962012],[111.66606969965699,34.97757240044598],[111.67085290044105,34.9713838003222],[111.6727410999219,34.95704509955175],[111.67565489975391,34.95031880017257],[111.65436330012625,34.93971159971062],[111.64064290034963,34.93971159971062],[111.62816620001018,34.928348500183176],[111.62176169964278,34.91711059977439],[111.61748189976993,34.91845239995837],[111.61521619996773,34.91556229996024],[111.61622319964101,34.90833680040305],[111.61345390017743,34.90307209989754],[111.61269869988513,34.896568200162335],[111.60688900032716,34.89374339993799],[111.59998529978179,34.89367739959238],[111.59255860029924,34.88985729987456],[111.5861282003562,34.882957100389945],[111.58500610005154,34.86651959959988],[111.58274040024935,34.8602193000807],[111.57732779993808,34.85629429984209],[111.57795709964051,34.852782399588136],[111.5687683000171,34.84803060043191],[111.56410599959224,34.84330040029329],[111.55561829974482,34.833968899844876],[111.55354330028314,34.825015899764026],[111.55697630031608,34.81887439983376],[111.56630679981902,34.81004690014436],[111.57148730039864,34.800029899560286],[111.56327030008435,34.7747534003492],[111.56510930035398,34.76424040027433],[111.57025130005752,34.75605789975231],[111.57759829982172,34.74903889982539],[111.58219929975792,34.74015790036685],[111.59081280037049,34.70613789994417],[111.59618329981947,34.700469900265716],[111.60569779971377,34.69691089981825],[111.63017279973496,34.69671239965754],[111.64399729963571,34.68289139991822],[111.64806430012743,34.681175399924825],[111.66847980000284,34.68164840015362],[111.70850380031021,34.66651540016562],[111.71296680017775,34.66094589963359],[111.7224503004411,34.64155590028463],[111.72223629956562,34.63674090037233],[111.71896379973964,34.63259189969648],[111.7101363000503,34.62769689969224],[111.71109080000048,34.62014789960591],[111.71952030022175,34.61359040027679],[111.72406780038875,34.606307899889714],[111.73149130008352,34.59932689991655],[111.73819729996546,34.59665689999599],[111.74767279985991,34.594936399795074],[111.76013930008867,34.59715290038611],[111.76645680004134,34.60089889956464],[111.774909800447,34.60994340026775],[111.78369129981371,34.61623740003603],[111.80185680025119,34.62413389995959],[111.79904930028505,34.628543900080956],[111.8053438000764,34.635696399869005],[111.82212080033474,34.64867040011893],[111.82956680016775,34.652404899666465],[111.84149179970683,34.654800400418196],[111.8487317999327,34.653716899915025],[111.85964180032886,34.648315399935825],[111.86525730028427,34.64401240025211],[111.87740330012224,34.629009899986954],[111.88468929977142,34.623344400423775],[111.89977280017467,34.61683289961866],[111.90679180010153,34.61025240012822],[111.91406229993527,34.60664740025737],[111.92266830020196,34.606948899771965],[111.93174729979813,34.614578399973254],[111.93905629960858,34.630660899680834],[111.94700630020066,34.63942690013141],[111.96768929982142,34.65356039989257],[111.97205329962014,34.66160590039203],[111.97360980035205,34.67054739994262],[111.98314680038459,34.68664939965015],[111.99181379986703,34.70892339979514],[111.9794618004218,34.693717400038054],[111.96643829968787,34.6899529000064],[111.95864880020201,34.690349400304626],[111.93209080035024,34.7022743998437],[111.9256817997753,34.7031364000249],[111.90234380002642,34.70133989991649],[111.88060780040973,34.705051400202024],[111.86573779995956,34.714996400163784],[111.85624680024966,34.71720490038592],[111.83627330007278,34.71474090007251],[111.8278733003126,34.71809790019796],[111.81860330000234,34.72557040035372],[111.81403329969709,34.73445940018121],[111.81472029990198,34.7452239001629],[111.81948079999898,34.763816899630285],[111.83355729982958,34.7728728999644],[111.83482379977858,34.78295489994872],[111.83106980023115,34.7925379003039],[111.83344279994532,34.802860399687745],[111.84391780006649,34.810737399611355],[111.85666629980994,34.815200900401294],[111.91854079961826,34.78802139976784],[111.92558279970649,34.78166589986142],[111.92537680009929,34.775024400255916],[111.91680130033978,34.77060689978862],[111.91574079999799,34.76624690017434],[111.92247030006433,34.76172240016871],[111.92574329991345,34.74457940011928],[111.93026679987298,34.738201400074615],[111.95472730012489,34.7393154001856],[111.96247879965694,34.74349989980061],[111.96502680024668,34.73962390002299],[111.96396629990488,34.73526739967082],[111.96708679991593,34.729568400361416],[111.97545630006823,34.72734440032389],[111.99263179981779,34.727855799805354]]]}},{"type":"Feature","properties":{"shapeName":"Shenqiu County","shapeISO":"","shapeID":"62558664B37095271652402","shapeGroup":"CHN","shapeType":"ADM3"},"geometry":{"type":"Polygon","coordinates":[[[115.05646149979839,33.52208800026108],[115.06817860036222,33.49877020018465],[115.06702870021445,33.484903799970425],[115.0518957002264,33.465517999556084],[115.04915590032465,33.45260379972564],[115.02549890025409,33.443690699865954],[115.01525210040415,33.40820460036207],[115.03559139982326,33.401270500033604],[115.03949430012187,33.39829550043703],[115.04498839969494,33.385394099757946],[115.04849319980144,33.3829065003348],[115.05984700033889,33.38338420042055],[115.05621330040356,33.37939090026987],[115.06334099958747,33.38029379981907],[115.06698350028842,33.37606570017198],[115.06651539956613,33.37478099974339],[115.06390689978366,33.37472520040774],[115.0636556004257,33.36917529970037],[115.06228210003894,33.36928709981987],[115.06276630042453,33.367238599781615],[115.0672495997893,33.366562100060946],[115.0695251004031,33.36176600030075],[115.06927060035798,33.35726329986147],[115.06225740015896,33.35742339987007],[115.06192030008185,33.34940200030212],[115.0644419999984,33.349922400198636],[115.06450879984129,33.34673780010945],[115.0508946999305,33.34208020044093],[115.04399549959271,33.341396499848656],[115.04048699967541,33.334484000336374],[115.04309340044017,33.334249100115926],[115.04287350001209,33.331812399622606],[115.04797749976183,33.32176030029768],[115.04578129956735,33.31868540041097],[115.04740660023447,33.318346300241615],[115.04832289968215,33.31544369966707],[115.05266209977617,33.31589069959614],[115.05301249992704,33.31483389996458],[115.05795419992648,33.31432589992039],[115.05802499995389,33.308107800234836],[115.06136529966886,33.30370559993355],[115.05902440035584,33.30241990035819],[115.05850499960616,33.29983120004988],[115.05795419992648,33.230390300072315],[115.05389109979444,33.22446769962471],[115.05788730025881,33.22082290025668],[115.05481069975406,33.221046700145166],[115.05220219997159,33.21791330025866],[115.05146649967924,33.21332489982433],[115.05394120012636,33.21472379976359],[115.05496609990564,33.212608999905456],[115.05245229963396,33.20712339982509],[115.0529001997844,33.20207160032413],[115.05019570007153,33.20168499976296],[115.05274769994651,33.1918697000267],[115.05465199998991,33.19181320011916],[115.05751089980822,33.18710209978212],[115.05925299992612,33.187093100266395],[115.0586628000483,33.17594719960363],[115.05698599970424,33.1759253002125],[115.05504259983616,33.17214559983961],[115.05552310041082,33.1655451003262],[115.05146649967924,33.16451630018713],[115.04783150022365,33.16837120007085],[115.04130010011954,33.166419899658706],[115.03775529996722,33.16865940041106],[115.03747419977458,33.16691609969831],[115.03414350032233,33.166307899889716],[115.03273900030467,33.16826750014508],[115.02284020031504,33.17095480032384],[115.02069990018026,33.1747056999082],[115.01969660031796,33.173138199568314],[115.00846010015357,33.17084279965553],[115.00591850003877,33.17263430043266],[115.00685490023352,33.17509760017418],[115.00484840033346,33.181367300260774],[115.0067210999988,33.18522969959099],[115.00301380044664,33.18532210043463],[114.99923009988925,33.18170319974291],[114.99082180028597,33.18205400009208],[114.98959170039677,33.179631200419635],[114.99137770002085,33.177853999762306],[114.98862159990699,33.178330500152526],[114.97357110012626,33.14689510002887],[114.96430970003269,33.13201140020601],[114.98200230006614,33.121521000094106],[114.98977660011008,33.103519400200184],[115.02583310001762,33.08827209997747],[115.0390166998609,33.09490970012263],[115.05502319966104,33.08644100025202],[115.10659029970259,33.08357619998168],[115.15033720010172,33.08905789970237],[115.17881769957728,33.122295400012774],[115.24555209974972,33.138866399764595],[115.25553130002959,33.13074869989265],[115.28703309979778,33.13761519998155],[115.29260249960578,33.201702100371676],[115.3215637002047,33.228485099807585],[115.3330687999852,33.2988471996386],[115.35791780016643,33.32878109976798],[115.33661649955184,33.37116999959585],[115.31031039980519,33.37471390042623],[115.3267821998387,33.39994810002486],[115.30843350030591,33.43021009981629],[115.27715360015861,33.43220410003926],[115.25450859999194,33.442149900397624],[115.22232890025862,33.441155299677405],[115.20325950022584,33.450105699818266],[115.15677770033062,33.5013037999305],[115.13830410025412,33.51521649994157],[115.06587880006668,33.522707300401635],[115.05646149979839,33.52208800026108]]]}},{"type":"Feature","properties":{"shapeName":"Shaoling District","shapeISO":"","shapeID":"62558664B49896003718985","shapeGroup":"CHN","shapeType":"ADM3"},"geometry":{"type":"Polygon","coordinates":[[[114.28077679980947,33.47682939975704],[114.28296320009167,33.49529179967686],[114.29100089987173,33.52433279981892],[114.29093269978432,33.53823710016212],[114.27060980040199,33.5738313997993],[114.27095420027615,33.59018829975031],[114.27474319963903,33.61686939970309],[114.25991560042473,33.6459427997205],[114.25405979981997,33.689231400208996],[114.24044200009826,33.70393230023552],[114.22200210031679,33.698196800142284],[114.21354370038148,33.69721150021064],[114.20677270019996,33.69232930025703],[114.19836210013091,33.69376420005784],[114.18849109998439,33.69008049961542],[114.18100469990702,33.68385129959785],[114.18130649979514,33.673953300004825],[114.17255519966284,33.67265319958557],[114.16874580007868,33.6665026003148],[114.1653498997781,33.66560999980169],[114.15909849999582,33.67036720028614],[114.15662369972404,33.67132830036081],[114.153647299883,33.670364999645074],[114.14786390009897,33.664135900351596],[114.14668260012195,33.6596409997324],[114.14857689970427,33.65429160017726],[114.14659649992859,33.65264309969933],[114.14412750028396,33.65190900020025],[114.137216199568,33.65399879980481],[114.11307469963776,33.653166499734255],[114.11160150040894,33.656198900359016],[114.09472650012799,33.65451270030093],[114.0792677000444,33.64742789967789],[114.06901980032353,33.636582699931694],[114.0525188002025,33.58711110029708],[114.04037719984797,33.58539970033593],[114.03016699970738,33.58726379978458],[114.02279680013226,33.53140640028522],[114.02915230003873,33.53135689980115],[114.03510280015416,33.53379439979176],[114.0425193004254,33.533283399609275],[114.06520079957727,33.527171900163125],[114.07116680040758,33.52751539981591],[114.07074729994804,33.525012900425054],[114.09554280036002,33.51297740028684],[114.10266879982532,33.496158399890305],[114.12519830006158,33.47763840019206],[114.13941179991468,33.461673899630796],[114.14526379998449,33.458823900402706],[114.15213780041927,33.45783989999143],[114.16493979993186,33.45974339963823],[114.17371379985207,33.45948790044628],[114.17384330042808,33.455585400346024],[114.1663437999265,33.450362899628146],[114.16507029965464,33.447349400054804],[114.16626729999598,33.44416439976726],[114.17369079969069,33.443187899701854],[114.18293779983969,33.44500739997159],[114.1970678003388,33.45703889992535],[114.20909129992367,33.45777140042986],[114.22448730034864,33.45582589974555],[114.25675179985569,33.46596539968351],[114.274520799995,33.47553989964672],[114.28077679980947,33.47682939975704]]]}},{"type":"Feature","properties":{"shapeName":"Mengjin County","shapeISO":"","shapeID":"62558664B96449097701801","shapeGroup":"CHN","shapeType":"ADM3"},"geometry":{"type":"Polygon","coordinates":[[[112.50341140021601,34.734751800355355],[112.5394520001098,34.73637440035833],[112.55264129985619,34.745695299598424],[112.57110640044004,34.73030449995275],[112.59496430006243,34.73208500022264],[112.60638240032756,34.724311600400085],[112.61154180011408,34.727893899583876],[112.63182079999001,34.733901899653006],[112.63902230023905,34.74055839995026],[112.66235329966514,34.75206389992911],[112.66425330004984,34.76168440021496],[112.65612030001193,34.78113190041694],[112.65220630028057,34.78615940023616],[112.65023029998838,34.79531489976284],[112.65632629961908,34.80013639997492],[112.67775729955974,34.80224590012824],[112.71450029964922,34.79933940009329],[112.73120130000007,34.79616540031304],[112.73650379991045,34.793651400391866],[112.74543780001454,34.77969739991511],[112.75045780038727,34.77512689958678],[112.7576903002672,34.773307900239445],[112.76658630041754,34.774005900052316],[112.78217329975803,34.77814840042839],[112.79216780020386,34.78525940010127],[112.795219299731,34.788009400113765],[112.79981230019757,34.8053398998166],[112.7904560000444,34.803357900147034],[112.7834656003572,34.804007699895465],[112.7566184999439,34.820532700223964],[112.74251179997964,34.81625140028194],[112.7156604997324,34.82144729995298],[112.70833690032771,34.82508249995743],[112.7041055001688,34.82980640034515],[112.70376079992104,34.835748700442196],[112.6956015001092,34.84116320012163],[112.67613039989806,34.848802199861666],[112.66031139975132,34.8464032996726],[112.62758720008924,34.8549389001102],[112.6040293997371,34.85023480009602],[112.59189519990366,34.84980189973794],[112.58239889958963,34.853481900369445],[112.5742215000223,34.85997569981873],[112.56815440010553,34.874476599615434],[112.56340620003618,34.87599150040745],[112.54916169965281,34.873611000347466],[112.54414980037302,34.87642430004149],[112.53940160030368,34.88746029995292],[112.53518100010308,34.8922204996764],[112.52436579994173,34.898711299886656],[112.52148160039565,34.90281850007375],[112.51430329995742,34.90951799965603],[112.5096963995693,34.91081069955419],[112.50140169962879,34.91066520003898],[112.49739069992097,34.90759590023066],[112.49069979965611,34.90544439993914],[112.47724130044571,34.90584190028352],[112.47036730001093,34.90856940015772],[112.45594779965131,34.91793839963748],[112.42943790003915,34.92308360002818],[112.41903679990844,34.92299639996395],[112.40773030011337,34.92098990006389],[112.39311979993886,34.91657239959659],[112.38672630007875,34.91819389972875],[112.37692280034707,34.92345789966237],[112.35868079997897,34.925853400414155],[112.35870380014035,34.928108400082635],[112.34239179974179,34.94026540042796],[112.3269117999397,34.944888899603086],[112.3241503002962,34.9426533999345],[112.30397779993552,34.93527589966311],[112.27958680019071,34.962524399881204],[112.26860830023293,34.96184940022971],[112.26307629963162,34.956619400065335],[112.26023880008063,34.94610990015184],[112.25562280035206,34.94087239964159],[112.2473982996919,34.94092540028703],[112.24375930005169,34.94245539979693],[112.23560329985241,34.94927989974764],[112.22467779964086,34.953864899845314],[112.22025200022972,34.9576520996647],[112.20367340030725,34.93761400028592],[112.19771129983667,34.92013140004411],[112.19887819986911,34.89131519983664],[112.20671040006494,34.88859239981946],[112.21000680027362,34.88141639984701],[112.22177879995172,34.873699400107284],[112.27825179978083,34.85065839966546],[112.28524780044575,34.84634789963593],[112.2906043001484,34.83790189955306],[112.29274730004795,34.81249989995047],[112.29559329999086,34.80450439995815],[112.31075280030154,34.78878389985715],[112.31107329979307,34.782832899718585],[112.30332929970746,34.77523790020899],[112.2924727999798,34.776099900390136],[112.28381329994386,34.779945399660505],[112.273452799707,34.788360400112424],[112.2645262999489,34.790145899713536],[112.26120779980022,34.78760889963104],[112.26323729986154,34.77663039967325],[112.26827230002664,34.770374399858724],[112.27419279965807,34.765468400246505],[112.29569230005961,34.755508399593],[112.29907979979293,34.74865740021892],[112.29647079998745,34.73563700034737],[112.32686259982916,34.7206310997455],[112.36062729981006,34.736240399574854],[112.3769820998441,34.729953699603584],[112.38331299969525,34.73038729963423],[112.38768890022266,34.73632649976821],[112.38190660030943,34.74950780004497],[112.38638319972495,34.75410550036861],[112.39104629964709,34.754565199624324],[112.40018609970878,34.75042740000458],[112.4070874997883,34.74276420040758],[112.41977129960583,34.74077160042907],[112.43096280039299,34.733567299691174],[112.4423408997128,34.74000519998003],[112.45670330031714,34.73847239998133],[112.47572889976902,34.7300416002397],[112.50341140021601,34.734751800355355]]]}},{"type":"Feature","properties":{"shapeName":"Luyi County","shapeISO":"","shapeID":"62558664B60244418070867","shapeGroup":"CHN","shapeType":"ADM3"},"geometry":{"type":"Polygon","coordinates":[[[115.59294889987189,33.72377009991021],[115.5607605000971,33.778694200077325],[115.57463069994685,33.78711319981437],[115.60114290002491,33.77846530013352],[115.61226650019887,33.78707889967154],[115.62631229987278,33.83793640044456],[115.61958310017997,33.881683399769145],[115.58728789961697,33.87168499986291],[115.54422760012369,33.88128280036102],[115.58226010032342,33.996204400113015],[115.59712220022936,34.014267000122004],[115.59432979988037,34.03396610005552],[115.62922669955265,34.039173100058576],[115.64478299963582,34.0673294002317],[115.64140329972258,34.072418400189065],[115.64071630041701,34.081126899786625],[115.63668079957927,34.092788899787934],[115.63362129968334,34.09436040031227],[115.62644979991842,34.09450889996583],[115.61466979987142,34.08955740005405],[115.6091692998234,34.088810399780186],[115.5914688001451,34.092052399998295],[115.57244130042568,34.09183489986077],[115.53896329981649,34.09855639955822],[115.53566729980605,34.09782790013753],[115.53327930029957,34.092063899629295],[115.5363388001955,34.07397439999863],[115.53537729992252,34.0484924003041],[115.53195929968194,34.03858190013466],[115.5262983003264,34.03117390025534],[115.5227737996712,34.027919900383154],[115.51152029962225,34.02480289963415],[115.49109630025407,34.02661889974246],[115.48313129986968,34.02537539995478],[115.46785729967473,34.01554890006173],[115.45662679978705,34.01219540009771],[115.45445230023358,34.01056290035763],[115.4519272998051,33.997451900085196],[115.44788380039711,33.990936399994894],[115.38981629988234,33.996742399742004],[115.35286730018584,34.02049639978907],[115.34150679969912,34.024474899796814],[115.3254927995531,34.026550400180895],[115.31477329984796,34.02502840014063],[115.30602280011215,34.02123639974013],[115.29653929984886,34.01261889984238],[115.28825379997295,33.99942390019288],[115.28305829960095,33.99774189996879],[115.27973179998264,33.9988439004257],[115.27604680001991,34.00338340022381],[115.2789613004237,34.02384540044494],[115.27780079996705,34.02681339971866],[115.27253780007948,34.02834690028925],[115.26219229963499,34.02200290001389],[115.25115979988493,34.0085408997428],[115.24933630033001,34.003005899902405],[115.25010679988895,33.99222940026664],[115.24693280010865,33.98576339976114],[115.24008930018113,33.98359689967725],[115.22879029983255,33.98389790006809],[115.20916729963119,33.98705690005596],[115.20146180042184,33.986713400403175],[115.19539630039901,33.973544900177046],[115.18845380040261,33.963577400076986],[115.17240879972644,33.95347189990832],[115.16174329981345,33.95009989999045],[115.1507108000634,33.95062639998844],[115.14517230006163,33.952148400028705],[115.1353987999147,33.958656399773076],[115.12818079980411,33.96152890003873],[115.11569979980595,33.96569789983823],[115.10742180027592,33.96649139955849],[115.10249329962619,33.96549590041553],[115.09515380020775,33.960796400433594],[115.09411580000426,33.9577978997533],[115.0969468001548,33.94108589979447],[115.09049230017956,33.934329900304704],[115.08280930020908,33.93306340035571],[115.06343829993762,33.93781289994541],[115.05657179984871,33.92205980031957],[115.04717329990797,33.90924440000913],[115.06043499957559,33.894383599623495],[115.06894199977353,33.86511640020177],[115.07805800017661,33.81694359966747],[115.08836060026158,33.81106079961626],[115.10343150026358,33.77876740039528],[115.13714180025397,33.77806689956782],[115.17169499972454,33.787172900409075],[115.19023570001764,33.797678599787616],[115.22394600000791,33.7913753999548],[115.25681360016756,33.77876740039528],[115.31664949967478,33.7738638001743],[115.35457360009161,33.7647563999879],[115.37058600034368,33.74794020008022],[115.39249780033333,33.74443640001988],[115.43126470040568,33.75564799975541],[115.44643430010296,33.75074310001412],[115.45570469971221,33.72901800018059],[115.51891159999036,33.73041980043348],[115.54503709968242,33.73322330021517],[115.56779160040207,33.72411149964603],[115.59294889987189,33.72377009991021]]]}},{"type":"Feature","properties":{"shapeName":"Lushan County","shapeISO":"","shapeID":"62558664B52121078683591","shapeGroup":"CHN","shapeType":"ADM3"},"geometry":{"type":"Polygon","coordinates":[[[112.85587210021731,33.87450960043776],[112.85013779981966,33.87891770029171],[112.8433416995598,33.90694809987497],[112.8346342000084,33.91752319993577],[112.81743150026364,33.922810299855485],[112.80978579967496,33.93074030042459],[112.78599939975254,33.93391209956377],[112.76306239961013,33.94289820009192],[112.75605390016744,33.940431500013744],[112.7554167997456,33.93144510001139],[112.75010730041163,33.92545369962858],[112.74564729978317,33.92545369962858],[112.73778929983644,33.94571709986434],[112.7297188998075,33.94747889963156],[112.71633929991879,33.94709790004811],[112.71192180035086,33.94777689988405],[112.6992567999614,33.94454590017318],[112.68768330044406,33.94520940019373],[112.67745980022971,33.95160290005384],[112.66472630027863,33.965541899838854],[112.64594280012022,33.9803848999432],[112.63352180019103,33.98424539990532],[112.62111680010025,33.98238390039671],[112.60459129974879,33.977073400117376],[112.58251179957995,33.9831923999094],[112.56896229977042,33.993003900010024],[112.56123330037656,33.99526590000136],[112.54744729955326,33.99339339998545],[112.54164880015207,33.994521899865845],[112.5345227997874,33.986938399987196],[112.53221929968095,33.94891740031784],[112.52481830012448,33.939506399800564],[112.4918137997671,33.92748240019267],[112.49073779960986,33.922897400094996],[112.49656730044057,33.91444789985076],[112.50900280013923,33.90785189964549],[112.53050229964151,33.90380089989168],[112.53547679971462,33.90015389988264],[112.53550730022175,33.8937454002301],[112.52812979995042,33.88180940018373],[112.50675980012477,33.860439400358075],[112.49355329994489,33.85993539959907],[112.47949980027568,33.86125940040108],[112.46851329994888,33.856864900095104],[112.45616929997323,33.847201899647985],[112.4504472996033,33.83778739986866],[112.42746730017586,33.81227889985138],[112.4175872996143,33.80788440044478],[112.4098968001972,33.807395900400536],[112.40104680036961,33.81307989991751],[112.38025680031114,33.83634539992033],[112.37306979983146,33.841811900199104],[112.36398279986633,33.84382989973017],[112.3453063001457,33.83595289980656],[112.31728380020729,33.82986439962241],[112.30988329977447,33.82501589996389],[112.29730980000727,33.81327039970921],[112.27835880021848,33.8079068996837],[112.26737980023768,33.80440890025062],[112.26302329988539,33.7993468997397],[112.2597807996442,33.791774900391374],[112.25718729965422,33.77160640021526],[112.25026679977304,33.742027400444215],[112.2435227999373,33.727104900271],[112.23670180014801,33.721111399971164],[112.24360630019066,33.716110399575314],[112.27250680014879,33.71169290000739],[112.29371629976742,33.70631040000501],[112.31671930025561,33.680091899621516],[112.32665229966392,33.67418689980565],[112.34594730002789,33.66580940018372],[112.35749830030636,33.66357439963889],[112.37259679960266,33.664558900073246],[112.38848880041792,33.6708184000492],[112.40408330010428,33.68096090012551],[112.41313930043839,33.683059899794614],[112.41837329988789,33.68216689998252],[112.44825730023433,33.644962400194686],[112.45597079981258,33.63995739961433],[112.48207080012742,33.63845040026581],[112.49334730033775,33.63597490032146],[112.50215930021159,33.630508400042686],[112.51989729982063,33.59759540030751],[112.52651230000265,33.5918923999144],[112.53256230021009,33.589164900040146],[112.5413437995768,33.59102689957183],[112.55310080036168,33.599075400209585],[112.57196030042758,33.617912400137186],[112.58677680020924,33.62001790010606],[112.60520180002311,33.61251040013491],[112.61485279991689,33.6033783998933],[112.62090280012421,33.60202040022136],[112.63242329989544,33.60319140026297],[112.64283729990154,33.606426400158284],[112.65244280039497,33.607593400015446],[112.66314680028472,33.60555639960819],[112.68460080038665,33.593921399952706],[112.70712280027703,33.59259389988864],[112.72277079973264,33.58826840006668],[112.73430630019561,33.580962900417546],[112.73708329965461,33.57524090004756],[112.74532330013028,33.571590399877095],[112.7653503000763,33.57047289960468],[112.78098279971653,33.576907899579965],[112.7933117998997,33.58539589980097],[112.79797379995102,33.586547899865764],[112.80429079988062,33.58586489984532],[112.81664330024819,33.58152790039236],[112.83229079968078,33.57787690019882],[112.83860030016376,33.58108839990979],[112.84571079981367,33.60491189956457],[112.85723079956176,33.61201839992924],[112.87946329959163,33.61546639975461],[112.90637180031842,33.61639040009692],[112.92532330013023,33.61227390002051],[112.94673129990963,33.60082239983393],[112.98542029980706,33.57196039985263],[112.99310279975441,33.56783290016824],[112.99968680030565,33.56760390039972],[113.00736980027614,33.56484990020277],[113.0144534003042,33.56965989988453],[113.02464759970701,33.568952000334605],[113.03569129961386,33.57426060034646],[113.06011489978289,33.57850729977213],[113.06733580020705,33.586822999781646],[113.07370720012727,33.588061400413324],[113.07583089967636,33.58381529993619],[113.0839012997053,33.57833029970362],[113.08475090003412,33.57337590037753],[113.09260889998086,33.5708985001657],[113.09749360004969,33.5737297997905],[113.10471449957458,33.57408370010273],[113.11129819975213,33.56771330022866],[113.11809439983676,33.568067199641575],[113.1287132995792,33.57496840007167],[113.13678369960815,33.57514540014017],[113.14506649971929,33.58098439961043],[113.14995119978812,33.57762259980319],[113.16205680028122,33.580099699641494],[113.16226920036331,33.57390670003423],[113.15462359959952,33.56700549960419],[113.1605702002546,33.56311219956842],[113.16736629961508,33.56541280026056],[113.16694160017482,33.56965989988453],[113.16991490005262,33.57603010010911],[113.17671100031248,33.57638400042134],[113.17862239960414,33.572491099684555],[113.18435660017701,33.57549919972831],[113.18563089994609,33.57992280029703],[113.19518799982643,33.58487680032414],[113.19540030008386,33.595491699882075],[113.19200229986632,33.601860099663895],[113.1813833002991,33.60840479984171],[113.17692340039468,33.61742509978859],[113.17628620014807,33.6298043001284],[113.1852060997818,33.63899919985323],[113.19476319966202,33.639352799791936],[113.19986029981305,33.636523799733595],[113.20580689956887,33.63705420009131],[113.21154110014174,33.639529700035666],[113.2227972001308,33.659153800107845],[113.23203180042731,33.667600999886304],[113.2169529000563,33.67431750025247],[113.20527199990295,33.675908099679134],[113.1823350995852,33.675908099679134],[113.17129139967847,33.68067999958237],[113.15472580035544,33.680503200062674],[113.14368210044859,33.69039949993703],[113.13093940043302,33.706655299902195],[113.1288156001599,33.71866839972694],[113.12074520013095,33.72979669975791],[113.10014440034388,33.730856500427194],[113.08867590027262,33.74268960004508],[113.07593320025705,33.74710449967296],[113.06680089964186,33.773765899976354],[113.06680089964186,33.788064199603184],[113.05911879989276,33.790711800109534],[113.04340279999928,33.79635969994024],[113.03405810020126,33.803419100111455],[113.02492579958607,33.81665380033269],[113.02110300010338,33.827063700329575],[113.01366969959702,33.832532799649016],[112.98903370024516,33.832885600090435],[112.97586620006518,33.8228293000322],[112.96694630043146,33.82177069995788],[112.9597254000073,33.82724009965091],[112.95292929974744,33.842058700248856],[112.94400940011383,33.85352379998341],[112.92510760043547,33.86569260033332],[112.91724959958935,33.865516299937326],[112.90365730014435,33.870630300148264],[112.900471700009,33.86816150015318],[112.90089640034864,33.86198930006617],[112.89813549965368,33.86146020012819],[112.89240129998007,33.86763250003992],[112.88645460039959,33.86816150015318],[112.8777470999488,33.859167499980174],[112.86946429983766,33.86710340010188],[112.85587210021731,33.87450960043776]]]}},{"type":"Feature","properties":{"shapeName":"Luoning County","shapeISO":"","shapeID":"62558664B61568739496572","shapeGroup":"CHN","shapeType":"ADM3"},"geometry":{"type":"Polygon","coordinates":[[[111.70416369999481,34.18469009986825],[111.70857980021765,34.20085139997218],[111.71370680012876,34.20914440019396],[111.73845680024118,34.23824290028966],[111.74781780025137,34.24199689983709],[111.7621762995966,34.24327889960159],[111.77568830037484,34.24638339977412],[111.79799630028907,34.253921400252466],[111.80837230034143,34.2640913997983],[111.81089729987053,34.27385689957629],[111.79601279965107,34.27771740043772],[111.78869630039401,34.28635040015092],[111.79163330003684,34.29531089967833],[111.80091079979366,34.304324399851225],[111.80547329975303,34.31512839985584],[111.80299379962423,34.334800399618814],[111.80039979961111,34.342334899935736],[111.79534130016094,34.347781400191536],[111.77841180006459,34.350829899580276],[111.76838680001089,34.35416789972885],[111.7586287996794,34.359573399892554],[111.7483978000185,34.378024900029175],[111.74907679985449,34.38810339985207],[111.75206730016583,34.39294440006404],[111.77536779998405,34.411250899809204],[111.7816467999599,34.41818240019768],[111.78323380029968,34.42437739989714],[111.78121179968485,34.42939740026986],[111.77786229990528,34.431426900331246],[111.7603837996727,34.43240739968178],[111.75031280019562,34.43894940009477],[111.74994680040459,34.44467139956549],[111.76653279994883,34.48902489987927],[111.7664107997187,34.497722399868906],[111.7624208000799,34.505470400138904],[111.76230630019563,34.51325590033957],[111.7745437997566,34.53214640003637],[111.77826629965006,34.54317090031685],[111.78127279979992,34.54732140016256],[111.78733130039927,34.55012489994425],[111.80449679968763,34.553718400184096],[111.80943279978396,34.559028400440354],[111.80962379959874,34.565215899794],[111.8131332995622,34.57211689967522],[111.82225030001138,34.5754014000546],[111.82581329974403,34.579555400061736],[111.82669079974067,34.597194399601904],[111.81321729983858,34.60760540036898],[111.80185680025119,34.62413389995959],[111.78369129981371,34.61623740003603],[111.774909800447,34.60994340026775],[111.76645680004134,34.60089889956464],[111.76013930008867,34.59715290038611],[111.74767279985991,34.594936399795074],[111.73819729996546,34.59665689999599],[111.73149130008352,34.59932689991655],[111.72406780038875,34.606307899889714],[111.72191680012031,34.60102089979472],[111.7101363000503,34.59014139990575],[111.69004079964327,34.57826589995136],[111.68007679970458,34.57564539961555],[111.66867079981762,34.5771328998635],[111.66092679973207,34.57476040017241],[111.6604992998029,34.56651290025019],[111.6713032998075,34.549911399991174],[111.67169179973683,34.5423583997204],[111.66869329995586,34.53889089989519],[111.66040029973408,34.536517900181025],[111.64196779957433,34.54410940042851],[111.62973030001342,34.54535690040069],[111.61744680012976,34.55003340022131],[111.6005932999409,34.5631333999865],[111.58997380035066,34.566913399833595],[111.58116129955437,34.56223690001298],[111.5703888001031,34.559142900324616],[111.5572587998538,34.56403340012139],[111.54781330044352,34.56461690004994],[111.54174030007488,34.56225589998985],[111.53578179959044,34.553031900002225],[111.52558130043673,34.54879339969568],[111.51223730021132,34.550014400244436],[111.50505079975466,34.548099400067315],[111.47354880033691,34.523689400345575],[111.3822097997425,34.48044189977389],[111.3725508003792,34.47780290038361],[111.35608680016577,34.482856899626256],[111.3489227998474,34.481162899748085],[111.34427629961158,34.47675339964974],[111.33740230007612,34.4736864003072],[111.32498929961656,34.4703213998128],[111.29090829997813,34.4829254000872],[111.28340130003005,34.48374189996878],[111.27429179992669,34.48155589988494],[111.26473980010178,34.47364440016901],[111.26213080029623,34.46513339978662],[111.2639767999894,34.45553989984654],[111.26101680018525,34.451610400299785],[111.24714679998488,34.451190899840185],[111.22849280040248,34.45574190016862],[111.20751179962991,34.4508743996339],[111.2048568004011,34.44465239958862],[111.20645130018744,34.43505839962552],[111.20113429960833,34.42399190010616],[111.19645679974155,34.42186339997596],[111.18843080014136,34.42152040034625],[111.18982679976705,34.40756990003092],[111.18689729957077,34.401805900422005],[111.18251029961073,34.399680899553914],[111.16589330043553,34.398986899925546],[111.15238179968037,34.396045400075195],[111.14137280011471,34.392677400341825],[111.13672629987889,34.38917940000937],[111.13202679989695,34.3627698998111],[111.13404280023508,34.35346849967158],[111.14164050040881,34.355163700144715],[111.14410470037171,34.35329890012417],[111.15580940018373,34.350332200370815],[111.15736110033458,34.338619400365076],[111.16238040013542,34.33939650004851],[111.16453660028395,34.33329230039942],[111.17224849996836,34.33086789993371],[111.17552259968829,34.32727239960161],[111.18178559982562,34.31896250021924],[111.18523880043034,34.304348599708135],[111.19225819965624,34.30030479992661],[111.19359300041668,34.29801469971869],[111.18774060014863,34.29453699978279],[111.18507110025115,34.29589410013267],[111.18435239984342,34.29182260033281],[111.18074160024474,34.288884400095014],[111.17429049970684,34.290804699977],[111.17603590033661,34.28037029974956],[111.1806561997239,34.278249299965296],[111.18209359963998,34.27536470022079],[111.17585149974695,34.27518329976954],[111.17496419983803,34.27034190025853],[111.17695999960438,34.266625499567226],[111.17500920011457,34.265267800268816],[111.17625119983308,34.260937499865804],[111.17459850042053,34.25932789956295],[111.17706259965928,34.25898849991938],[111.17531719992888,34.25610319960305],[111.18177710033297,34.240690999689946],[111.17669120033867,34.23694410029003],[111.17357519963582,34.227825199573374],[111.15334520022088,34.22809409956312],[111.15077840020308,34.22631139955149],[111.15909489970994,34.218755599691235],[111.16566600038567,34.21637840014313],[111.16997820013387,34.211708700096494],[111.18701099995775,34.206943699791964],[111.1909585003346,34.203176199621964],[111.19887400023498,34.2008734000874],[111.20416089960588,34.19667060016809],[111.20287329976304,34.190197399690305],[111.20759670012768,34.17590720025714],[111.21748329991442,34.17614139990576],[111.22572950031622,34.17977759995631],[111.23106850011123,34.17323709961249],[111.22958779963733,34.17093919958444],[111.23676290028766,34.16312839965599],[111.2445185996537,34.162363299626634],[111.247139299639,34.16058340010386],[111.24811219971832,34.156755999689665],[111.25241499975249,34.153664000093556],[111.25308450004968,34.14952249976358],[111.26330779971522,34.143160999580516],[111.26556659991871,34.14910910030477],[111.27367769966617,34.1489390996598],[111.27306170003749,34.140441699724704],[111.27501239970252,34.13789229978988],[111.28445730016432,34.14747740006203],[111.29831920017102,34.14299099983481],[111.30503829957792,34.13846189979688],[111.30222070022518,34.12896880017007],[111.30283679967863,34.123869299728426],[111.30803540001375,34.11627089988218],[111.31176929971349,34.11740940022372],[111.31618420024068,34.115624299921535],[111.31833299986812,34.116870899672335],[111.33047370000133,34.1166909003648],[111.3356919999859,34.111373999610464],[111.3396962997445,34.109758899953306],[111.3542868997207,34.109360799761134],[111.35652950043618,34.10119639989398],[111.36249489962,34.09677800010468],[111.36311379956226,34.09242859990002],[111.36723410017362,34.09213990043611],[111.3735504004307,34.0956059001922],[111.37651369984741,34.09455500011319],[111.37938910042669,34.095926600232474],[111.38271109983742,34.094390399897065],[111.3880468998446,34.095103900424704],[111.38998469963423,34.09758410022607],[111.39991379958224,34.10057740012695],[111.40254359980736,34.10395109976349],[111.40666899957472,34.10489560015185],[111.41219259960883,34.103531500378494],[111.4278922003648,34.10865380043259],[111.43355240022316,34.11543540002373],[111.43368499986292,34.13099380002393],[111.44226620042485,34.13218439989021],[111.44588389962234,34.13130549964916],[111.45140420004384,34.133643200073664],[111.45266640033418,34.131500899846685],[111.45646409973847,34.13046520010897],[111.46670249992047,34.13402559990158],[111.4689059000873,34.13751740030784],[111.47857470026224,34.13729280002275],[111.48241139966643,34.13950690032323],[111.49044989984304,34.139786799920955],[111.49849219965535,34.133168400301486],[111.50438340027375,34.13389810031714],[111.508182300273,34.13245339970467],[111.51396200024618,34.135707699950444],[111.51937359961198,34.13372809967211],[111.52397260035531,34.134347899835745],[111.53107830032337,34.13797730011237],[111.54238749988326,34.136971299585866],[111.54656059969199,34.14118889964806],[111.55174559957982,34.14399310000164],[111.5550311000053,34.14382320008065],[111.55867600009736,34.14654240011174],[111.56237220021694,34.15325490029346],[111.56736199955668,34.15695549989647],[111.57397420014928,34.15707829962389],[111.57709389976372,34.1631575997435],[111.5824315002136,34.16390400016951],[111.59162329997537,34.15532529972285],[111.60287839991827,34.149820800389705],[111.60672680040159,34.14934639991645],[111.61976630007473,34.153722199719766],[111.62631219994813,34.15379840017607],[111.64184089983775,34.14726459978152],[111.6434837004125,34.14535269956747],[111.64847609969229,34.14531369956762],[111.65236490041985,34.150408500152196],[111.65852519977818,34.15444440028887],[111.65920559985858,34.158735199769694],[111.66391560032474,34.158820000442745],[111.66668770027718,34.1603068001188],[111.66730379973063,34.16251569963987],[111.67163720009677,34.163411199567236],[111.67674970023853,34.16867480020193],[111.67665079999449,34.17282089966483],[111.68203730018132,34.17126570025192],[111.6920992003179,34.17347430029878],[111.69440940037362,34.17891070026866],[111.69949170038171,34.18353969969746],[111.70416369999481,34.18469009986825]]]}},{"type":"Feature","properties":{"shapeName":"Longting District","shapeISO":"","shapeID":"62558664B96940482226039","shapeGroup":"CHN","shapeType":"ADM3"},"geometry":{"type":"Polygon","coordinates":[[[114.35477470039223,34.79727480039179],[114.3557738004206,34.80959580020607],[114.35456430040222,34.81400940031364],[114.35832730036464,34.8186434997977],[114.36303100018063,34.818753799848025],[114.369884999693,34.816657499943744],[114.37687340018738,34.808713100329385],[114.38198030025069,34.80694750002715],[114.39004379978155,34.806506200001195],[114.40563330013674,34.81334740036226],[114.4083212001633,34.82073969987732],[114.40523009988931,34.827910800343204],[114.3975697997065,34.83430900006033],[114.39797299995405,34.83794909957135],[114.41098700024997,34.84586739996058],[114.40534280023007,34.85107849997286],[114.4041668997827,34.85551729998343],[114.40934080023783,34.86285039982613],[114.40957599993249,34.86690260017491],[114.40698900024222,34.870568799810314],[114.39334870038226,34.87172649977822],[114.39099690038665,34.874813599867764],[114.39170239964608,34.87925110035803],[114.39499490039441,34.881373299837946],[114.41286849978155,34.8871609003553],[114.41502240036357,34.898798099752526],[114.40597579974337,34.90159800044739],[114.39465449980537,34.90272329964063],[114.38423889990531,34.90678429985559],[114.36774929959051,34.919179300384485],[114.35154710011864,34.92341910021133],[114.30992349996961,34.92144540038498],[114.29410139985976,34.91806099971541],[114.28152230001422,34.912126399613726],[114.26968129985221,34.90017449955354],[114.24838620006312,34.89752170006648],[114.2410751003357,34.90075560009092],[114.2168979998429,34.91366319979687],[114.20041739994315,34.932243400112895],[114.1929730998288,34.936359199617414],[114.19803630003526,34.914214899697924],[114.20069879961,34.87549990040014],[114.20027930004971,34.86263639985003],[114.19760129976021,34.850875899802986],[114.19242080007996,34.83905389961785],[114.19232930035696,34.8333169003547],[114.18405930029655,34.83217639992097],[114.14837579960351,34.83983539968398],[114.13832079996496,34.84068290009583],[114.12917329990796,34.833522899961906],[114.12811279956611,34.82591990008336],[114.13092030043163,34.81246189999672],[114.13707730017734,34.79864490044184],[114.14969630024416,34.78364590033806],[114.15524279971555,34.771415900223644],[114.1508712995709,34.763023399910026],[114.13484129958636,34.74785239996834],[114.13848740027333,34.73414120025626],[114.13770159964918,34.72594560020934],[114.14429519956389,34.71007050035337],[114.14993950030771,34.717223299615625],[114.16334459957363,34.71490350019644],[114.17674979956371,34.71741659989624],[114.18991970003424,34.71451689963527],[114.19838610033833,34.71471019991583],[114.21461339988855,34.70968379996742],[114.21884659959096,34.70678390005702],[114.23154619959746,34.706977200337576],[114.23695529974736,34.71065050012055],[114.25083080020136,34.71007050035337],[114.25294739960282,34.707750500385316],[114.26169929958303,34.71254710016859],[114.26183369966554,34.714646099837694],[114.25645800033647,34.71884379970163],[114.25444209982311,34.72282040034128],[114.25968339996905,34.744578099699595],[114.26384950035424,34.7480012998202],[114.27460089991166,34.74866389961932],[114.27876710012163,34.752970299639685],[114.27822949979168,34.759816000208275],[114.27406340030575,34.76787549955469],[114.27594480001255,34.77129780035324],[114.28105170007598,34.775382299853334],[114.29489410008273,34.775934300127915],[114.2967755996143,34.80374740012246],[114.32244450001372,34.80341640014677],[114.32822339959023,34.808161299704295],[114.3302393001037,34.808161299704295],[114.33521180008461,34.79944360004214],[114.338705999882,34.79734680011478],[114.35477470039223,34.79727480039179]]]}},{"type":"Feature","properties":{"shapeName":"Long'an District","shapeISO":"","shapeID":"62558664B3562720414523","shapeGroup":"CHN","shapeType":"ADM3"},"geometry":{"type":"Polygon","coordinates":[[[114.22757479973723,36.10396579968199],[114.21496940011775,36.09369279988289],[114.20142799960252,36.09126109962011],[114.19674699957443,36.08612739975973],[114.18989269968836,36.08531680033013],[114.16765799991686,36.08585720024962],[114.16297709971343,36.08720819959876],[114.16481600015834,36.09490859965223],[114.16347860035717,36.09936629981496],[114.15963350038578,36.102202900043835],[114.15846329984151,36.10571480029785],[114.14408600016884,36.105309599958105],[114.14224699989916,36.10301339964872],[114.12603069995691,36.10233799979892],[114.12469330015574,36.09882599972019],[114.1056349995556,36.098420699555675],[114.10195709974039,36.095989299666485],[114.10329450044094,36.07937200011776],[114.11148629995284,36.07842620020904],[114.12001230012766,36.0730213997179],[114.12352309961148,36.06923789970938],[114.12402460025521,36.06194050025391],[114.13171480019798,36.053290800130355],[114.13923779998458,36.0511282004062],[114.1473185997736,36.052234600346594],[114.14866430031725,36.049413599757884],[114.1490637998545,36.04625299987612],[114.15662529961799,36.047218399609505],[114.16146560015738,36.05040349972177],[114.16669310020643,36.05023759998528],[114.16803460001688,36.05235380008787],[114.17184279990533,36.049618799867744],[114.17274630020165,36.0379994996772],[114.16866300039726,36.03751089980824],[114.17086240037952,36.03459280031751],[114.16808489999823,36.032413199809355],[114.17164689968479,36.01730210011186],[114.1712979996031,36.012381300356765],[114.16970609975681,36.01407719960315],[114.16371830025946,36.00113870009096],[114.17277979994788,35.98739799991779],[114.17525949972617,35.987454200351124],[114.17587629975151,35.9846284999054],[114.18461179969484,35.982945800008736],[114.18624059962406,35.98577320017313],[114.19010990035167,35.9863424998066],[114.19081340041816,35.99197789996015],[114.19566769980452,35.99402709967097],[114.19967770036567,35.99061180009454],[114.20214009988581,35.994766999797264],[114.21160240043048,35.99994660015551],[114.21026570030187,35.99573469999643],[114.21184859973312,35.99314479999259],[114.21335500013322,35.99450140031939],[114.21385239986841,35.990879000365624],[114.21494680015473,35.9918851996423],[114.21385239986841,35.98862499984392],[114.21813059984731,35.989470199789935],[114.21693670036848,35.98423740003602],[114.21808089971387,35.983110300400085],[114.21892649985818,35.98476070024617],[114.22071739988814,35.98468020013121],[114.222806700369,35.982023500284356],[114.22763210004143,35.98158070018923],[114.2271844004398,35.97997040021386],[114.22872650032775,35.97932630036854],[114.23011939999037,35.98025220007901],[114.23121549999541,35.97578339958426],[114.23230830038779,35.97755509998791],[114.23555820025081,35.97773820015789],[114.23598949981567,35.975501900092695],[114.23942199982548,35.974334400212456],[114.24350119962071,35.97751479956838],[114.24360319982782,35.97620039992859],[114.2511620996512,35.974535699962644],[114.25157640023076,35.97258310003008],[114.25832309983127,35.97236199990641],[114.25776450033152,35.97398819989559],[114.27165749979383,35.97654860033771],[114.27235400043685,35.97908480002354],[114.27531119975208,35.97474969993874],[114.28177570018852,35.97794540036],[114.2847782999786,35.974448700447226],[114.29136939977809,35.974389400050825],[114.29136939977809,35.972966999927166],[114.29840000006004,35.972374299934074],[114.30308700036483,35.96952930003721],[114.30257440028845,35.97314480039228],[114.30425879990378,35.97450799994431],[114.30843320013219,35.971307499841316],[114.31099640016384,35.971307499841316],[114.31216809987802,35.97355969992026],[114.31875930040144,35.97112959955143],[114.3208830997753,35.973263299561665],[114.32183520033425,35.971781599940925],[114.32578979995935,35.97249280000278],[114.32806009979379,35.970655500351086],[114.32820660025448,35.967869700126585],[114.33714120020625,35.96366130012893],[114.3394115000408,35.95998610007848],[114.34300000004998,35.95992679968214],[114.34863159966869,36.02524589987843],[114.336241500445,36.053427399954614],[114.33348309986525,36.09187050002362],[114.32033270029399,36.09105069963016],[114.31979429956732,36.10801709980939],[114.29691170031481,36.10758210043366],[114.29718089977871,36.09105069963016],[114.29421959955494,36.09115949961125],[114.29462339965028,36.09545580024502],[114.28796049977734,36.097141600104806],[114.28701829985471,36.098990599936315],[114.28123030003837,36.10170949959377],[114.25020410043896,36.1049720996827],[114.23970510011031,36.10785399966238],[114.23263840014215,36.104428400150596],[114.22757479973723,36.10396579968199]]]}},{"type":"Feature","properties":{"shapeName":"Linzhou City","shapeISO":"","shapeID":"62558664B2142497973259","shapeGroup":"CHN","shapeType":"ADM3"},"geometry":{"type":"Polygon","coordinates":[[[113.9267548002939,36.327192900032344],[113.91991040014489,36.326067900313376],[113.91324869996754,36.32817629969651],[113.91372449978587,36.34619159986249],[113.91134539997029,36.3504074003813],[113.90753870015101,36.35251519991658],[113.89597120001088,36.33869560042166],[113.88623340025129,36.34347869958236],[113.88219399995319,36.35228219996361],[113.8766664995594,36.35415820014089],[113.8468832997246,36.35074549960518],[113.84342190000075,36.34509659972832],[113.8437944000915,36.33894329979353],[113.84516590038606,36.336934100128644],[113.85110449977287,36.33546700010203],[113.85395499992342,36.33323449967247],[113.85458839963496,36.33093820043763],[113.85047289960471,36.32901999957335],[113.84120690037821,36.332979399779504],[113.82845879993374,36.3342550997931],[113.81246429978762,36.331065700022066],[113.81026630004976,36.33187099974691],[113.80082479992461,36.33814589971354],[113.79631150007572,36.3380184001291],[113.79219409977793,36.34739389990858],[113.78578040024536,36.349307099643],[113.77334910038076,36.348924500165595],[113.77200299963874,36.35045499969851],[113.77461599962874,36.358553699593585],[113.77319070009082,36.359892800012744],[113.77097370037609,36.35963770011983],[113.7669353999488,36.35549290017724],[113.75862150038199,36.356385599615805],[113.75577100023156,36.357979799927875],[113.74989359970994,36.36629170030176],[113.7459525996328,36.366779099575865],[113.7363630000525,36.36420759970099],[113.73819290008237,36.357469699966714],[113.7330815996362,36.35536860038064],[113.73004149991539,36.32467270018503],[113.70210269987979,36.29609300009196],[113.69035339998948,36.23554989980806],[113.67794040042918,36.22017290025917],[113.6958770998483,36.20884700028887],[113.66567989980763,36.20015339975964],[113.69232180011102,36.18793490017555],[113.6907730002738,36.18161769969714],[113.65590670003428,36.17779919987322],[113.65090940034861,36.16582109986393],[113.6973800999117,36.14902499980394],[113.6977310000857,36.13117980010776],[113.67890170015335,36.12571720018872],[113.65704349975772,36.13559340021533],[113.64716340027076,36.1234245000407],[113.66529850002587,36.113471999733065],[113.64994809972507,36.10648729994898],[113.66285709967542,36.099613199689486],[113.6784133997586,36.06402209984009],[113.65419770036362,36.03482819966172],[113.68887330026269,36.026870699623146],[113.68894959964439,36.01830289985901],[113.67446900024424,36.01493840028701],[113.6913299998796,36.002510099661436],[113.68018340044364,35.98656850033609],[113.63703919959949,35.9929923999793],[113.63374330031309,35.96989820014187],[113.64161680007533,35.967338600096355],[113.64824680004983,35.9174193997855],[113.63543689999301,35.903888300104995],[113.63906940023264,35.8894851997822],[113.62702489967944,35.880501299895116],[113.62070300024334,35.86782760036351],[113.63065739991919,35.85695249995797],[113.64996680022773,35.8521488998519],[113.64384900013135,35.84114600038765],[113.65067290023421,35.83686449989682],[113.68250279966458,35.836864400072045],[113.69348079959923,35.83519739964032],[113.712013299874,35.827991900106156],[113.72743979990685,35.81988889965305],[113.73696879957049,35.81387690029874],[113.74807680010429,35.79779040040671],[113.74004399983073,35.7868142998401],[113.75014559963972,35.78410139955997],[113.75445089978928,35.77546310014202],[113.75499539971793,35.76793379970513],[113.76837780009544,35.76270040010343],[113.79041229998768,35.74945840008513],[113.79480730031673,35.738899399687625],[113.7952422996924,35.72585289969163],[113.79370880002114,35.7137374003608],[113.78298349968884,35.700733399626756],[113.78549649956392,35.69343269965941],[113.77668530008657,35.69097940037909],[113.77469110021411,35.684225699556464],[113.78107940019424,35.67527519959083],[113.78532740003959,35.67375530036685],[113.79871639964222,35.6737683998918],[113.80187810029418,35.67694089960287],[113.80641869996305,35.677297899878226],[113.8119844997849,35.67527519959083],[113.8184614000736,35.677998100332104],[113.83883389976472,35.677464900384905],[113.84747370015123,35.68150829996813],[113.85476219991563,35.682700999751376],[113.8649031000981,35.68101040020986],[113.87291600017329,35.68836219965584],[113.87771179955996,35.688668300101995],[113.8880023999908,35.67813069997186],[113.89529670038246,35.67657789995019],[113.903355099858,35.68134250005636],[113.92161269986627,35.68388600043863],[113.92406769976458,35.69052919976281],[113.92169040039175,35.693953300104795],[113.9252057000831,35.69811660000113],[113.92623100006062,35.70430169996354],[113.93326149961854,35.703825900145205],[113.93941330038353,35.69883030017826],[113.94351439956995,35.6982355002682],[113.95112499961908,35.68931220029788],[113.96337630017615,35.68896969979187],[113.97930930018413,35.701122399579106],[113.99883240009524,35.706816399557226],[114.00054859973818,35.72223449992231],[114.00933679995342,35.72461280024061],[114.0110943998867,35.72651529984125],[114.02354440025397,35.726990900010094],[114.0314537002281,35.73578940016074],[114.03936310002712,35.74018829995015],[114.04829779980366,35.74803440006758],[114.05869710039099,35.74803440006758],[114.06982879985924,35.7567117003847],[114.07422289996691,35.768596900426644],[114.07026819961777,35.77453890015016],[114.0762734999222,35.78190630013569],[114.07598059972497,35.79046110019965],[114.08066760002976,35.803172799685],[114.0716928003825,35.80469929993279],[114.07117760036601,35.80599700006155],[114.07029989982061,35.804941400125585],[114.05767600024728,35.8042252996579],[114.03935769959821,35.799777099933294],[114.04083499973547,35.79623770020976],[114.03766640038418,35.797678999586196],[114.03587550035411,35.79614569956442],[114.03102820039123,35.796979800077736],[114.02550100037092,35.79528389993209],[114.01548120019731,35.79800710014763],[114.0169719002331,35.80623240030508],[114.019643300398,35.80782670044192],[114.02098080002395,35.812561300063976],[114.02667260026033,35.81709390026333],[114.01816579971194,35.82220710007766],[114.02065309966088,35.82494990011787],[114.02236110018464,35.82221959975476],[114.02771709986428,35.821481099872926],[114.02980650016991,35.822610499974644],[114.01259429998697,35.83995300023082],[114.01302299961185,35.845343999725856],[114.00544630040645,35.84862010043736],[114.00683920006907,35.85045570037033],[114.00028100016812,35.858827599913866],[114.01030590039704,35.85785619990378],[114.01547949957933,35.860275299765306],[114.0184642999875,35.85713050007257],[114.0245723001716,35.85761010042586],[114.02692119985352,35.85971079981363],[114.03316550038755,35.86034259963134],[114.04339929963805,35.865006699599576],[114.04357579968348,35.872024400006126],[114.04562579979086,35.86914440029386],[114.049945999908,35.86856310010705],[114.05557499958661,35.8705957001315],[114.0623434996528,35.8707779000801],[114.06721289955578,35.87777380002092],[114.06678439958046,35.882201700248345],[114.06980240026064,35.892360899835694],[114.07473829963283,35.895689000247216],[114.0792029002937,35.902835800132095],[114.07743420002839,35.91031479968831],[114.07527189977839,35.91587310006355],[114.06584059976387,35.9204477004011],[114.06499460032057,35.92259449993628],[114.04951139983132,35.927599999640336],[114.04801080005848,35.93058470022379],[114.0322578002573,35.931134300207816],[114.03179130032834,35.93398149984637],[114.03359289959269,35.936497800233326],[114.02978480042827,35.94006869961083],[114.02676329958672,35.94032280035702],[114.02368240032263,35.94593509962522],[114.0249389996352,35.96194099957751],[114.02352829969129,35.96800639977556],[114.02517100044133,35.971334400362366],[114.02286080038573,35.97025060038493],[114.02443330005678,35.972737000112545],[114.00342090035429,35.99436529961895],[114.0026365997993,35.99796079995099],[114.00995619991875,36.00071020011569],[114.0123089999604,36.01022649955337],[114.00655780040222,36.02249039961231],[114.00185239996836,36.02143319978239],[113.99740830025291,36.02270179964836],[113.99740830025291,36.02841019957111],[113.99035009977729,36.03284979997835],[113.99008870013347,36.03940289982404],[113.99976099957053,36.05145089963935],[113.99845399955245,36.05652320008568],[113.99453270002414,36.05990449989281],[113.99453270002414,36.06624409978542],[114.00943339973162,36.0890625000344],[114.01492309982132,36.10553830025242],[114.01518460018917,36.11377500021615],[113.99897679973958,36.12433349969132],[113.99008870013347,36.12454460025316],[113.98538319987483,36.13721290025518],[113.97623359990075,36.13784629996684],[113.97048250016735,36.139957400014055],[113.96812970012559,36.14481289999537],[113.97727930009967,36.158955400171635],[113.9778021002868,36.169507800444705],[113.9806776996162,36.176049600308886],[113.99165709979536,36.18048080014887],[113.996362600054,36.20157839982335],[113.99871540009565,36.2233029996338],[113.99348709965,36.229207699975404],[113.9932256001814,36.236798800024644],[113.98904299993455,36.24333499981043],[113.98878160029074,36.254297599754466],[113.9866901998929,36.256827200215184],[113.9819848003583,36.25830279973445],[113.98224620000224,36.26104309965939],[113.97701789955647,36.262307800064946],[113.97910920012953,36.27010639979056],[113.97492650005802,36.27748280019114],[113.98172339981511,36.28190830012801],[113.98538319987483,36.28865139974238],[113.99400989983712,36.291811999624144],[113.99427130038032,36.29602599970019],[113.98825870027883,36.30129309959693],[113.97597220025693,36.30297859998245],[113.9754494000698,36.31224770007134],[113.96760689993857,36.316249899912975],[113.95558179956049,36.31772439956143],[113.94041970020908,36.317092499919],[113.9267548002939,36.327192900032344]]]}},{"type":"Feature","properties":{"shapeName":"Linzhang County","shapeISO":"","shapeID":"62558664B16253670882095","shapeGroup":"CHN","shapeType":"ADM3"},"geometry":{"type":"Polygon","coordinates":[[[114.7417787999517,36.15023010033889],[114.74263799964399,36.15335859981957],[114.7459549997235,36.155830800151364],[114.74850649957534,36.15624280026509],[114.75424730027271,36.153667599680034],[114.75577820000399,36.16613069957219],[114.75832969985584,36.165718700357786],[114.75794699965434,36.1626288996041],[114.7639430000695,36.16211390013643],[114.76764259962636,36.163658799613984],[114.77019410037747,36.16870540013417],[114.76534630039146,36.1708682004072],[114.76164660011057,36.178591700446646],[114.76572899969369,36.19588970044936],[114.75922269966793,36.20927250012585],[114.75348189986983,36.2142132000792],[114.74467919988524,36.20628730041864],[114.74187260014048,36.206390199947805],[114.74404139979083,36.219359500340715],[114.7459549997235,36.21925659991223],[114.74786859965616,36.22903360022053],[114.746337699925,36.229445200135956],[114.74557230042137,36.23489919983825],[114.73804540027504,36.24457129962582],[114.73536630011472,36.25239050012152],[114.73562140000763,36.26247190025805],[114.74569980000581,36.29209149992283],[114.74518950039521,36.30031720027864],[114.74850649957534,36.29959749982481],[114.74888919977684,36.302887499558494],[114.75539549980249,36.30124250014131],[114.75794699965434,36.3173827003514],[114.7505476998166,36.31820499996081],[114.75093040001798,36.323550000032526],[114.74148989993898,36.32396119974965],[114.74046929981841,36.321905499739046],[114.71648529995673,36.327455799745394],[114.71814370017171,36.34441259966178],[114.70717230036144,36.34831719967906],[114.70768259997203,36.35078320008466],[114.70181419986545,36.35119420015229],[114.70143149966407,36.347187000080055],[114.69773180028244,36.34739249966418],[114.69798700000013,36.352427200355066],[114.6962008996519,36.35283820042264],[114.6962008996519,36.35561229956801],[114.68880159981404,36.35705070042951],[114.68829130020345,36.36208480037328],[114.67859570023143,36.36074929994027],[114.67897840043292,36.36403669973396],[114.66188339989901,36.36526950028724],[114.66073520036923,36.36321490014757],[114.65206019961863,36.36352309961143],[114.65129470029024,36.35766710025655],[114.6441505003454,36.357153400309244],[114.64274720002334,36.35150250034019],[114.63011739999808,36.35294090030237],[114.630372499891,36.35571500034706],[114.62016649958434,36.357256200013694],[114.61978380028222,36.364550399681264],[114.6113639003238,36.365063999803795],[114.6113639003238,36.36177660001016],[114.59490679970907,36.36167390013043],[114.59375860017929,36.35550959968833],[114.58214940027472,36.35540679998388],[114.57602579955108,36.36413950033773],[114.57564310024895,36.37307660040483],[114.57832209968524,36.38889380010886],[114.53864650033574,36.393925800135605],[114.53864650033574,36.403475600218826],[114.51619340020534,36.40409169967228],[114.51568309969537,36.388585699570456],[114.50547710028798,36.38930449980285],[114.50139469980559,36.38673709993725],[114.50343590004684,36.40275679998638],[114.4999914003829,36.40316749968042],[114.49858810006083,36.40717199998784],[114.48876479995556,36.405734500247036],[114.48889240026415,36.40717199998784],[114.48179779972872,36.408306000121854],[114.48006870021038,36.403498600380146],[114.47816700010708,36.403158400339976],[114.4775331003724,36.401372700189995],[114.47795569989569,36.39967189963852],[114.47964609978771,36.39780100041588],[114.48313259958991,36.399501800068094],[114.48461179999458,36.40307340001743],[114.48788699958538,36.403243499587916],[114.48334389980118,36.37891960005953],[114.48059699975181,36.37943000039428],[114.47795569989569,36.36998760004775],[114.46274179959448,36.369732400330065],[114.46284739978773,36.37168900044708],[114.43389869976522,36.37500660037438],[114.43410999997661,36.350759000227754],[114.43083480038581,36.35041870036281],[114.4305178001564,36.34829130010348],[114.42365049967088,36.348972100382184],[114.42280519990015,36.34599370044896],[114.41731129997652,36.34573840000718],[114.41709999976524,36.342845000396494],[114.41984699963939,36.342589699954715],[114.41953000030935,36.33586639981456],[114.4217486997428,36.33586639981456],[114.42206569997211,36.33288749985826],[114.41910739988668,36.33246200002134],[114.41688869955385,36.33016390034379],[114.41202870026439,36.309733600325444],[114.40822520023289,36.309393000086914],[114.4001956995719,36.31194709987881],[114.39491309985976,36.30998899969262],[114.39639220043978,36.29500340038669],[114.38783440023747,36.29125659991223],[114.3874117998148,36.28129250014882],[114.38392520018795,36.28120730017679],[114.38413650039922,36.271412299937765],[114.37885389978771,36.2705604998672],[114.37008480027339,36.27209379988898],[114.36533050010257,36.26783469971167],[114.34789790036791,36.26400139974487],[114.34810919967993,36.255823000131386],[114.33940940012383,36.25528139961693],[114.34003049980777,36.24510279985441],[114.34699879955497,36.240733299802],[114.35310569986825,36.22548150027109],[114.38828140016653,36.218598600145356],[114.39476400035835,36.226217400212875],[114.40231320009423,36.22435379988798],[114.40692700008105,36.21714099965749],[114.40594930032,36.202011800204446],[114.42730009961997,36.19530420042855],[114.45420839979784,36.20095060019008],[114.45831569980976,36.187696700342485],[114.4713909996949,36.177143100373826],[114.52103069970713,36.169885299866735],[114.52256110031453,36.166224800134444],[114.5285806998395,36.1657334996014],[114.53878410020616,36.16004730034268],[114.54863660039882,36.15185080007444],[114.56198159977112,36.151289599735264],[114.56887069982304,36.143254300245815],[114.58059429978721,36.140286200248],[114.57678030017075,36.120276999683824],[114.5836693003979,36.11852509965365],[114.59527860012736,36.12408979960463],[114.60089190034103,36.12130750044082],[114.60499139963349,36.12733429993807],[114.61404299958485,36.12605650000751],[114.61314999977276,36.12193460040152],[114.62434079998798,36.12391230041237],[114.62450409978442,36.126880900433264],[114.63106700044182,36.12832169978668],[114.63024489958252,36.1348147995634],[114.6492535000491,36.139554199766565],[114.68454770041615,36.13797450012311],[114.68587929959006,36.14538080028376],[114.70660709983781,36.14431810020022],[114.70602369973403,36.13934019979047],[114.71322679987702,36.139249000441055],[114.72796700027686,36.155109700352455],[114.7365144996445,36.15418269987174],[114.73644850019821,36.15100279963957],[114.7417787999517,36.15023010033889]]]}},{"type":"Feature","properties":{"shapeName":"Lingbao City","shapeISO":"","shapeID":"62558664B82160784753183","shapeGroup":"CHN","shapeType":"ADM3"},"geometry":{"type":"Polygon","coordinates":[[[110.42462160010683,34.41068649968224],[110.47540279969951,34.41518779987712],[110.47284700018895,34.378944400164016],[110.49511719979898,34.33678049992017],[110.44567110044102,34.29502110034355],[110.42259980004081,34.2890548998638],[110.43656160033765,34.24718859967419],[110.47913360033544,34.23865510005288],[110.50173189960753,34.22192379974359],[110.52773280002879,34.22174839956904],[110.55664829977928,34.19619750011458],[110.57711030000041,34.196132700363876],[110.63633730002641,34.17297360005165],[110.63594820024929,34.15670009962997],[110.65650930036401,34.15221389995156],[110.6839598000048,34.13851939975058],[110.69168079992903,34.138889399726054],[110.71633079992654,34.147350399601294],[110.73539729964574,34.14700689994851],[110.7451477996313,34.144203400166816],[110.7516477999061,34.138591900395966],[110.75656880021,34.11898039982566],[110.75882730003991,34.11719140006312],[110.76435829969586,34.11683289971859],[110.77007279971997,34.120364899820345],[110.77506179956248,34.130531400104076],[110.78292079955531,34.13662340044965],[110.79638629998783,34.139377399747275],[110.80893679959371,34.145549900207754],[110.82407429978917,34.15955340026926],[110.85999279962806,34.171153900132424],[110.86979680028219,34.17659039992708],[110.88057780012542,34.187991899606516],[110.87935629955365,34.193237399586394],[110.8751832995697,34.19454190038846],[110.86744679983002,34.1939544002754],[110.85594930022012,34.200633899834656],[110.85254679979505,34.20400989993698],[110.8489303002932,34.21609090037481],[110.84406279975849,34.22333539990882],[110.84359729987557,34.23065540022657],[110.84886179983226,34.24150839979285],[110.85981729962873,34.25726689984759],[110.8615038000604,34.267371899993236],[110.85465980010974,34.30939840001622],[110.85109730040017,34.31941589972405],[110.85675829975577,34.32546589993137],[110.86337279991483,34.32694990001795],[110.86979680028219,34.324538900350035],[110.89694230024702,34.278041900113635],[110.90641780014141,34.26377090030684],[110.91519930040744,34.25521090036284],[110.95084380020126,34.25716389959433],[110.9716108000984,34.26848990028873],[110.98632030034167,34.278568400111624],[110.99227129958086,34.284389399651104],[110.99997729971267,34.286341899758895],[111.00856780016392,34.28601840012914],[111.03056330005631,34.28040690035823],[111.03357679962966,34.28091040019484],[111.03629279987285,34.28370290036861],[111.03385880004367,34.29351040028479],[111.03695679991642,34.303176899994014],[111.04160330015225,34.30645390002752],[111.04749280015267,34.31501790015602],[111.05283330001686,34.33662840028052],[111.04215979973503,34.36783989979159],[111.052299299673,34.385398900139194],[111.06047079968772,34.39170489956149],[111.07241830026442,34.39028539975146],[111.09446729992601,34.382827900287396],[111.10014329997335,34.376727899572984],[111.10550679999886,34.359176399571254],[111.11112229995422,34.35582339963025],[111.13202679989695,34.3627698998111],[111.13672629987889,34.38917940000937],[111.14137280011471,34.392677400341825],[111.15238179968037,34.396045400075195],[111.16589330043553,34.398986899925546],[111.18251029961073,34.399680899553914],[111.18689729957077,34.401805900422005],[111.18982679976705,34.40756990003092],[111.18843080014136,34.42152040034625],[111.18961329981397,34.4318428997301],[111.1849973000854,34.44002140006762],[111.18105329986997,34.44363040012291],[111.17101280000077,34.44600689999851],[111.16200229996622,34.45228940013578],[111.15738680026067,34.46092590001035],[111.16162879982932,34.470374899582],[111.16871630021717,34.475741899768934],[111.17050179981828,34.48378390010697],[111.1650772996777,34.49103139977933],[111.15973679981352,34.4941634003207],[111.14923080006145,34.49263740009599],[111.13268279957163,34.50109839997123],[111.12391680002037,34.50852940001187],[111.11990330019722,34.515109900401626],[111.11331180019948,34.53722739962484],[111.11250279976446,34.548892899787575],[111.11351030036013,34.55394739995262],[111.11728680004586,34.559039900071355],[111.12684630021664,34.56604740036727],[111.12638080033372,34.57497390012543],[111.11152629969905,34.59444789975083],[111.1068573002243,34.60445389982766],[111.10283680007831,34.623401400354396],[111.09706880028494,34.63316339997101],[111.09140780003003,34.63788990029872],[111.06330880016105,34.6516648997154],[111.03536230013009,34.67069989978063],[111.03163179986774,34.67591490015258],[111.02777079988255,34.7113453999703],[111.0223312999496,34.73049539994281],[111.01439770029367,34.72753850010173],[110.97997260025534,34.71692130007801],[110.96655529988726,34.700206299980835],[110.96184819973467,34.70400469995701],[110.95807150039951,34.71391939996039],[110.94915200006483,34.72229109985443],[110.93701639998693,34.72929729973066],[110.92508449994978,34.73404230001216],[110.91942859975012,34.73396210027079],[110.91373530034389,34.72673669963905],[110.9112725995509,34.72021739991311],[110.89549260030333,34.66199490034444],[110.88863659979933,34.652564100353004],[110.88254489982734,34.64860329990245],[110.85147009996518,34.640437499790835],[110.84453079975668,34.6360471003934],[110.82811830011951,34.61743150006373],[110.81885940014126,34.61652920036238],[110.81154979958364,34.61943670044343],[110.80570200024715,34.63026380043408],[110.7913264002932,34.64850620010111],[110.77597609981723,34.65321650004148],[110.75176210014087,34.65476160006784],[110.73321460007378,34.65311630027708],[110.73041260036126,34.64489810026714],[110.72419940018221,34.640788700338305],[110.70799629958964,34.60610140025949],[110.68996579998174,34.60199010006312],[110.68667649992062,34.60660280017913],[110.678196699718,34.607000199799415],[110.64817890003627,34.613822099810136],[110.63087939996439,34.61552660017253],[110.60151900020173,34.605900800181814],[110.57642250029824,34.588351099723525],[110.55900109982099,34.587548800137085],[110.53919600039518,34.58226199969158],[110.51563050004762,34.58704730039267],[110.50101120000693,34.604095900405525],[110.48517360008162,34.61502520025283],[110.42013860021626,34.58767450017808],[110.40665500002831,34.58419389992861],[110.40941139961649,34.56168000023189],[110.40535739972427,34.5550690002342],[110.39311509958225,34.54687180029339],[110.39127319989831,34.54361809989547],[110.36917879976187,34.539661400353395],[110.35478970008467,34.51966099965546],[110.40794369974202,34.42180249968567],[110.42462160010683,34.41068649968224]]]}},{"type":"Feature","properties":{"shapeName":"Liangyuan District","shapeISO":"","shapeID":"62558664B30503411324241","shapeGroup":"CHN","shapeType":"ADM3"},"geometry":{"type":"Polygon","coordinates":[[[115.45534480002254,34.63640109963109],[115.45069869998508,34.63445590021968],[115.44619729996543,34.62622139999769],[115.43450929966446,34.61230789958995],[115.41557329966815,34.60128790041631],[115.40368630008277,34.59861340028823],[115.40569279998283,34.59496690030227],[115.41470330001732,34.58728040017036],[115.41874680032458,34.57838440002007],[115.42783330026668,34.56702439955643],[115.43427280044943,34.548064900274994],[115.44519030029221,34.525943899991034],[115.44593030024328,34.51562890005374],[115.44447329960315,34.50436390037373],[115.43988780038171,34.4967344001725],[115.42868730007888,34.48787689999898],[115.42040280024912,34.4707944000416],[115.4103087997114,34.4619484003984],[115.40734829988423,34.45731739997808],[115.40206930015813,34.4276503997462],[115.44262679988697,34.404784900203026],[115.4936062999908,34.397189899794114],[115.5836488001521,34.400989399641105],[115.64439380003387,34.39773189960755],[115.66717530020003,34.389053399594786],[115.68344879972244,34.37657939991942],[115.68495179978584,34.35798240026759],[115.68932329993038,34.36169789983825],[115.6965028000642,34.362918900387],[115.71814729995799,34.35809690015185],[115.74903079963178,34.34510039976368],[115.76437380031075,34.336303899705285],[115.77498629957813,34.32791889973748],[115.7869262998089,34.32436390037378],[115.79216779960439,34.326022900436556],[115.7951278003078,34.332015899813996],[115.79605079970474,34.345561900361474],[115.79405230017358,34.350131899767405],[115.79257979971806,34.376964399687324],[115.78431679998039,34.39455040038075],[115.78661329976399,34.409717400137936],[115.78455330009479,34.418186400382126],[115.76043680041812,34.43974689999948],[115.75534030011477,34.44864640031119],[115.75089280006273,34.469711399561504],[115.74919880018456,34.47153089983124],[115.73863979978694,34.47394539966052],[115.72978979995935,34.47293839998724],[115.72395329970504,34.4747164001418],[115.71748329991442,34.481303899955094],[115.71456130006402,34.49182889968404],[115.71636180035682,34.50125489999368],[115.71617880001168,34.513870399899076],[115.72315979998484,34.53000240009072],[115.72947679991444,34.53305040035576],[115.73558780023689,34.53311139957151],[115.73349780008346,34.523910399745205],[115.73578630039754,34.51842889967401],[115.74299630013923,34.51896290001787],[115.74849680018724,34.52199939975253],[115.75177730038217,34.52501290022519],[115.75311279991581,34.52938839965498],[115.7463303001033,34.53780740029134],[115.74727629966151,34.54906090034035],[115.76426679987298,34.56322489970938],[115.77832779988807,34.57001489986777],[115.7871627999233,34.572627899857764],[115.79377710043286,34.57750780024486],[115.75819919993319,34.58884109983694],[115.7159164003217,34.59293309968285],[115.70993589972204,34.59600079959728],[115.70482699956642,34.60089889956464],[115.6961118000196,34.60198729957426],[115.692325200048,34.601665700211925],[115.69067230008659,34.59656979975648],[115.6931966997679,34.57492090037931],[115.69052199999032,34.56925410039645],[115.67817349980726,34.55671990010336],[115.67415549977659,34.55828059976989],[115.66289910031333,34.558212299857814],[115.63732030029166,34.569901599679156],[115.63476249978964,34.57241709966945],[115.61705449976546,34.57600680027366],[115.59903110030507,34.573268000417954],[115.58761350006307,34.57451200022865],[115.57905510001297,34.571889599625365],[115.55428109969307,34.57399079993553],[115.54781400021602,34.57018169982564],[115.54204770014132,34.570415699824764],[115.54054849971351,34.57286149965853],[115.52866179960245,34.57458170038524],[115.50982550024673,34.584480500374866],[115.4890976001742,34.604370100100084],[115.47863869971627,34.62904150036502],[115.47097400005009,34.63697479964736],[115.45534480002254,34.63640109963109]]]}},{"type":"Feature","properties":{"shapeName":"Jiyuan City","shapeISO":"","shapeID":"62558664B58971109744141","shapeGroup":"CHN","shapeType":"ADM3"},"geometry":{"type":"Polygon","coordinates":[[[112.60761639967711,35.25388209967923],[112.61115340000947,35.252080200041235],[112.61076399985882,35.24905920012202],[112.61339239983943,35.246382699901744],[112.61582620001923,35.24768120042711],[112.61968770002738,35.24420949986859],[112.62234859970818,35.24526960001208],[112.62844910044566,35.242566399819566],[112.63529599981064,35.24269889963455],[112.63584769971169,35.238590999774885],[112.6334788998314,35.23851149970602],[112.6306882001004,35.23564899990146],[112.63252909973824,35.22922560028127],[112.62821909973172,35.23199379987403],[112.62834960035389,35.2298739997853],[112.62412769973366,35.227699799706045],[112.62511709967453,35.229856800251184],[112.62340590026213,35.23205110017818],[112.6197507002347,35.23267829996365],[112.61810379965073,35.22259189959652],[112.61554910001098,35.221111299846655],[112.57241059996932,35.21695329965513],[112.44703669988382,35.22636409962354],[112.39263150044349,35.247657800067486],[112.35252380023326,35.22046279961859],[112.28595729988956,35.21807099957704],[112.2795028997391,35.22216029965813],[112.28910830040775,35.24647140003515],[112.28092960042079,35.25444410041496],[112.21087649955086,35.23162079976015],[112.1990585004495,35.23979189957657],[112.20282749978935,35.25675200000484],[112.05230710019259,35.27866749980535],[112.07186129955937,35.229129800000294],[112.03929900034859,35.18677520031531],[112.0607528997266,35.16861720022365],[112.0484694996677,35.0865707000778],[112.05539699987173,35.064643900295835],[112.05079649995855,35.050643900395755],[112.02965509970318,35.04251860035316],[112.03073490039537,35.03529419976758],[112.04045329997984,35.030789799609636],[112.05888160030565,35.02793699989269],[112.09913029982351,35.030189299796405],[112.12535159979655,35.0203539002124],[112.15230640032019,35.01254480000256],[112.16615050004555,35.00360860015684],[112.17935290021626,34.97589240031408],[112.20529910027335,34.96943140003913],[112.22025200022972,34.9576520996647],[112.22467779964086,34.953864899845314],[112.23560329985241,34.94927989974764],[112.24375930005169,34.94245539979693],[112.2473982996919,34.94092540028703],[112.25562280035206,34.94087239964159],[112.26023880008063,34.94610990015184],[112.26307629963162,34.956619400065335],[112.26860830023293,34.96184940022971],[112.27958680019071,34.962524399881204],[112.30397779993552,34.93527589966311],[112.3241503002962,34.9426533999345],[112.3269117999397,34.944888899603086],[112.34239179974179,34.94026540042796],[112.35870380014035,34.928108400082635],[112.35868079997897,34.925853400414155],[112.37692280034707,34.92345789966237],[112.38672630007875,34.91819389972875],[112.39311979993886,34.91657239959659],[112.40773030011337,34.92098990006389],[112.41903679990844,34.92299639996395],[112.42943790003915,34.92308360002818],[112.45594779965131,34.91793839963748],[112.47036730001093,34.90856940015772],[112.47724130044571,34.90584190028352],[112.49069979965611,34.90544439993914],[112.49739069992097,34.90759590023066],[112.50140169962879,34.91066520003898],[112.5096963995693,34.91081069955419],[112.51430329995742,34.90951799965603],[112.52148160039565,34.90281850007375],[112.52700359963649,34.91818030018078],[112.52172790042232,34.91969439967687],[112.50642820030123,34.91493579984734],[112.49561300013988,34.919478100134256],[112.49835880031844,34.93001139970636],[112.50505510011283,34.93500589980249],[112.510023699734,34.93193400005413],[112.51830280003423,34.93434139973584],[112.52722660002757,34.926673199908294],[112.53760529984481,34.931719000031876],[112.54163600010133,34.9306480999299],[112.56353669975897,34.950570300079335],[112.56436770030916,34.954769900210806],[112.57189930031257,34.96770489956151],[112.58580779959038,34.977130899871156],[112.62847879965693,34.98044990004291],[112.63907630003132,34.98276139961894],[112.65048179989526,34.99217590029764],[112.66719830006161,34.99885189969547],[112.6810987998698,35.015132899563696],[112.69307730007745,35.024085899644604],[112.71231829974977,35.03098989966418],[112.7242962999344,35.04039740002003],[112.7265996003913,35.043961100324566],[112.72727410001971,35.04680090034134],[112.73155959979579,35.04734469969816],[112.73204130006604,35.05207720030262],[112.73525279977696,35.05220860024673],[112.73990959994819,35.05496909984413],[112.74119419965268,35.05838660006157],[112.73348649980221,35.05496909984413],[112.7302750000913,35.05549490016955],[112.73075670036144,35.06364420041956],[112.7338382003727,35.06289699959689],[112.73493170043764,35.06666709970693],[112.74199700016152,35.06955850012474],[112.74430229981135,35.077515699789785],[112.73791640012178,35.0787943001169],[112.74039130021845,35.085722099795134],[112.7487411996467,35.08703600031123],[112.74890179967838,35.10188239985291],[112.7569212000534,35.10263130039425],[112.75564600006294,35.10621759976249],[112.75901719958415,35.10952370005879],[112.76656519962432,35.11068390014191],[112.75982100013914,35.12119189998623],[112.76037670022458,35.129415100226765],[112.7576114998709,35.145593300390544],[112.75596720012629,35.15073820040766],[112.75234470034775,35.15142219957488],[112.75243450035202,35.15717139994018],[112.75034700031392,35.159009300338994],[112.75131039995506,35.16071589971904],[112.75492190012562,35.16140280009921],[112.75564600006294,35.166360699586676],[112.76195970037998,35.170693299556206],[112.76173700036236,35.17791770014179],[112.76592290022177,35.181455099773075],[112.76560170015841,35.18434240018166],[112.7557983002514,35.1899224002986],[112.75596720012629,35.19733409998878],[112.75355540006171,35.19841379995694],[112.75339420018224,35.20584379995148],[112.72984159971008,35.21253120005491],[112.72035269991727,35.2124137000323],[112.71215769971809,35.20254610022238],[112.70899480026992,35.18903499966558],[112.70511290004038,35.18938749973336],[112.69734930013021,35.211004099959325],[112.7031546002047,35.21958900033218],[112.692029699611,35.220165999960955],[112.68017969993332,35.22736600014082],[112.67811770017181,35.235457199690075],[112.66758860043365,35.23555090005402],[112.66270030037867,35.2389562998934],[112.65493669956913,35.24048280014114],[112.65349900017873,35.24588409957158],[112.64904199968862,35.243653199935295],[112.64889829971685,35.255511600180284],[112.64601689976018,35.260858799993684],[112.63696899961974,35.26069280043242],[112.63310579989286,35.25845150013669],[112.63066589961159,35.26143989963174],[112.63118690025533,35.26562140000766],[112.62964929967552,35.26836050023695],[112.6234733997776,35.27390069995738],[112.62060140043434,35.270051699626265],[112.62253300029784,35.266607100137605],[112.61740340044662,35.2640238002582],[112.6132860999736,35.256635900226684],[112.60761639967711,35.25388209967923]]]}},{"type":"Feature","properties":{"shapeName":"Jinshui District","shapeISO":"","shapeID":"62558664B49429767537098","shapeGroup":"CHN","shapeType":"ADM3"},"geometry":{"type":"Polygon","coordinates":[[[113.60283580043188,34.80220780034978],[113.60037950011395,34.800325299872725],[113.60349089988517,34.79602220036429],[113.60938609978871,34.79602220036429],[113.61544499968704,34.7828425998062],[113.61380749971636,34.78015269968739],[113.61659129984866,34.77746259991909],[113.62068519996205,34.778135200179406],[113.62519170003702,34.76750189959307],[113.63333779959987,34.76725630013817],[113.63752299978671,34.76099399967342],[113.64484710011368,34.759152000164704],[113.64985440026044,34.764555000213136],[113.65912160008179,34.764370800172344],[113.65889730017034,34.76068699990515],[113.65665530020203,34.75847660031491],[113.65456270010861,34.76123960002758],[113.65276899958974,34.760871199945996],[113.65336690036224,34.75890639981054],[113.66006370017965,34.75626230036494],[113.66061249976713,34.758817300378155],[113.66408830033481,34.75844159960019],[113.66289919963845,34.75656289965815],[113.66463709992229,34.756187199779504],[113.66701519969172,34.75821619981781],[113.68439400018303,34.754308499837464],[113.68439400018303,34.75626230036494],[113.69033940024315,34.756187199779504],[113.69052229986426,34.75799070021071],[113.69527860012738,34.75753979992186],[113.69655919964737,34.747920500230975],[113.70369359967992,34.7476949997245],[113.70232160026171,34.74378679972108],[113.6974738002757,34.743411000017716],[113.69674210016785,34.73875100005864],[113.71329769992894,34.74025419977153],[113.71375499979342,34.738826099744756],[113.71981350039277,34.73919669956808],[113.72013690019787,34.735741999793504],[113.7235648001755,34.735688800397895],[113.72970909969524,34.73839950003696],[113.73016190025157,34.743395400377494],[113.73721170015995,34.75136690016234],[113.74503759970548,34.75588370017266],[113.75092320024555,34.75577750013156],[113.75215210043916,34.76013470015636],[113.7545451001763,34.761569299583584],[113.76288850020421,34.76114419994491],[113.77019699999164,34.75800920016451],[113.77524180006913,34.751951400137045],[113.77899309985173,34.75205770000292],[113.78390859990202,34.76380089979176],[113.78681900029665,34.76624499990686],[113.80680429957886,34.769857799597844],[113.80977939989941,34.76900779997004],[113.81010279970451,34.76321649964177],[113.81398340041369,34.75965640022275],[113.82362029983699,34.75832799993731],[113.83395639966818,34.74655490038839],[113.8396624001997,34.76021749983778],[113.84161879976784,34.77387769989599],[113.84064059998377,34.77655589983499],[113.83509759977449,34.777627200135214],[113.8336303999231,34.779635799952246],[113.83949939987747,34.7924896004148],[113.83395639966818,34.79476550032763],[113.83460849988239,34.80239630004928],[113.83151100003272,34.80467200031262],[113.83183709960258,34.80775079965974],[113.82857649960579,34.81176650012395],[113.8308588998184,34.815514199920415],[113.84145569962095,34.821269399663095],[113.84292300019638,34.82595349965436],[113.83819520034831,34.828763899934074],[113.83069590039554,34.828897700168795],[113.82873949992802,34.83224319976392],[113.83868430024029,34.85405270007209],[113.84357510041059,34.85846740005053],[113.84553149997885,34.863684500339446],[113.85091140004113,34.865958499984856],[113.85140049993322,34.874920200107226],[113.84870099955151,34.8860764996308],[113.82969580032102,34.879274900016696],[113.80222300019136,34.87921320022906],[113.78961299964033,34.88206690016739],[113.7890505996055,34.87690250015032],[113.79454639979656,34.872299799596135],[113.79477539956508,34.867133199837326],[113.77691410020566,34.858490099838264],[113.76099929977795,34.86750889971603],[113.7085603996428,34.86873009991422],[113.70409510020875,34.865911899814364],[113.69894279967048,34.85914780013093],[113.69115709982032,34.85614129998106],[113.66757110032609,34.85369850028559],[113.64409959981674,34.85520179982325],[113.63711530023102,34.853510600433935],[113.63047460012274,34.8447721003522],[113.62841370023216,34.83152179959143],[113.62360490024605,34.8180813003118],[113.61982650029279,34.817517300383145],[113.62303239992536,34.81215919988722],[113.62646730022584,34.81074919961594],[113.62589479990515,34.80586069991142],[113.63070359989126,34.7992797003979],[113.62681079987863,34.80003189965248],[113.62371940013031,34.79880959958342],[113.62193830001263,34.80067109999135],[113.61675680028611,34.79907550033414],[113.61465180034043,34.799873299713056],[113.61222300039117,34.804526800271674],[113.60995609999406,34.80479270012307],[113.60283580043188,34.80220780034978]]]}},{"type":"Feature","properties":{"shapeName":"Jiefang District","shapeISO":"","shapeID":"62558664B90866016327662","shapeGroup":"CHN","shapeType":"ADM3"},"geometry":{"type":"Polygon","coordinates":[[[113.18604790029042,35.17968109980296],[113.19186429979766,35.1749491001209],[113.1922938996438,35.170760700146275],[113.18980020011918,35.169346199667416],[113.19025819965623,35.16605950044561],[113.18410019986436,35.16576829996711],[113.19641630017213,35.15798789982176],[113.21993809976357,35.15723859998144],[113.21940510036518,35.16268560026032],[113.2219428999449,35.16256150011321],[113.22132960008105,35.165111999918906],[113.22882420017675,35.166153699933375],[113.25290760030555,35.16069240043396],[113.25652099984438,35.161358100196196],[113.25626649979915,35.16306399990373],[113.24868349994358,35.163729699665964],[113.23331380019181,35.167931700087934],[113.23275390027231,35.169679000085864],[113.22216819990251,35.17492080025477],[113.21824939959015,35.1931811000278],[113.23173609974128,35.19530219963684],[113.24751290010033,35.19226610010048],[113.2464950995693,35.20016799955357],[113.25005760017814,35.20058380020225],[113.24751290010033,35.209524500255554],[113.24461200014377,35.20927500044098],[113.24242359976938,35.213932100086424],[113.24237269994023,35.22565679992141],[113.2385558000102,35.24028940003586],[113.23443340038114,35.242700299879004],[113.2321941001776,35.249059499596285],[113.22898790017155,35.25147000014044],[113.23061639972718,35.25429609988515],[113.22735929989187,35.25716359992026],[113.2247636999848,35.25691429975518],[113.22644320009363,35.25857660032989],[113.23769060004122,35.25944929974543],[113.23774149987037,35.262316600131044],[113.23173609974128,35.260986900325236],[113.23000569980331,35.263023100335886],[113.23565480022887,35.26381259987164],[113.23392450011568,35.26422810014674],[113.23534950017938,35.26493460035158],[113.23316109980499,35.267593999963196],[113.23346639985448,35.27083500013521],[113.23954500030163,35.27022979956564],[113.23942090015453,35.27145819973617],[113.22951559986507,35.27572880044386],[113.21972030015183,35.28695530014704],[113.21534849963359,35.29414160005484],[113.21652159959217,35.29681999964333],[113.21442929987234,35.30181690002996],[113.21203689998299,35.305377100173075],[113.20781629978251,35.3076821003487],[113.20644220044721,35.31100459978251],[113.21056460007628,35.310838399672434],[113.20638569964035,35.314631599768575],[113.19537279971496,35.309035099790094],[113.19575869970424,35.30690949997347],[113.18707620040641,35.30423270027893],[113.1783937002092,35.29525689968625],[113.17926190031653,35.286516400411585],[113.17771830035929,35.2816339000845],[113.1655628000832,35.27533340001645],[113.16372980009021,35.272340500313874],[113.16971110018721,35.2595800998418],[113.17057940011932,35.251072099597764],[113.17453480014092,35.25130840006267],[113.17511360021251,35.252726499628295],[113.18051600041315,35.25217500027611],[113.18263840044187,35.24673889978044],[113.18032310033084,35.24642379981856],[113.18022660037741,35.24366619963547],[113.17771830035929,35.24256310020695],[113.18070900032012,35.242326799742045],[113.18099840035597,35.24004179958945],[113.18283140034896,35.23980540019909],[113.18556090031541,35.229431099865394],[113.17693049964294,35.22262709996073],[113.17522509995842,35.21755569973578],[113.17304219983771,35.21738849957967],[113.17386079963626,35.21415609962435],[113.17822659987769,35.215270699583186],[113.17931809985043,35.218336000106376],[113.18095530034691,35.217277099658475],[113.1882544004203,35.22056510019928],[113.1892775995816,35.218336000106376],[113.18245599994452,35.21588379979755],[113.18286530029343,35.2125398002716],[113.18804980015818,35.21298570032985],[113.18852729969524,35.211146500410734],[113.1918016997887,35.211202199921615],[113.19248379958776,35.20886129970927],[113.19555349959444,35.209697299590744],[113.19671319965448,35.20367760024112],[113.20455810007627,35.2050154002406],[113.20367130019042,35.20323170018287],[113.20496740042529,35.203287500417844],[113.20578600022384,35.198214899597986],[113.2031255996668,35.19815920008705],[113.2031255996668,35.1958736000866],[113.19964650038571,35.195594900184574],[113.20185150044642,35.18321190020907],[113.18604790029042,35.17968109980296]]]}},{"type":"Feature","properties":{"shapeName":"Macun District","shapeISO":"","shapeID":"62558664B73658007830381","shapeGroup":"CHN","shapeType":"ADM3"},"geometry":{"type":"Polygon","coordinates":[[[113.29439680037206,35.318912500411614],[113.29942640010836,35.31589480010501],[113.30322330001536,35.316538599576745],[113.30573810033309,35.31440610016142],[113.30716809972807,35.3170617001374],[113.31150739964687,35.31162969965095],[113.31106360040485,35.30853129957984],[113.31471259960688,35.30285729962475],[113.31288810000592,35.29810860043159],[113.31377570028837,35.29649879957998],[113.31860810028365,35.294647500182066],[113.31421950042966,35.298953699653566],[113.31510709981285,35.30156959995713],[113.31560019988933,35.30060370020067],[113.31757260019538,35.30160979965257],[113.31846019957857,35.29670000040477],[113.3208764000259,35.29460719976254],[113.31895329965516,35.293520500370846],[113.32176389958431,35.290783699708015],[113.32403220022593,35.290542200262394],[113.3244267004319,35.29247409960004],[113.3297028996692,35.29235339978965],[113.33004809993997,35.290662900072846],[113.33285869986912,35.290944699937995],[113.3303438995514,35.28877120043063],[113.33108360002814,35.28768450013962],[113.33448599972917,35.28716119992947],[113.32807559980915,35.28490720030709],[113.32847010001512,35.28949569966687],[113.32733600005645,35.28804680011979],[113.32413080009644,35.28844919997067],[113.32551149955611,35.28647700021344],[113.32353910014945,35.28482670019213],[113.3222076997256,35.28804680011979],[113.31989019987293,35.28603420011831],[113.31574809969516,35.29283629975549],[113.31131019990585,35.290662900072846],[113.31249359979984,35.28712100023404],[113.31624119977164,35.28357889984642],[113.31145809971156,35.28088200030413],[113.30120159977412,35.27874849994339],[113.30085640040261,35.27762140030745],[113.30273019993888,35.27737980013774],[113.29898259996708,35.27488399979683],[113.29927850030265,35.27174389996105],[113.30342059958105,35.272347800110936],[113.30563949956331,35.26952969983586],[113.29853889965057,35.26675180015553],[113.29799639981411,35.263651700365756],[113.30075779963283,35.26192040020635],[113.30381499996236,35.25249840008115],[113.30598469983408,35.25149169988208],[113.30657639978108,35.25265940031113],[113.30652709984588,35.251330599827384],[113.30766119980456,35.252417800141416],[113.30918989979409,35.250283600108105],[113.31002810031669,35.24432359955455],[113.31288810000592,35.244645799664],[113.3133812000824,35.23820209964725],[113.31111290034016,35.23147599991751],[113.30983089967629,35.23135520028234],[113.31017609994717,35.22273520026931],[113.31175400004713,35.22253379979509],[113.31200049972335,35.22072110019866],[113.31589600040013,35.22096280019315],[113.31619189983633,35.21894860029772],[113.31956050031692,35.219543599857275],[113.32243609964632,35.21641129984164],[113.32776790036837,35.21709649960383],[113.33106279960862,35.21553029968362],[113.33624979958859,35.21626039989758],[113.33537619995172,35.21856480022541],[113.33861119984704,35.21920100042587],[113.33903049975777,35.21792850020017],[113.34238539996625,35.21841800029051],[113.3436434004227,35.215236699813886],[113.34514109988197,35.21528559955084],[113.34475400019699,35.22121539997079],[113.3471181002202,35.221648099780055],[113.3466388002405,35.22957600043213],[113.34889999983523,35.22980030034364],[113.34879179970187,35.232420899604904],[113.35100840011762,35.23281229984781],[113.35055039968131,35.236279699848296],[113.3527456996544,35.235846199642424],[113.35304519997601,35.23927130003051],[113.36065349955936,35.24113059979737],[113.36065349955936,35.23912450009567],[113.36760280022906,35.23848839971993],[113.3677225998182,35.236384399820224],[113.3775474998173,35.23726520032881],[113.37688850000438,35.2444577001628],[113.37329399971838,35.25204089966786],[113.38078449980492,35.25739590020066],[113.38234010031545,35.256052400298074],[113.38731239974754,35.25673729968668],[113.38827099970695,35.26060179983324],[113.39090690003343,35.26143340023128],[113.3894690999191,35.266471600184275],[113.39372260001801,35.26754770016629],[113.3937825002622,35.26925960015046],[113.39695759991332,35.269406300260584],[113.39671790001114,35.27131380009183],[113.39869490034948,35.2715584003999],[113.39819470012537,35.27448059989979],[113.40001289997542,35.27507980019266],[113.39965339958474,35.277720799675194],[113.40318799962654,35.27869889963455],[113.40366719978147,35.27576449993177],[113.40833999979122,35.27635140019703],[113.40750130014499,35.27948139974683],[113.40917870033684,35.279677100318],[113.40917489980188,35.281516300237115],[113.41277319972346,35.28231790015104],[113.40947829958395,35.29028880008809],[113.41253359964594,35.290973400002486],[113.41212919970292,35.29305079975467],[113.41409120024878,35.29346710042637],[113.41355200002488,35.29581419966564],[113.4170265999976,35.29811220041779],[113.41678699992019,35.299872400291065],[113.4194827995916,35.30016569978727],[113.41931889994737,35.301883500223425],[113.42265799996676,35.30285480040874],[113.4225380996536,35.30432150023711],[113.43050589962763,35.305397100196046],[113.43104500002676,35.30422369986388],[113.43571780003651,35.305592600218404],[113.43367669962004,35.30993750021554],[113.43667630017114,35.31053030003335],[113.43573499957063,35.322737499635934],[113.43386070001134,35.32250670032403],[113.4325427003854,35.328860700161215],[113.44122340013985,35.330540399919585],[113.4416555999261,35.341291800376325],[113.44500349981172,35.34581869977325],[113.44200809999393,35.34738239957812],[113.4391632997465,35.34628690032025],[113.43781459996387,35.3487016996238],[113.43326160044262,35.34831080030324],[113.43333000017947,35.34557249957123],[113.43128469992905,35.34474369966205],[113.42553350037076,35.34493909985963],[113.42433540015861,35.34694259962134],[113.42032159996188,35.34728469992899],[113.41972250039316,35.348799400172254],[113.41577190005319,35.34814520004102],[113.41534919980575,35.349434700151335],[113.41139529985321,35.347577799775706],[113.40648289976605,35.34909259984369],[113.39569949963231,35.34777329979801],[113.39339650044815,35.35344979986843],[113.3899483998988,35.35207320041792],[113.38527559988904,35.35720349994165],[113.38390740010652,35.35687480043174],[113.38569489979989,35.35373450004721],[113.38383779977471,35.353050400155894],[113.38198059992476,35.35441850011375],[113.38293919988428,35.35788750000819],[113.38030319973291,35.35866919972386],[113.37949609956536,35.357509899862066],[113.37598990011384,35.360525799725906],[113.37294020013019,35.35871810036008],[113.36784240030659,35.350851699846146],[113.36770640033012,35.34642419981702],[113.36109090012496,35.34057820002397],[113.36257059965351,35.33575190013016],[113.3533448001225,35.33531200034861],[113.35622040035128,35.33286840025653],[113.34770079975215,35.331334600211676],[113.34783329956713,35.33281949962026],[113.34966790035332,35.33265230036341],[113.34939090016996,35.33492100030395],[113.34723419999841,35.33560520002004],[113.34210980002729,35.32626739982072],[113.32770430031326,35.34655170030078],[113.3161008003118,35.33733740040077],[113.30317400008005,35.32370019960456],[113.29883470016136,35.32128629962307],[113.29695479962436,35.322007900344374],[113.29439680037206,35.318912500411614]]]}},{"type":"Feature","properties":{"shapeName":"Huixian City","shapeISO":"","shapeID":"62558664B98940606085558","shapeGroup":"CHN","shapeType":"ADM3"},"geometry":{"type":"Polygon","coordinates":[[[113.73082650014294,35.36680560009842],[113.73663960003762,35.37550439960842],[113.735247599697,35.37817539957507],[113.73763669997379,35.38128620039788],[113.74386330005132,35.38178009997171],[113.7448829999505,35.38974300043918],[113.75429270004815,35.3899132996591],[113.75542899974857,35.40025849973006],[113.75973420007335,35.39601259980168],[113.76472219986965,35.39601259980168],[113.76594600000794,35.39934420037457],[113.78630080014193,35.3986548997039],[113.81954550042451,35.39096939961814],[113.82208410040096,35.387233099627906],[113.84955629978344,35.38597259995555],[113.85058590031906,35.39077329974805],[113.86263070034659,35.40888109968307],[113.87101980032355,35.40540389977019],[113.87087449955857,35.41790859960224],[113.87661499988235,35.43307889987136],[113.89977010001019,35.42776779974423],[113.90422339979011,35.43747199993288],[113.91223009993917,35.43930170031325],[113.90918969984489,35.4492446003581],[113.91526890013972,35.45116269959897],[113.92469999960531,35.443783299959364],[113.93650830041781,35.46254339975815],[113.94072729982508,35.48768589998434],[113.93926980006131,35.50600839956803],[113.93633280041843,35.5188443997493],[113.93933879964595,35.53507239987141],[113.93919380015382,35.54605840017507],[113.93570730035174,35.56073389974972],[113.92960330035214,35.56695989997945],[113.90447980010276,35.58089040027181],[113.89671329987891,35.58918739977872],[113.8934937997991,35.603858900068246],[113.89301280010068,35.6354443997393],[113.868766799848,35.655536399984896],[113.86406679984304,35.66312390004799],[113.8649031000981,35.68101040020986],[113.85476219991563,35.682700999751376],[113.84747370015123,35.68150829996813],[113.83883389976472,35.677464900384905],[113.8184614000736,35.677998100332104],[113.8119844997849,35.67527519959083],[113.80641869996305,35.677297899878226],[113.80187810029418,35.67694089960287],[113.79871639964222,35.6737683998918],[113.78532740003959,35.67375530036685],[113.78107940019424,35.67527519959083],[113.77469110021411,35.684225699556464],[113.77668530008657,35.69097940037909],[113.78549649956392,35.69343269965941],[113.78298349968884,35.700733399626756],[113.79370880002114,35.7137374003608],[113.7952422996924,35.72585289969163],[113.79480730031673,35.738899399687625],[113.79041229998768,35.74945840008513],[113.76837780009544,35.76270040010343],[113.75499539971793,35.76793379970513],[113.75445089978928,35.77546310014202],[113.75014559963972,35.78410139955997],[113.74004399983073,35.7868142998401],[113.74807680010429,35.79779040040671],[113.73696879957049,35.81387690029874],[113.72743979990685,35.81988889965305],[113.712013299874,35.827991900106156],[113.69348079959923,35.83519739964032],[113.68250279966458,35.836864400072045],[113.65067290023421,35.83686449989682],[113.64977559986414,35.82719650011842],[113.6350479000406,35.82276149974348],[113.61000969958798,35.83448160044554],[113.59333180012254,35.826819599644864],[113.59001940007533,35.823597700173764],[113.58689580010116,35.823952800181644],[113.58340539993935,35.821309500233326],[113.58355810032617,35.81697540019462],[113.58890310039783,35.81418909994704],[113.58582389995308,35.80623360000067],[113.58697380010085,35.80487720022268],[113.59361180044425,35.806064100278036],[113.60495389990263,35.79995979990491],[113.60455789962748,35.79739879961494],[113.59378099979335,35.79741390013146],[113.5832418995941,35.79419780038825],[113.58089109964465,35.791481700320276],[113.58312250020333,35.78663970006215],[113.58681699970487,35.786520299772064],[113.59303000023442,35.78956839986182],[113.59421850018373,35.78215880008861],[113.59906110028965,35.77559719985095],[113.60020200002236,35.77103589958716],[113.58638379987258,35.74407900004587],[113.59462969990079,35.71633329974202],[113.59048360043789,35.71393770006483],[113.59344660038039,35.706399199563464],[113.59136950010236,35.69168839979989],[113.60169329990595,35.68640899987548],[113.61354660009556,35.666996399664185],[113.61859889961954,35.63657000020538],[113.61531499998728,35.63007259987063],[113.59606170028735,35.630054500115136],[113.5813392003439,35.63408640006736],[113.56889460040554,35.63071480034779],[113.56375869990416,35.64291589984896],[113.55486970007667,35.642434300302796],[113.54914130013094,35.65029990042012],[113.5444564995679,35.647708899646034],[113.54558560019541,35.63456799961352],[113.54005470036418,35.630875400379466],[113.54894370019167,35.624292399874435],[113.54031369971756,35.61729049965686],[113.53985720024968,35.60437979998784],[113.53393120036469,35.601970599863364],[113.53551140003117,35.59377909982567],[113.5021281996568,35.57337680019924],[113.49054719979347,35.530548100414535],[113.44127660043478,35.50901410022061],[113.40059659955352,35.51214220040225],[113.39347079973766,35.50117489970194],[113.38662729981013,35.481521399892756],[113.38878630044746,35.46572089969982],[113.39549230032947,35.45997640009085],[113.40361029967562,35.45605490001367],[113.41789229998972,35.45188140000664],[113.43412030011177,35.443347900385334],[113.44133780019934,35.43119040001699],[113.45554329968354,35.413966899852596],[113.46240230032595,35.39036539964354],[113.46880329963267,35.381870399999],[113.47376229989027,35.36880089984169],[113.47531879972291,35.34910940007882],[113.48078930018607,35.32780090039131],[113.48365780026734,35.29551639996197],[113.50850680044857,35.28510640014031],[113.51325229985378,35.28142140017752],[113.54635630030305,35.28527839997821],[113.58946980009125,35.28504189986381],[113.6155167997606,35.30611040017487],[113.63153830025237,35.31556740011547],[113.65283979961714,35.316402399950846],[113.66454329973351,35.32252139974287],[113.676376300426,35.332305900397046],[113.69615929991187,35.337074399963626],[113.70700880021604,35.34331890014715],[113.72361729989848,35.35168840029951],[113.72785980038952,35.355552400422994],[113.72736379999947,35.36150339966224],[113.73082650014294,35.36680560009842]]]}},{"type":"Feature","properties":{"shapeName":"Hubin District","shapeISO":"","shapeID":"62558664B78179906613689","shapeGroup":"CHN","shapeType":"ADM3"},"geometry":{"type":"Polygon","coordinates":[[[111.367741899669,34.81892569986121],[111.34532130013793,34.8265731001685],[111.3437777001808,34.832203699741],[111.33310660018952,34.83237349983722],[111.31965589989994,34.822003099863196],[111.30077260017543,34.817902499800596],[111.2830621998607,34.808028399690954],[111.25520909982015,34.82220310009302],[111.24691470025328,34.82052719997034],[111.23230549959919,34.793294699590774],[111.2242853995516,34.78991480002804],[111.21342219987469,34.792994499596546],[111.20538159978105,34.80129800030255],[111.19492339989506,34.804935499873466],[111.17163529992922,34.80519939963261],[111.15600149986938,34.817157999642006],[111.14588979977452,34.81397269988025],[111.12938369959812,34.789736299890365],[111.14424879964247,34.78017440032835],[111.15341929986084,34.76748339963922],[111.16500079974719,34.75940690040818],[111.17595679956673,34.75452440008104],[111.18321979995386,34.753253899947595],[111.1943433003031,34.753639399738574],[111.21063979998684,34.74608240018267],[111.22251129975672,34.73708689994055],[111.23281880024751,34.72257589985793],[111.24120330019218,34.70688990044857],[111.2505567998565,34.68389140016802],[111.25538630043746,34.678687900326395],[111.26239029967263,34.676265900151236],[111.27008830033486,34.680488399719934],[111.27704630014671,34.69455339991953],[111.28662879957949,34.70223539984386],[111.29461680012531,34.70623389987463],[111.32150279981443,34.711395399578066],[111.32724780034579,34.71582040039124],[111.32913230001571,34.7190514001021],[111.32737730002242,34.72360989987703],[111.31215679959666,34.73348590025415],[111.31207330024267,34.73875040021085],[111.3169328004085,34.74636839988182],[111.3268583003703,34.750846899564806],[111.32759830032137,34.755664899615454],[111.32362379959875,34.760196399943936],[111.32634730018782,34.76320640025523],[111.35611729977364,34.763587399838684],[111.36553929989884,34.765769899761096],[111.36991880041239,34.76948940041552],[111.37120030015382,34.775455400346516],[111.367741899669,34.81892569986121]]]}},{"type":"Feature","properties":{"shapeName":"Huangchuan County","shapeISO":"","shapeID":"62558664B59678343130722","shapeGroup":"CHN","shapeType":"ADM3"},"geometry":{"type":"Polygon","coordinates":[[[115.13160680041358,31.87370289996892],[115.12889080017032,31.87964989992298],[115.13474280024013,31.894563399681203],[115.14061730044807,31.9014604002773],[115.14678929998627,31.904233899574876],[115.15888980042405,31.905881900029726],[115.18448630000285,31.89864539996529],[115.2092208002997,31.90171040011495],[115.21379830005162,31.900808399887808],[115.22000130011997,31.897165900086293],[115.22190079958227,31.89442040028132],[115.22223729981158,31.87792989974514],[115.22493730021631,31.87518890014769],[115.23193380000498,31.874753899872644],[115.2405168001103,31.878446400181247],[115.23616029975813,31.893550899754246],[115.23856329995635,31.899057400079016],[115.24661229971787,31.903434899600995],[115.25657629965656,31.900945399910313],[115.26114629996187,31.902793899718745],[115.28369880035939,31.9159144004293],[115.28771979962914,31.92028040032028],[115.28040330037209,31.93766789995368],[115.2811813002769,31.94247989972763],[115.29509729990048,31.96794889972199],[115.29427329967314,31.97321489974786],[115.2902073001269,31.977784900053166],[115.28694129970131,31.9892273998247],[115.2885893001561,32.003364399747284],[115.29509729990048,32.014930899841204],[115.30033130024935,32.032962900417544],[115.32015229968897,32.04326639982452],[115.33291630014719,32.05239089972031],[115.34580980028215,32.05417240003629],[115.35745230028351,32.05065889988839],[115.3615104001849,32.05409530025793],[115.35680770041506,32.06403589983694],[115.3563102997806,32.09440990029674],[115.34810949985365,32.1239320997866],[115.35272250034313,32.13391540007569],[115.34452170041618,32.14129360001965],[115.35031059955463,32.15762439984621],[115.3494667000283,32.16213630035003],[115.35242919994766,32.17053649975969],[115.36503990017127,32.17751699970984],[115.3656335003858,32.18124389998604],[115.36352429970668,32.189104599697544],[115.36603149985388,32.196660699931385],[115.36446000022886,32.202874699607776],[115.35979679958268,32.20980260001005],[115.3603382004477,32.219478199958985],[115.36756189956202,32.242089599655344],[115.37184409972554,32.249342999779685],[115.37447330010275,32.25460439977326],[115.37225330024967,32.26147440002359],[115.36583730025131,32.25794990026776],[115.35614780038077,32.25621340022826],[115.33499929997777,32.26119989995544],[115.32720180012302,32.25971589986892],[115.30963130014447,32.26085290014129],[115.29788229972837,32.282485900404026],[115.29640179980333,32.28911989966372],[115.30397780023532,32.30276090009551],[115.30168129955234,32.31006989990601],[115.29416630013475,32.32143789983928],[115.29472329974055,32.3356743998537],[115.29331979976905,32.33817690014388],[115.29546379971464,32.35335140024699],[115.29971329962916,32.35998540040595],[115.30360570034281,32.361759000177756],[115.2912602002981,32.36495319963052],[115.2882198002037,32.364382499752594],[115.27810180035783,32.3574254999869],[115.27358269988179,32.35639779971871],[115.24929220027491,32.36061649965177],[115.24047930017957,32.35957240024612],[115.23659129984867,32.357712999755165],[115.23238670038597,32.352147799781164],[115.234610900073,32.34719799958805],[115.24244699972928,32.34403439956793],[115.23914200020317,32.337485600280274],[115.23407779995057,32.33493310038233],[115.22989779964382,32.33640469971715],[115.22148969968998,32.34452350035929],[115.21691019984587,32.34581320011915],[115.2131828004459,32.3456700001704],[115.20214929975043,32.3410207003451],[115.19691509975212,32.343379300114634],[115.19124879979233,32.35658370037754],[115.18104059974394,32.36234140023549],[115.16538850027916,32.35842860019977],[115.15628820024028,32.36394250014632],[115.13324290013975,32.364496499613836],[115.13105199965014,32.36590659970989],[115.1287768003092,32.37143279968399],[115.12000219964182,32.37974539973044],[115.1129255999366,32.3797343002978],[115.10782410030208,32.37812839980586],[115.10977680005931,32.36373279982888],[115.10632940008179,32.35659829997161],[115.10201370017217,32.35105670000678],[115.08471119996193,32.343834900260504],[115.0835084997176,32.31962969955106],[115.07265989963469,32.306529599961095],[115.06246239972006,32.30054569992416],[115.05725529989229,32.30054569992416],[115.04574820001949,32.304610399950036],[115.03996649995406,32.30504159969013],[115.02592239999888,32.298069000284215],[115.02286469964622,32.294376499975556],[115.03149760043402,32.28949449967149],[115.03400300013845,32.28395580002018],[115.03346510033418,32.28137190029304],[115.0301976996642,32.278017599932355],[115.01192209972521,32.26833489983579],[114.99952140019252,32.24798910011691],[114.98366259964928,32.240449200270405],[114.97550780004497,32.245300899716824],[114.96966950024728,32.24534139978584],[114.96498440020991,32.234901400379385],[114.95845269973233,32.22668509973761],[114.95504949963481,32.22509179964686],[114.95480330033206,32.221903999769836],[114.95216969957198,32.21940349957191],[114.95468320036946,32.21730459972753],[114.95380930035901,32.21542400041733],[114.93591069981903,32.21134140028545],[114.93624949961475,32.206428599999924],[114.92903610043572,32.20542229999921],[114.92416879955056,32.208711400410834],[114.92101960037428,32.205827799813164],[114.91874340008792,32.19902730006987],[114.9099542996513,32.20482359972942],[114.90271270043081,32.202443700416495],[114.90025570044031,32.19604230001221],[114.9004495996694,32.18996869979571],[114.90577680035915,32.18848440023493],[114.9105528002716,32.18053789980428],[114.90624979968857,32.16830040024331],[114.89869680031711,32.156925399987244],[114.89885729962475,32.14958939983097],[114.90479279994781,32.13821789973633],[114.91280379975558,32.13009640022875],[114.92256180008701,32.116267900143555],[114.9231263000388,32.10892839982586],[114.92761230006761,32.103835899707065],[114.93897229963193,32.09829340042012],[114.94642629983389,32.07945290033115],[114.9628373003012,32.07091539962602],[114.97960680021367,32.0748139004412],[114.99389629997438,32.07226940001283],[114.9931107997237,32.05917739971727],[114.98950179966835,32.051776900183825],[114.99256129956439,32.03553789955447],[114.98938779980722,32.032729899565254],[114.97486880025497,32.03179939982249],[114.97250380001037,32.02969740001504],[114.9775467996451,32.0206028997041],[114.97389230018962,32.01549539979294],[114.97582979960566,32.013003900010006],[114.99249280000276,32.00226590035106],[114.99999979995084,31.999999900175283],[114.990966799778,31.992423899743244],[114.98842679955726,31.970421400427313],[114.98873130010952,31.964923899618327],[114.99144730035266,31.961042399587143],[115.00036679978803,31.9542159004435],[115.01664729963318,31.935052399848416],[115.02961729969866,31.92480640039514],[115.04364780010599,31.92074940036457],[115.04849229958006,31.920770400433696],[115.06165330035958,31.924953399979472],[115.06597129983572,31.922223900013023],[115.0786892999713,31.90945240010825],[115.0827407997482,31.90786539976841],[115.08571630026711,31.904441900173595],[115.09361280019061,31.88843889963556],[115.10604929993531,31.875207400101488],[115.11710329977757,31.871814900137565],[115.13160680041358,31.87370289996892]]]}},{"type":"Feature","properties":{"shapeName":"Hualong District","shapeISO":"","shapeID":"62558664B94245938639787","shapeGroup":"CHN","shapeType":"ADM3"},"geometry":{"type":"Polygon","coordinates":[[[115.23931879972292,35.78293989995649],[115.23665630014818,35.78629289989749],[115.24060829983318,35.799644399569445],[115.23995230015862,35.80422190022057],[115.23432180041084,35.8043749000816],[115.23045330007983,35.801338400346935],[115.21951280007568,35.79889289998738],[115.2155613004137,35.79975890035303],[115.21040329997243,35.80450039957384],[115.20329280032252,35.807838399722414],[115.17932130013799,35.810020399621806],[115.16441329973406,35.809810399830155],[115.11437229974194,35.81962940027665],[115.0713423002071,35.81806940028264],[115.03794879989721,35.82581340036819],[115.02188129998206,35.82671339960376],[114.99614730035773,35.819663900068974],[114.95226280008819,35.818279900097366],[114.94358830025988,35.81607440001358],[114.9399413002509,35.80363440010751],[114.9350587999237,35.795985899929406],[114.91748029957625,35.77804539997527],[114.89893330043151,35.76558690011541],[114.88596330036603,35.75505440004059],[114.88407130035034,35.75181189979941],[114.88709280029252,35.74314889960209],[114.88995380002791,35.74136340000098],[114.90071079966378,35.72686390044868],[114.90808079958924,35.71276839974189],[114.90766880037495,35.70656939985798],[114.90059679980254,35.696594900334446],[114.91329179977674,35.68304040029432],[114.91797629996631,35.675319400370086],[114.93406680004284,35.67414840032848],[114.95375080035922,35.67744440033886],[114.97144329966864,35.68116790027841],[114.98400129962033,35.68733989981655],[114.98537069999782,35.691149099751215],[114.98962179980629,35.69321209955882],[114.99676470023076,35.73244119990153],[115.02609739997513,35.72979360029444],[115.03478240028755,35.734740000150964],[115.0506042998486,35.733981900444405],[115.05579739993016,35.73662020016218],[115.0620924995693,35.743246100127465],[115.08109750004962,35.75374799987037],[115.10992119970365,35.75182839966095],[115.12967680044403,35.764926900256285],[115.18424979988845,35.76268740040325],[115.23931879972292,35.78293989995649]]]}},{"type":"Feature","properties":{"shapeName":"Huaiyang County","shapeISO":"","shapeID":"62558664B43569750630251","shapeGroup":"CHN","shapeType":"ADM3"},"geometry":{"type":"Polygon","coordinates":[[[115.08836060026158,33.81106079961626],[115.07805800017661,33.81694359966747],[115.06894199977353,33.86511640020177],[115.06043499957559,33.894383599623495],[115.04717329990797,33.90924440000913],[115.0167372003616,33.915841300435716],[115.00900279963957,33.9149967003375],[115.00004719961862,33.9046927998329],[114.99129519981364,33.90080729961721],[114.97277339967275,33.901314099965816],[114.96605680038112,33.906888800377885],[114.92046469978618,33.91111179996966],[114.90316419966814,33.90790230035094],[114.87670450021255,33.906888800377885],[114.86184639959174,33.91381440031438],[114.85492620008415,33.912800900341324],[114.84698829987019,33.90840909980017],[114.81259070020076,33.901989900013916],[114.78389219966539,33.90486169970774],[114.77330829973835,33.9026656002373],[114.75702550032668,33.901652000439526],[114.72159370008922,33.913717699812025],[114.7148934999351,33.90756449970195],[114.70736270032842,33.90452380013335],[114.69942480011446,33.89692169957681],[114.69107990001748,33.88070159999887],[114.69474349971279,33.870900499658376],[114.70207079982765,33.861774300043976],[114.70390260012493,33.8550134999731],[114.7104157997494,33.84588559974071],[114.7102122004328,33.83946160027267],[114.70573440042233,33.8318536999883],[114.70695570044529,33.82847219963236],[114.71469000044328,33.821370599673514],[114.7159111997421,33.813761100394515],[114.71245110043799,33.803952300058654],[114.71509710015107,33.79634119998644],[114.7126546997547,33.78179370001931],[114.72690220027641,33.76707460041251],[114.72690220027641,33.76352129986816],[114.72466330027112,33.76030629999582],[114.71855720035455,33.757768100217675],[114.70512380032324,33.756752799801916],[114.6638061000715,33.766228600069894],[114.65220450033746,33.76605939982147],[114.6458949000297,33.76301370002227],[114.6416207002352,33.75624510013131],[114.6406030004282,33.73136589981647],[114.64324890031651,33.71917760036604],[114.64751309964993,33.71332620014408],[114.65696489971037,33.708511399881274],[114.66092289967219,33.69004840011365],[114.68049600009044,33.6680354003135],[114.70512380032324,33.657023999557964],[114.70715919993722,33.652449599769284],[114.70369909973374,33.64668889977298],[114.70492029993193,33.64008060043943],[114.71870109997587,33.632694599776016],[114.72172350013943,33.62886000028885],[114.72546540020812,33.60273199958215],[114.73139840041586,33.5857379002839],[114.74080449962798,33.58305949979615],[114.75355150020164,33.586259200401855],[114.7610304997578,33.578791199554246],[114.78122229956955,33.56975849975504],[114.78453819977813,33.56982590034505],[114.79421400027593,33.57560989997694],[114.80686790033337,33.57378009977185],[114.8097339002993,33.57203760035503],[114.81257160039911,33.56468739990362],[114.81529979994582,33.56234710043839],[114.82971260035629,33.56104089991766],[114.85003139972935,33.5425995000669],[114.86427900007584,33.52626189956709],[114.86513719972208,33.52219749991474],[114.86224330008827,33.51531919982125],[114.86855279967199,33.509979899652706],[114.89102169999148,33.49825729973463],[114.90171670036545,33.488448600122865],[114.90286199958166,33.48459270019299],[114.90143379973017,33.48131089957843],[114.8922480002451,33.47794980034308],[114.89012260007803,33.47464250035114],[114.89299630003927,33.4644287002244],[114.90074009957596,33.45441829976477],[114.90668260022187,33.4511289997036],[114.9120833996293,33.450900699607644],[114.94107800014967,33.45685500025809],[114.95093689991802,33.45486950042715],[114.95844070007831,33.44732599969518],[114.96703560001299,33.429546699620516],[114.97960749988624,33.41747449994824],[114.98763470008146,33.41629889987439],[115.00045189993534,33.419591999571196],[115.01068529988675,33.413892100040414],[115.01525210040415,33.40820460036207],[115.02549890025409,33.443690699865954],[115.04915590032465,33.45260379972564],[115.0518957002264,33.465517999556084],[115.06702870021445,33.484903799970425],[115.06817860036222,33.49877020018465],[115.05646149979839,33.52208800026108],[115.0670669996424,33.53645349992911],[115.04696669955365,33.54518589990943],[115.0560079995696,33.58066170037722],[115.05973980025169,33.603610399800175],[115.04068890017265,33.620468900219635],[115.01814120035613,33.63275040001099],[115.00437089989714,33.665194000402835],[115.01984669986541,33.684942699745875],[115.0202537995732,33.699167899778786],[115.02432449987577,33.71068190014961],[115.03979319969642,33.72456430020236],[115.04389469998046,33.73856819956279],[115.0568903001473,33.74758379965266],[115.06513539977891,33.76722570000612],[115.07394140027543,33.77953920037385],[115.07765089956945,33.80172310014103],[115.08836060026158,33.81106079961626]]]}},{"type":"Feature","properties":{"shapeName":"Heshan District","shapeISO":"","shapeID":"62558664B53502802061567","shapeGroup":"CHN","shapeType":"ADM3"},"geometry":{"type":"Polygon","coordinates":[[[114.02443330005678,35.972737000112545],[114.02286080038573,35.97025060038493],[114.02517100044133,35.971334400362366],[114.02352829969129,35.96800639977556],[114.0249389996352,35.96194099957751],[114.02368240032263,35.94593509962522],[114.02676329958672,35.94032280035702],[114.02978480042827,35.94006869961083],[114.03359289959269,35.936497800233326],[114.03179130032834,35.93398149984637],[114.0322578002573,35.931134300207816],[114.04801080005848,35.93058470022379],[114.04951139983132,35.927599999640336],[114.06499460032057,35.92259449993628],[114.06584059976387,35.9204477004011],[114.07527189977839,35.91587310006355],[114.07743420002839,35.91031479968831],[114.08920449998777,35.91188039976072],[114.09322950034118,35.910811899949294],[114.09577209960275,35.91257479958739],[114.09993429962833,35.91169990043011],[114.10566600008588,35.919656500247356],[114.11020420036357,35.91853880032545],[114.11372810027171,35.91954210018781],[114.11761149967106,35.917005299754805],[114.12744540008521,35.91497789961045],[114.1304878002718,35.91701570041431],[114.136958100436,35.916194300126904],[114.14715300041075,35.90843349980622],[114.15260090001163,35.91484270003065],[114.15271639994194,35.91751989992349],[114.1562468001498,35.918647999605525],[114.18003520016441,35.93898639970263],[114.19864339997298,35.9464177001168],[114.19814269972585,35.967647699781594],[114.19555589968513,35.97376730032073],[114.18461179969484,35.982945800008736],[114.17587629975151,35.9846284999054],[114.17525949972617,35.987454200351124],[114.17277979994788,35.98739799991779],[114.16371830025946,36.00113870009096],[114.16970609975681,36.01407719960315],[114.1712979996031,36.012381300356765],[114.17164689968479,36.01730210011186],[114.16808489999823,36.032413199809355],[114.17086240037952,36.03459280031751],[114.16866300039726,36.03751089980824],[114.17274630020165,36.0379994996772],[114.17184279990533,36.049618799867744],[114.16803460001688,36.05235380008787],[114.16669310020643,36.05023759998528],[114.16146560015738,36.05040349972177],[114.15662529961799,36.047218399609505],[114.1490637998545,36.04625299987612],[114.14866430031725,36.049413599757884],[114.14667209963773,36.046535500313155],[114.14405589985995,36.04732020016718],[114.14227219980228,36.04272650002798],[114.14002020027203,36.042157400044005],[114.13804960040875,36.0339057002879],[114.1371347003062,36.03566990034568],[114.1317901004328,36.032131200294714],[114.13277130035533,36.03100309971336],[114.12737169974423,36.03176909996404],[114.12517060004325,36.03066160015277],[114.12362140000766,36.031852200019046],[114.11975160015629,36.029295699936654],[114.11610479979674,36.02968810022571],[114.1138399003911,36.02798660000167],[114.11279229992476,36.02168750017802],[114.10787419993449,36.021707799675255],[114.10898390038676,36.02007489973687],[114.10490199992739,36.01984720038803],[114.1014261004342,36.01590410039398],[114.10484180020899,36.01037249999092],[114.1006200003128,36.00172630002879],[114.09740930009923,36.000167300080875],[114.0974965001634,35.994628300056036],[114.10202910036276,35.988808699861636],[114.1030180002806,35.98388070013425],[114.09462790025748,35.980563200031725],[114.08609449956157,35.98199389999854],[114.08324820014434,35.97752310031086],[114.07903749968091,35.975570000355276],[114.07606870001052,35.97685810022119],[114.07384760028663,35.975045200075954],[114.07446739955094,35.97315970035993],[114.07112969977584,35.97349220040479],[114.07050979978749,35.97177270024997],[114.06840810035362,35.972619500089934],[114.06840810035362,35.975528400415385],[114.06722709985081,35.975279100250305],[114.06576559990253,35.97419289998243],[114.06722709985081,35.97116489974036],[114.06373530034386,35.96800639977556],[114.06481360006762,35.96584530012058],[114.06337579995329,35.96060850018222],[114.06034619981733,35.960941000227024],[114.04663579960254,35.96941950000996],[114.04612230020405,35.97241170003997],[114.04401690006,35.96912859990499],[114.04031969989433,35.97133119967515],[114.03677660035987,35.97004290015974],[114.03708469999901,35.9719960999401],[114.0322578002573,35.97108179968535],[114.03271989980362,35.975154400255406],[114.03046049975228,35.97623489972091],[114.02724149969549,35.97551200037856],[114.02443330005678,35.972737000112545]]]}},{"type":"Feature","properties":{"shapeName":"Laocheng District","shapeISO":"","shapeID":"62558664B715666327867","shapeGroup":"CHN","shapeType":"ADM3"},"geometry":{"type":"Polygon","coordinates":[[[112.47572889976902,34.7300416002397],[112.45670330031714,34.73847239998133],[112.4423408997128,34.74000519998003],[112.43096280039299,34.733567299691174],[112.41977129960583,34.74077160042907],[112.4070874997883,34.74276420040758],[112.40018609970878,34.75042740000458],[112.39104629964709,34.754565199624324],[112.38638319972495,34.75410550036861],[112.38190660030943,34.74950780004497],[112.38768890022266,34.73632649976821],[112.38331299969525,34.73038729963423],[112.39017139959049,34.71824610037726],[112.39834880005719,34.6926570004203],[112.41259330044056,34.69222319984084],[112.41470360009112,34.70350079992204],[112.42077070000789,34.70480200021217],[112.42762919972779,34.69938029966113],[112.42894809957522,34.69352459978052],[112.43237739979725,34.69374140024547],[112.43079460019067,34.700898400241044],[112.438971999758,34.69244010013057],[112.44820459996242,34.695910299720595],[112.4484683998968,34.6874514995871],[112.46019199986097,34.66823660003911],[112.49396480003554,34.67077860035215],[112.48190080038171,34.68528339960926],[112.4799134002833,34.69346549993293],[112.46248560023037,34.69278249991248],[112.47666160015274,34.708270799557795],[112.4712523003534,34.71455739970429],[112.4768480997601,34.724676100122],[112.47572889976902,34.7300416002397]]]}},{"type":"Feature","properties":{"shapeName":"Lankao County","shapeISO":"","shapeID":"62558664B27098442206032","shapeGroup":"CHN","shapeType":"ADM3"},"geometry":{"type":"Polygon","coordinates":[[[115.12581629958265,35.00185389963781],[115.09499360037444,35.00988009978681],[115.02115629982347,34.98396679962815],[114.94510649976519,34.99490740035628],[114.91355130005252,34.97488780003198],[114.8943329003431,34.99750520000504],[114.87235259989268,35.00700000024989],[114.83065649999753,34.99495470019929],[114.81781899974715,34.986292000375556],[114.78266989959627,34.97561530030589],[114.75599289965271,34.97152090016948],[114.74478070006933,34.95710210038169],[114.74029910042316,34.94300060029752],[114.74811350033781,34.93986890012968],[114.77382930038198,34.92244029968015],[114.77739220028991,34.91882349980472],[114.77840239975103,34.91495799961206],[114.7770591003972,34.9108273999646],[114.74372829992114,34.898096999976644],[114.73287369956165,34.88798789982178],[114.72474619977731,34.88525920025194],[114.71151410039545,34.89113840031695],[114.70275589976507,34.893018700152936],[114.71440880042587,34.860252399628564],[114.72083279989386,34.849124899994194],[114.72003930017365,34.847045900348064],[114.7233963002991,34.83586490004518],[114.722313299819,34.82437139972035],[114.71697980027761,34.81509790014803],[114.71716329974652,34.80821990042813],[114.71406570007207,34.79500189971793],[114.72103890022515,34.793324100227096],[114.72414789970583,34.79096670015315],[114.72326819996749,34.78519770031369],[114.7173542995613,34.7827074002264],[114.71113140019406,34.783903799820564],[114.70846400021355,34.78175379959822],[114.7072828000612,34.77229579961153],[114.70283610040576,34.76837879974187],[114.69032309983129,34.76513330026165],[114.69023219995609,34.76126739987063],[114.69918379979254,34.75226960006205],[114.71032410037697,34.7512684001166],[114.7169262996091,34.753146900409206],[114.73116279962358,34.75088490041787],[114.73834980010326,34.75261690024979],[114.75581379966718,34.76531989969368],[114.76764680035956,34.76988989999893],[114.77887730024725,34.7657278996229],[114.79611980038851,34.75433340026626],[114.81423929960408,34.75212490004418],[114.8274992995531,34.752750400110926],[114.82443230021056,34.75877389999556],[114.82456179988719,34.7647398999265],[114.82832329978055,34.77031339974366],[114.86535629975344,34.778983900286846],[114.87483229967097,34.77799989987551],[114.89238729983413,34.764987899671894],[114.909522800437,34.75793439995266],[114.92949679973754,34.758956900340706],[114.96209730035014,34.76798640035213],[114.97239679957272,34.76746339961625],[114.98671729986359,34.76104340033271],[114.99227880002661,34.76113490005565],[115.02149180000663,34.772384399920156],[115.03311129984672,34.77486039988759],[115.05478680027068,34.77520390043969],[115.0712127996311,34.77453990039612],[115.0826573003942,34.77219390012846],[115.09571029979054,34.772624900219],[115.10204329955866,34.77593239986044],[115.11370030022874,34.78941740029285],[115.1280518001505,34.79444890029657],[115.13417830028834,34.79408239958315],[115.14861280044045,34.78259639960419],[115.15223680028816,34.781734400322364],[115.15611280006578,34.7827074002264],[115.16020980014218,34.78598040007546],[115.1715468004445,34.802207900174494],[115.17649080001047,34.805034400117506],[115.19142129965337,34.80938340012386],[115.21848280024108,34.80518339979409],[115.23536680003781,34.80909340024027],[115.24472830007107,34.81404089996761],[115.2614362998454,34.826896400148826],[115.26492329967061,34.83336639993945],[115.2589032999474,34.842918399764415],[115.25229320017115,34.8429740003499],[115.24943450000228,34.846524000382374],[115.23772830012103,34.85100519983018],[115.23445599994454,34.857986799651144],[115.23364870012745,34.882162400074776],[115.2427020996223,34.894388800203046],[115.2458086997118,34.90856470030076],[115.23327799958008,34.912637499620985],[115.21220480031138,34.9133887995535],[115.2098486997578,34.90523120035965],[115.19924670007526,34.907056000334194],[115.2002937996192,34.911993499600385],[115.18903730033117,34.91371080001346],[115.18340900032513,34.91660869983167],[115.18625100008364,34.9265778996504],[115.18812099998422,34.92809200004581],[115.19073879965595,34.92766269967393],[115.1910006003975,34.92895050006558],[115.19715240026312,34.92744809984998],[115.20566029978306,34.94483110017518],[115.2093251998981,34.94257790005008],[115.2111576000433,34.94483110017518],[115.21377539971502,34.94343630024514],[115.21646710027653,34.94786600001595],[115.2161315002686,34.956203100292896],[115.21247859980758,34.96251679971061],[115.20094820029931,34.95845590021969],[115.19571260005648,34.95244840017358],[115.18039849999082,34.95749039976221],[115.16966560038725,34.9631758004229],[115.15683830024739,34.95877770013078],[115.15121010006612,34.958992200129956],[115.1517335999257,34.968217200163735],[115.14073889958058,34.98194529993572],[115.12437769997098,34.98473360027549],[115.1276499003227,34.99320499991086],[115.1276499003227,34.99942399981779],[115.12581629958265,35.00185389963781]]]}},{"type":"Feature","properties":{"shapeName":"Fugou County","shapeISO":"","shapeID":"62558664B34430377469708","shapeGroup":"CHN","shapeType":"ADM3"},"geometry":{"type":"Polygon","coordinates":[[[114.62101840037894,34.263317400077995],[114.60981699985473,34.26968339956926],[114.60304899981156,34.27632070024015],[114.59095170006094,34.279452699882256],[114.56348349996358,34.2755640997035],[114.55781250014684,34.273027099621004],[114.55313519992956,34.27644690030428],[114.55121609974321,34.283377999595075],[114.55347060028805,34.29128180021496],[114.54866760002983,34.2924796998783],[114.54204580007365,34.28821730008838],[114.52783559983311,34.287480400100435],[114.52871640034164,34.29643070041652],[114.52525210030421,34.30223189958252],[114.5256718004133,34.30790800035396],[114.53404090036736,34.309795099963935],[114.51600700042275,34.31931300019488],[114.51415799969197,34.31263830031736],[114.49701289972563,34.309548299914184],[114.49275359989883,34.31284179980929],[114.48921940005528,34.32159900039363],[114.48251330034861,34.32923270042886],[114.471587099565,34.33315070034462],[114.46351310044929,34.33325650018736],[114.45582350035431,34.33516140007862],[114.44352020009717,34.34659009975337],[114.43672779964834,34.34764819980461],[114.42096420043754,34.32224949981463],[114.41866070033109,34.31206479995063],[114.43045770026276,34.30670189977292],[114.44762759993387,34.292373300187705],[114.44110279995436,34.281291899801374],[114.41108450024956,34.27021300042969],[114.3950890000574,34.25490029970911],[114.3419049000911,34.25552100009412],[114.33068660040635,34.26780790031438],[114.31423149988382,34.27590040028332],[114.29501959957497,34.273803600355905],[114.2845073998966,34.26841159991545],[114.27979509986403,34.253431999986844],[114.27242769987856,34.24337050004857],[114.28746679985295,34.2310487996624],[114.28840010008457,34.219859399691586],[114.28326690024733,34.204037299581785],[114.2893334003162,34.17508680001583],[114.30893279960912,34.15771180005959],[114.30659949956737,34.1422642999575],[114.30099969997627,34.12642760025358],[114.28046699955246,34.098609800402016],[114.27316190010163,34.075477200412536],[114.2879333996068,34.052226399828555],[114.30146629973001,34.035599500016986],[114.30563009964942,33.98299069996091],[114.29908019959157,33.966183999591976],[114.30190370029561,33.9553083002379],[114.2925541000917,33.93731019960609],[114.30602810001687,33.86634309975432],[114.30123620009067,33.853475099896],[114.32554349993268,33.85923050018749],[114.3282736995717,33.8469292000226],[114.33508760011273,33.8460643004272],[114.33625660006214,33.85111309978976],[114.38068129970225,33.86256889963505],[114.38727729990751,33.868590799625736],[114.39994940044448,33.87399390039826],[114.41137669987484,33.87259939994243],[114.42236280000327,33.88137320021309],[114.43852570000115,33.88265810029117],[114.44591539957605,33.87829389994357],[114.45596940006783,33.88081740030282],[114.45924280011525,33.87809980016567],[114.48043129966482,33.876818300424304],[114.48458729976414,33.90426699962239],[114.49222099979931,33.91269589999587],[114.4798183999992,33.92642149965252],[114.49195419972659,33.934808300063025],[114.48778839971499,33.94140650001003],[114.49195419972659,33.949574900061634],[114.50331570025946,33.950517400357796],[114.5249024996507,33.96276839964196],[114.53626400018356,33.96528119986755],[114.56201659958651,33.962454299726176],[114.57262070008528,33.966537600429945],[114.59327549966463,33.96739399963343],[114.59045299990612,33.96845800013665],[114.57146500020963,33.986970100190035],[114.57377430004397,33.990374199609676],[114.56556330000637,33.9976074000615],[114.56581989996846,34.00398909991708],[114.57018200039909,34.013773599671936],[114.57685339976467,34.01845270033192],[114.57864960039876,34.023982199918635],[114.59361550005531,34.029175300000134],[114.59496279959353,34.03312919995267],[114.5884002002091,34.06629230024953],[114.58403809977858,34.07054340005794],[114.57454409993034,34.07181869987318],[114.56684619999214,34.07776979983646],[114.56248409956163,34.07776979983646],[114.55581270019604,34.07245640014281],[114.53528509982755,34.06948069997435],[114.5291267996621,34.08308299988062],[114.53066629961006,34.09710800003421],[114.54067350028186,34.1058193999454],[114.54349609986514,34.11049339965075],[114.54195650009251,34.1168666998384],[114.53117950043361,34.13024900039113],[114.52887019970001,34.13662069978551],[114.52835699977572,34.14511570032937],[114.53194930031998,34.158068800334945],[114.54965440003059,34.17653950009793],[114.55709560018181,34.17929920019799],[114.5801892001715,34.18014829960441],[114.599177199868,34.18290780005498],[114.60507890007125,34.187153100135504],[114.60661849984399,34.19394499966205],[114.60584869995762,34.20307079997747],[114.60071679964062,34.22789660034789],[114.59969039979217,34.24529149960307],[114.6047685997911,34.25847079978763],[114.62101840037894,34.263317400077995]]]}},{"type":"Feature","properties":{"shapeName":"Fengqiu County","shapeISO":"","shapeID":"62558664B58800546156482","shapeGroup":"CHN","shapeType":"ADM3"},"geometry":{"type":"Polygon","coordinates":[[[114.42089829991664,35.22944640003141],[114.41677080023226,35.229156400147815],[114.39901729990856,35.23384090033733],[114.39434830043376,35.23122040000152],[114.38330830033783,35.20804939985999],[114.37169629994435,35.19450390023485],[114.36894229974735,35.184119899813595],[114.3723833001493,35.17203139992921],[114.3320923001196,35.18288789965692],[114.30944829999908,35.18332690011641],[114.29917130001559,35.181270399709206],[114.29237380041059,35.17561739982318],[114.27790829972832,35.15557490006165],[114.263862800428,35.13164139983081],[114.25626379983453,35.12482090006455],[114.24581129985165,35.11977740040675],[114.23639680007227,35.11727540013965],[114.24635329966509,35.11175940027613],[114.2575378001294,35.10213489980583],[114.2621078004347,35.08984389957635],[114.26014729995802,35.08108540037097],[114.25023679978858,35.05952840001572],[114.24057780042517,35.04738989962419],[114.24183630000528,35.042827399664816],[114.25238029971115,35.035945899783485],[114.25443279993385,35.032779900372134],[114.24922179974635,35.02991090026791],[114.24439980041052,35.02360890013068],[114.24582679966716,35.004825399972276],[114.24471279955617,34.99631489961297],[114.24633030040309,34.98923489957099],[114.23738879995324,34.97228989965919],[114.2367172995638,34.96722790004759],[114.23706829956245,34.94750189959302],[114.24381230029746,34.92814640003638],[114.24374470005796,34.9069601002285],[114.2410751003357,34.90075560009092],[114.24838620006312,34.89752170006648],[114.26968129985221,34.90017449955354],[114.28152230001422,34.912126399613726],[114.29410139985976,34.91806099971541],[114.30992349996961,34.92144540038498],[114.35154710011864,34.92341910021133],[114.36774929959051,34.919179300384485],[114.38423889990531,34.90678429985559],[114.39465449980537,34.90272329964063],[114.40597579974337,34.90159800044739],[114.41502240036357,34.898798099752526],[114.42261050027446,34.90142580006068],[114.43564360037192,34.92379799987782],[114.44449999977519,34.92749989990051],[114.47055199967508,34.927354900408375],[114.48018150037603,34.921010400109935],[114.48694979989341,34.91920679985401],[114.4975710999264,34.922297099731395],[114.50642400006757,34.92158539964652],[114.53308710008969,34.905363600349915],[114.54004109971709,34.89966050013203],[114.54347540016965,34.90086759985991],[114.56667329993286,34.9258085997871],[114.5698950995793,34.925955399722],[114.59120560025826,34.91947340027724],[114.61537220026685,34.91539779956884],[114.63461510020682,34.9169129000104],[114.63609059990131,34.91906369973003],[114.63263809986847,34.925500599972736],[114.63397139966048,34.92768690043016],[114.64762439974629,34.92329169955235],[114.65943119959024,34.927785699950164],[114.6625198995738,34.927636700273524],[114.67180980008231,34.90901749995771],[114.67967240006124,34.905373000063946],[114.69100519963035,34.89706419965313],[114.70275589976507,34.893018700152936],[114.71151410039545,34.89113840031695],[114.72474619977731,34.88525920025194],[114.73287369956165,34.88798789982178],[114.74372829992114,34.898096999976644],[114.7770591003972,34.9108273999646],[114.77840239975103,34.91495799961206],[114.77739220028991,34.91882349980472],[114.77382930038198,34.92244029968015],[114.74811350033781,34.93986890012968],[114.74029910042316,34.94300060029752],[114.74478070006933,34.95710210038169],[114.75599289965271,34.97152090016948],[114.75467680029419,34.98283790044877],[114.7484968003871,34.99557489966196],[114.71703330004686,35.025977899660404],[114.70436879968042,35.04088590006427],[114.65956880035992,35.077907400406275],[114.64762880012904,35.08617390030531],[114.64293679959371,35.094341400135534],[114.63983120044963,35.10623880038037],[114.63048560043023,35.1213166998059],[114.6146467999099,35.128158400190046],[114.60593160036308,35.134486299902846],[114.57626150016813,35.14203710043188],[114.5605158999889,35.15882680001687],[114.55023930020366,35.16491690009491],[114.53706379965467,35.167033899694786],[114.53099130020837,35.16450489998118],[114.52504730039266,35.165706399630665],[114.51026130021887,35.175048899687],[114.49329380016877,35.18228139956699],[114.48581679980555,35.18901439979476],[114.48172780009793,35.204757900057075],[114.47850779999499,35.20974339973816],[114.47308329985447,35.21353540013865],[114.46349330007581,35.216781399641945],[114.44615179986579,35.21688790005658],[114.43491379963223,35.21895189991028],[114.42443080004148,35.22355289984648],[114.42089829991664,35.22944640003141]]]}},{"type":"Feature","properties":{"shapeName":"Fangcheng County","shapeISO":"","shapeID":"62558664B77619261883732","shapeGroup":"CHN","shapeType":"ADM3"},"geometry":{"type":"Polygon","coordinates":[[[113.39198280036601,33.34234989992797],[113.38131729955376,33.34559240016921],[113.36353329962219,33.34405490031344],[113.34931180029946,33.34662240000381],[113.34056829998713,33.35031490031247],[113.32633980034154,33.35127639968613],[113.31291179983975,33.34605389986763],[113.30085729972461,33.344486400427115],[113.29538730018385,33.34610739963682],[113.28830730014181,33.354141399605965],[113.28447729978757,33.355754900268494],[113.27873230015564,33.355769900060864],[113.26997380005093,33.352360400212376],[113.24452229996427,33.35631940022017],[113.23224630042648,33.36848840021952],[113.21807879999665,33.388671900188115],[113.18805679958166,33.42446489963544],[113.1812288003689,33.43180439995314],[113.17165380038261,33.43617239993637],[113.16288729990902,33.436877900095055],[113.13739030042211,33.43051139968139],[113.11517330020774,33.43071340000347],[113.10595679966661,33.435005400079206],[113.09417729964275,33.445525899600625],[113.08821079968868,33.44815040012094],[113.05782330040506,33.44913889984042],[113.02839679957265,33.44528940038555],[113.0259456002093,33.4489879998963],[113.02817399973037,33.479935200349246],[113.03999440002156,33.49268839994977],[113.03358910015686,33.50443760001531],[113.0302249998839,33.53235299969123],[113.01678050041983,33.54932390007798],[113.01248240024267,33.55866990029574],[113.00736980027614,33.56484990020277],[112.99968680030565,33.56760390039972],[112.99310279975441,33.56783290016824],[112.98542029980706,33.57196039985263],[112.94673129990963,33.60082239983393],[112.92532330013023,33.61227390002051],[112.90637180031842,33.61639040009692],[112.87946329959163,33.61546639975461],[112.85723079956176,33.61201839992924],[112.84571079981367,33.60491189956457],[112.83860030016376,33.58108839990979],[112.83229079968078,33.57787690019882],[112.81664330024819,33.58152790039236],[112.81199629998935,33.56869889963457],[112.80378730004395,33.555637399846205],[112.80433630018013,33.549911400191036],[112.80983730025127,33.54213340033618],[112.82494329989345,33.53138340012384],[112.82714829995416,33.52474589980346],[112.82607279981994,33.515125400416935],[112.82964329989841,33.5116958996461],[112.83676930026309,33.510558900273054],[112.84088130013197,33.50781240042198],[112.83952329956071,33.50323089958641],[112.83048229991823,33.49314889960209],[112.82116680020772,33.485583899677295],[112.81076079967124,33.4796178997463],[112.7727967999324,33.41224690007442],[112.74433130024931,33.40327439999362],[112.73695379997798,33.39639290011229],[112.72135179994564,33.371764900230005],[112.71659830017143,33.36679440034135],[112.69499180023149,33.35450340011187],[112.6682968003571,33.347320399816624],[112.66023229988082,33.34078989993401],[112.65293130043926,33.331725900130266],[112.64866629980997,33.32353189997724],[112.64298230029294,33.29909489990973],[112.64660630014066,33.27521140018604],[112.65627279984994,33.25675189968047],[112.65680680019375,33.231918400214056],[112.65432730006489,33.22919090033986],[112.63227080005743,33.20507439976382],[112.63387280018969,33.19151689958528],[112.6274872997991,33.182548399688926],[112.64055629993334,33.157588899807934],[112.63913730014633,33.1519624002446],[112.63893129963981,33.14390540011419],[112.6581113000965,33.139987900221456],[112.6802293002421,33.13797389997558],[112.69960779996006,33.14053340019632],[112.70780180011309,33.13848890034251],[112.71299729958582,33.135291900400944],[112.71930680006881,33.12110539999429],[112.72696679987803,33.11562339990002],[112.73789980043546,33.11266340009587],[112.7485502996567,33.110622400403486],[112.75727880017655,33.11132040021636],[112.76792129992816,33.1143113996514],[112.78563680029811,33.12212390019789],[112.79029079998054,33.12235640012784],[112.79548580032952,33.11526489955554],[112.83451829987973,33.115761399968676],[112.86454779974122,33.112575399635034],[112.87355030030619,33.11487190031801],[112.88201130018138,33.11899940000234],[112.89100630040048,33.1203729003891],[112.90685280001674,33.115341400385375],[112.92022679982699,33.10710139990971],[112.92732229968442,33.10710139990971],[112.93469229960999,33.110305900197204],[112.93905630030804,33.115573900315326],[112.94396980026613,33.12908540017111],[112.94834130041079,33.134120900359335],[112.95654280001031,33.13618090002859],[112.9630808002388,33.13549439984672],[112.96936030023778,33.13136990030068],[112.97535679977659,33.12083440008752],[112.97863779999454,33.11877440041832],[112.98136880003017,33.119457400438705],[112.9854737995762,33.123580899938645],[112.99120330029211,33.1352583997554],[112.99584979962856,33.140979900102366],[113.00295229980884,33.143035899587176],[113.01413730029628,33.14348589965459],[113.03653729995654,33.15194340026778],[113.04528030024574,33.1501043999981],[113.04991930013568,33.146663399596264],[113.0728072998171,33.12145239980845],[113.08072679990198,33.1189234000949],[113.08728029994597,33.12074639962668],[113.09001930035049,33.124408900350545],[113.10563680019823,33.15599039983715],[113.11193079996656,33.1605604001424],[113.12313080024626,33.16237640025071],[113.14740730010692,33.1518019000377],[113.15203829962786,33.14721289975557],[113.15556330030608,33.13690540016415],[113.16454329983344,33.12062839958105],[113.17680379955573,33.114421900250534],[113.18142679960715,33.1102904003817],[113.18821729978856,33.09997190028304],[113.18955230019856,33.087600899961615],[113.19468679955617,33.07316589978649],[113.20095079973964,33.06765740026884],[113.2058563002281,33.06741689997],[113.25202929991235,33.08516690013238],[113.26022330006526,33.08652089961987],[113.28748329991447,33.079574400338345],[113.30412280012717,33.078380400135416],[113.3199613002738,33.08314140025544],[113.3530578003772,33.10043690014288],[113.3683927997879,33.11045840003521],[113.3763578001724,33.11959090029984],[113.37776180016704,33.12782689969174],[113.37541179971481,33.14936440004709],[113.37522880026893,33.166995900140705],[113.36985779989766,33.18556190016159],[113.37072730042462,33.19540790005459],[113.37600730019676,33.212791400402864],[113.38567329988291,33.23359690027678],[113.38880929970946,33.25785840034496],[113.37806679984305,33.298202400120715],[113.38085179967084,33.30529039963227],[113.39269229980982,33.320133399736676],[113.39549230032947,33.33271790001112],[113.39417279973497,33.340736400164815],[113.39198280036601,33.34234989992797]]]}},{"type":"Feature","properties":{"shapeName":"Erqi District","shapeISO":"","shapeID":"62558664B98606314719067","shapeGroup":"CHN","shapeType":"ADM3"},"geometry":{"type":"Polygon","coordinates":[[[113.49913040044771,34.66726090037031],[113.50247980040251,34.66620140007461],[113.50634450019857,34.66217500037601],[113.50402569992616,34.656346999614414],[113.50505629960855,34.652320099892734],[113.5042832999344,34.651048400063644],[113.49706920018355,34.65126030012283],[113.49642510033812,34.649670699843],[113.501964499662,34.646173400082375],[113.50737509988096,34.6455375002555],[113.51046689982763,34.63758849970952],[113.51394519961138,34.63621059983939],[113.52180340010693,34.636740599998745],[113.5188404999891,34.63324270039038],[113.51935579983035,34.62932070029012],[113.52888879967838,34.62773069981199],[113.53172289979204,34.62391439972981],[113.53326880021507,34.6153271997905],[113.53906590027111,34.61606940038257],[113.53893710026705,34.622006200226],[113.54718179970041,34.635892599563874],[113.54937179996864,34.63748250021729],[113.5543960001753,34.63695259988265],[113.5574877002972,34.63281869972326],[113.56418660003158,34.62836670036296],[113.5665054003041,34.62009799982286],[113.5638001001945,34.61606940038257],[113.5665054003041,34.608647700231245],[113.56818019965658,34.607269300337975],[113.57230250036014,34.608223599739404],[113.57398380001246,34.612175600323724],[113.57763499985538,34.61403320037198],[113.58440640023525,34.605072500295705],[113.58878789994174,34.60485390028731],[113.59283739962632,34.607203499641855],[113.59701970039896,34.60337860024225],[113.60146759974998,34.607421999825476],[113.60000709984786,34.60988080025879],[113.59117769989098,34.612885800339484],[113.59117769989098,34.61457949984407],[113.5942314998839,34.61649170043171],[113.59469620026948,34.620042900159774],[113.5926381997931,34.623976200241486],[113.59522730029971,34.629493600349406],[113.60213140014412,34.6313508001993],[113.60545069979003,34.62823719978701],[113.61003140022899,34.62818260014694],[113.61388179990524,34.629821299813216],[113.61773209975661,34.63768699975526],[113.62211360036247,34.64101870015293],[113.6286194003651,34.64074560032924],[113.63359839974646,34.64325800035647],[113.64096719997633,34.64309419963763],[113.64143190036202,34.64598879984328],[113.64368909977225,34.6461525996628],[113.64687560012885,34.64118259979722],[113.64880080041667,34.641401000156065],[113.65709899961917,34.64566110037953],[113.65320370039058,34.64782770028819],[113.66006370017965,34.655351999595155],[113.6593320000718,34.6576091999047],[113.64780709991783,34.661371000171584],[113.64588630001276,34.66347750018656],[113.64588630001276,34.66693810041306],[113.65238049966035,34.66957110042597],[113.66399679971255,34.6883756995789],[113.66802139986783,34.68972950031622],[113.6684786997323,34.70040840012763],[113.66353949984807,34.70168679990593],[113.66262480029434,34.703641899953766],[113.66280769991545,34.706499299702955],[113.66930189956304,34.71191309970982],[113.66930189956304,34.71619870020987],[113.65823439999758,34.73694699960441],[113.66061249976713,34.740855499981365],[113.65997230028154,34.743035200314296],[113.65704530020048,34.74243390010446],[113.656588000336,34.74408739991361],[113.65988079965928,34.74521479992313],[113.66006370017965,34.74957390021535],[113.66271630001734,34.74964899990147],[113.66253329967208,34.75182849968559],[113.65978929993628,34.75333149974898],[113.66006370017965,34.75626230036494],[113.65336690036224,34.75890639981054],[113.65276899958974,34.760871199945996],[113.65456270010861,34.76123960002758],[113.65665530020203,34.75847660031491],[113.65889730017034,34.76068699990515],[113.65912160008179,34.764370800172344],[113.64985440026044,34.764555000213136],[113.64484710011368,34.759152000164704],[113.63752299978671,34.76099399967342],[113.63333779959987,34.76725630013817],[113.62519170003702,34.76750189959307],[113.62197799968499,34.755590799975494],[113.62623790025896,34.75522239989391],[113.62593899978503,34.75037140012006],[113.62196819977271,34.750635500428075],[113.6218285998101,34.740545900273105],[113.61801699958494,34.73489569997662],[113.61708899995745,34.73006790001364],[113.61926219999054,34.72174030017476],[113.61473739961139,34.72163789976929],[113.61452250031323,34.713627599634094],[113.60755409984188,34.70915779999251],[113.60747929963009,34.70405840027502],[113.59380280025914,34.7063317002478],[113.59372800004724,34.70866629980992],[113.58191979995888,34.708297700078845],[113.57930410020413,34.71462549996693],[113.56301169963035,34.717512800375516],[113.55800450020763,34.717082699606976],[113.55703289964868,34.71886419992296],[113.55538869972872,34.718557100329974],[113.55508980015418,34.71308969982982],[113.54507519986066,34.701293600119584],[113.54260899980557,34.70338260022686],[113.54201109993232,34.699941800373836],[113.53872270009265,34.699941800373836],[113.53558379995252,34.70282959990618],[113.53521019999084,34.7097721997273],[113.53012809963218,34.711246599550975],[113.52654080021784,34.71824990001295],[113.52048729984904,34.71874140019554],[113.51570419978907,34.721259900324185],[113.51181799990081,34.719171400239986],[113.50748330001431,34.71284389982617],[113.5021023000811,34.70891209981363],[113.50202759969409,34.69926589960164],[113.49903820015288,34.690909200399346],[113.50404550029964,34.683473399777654],[113.49941189993933,34.680339099669766],[113.49896349976575,34.67351700000961],[113.50053290037306,34.66878419993094],[113.49913040044771,34.66726090037031]]]}},{"type":"Feature","properties":{"shapeName":"Changyuan County","shapeISO":"","shapeID":"62558664B58877957864839","shapeGroup":"CHN","shapeType":"ADM3"},"geometry":{"type":"Polygon","coordinates":[[[114.47850779999499,35.20974339973816],[114.48172780009793,35.204757900057075],[114.48581679980555,35.18901439979476],[114.49329380016877,35.18228139956699],[114.51026130021887,35.175048899687],[114.52504730039266,35.165706399630665],[114.53099130020837,35.16450489998118],[114.53706379965467,35.167033899694786],[114.55023930020366,35.16491690009491],[114.5605158999889,35.15882680001687],[114.57626150016813,35.14203710043188],[114.60593160036308,35.134486299902846],[114.6146467999099,35.128158400190046],[114.63048560043023,35.1213166998059],[114.63983120044963,35.10623880038037],[114.64293679959371,35.094341400135534],[114.64762880012904,35.08617390030531],[114.65956880035992,35.077907400406275],[114.70436879968042,35.04088590006427],[114.71703330004686,35.025977899660404],[114.7484968003871,34.99557489966196],[114.75467680029419,34.98283790044877],[114.75599289965271,34.97152090016948],[114.78266989959627,34.97561530030589],[114.81781899974715,34.986292000375556],[114.83065649999753,34.99495470019929],[114.83302629992386,35.005397699744094],[114.82572569978129,35.03245610036879],[114.81691029957074,35.05474089957289],[114.81889569957696,35.063367100411426],[114.85264069990842,35.07921879990772],[114.87516140027844,35.083713900176406],[114.88201630001231,35.09107649958082],[114.88233180017255,35.105741600294664],[114.86142930032202,35.135388599604255],[114.83614689975968,35.15557449986335],[114.84110260040472,35.17504879986228],[114.88472639980353,35.19330150036399],[114.92760190030754,35.20128280006122],[114.92130150006426,35.23863969986229],[114.92600410000932,35.250267700094355],[114.96414580038845,35.25792860012484],[114.98657989964272,35.256065999846044],[114.99710290017879,35.27093479970131],[115.01195439977585,35.328627700208244],[115.01279799982785,35.341583699628075],[114.99017330005779,35.34828940003581],[114.95731330006879,35.364967400225396],[114.95069879990979,35.37219990010533],[114.94563280011369,35.38519290033213],[114.93206030014278,35.3907049000112],[114.91105630010827,35.39059040012694],[114.89308979985447,35.39235689975118],[114.87966130022892,35.39167789991518],[114.86979680038212,35.394264399582426],[114.85942080032976,35.39477539976497],[114.84439780001856,35.39084990040266],[114.82199880040434,35.379459400331086],[114.79364779970626,35.359931900037225],[114.7548293001322,35.3452603997477],[114.7497862995981,35.345397899793284],[114.73117830033834,35.35057040000402],[114.70712279987742,35.35013939991342],[114.70484179990922,35.351470900161985],[114.69954730036773,35.35023089963636],[114.69571679999035,35.34717940010927],[114.69223779963477,35.341152400063265],[114.69257329981804,35.32854090034232],[114.69523630031506,35.32285689992602],[114.69403079958181,35.31572340011485],[114.69162730025971,35.311321400362374],[114.68560030021376,35.30639239968957],[114.67703229990082,35.302566400419096],[114.66425329965011,35.29935089962436],[114.64549229962995,35.299690399992016],[114.62970730015184,35.30375290027615],[114.62019330028068,35.30403439976777],[114.6026687997254,35.30049140005809],[114.58329030000743,35.29301090043276],[114.56771080011345,35.28996290016778],[114.55857080040221,35.286571400249954],[114.55285630037804,35.28049839988131],[114.54390729958232,35.260825900095256],[114.53579729970568,35.251033899994525],[114.5245513000026,35.243472900254176],[114.50325780010746,35.235481400446304],[114.49639880036443,35.230758400280024],[114.48877729963272,35.22349539989284],[114.48184179995917,35.212344900097094],[114.47850779999499,35.20974339973816]]]}},{"type":"Feature","properties":{"shapeName":"Bo'ai County","shapeISO":"","shapeID":"62558664B30599824155062","shapeGroup":"CHN","shapeType":"ADM3"},"geometry":{"type":"Polygon","coordinates":[[[112.98156349965586,35.3114317004127],[112.98565679992146,35.31039609960038],[112.9875692999833,35.306858600144324],[112.9979675996251,35.3054695001174],[113.0000077998202,35.30052610039928],[112.9951920004105,35.29820260026986],[112.99527099955708,35.29526619957551],[112.9978299997548,35.293513199674464],[113.00534340017782,35.29377300032377],[113.00618810010076,35.29241780024137],[113.00212380027324,35.28290199992739],[112.99515000027236,35.2744071999324],[112.99546260011891,35.26966700023195],[112.99154699959445,35.26554149974049],[112.99094370019168,35.26095710038993],[112.98863550022827,35.26034200008331],[112.98729949977212,35.26340390026985],[112.97995209980957,35.262821000189035],[112.97640199995237,35.26176690032224],[112.9717954997626,35.25608309955544],[112.97244819982461,35.252991699807126],[112.97836639988952,35.24847489979686],[112.98070089962687,35.249019700099154],[112.9813486003577,35.2510050002806],[112.98628859973917,35.24958510027221],[112.98694699970429,35.24723869980619],[112.98404020019518,35.24475759978344],[112.98511549978059,35.24296500003476],[112.98793589962213,35.24244150017512],[112.98855280037151,35.24017430030375],[112.98955450033998,35.23511189959453],[112.98241229958796,35.23213399968438],[112.98176039992256,35.229098699645306],[112.98378849973949,35.22341189963953],[112.98022380028817,35.21386640011434],[112.98454160011477,35.21138439987021],[112.98754729986808,35.21202499955416],[112.98944649985617,35.214817899926175],[112.99402830016595,35.21538980039901],[112.99600290021374,35.22509489990978],[112.99953769990498,35.22683390006449],[113.00605000020744,35.21357969984331],[113.00548870004354,35.21031890019714],[113.00057579993324,35.203840400014485],[112.99062850040502,35.198437099592525],[112.98682939985702,35.186275299565466],[112.9710702001297,35.17560039993856],[112.96798679985102,35.17001679983548],[112.9579649995851,35.16287550020422],[112.95497850035758,35.158939799831955],[112.94852899971363,35.157288599589265],[112.94837950001397,35.15435479973428],[112.94401960022446,35.15058740028837],[112.94801710020909,35.14452750034394],[112.94739410025761,35.134942200422245],[112.96123850035656,35.12215829976577],[112.95857239989641,35.11308600011887],[112.9629959995658,35.10623599989151],[112.96909500023412,35.103101599958904],[112.97329599971067,35.09065080009441],[112.98483789974932,35.085536200035676],[112.98441850001382,35.08439199979102],[112.99196919981875,35.078905899687584],[112.9970651002742,35.07758919958195],[112.99968609973382,35.072056100009036],[112.99725080038422,35.06548589955469],[113.00387460043248,35.062056100208906],[113.00968179987524,35.061493999648405],[113.02296100034994,35.054512399827445],[113.0248752001304,35.04771900023172],[113.02375440024548,35.044105599793625],[113.02878719976957,35.039373899585826],[113.04659700035131,35.03744360014207],[113.05385320006519,35.03748269996669],[113.0727579998819,35.04206829991216],[113.10299140033294,35.045957800312294],[113.11238840020462,35.03898710027448],[113.12729930002274,35.03604420017973],[113.14792639958375,35.043394600280635],[113.15580710021754,35.047848200434146],[113.1497892004113,35.05101550026518],[113.16148530000669,35.06529289964766],[113.16298629997777,35.07447789963544],[113.17085230029352,35.08122279969251],[113.17065439998066,35.090373999560484],[113.16750140026943,35.09106199981147],[113.1673963000992,35.0991451998911],[113.16991869968831,35.09931719972906],[113.1698902999974,35.1012676997446],[113.15299379962426,35.09951889967755],[113.14800629985086,35.10409900026872],[113.14393480005106,35.104265499853],[113.14403659970935,35.1072632999614],[113.1472938002687,35.10709669965303],[113.14719199971103,35.11334169985963],[113.15014380039611,35.113757999632014],[113.14994020018014,35.117005199730215],[113.1475991003183,35.116755400441434],[113.1472938002687,35.11842049970636],[113.13243299988312,35.1190032999624],[113.12876869961588,35.12183399973935],[113.11869179968687,35.12358229978338],[113.10647749993677,35.12391539967598],[113.09660430004851,35.12233360011561],[113.09344890004672,35.124664599691584],[113.08835959971577,35.125247399947625],[113.08876670032305,35.14172930026706],[113.09456850023616,35.14564120008134],[113.09925069995995,35.14564120008134],[113.09975960022541,35.148054799689305],[113.10383110002533,35.14822130017291],[113.10413640007482,35.15354759974201],[113.10688470036871,35.15820790007456],[113.10888329972454,35.158900500357845],[113.11014180020402,35.17351840015408],[113.1176740000551,35.17559839984631],[113.12016769957972,35.180964499811864],[113.12581689983017,35.182420399681746],[113.12708920040632,35.18857640028068],[113.13297890005629,35.19172019992732],[113.1295202000972,35.191525399577586],[113.12910159985904,35.19352080004495],[113.12735870024392,35.193491500132666],[113.12722249971864,35.196241900343466],[113.11919640029373,35.19838290015076],[113.10638419977101,35.2152134001783],[113.10555179987568,35.2473672003361],[113.10327460044255,35.24795170031075],[113.09650820029321,35.245550800029434],[113.09140759998081,35.24735269966743],[113.08564320017365,35.25289500020415],[113.0842105999393,35.25767500030105],[113.08772410008726,35.25910949990356],[113.08362500009378,35.263891000069634],[113.08720360036591,35.26516600041066],[113.08804940015978,35.26920329989241],[113.09273700031235,35.26999550009231],[113.0960455998246,35.27780420010379],[113.10154869981272,35.27853769975508],[113.09926049987223,35.28937900004087],[113.11423890010519,35.29746289979306],[113.11043170026278,35.29995510014783],[113.1041204002363,35.29910549981901],[113.10198999983868,35.30199039993704],[113.10990520026485,35.31274569985419],[113.11340669985941,35.313322400008815],[113.11400459973254,35.3177531996505],[113.11249529991824,35.318434499952275],[113.1145800003668,35.321506000401655],[113.12095999960434,35.32556520017391],[113.12524240031655,35.325945099886496],[113.12177839975345,35.32747699966387],[113.11967609957242,35.32685699985069],[113.0994357003973,35.33711780034628],[113.09563490013056,35.33785280006674],[113.08223210043116,35.336003999884724],[113.02401729995847,35.363502499940466],[113.00189789956846,35.35781410004074],[112.99387879956703,35.36247450019806],[112.99053249957524,35.36224970026353],[112.98885899974312,35.35807019997981],[112.98421510034666,35.35588009988675],[112.98835669960204,35.34598749982331],[112.9792319002321,35.33955950017082],[112.98156349965586,35.3114317004127]]]}},{"type":"Feature","properties":{"shapeName":"Biyang County","shapeISO":"","shapeID":"62558664B77073561396911","shapeGroup":"CHN","shapeType":"ADM3"},"geometry":{"type":"Polygon","coordinates":[[[113.37541179971481,33.14936440004709],[113.37776180016704,33.12782689969174],[113.3763578001724,33.11959090029984],[113.3683927997879,33.11045840003521],[113.3530578003772,33.10043690014288],[113.3199613002738,33.08314140025544],[113.30412280012717,33.078380400135416],[113.28748329991447,33.079574400338345],[113.26022330006526,33.08652089961987],[113.25202929991235,33.08516690013238],[113.2058563002281,33.06741689997],[113.20095079973964,33.06765740026884],[113.19468679955617,33.07316589978649],[113.18295279983192,33.06815339975964],[113.17637629962655,33.06083689960326],[113.16163629977552,33.053306400370104],[113.13701630026208,33.024497900157996],[113.11463180041733,33.01079240034903],[113.10916129995405,33.00095740006401],[113.09928130029186,32.96524789997068],[113.07827780028038,32.94969939970758],[113.0728072998171,32.9426079000346],[113.0728072998171,32.9380304002828],[113.07906329963168,32.93092339989505],[113.08859230019459,32.92633040032774],[113.09458180030992,32.92472089984972],[113.11337279991483,32.92515189994026],[113.1226273004097,32.92399190040595],[113.14003730018135,32.9143488999818],[113.15853879992574,32.908130400097946],[113.18168629988293,32.91198339971419],[113.18904880036189,32.91173539996879],[113.19230630039556,32.90875640018777],[113.1873328003685,32.88151540031555],[113.16822030032665,32.86231589985897],[113.15051280032549,32.852962400194656],[113.14586630008978,32.84907539990985],[113.14367679984446,32.84312839995573],[113.14530180013799,32.8367118999343],[113.14965030012127,32.836017400282856],[113.15590679995887,32.83348839966999],[113.1643373002263,32.83393090029085],[113.16976929981342,32.82934190000873],[113.1724777997108,32.823383400423666],[113.17624679994992,32.81146640035416],[113.17864980014826,32.79337289963968],[113.17645279955707,32.78604890003675],[113.17642980029507,32.77780540029903],[113.18129729993052,32.768405900312075],[113.18969729969069,32.75900290016375],[113.19185630032803,32.75189989996045],[113.18717979960809,32.73198689987561],[113.18715680034609,32.723743400137835],[113.19120029975409,32.714805399849354],[113.21508030021573,32.70582190016063],[113.22920180032293,32.70258340010389],[113.23243730024126,32.6970824000328],[113.23731929964606,32.69294740000254],[113.26116180017698,32.67639940041204],[113.25949079956081,32.666328400035695],[113.25460029976409,32.66450889976596],[113.24672680000185,32.66635889964357],[113.23724379976159,32.671878899691535],[113.22207629998127,32.68519989975562],[113.21530129961536,32.687503899885144],[113.2082368002882,32.68683240039502],[113.20143130031431,32.68204089976774],[113.18126680032265,32.657810400229835],[113.17961879986774,32.65071490037241],[113.18366979962161,32.64543939990841],[113.1904523003335,32.64244839957405],[113.19370230002119,32.6371764001708],[113.19312280027702,32.62802139976782],[113.18955979964505,32.61497489977188],[113.18869780036323,32.59688540014116],[113.19246679970308,32.59024040037423],[113.19624330028819,32.577636400099834],[113.20408630044244,32.57303990037116],[113.21602629977394,32.573474899746884],[113.22499080038517,32.57802940023669],[113.23561079999843,32.59037040007394],[113.24539929993784,32.5972133999785],[113.25409679992742,32.600166400359115],[113.26550279981439,32.600597399550395],[113.28202830016596,32.59734339967821],[113.30346679955323,32.59773989997643],[113.3110503003312,32.5942803996208],[113.32292180010108,32.57958990025372],[113.33293929980891,32.5752068995788],[113.3418813002819,32.57380289958422],[113.35247030026426,32.57513789999416],[113.36118330006934,32.580146899859585],[113.36770629960608,32.58653640043457],[113.38929729973063,32.61484890025662],[113.40830979965756,32.61775140010707],[113.4188538002627,32.60900889984089],[113.42880230038588,32.59454740024239],[113.43963629997529,32.59106439970236],[113.45673379972516,32.59099590014074],[113.46996280004328,32.581092900317174],[113.48861679962567,32.57070140044931],[113.49619280005777,32.56792089992962],[113.50325780030732,32.56971740003803],[113.50763679989848,32.57725539961706],[113.50797280010465,32.58458340030376],[113.51318380029227,32.593257900132016],[113.52242280007226,32.59596239984495],[113.53624729997296,32.59612290005185],[113.54768330034415,32.59972739989962],[113.55589280031256,32.60884490037188],[113.56078330010928,32.61179739983021],[113.57347129976074,32.6396673999306],[113.59362780028277,32.648719900103345],[113.60785679995138,32.66329589958616],[113.61228179986529,32.673805400398976],[113.61737830016853,32.70010740013646],[113.62503779995461,32.70647839985833],[113.64517230036142,32.71048340018882],[113.6413878003068,32.71302390043269],[113.64009079985055,32.720588400334464],[113.62964630023657,32.74079889974945],[113.62888330012424,32.746982399817966],[113.62811279966604,32.785919400360115],[113.63095829958593,32.83673840025699],[113.63377379992096,32.847484400284884],[113.64034279978046,32.853172399986306],[113.65560929962953,32.85674290006483],[113.66490180007804,32.86080939963415],[113.68804179968936,32.86158690041515],[113.70897680013923,32.85939390000851],[113.7182388000806,32.86048139979681],[113.72753129962985,32.86431140015105],[113.73388680043558,32.87526339978615],[113.74671180010955,32.908153400259266],[113.76867680039413,32.95586389979917],[113.77831229957303,32.96450039967374],[113.785682800421,32.966968400171595],[113.79284679984005,32.97492990039461],[113.7984606999014,32.977452800006745],[113.79834729988806,32.979640800182835],[113.79321279963108,32.98317340013239],[113.79687299988905,32.986204500337465],[113.79471839963446,32.98905820027579],[113.79485350028892,32.99188849985444],[113.79920880004613,32.99450509983052],[113.79691430035473,32.998725299832756],[113.79801339959874,33.00262410012215],[113.79271930025561,33.00378690014537],[113.7943983003413,33.00799969962651],[113.78852249971362,33.01127890030108],[113.77132959988114,33.012438700185896],[113.76534550019471,33.00368289984601],[113.75637180041826,33.00183139989923],[113.74933700030238,33.005022600112966],[113.73606880033492,33.0238683999068],[113.73120079977718,33.02848040035025],[113.72575380039768,33.02920140032444],[113.72168729992904,33.03197489962196],[113.72399130005851,33.04478390035678],[113.72186279992832,33.05075389957284],[113.71264630028656,33.05768189979989],[113.70321629979242,33.071021899840844],[113.68993379970516,33.08003640005984],[113.67459079992557,33.10532389977823],[113.66954029994497,33.12092589981046],[113.66470329991739,33.12988290007581],[113.65518930004623,33.135665399638526],[113.62793729966666,33.14109039980218],[113.62254330003339,33.148906899633744],[113.62206280035798,33.157153900432206],[113.6007233001402,33.152461399873744],[113.588172799635,33.153907900029594],[113.57836929990333,33.15830589959762],[113.56555179967586,33.16066739968079],[113.55787680007427,33.15750140026944],[113.54770679962917,33.14747240003129],[113.53621680036508,33.14455390034226],[113.51419830031136,33.159316900354725],[113.50437929986481,33.161884400045096],[113.49179829975185,33.158733400426115],[113.47512829993116,33.15743239978548],[113.44595329990489,33.16282640031818],[113.4232633003611,33.16062939972704],[113.4051973000154,33.15520489958652],[113.37541179971481,33.14936440004709]]]}},{"type":"Feature","properties":{"shapeName":"Guancheng District","shapeISO":"","shapeID":"62558664B13722754243539","shapeGroup":"CHN","shapeType":"ADM3"},"geometry":{"type":"Polygon","coordinates":[[[113.78456010026844,34.623976200241486],[113.78292849985041,34.6273809004083],[113.78243939995843,34.64146550043256],[113.78374360038686,34.647098699945104],[113.78928659969688,34.65608409990136],[113.79548170012038,34.66198449968499],[113.80118769975263,34.66399589999082],[113.80347009996524,34.66292309962142],[113.80183979996684,34.65179269967342],[113.81015430028083,34.65125620011361],[113.80819789981331,34.66828670037097],[113.81227360034643,34.68209619957997],[113.81895779976276,34.685983900436725],[113.82270749965141,34.69617149971498],[113.82776130014395,34.70220309979328],[113.83265220013902,34.71346079967623],[113.83949939987747,34.7210990997437],[113.84406420030268,34.72163510017975],[113.84618360019306,34.72712879955452],[113.85042230014915,34.727798700050016],[113.85140049993322,34.73034449999875],[113.85009630040395,34.73275610041378],[113.84439029987254,34.73543569969786],[113.83737999998709,34.74508139988677],[113.83395639966818,34.74655490038839],[113.82362029983699,34.75832799993731],[113.81398340041369,34.75965640022275],[113.81010279970451,34.76321649964177],[113.80977939989941,34.76900779997004],[113.80680429957886,34.769857799597844],[113.78681900029665,34.76624499990686],[113.78390859990202,34.76380089979176],[113.77899309985173,34.75205770000292],[113.77524180006913,34.751951400137045],[113.77019699999164,34.75800920016451],[113.76288850020421,34.76114419994491],[113.7545451001763,34.761569299583584],[113.75215210043916,34.76013470015636],[113.75092320024555,34.75577750013156],[113.74503759970548,34.75588370017266],[113.73721170015995,34.75136690016234],[113.73016190025157,34.743395400377494],[113.72970909969524,34.73839950003696],[113.7235648001755,34.735688800397895],[113.72013690019787,34.735741999793504],[113.71981350039277,34.73919669956808],[113.71375499979342,34.738826099744756],[113.71329769992894,34.74025419977153],[113.69674210016785,34.73875100005864],[113.6974738002757,34.743411000017716],[113.70232160026171,34.74378679972108],[113.70369359967992,34.7476949997245],[113.69655919964737,34.747920500230975],[113.69527860012738,34.75753979992186],[113.69052229986426,34.75799070021071],[113.69033940024315,34.756187199779504],[113.68439400018303,34.75626230036494],[113.68439400018303,34.754308499837464],[113.66701519969172,34.75821619981781],[113.66463709992229,34.756187199779504],[113.66289919963845,34.75656289965815],[113.66408830033481,34.75844159960019],[113.66061249976713,34.758817300378155],[113.66006370017965,34.75626230036494],[113.65978929993628,34.75333149974898],[113.66253329967208,34.75182849968559],[113.66271630001734,34.74964899990147],[113.66006370017965,34.74957390021535],[113.65988079965928,34.74521479992313],[113.656588000336,34.74408739991361],[113.65704530020048,34.74243390010446],[113.65997230028154,34.743035200314296],[113.66061249976713,34.740855499981365],[113.65823439999758,34.73694699960441],[113.66930189956304,34.71619870020987],[113.66930189956304,34.71191309970982],[113.66280769991545,34.706499299702955],[113.66262480029434,34.703641899953766],[113.66353949984807,34.70168679990593],[113.6684786997323,34.70040840012763],[113.66802139986783,34.68972950031622],[113.66399679971255,34.6883756995789],[113.65238049966035,34.66957110042597],[113.64588630001276,34.66693810041306],[113.64588630001276,34.66347750018656],[113.64780709991783,34.661371000171584],[113.6593320000718,34.6576091999047],[113.66006370017965,34.655351999595155],[113.65320370039058,34.64782770028819],[113.65709899961917,34.64566110037953],[113.66075030018624,34.64577029965966],[113.66221080008836,34.64271189963449],[113.66858379990254,34.64134639961668],[113.67508959990516,34.63430050006809],[113.68013499983044,34.63550210044161],[113.68139629989935,34.637741600294646],[113.68384419965014,34.636489199916696],[113.68531310011952,34.63763240011525],[113.68551220012796,34.64697180020846],[113.68869880030945,34.65046700005206],[113.68896429996255,34.65401669971095],[113.6987893996112,34.65030320023254],[113.70244070017827,34.65145010024196],[113.70715410008177,34.646207200202184],[113.71472210014485,34.644022600362746],[113.71857249982111,34.628619599614865],[113.72979169972723,34.62539660027295],[113.73357569975883,34.62758170013541],[113.74167479985215,34.627199300307495],[113.74207309969381,34.62463179971786],[113.7396831999198,34.62332069969057],[113.74127650001049,34.614470299664674],[113.75269489974994,34.61518049968038],[113.75774019985045,34.622828999858484],[113.76019650016838,34.6239215997021],[113.7694904997868,34.62463179971786],[113.7742703002342,34.62168180037486],[113.78183830029741,34.6209716003591],[113.78416180042677,34.62135400018701],[113.78456010026844,34.623976200241486]]]}},{"type":"Feature","properties":{"shapeName":"Gongyi City","shapeISO":"","shapeID":"62558664B18033563479285","shapeGroup":"CHN","shapeType":"ADM3"},"geometry":{"type":"Polygon","coordinates":[[[112.7566184999439,34.820532700223964],[112.7834656003572,34.804007699895465],[112.7904560000444,34.803357900147034],[112.79981230019757,34.8053398998166],[112.80010230008111,34.78913890004026],[112.80596179959741,34.778846900264284],[112.81041730001846,34.776557899927184],[112.81989279991285,34.776569399558184],[112.83129080033018,34.77932739993963],[112.84214780008097,34.77956390005397],[112.88166829965235,34.784854900333414],[112.89112829973135,34.78279889994934],[112.89586629969006,34.776160899605884],[112.89837630032605,34.766086399967435],[112.89394380006638,34.74502189984088],[112.89615629957359,34.730827399964596],[112.90257279959508,34.72167190043791],[112.90595229985877,34.71164340022278],[112.90896080010089,34.709880100386385],[112.90048700017496,34.69812759980891],[112.89610360020106,34.69488460044403],[112.88747730043713,34.69633500006023],[112.8736921998352,34.706214300049965],[112.86462250012835,34.709168500126225],[112.85456610024539,34.70806739989064],[112.84320800004923,34.70159840014611],[112.82398629982788,34.69647579971843],[112.81985909961782,34.693598200296776],[112.82415779964276,34.6807633998111],[112.82196830029693,34.65822239994384],[112.83429729958073,34.63250340011189],[112.83206930025801,34.60770390041472],[112.84265129991763,34.58726889964004],[112.85543080019136,34.58199290005234],[112.89792630025863,34.55087290026421],[112.9126432999484,34.54583740007598],[112.94123079986161,34.543552399923385],[112.9639892998664,34.54652390025785],[112.97869880010956,34.54034040018939],[112.98008730028869,34.53758990015382],[112.98812879970444,34.52362440004606],[112.99146279966851,34.52156040019236],[112.99949629961463,34.52132790026246],[113.00755329974504,34.52658890005773],[113.01894329979348,34.54283890029507],[113.0258862998129,34.548099400067315],[113.036178799612,34.562286399597724],[113.04505929994684,34.562965400332985],[113.05948629975296,34.55860139963494],[113.0683668000878,34.56156939980798],[113.07449380024877,34.5675163997621],[113.08088680008586,34.57002640039809],[113.10333120017481,34.56654349968284],[113.1107573996344,34.57066259969929],[113.13666909989911,34.578896900271786],[113.1357879000916,34.58406950030724],[113.1390218001161,34.58875510036762],[113.14589679969765,34.59178769974261],[113.1520287002644,34.591533000047946],[113.1556398002366,34.59670589955766],[113.15606770036413,34.59914319989883],[113.16576309978734,34.603961600147784],[113.18442220032432,34.605090900424784],[113.18259290014225,34.623985199757215],[113.18917849968807,34.62744739987767],[113.1892698995863,34.6181894001208],[113.19146509973461,34.615855900429494],[113.19466640023427,34.61517839976341],[113.19457500033604,34.62503890032502],[113.19210539994435,34.62978060009465],[113.19622139999763,34.637607499686396],[113.1992397999768,34.63918780007697],[113.20427039975925,34.63745699994064],[113.21186209965629,34.639338299822725],[113.21963670007369,34.63730650019488],[113.22183190022213,34.63783329966708],[113.22375270012708,34.64106919978377],[113.22722839997073,34.64197220005701],[113.23472869996954,34.64046710007665],[113.23893609992115,34.650098900344005],[113.24506439960237,34.6514533000298],[113.25375369957362,34.660030500407345],[113.25576590027617,34.66492060000576],[113.25457690030373,34.66883249982004],[113.2488144996895,34.673797299805585],[113.24817420037914,34.67688139975684],[113.25448539968147,34.68545590036956],[113.25841850011375,34.68643369995533],[113.25229020043241,34.69252549975204],[113.2512841000812,34.69921849993386],[113.25558299975569,34.70418150037597],[113.25832700039086,34.7109487998473],[113.26271739978824,34.715159199937204],[113.2620770995785,34.720497199686065],[113.26454669997031,34.72418090012849],[113.2582354997686,34.73027000016043],[113.26582719966564,34.73748610000354],[113.26665040039575,34.74131939997039],[113.2713152000365,34.74447610039175],[113.26125389974777,34.76664469999298],[113.25411949971522,34.765818199650255],[113.24927179955398,34.76085889991833],[113.23985080037414,34.75537329983797],[113.23436280000328,34.75499750013455],[113.22786870018047,34.7513902996227],[113.2208257998708,34.75026300033727],[113.21177059993329,34.75116489984032],[113.19146509973461,34.75980689996851],[113.18597710026302,34.75913059989733],[113.18140380034515,34.76093399960445],[113.17179989974568,34.75920569958345],[113.16878149976651,34.75492240044849],[113.16384229988228,34.755222999741704],[113.16466549971312,34.76551760035704],[113.16173860035622,34.76980050019296],[113.15286630003982,34.77445869970927],[113.14573199983204,34.77393279955908],[113.14408560017034,34.77738869992862],[113.14408560017034,34.78031870014797],[113.15478709994477,34.790009299889334],[113.15383920011902,34.794422200324334],[113.14491380023173,34.79197900043056],[113.1451725001109,34.79474090027236],[113.14918249977256,34.797396400423565],[113.14510790000963,34.80068919974684],[113.15021730018827,34.80684959982921],[113.14898839999478,34.81306260035876],[113.15351580031404,34.819381300007024],[113.1561028000043,34.816248599793084],[113.1606949002495,34.81534589989343],[113.1610183000546,34.819912300212536],[113.15306309958248,34.826177400266886],[113.15112279967752,34.830902500350135],[113.13930279958458,34.844950999788864],[113.1376859003841,34.85542540006219],[113.1231361997759,34.856523900357786],[113.11621490039738,34.855570799752684],[113.11297650016536,34.858849299855365],[113.10207710007819,34.85981249984707],[113.09730250041014,34.871856600201966],[113.04856929993332,34.85667730041712],[113.03129830027638,34.85694709972893],[113.00819579969641,34.86116739955588],[113.0009354001487,34.86386239973001],[112.98809680002739,34.85990759955615],[112.95766960017193,34.843406499610296],[112.94415210003945,34.834278000429435],[112.93569370010425,34.8337225998182],[112.91852839956607,34.84183399993918],[112.89349639993895,34.85399610033983],[112.88638960010007,34.855418499564166],[112.88109690010197,34.85469470000044],[112.85069549999741,34.81605020035653],[112.84750219986665,34.81384249963173],[112.84333370009028,34.81343179993769],[112.83464800010518,34.817207000103],[112.81748719977452,34.82749110023411],[112.79952879971438,34.83499569989169],[112.79461800042043,34.833844000200486],[112.78449379974916,34.82694210009788],[112.7566184999439,34.820532700223964]]]}},{"type":"Feature","properties":{"shapeName":"Baofeng County","shapeISO":"","shapeID":"62558664B35615742538573","shapeGroup":"CHN","shapeType":"ADM3"},"geometry":{"type":"Polygon","coordinates":[[[113.2960740000151,33.80397080001245],[113.29181680010527,33.81373589959213],[113.29025279992686,33.83365990018427],[113.27493280030853,33.85729190000126],[113.26503729993146,33.86281590023367],[113.25596629980498,33.86558490022304],[113.23172779989807,33.86404440022892],[113.22705080005449,33.86565789999213],[113.22458679974113,33.87047189985833],[113.22653180040231,33.87573239963058],[113.23869330005584,33.88830190011265],[113.24397279980496,33.897903400421626],[113.24234030006482,33.907066400294184],[113.23905180040038,33.91188440034483],[113.22176379995949,33.92322139974783],[113.17404179988921,33.929176400070844],[113.16606880003519,33.93681339971869],[113.15300730024671,33.961078399948235],[113.12494630033154,33.95770640003036],[113.11788929955162,33.96608339962927],[113.11898030040061,33.97584890030657],[113.0681383003423,34.00964740040723],[113.04293830016252,34.01524739964782],[113.01967630032107,34.02834340012788],[113.00855229994875,34.032687899926714],[113.00855229994875,34.027648899577116],[112.99861130017143,34.018035899637084],[112.98840329977247,34.01323290027818],[112.95944229972247,34.00568390019191],[112.93654629967205,34.002712399857444],[112.9120023000662,33.9942359001667],[112.89904030036962,33.9969788998564],[112.88332379955375,34.00613340023631],[112.85822280034199,34.004745400080196],[112.84552780036779,34.01115039957131],[112.83863079977164,34.01114240010173],[112.82263929976398,34.005634399707844],[112.79424279966554,33.99850840024254],[112.78485880039341,34.004676899619255],[112.7798917997668,34.00581740005305],[112.77189629977443,34.003516900084946],[112.76114629956214,33.99869139968837],[112.75150280001424,33.997302900408556],[112.74461379978709,33.994087399613875],[112.72724930031507,33.99016590043601],[112.725326299769,33.98833090035083],[112.72424330018816,33.984435899697075],[112.73583230042038,33.976210899913156],[112.73695379997798,33.973007399671815],[112.73584730021275,33.970485900304084],[112.7311628000233,33.96864640001138],[112.71958180015997,33.970916900394684],[112.71627779978064,33.969768399592],[112.71408830043481,33.963352399593646],[112.71880330023214,33.95465839976538],[112.71909330011579,33.950538400426865],[112.71633929991879,33.94709790004811],[112.7297188998075,33.94747889963156],[112.73778929983644,33.94571709986434],[112.74564729978317,33.92545369962858],[112.75010730041163,33.92545369962858],[112.7554167997456,33.93144510001139],[112.75605390016744,33.940431500013744],[112.76306239961013,33.94289820009192],[112.78599939975254,33.93391209956377],[112.80978579967496,33.93074030042459],[112.81743150026364,33.922810299855485],[112.8346342000084,33.91752319993577],[112.8433416995598,33.90694809987497],[112.85013779981966,33.87891770029171],[112.85587210021731,33.87450960043776],[112.86054440020393,33.87891770029171],[112.86118149972651,33.88350189999272],[112.85714630016173,33.89214080015785],[112.8556597001351,33.90254140026548],[112.86203110005533,33.91470330011725],[112.87456139998869,33.91752319993577],[112.88454320020855,33.913822100309744],[112.89643650044422,33.91346960024191],[112.90535640007784,33.92263410018364],[112.91597529982027,33.91664200012826],[112.9193733998626,33.90941579999924],[112.90832969995574,33.89302219961485],[112.90832969995574,33.88667549957472],[112.91257729960273,33.88244410031501],[112.9257447997827,33.87680190038742],[112.92680670036896,33.870630300148264],[112.92510760043547,33.86569260033332],[112.94400940011383,33.85352379998341],[112.95292929974744,33.842058700248856],[112.9597254000073,33.82724009965091],[112.96694630043146,33.82177069995788],[112.97586620006518,33.8228293000322],[112.98903370024516,33.832885600090435],[113.01366969959702,33.832532799649016],[113.02110300010338,33.827063700329575],[113.02492579958607,33.81665380033269],[113.03405810020126,33.803419100111455],[113.04340279999928,33.79635969994024],[113.05911879989276,33.790711800109534],[113.06591490015262,33.80588969964998],[113.09012610023944,33.834473300102786],[113.10605460003978,33.83570819967372],[113.11285070029965,33.833767700119324],[113.11943450030196,33.82741649987162],[113.12283249962024,33.8147127998559],[113.13047820020881,33.81206599974615],[113.13854860023775,33.817006699699505],[113.15532649981822,33.81771250023178],[113.16467119961624,33.82000630025061],[113.18293579994724,33.82000630025061],[113.19482900035814,33.81418350026837],[113.20374889999175,33.817006699699505],[113.2090584002251,33.816830300378115],[113.21564220022742,33.81312469964524],[113.22456209986103,33.812771800278426],[113.23485809982151,33.8086820001742],[113.24897459969804,33.79570389991511],[113.26098849991945,33.790961399748824],[113.27450419960917,33.79295830028536],[113.2799988999293,33.78839180014154],[113.28306419955322,33.785844199750045],[113.29012240002885,33.78384720028811],[113.29612940005188,33.784096799927454],[113.2960740000151,33.80397080001245]]]}},{"type":"Feature","properties":{"shapeName":"Dengzhou City","shapeISO":"","shapeID":"62558664B52088114477381","shapeGroup":"CHN","shapeType":"ADM3"},"geometry":{"type":"Polygon","coordinates":[[[111.52063980008677,32.656364800295364],[111.51887839961853,32.64937050024844],[111.52062940032664,32.642493800048896],[111.52428399960695,32.630683699693066],[111.52982399967789,32.623767299821054],[111.55309230016957,32.60323460029662],[111.56651879970292,32.59628860013885],[111.57172109984896,32.5956595000859],[111.57701229977789,32.59870460003731],[111.61260989992701,32.62993239976049],[111.63503270009909,32.63704679977002],[111.64060970007768,32.608482399842956],[111.66428379985751,32.62247469974767],[111.71526339978612,32.60651020008572],[111.79718779987712,32.54524990036265],[111.85616299962277,32.53411479965831],[111.87544250017129,32.508636499774695],[111.94658660009156,32.51931760022711],[111.99983980036654,32.45837389963583],[112.05275729990956,32.47434229965745],[112.06278229996326,32.447853099740826],[112.14240260010001,32.387950900413784],[112.2262497003635,32.39351649968677],[112.22469330035563,32.39882640011831],[112.22059630027911,32.402698399711426],[112.22080980023213,32.40956489980033],[112.22402179996618,32.41370790019948],[112.23863979958719,32.41402040022132],[112.2480928002426,32.41705339979461],[112.25375379959826,32.42120339961724],[112.26045230003365,32.429714399999625],[112.26799779995861,32.43456639981957],[112.28311129994654,32.44083090002607],[112.2895508001294,32.448879399764564],[112.2903288000341,32.454150900044056],[112.28666680023275,32.47130189956306],[112.2868727998399,32.48160539986935],[112.29305279974699,32.48850639975058],[112.29596730015089,32.49562089958488],[112.29460130011,32.49836340015082],[112.28318030043056,32.504024900428874],[112.27825179978083,32.510639399688614],[112.27491779981665,32.520465899581666],[112.276206799904,32.528030400382704],[112.2850493002851,32.543418400438895],[112.29532630026858,32.5833169003547],[112.29554779969124,32.58995839996027],[112.29309079970074,32.592464400411814],[112.27131630010717,32.601275900262635],[112.25277730043217,32.611476900338744],[112.24838230010312,32.6187778997803],[112.24775680003631,32.62770440043778],[112.24933630003034,32.635268900339554],[112.25311279971595,32.639415900023835],[112.28122730029975,32.6528508999491],[112.28901729980862,32.66342540016211],[112.29033680040311,32.67007440011355],[112.29515080026931,32.67926040014743],[112.30757879962198,32.687793899768735],[112.30919629956963,32.690322400358525],[112.30914279980038,32.69696039980266],[112.30502329958563,32.70449840028101],[112.30687729964768,32.71046090005052],[112.32145680019119,32.72221389975175],[112.32222729975012,32.72840089998158],[112.32140330042205,32.73114389967128],[112.30966929979843,32.73703739985615],[112.30957029972956,32.75031639978209],[112.33702080026978,32.78984439969935],[112.33941630012225,32.79603940029813],[112.33991229961305,32.804282900035844],[112.33657829964886,32.81365589970005],[112.33625780015745,32.82075489971891],[112.32861330016374,32.82552340018481],[112.32066329957172,32.83395739971428],[112.3187027999943,32.84081590033361],[112.31748180034492,32.8588978996184],[112.30432129958831,32.872115900328595],[112.29638679971106,32.87688039971073],[112.28388979987437,32.8752099000169],[112.26345079981468,32.87761690039969],[112.25285330033955,32.876415399850885],[112.23741129959183,32.8662488995671],[112.22737880009163,32.86183940036807],[112.21051030011029,32.861739900276234],[112.19693730011636,32.856853399764645],[112.17378930013615,32.859226400378134],[112.1659012997053,32.858489899689175],[112.16049929970302,32.85387790014505],[112.15154280036006,32.85129939994738],[112.14362330027518,32.854682900395574],[112.13892430031626,32.86266689985757],[112.14045729996451,32.87229539961305],[112.12389379965919,32.8682939003433],[112.11435679962665,32.86868639955776],[112.10532380035318,32.875491900430916],[112.09779380024372,32.89353189957757],[112.08878330020923,32.897132900163285],[112.07301329962411,32.893817400152955],[112.0426633002711,32.88008489999817],[112.03748329971461,32.881881900129656],[112.0265733002177,32.90927890000131],[112.0199433002432,32.91838840010462],[112.01367129969083,32.91834239978198],[112.0009232999704,32.91435240014323],[111.99301929970096,32.91429140002816],[111.99028030019576,32.91564190025355],[111.98776230009014,32.92180640034513],[111.98815930041144,32.93463490018053],[111.99131030003036,32.945419400185244],[111.9893263002686,32.95250340041167],[111.98568729972914,32.96094889957209],[111.9746932999559,32.96956640036916],[111.96595780001252,32.97132889980895],[111.93991080034323,32.985084400125004],[111.91771680029018,32.99451839990428],[111.90160380007535,32.99804689984461],[111.89559930016765,32.99753589966207],[111.88857279989486,32.99266790000365],[111.88839729989553,32.98396689985259],[111.89779629985941,32.973968400121635],[111.89951329989896,32.9675714001001],[111.89521030021524,32.962268900189656],[111.86918629980795,32.95104989993297],[111.85561429986012,32.947723400314715],[111.84316230029998,32.94142889962404],[111.82861330026367,32.928932399810435],[111.81210329972754,32.92076489998021],[111.80564080028279,32.91521090016295],[111.80358129973723,32.90602890031357],[111.8036728003595,32.89938689978567],[111.8068007998171,32.88911039982514],[111.80864730043265,32.87264240032658],[111.82350929961456,32.83911890031703],[111.82537880039138,32.8210448996025],[111.83503729973165,32.78838339977415],[111.83486179973232,32.75998689967571],[111.83274830029387,32.755386399762585],[111.82790379992048,32.75167839963848],[111.8224792997799,32.75048440033487],[111.8190232995857,32.74495689994103],[111.81967179981376,32.73903640030966],[111.82108330015421,32.73942890042349],[111.84326180039182,32.72204990028274],[111.86457830044827,32.712943900340804],[111.87420630018067,32.69044489971242],[111.87333679965366,32.68793890016019],[111.87493130033931,32.68562739968479],[111.87297079986257,32.68290690013339],[111.86802730031974,32.680232900028386],[111.85662080040964,32.67948539973145],[111.85032629971903,32.676601399834794],[111.84561129992164,32.67140590036206],[111.84121679961567,32.669410900093],[111.82488229997824,32.66598490038291],[111.80341380010685,32.66423040041269],[111.79013830034233,32.664878899741495],[111.71140279999929,32.678798400425876],[111.70157630010624,32.669040400094445],[111.7033308000764,32.65775290027619],[111.70599379967416,32.656242399866926],[111.70597829985871,32.652480899973625],[111.70242329959564,32.65173339967669],[111.66686230005519,32.656326400143314],[111.65441129964182,32.65935889969353],[111.64285279991685,32.6593778996704],[111.62951680006034,32.663165899886394],[111.61527980002279,32.660930400217865],[111.61260980010223,32.65717289960969],[111.6072767996846,32.66320039967877],[111.59394079982809,32.660964900010185],[111.58947729993753,32.65194340036766],[111.56903080043116,32.657985900229164],[111.56191230041242,32.65724190009365],[111.55655679985648,32.64671690036471],[111.5503458003185,32.66101439959493],[111.54679880042437,32.661773400422135],[111.54234330000338,32.65876790031842],[111.54145030019129,32.655006400425066],[111.54435730024926,32.65146990011584],[111.54192330042002,32.648906899733674],[111.52760330015224,32.65205390006747],[111.52063980008677,32.656364800295364]]]}},{"type":"Feature","properties":{"shapeName":"Dengfeng City","shapeISO":"","shapeID":"62558664B6681221659040","shapeGroup":"CHN","shapeType":"ADM3"},"geometry":{"type":"Polygon","coordinates":[[[113.3205320999765,34.40842029985703],[113.31594130015094,34.4211613999787],[113.2993772998226,34.43517689969423],[113.28972629992882,34.44985939959167],[113.28478230036296,34.459262899763075],[113.2804108002183,34.475532400000304],[113.27210979962763,34.48196389981416],[113.2590788003464,34.48314290022472],[113.22528080026882,34.49444589985842],[113.21724680029968,34.49950390018489],[113.20699329960121,34.49883639997995],[113.19893630037006,34.49587940031415],[113.19419880043438,34.48970789989971],[113.18697329997792,34.48514189977891],[113.1789398000318,34.48744589990838],[113.17340830035289,34.4936408996079],[113.17233280021867,34.50234239978198],[113.17915730016932,34.51437820029378],[113.17817939985946,34.5324341003535],[113.1736276000338,34.53642839965096],[113.17675320010017,34.540151799765795],[113.17525050041036,34.5481490003761],[113.17144820007445,34.550699199808264],[113.17411850036854,34.556098300396286],[113.17131360034239,34.566363000352226],[113.1753949000547,34.56845930025656],[113.17570060030255,34.57672649982817],[113.172504100384,34.58323880013057],[113.17162250037813,34.59235090017398],[113.15899929957811,34.59140029968415],[113.1556398002366,34.59670589955766],[113.1520287002644,34.591533000047946],[113.14589679969765,34.59178769974261],[113.1390218001161,34.58875510036762],[113.1357879000916,34.58406950030724],[113.13666909989911,34.578896900271786],[113.1107573996344,34.57066259969929],[113.10333120017481,34.56654349968284],[113.08088680008586,34.57002640039809],[113.07449380024877,34.5675163997621],[113.0683668000878,34.56156939980798],[113.05948629975296,34.55860139963494],[113.04505929994684,34.562965400332985],[113.036178799612,34.562286399597724],[113.0258862998129,34.548099400067315],[113.01894329979348,34.54283890029507],[113.00755329974504,34.52658890005773],[112.99949629961463,34.52132790026246],[112.99146279966851,34.52156040019236],[112.98812879970444,34.52362440004606],[112.98008730028869,34.53758990015382],[112.96425629958867,34.53393189963754],[112.9531632997465,34.535079900417145],[112.92624680044958,34.53301989984857],[112.91931179989967,34.53027339999744],[112.91599279972797,34.51721939965563],[112.91516180007704,34.49615490042834],[112.90878279998628,34.48149889995432],[112.90296180044675,34.47692090017944],[112.87938679966112,34.48057539963503],[112.81282829968632,34.47732139976284],[112.80394730022783,34.48074740037231],[112.79589080012045,34.48600389996005],[112.78283679977858,34.498351900120156],[112.7750623000851,34.501777399807224],[112.76673880025544,34.502910399895086],[112.76064279972547,34.499465900231144],[112.73374929969054,34.49278639977257],[112.73597729991252,34.489356899901054],[112.73681629993234,34.481571399700385],[112.73769379992893,34.46874990018779],[112.73634329970355,34.455467400100474],[112.73415380035772,34.44149789980827],[112.7171172998236,34.38445639984303],[112.71659079982567,34.37209339989056],[112.71798680035067,34.36407839989829],[112.72633380036461,34.35493490002568],[112.73683930009372,34.3597604004222],[112.74569680026718,34.35931789980128],[112.74904630004676,34.347186899755684],[112.7551573003692,34.34330339963225],[112.76928729996894,34.3378288998839],[112.78424830011897,34.33693289993346],[112.82631680028021,34.34109889959461],[112.83601379959725,34.340877400171905],[112.83989729972063,34.33263390043419],[112.83384630036653,34.30332190038547],[112.8407668002477,34.30126940016277],[112.8648528003165,34.30288690011042],[112.90305330016974,34.293514399569915],[112.97609729975068,34.30290239992587],[112.98935679967667,34.3032609002704],[112.991538799576,34.30197889960658],[113.0026777997407,34.30151739990811],[113.00572179982123,34.30036940002782],[113.01870729970221,34.287540400169405],[113.02673330020173,34.28364190025354],[113.04194630028155,34.28202839959101],[113.05219279975802,34.284305400274036],[113.06076830041684,34.28361139974635],[113.06546780039878,34.27673740021089],[113.06767279956011,34.26620089995163],[113.08315280026159,34.26503740025589],[113.09559630032902,34.26616690018233],[113.10694880044684,34.26752840001569],[113.12522130042271,34.27253739988117],[113.13627630031112,34.271835399883855],[113.14320379961578,34.26953139975433],[113.15370930024403,34.27111790007109],[113.16535180024539,34.28002539985238],[113.17285129984771,34.28916939974806],[113.17675029978659,34.29740890020065],[113.20088979962463,34.31773390039922],[113.21254730031774,34.33145139986226],[113.23030079974217,34.338046900044446],[113.25160980035207,34.33547990037715],[113.25908679981603,34.33705890034804],[113.26854679989492,34.3487128999804],[113.27575679963661,34.35304640017131],[113.294326799842,34.35367939968461],[113.30403130040429,34.35754389983117],[113.30738080018386,34.36280040031829],[113.30744180029888,34.37768190039941],[113.31141680014525,34.40239689979717],[113.31477330024768,34.40628039992055],[113.3205320999765,34.40842029985703]]]}},{"type":"Feature","properties":{"shapeName":"Xuchang County","shapeISO":"","shapeID":"62558664B76452798634790","shapeGroup":"CHN","shapeType":"ADM3"},"geometry":{"type":"Polygon","coordinates":[[[114.05507399986527,33.96828529972686],[114.07196750010007,33.981964300112395],[114.08036730021081,33.99666730005589],[114.07430080014183,34.0094336999054],[114.0626344995826,34.01252819961678],[114.05890129955537,34.04153439959293],[114.06543440027747,34.07323649996454],[114.07523410037345,34.08946950031725],[114.095766799898,34.104926699607574],[114.09670010012962,34.112267799819165],[114.08270050042779,34.12269890043393],[114.07850069974756,34.1362187999577],[114.08456709999177,34.15089500010424],[114.059834599787,34.15745989995446],[113.99636989985106,34.18410030018873],[113.9805036996861,34.18680239961111],[113.9417715997796,34.17020200012229],[113.90257280029459,34.18023980022667],[113.8671072997621,34.17483499973548],[113.84004150041494,34.176765300078614],[113.82510859958222,34.173676799744555],[113.67717990043207,34.16595479977423],[113.65011410018565,34.15591520012646],[113.63751450029406,34.17136020011321],[113.62351489969296,34.173676799744555],[113.62538150015621,34.15977679995939],[113.6123152996114,34.13467369993134],[113.60298220016841,34.09372050030089],[113.59084929985534,34.052360799911014],[113.57638310039988,34.04269440002662],[113.58898270029147,34.03147999980217],[113.5894493000452,34.01639629974949],[113.60578209996402,34.01523590001682],[113.60764880025204,33.97499889977945],[113.62631480038783,33.961453300329595],[113.65384730021276,33.95913099989576],[113.66971350037784,33.95487320013814],[113.67811319976443,33.94519569992167],[113.68091309955992,33.86967359955702],[113.69164609988763,33.85766130012894],[113.70891220003807,33.854561099615125],[113.7265509999288,33.86372670032699],[113.74311710017412,33.870895000304074],[113.7622498997132,33.87050750042084],[113.78371590036852,33.878062700433304],[113.79934870038232,33.878062700433304],[113.82408130041176,33.87108869988367],[113.84438059978493,33.86953890000029],[113.85138040008542,33.87515690007092],[113.85488029978603,33.90014309992415],[113.85394699955441,33.935382599927095],[113.8735463997466,33.94196410036301],[113.90154550022476,33.93809269971837],[113.91974500043148,33.93809269971837],[113.92767800023955,33.94660959965336],[113.93187789984529,33.964027999992254],[113.94587750044639,33.978734099898816],[113.96921009976631,33.98066890044947],[114.00514229987732,33.97679920042282],[114.03780789971484,33.98337759999629],[114.04807430028882,33.98066890044947],[114.05507399986527,33.96828529972686]],[[113.73461899966719,34.01395080028925],[113.7521076001857,34.02981319991932],[113.756067299866,34.03938390024683],[113.756067299866,34.05442140032744],[113.77850540020415,34.08421499992238],[113.77751550024016,34.09869810033712],[113.78312499991887,34.105255599666236],[113.80226350026044,34.10061070022368],[113.81645230023355,34.08476159976806],[113.82899130020837,34.07874910039072],[113.84944959971926,34.07710920012954],[113.8633083997629,34.07136950020231],[113.87353759988036,34.05196090017546],[113.88046700035181,34.0292662997],[113.86990790012953,34.02270280009418],[113.86066869980073,34.00191530015104],[113.84548990003896,33.997264699906054],[113.8421902002176,33.98467969960848],[113.8342707999575,33.97893369993034],[113.82041199991397,33.97975450036995],[113.81447250030567,33.98413240009023],[113.8131526004122,33.992887499858284],[113.7818051000254,33.98276439995715],[113.75441740004305,33.9937083002979],[113.7425383999273,34.00082110041353],[113.73461899966719,34.01395080028925]]]}},{"type":"Feature","properties":{"shapeName":"Yanling County","shapeISO":"","shapeID":"62558664B69755083734149","shapeGroup":"CHN","shapeType":"ADM3"},"geometry":{"type":"Polygon","coordinates":[[[114.15488099975835,33.79985019992682],[114.16356009961896,33.79437809956971],[114.16856789978885,33.801252699852284],[114.1771843996404,33.80137379986104],[114.17880179976328,33.797400999756405],[114.18576760029453,33.79898430028527],[114.20486359957556,33.79528519985212],[114.20948029987596,33.79847719956314],[114.21522950024132,33.78881050020448],[114.23094939959515,33.78949539959308],[114.24154830021394,33.78721670009071],[114.24201859977859,33.77959909971872],[114.25002379985858,33.7805127003009],[114.25746130019888,33.77865339963472],[114.26355870007399,33.76997460014775],[114.27837040017391,33.763833500415785],[114.2937025001703,33.77321160013531],[114.29611159957074,33.78151400007107],[114.30491790044084,33.78075839958052],[114.30936800043298,33.787009800262126],[114.30656230001023,33.799251399832315],[114.32173399962448,33.809652499962965],[114.31799490004471,33.81973149980894],[114.31867880028642,33.827675099925955],[114.31147239963161,33.82994489973737],[114.30679610035986,33.83713099999568],[114.29720969966797,33.83771359970291],[114.2944040001446,33.8474235996195],[114.30123620009067,33.853475099896],[114.30602810001687,33.86634309975432],[114.2925541000917,33.93731019960609],[114.30190370029561,33.9553083002379],[114.29908019959157,33.966183999591976],[114.30563009964942,33.98299069996091],[114.30146629973001,34.035599500016986],[114.2879333996068,34.052226399828555],[114.27316190010163,34.075477200412536],[114.28046699955246,34.098609800402016],[114.30099969997627,34.12642760025358],[114.30659949956737,34.1422642999575],[114.30893279960912,34.15771180005959],[114.2893334003162,34.17508680001583],[114.28326690024733,34.204037299581785],[114.28840010008457,34.219859399691586],[114.28746679985295,34.2310487996624],[114.27242769987856,34.24337050004857],[114.2448952998783,34.24838529964194],[114.2294958001911,34.246456600092074],[114.21316290044751,34.23334020029006],[114.2061631999718,34.222536899958016],[114.18143059994225,34.219450000417226],[114.16976430028228,34.21211820009489],[114.15949789970841,34.19822450006069],[114.14663189994224,34.186416399797054],[114.13309899981903,34.16942979994536],[114.12516590018618,34.16247969977837],[114.10416650018385,34.1620936001396],[114.09810009993976,34.153984399760304],[114.08456709999177,34.15089500010424],[114.07850069974756,34.1362187999577],[114.08270050042779,34.12269890043393],[114.09670010012962,34.112267799819165],[114.095766799898,34.104926699607574],[114.07523410037345,34.08946950031725],[114.06543440027747,34.07323649996454],[114.05890129955537,34.04153439959293],[114.0626344995826,34.01252819961678],[114.07430080014183,34.0094336999054],[114.08036730021081,33.99666730005589],[114.07196750010007,33.981964300112395],[114.05507399986527,33.96828529972686],[114.0564739996754,33.945835400283556],[114.06300710039739,33.93809269971837],[114.10267260036028,33.9396412999061],[114.1185386998012,33.925702800144165],[114.12880510037519,33.92299230015459],[114.1311382996928,33.904403600345915],[114.12460519987019,33.86488919997663],[114.12049949975221,33.85943709964249],[114.13158910015693,33.848826200269],[114.13954469992802,33.845522600087975],[114.14587819971916,33.83461829959492],[114.1506341996087,33.820791199754126],[114.15949329967611,33.80566300034724],[114.15488099975835,33.79985019992682]]]}},{"type":"Feature","properties":{"shapeName":"Ci County","shapeISO":"","shapeID":"62558664B6853102027170","shapeGroup":"CHN","shapeType":"ADM3"},"geometry":{"type":"Polygon","coordinates":[[[114.33940940012383,36.25528139961693],[114.34810919967993,36.255823000131386],[114.34789790036791,36.26400139974487],[114.36533050010257,36.26783469971167],[114.37008480027339,36.27209379988898],[114.37885389978771,36.2705604998672],[114.38413650039922,36.271412299937765],[114.38392520018795,36.28120730017679],[114.3874117998148,36.28129250014882],[114.38783440023747,36.29125659991223],[114.39639220043978,36.29500340038669],[114.39491309985976,36.30998899969262],[114.4001956995719,36.31194709987881],[114.40822520023289,36.309393000086914],[114.41202870026439,36.309733600325444],[114.41688869955385,36.33016390034379],[114.41910739988668,36.33246200002134],[114.42206569997211,36.33288749985826],[114.4217486997428,36.33586639981456],[114.41953000030935,36.33586639981456],[114.41984699963939,36.342589699954715],[114.41709999976524,36.342845000396494],[114.41731129997652,36.34573840000718],[114.42280519990015,36.34599370044896],[114.42365049967088,36.348972100382184],[114.4305178001564,36.34829130010348],[114.43083480038581,36.35041870036281],[114.43410999997661,36.350759000227754],[114.43389869976522,36.37500660037438],[114.43563846794098,36.38131453603705],[114.42236775976437,36.38463221330608],[114.40080285886495,36.388281656773074],[114.40279346504644,36.4025476689398],[114.38388270632186,36.40387474002728],[114.38487800941266,36.41747721530129],[114.37392967541427,36.416150145113136],[114.36563548269146,36.41714544820394],[114.36397664360732,36.4025476689398],[114.33146340960877,36.404206507124684],[114.32880926743383,36.41449130602899],[114.31620209525056,36.41681368020721],[114.31222088288746,36.41946782148284],[114.31255264998492,36.42510787203071],[114.31487502416314,36.42942085239048],[114.31553855925722,36.44999045019915],[114.31225629998835,36.460712800755175],[114.29279360034445,36.45901479979324],[114.28738359997317,36.460712799855855],[114.2867898001092,36.45821889978242],[114.28355709978041,36.45821889978242],[114.28302930026211,36.454079799743],[114.28685579955561,36.452594000113095],[114.28045619959403,36.44484580019355],[114.27966450031647,36.441236800138256],[114.27709150037253,36.44113060009715],[114.273660799906,36.43757449996326],[114.26871259960683,36.43566369962008],[114.25637529958044,36.434442899620194],[114.25353830005258,36.43147040013889],[114.24971179985971,36.43120500031057],[114.24826030037264,36.42977180022842],[114.2493159003086,36.42202129984315],[114.24793040026782,36.42016319977188],[114.23988150033108,36.41973850033156],[114.23816610018548,36.41681849967409],[114.23242630043353,36.41618140015157],[114.22793990020625,36.41315509962817],[114.23321799971097,36.40779239999932],[114.23288809960616,36.39701280040049],[114.21632830001113,36.37141200026366],[114.2093466003654,36.37010369982596],[114.20710730016185,36.36800010012456],[114.20832019961756,36.36198940029067],[114.20458810036064,36.35477610003704],[114.20766710025657,36.352747199823455],[114.2070139999962,36.35056800041292],[114.20356180033684,36.348839599667826],[114.20290870007648,36.34350379966065],[114.19936310042681,36.34267709966849],[114.19367170038868,36.34380439985324],[114.18844669955558,36.34230139978985],[114.17846330034115,36.34756200028613],[114.17417130026536,36.35425010006213],[114.16913289976355,36.35635400013706],[114.16577400026995,36.35988560004046],[114.14627369997129,36.36506990025572],[114.13824959973931,36.36356730039063],[114.13507729967773,36.366797999727964],[114.12229480016492,36.36987830004358],[114.11557700027845,36.367624400245916],[114.11035200034462,36.368225400082224],[114.10867260006046,36.374310699579155],[114.11072520010794,36.38385090029885],[114.10419399965338,36.38610430007344],[114.10382079989006,36.38813230006565],[114.10745959988071,36.391737499585986],[114.10652660002268,36.39526749959549],[114.10969890008425,36.397520500071096],[114.10876590022622,36.403303100357846],[114.1047537997481,36.40548090042324],[114.10578019959655,36.41096250031916],[114.10046190039645,36.42027289997441],[114.09840919962494,36.43175930015161],[114.09495699996569,36.433335700182454],[114.10046190039645,36.4441444998688],[114.09635659957746,36.46710839963299],[114.0909450002116,36.47018469976416],[114.09607660015502,36.4745364004346],[114.09672980024015,36.47941300030976],[114.08973200003186,36.48954039986961],[114.08870570000806,36.495691099864416],[114.08935880026843,36.4982413001959],[114.09253110033012,36.49899140043283],[114.09756949993255,36.49719130033827],[114.10092840032553,36.498091299573844],[114.10074179999413,36.50086639966469],[114.09710300000347,36.50784119971166],[114.09449050003661,36.508741199846554],[114.08851909967677,36.50784119971166],[114.071257999757,36.50956610029533],[114.05884870000762,36.508741199846554],[114.05567639994592,36.510990999635],[114.05047900020577,36.51007420016424],[114.04453110003033,36.50777949992403],[114.04619649966878,36.50471969965446],[114.04286570039187,36.50204230011212],[114.04476900038912,36.500129800050274],[114.04120029985404,36.49879109982942],[114.03287320003824,36.50376349998561],[114.02740109968101,36.505293399670734],[114.01978779986712,36.50108610044322],[114.01907399986521,36.49879109982942],[114.00741609987313,36.49840860017679],[113.9978994002372,36.5083531999403],[113.99314109988188,36.507397000271396],[113.9898102997056,36.50452850019019],[113.98743110006524,36.49802599980012],[113.98172110024859,36.49573090026087],[113.98100740007146,36.48712370029858],[113.97044019965551,36.47673120038462],[113.9671094003786,36.47328760004274],[113.95568939984594,36.467739200303924],[113.95640310002307,36.45893750036538],[113.95212060038546,36.455684399815254],[113.95140690020833,36.44822099989926],[113.946648599853,36.44190530038935],[113.9204776996861,36.4242950000143],[113.91833650022932,36.41797730041213],[113.91238860005387,36.41759439966188],[113.90905770005293,36.41280790016452],[113.91024729987305,36.408978499658076],[113.91619520004849,36.40936140040833],[113.91833650022932,36.40706370002977],[113.9166710996916,36.40323400004911],[113.90667860023723,36.39882960000608],[113.90358570041985,36.39327589966308],[113.8959722998818,36.390020100247455],[113.89192769970361,36.382550399681236],[113.89406899988455,36.378719400180216],[113.90073070006179,36.37527150017962],[113.90120649988012,36.37278120009239],[113.89502070024514,36.3718232998055],[113.89264149970552,36.36856660016849],[113.89383110042502,36.36626770009434],[113.89763770041964,36.365501400369396],[113.90192020005725,36.367608799706375],[113.90525110005831,36.36722560038123],[113.90691649969676,36.365501400369396],[113.9166710996916,36.36530979980745],[113.9204776996861,36.36205279979691],[113.92428440040487,36.361669599572394],[113.93023229968094,36.362627599684004],[113.93898950026528,36.36121870018292],[113.94659080042516,36.363970700287666],[113.95466600013583,36.362683700292564],[113.96206820028726,36.364106200241],[113.96408700021493,36.36220950036818],[113.96450759964603,36.352793399795644],[113.96896579983184,36.34764460031812],[113.97248139989676,36.34645920033188],[113.97068970036946,36.35597399970038],[113.97376909956438,36.359310599604555],[113.97858420020077,36.3589949996196],[113.9842951002388,36.35624449958402],[114.00227019980991,36.34341959973477],[114.00663480035587,36.34357299979416],[114.00971419955079,36.34808269965691],[114.00937830006853,36.351960800250765],[114.0154250995887,36.354756500212375],[114.02080000031981,36.35435070002484],[114.02556680016778,36.35121150041044],[114.02701480039275,36.3459180998405],[114.02679089978028,36.33910820038318],[114.01979220024987,36.328779400349106],[114.0213599002393,36.32471969965445],[114.02874089977274,36.32750230009111],[114.03993870031081,36.32641969980938],[114.04676940018771,36.33002829966637],[114.05147069971304,36.328194500176096],[114.0549437996167,36.31757809964961],[114.05157610025685,36.31254869956291],[114.04806489967541,36.313692399784486],[114.04141589972403,36.3095988998694],[114.04380659989476,36.30707040017887],[114.04268589983451,36.30436119970966],[114.0387264996283,36.30520400026444],[114.03162930005226,36.30339789989324],[114.0368588001935,36.30225400002212],[114.03827820017887,36.30008649989213],[114.03648520023182,36.29677490024153],[114.03835289966662,36.29442660040735],[114.0417894996857,36.29436639978957],[114.05194970021853,36.28497259970578],[114.05463910031426,36.27587879996668],[114.06178280023607,36.272674600052824],[114.07899810038214,36.269220099927736],[114.07996490035987,36.27196390001404],[114.0841484997535,36.271723000416216],[114.08489559985208,36.27569810008731],[114.086837999674,36.27666180010203],[114.09199280032749,36.274553800017884],[114.1068596000905,36.272505999652196],[114.11141669962103,36.27395149976195],[114.11492800002725,36.272385500390556],[114.12142750027897,36.274674300178845],[114.1250881996607,36.28105819977617],[114.13268279987142,36.27879719983093],[114.14189730032024,36.27063890006525],[114.16453370027011,36.26672369973903],[114.17052819971673,36.263433000332725],[114.16931490006266,36.25901330012374],[114.16513129976977,36.25461560002998],[114.16714839997871,36.25323000016442],[114.16662549996693,36.2477475998719],[114.16369310035634,36.24300339998695],[114.17200439998317,36.2420237001337],[114.17999810043204,36.24762709971094],[114.19640320044743,36.24356200038608],[114.20029479986522,36.252592600268315],[114.19904849958868,36.25768799980142],[114.20502500000384,36.27202419955722],[114.2129669004022,36.26966480029034],[114.21697819958433,36.27021719986391],[114.2259431003938,36.2600976001242],[114.22952910028778,36.25202510017829],[114.23314430026926,36.25030560002347],[114.23906570012207,36.252330599877325],[114.24447049971388,36.25774830024392],[114.25605020005673,36.26166389986912],[114.2728592998169,36.25274810024467],[114.28449259975378,36.24856719971655],[114.28413310026247,36.24629510033867],[114.29385209969473,36.24521710008918],[114.30374330041309,36.24569580022103],[114.30408699971531,36.249253799723135],[114.3082706000082,36.251061199614696],[114.31551720035861,36.24973569964288],[114.31745960018043,36.24762709971094],[114.32213330041156,36.24779710035597],[114.3230284999654,36.2551229004016],[114.33940940012383,36.25528139961693]]]}}]}