{"type":"FeatureCollection","features":[{"type":"Feature","properties":{"shapeName":"Huinong District","shapeISO":"","shapeID":"62558664B82133901622641","shapeGroup":"CHN","shapeType":"ADM3"},"geometry":{"type":"Polygon","coordinates":[[[106.50775390022238,39.27069059969148],[106.49699810028216,39.25315799984185],[106.49132079981513,39.24783599993151],[106.48922909994309,39.24112509964368],[106.48056370035454,39.23163610002604],[106.47906969980687,39.22237729987256],[106.46920899959571,39.21520089970181],[106.45665909983762,39.195751400306904],[106.45098180026991,39.17305360004366],[106.46203770037965,39.16842049970637],[106.46831260034628,39.16147029971461],[106.46651980004879,39.15034849998335],[106.463531700028,39.14687249976612],[106.45785439956097,39.12554979978347],[106.45217700016849,39.11836349987567],[106.44859129974873,39.116740700223204],[106.43634029956525,39.097263999933716],[106.42595399957747,39.093370699897946],[106.4261533999595,39.08480480040129],[106.4330259003251,39.07320700030289],[106.44893740024088,39.06775530016699],[106.47306610012049,39.05093369983041],[106.47276730037066,39.026840399964556],[106.46649229967994,39.02022439973632],[106.47515770016781,39.00641009994621],[106.47321549999538,38.99317379983103],[106.4795884998095,38.98211360006263],[106.51425009996223,38.97433190039692],[106.54184650021585,39.01699530029293],[106.5483964002737,39.013055300261954],[106.55082630009372,39.01494330009325],[106.55315040007099,39.013137400270864],[106.55589720029559,39.01461499988238],[106.56572210029475,39.01453289987347],[106.56889140021798,39.01699530029293],[106.56667290043407,39.027500999671474],[106.57523009988927,39.04235390041225],[106.57681479976327,39.05072269999266],[106.58484369967704,39.056547500067154],[106.61569190006122,39.02779530011304],[106.62517900031065,39.03487470030723],[106.62779350036982,39.03232159966217],[106.63182740041424,39.03313389970975],[106.64197630006623,39.065289799784466],[106.65307180002361,39.07176439960739],[106.66920440006305,39.062953899802665],[106.67293939963366,39.06771000041624],[106.69430419957922,39.0519326002094],[106.6980392000491,39.0622579000821],[106.71477239972654,39.07153780012942],[106.72642590023514,39.07606130008895],[106.73210329962762,39.07269769983901],[106.73837819959431,39.07118980026911],[106.74181450013913,39.07374159959522],[106.74002160001686,39.078264899905264],[106.7413662996151,39.08417959980875],[106.74629659980832,39.085687199904385],[106.74883650020439,39.08348379973762],[106.7545137997721,39.08301989974865],[106.75839829994163,39.084991399833314],[106.75929470009038,39.082092199595365],[106.76362739988468,39.082208099724085],[106.7648225997832,39.07548140014654],[106.77662550016674,39.076757199984854],[106.78260170020837,39.065854000261936],[106.77557970014311,39.05599330005083],[106.77438450024454,39.04798769977259],[106.77767130019043,39.043114299685215],[106.77602789976783,39.03615169984113],[106.76796009967893,39.03000080019683],[106.76228280011122,39.02176010004865],[106.78215349968434,39.01525980029959],[106.78857780042523,39.01061630020217],[106.79455399956748,39.01177719995786],[106.7966455996148,39.00968750017802],[106.79305990009436,39.00864270020048],[106.79559979959112,39.00214110003179],[106.8070906999759,39.00199339987557],[106.82049599979064,38.99367740039179],[106.83603389974473,38.98821960015448],[106.83842440026592,39.01074479983271],[106.85157190042293,39.044751199808104],[106.85411179991968,39.06667839978837],[106.86780360035596,39.09034450009864],[106.86021360017759,39.098836799978415],[106.85417840011314,39.109483100264924],[106.83692409996729,39.14549319965147],[106.81898810022074,39.197047200168186],[106.79808710043937,39.2068630997523],[106.79020279981944,39.212884899918265],[106.7937436996121,39.23199489984478],[106.78671110013721,39.24010739983669],[106.78848269981683,39.25206380010434],[106.80135340033922,39.271679200135054],[106.8025436000072,39.278961199599735],[106.79708179958544,39.29332040041618],[106.79774919996566,39.30271380030172],[106.80225450034499,39.31674470000797],[106.79572179982125,39.3242382002328],[106.78836929980338,39.33772610007952],[106.79457019995482,39.34580300040818],[106.78128700019494,39.36629750032944],[106.77342040003151,39.37170789999965],[106.75279550021224,39.372046599970645],[106.7484158000492,39.37519060016609],[106.7459735003768,39.38516669958358],[106.68537380036065,39.36463700019743],[106.67152730034468,39.35393110004031],[106.63783419988846,39.35678620022304],[106.62398769987249,39.36749160035714],[106.59592870004951,39.371083300154226],[106.58842320017061,39.36527459974303],[106.52797180015853,39.30272439971134],[106.50775390022238,39.27069059969148]]]}},{"type":"Feature","properties":{"shapeName":"Yanchi County","shapeISO":"","shapeID":"62558664B59480792290501","shapeGroup":"CHN","shapeType":"ADM3"},"geometry":{"type":"Polygon","coordinates":[[[106.50793999963133,37.49691780011642],[106.51039880006465,37.495178399763404],[106.5122528001267,37.485584399800246],[106.51835630010322,37.47013839976739],[106.52536779968426,37.4609108996184],[106.52838879960348,37.45732090043924],[106.53079529996319,37.442301000091106],[106.53975509981808,37.42908849963459],[106.55170160034862,37.4362032000177],[106.55532820013639,37.43654199981347],[106.5794343998777,37.43027429981913],[106.57922109957417,37.416890199723014],[106.5847676997696,37.41045149993681],[106.60674059969898,37.396894399956636],[106.61207389959083,37.38062260015295],[106.61228719989441,37.368586000143864],[106.62914020006025,37.362143099624404],[106.62615360010864,37.32398290019074],[106.6459933000508,37.30786499957014],[106.65089979968604,37.29819260030831],[106.69697900008083,37.292083100055095],[106.69868570018497,37.28172969996575],[106.69527239980147,37.276976800039336],[106.69633900024473,37.248283600108095],[106.68588590041401,37.24879310022146],[106.6788460002428,37.24284939987996],[106.67073949962827,37.2401321001164],[106.66391289976059,37.2226372996717],[106.65580640004538,37.219409599573396],[106.64727319989834,37.20462859963021],[106.64833990016632,37.19426319988679],[106.63468680025568,37.18678570039981],[106.63148690000048,37.18151689988508],[106.61804710039343,37.17590790022945],[106.6127137996022,37.170128399905764],[106.61634050011406,37.16502850016519],[106.61612709998576,37.15856819956281],[106.61911369993737,37.15346750032495],[106.61499829973178,37.14038839990479],[106.63774110027163,37.12261200014376],[106.65354159956524,37.1280746000628],[106.66815190009015,37.113296500433194],[106.69799040013692,37.125309000410084],[106.71762849995537,37.120529199962675],[106.74825289955174,37.090534199893455],[106.76075739973425,37.107376099727276],[106.7582931997714,37.14152149981743],[106.78119660034287,37.15563579995228],[106.8878403003896,37.104045900298104],[106.89601140020602,37.122837099552555],[106.88326260008898,37.142959600305346],[106.89364620031193,37.14826200039107],[106.95860289980402,37.11627200005279],[107.01199339957577,37.1108397999169],[107.02391050036937,37.11317440037834],[107.02744289977005,37.13483430026281],[107.08187100044637,37.124115000207155],[107.17085269989224,37.140514400319375],[107.23326870039028,37.10326769984454],[107.260177600416,37.10198970026448],[107.26455369969352,37.099073400317195],[107.2807646001063,37.09451150020561],[107.27352900026324,37.10217519982564],[107.27196169957284,37.10853870010101],[107.27652109956915,37.110697600014305],[107.27367149964005,37.11183379989001],[107.27025200022968,37.10967489997671],[107.26654740044222,37.11058389962733],[107.26782980040502,37.11421980020367],[107.27395650019241,37.11478790014155],[107.27267410022961,37.12103669998379],[107.26911209964373,37.12399049986175],[107.27006570027191,37.12736669961356],[107.2739628997681,37.12799240022912],[107.28262899992848,37.12063239986543],[107.28519110008926,37.11480549987397],[107.28823739973626,37.112724000112564],[107.29026310016201,37.11347070001284],[107.29097280015469,37.11116009975888],[107.29382500002379,37.11050770007034],[107.2932980998275,37.109487000125],[107.29794850042299,37.10662279970251],[107.30216349964587,37.10013150036849],[107.30227030043409,37.1020642001028],[107.3040968001273,37.10222840012062],[107.30740529981477,37.10719139966341],[107.30602830016596,37.109579999917116],[107.3104540995771,37.11046939974307],[107.3091117004447,37.11216129970427],[107.31081409999081,37.11266960012199],[107.31049780033328,37.1144836001381],[107.31577610038676,37.11606860038563],[107.31590379962074,37.11832129958833],[107.32123649966479,37.12468369999283],[107.32045699969086,37.12629349994512],[107.32584730041265,37.12938300032528],[107.32569879985977,37.137135400078705],[107.32739410015768,37.136860300162766],[107.32994519981116,37.13924500005675],[107.32732459965064,37.14160020038901],[107.33044139985077,37.14204029982005],[107.32865299993608,37.14296590005631],[107.33059410023759,37.1445987999947],[107.32865590024966,37.14619610026989],[107.33147160023424,37.14845460009974],[107.32826979971156,37.149551999625146],[107.33288230017808,37.15361020025057],[107.33005840017506,37.15667180006358],[107.3337633003361,37.158717299963484],[107.33291040039472,37.16010509957073],[107.33086750043486,37.159881400406334],[107.33171299985514,37.16608870013346],[107.32959679975255,37.1683338998896],[107.33036170013241,37.17022460038504],[107.32804620037189,37.17047439967388],[107.32945979973005,37.17318450036447],[107.32610250013033,37.17413939961364],[107.32720830022294,37.177391699767156],[107.32476160016779,37.178280700294124],[107.32586419957323,37.180226999576405],[107.32257100005165,37.18049069968612],[107.32304829993916,37.18492910039771],[107.32048840041938,37.18646510018425],[107.32031029958074,37.189883999746826],[107.31866220020044,37.19194369994187],[107.31667899993596,37.19115209958977],[107.31735060015012,37.19238829958039],[107.31417179978877,37.193043099559475],[107.31639720007081,37.195703400291734],[107.31268400006661,37.19709839987132],[107.31296999976576,37.19987419963468],[107.30972899959374,37.19959820039668],[107.29549749980981,37.20792790015253],[107.27063270033892,37.22528430033026],[107.26552509970367,37.231108800031166],[107.2673579000471,37.2345423999119],[107.2730407996932,37.23676299961278],[107.2800800001919,37.23685999958934],[107.28676449998176,37.240550800179335],[107.29215520000253,37.240979999827175],[107.30466170027728,37.237718299959624],[107.30499270025297,37.25026700002206],[107.28935210041914,37.276677100068184],[107.26972989971517,37.289973300427505],[107.26380010019454,37.29975100040838],[107.25344989989304,37.33096249991951],[107.25388109963308,37.33662040021136],[107.25959530018304,37.34870620033092],[107.25626919986377,37.368871900018235],[107.26681890037202,37.389663300321104],[107.27989580015111,37.44503250014981],[107.27792370021865,37.466633099637875],[107.27928920023646,37.481346100042515],[107.2866567000467,37.48819439965189],[107.30218199959967,37.49247170030878],[107.3209416002747,37.50359149994779],[107.34200930018909,37.518923699769005],[107.3490812000374,37.53437620010163],[107.35479529986327,37.538992799678],[107.36035160014632,37.55504229966243],[107.36137199971807,37.564037200056816],[107.36813029967362,37.580231300234345],[107.36374389956137,37.58762080015987],[107.33905440044026,37.58112749983428],[107.3260088995911,37.583348999756595],[107.30714530041536,37.60966800027802],[107.32191200023868,37.60573070001186],[107.32471509982207,37.60607240012121],[107.3270871003894,37.6083785001677],[107.3444452002858,37.607865999916044],[107.35662820003148,37.61264890032652],[107.36040169957886,37.61674829979427],[107.35878450000473,37.62221370020217],[107.36816430034224,37.62708110001279],[107.39176190019163,37.65192710005567],[107.39587259964082,37.65303480041575],[107.4161416997797,37.6499617998972],[107.418513599623,37.66387459973305],[107.4162494997147,37.66575219980422],[107.38573800010869,37.67061670020058],[107.38067079971768,37.68478159979105],[107.38255270034688,37.69076890016464],[107.40385080027426,37.6927162003924],[107.42120890017065,37.683587099565045],[107.42524719969856,37.68345259965781],[107.45969870023487,37.68981550008533],[107.48093809961364,37.705597500324416],[107.48554399995567,37.717769899761095],[107.48794600010785,37.73339959981172],[107.48611319976442,37.74473929987886],[107.49404139989076,37.76507569988371],[107.51899650028832,37.77235630000331],[107.54422509980856,37.77567990020731],[107.56740510036514,37.77602070009527],[107.57920840004766,37.78291319958453],[107.58691950023479,37.782923100220955],[107.58767419960469,37.78641660034589],[107.58249910035323,37.78735380003792],[107.5784022001015,37.78607569973383],[107.57333489988577,37.78905790020201],[107.57301150008072,37.791017499557995],[107.57721620026751,37.796299799795975],[107.5806663000098,37.79800359958648],[107.58476320026153,37.79604419987999],[107.58336170038223,37.790591499697996],[107.59478999985868,37.79093229958602],[107.60492449956604,37.77798069964962],[107.610638700116,37.775594700235274],[107.61753879977584,37.775765100179285],[107.63640630021064,37.79553300004795],[107.64255169960131,37.80584089983773],[107.64485170044566,37.81986239982996],[107.65495039994107,37.844163399921],[107.65375160005635,37.85848309981526],[107.64662559969173,37.86434780011092],[107.56878660022147,37.8965683002869],[107.52282709959104,37.89711759989734],[107.49289699999662,37.92296219994563],[107.40885930011666,37.948700000104964],[107.40091710024404,37.962780000096984],[107.42823030038812,37.99680709976792],[107.35698699985022,38.045242299992196],[107.32862849970553,38.090591400173025],[107.25856020029306,38.09813690009793],[107.16729740015495,38.15775680043606],[107.13625340027426,38.158016199987685],[107.10714720018319,38.136043499707796],[107.07418059995479,38.14175420009633],[107.01183469981163,38.11948029977606],[106.99467219976225,38.12087630030106],[106.95321109991238,38.12800999976173],[106.90731289977055,38.13827740038175],[106.89107060042795,38.14549500029409],[106.86969250040863,38.147991399583475],[106.86076739999555,38.15216639965968],[106.81909089992513,38.16145399970236],[106.80237930016466,38.14360529984475],[106.80124069999835,38.12838030011079],[106.80647840015808,38.112256199564],[106.84724150019514,38.04790359987129],[106.82150839989282,38.034811099552655],[106.77755709978038,38.04001250037663],[106.75911119972216,38.010054400390345],[106.75865570030038,38.00197969980337],[106.75592299964677,37.9976728995847],[106.75569530029793,37.980981500395956],[106.7620715997246,37.956026999846245],[106.77414120035615,37.940583300279116],[106.78393340010638,37.94525269995222],[106.8130824996577,37.94597100016159],[106.80966660023347,37.933578700296835],[106.81194390039076,37.926393799734115],[106.80943889998531,37.91956750024002],[106.81535979981498,37.87554060041845],[106.82674610005256,37.86151839985433],[106.8356274997094,37.86834999995261],[106.85407329994291,37.86601300009994],[106.87752919991271,37.86529379966919],[106.87775699998565,37.85414660038538],[106.87320239967107,37.840300100369404],[106.85270700042781,37.79712559956681],[106.82492430021637,37.76310779978519],[106.7970081999685,37.74978440032987],[106.76421549984548,37.741140999957224],[106.76057190017309,37.719167600004766],[106.77013639967515,37.64130780011493],[106.71092739957987,37.64130780011493],[106.64416909992406,37.65720790022448],[106.63917719976803,37.64382110036354],[106.58829259972379,37.62622329966558],[106.56462159990696,37.59739469960573],[106.577825799621,37.57034180013403],[106.57186780005901,37.55208830013498],[106.54980710021755,37.54136390002401],[106.54529829967686,37.54736470012085],[106.51937290003934,37.53178730014383],[106.52533089960139,37.52999950007694],[106.52967860008738,37.52616839985183],[106.52355960029536,37.5219538997527],[106.50793999963133,37.49691780011642]]]}},{"type":"Feature","properties":{"shapeName":"Litong District","shapeISO":"","shapeID":"62558664B30685879321717","shapeGroup":"CHN","shapeType":"ADM3"},"geometry":{"type":"Polygon","coordinates":[[[106.20324789987075,38.07015800019161],[106.19676870001558,38.0663438000264],[106.19370329966762,38.06207380006589],[106.19629710003119,38.044805500173766],[106.18403529988922,38.02920479966184],[106.17790440026789,38.017130599897314],[106.16469940015725,38.01174299983961],[106.1566820996992,38.00468270034639],[106.14347699976378,38.00208139963695],[106.1406473998577,37.99390529958998],[106.12390529958998,37.98275450031997],[106.102447099654,37.97866549971309],[106.08523340030126,37.966397100345944],[106.07745190028504,37.95840289987399],[106.06731229962298,37.95561399968636],[106.05953079960676,37.950221900320514],[106.05127759978149,37.949292200075035],[106.04632569967134,37.94706080041567],[106.0456183001445,37.936460899750784],[106.04962700028591,37.93571689961527],[106.05387149996983,37.930695300247976],[106.05080599979709,37.9260453996755],[106.0769803003007,37.91860490009611],[106.09442980009527,37.91972100012413],[106.09631620003267,37.91823280020361],[106.09183589990693,37.91246590028112],[106.09442980009527,37.91097759963657],[106.112586700316,37.91023339985156],[106.11588790020647,37.90707060022805],[106.11211510033166,37.903721599572236],[106.1114076999055,37.90018639968264],[106.11541630022214,37.8979534999541],[106.11470889979597,37.89497629971652],[106.11093609992116,37.89460409999924],[106.11022870039426,37.89051019988585],[106.10574840026851,37.89051019988585],[106.10598419981102,37.88250769957074],[106.09891010022102,37.88288000001205],[106.09560879960645,37.867617199973836],[106.10669160023724,37.86854790026541],[106.11187929988984,37.865941799874236],[106.11376569982724,37.86184620004212],[106.11824599995299,37.86128770036714],[106.12624939959017,37.852862300155095],[106.12024689977466,37.848122599578346],[106.12391510040163,37.844435899896894],[106.1205803000409,37.825999799751],[106.1112429998646,37.78990429984361],[106.1009052003148,37.72636519989413],[106.09657000040528,37.7189794996043],[106.09423559959333,37.70948249961771],[106.09690339977215,37.68309570010655],[106.09023389977472,37.66725910022734],[106.09056739986568,37.65221120038666],[106.06852279968751,37.624535899911905],[106.07567259971074,37.61851700005957],[106.08917839966347,37.61316780015392],[106.0996147999831,37.60708880040784],[106.1020703997292,37.604170700017846],[106.11434850008328,37.602346800264684],[106.12064099978238,37.597604499747945],[106.1209479995506,37.59334829988421],[106.11158589966959,37.58568660035638],[106.11035810024617,37.57133389983966],[106.10728859988905,37.56403489959098],[106.11051160013028,37.55624850006825],[106.11634370000183,37.55016479956589],[106.12539880011457,37.54541920033586],[106.13537469988256,37.52241690041967],[106.14074639992646,37.51706080001594],[106.14059290004235,37.511217400162934],[106.14442979999535,37.506956299893375],[106.13997900033064,37.50232969985581],[106.13798380041214,37.48053199955217],[106.14642499991385,37.4776088998309],[106.15087579957856,37.47224970036342],[106.16223299955334,37.469204499687976],[106.16668380011737,37.46591550000039],[106.18034319977892,37.46579370031907],[106.19077960009855,37.47773070041154],[106.20044859992299,37.479435900446504],[106.20582020014217,37.482480700024325],[106.21625659956248,37.48308960040481],[106.22423730031124,37.48783919981929],[106.23313900036464,37.490152999861095],[106.24695180008558,37.49660689998848],[106.25447210010742,37.502694999974324],[106.26935930009171,37.507808500162184],[106.27964219962786,37.50878250011232],[106.28516729973114,37.51304349965784],[106.28624169999449,37.51754770016629],[106.29130640027023,37.522903799670644],[106.30542619975938,37.52339069982099],[106.31632299990656,37.52570339999198],[106.32461070042353,37.52144310011903],[106.33335879986879,37.5222951996638],[106.34701820042966,37.519008500442],[106.3585289002886,37.52046929981839],[106.37267699964389,37.524763600359904],[106.3649476998765,37.55132239970902],[106.3597948003898,37.5623006001926],[106.36269330005581,37.566002199841705],[106.35673529959445,37.570597099676434],[106.35786249995448,37.57582979960563],[106.36301540034049,37.58016880005016],[106.35705739987918,37.58476279966351],[106.34836189998174,37.58705959982075],[106.33306429977767,37.58757000015544],[106.32807250034568,37.59050480005652],[106.31966639958472,37.59252319978589],[106.31563780014443,37.6004944999213],[106.31774420033463,37.60324070029816],[106.320437400066,37.60326020029805],[106.31822169987163,37.60588319984987],[106.31896739972575,37.60807699975379],[106.3158764001758,37.60925240017815],[106.31986789988372,37.610593200315975],[106.31315450037994,37.613667199981364],[106.31437199986794,37.616114099686],[106.30799030001242,37.612026799697105],[106.30855699970584,37.61620789987472],[106.30505180030042,37.61531120025177],[106.30210199970759,37.61895449955057],[106.29825160003139,37.61671930025557],[106.29669479982522,37.61719579974641],[106.29670830044779,37.6192965000335],[106.3016830999951,37.62342299967173],[106.29923460039657,37.62374250001642],[106.29717490020153,37.62209250036864],[106.29661269981631,37.62441129974172],[106.30178560022534,37.626464499636995],[106.29596869979571,37.626869500327246],[106.29753770020477,37.62987420003435],[106.29343750034042,37.63037810006932],[106.29708439962542,37.63560159993392],[106.29336639993949,37.633630500047616],[106.29028659964689,37.63389239971451],[106.29708429980064,37.64118610025838],[106.2899826998418,37.640490700385556],[106.29357999971728,37.64811899999194],[106.29017249996099,37.648764199708125],[106.289912700211,37.65213049972283],[106.2987021999466,37.65636869965584],[106.29686519976923,37.65737849981798],[106.28898440020998,37.655766799598155],[106.2885880995612,37.66176489993023],[106.29583700037733,37.66522950034124],[106.29387349976224,37.66745279980694],[106.2908071002675,37.66647829983373],[106.28932389967827,37.668307000168],[106.28630709959305,37.666671100091264],[106.28733470003641,37.66898590017922],[106.28596409996328,37.67045390042722],[106.28925239997835,37.67091230016257],[106.28970850014724,37.67218740032831],[106.29575789960745,37.67250810036859],[106.28120519976022,37.67462559999149],[106.28626139964393,37.68010250003039],[106.27942490003915,37.681550600080186],[106.28475750025848,37.68598909971723],[106.2823668000878,37.68963609972627],[106.28602529972784,37.691103699775965],[106.27925660001216,37.69448069992444],[106.28231669975594,37.69729000033328],[106.2857381003331,37.69644109967709],[106.2846616999775,37.69842139962793],[106.28719379965418,37.700736799563686],[106.28755110030312,37.70681060032899],[106.28646830037184,37.71250329988743],[106.28188719973451,37.71618440038981],[106.28312310025092,37.72038239972801],[106.2763029997837,37.72472669987735],[106.28059280011769,37.730891699992014],[106.27741299971024,37.739293600019664],[106.27627720003284,37.74098669967651],[106.27242170030127,37.73930439997815],[106.26818529991175,37.74113530005411],[106.26679600023527,37.745999400252174],[106.26289850036557,37.74359680025219],[106.26166760007976,37.74421100033743],[106.25982110036352,37.75100120014531],[106.26057030037913,37.75672860004488],[106.25686159968313,37.75908700016498],[106.25893569982276,37.76275460004479],[106.25608440017498,37.76527749965692],[106.25085239991836,37.766823400079886],[106.25075079990955,37.77235549960665],[106.25406019981841,37.775983399814095],[106.24911160022026,37.77647480017197],[106.24731469991355,37.77866149992832],[106.25151339982358,37.785828100186734],[106.24934160003488,37.78615130034228],[106.24509849969604,37.78348219974379],[106.24398399956198,37.78455559996104],[106.24612469989506,37.79201239975248],[106.25188420019572,37.79562230002915],[106.2557230004162,37.79598660010157],[106.25845680004136,37.79388739988366],[106.26157909959585,37.798505500428575],[106.26325820040569,37.79466300039718],[106.26876910021389,37.795690099918204],[106.2738315998485,37.79241579964946],[106.27869770013882,37.79406909980918],[106.2815796001185,37.79354049989422],[106.28221730038814,37.79520610008149],[106.28576590017622,37.79281549973558],[106.2899362003954,37.79508390020186],[106.29534519982116,37.79427980017272],[106.29675639978808,37.79653319994725],[106.2929700003653,37.79965000014744],[106.3010780999744,37.80196649995406],[106.29816189985183,37.81091359958299],[106.29935499983344,37.81283229957103],[106.29763489983083,37.816293299995834],[106.29900530025446,37.81822179989621],[106.28812850013026,37.82457400019001],[106.27814479964286,37.83789329963611],[106.27814479964286,37.84029009990826],[106.28290999959688,37.84180980038201],[106.27743170021284,37.845541500340005],[106.28106309968234,37.85036099956051],[106.2772684004164,37.85088920017648],[106.27794259967129,37.85341779969173],[106.27435580028003,37.854471899558575],[106.27967210028726,37.86354350043223],[106.2774347003512,37.86754940008478],[106.28107429983913,37.86850719964758],[106.27865980000985,37.87321870018292],[106.283423900093,37.87800299993853],[106.28103600041118,37.87972369978894],[106.28432040006646,37.881224599935365],[106.28453159955376,37.88749940007733],[106.2885170998843,37.88763609972625],[106.29171330032858,37.89029130040325],[106.29222109982396,37.89513849964209],[106.29685589987992,37.904518899827394],[106.29210509987053,37.90532220035931],[106.29101939962567,37.91079079965573],[106.28209470031021,37.918930100343914],[106.2817517996059,37.92393540039848],[106.27711489963298,37.92948969968995],[106.27796969984183,37.93560659956495],[106.27335060015014,37.95167239976149],[106.27170480033635,37.95309980011575],[106.26602609962487,37.95230009956998],[106.2607269002263,37.956356899951004],[106.25815490032846,37.95349290007732],[106.25755269989725,37.95855369999333],[106.25072939964213,37.96070559958383],[106.24862150028207,37.96278310006005],[106.24844400019049,37.96544010028043],[106.25195229955904,37.96770360034094],[106.25365670009671,37.98416849987643],[106.25674869969282,37.987852499793064],[106.25692009968293,37.994875900102784],[106.26189480030484,37.9996191997663],[106.26078809999086,38.00382709974093],[106.25486920025344,38.00670129972525],[106.25518039985565,38.01040300009845],[106.25794169984965,38.01162189983086],[106.25212619966442,38.01565799961702],[106.25179700013149,38.02505849965007],[106.2487145998989,38.0258679002834],[106.24647729978761,38.02979930009769],[106.23721949968024,38.03385050040032],[106.23271510042161,38.03889919993816],[106.22843030031817,38.051603099603426],[106.22364859960322,38.05832649956835],[106.21596480013545,38.06249429967227],[106.20909210012036,38.06425289965165],[106.20324789987075,38.07015800019161]]]}},{"type":"Feature","properties":{"shapeName":"Lingwu City","shapeISO":"","shapeID":"62558664B49887443615138","shapeGroup":"CHN","shapeType":"ADM3"},"geometry":{"type":"Polygon","coordinates":[[[106.81909089992513,38.16145399970236],[106.78787750014658,38.16581450023904],[106.76736319985184,38.17172889976894],[106.74487149991984,38.18282060009068],[106.7241433003731,38.20250699979823],[106.66985290029118,38.21922190007069],[106.6621269001364,38.22376759979494],[106.64981880019752,38.22815540015165],[106.62125929977691,38.231978699657304],[106.58469980005577,38.24959140032291],[106.55396699977729,38.26050509963068],[106.54130939990893,38.26795859980956],[106.51576449983185,38.29497360005166],[106.48519800038747,38.305223300215175],[106.47833989996644,38.3180203003966],[106.47504549985001,38.32367700009354],[106.47049260015342,38.3263170004293],[106.4693048997014,38.33330480017645],[106.46039699972181,38.33314959967436],[106.4592093001691,38.29385359966392],[106.42753680008332,38.29804830028888],[106.42991220008804,38.31063079957181],[106.42892249977359,38.32476409968348],[106.41269029981754,38.33516810012776],[106.41664939965011,38.33873929987885],[106.401554899639,38.35045359995371],[106.39436079991106,38.34519360020454],[106.37839749994475,38.339404700166824],[106.3708125998217,38.33399610004005],[106.37070069987743,38.335087500188024],[106.3620559001597,38.323085999819114],[106.35697570006857,38.31910039966374],[106.34534049986422,38.32274529975581],[106.34025030021127,38.31999119973415],[106.3355951997587,38.310792399649586],[106.32450570007808,38.276240999722404],[106.30336820018238,38.26732549957222],[106.28566249972465,38.25517780001553],[106.26282880020904,38.217689299721485],[106.24377110035607,38.2010941001127],[106.23960669968949,38.19047220023191],[106.23499320007619,38.16043650044418],[106.22763119962025,38.146973400302215],[106.21578210016384,38.133466999602376],[106.21268959964539,38.12558379975263],[106.22368480001359,38.107186099758735],[106.22436439969732,38.100100299988924],[106.20876489978036,38.08714019966055],[106.20463089979626,38.079412200312845],[106.20324789987075,38.07015800019161],[106.20909210012036,38.06425289965165],[106.21596480013545,38.06249429967227],[106.22364859960322,38.05832649956835],[106.22843030031817,38.051603099603426],[106.23271510042161,38.03889919993816],[106.23721949968024,38.03385050040032],[106.24647729978761,38.02979930009769],[106.2487145998989,38.0258679002834],[106.25179700013149,38.02505849965007],[106.25212619966442,38.01565799961702],[106.25794169984965,38.01162189983086],[106.25518039985565,38.01040300009845],[106.25486920025344,38.00670129972525],[106.26078809999086,38.00382709974093],[106.26189480030484,37.9996191997663],[106.25692009968293,37.994875900102784],[106.25674869969282,37.987852499793064],[106.25365670009671,37.98416849987643],[106.25195229955904,37.96770360034094],[106.24844400019049,37.96544010028043],[106.24862150028207,37.96278310006005],[106.25072939964213,37.96070559958383],[106.25755269989725,37.95855369999333],[106.25815490032846,37.95349290007732],[106.2607269002263,37.956356899951004],[106.26602609962487,37.95230009956998],[106.27170480033635,37.95309980011575],[106.27335060015014,37.95167239976149],[106.27796969984183,37.93560659956495],[106.27711489963298,37.92948969968995],[106.2817517996059,37.92393540039848],[106.28209470031021,37.918930100343914],[106.29101939962567,37.91079079965573],[106.29210509987053,37.90532220035931],[106.29685589987992,37.904518899827394],[106.29222109982396,37.89513849964209],[106.29171330032858,37.89029130040325],[106.2885170998843,37.88763609972625],[106.28453159955376,37.88749940007733],[106.28432040006646,37.881224599935365],[106.28103600041118,37.87972369978894],[106.283423900093,37.87800299993853],[106.27865980000985,37.87321870018292],[106.28107429983913,37.86850719964758],[106.2774347003512,37.86754940008478],[106.27967210028726,37.86354350043223],[106.27435580028003,37.854471899558575],[106.27794259967129,37.85341779969173],[106.2772684004164,37.85088920017648],[106.28106309968234,37.85036099956051],[106.27743170021284,37.845541500340005],[106.28290999959688,37.84180980038201],[106.27814479964286,37.84029009990826],[106.27814479964286,37.83789329963611],[106.28812850013026,37.82457400019001],[106.29900530025446,37.81822179989621],[106.29763489983083,37.816293299995834],[106.29935499983344,37.81283229957103],[106.29816189985183,37.81091359958299],[106.3010780999744,37.80196649995406],[106.2929700003653,37.79965000014744],[106.29675639978808,37.79653319994725],[106.29534519982116,37.79427980017272],[106.2899362003954,37.79508390020186],[106.28576590017622,37.79281549973558],[106.28221730038814,37.79520610008149],[106.2815796001185,37.79354049989422],[106.27869770013882,37.79406909980918],[106.2738315998485,37.79241579964946],[106.26876910021389,37.795690099918204],[106.26325820040569,37.79466300039718],[106.26157909959585,37.798505500428575],[106.25845680004136,37.79388739988366],[106.2557230004162,37.79598660010157],[106.25188420019572,37.79562230002915],[106.24612469989506,37.79201239975248],[106.24398399956198,37.78455559996104],[106.24509849969604,37.78348219974379],[106.24934160003488,37.78615130034228],[106.25151339982358,37.785828100186734],[106.24731469991355,37.77866149992832],[106.24911160022026,37.77647480017197],[106.25406019981841,37.775983399814095],[106.25075079990955,37.77235549960665],[106.25085239991836,37.766823400079886],[106.25608440017498,37.76527749965692],[106.25893569982276,37.76275460004479],[106.25686159968313,37.75908700016498],[106.26057030037913,37.75672860004488],[106.25982110036352,37.75100120014531],[106.26166760007976,37.74421100033743],[106.26289850036557,37.74359680025219],[106.26679600023527,37.745999400252174],[106.26818529991175,37.74113530005411],[106.27242170030127,37.73930439997815],[106.27627720003284,37.74098669967651],[106.27741299971024,37.739293600019664],[106.28059280011769,37.730891699992014],[106.2763029997837,37.72472669987735],[106.28312310025092,37.72038239972801],[106.28188719973451,37.71618440038981],[106.28646830037184,37.71250329988743],[106.28755110030312,37.70681060032899],[106.28719379965418,37.700736799563686],[106.2846616999775,37.69842139962793],[106.2857381003331,37.69644109967709],[106.28231669975594,37.69729000033328],[106.27925660001216,37.69448069992444],[106.28602529972784,37.691103699775965],[106.2823668000878,37.68963609972627],[106.28475750025848,37.68598909971723],[106.27942490003915,37.681550600080186],[106.28626139964393,37.68010250003039],[106.28120519976022,37.67462559999149],[106.29575789960745,37.67250810036859],[106.28970850014724,37.67218740032831],[106.28925239997835,37.67091230016257],[106.28596409996328,37.67045390042722],[106.28733470003641,37.66898590017922],[106.28630709959305,37.666671100091264],[106.28932389967827,37.668307000168],[106.2908071002675,37.66647829983373],[106.29387349976224,37.66745279980694],[106.29583700037733,37.66522950034124],[106.2885880995612,37.66176489993023],[106.28898440020998,37.655766799598155],[106.29686519976923,37.65737849981798],[106.2987021999466,37.65636869965584],[106.289912700211,37.65213049972283],[106.29017249996099,37.648764199708125],[106.29357999971728,37.64811899999194],[106.2899826998418,37.640490700385556],[106.29708429980064,37.64118610025838],[106.29028659964689,37.63389239971451],[106.29336639993949,37.633630500047616],[106.29708439962542,37.63560159993392],[106.29343750034042,37.63037810006932],[106.29753770020477,37.62987420003435],[106.29596869979571,37.626869500327246],[106.30178560022534,37.626464499636995],[106.29661269981631,37.62441129974172],[106.29717490020153,37.62209250036864],[106.29923460039657,37.62374250001642],[106.3016830999951,37.62342299967173],[106.29670830044779,37.6192965000335],[106.29669479982522,37.61719579974641],[106.29825160003139,37.61671930025557],[106.30210199970759,37.61895449955057],[106.30505180030042,37.61531120025177],[106.30855699970584,37.61620789987472],[106.30799030001242,37.612026799697105],[106.31437199986794,37.616114099686],[106.31315450037994,37.613667199981364],[106.31986789988372,37.610593200315975],[106.3158764001758,37.60925240017815],[106.31896739972575,37.60807699975379],[106.31822169987163,37.60588319984987],[106.320437400066,37.60326020029805],[106.31774420033463,37.60324070029816],[106.31563780014443,37.6004944999213],[106.31966639958472,37.59252319978589],[106.32807250034568,37.59050480005652],[106.33306429977767,37.58757000015544],[106.34836189998174,37.58705959982075],[106.35705739987918,37.58476279966351],[106.36301540034049,37.58016880005016],[106.35786249995448,37.57582979960563],[106.35673529959445,37.570597099676434],[106.36269330005581,37.566002199841705],[106.3597948003898,37.5623006001926],[106.3649476998765,37.55132239970902],[106.37267699964389,37.524763600359904],[106.3805674003653,37.52016590003632],[106.38958489982332,37.51888869995361],[106.39505979977002,37.51531249997197],[106.40230599992202,37.51735609960434],[106.40858609976874,37.51314120020629],[106.41631540043545,37.514290700155755],[106.4308078996649,37.505604799621835],[106.45286860040562,37.50062270027746],[106.45319069979104,37.49742880029896],[106.4618860998637,37.491935100024875],[106.47718370006777,37.493468300221934],[106.4932865001719,37.4901463997366],[106.49924449973395,37.492701700123405],[106.50262609991466,37.496151299842666],[106.50793999963133,37.49691780011642],[106.52355960029536,37.5219538997527],[106.52967860008738,37.52616839985183],[106.52533089960139,37.52999950007694],[106.51937290003934,37.53178730014383],[106.54529829967686,37.54736470012085],[106.54980710021755,37.54136390002401],[106.57186780005901,37.55208830013498],[106.577825799621,37.57034180013403],[106.56462159990696,37.59739469960573],[106.58829259972379,37.62622329966558],[106.63917719976803,37.64382110036354],[106.64416909992406,37.65720790022448],[106.71092739957987,37.64130780011493],[106.77013639967515,37.64130780011493],[106.76057190017309,37.719167600004766],[106.76421549984548,37.741140999957224],[106.7970081999685,37.74978440032987],[106.82492430021637,37.76310779978519],[106.85270700042781,37.79712559956681],[106.87320239967107,37.840300100369404],[106.87775699998565,37.85414660038538],[106.87752919991271,37.86529379966919],[106.85407329994291,37.86601300009994],[106.8356274997094,37.86834999995261],[106.82674610005256,37.86151839985433],[106.81535979981498,37.87554060041845],[106.80943889998531,37.91956750024002],[106.81194390039076,37.926393799734115],[106.80966660023347,37.933578700296835],[106.8130824996577,37.94597100016159],[106.78393340010638,37.94525269995222],[106.77414120035615,37.940583300279116],[106.7620715997246,37.956026999846245],[106.75569530029793,37.980981500395956],[106.75592299964677,37.9976728995847],[106.75865570030038,38.00197969980337],[106.75911119972216,38.010054400390345],[106.77755709978038,38.04001250037663],[106.82150839989282,38.034811099552655],[106.84724150019514,38.04790359987129],[106.80647840015808,38.112256199564],[106.80124069999835,38.12838030011079],[106.80237930016466,38.14360529984475],[106.81909089992513,38.16145399970236]]]}},{"type":"Feature","properties":{"shapeName":"Jinfeng District","shapeISO":"","shapeID":"62558664B29302609444097","shapeGroup":"CHN","shapeType":"ADM3"},"geometry":{"type":"Polygon","coordinates":[[[106.05007040022883,38.312381099708034],[106.0637211996737,38.30654589987341],[106.0796603996078,38.28234859970814],[106.10757170017388,38.325222699967696],[106.1356809999782,38.314972499781106],[106.17052079989509,38.36745049974081],[106.16359240036905,38.37117530010005],[106.16933299961829,38.38622779997303],[106.20239120029373,38.3890207003451],[106.21030930013416,38.40624120037114],[106.22080080011688,38.39926040004747],[106.22475980012473,38.40453479974127],[106.23307390024036,38.40081170000002],[106.23921039994008,38.404224600185216],[106.25841179976481,38.40143229966094],[106.26665840036492,38.4019015002541],[106.26488200010431,38.407367700159284],[106.26929160002737,38.41287359973688],[106.27140870035129,38.42031810040004],[106.25796629990487,38.440555199962546],[106.25133579990728,38.46553519988964],[106.24882620036891,38.46968969991974],[106.24875450012013,38.48271279955611],[106.25638100018307,38.49936960002708],[106.26008359987827,38.506114900282455],[106.27571499964756,38.51312849978052],[106.29471649996657,38.53175309962592],[106.29567600014735,38.552763500135484],[106.27746109994985,38.591137900094054],[106.23000399968493,38.61994290014479],[106.21611710032397,38.64059159962267],[106.19026490010509,38.57398970016459],[106.1628741999844,38.4690654004479],[106.07682990037966,38.35251800000577],[106.05007040022883,38.312381099708034]]]}},{"type":"Feature","properties":{"shapeName":"Jingyuan County","shapeISO":"","shapeID":"62558664B97919068487908","shapeGroup":"CHN","shapeType":"ADM3"},"geometry":{"type":"Polygon","coordinates":[[[106.18600910043972,35.76949670001272],[106.18730280038397,35.69863690007293],[106.20055809957671,35.67993830041229],[106.19916279962354,35.65670060025258],[106.22288279990136,35.63969319998125],[106.19986049996214,35.62721870028287],[106.19916279962354,35.61304089991762],[106.216603999575,35.592053000445674],[106.21590630013571,35.56708729973917],[106.20474400033538,35.548925500011876],[106.20683689990307,35.51997169993405],[106.19706990005591,35.50861440013449],[106.20613930028856,35.49271150043546],[106.23544050037884,35.49384759958713],[106.24799810013229,35.47964610028737],[106.25846280031806,35.44100540027904],[106.23639679987247,35.4080658003964],[106.25350549977907,35.3741533004345],[106.2451192002909,35.35725749973386],[106.25426930028806,35.3451417000295],[106.26166140015357,35.33156660011855],[106.27513790019401,35.330252699602454],[106.28669110021417,35.31094979959363],[106.28478410040594,35.3031684003015],[106.30075539984188,35.28935480018396],[106.31005219994915,35.28818730030372],[106.32173269990426,35.27767940028417],[106.32057239999631,35.26535409991186],[106.33436679958817,35.25296099965044],[106.3486694995978,35.251793099571955],[106.35367540039948,35.242253899797674],[106.3618469004142,35.23535540003172],[106.37558749986329,35.24710979997735],[106.37024130009598,35.27238320012464],[106.37799000003855,35.27651179967984],[106.38967059981837,35.27300880001616],[106.41624570027892,35.27793660009405],[106.43806139961396,35.2953864002622],[106.47062679968712,35.312320700040345],[106.48884960042875,35.32830120044008],[106.48884960042875,35.3437006003025],[106.50946389993908,35.3590888998329],[106.49914089963289,35.37580430012838],[106.49948120039716,35.39184190028351],[106.50324799999527,35.41598009970187],[106.48530769969062,35.449073800215785],[106.4917955995873,35.47931949979511],[106.46974650010094,35.479618799568016],[106.46269040044172,35.502958900133194],[106.44335170022083,35.52667619974687],[106.45220179987325,35.56876369988487],[106.47788999972374,35.580959300031736],[106.47001649996156,35.6082686996408],[106.43910979957764,35.69412989997494],[106.32718390001702,35.7349453000856],[106.31238449994476,35.76217009957048],[106.29265209991456,35.77337770002089],[106.26699989992551,35.769375199805665],[106.232468099823,35.77577910032528],[106.18600910043972,35.76949670001272]]]}},{"type":"Feature","properties":{"shapeName":"Xixia District","shapeISO":"","shapeID":"62558664B74039137846551","shapeGroup":"CHN","shapeType":"ADM3"},"geometry":{"type":"Polygon","coordinates":[[[105.84321600001846,38.47976049974733],[105.84684750021205,38.475996100439716],[105.8496188995926,38.46886700011203],[105.86030829988817,38.470726899726685],[105.8630797001681,38.46933199997187],[105.86486119958477,38.46638719960964],[105.86842439986623,38.46607719970308],[105.86862230017908,38.46235729974961],[105.87357120015082,38.462512299702894],[105.87614449956908,38.45770720042702],[105.88564630013673,38.450421299703294],[105.88722990013986,38.44654549957522],[105.883270900132,38.44065400038187],[105.88346880044486,38.43662270027744],[106.00510200015725,38.3850926999682],[106.00528589982446,38.377881600355636],[106.02726349961085,38.35454769971665],[106.04328359985828,38.3447934000954],[106.04361580042888,38.31940679958416],[106.04752010007263,38.31361600017834],[106.05007040022883,38.312381099708034],[106.07682990037966,38.35251800000577],[106.1628741999844,38.4690654004479],[106.19026490010509,38.57398970016459],[106.21611710032397,38.64059159962267],[106.23330669964452,38.67706740034032],[106.20519889990936,38.677291300053525],[106.20347800040946,38.66855830022541],[106.17967249978608,38.66967800023957],[106.14869650034325,38.679530399708256],[106.14611519965678,38.67012579966598],[106.13406900028417,38.674380399635766],[106.11858100011312,38.651313100319385],[106.11800739992162,38.644817100229034],[106.1208755996293,38.64033670027857],[106.11714699963437,38.636304099754454],[106.0850237998086,38.65153709985731],[106.05662919997764,38.65265700042028],[106.05117969958354,38.651089099882086],[106.04429619960996,38.6531050003955],[106.02594009955601,38.65355300037072],[106.01360710008765,38.657808499662565],[105.99266960042178,38.656912600436215],[105.97517399958048,38.66072009975284],[105.95624420040957,38.66878219993862],[105.94706619984532,38.675499999825206],[105.94677939974957,38.67930649999505],[105.93444640028122,38.68691879976285],[105.93186499976997,38.690053000045964],[105.9178110999024,38.691843999900755],[105.89945499984844,38.70012639981354],[105.88566840007667,38.702987100074665],[105.89399270030293,38.682580099691904],[105.87136129968428,38.659675399600076],[105.87471409997579,38.649420399731696],[105.86046470008591,38.642655700200464],[105.85089830031637,38.62365850043949],[105.86728669992135,38.59499740001007],[105.86549389962386,38.588078099824486],[105.87499349955044,38.58261809984549],[105.87108190010969,38.57409960001655],[105.85621759956263,38.56840150002927],[105.85347969992824,38.55727810040406],[105.8654709003618,38.532720600175594],[105.86018529961194,38.514660500281934],[105.8453770996735,38.50351020013568],[105.84900930043892,38.491483499863705],[105.84321600001846,38.47976049974733]]]}},{"type":"Feature","properties":{"shapeName":"Yuanzhou District","shapeISO":"","shapeID":"62558664B93831392678956","shapeGroup":"CHN","shapeType":"ADM3"},"geometry":{"type":"Polygon","coordinates":[[[106.31238449994476,35.76217009957048],[106.31793229983583,35.76907740010199],[106.31694029995492,35.7853424001317],[106.31932080001496,35.80067839958855],[106.31828329983449,35.81122190017061],[106.31523130028432,35.816963399641224],[106.30573280022861,35.82571789956148],[106.29872129974825,35.831023899633294],[106.29029829982676,35.83450289998888],[106.278266799873,35.84418490041287],[106.27635179969587,35.85221090001306],[106.28098280011619,35.86799240022913],[106.28835280004176,35.8732224003935],[106.30471029984051,35.87382140013756],[106.3167802997711,35.86848839971992],[106.32377630043595,35.8636399000614],[106.33307630033107,35.86359039957733],[106.33619680034212,35.86540589966262],[106.33772279966752,35.87753290042309],[106.33496830034682,35.88579540013768],[106.3299338002048,35.88994589998333],[106.32602679989697,35.89683890039498],[106.31484979977847,35.90720740010147],[106.31810779983516,35.92643039984313],[106.32122030037664,35.92778440022994],[106.3252333001767,35.93554690026929],[106.3326263002636,35.943065399848365],[106.33631879967294,35.94579289972262],[106.34678630034756,35.949397899593464],[106.38008129971229,35.9501188995676],[106.38545980042949,35.95146190034649],[106.39794179957443,35.95917489990177],[106.40500629980096,35.96050640015028],[106.44339730034517,35.962554900188536],[106.45861829989468,35.961082399733016],[106.48323830030739,35.94121940015526],[106.49137879979185,35.93750389968528],[106.49758930020607,35.937686900030485],[106.51764679976009,35.94052439958142],[106.5258787998668,35.94527790025495],[106.53421030006535,35.95941940038506],[106.53511030020024,35.96422189972094],[106.52883929969397,35.98419189973646],[106.52969380042862,35.99523139980931],[106.53517929978494,36.00000739972177],[106.50068680005586,36.004649899773085],[106.48837279966506,36.02312890027855],[106.4776613003288,36.049686400107305],[106.47586830038182,36.05881890037199],[106.46748330041402,36.079517399808196],[106.46383680042806,36.09890740005653],[106.47157280014466,36.11577590003782],[106.47408279988139,36.13679489986481],[106.4712372999615,36.198001900367444],[106.48274229991728,36.20362839993078],[106.48696879967042,36.210632400065265],[106.4929962997395,36.214935399748924],[106.49809280004274,36.22173290025319],[106.50566030008287,36.236633400311234],[106.50750729982207,36.24632640034315],[106.51184080001298,36.25103739995609],[106.51519780013842,36.25870490011113],[106.5164412999261,36.27251049985972],[106.50833890022011,36.27688219965387],[106.49611660010106,36.26483540043341],[106.4678268000668,36.29848859976914],[106.47048950019035,36.30912400027245],[106.506179799758,36.294727300424654],[106.49645999992913,36.344501500343995],[106.49974820011943,36.37420269999467],[106.51313779956985,36.38581850002379],[106.48457339964273,36.39146039957785],[106.4798964996238,36.41520690017836],[106.51650239986594,36.454776800409036],[106.5211068001388,36.475274699767624],[106.51062009983781,36.480094899560015],[106.48310850025712,36.50046160042257],[106.45258440024992,36.49714260025087],[106.43243230011063,36.51379450031601],[106.42123129978472,36.51279419969262],[106.41158599979411,36.518545599799666],[106.41625300007593,36.52579670035749],[106.40474089997264,36.53454720009324],[106.39665130031733,36.54454650022086],[106.38296119959972,36.54304669994531],[106.37082680011679,36.54554639974663],[106.3677154003455,36.557293800268724],[106.35748239969303,36.571821200388115],[106.36400420043356,36.577348699882634],[106.38825059998527,36.553294900039646],[106.39820699975331,36.57478659972185],[106.42697909990562,36.55905150002678],[106.45422779977321,36.55814079975818],[106.45263670032352,36.57629390034327],[106.46883550035813,36.58003369959562],[106.45794559980965,36.59252529990272],[106.44332209993502,36.59877030010932],[106.4437439997858,36.62455750002863],[106.42835229991874,36.62635789959745],[106.4210127996011,36.62523339990156],[106.3966827999713,36.616283399959],[106.37476329998634,36.61061090007303],[106.3592228000922,36.60856240003477],[106.31610880028097,36.59423440029741],[106.30615229978889,36.59463489988076],[106.29049679998741,36.60152840031549],[106.27306380005439,36.603999900075394],[106.26566329962162,36.604244399659365],[106.2434387999607,36.59945690011591],[106.22679879972486,36.58946239967008],[106.21988680023571,36.576045899698556],[106.21048730024876,36.57321140028597],[106.19805129962782,36.561404899916226],[106.18681330029364,36.55935689990105],[106.18321980005379,36.56393439965285],[106.17115779959283,36.56566240019964],[106.1683273003647,36.571033399671705],[106.14742280042196,36.56460940020372],[106.14003729978162,36.56460940020372],[106.12513729974665,36.56139739957041],[106.10756679976805,36.560622899827024],[106.08270279979445,36.55227289967462],[106.05799880000467,36.55218840027453],[106.04699679986248,36.55643440002757],[106.03816229985034,36.557304399678344],[106.03395079988957,36.55625089965935],[106.02626779991908,36.55072790037235],[106.02581030040511,36.53670889959608],[106.03343979970703,36.513984400259915],[106.02828979963459,36.49728790011653],[106.02086629993983,36.486263399836105],[106.02055379991799,36.48142989996995],[106.02478029967114,36.47008490019806],[106.03159329999085,36.4643284000357],[106.04052730009488,36.44922639967865],[106.0445708004022,36.43029790002811],[106.04572279956761,36.4121933997057],[106.04453280044845,36.407562400184645],[106.0428313002244,36.40153890030007],[106.0298382999976,36.388957900186995],[106.02246830007203,36.37150190009265],[106.00907080007744,36.355689900268715],[106.0003507999495,36.34875489971893],[105.99365979985993,36.3407324002801],[105.9628373003012,36.31677990007239],[105.9580687998353,36.30445490007361],[105.96438009986178,36.28794410004025],[105.96747720041253,36.28286559966773],[105.97003600006144,36.28176989986105],[105.98892229992424,36.246436900042966],[105.99503330024669,36.22550889991584],[105.99614730035768,36.20832839993574],[106.00103780015439,36.1891973999401],[106.00660679976409,36.17927189997823],[106.00791930003572,36.16966989964618],[106.01215380015782,36.15809640012884],[106.03999329975102,36.11375440034533],[106.03751379962222,36.100585900119256],[106.0395203004216,36.076316899705205],[106.02445229983385,36.03772339971516],[106.02039329971109,36.01670439988817],[106.01892080015489,35.992515399566116],[106.0137708000824,35.97787089962236],[106.01512080028476,35.96550440040778],[106.02718329986948,35.95080539974947],[106.03589629967456,35.94322189987082],[106.03896329991642,35.93679790040284],[106.0445708004022,35.93037039987411],[106.05909730030021,35.90398389983716],[106.06075280020161,35.89573289975357],[106.059593299791,35.88840489996619],[106.05758679989094,35.88566589956167],[106.04656229961051,35.87791440002957],[106.03951280007573,35.87541639994697],[106.02735130042225,35.86812590009026],[106.0120773002273,35.855808400437354],[106.00493630007026,35.83544540028504],[105.99220280011917,35.82128140001663],[105.98597729991252,35.8164864001273],[105.98002629977395,35.808948399648955],[105.97888180005509,35.80299390024834],[105.98027779968078,35.798637399896165],[106.00669880040937,35.789631400069084],[106.01483929989382,35.7841108999981],[106.02274330016326,35.78706340035569],[106.02892280004727,35.78498089964887],[106.03144829959939,35.78314190027851],[106.02725069956017,35.77818039990558],[106.04698320031451,35.769375199805665],[106.11604669979545,35.77097619989178],[106.1495919004459,35.76457190007318],[106.18600910043972,35.76949670001272],[106.232468099823,35.77577910032528],[106.26699989992551,35.769375199805665],[106.29265209991456,35.77337770002089],[106.31238449994476,35.76217009957048]]]}},{"type":"Feature","properties":{"shapeName":"Xingqing District","shapeISO":"","shapeID":"62558664B19918236580328","shapeGroup":"CHN","shapeType":"ADM3"},"geometry":{"type":"Polygon","coordinates":[[[106.47833989996644,38.3180203003966],[106.4904479996755,38.33734509979655],[106.58945060006522,38.38578309961042],[106.61534879970742,38.438877100098125],[106.6596797998829,38.56975060001025],[106.66902470022978,38.60503770022973],[106.65254880018705,38.608559900419095],[106.6349389000103,38.626697000266404],[106.63814069963365,38.63826479988069],[106.64774610030236,38.642016099663294],[106.65094789992571,38.64733019992883],[106.64574499993188,38.651393600434346],[106.62133119967518,38.647955299797275],[106.61172570008108,38.65451909977668],[106.58851259997658,38.65733200017172],[106.58622840022053,38.653478600357175],[106.57158929980642,38.64320099962646],[106.55965219988917,38.63752649964829],[106.55018199969959,38.62947620036641],[106.54194069970362,38.60922009992771],[106.53579049973183,38.60321240023211],[106.52495690034073,38.597030400232825],[106.51891810029014,38.58502779999304],[106.52150330043702,38.57276709972194],[106.53506210013586,38.55116069960667],[106.53626299993755,38.54150110039552],[106.54226830024191,38.52794510028622],[106.54218799977644,38.52291539982588],[106.52576739994561,38.51849890030405],[106.518871900318,38.51849890030405],[106.51299039978716,38.52135499963356],[106.5002135003528,38.52183109982548],[106.48926190001674,38.51770550040857],[106.47689060022111,38.52024430003445],[106.46228839988981,38.521196399694134],[106.46208560007045,38.51707080027728],[106.45052549955221,38.515642600425736],[106.43551769958225,38.51770550040857],[106.43855980029463,38.50707310004361],[106.44383279974397,38.50326409975844],[106.44079069993091,38.48993110004028],[106.44626650009894,38.48723240005529],[106.44383279974397,38.48199360002468],[106.44565809974159,38.479294599666105],[106.44018229957351,38.47564289980005],[106.44180469992705,38.47103839970242],[106.43632889975896,38.465798300151505],[106.44525250010287,38.460875500304155],[106.44241320010917,38.45769929988285],[106.43044749995221,38.46214589971356],[106.42679689995703,38.45754050029393],[106.42598569978026,38.44769339963074],[106.42172670032704,38.446581600160755],[106.41767059961853,38.450234800095984],[106.41888740033335,38.454522999636765],[106.41726490015509,38.45690530013957],[106.40894979999331,38.459128599605265],[106.40266279964857,38.45531710010414],[106.39110270002965,38.45404659997064],[106.38542410004226,38.45198190044442],[106.36737410043446,38.45372890006871],[106.38319320040591,38.47119710036594],[106.38299039968723,38.47643679971861],[106.36737410043446,38.477548199889554],[106.36007300026881,38.47580170028829],[106.3519606999264,38.4772305998124],[106.3519606999264,38.4804059998371],[106.35621970027898,38.48151730018333],[106.35074380028624,38.49532809981201],[106.35703089955643,38.5019944000216],[106.35662529991771,38.508501399719876],[106.33979219995012,38.51119930020758],[106.33370800032401,38.5094536001036],[106.3351209000096,38.5171941998525],[106.31968810022573,38.51782100033893],[106.31223100006065,38.51580130018988],[106.30966510026423,38.51842829992614],[106.30629539991281,38.51884540009519],[106.29750449993281,38.5057450001317],[106.26378759981793,38.49943610039577],[106.25638100018307,38.49936960002708],[106.24875450012013,38.48271279955611],[106.24882620036891,38.46968969991974],[106.25133579990728,38.46553519988964],[106.25796629990487,38.440555199962546],[106.27140870035129,38.42031810040004],[106.26929160002737,38.41287359973688],[106.26488200010431,38.407367700159284],[106.26665840036492,38.4019015002541],[106.27306039971774,38.40391429990507],[106.28177029955975,38.40174250011631],[106.29127200030263,38.396467899873755],[106.30532669966749,38.39755389959282],[106.3073062001211,38.406861700207344],[106.3136406999584,38.41073950042767],[106.31502639964867,38.41539269971338],[106.31997519979569,38.41647839995824],[106.32492399994271,38.4126009001115],[106.3245281003916,38.406861700207344],[106.33798890006773,38.40313870029081],[106.3383847996189,38.39786419987297],[106.34511519990662,38.396467899873755],[106.33937459975806,38.392744399934145],[106.34907429973919,38.38808969967994],[106.37916309999713,38.380952000034824],[106.373818400299,38.371020099597956],[106.35837810016926,38.360155600400674],[106.36253510031469,38.356119700264],[106.34927220005204,38.34602919988771],[106.37070069987743,38.335087500188024],[106.3708125998217,38.33399610004005],[106.37839749994475,38.339404700166824],[106.39436079991106,38.34519360020454],[106.401554899639,38.35045359995371],[106.41664939965011,38.33873929987885],[106.41269029981754,38.33516810012776],[106.42892249977359,38.32476409968348],[106.42991220008804,38.31063079957181],[106.42753680008332,38.29804830028888],[106.4592093001691,38.29385359966392],[106.46039699972181,38.33314959967436],[106.4693048997014,38.33330480017645],[106.47049260015342,38.3263170004293],[106.47504549985001,38.32367700009354],[106.47833989996644,38.3180203003966]]]}},{"type":"Feature","properties":{"shapeName":"Zhongning County","shapeISO":"","shapeID":"62558664B92704228319062","shapeGroup":"CHN","shapeType":"ADM3"},"geometry":{"type":"Polygon","coordinates":[[[105.42746209989605,37.68396529955896],[105.42817019999478,37.67301920037585],[105.43349570006654,37.66609389991362],[105.44642910042273,37.66097479964736],[105.45061340038819,37.65525299982613],[105.44535310026544,37.62931430011491],[105.4520269997463,37.612833899864654],[105.44731600013336,37.595727700073326],[105.4528121996234,37.57488399969691],[105.45045669981693,37.56803860040117],[105.44574570020399,37.56461559993005],[105.44810120001046,37.552167099632015],[105.43514600008791,37.54096169982262],[105.43318310021994,37.535358300245434],[105.44181989956877,37.52259360011459],[105.44142729963022,37.49518869969876],[105.45477510039063,37.492385399566615],[105.48147060028805,37.49768049985522],[105.49560360002619,37.49550019967455],[105.50070719957768,37.50172939969207],[105.50855879994873,37.50110649956537],[105.51326979956167,37.49674609975273],[105.52112139993272,37.49612309980125],[105.52858050019,37.498926300108735],[105.53395320028005,37.495056899556346],[105.53668249969769,37.48698960038979],[105.53216259972424,37.48018460043903],[105.52624939988993,37.4768801998614],[105.52524290023973,37.46909199989591],[105.52775919972737,37.46200200029216],[105.53807569973384,37.45381269999615],[105.52750750017105,37.445922200349344],[105.52574620042685,37.433335600157875],[105.52348159959621,37.431337499925746],[105.51706520029882,37.431936899868106],[105.51354250008637,37.42963909966477],[105.51316499976497,37.414261899567066],[105.50964229955252,37.410864300447145],[105.50033230009564,37.41326259988915],[105.49353839957752,37.41226330021118],[105.4912737996462,37.40506799988833],[105.4927836003829,37.38567720014271],[105.49655790032688,37.38107859959774],[105.51190690038322,37.380078899721525],[105.52398479995861,37.37408030026569],[105.5388305996525,37.359281599865994],[105.54814060000876,37.35548150017115],[105.55719909955883,37.34427999982216],[105.57581920009608,37.33467739964232],[105.5743094002587,37.32647420032413],[105.56902529957796,37.32167189973842],[105.56172830032085,37.31847019993984],[105.55770229992129,37.31226650019886],[105.55543769998991,37.30366059975694],[105.55770229992129,37.300458099561695],[105.56399290025223,37.2980562001336],[105.54512110015872,37.2696274998093],[105.53732079981512,37.24759779959885],[105.53606270043332,37.22676390003403],[105.51693940043305,37.22015189999024],[105.4940416997647,37.17164629993687],[105.48297029983951,37.16322480008449],[105.47516989967119,37.14296930039296],[105.45579499993937,37.12351090040778],[105.45151739980821,37.116087299988976],[105.44900120014535,37.104448800172065],[105.41327069998289,37.095417700266694],[105.38735350036382,37.105652899761594],[105.37477240042602,37.108060900190424],[105.36571389997658,37.10705760032806],[105.33954509972665,37.09742470018983],[105.33400940021369,37.087188499749516],[105.3214283002759,37.085783399884065],[105.32042179972632,37.0899985996557],[105.31438280002624,37.08558269998167],[105.30859549988247,37.08859349979025],[105.30683410031355,37.092808499912394],[105.29626599967622,37.091805000400484],[105.29324649982618,37.08457899992095],[105.29324649982618,37.07494330019318],[105.26456149991333,37.04763539975397],[105.2577677001193,37.04663130039427],[105.26280520039973,37.03758419975105],[105.26430990018179,37.025942799620566],[105.26858739958885,37.01931329966908],[105.26758099976337,37.012482199593876],[105.27060039978869,37.00665529960247],[105.2748779999198,37.00645430022581],[105.27563289983851,37.012482199593876],[105.2894721998822,37.01167849976298],[105.30104680016973,36.98977460031762],[105.30532440030089,36.9734933000758],[105.3269639997888,36.96022450026055],[105.33702890006373,36.958414999552645],[105.34256459957669,36.95399139988325],[105.34734549989497,36.944339099569845],[105.35439090031986,36.94514349997257],[105.3662172001637,36.950170899967134],[105.37754019982043,36.94755670028155],[105.38508890043249,36.95057300034375],[105.38961810029514,36.94936649956435],[105.39414730015784,36.944942399871934],[105.40043789958946,36.94353470006638],[105.41025120013285,36.93468559956085],[105.40446389998903,36.931869799751496],[105.40043789958946,36.92161119989703],[105.39490220007656,36.9137654999779],[105.38961810029514,36.90954050029393],[105.39666359964548,36.90350449983288],[105.41150930041397,36.90068750032793],[105.42358719998936,36.90229719955619],[105.43390379982054,36.90672370043848],[105.44245900008286,36.919599500116874],[105.45931770015181,36.92885270019201],[105.47114399999566,36.92885270019201],[105.49026729999593,36.92603660000913],[105.4927836003829,36.919197200090764],[105.49580300040822,36.91778900026219],[105.51492640023326,36.928249300065204],[105.51693940043305,36.93368000013197],[105.52172020002729,36.93569119988899],[105.5259978001584,36.93528899968766],[105.53203679985847,36.931869799751496],[105.53480460015226,36.936294600015856],[105.54159839994628,36.934484500359474],[105.56223149978393,36.93589239981446],[105.56952859976514,36.933076600005165],[105.57003180012754,36.927847000039094],[105.58361950043968,36.928249300065204],[105.58663889956563,36.932875400079695],[105.59393600044615,36.93549009978835],[105.59745869975927,36.939914700403165],[105.60374930009021,36.93850689987357],[105.61230450035248,36.93911030000038],[105.61809179959693,36.93609349991516],[105.63167949990907,36.936696900041966],[105.62840840032749,36.94112139993274],[105.62790510014031,36.948964300262276],[105.63293760019013,36.950170899967134],[105.63142780035275,36.95499679966264],[105.63620869977171,36.95560000013995],[105.65583529995916,36.936294600015856],[105.66162260010299,36.932875400079695],[105.66564859960323,36.93468559956085],[105.66917129981567,36.927847000039094],[105.68602999988462,36.9268412000614],[105.69408199978454,36.920806500020035],[105.71622479963486,36.920203000068454],[105.71899269975336,36.90632129968827],[105.72729619956004,36.90370569975829],[105.7303157003094,36.899278900301056],[105.74541309973483,36.89686419992296],[105.7512074002014,36.8938046002022],[105.75275589966509,36.89953850040155],[105.75029109985445,36.9045753999348],[105.73221609999308,36.916400099884754],[105.73468089980372,36.91880860033666],[105.74043200043656,36.91508630009275],[105.74590929977444,36.915305300299394],[105.75138650018687,36.90939309961192],[105.76234109976201,36.90961209981862],[105.76316269969891,36.91399149960807],[105.77932060036545,36.92318740027838],[105.7815114999558,36.92975530026695],[105.80424220011753,36.94113820016787],[105.80835019980196,36.94617249976113],[105.81711379996199,36.949674299729224],[105.8261513003423,36.958647100183555],[105.82560359972643,36.96871289978054],[105.82861610015294,36.97549560014187],[105.84230920010958,36.98184020026508],[105.8005184996291,37.029558700173936],[105.77837569977879,37.066912599836655],[105.77258839963497,37.07072730002494],[105.74088389987213,37.07153040000799],[105.73559980009077,37.073939500307745],[105.70540500034053,37.10103720040655],[105.69735310026545,37.105050800054414],[105.68175239975352,37.108060900190424],[105.67319730021529,37.11388010018652],[105.65558370022762,37.14738189955506],[105.66011290009033,37.16863879974085],[105.60022659987771,37.214541300440715],[105.60072980024017,37.21794780015091],[105.63595710004017,37.241788900437484],[105.6384732997031,37.2477981002022],[105.64803499961562,37.25180399985476],[105.65256420037758,37.25600989973714],[105.66111939974058,37.2582128997056],[105.66489369968457,37.25741179981475],[105.67420379986555,37.24479360014459],[105.68250729967218,37.22335779962282],[105.67521030041507,37.21574359958748],[105.67521030041507,37.20592410001723],[105.67244240029657,37.204120399936585],[105.67294559975966,37.201314599689056],[105.67646839979687,37.20111420016025],[105.67848130017194,37.19530170011342],[105.69458520014695,37.18648190041944],[105.70288879977835,37.17244830004904],[105.7645363997351,37.17766109977998],[105.77988539979145,37.186281400166536],[105.77639499962959,37.19029189985133],[105.77992999986964,37.194166000260736],[105.78045189983538,37.196014800442754],[105.7766436001221,37.2013103000304],[105.77278410020614,37.20092830040079],[105.7713616002577,37.203885800089665],[105.77287249996596,37.20800440008304],[105.77885289984152,37.20945469987453],[105.77912589984044,37.21217489995172],[105.77287579957857,37.21611580020408],[105.76953830035234,37.21477619976184],[105.76770740027638,37.21547600001742],[105.76711899994194,37.22248789979682],[105.77163880009061,37.22226710004668],[105.7637444999088,37.22842960004607],[105.76797630026613,37.23351960004953],[105.76490980004729,37.23640500019064],[105.75637109964657,37.239251900354986],[105.7533059996722,37.242794300216815],[105.7543588998434,37.24747130006051],[105.74992810020171,37.2504179997909],[105.75140800027907,37.25596150002326],[105.74647460012278,37.26016229985032],[105.74463800014365,37.26655400016705],[105.7458236996041,37.267997199810964],[105.74240220010154,37.27407039982916],[105.7389994002022,37.27637709972345],[105.74033789987425,37.27827910020039],[105.73536549971811,37.28264209995302],[105.77117519957585,37.2899843998602],[105.77520119997547,37.29538930017611],[105.78602100016906,37.29839180014153],[105.78979530011304,37.306998300431246],[105.79658909990712,37.30919980033059],[105.92692989989501,37.29739089967035],[105.94026589975152,37.30659799959807],[105.94932430037625,37.316404399643375],[105.94026589975152,37.32680969960802],[105.93145909975772,37.32941079976865],[105.93095579957054,37.33301209982858],[105.91862630026361,37.33961420013526],[105.90680000041976,37.33961420013526],[105.88188929955157,37.34741589982394],[105.87962469962025,37.35021629964257],[105.8705662998949,37.35101640038664],[105.85093969970745,37.36321690003996],[105.84515239956363,37.37061619987776],[105.84615890011321,37.37861460018371],[105.85370759982595,37.38101389967176],[105.8710695002573,37.37881449968944],[105.88465719967007,37.37961430005993],[105.88843149961406,37.38421300042967],[105.87685690022585,37.404003899560394],[105.88616689968273,37.41059979994088],[105.91736819998249,37.41839410000779],[105.92718149962656,37.4115990996188],[105.93347200013278,37.4163955995773],[105.93925940010132,37.41479680013225],[105.9412724003011,37.43378050016997],[105.98052559977668,37.4377764002607],[105.98379670025759,37.44057349956739],[105.97473819980814,37.45415759989339],[105.96794440001412,37.45915119976809],[105.9611506002201,37.459750400060955],[105.96693790036386,37.46294599975812],[105.97977069985797,37.463145699614415],[105.99310669971447,37.469137199821944],[106.00342319972094,37.46654100006714],[106.02028199961467,37.47452920026245],[106.02405629955865,37.47892230032397],[106.02304979990839,37.48391419958068],[106.02682419967715,37.487707799875125],[106.02304979990839,37.4915011996207],[106.02506280010817,37.4948951996538],[106.03487609975224,37.49988599993901],[106.03839879996468,37.51106419975309],[106.04292809965216,37.51246139997369],[106.05500600012687,37.510465500382566],[106.05852870033931,37.51585439996063],[106.07035500018316,37.519047700091335],[106.0711098002771,37.52683070017673],[106.0678386997962,37.5336152000815],[106.05198650027683,37.53960110021063],[106.0424248003643,37.54119719989092],[106.0059395001079,37.576902000127234],[106.00040379969568,37.58906559969773],[106.00015210013936,37.59664200032813],[106.01122359988926,37.597838200272804],[106.0147638000094,37.60960550009378],[106.0151287997544,37.627283999656925],[106.01914169972974,37.63117400008008],[106.01733999974124,37.63735719977501],[106.00427420029416,37.64238280022607],[105.99880900043507,37.64799480002006],[105.98217730004245,37.646364099823415],[105.96811379991198,37.65188330037404],[105.94846890031954,37.64993910010941],[105.94015909986263,37.65209740017491],[105.92520340031672,37.66290610003654],[105.89718679993092,37.62789759989437],[105.89195429965127,37.62574389986116],[105.8777360999411,37.64416750032996],[105.88988969994978,37.652962299770365],[105.88868320006969,37.66200569970334],[105.8932123999324,37.67315959983574],[105.89136819978268,37.680751600106305],[105.90375589961513,37.70422929964252],[105.89987679987445,37.71059959969182],[105.89811099992278,37.739913199634486],[105.88305580028504,37.73460039978869],[105.86267530022496,37.73956459992638],[105.84607449963852,37.73978789979179],[105.83809820017188,37.727937699565246],[105.8138666996885,37.73599330035057],[105.80800810039358,37.73249759958463],[105.77918489986331,37.73869289965762],[105.76067689981915,37.73082459977553],[105.74680729981708,37.72673419982351],[105.71303520021439,37.73068570038481],[105.70456190031149,37.72847010001516],[105.69940509956575,37.730937399941126],[105.69127740013198,37.72558319980487],[105.67938140013155,37.72712750033395],[105.64783750040039,37.71651640041159],[105.6441450999165,37.710408099853964],[105.62582510044808,37.70791379958223],[105.59419899998392,37.707808999785584],[105.42746209989605,37.68396529955896]]]}},{"type":"Feature","properties":{"shapeName":"Yongning County","shapeISO":"","shapeID":"62558664B40647556732828","shapeGroup":"CHN","shapeType":"ADM3"},"geometry":{"type":"Polygon","coordinates":[[[105.84696269976882,38.26078059974492],[105.8952961003348,38.25666640013429],[105.89465199959017,38.25009089997508],[105.90012690043619,38.246803000158366],[105.89980489997623,38.24199720031061],[105.97194509978658,38.21771069998886],[105.9555203001218,38.182025100278224],[105.94521460007377,38.178227700348145],[105.93571390027631,38.160466900227334],[105.94402600029974,38.15545319960552],[105.94539229981484,38.14936449977188],[105.95495690004094,38.14345449972541],[105.96702639994845,38.14076790011853],[105.97624939988998,38.16252610039925],[105.9695314003539,38.16386899955472],[105.97545230018358,38.17765450035495],[106.0025382002778,38.16888089973378],[106.00386670038796,38.17416620011011],[106.0102273003497,38.18223589956716],[106.0180884002595,38.18112129960832],[106.02230129956536,38.178167700279175],[106.03790059983288,38.17217040034376],[106.04029180002664,38.174945299885735],[106.05452470005491,38.18282189961104],[106.05418309977028,38.19051859985353],[106.05646039992757,38.194814100090696],[106.06135649980268,38.19579849980096],[106.07046559970775,38.205193799953975],[106.07456469970117,38.20743060004219],[106.07889149994281,38.206178000014745],[106.07911920019097,38.20304639967168],[106.07672809982199,38.19964619971239],[106.080257900182,38.19714070018324],[106.07866379969465,38.19374029967514],[106.07479239994933,38.19356130041376],[106.07297060011314,38.19159250009386],[106.07741130039125,38.18371690041465],[106.07228740044326,38.179868300281896],[106.09005009993223,38.17691450040394],[106.09221350005305,38.1823743996589],[106.1049661996305,38.17942069960566],[106.10701580043889,38.17592990014481],[106.1047385002816,38.171364800245385],[106.12102100021906,38.16751550044006],[106.12193190013716,38.14280369993088],[106.12352599972519,38.14155000003251],[106.14060550044354,38.155787400268366],[106.14789279961309,38.15695139998718],[106.14960070031213,38.15390720025715],[106.15552160014181,38.15184780043569],[106.15677410034453,38.14880340015685],[106.16884370007676,38.14692289977205],[106.17988840002971,38.14943019974396],[106.17818050022998,38.14746019972847],[106.17783889994536,38.14056489975036],[106.18649250042859,38.13769920015801],[106.19216469994103,38.133438500086754],[106.2061831997949,38.12961919986623],[106.21268959964539,38.12558379975263],[106.21578210016384,38.133466999602376],[106.22763119962025,38.146973400302215],[106.23499320007619,38.16043650044418],[106.23960669968949,38.19047220023191],[106.24377110035607,38.2010941001127],[106.26282880020904,38.217689299721485],[106.28566249972465,38.25517780001553],[106.30336820018238,38.26732549957222],[106.32450570007808,38.276240999722404],[106.3355951997587,38.310792399649586],[106.34025030021127,38.31999119973415],[106.34534049986422,38.32274529975581],[106.35697570006857,38.31910039966374],[106.3620559001597,38.323085999819114],[106.37070069987743,38.335087500188024],[106.34927220005204,38.34602919988771],[106.36253510031469,38.356119700264],[106.35837810016926,38.360155600400674],[106.373818400299,38.371020099597956],[106.37916309999713,38.380952000034824],[106.34907429973919,38.38808969967994],[106.33937459975806,38.392744399934145],[106.34511519990662,38.396467899873755],[106.3383847996189,38.39786419987297],[106.33798890006773,38.40313870029081],[106.3245281003916,38.406861700207344],[106.32492399994271,38.4126009001115],[106.31997519979569,38.41647839995824],[106.31502639964867,38.41539269971338],[106.3136406999584,38.41073950042767],[106.3073062001211,38.406861700207344],[106.30532669966749,38.39755389959282],[106.29127200030263,38.396467899873755],[106.28177029955975,38.40174250011631],[106.27306039971774,38.40391429990507],[106.26665840036492,38.4019015002541],[106.25841179976481,38.40143229966094],[106.23921039994008,38.404224600185216],[106.23307390024036,38.40081170000002],[106.22475980012473,38.40453479974127],[106.22080080011688,38.39926040004747],[106.21030930013416,38.40624120037114],[106.20239120029373,38.3890207003451],[106.16933299961829,38.38622779997303],[106.16359240036905,38.37117530010005],[106.17052079989509,38.36745049974081],[106.1356809999782,38.314972499781106],[106.10757170017388,38.325222699967696],[106.0796603996078,38.28234859970814],[106.0637211996737,38.30654589987341],[106.05007040022883,38.312381099708034],[106.04752010007263,38.31361600017834],[106.04361580042888,38.31940679958416],[106.04328359985828,38.3447934000954],[106.02726349961085,38.35454769971665],[106.00528589982446,38.377881600355636],[106.00510200015725,38.3850926999682],[105.88346880044486,38.43662270027744],[105.883270900132,38.44065400038187],[105.88722990013986,38.44654549957522],[105.88564630013673,38.450421299703294],[105.87614449956908,38.45770720042702],[105.87357120015082,38.462512299702894],[105.86862230017908,38.46235729974961],[105.86842439986623,38.46607719970308],[105.86486119958477,38.46638719960964],[105.8630797001681,38.46933199997187],[105.86030829988817,38.470726899726685],[105.8496188995926,38.46886700011203],[105.84684750021205,38.475996100439716],[105.84321600001846,38.47976049974733],[105.83651479981819,38.462141199856546],[105.8500981995723,38.436333900089494],[105.84286249990453,38.4300062998509],[105.83280409992932,38.43131949979511],[105.82751609978823,38.42655050020545],[105.82973070011178,38.403517799606846],[105.83559810017226,38.384028300165994],[105.81967230013657,38.356208400397406],[105.82466210037569,38.34810010023949],[105.82246480031034,38.3464434995679],[105.83487479973229,38.334349799803476],[105.83860329990245,38.32405379984306],[105.84651679971057,38.31395000029232],[105.85183700007752,38.31274649965127],[105.86283240009527,38.29554889996183],[105.85573779955985,38.28313650024933],[105.85371899963218,38.27440410026907],[105.84696269976882,38.26078059974492]]]}},{"type":"Feature","properties":{"shapeName":"Xiji County","shapeISO":"","shapeID":"62558664B80378065673909","shapeGroup":"CHN","shapeType":"ADM3"},"geometry":{"type":"Polygon","coordinates":[[[106.00103780015439,36.1891973999401],[105.98538979979946,36.17974090002258],[105.97283930019358,36.176349400104755],[105.96441630027209,36.17515940008627],[105.92996979996633,36.17495739976425],[105.91546630022964,36.182288899713],[105.90371679979052,36.191314899563],[105.89968880019802,36.19852840036543],[105.89695730013938,36.21359640005386],[105.88730580022258,36.21442390044268],[105.87843330025669,36.21091839976441],[105.87066630000982,36.19113939956367],[105.85855880014856,36.173515399815926],[105.85501080020833,36.165363399801095],[105.81812279972746,36.135425399662495],[105.80928779969224,36.13145440000062],[105.79807279962006,36.1299243995914],[105.79039780001852,36.13081340011837],[105.77944929964553,36.14054490012711],[105.76690680040855,36.14815540035147],[105.76660129981019,36.15411389993659],[105.7767027997944,36.166625899565645],[105.77880879978636,36.174964900110126],[105.77274329976353,36.188537400080975],[105.76756280008323,36.190425899935406],[105.7627792998249,36.189807900214475],[105.72068780040172,36.17871490037243],[105.70290379957078,36.16776639999944],[105.6928022995865,36.155475399769955],[105.68306730031571,36.152610899873196],[105.67707079987758,36.15377789973036],[105.66668680035559,36.157779399899425],[105.65715729976961,36.167090900324865],[105.6407162997175,36.17868439986523],[105.6370008001469,36.18475390007251],[105.63468929967149,36.18582139983778],[105.62255080017934,36.20651640001188],[105.61769029996742,36.2180593999214],[105.60913830039232,36.229926900406156],[105.60520929996926,36.2346079004343],[105.59456630019469,36.23790340042166],[105.57736180000711,36.23706040021733],[105.56526929993828,36.23065940001135],[105.53314229957755,36.218250399736235],[105.51274130037075,36.20373140018404],[105.48771670036547,36.18857959986872],[105.50393250028475,36.15298249974262],[105.52191079964376,36.14064409984536],[105.50053919992422,36.12475319980041],[105.49120329999238,36.09179340024525],[105.44109180034638,36.09462999957486],[105.37153650030928,36.04431959956992],[105.3341369996229,36.00116730033068],[105.33011629982741,35.89199070021067],[105.39251709998422,35.8563957000016],[105.37143710004221,35.83941270013605],[105.36730190036246,35.807117499572996],[105.38421629994235,35.801422100249795],[105.403037999704,35.82229609968533],[105.41966250012433,35.82049560029179],[105.43044280029505,35.78615949986107],[105.45159909961882,35.76947400022499],[105.45191190001424,35.75344469991302],[105.46766660043335,35.75140380004541],[105.48886740001058,35.73169940040708],[105.49757619998172,35.732288600238746],[105.51699779970875,35.725510599734434],[105.53587479968235,35.731551899900296],[105.54359919994317,35.726520499721346],[105.55269199963612,35.73202530032739],[105.56655350034384,35.73014989999791],[105.57451100038242,35.71973039973818],[105.56449990025027,35.70347309970384],[105.57184289983002,35.69411940039009],[105.58195509994795,35.70534909988112],[105.57948889989285,35.720410000321294],[105.60172049970134,35.72243960020745],[105.64276119976961,35.74348449961002],[105.67259979964109,35.74668499971301],[105.74829859970066,35.73426819961776],[105.76483330011678,35.7275404001694],[105.7482528997516,35.70610049963841],[105.732208300173,35.7022208998747],[105.7287839003568,35.722022800411935],[105.70747379987603,35.71712490009412],[105.69140629996082,35.68850710022252],[105.72509950024181,35.679877900145016],[105.71273040018787,35.647270199560126],[105.74784849980847,35.63029479986517],[105.79155730042913,35.56977839955357],[105.81404879981233,35.57455829982575],[105.85261859996848,35.60189019957312],[105.85261859996848,35.624348799957204],[105.8703778001954,35.64038680031064],[105.8703778001954,35.67565899966314],[105.88320389974024,35.681269000264194],[105.90589619974986,35.67565899966314],[105.93746809987294,35.683673200158125],[105.97397309977879,35.7125178000565],[106.03119719989093,35.71331889994735],[106.05882259968331,35.69409049977679],[106.08052830024093,35.7125178000565],[106.08151489969293,35.730139900436086],[106.04106340035571,35.73334349960288],[106.03021060043892,35.74775809955668],[106.02725069956017,35.77818039990558],[106.03144829959939,35.78314190027851],[106.02892280004727,35.78498089964887],[106.02274330016326,35.78706340035569],[106.01483929989382,35.7841108999981],[106.00669880040937,35.789631400069084],[105.98027779968078,35.798637399896165],[105.97888180005509,35.80299390024834],[105.98002629977395,35.808948399648955],[105.98597729991252,35.8164864001273],[105.99220280011917,35.82128140001663],[106.00493630007026,35.83544540028504],[106.0120773002273,35.855808400437354],[106.02735130042225,35.86812590009026],[106.03951280007573,35.87541639994697],[106.04656229961051,35.87791440002957],[106.05758679989094,35.88566589956167],[106.059593299791,35.88840489996619],[106.06075280020161,35.89573289975357],[106.05909730030021,35.90398389983716],[106.0445708004022,35.93037039987411],[106.03896329991642,35.93679790040284],[106.03589629967456,35.94322189987082],[106.02718329986948,35.95080539974947],[106.01512080028476,35.96550440040778],[106.0137708000824,35.97787089962236],[106.01892080015489,35.992515399566116],[106.02039329971109,36.01670439988817],[106.02445229983385,36.03772339971516],[106.0395203004216,36.076316899705205],[106.03751379962222,36.100585900119256],[106.03999329975102,36.11375440034533],[106.01215380015782,36.15809640012884],[106.00791930003572,36.16966989964618],[106.00660679976409,36.17927189997823],[106.00103780015439,36.1891973999401]]]}},{"type":"Feature","properties":{"shapeName":"Qingtongxia City","shapeISO":"","shapeID":"62558664B52304878141478","shapeGroup":"CHN","shapeType":"ADM3"},"geometry":{"type":"Polygon","coordinates":[[[105.59419899998392,37.707808999785584],[105.62582510044808,37.70791379958223],[105.6441450999165,37.710408099853964],[105.64783750040039,37.71651640041159],[105.67938140013155,37.72712750033395],[105.69127740013198,37.72558319980487],[105.69940509956575,37.730937399941126],[105.70456190031149,37.72847010001516],[105.71303520021439,37.73068570038481],[105.74680729981708,37.72673419982351],[105.76067689981915,37.73082459977553],[105.77918489986331,37.73869289965762],[105.80800810039358,37.73249759958463],[105.8138666996885,37.73599330035057],[105.83809820017188,37.727937699565246],[105.84607449963852,37.73978789979179],[105.86267530022496,37.73956459992638],[105.88305580028504,37.73460039978869],[105.89811099992278,37.739913199634486],[105.89987679987445,37.71059959969182],[105.90375589961513,37.70422929964252],[105.89136819978268,37.680751600106305],[105.8932123999324,37.67315959983574],[105.88868320006969,37.66200569970334],[105.88988969994978,37.652962299770365],[105.8777360999411,37.64416750032996],[105.89195429965127,37.62574389986116],[105.89718679993092,37.62789759989437],[105.92520340031672,37.66290610003654],[105.94015909986263,37.65209740017491],[105.94846890031954,37.64993910010941],[105.96811379991198,37.65188330037404],[105.98217730004245,37.646364099823415],[105.99880900043507,37.64799480002006],[106.00427420029416,37.64238280022607],[106.01733999974124,37.63735719977501],[106.01914169972974,37.63117400008008],[106.0151287997544,37.627283999656925],[106.0147638000094,37.60960550009378],[106.04121270040588,37.60757750010163],[106.06322220004455,37.617880000361765],[106.06852279968751,37.624535899911905],[106.09056739986568,37.65221120038666],[106.09023389977472,37.66725910022734],[106.09690339977215,37.68309570010655],[106.09423559959333,37.70948249961771],[106.09657000040528,37.7189794996043],[106.1009052003148,37.72636519989413],[106.1112429998646,37.78990429984361],[106.1205803000409,37.825999799751],[106.12391510040163,37.844435899896894],[106.12024689977466,37.848122599578346],[106.12624939959017,37.852862300155095],[106.11824599995299,37.86128770036714],[106.11376569982724,37.86184620004212],[106.11187929988984,37.865941799874236],[106.10669160023724,37.86854790026541],[106.09560879960645,37.867617199973836],[106.09891010022102,37.88288000001205],[106.10598419981102,37.88250769957074],[106.10574840026851,37.89051019988585],[106.11022870039426,37.89051019988585],[106.11093609992116,37.89460409999924],[106.11470889979597,37.89497629971652],[106.11541630022214,37.8979534999541],[106.1114076999055,37.90018639968264],[106.11211510033166,37.903721599572236],[106.11588790020647,37.90707060022805],[106.112586700316,37.91023339985156],[106.09442980009527,37.91097759963657],[106.09183589990693,37.91246590028112],[106.09631620003267,37.91823280020361],[106.09442980009527,37.91972100012413],[106.0769803003007,37.91860490009611],[106.05080599979709,37.9260453996755],[106.05387149996983,37.930695300247976],[106.04962700028591,37.93571689961527],[106.0456183001445,37.936460899750784],[106.04632569967134,37.94706080041567],[106.05127759978149,37.949292200075035],[106.05953079960676,37.950221900320514],[106.06731229962298,37.95561399968636],[106.07745190028504,37.95840289987399],[106.08523340030126,37.966397100345944],[106.102447099654,37.97866549971309],[106.12390529958998,37.98275450031997],[106.1406473998577,37.99390529958998],[106.14347699976378,38.00208139963695],[106.1566820996992,38.00468270034639],[106.16469940015725,38.01174299983961],[106.17790440026789,38.017130599897314],[106.18403529988922,38.02920479966184],[106.19629710003119,38.044805500173766],[106.19370329966762,38.06207380006589],[106.19676870001558,38.0663438000264],[106.20324789987075,38.07015800019161],[106.20463089979626,38.079412200312845],[106.20876489978036,38.08714019966055],[106.22436439969732,38.100100299988924],[106.22368480001359,38.107186099758735],[106.21268959964539,38.12558379975263],[106.2061831997949,38.12961919986623],[106.19216469994103,38.133438500086754],[106.18649250042859,38.13769920015801],[106.17783889994536,38.14056489975036],[106.17818050022998,38.14746019972847],[106.17988840002971,38.14943019974396],[106.16884370007676,38.14692289977205],[106.15677410034453,38.14880340015685],[106.15552160014181,38.15184780043569],[106.14960070031213,38.15390720025715],[106.14789279961309,38.15695139998718],[106.14060550044354,38.155787400268366],[106.12352599972519,38.14155000003251],[106.12193190013716,38.14280369993088],[106.12102100021906,38.16751550044006],[106.1047385002816,38.171364800245385],[106.10701580043889,38.17592990014481],[106.1049661996305,38.17942069960566],[106.09221350005305,38.1823743996589],[106.09005009993223,38.17691450040394],[106.07228740044326,38.179868300281896],[106.07741130039125,38.18371690041465],[106.07297060011314,38.19159250009386],[106.07479239994933,38.19356130041376],[106.07866379969465,38.19374029967514],[106.080257900182,38.19714070018324],[106.07672809982199,38.19964619971239],[106.07911920019097,38.20304639967168],[106.07889149994281,38.206178000014745],[106.07456469970117,38.20743060004219],[106.07046559970775,38.205193799953975],[106.06135649980268,38.19579849980096],[106.05646039992757,38.194814100090696],[106.05418309977028,38.19051859985353],[106.05452470005491,38.18282189961104],[106.04029180002664,38.174945299885735],[106.03790059983288,38.17217040034376],[106.02230129956536,38.178167700279175],[106.0180884002595,38.18112129960832],[106.0102273003497,38.18223589956716],[106.00386670038796,38.17416620011011],[106.0025382002778,38.16888089973378],[105.97545230018358,38.17765450035495],[105.9695314003539,38.16386899955472],[105.97624939988998,38.16252610039925],[105.96702639994845,38.14076790011853],[105.95495690004094,38.14345449972541],[105.94539229981484,38.14936449977188],[105.94402600029974,38.15545319960552],[105.93571390027631,38.160466900227334],[105.94521460007377,38.178227700348145],[105.9555203001218,38.182025100278224],[105.97194509978658,38.21771069998886],[105.89980489997623,38.24199720031061],[105.90012690043619,38.246803000158366],[105.89465199959017,38.25009089997508],[105.8952961003348,38.25666640013429],[105.84696269976882,38.26078059974492],[105.83891670014566,38.24466639983456],[105.83889689977218,38.240655599776176],[105.83343789983928,38.231695100248714],[105.82116000003401,38.22036169993254],[105.81534640011631,38.22087589990292],[105.77717589984798,38.21048230011809],[105.7608868996108,38.12135780002251],[105.76801089988317,38.11421460012377],[105.77887060029803,38.0810343002928],[105.77772719955067,38.07863430023281],[105.7810619999114,38.0772093001691],[105.78420609993162,38.069333800314666],[105.79497250018079,38.058756799986384],[105.80877290004935,38.038363300226194],[105.82760780005998,38.0208395002428],[105.84065949993601,38.004442100222775],[105.83565610014898,37.99601350022289],[105.80997010004012,37.965958900283056],[105.7964968996123,37.95726000004902],[105.7948771999229,37.950723999912725],[105.79871309982974,37.945341599735116],[105.79972070025019,37.937572999594295],[105.7918377998746,37.91419509962418],[105.80449679998736,37.87490459986742],[105.78726009957398,37.8424406999784],[105.77918999991863,37.834337499875744],[105.76908819956083,37.81991569994966],[105.770710199716,37.80752879961449],[105.7679557003953,37.79411410008572],[105.76142829957644,37.79377080008243],[105.7390822997084,37.79912750033395],[105.65704689989457,37.76960939995388],[105.65037730007242,37.776199300057726],[105.63203609998607,37.782261399743845],[105.61504280018517,37.77882229960949],[105.6100909998998,37.7614450999115],[105.60958530032138,37.719602499555776],[105.59419899998392,37.707808999785584]]]}},{"type":"Feature","properties":{"shapeName":"Tongxin County","shapeISO":"","shapeID":"62558664B50679819403622","shapeGroup":"CHN","shapeType":"ADM3"},"geometry":{"type":"Polygon","coordinates":[[[106.52536779968426,37.4609108996184],[106.51005819982612,37.46379269977331],[106.49592169992655,37.47009440043627],[106.47307089980222,37.46686670033802],[106.45661060029903,37.472246100377276],[106.445959799805,37.467020399871615],[106.45699789963345,37.447344099550605],[106.45486769978459,37.4402715998545],[106.43492169997654,37.42504820001449],[106.45990260012496,37.40182270005761],[106.4593217001364,37.39536129958435],[106.46338840025453,37.39213039969826],[106.46416299982263,37.38720690017834],[106.44111850011876,37.36997200020767],[106.45060739991163,37.36412360012412],[106.44034389965128,37.356427499729364],[106.41962330027513,37.355965800381455],[106.41768680000587,37.36181480031286],[106.41342650013291,37.36135310006557],[106.40200110007078,37.35488820033021],[106.33538519996705,37.32994720040301],[106.32182960005605,37.33595230015857],[106.31001689976017,37.34996229962047],[106.29820420036361,37.35812070011025],[106.26780109964108,37.36135310006557],[106.2583121998482,37.35658149963655],[106.26160419967414,37.352117399898134],[106.25869950008195,37.35011619970288],[106.2501576997181,37.35420139977481],[106.24977040038374,37.34527280009968],[106.25654820033924,37.3429635002654],[106.25557990029222,37.33973029991347],[106.25035140019702,37.340346199717374],[106.24667200031263,37.338806500119915],[106.24570370026561,37.335265299953676],[106.24725290030119,37.33126190041645],[106.24299260042824,37.324794499666496],[106.24899579991632,37.3143222002094],[106.24802759969401,37.303386300237605],[106.25519260005848,37.28459150009769],[106.26700530035441,37.27719549987245],[106.26332600029474,37.27195619981882],[106.26661800012067,37.26625420037112],[106.2646814998514,37.26163070029662],[106.26681169970021,37.25823990005142],[106.26313229981582,37.255311399901245],[106.26487520033027,37.249762299590486],[106.26255139982732,37.2468334999661],[106.26661800012067,37.24112960025093],[106.27107199957317,37.24544609965784],[106.2826910002895,37.245137800369264],[106.28598309994015,37.24313369986044],[106.28249739963536,37.240975399794934],[106.28520850037205,37.238662900172756],[106.30883390006449,37.23234170040922],[106.31096409991335,37.22925799975695],[106.30728470002896,37.22540319969795],[106.31541800044045,37.21322069997535],[106.31406249998446,37.209673500431734],[106.31696719957665,37.20165310001062],[106.31716090005557,37.19363199991693],[106.3218085001622,37.187924100017256],[106.32568149980142,37.17434680036462],[106.33052280038697,37.16724859984305],[106.33013550015329,37.16323629971549],[106.3374942000973,37.156600099814796],[106.33904340013288,37.1465674995905],[106.34369100023952,37.138849200330355],[106.34504659962096,37.12850550032863],[106.32994179967437,37.12109419993743],[106.32238949997549,37.12186619956549],[106.31657990024229,37.11846920029342],[106.3098022001115,37.11970450006265],[106.29915139961747,37.11846920029342],[106.29256720031611,37.12171180035938],[106.28656409975343,37.117851500046754],[106.29004980005828,37.11321889973249],[106.28094819959978,37.11013029957371],[106.27533230034544,37.10426169981764],[106.26700530035441,37.1036438997462],[106.2561609001055,37.108122699802834],[106.24647829983371,37.1051883001],[106.24570370026561,37.098083600178086],[106.26100219979173,37.07753809970359],[106.25848469970919,37.0749115999904],[106.25209419998743,37.08279090037979],[106.24764030035965,37.08371780013641],[106.24628470007889,37.07645660019199],[106.22672599960526,37.09854700014398],[106.18896410001327,37.09962820018137],[106.1688243997263,37.094067700064386],[106.09523709991231,37.11816030025773],[106.07780850036204,37.126652699962165],[106.07257990044212,37.13900360043584],[106.06425300027581,37.147956700341524],[106.06212280042695,37.15428500025263],[106.06328470022879,37.166940000180944],[106.05999259967876,37.17234090031235],[106.04275769970815,37.177741300420735],[106.00209109962464,37.17758700014002],[105.9947322998558,37.172803800255224],[105.98601799963103,37.169871899768395],[105.98330689979366,37.1630820003341],[105.97401169958033,37.16246470028574],[105.96161810019521,37.168946099882646],[105.95503389999453,37.16755720040453],[105.95096729970118,37.164470899812216],[105.94438310039982,37.16369930038246],[105.9347005999528,37.164625200092985],[105.926954599775,37.16339059999626],[105.91959580000622,37.165242500141346],[105.91259689992705,37.163617599672534],[105.88684130038575,37.174727999597565],[105.87144610035733,37.17773680021321],[105.86331279994585,37.17511379976207],[105.84704610019742,37.17866260009896],[105.8330063997256,37.17657960026838],[105.82371120041165,37.17804539987537],[105.81741750011759,37.18105399994221],[105.80512070016022,37.18020550038358],[105.79630959960838,37.1744193999354],[105.79195239958364,37.17735109987342],[105.79369160028716,37.18156640036915],[105.78657120000094,37.1848391996694],[105.78869360002966,37.18860280037899],[105.78787200009282,37.190457199740024],[105.7816416003796,37.19187530020497],[105.77992999986964,37.194166000260736],[105.77639499962959,37.19029189985133],[105.77988539979145,37.186281400166536],[105.7645363997351,37.17766109977998],[105.70288879977835,37.17244830004904],[105.69458520014695,37.18648190041944],[105.67848130017194,37.19530170011342],[105.67646839979687,37.20111420016025],[105.67294559975966,37.201314599689056],[105.67244240029657,37.204120399936585],[105.67521030041507,37.20592410001723],[105.67521030041507,37.21574359958748],[105.68250729967218,37.22335779962282],[105.67420379986555,37.24479360014459],[105.66489369968457,37.25741179981475],[105.66111939974058,37.2582128997056],[105.65256420037758,37.25600989973714],[105.64803499961562,37.25180399985476],[105.6384732997031,37.2477981002022],[105.63595710004017,37.241788900437484],[105.60072980024017,37.21794780015091],[105.60022659987771,37.214541300440715],[105.66011290009033,37.16863879974085],[105.65558370022762,37.14738189955506],[105.67319730021529,37.11388010018652],[105.68175239975352,37.108060900190424],[105.69735310026545,37.105050800054414],[105.70540500034053,37.10103720040655],[105.73559980009077,37.073939500307745],[105.74088389987213,37.07153040000799],[105.77258839963497,37.07072730002494],[105.77837569977879,37.066912599836655],[105.8005184996291,37.029558700173936],[105.84230920010958,36.98184020026508],[105.82861610015294,36.97549560014187],[105.82560359972643,36.96871289978054],[105.8261513003423,36.958647100183555],[105.81711379996199,36.949674299729224],[105.80835019980196,36.94617249976113],[105.80424220011753,36.94113820016787],[105.7815114999558,36.92975530026695],[105.77932060036545,36.92318740027838],[105.76316269969891,36.91399149960807],[105.76234109976201,36.90961209981862],[105.75138650018687,36.90939309961192],[105.74590929977444,36.915305300299394],[105.74043200043656,36.91508630009275],[105.73468089980372,36.91880860033666],[105.73221609999308,36.916400099884754],[105.75029109985445,36.9045753999348],[105.75275589966509,36.89953850040155],[105.7512074002014,36.8938046002022],[105.74130309995815,36.881922199749795],[105.74317810008932,36.86542280042198],[105.73267799988986,36.86152240023864],[105.73192800037697,36.84231750025248],[105.73680300035824,36.82640989979711],[105.73455300002098,36.819205400309045],[105.74167810016428,36.81500239984092],[105.75667829996365,36.82520919964492],[105.76455350034382,36.8198058002975],[105.78292880002414,36.82070640028019],[105.79605399969239,36.82701029978557],[105.81105420039108,36.82701029978557],[105.8200543995909,36.82220730042661],[105.82342939964713,36.80329290034712],[105.82942950007146,36.80509449961153],[105.83205449971547,36.81049889990436],[105.83467960008352,36.82971180025942],[105.85605489961398,36.83631510026174],[105.85755500026312,36.84321789968635],[105.86955510038763,36.84711920009107],[105.86880509997542,36.857321700236355],[105.87930529999966,36.86122230006913],[105.89280549987399,36.87382290000687],[105.89430549979903,36.881922199749795],[105.90518070002935,36.88942080002994],[105.90405570031038,36.89631879977287],[105.88412859975512,36.91812970032544],[105.88757580008314,36.92056770033918],[105.89354210038766,36.920249700063664],[105.89725449999526,36.91590360037094],[105.90307260012048,36.91750649982515],[105.92116729963124,36.92790550003883],[105.92053980037156,36.93435690005094],[105.93068679975607,36.932811899849355],[105.93232729986505,36.924225399582554],[105.95260629974098,36.91185390013743],[105.95250679964914,36.90809240024413],[105.94779980022065,36.90666590011125],[105.9486238004481,36.902137899944194],[105.95329279992285,36.902057399829175],[105.95974729989803,36.89818940042056],[105.96135730039913,36.88838189960501],[105.97701280020061,36.87834139973586],[105.97576880038991,36.866321400312415],[105.98029330039554,36.86022539978245],[105.96691879966295,36.84915940028617],[105.96679680033213,36.84464639991148],[105.97235130017242,36.842296400358634],[105.97989630007424,36.845180400255344],[105.98632829991118,36.84055690018084],[106.00038129955738,36.841827400314344],[106.02422330006533,36.82411590012873],[106.02761079979865,36.810511899604535],[106.02533730017632,36.79550189989283],[106.04277030010934,36.783164900240024],[106.05361180004462,36.769431900062216],[106.06733679985348,36.758659399711576],[106.06314079970821,36.741424399916184],[106.07283779992457,36.72018389976722],[106.10189029969763,36.69032689976666],[106.10241679969562,36.67526640042411],[106.11416630013468,36.66151040008492],[106.11475380024774,36.648708399672955],[106.12766280019815,36.64321139978631],[106.14759080007542,36.62253240035005],[106.14837630032605,36.61724840039341],[106.14243329965711,36.60456440002707],[106.14691929968598,36.598460900050554],[106.14846780004899,36.587146899909555],[106.16497779968574,36.577815400360464],[106.1683273003647,36.571033399671705],[106.17115779959283,36.56566240019964],[106.18321980005379,36.56393439965285],[106.18681330029364,36.55935689990105],[106.19805129962782,36.561404899916226],[106.21048730024876,36.57321140028597],[106.21988680023571,36.576045899698556],[106.22679879972486,36.58946239967008],[106.2434387999607,36.59945690011591],[106.26566329962162,36.604244399659365],[106.27306380005439,36.603999900075394],[106.29049679998741,36.60152840031549],[106.30615229978889,36.59463489988076],[106.31610880028097,36.59423440029741],[106.3592228000922,36.60856240003477],[106.37476329998634,36.61061090007303],[106.3966827999713,36.616283399959],[106.4210127996011,36.62523339990156],[106.42835229991874,36.62635789959745],[106.4437439997858,36.62455750002863],[106.46665749974386,36.620748899941816],[106.47811579970443,36.62697220040678],[106.49482729964024,36.69408419982602],[106.51445770036264,36.694160500107046],[106.51616670003324,36.72818370031757],[106.57843779996455,36.75006099961547],[106.61873630034006,36.72472379976358],[106.64247130041025,36.72167209968768],[106.62317660041981,36.74871830010949],[106.63494109975198,36.76050190014263],[106.63242340001995,36.78775410017164],[106.6525574004038,36.81812289985197],[106.6169891001669,36.85943600007141],[106.63836670016315,36.88754269993569],[106.62442020003226,36.8940659000213],[106.6082076997256,36.88606639984454],[106.59214019981044,36.89551159978055],[106.55114750015707,36.941944099740454],[106.53334050006407,36.97888950035019],[106.53489690007194,36.98949049998663],[106.54479219990014,36.984935799847335],[106.57569890028407,36.941680899653875],[106.58881380001691,36.942028000192124],[106.59658810006084,36.968177799565865],[106.63279719963111,36.96200940001387],[106.64302830001611,37.05548480038328],[106.63646700015198,37.07643510009984],[106.6028594998661,37.10838320012465],[106.60466770015432,37.13414760043145],[106.61499829973178,37.14038839990479],[106.61911369993737,37.15346750032495],[106.61612709998576,37.15856819956281],[106.61634050011406,37.16502850016519],[106.6127137996022,37.170128399905764],[106.61804710039343,37.17590790022945],[106.63148690000048,37.18151689988508],[106.63468680025568,37.18678570039981],[106.64833990016632,37.19426319988679],[106.64727319989834,37.20462859963021],[106.65580640004538,37.219409599573396],[106.66391289976059,37.2226372996717],[106.67073949962827,37.2401321001164],[106.6788460002428,37.24284939987996],[106.68588590041401,37.24879310022146],[106.69633900024473,37.248283600108095],[106.69527239980147,37.276976800039336],[106.69868570018497,37.28172969996575],[106.69697900008083,37.292083100055095],[106.65089979968604,37.29819260030831],[106.6459933000508,37.30786499957014],[106.62615360010864,37.32398290019074],[106.62914020006025,37.362143099624404],[106.61228719989441,37.368586000143864],[106.61207389959083,37.38062260015295],[106.60674059969898,37.396894399956636],[106.5847676997696,37.41045149993681],[106.57922109957417,37.416890199723014],[106.5794343998777,37.43027429981913],[106.55532820013639,37.43654199981347],[106.55170160034862,37.4362032000177],[106.53975509981808,37.42908849963459],[106.53079529996319,37.442301000091106],[106.52838879960348,37.45732090043924],[106.52536779968426,37.4609108996184]]]}},{"type":"Feature","properties":{"shapeName":"Pingluo County","shapeISO":"","shapeID":"62558664B7101352890205","shapeGroup":"CHN","shapeType":"ADM3"},"geometry":{"type":"Polygon","coordinates":[[[106.4795884998095,38.98211360006263],[106.36072999998959,38.855339700167065],[106.35478309986024,38.86621080038816],[106.27016199987645,38.90806679974304],[106.2490275001191,38.938458899958334],[106.25273169970825,38.94051230040242],[106.24910280035402,38.943282599912095],[106.24995749983879,38.946957600313056],[106.24306300025734,38.947627400084514],[106.24583369996532,38.95219269963343],[106.24506569962239,38.953770400083954],[106.23941490037743,38.953580599964766],[106.24029229964998,38.957143900071],[106.22899900010384,38.959742099918],[106.22602820034126,38.96399529964344],[106.21856890043449,38.968835299809314],[106.21637690007395,38.97206399995366],[106.21643649994456,38.97671029964067],[106.21202780024282,38.98054730031771],[106.20768529963692,38.979802200311326],[106.20400849969258,38.9825277999181],[106.19839380013383,38.982435499798555],[106.19651500036701,38.987655700050595],[106.19283020005378,38.986684700238754],[106.19209859977065,38.989076199906776],[106.1895710003015,38.98859560040671],[106.18867610022193,38.99139169966725],[106.18370119995046,38.99229789972833],[106.1839931999263,38.99596970034145],[106.17660670013913,38.994560499567456],[106.17694559975968,38.99938320037444],[106.17355330034462,39.00390809967911],[106.16755029960672,39.004985300431315],[106.16852340023479,39.007272899624695],[106.16176029969813,39.01181619995771],[106.15729970012114,39.012850100152036],[106.15515229983885,39.01146770007438],[106.15382360007914,39.01332399970289],[106.1491001997145,39.01455590003479],[106.15042099982935,39.01876160026768],[106.14736519974423,39.02125279967703],[106.14353899992494,39.02085370033808],[106.14156949993253,39.0251639998188],[106.13445249998296,39.02473830033233],[106.12612180018101,39.026483700062784],[106.12866309992216,39.02892880022398],[106.12218039990557,39.03225849963013],[106.11412360032398,39.04738860020382],[106.12289560015188,39.05271069993893],[106.12179909994859,39.059096700352484],[106.08752780016789,39.070205299834754],[106.07942729983006,39.05099439957195],[106.083794500316,39.03497690016388],[106.07392119970365,39.03151329979897],[106.07296569970731,39.026565100399125],[106.08952939966213,39.01671139961144],[106.09110629971605,39.00384759958712],[106.06678390025684,38.98599429969721],[106.0615681003876,38.968470700262685],[106.0505688998349,38.96113229981586],[106.03345309978079,38.95903080003143],[106.00397300025384,38.93798820019532],[106.00507690007896,38.926801300339775],[105.9712706001581,38.89591240023714],[105.99017349970728,38.87203339982159],[106.00224370018668,38.87162000036278],[106.01338669963656,38.8751492998004],[106.03700009967491,38.86860580021755],[106.04580510012534,38.86860580021755],[106.05420979974252,38.86580119966567],[106.07021890038203,38.85458189993477],[106.08742860044958,38.8477247995599],[106.0954331997824,38.840243500437225],[106.12424949981465,38.838996600312896],[106.12545019996679,38.826837599875375],[106.13545589967009,38.819666000285736],[106.19268829962539,38.809998700179904],[106.19709080030026,38.804696800117256],[106.2086974002649,38.803449200320415],[106.22830849973752,38.81280549957421],[106.24071549992044,38.79877059968351],[106.25712479976977,38.79877059968351],[106.27753640018477,38.78816459981647],[106.28313950028775,38.78036509986953],[106.29994910007099,38.77911709987433],[106.30835379968818,38.78566890019965],[106.30875399979732,38.77630900006034],[106.32116109980495,38.771628599880046],[106.33279720023069,38.77646800019812],[106.33582740021438,38.77611619980286],[106.33945290013128,38.77323079966175],[106.35958279960659,38.771628599880046],[106.37762340039967,38.77537900034065],[106.36758739983867,38.76133069965209],[106.37118939957122,38.75602509977858],[106.3924014002045,38.75571299995505],[106.39560329965263,38.72262209992999],[106.43242410009219,38.72106090024039],[106.4264207000553,38.70232300020632],[106.43722679997688,38.69701299995006],[106.4572382002828,38.700761299594376],[106.46444229957251,38.711067899863735],[106.48285269979232,38.70856949958278],[106.49606020001829,38.69982419972706],[106.52807829967384,38.69982419972706],[106.53968489963847,38.69170270021948],[106.5665001001995,38.685767100071644],[106.59491620012261,38.68607950026876],[106.58851259997658,38.65733200017172],[106.61172570008108,38.65451909977668],[106.62133119967518,38.647955299797275],[106.64574499993188,38.651393600434346],[106.65094789992571,38.64733019992883],[106.64774610030236,38.642016099663294],[106.63814069963365,38.63826479988069],[106.6349389000103,38.626697000266404],[106.65254880018705,38.608559900419095],[106.66902470022978,38.60503770022973],[106.69603360037041,38.699000200398984],[106.70502809966712,38.716736100091],[106.73812869977974,38.73415760039302],[106.79947659976534,38.8175812000124],[106.94935029957674,38.94403510043958],[106.9650982002218,39.0327129000803],[106.95764350034733,39.054849800378065],[106.95530339963227,39.05772999973976],[106.94667700004356,39.06156589964661],[106.94132499964905,39.05985389983766],[106.93682800001227,39.07014879992721],[106.92521450044887,39.07615489972892],[106.91378119984256,39.07930170041317],[106.90162030003688,39.08067329963313],[106.88384669986539,39.08745049974084],[106.86780360035596,39.09034450009864],[106.85411179991968,39.06667839978837],[106.85157190042293,39.044751199808104],[106.83842440026592,39.01074479983271],[106.83603389974473,38.98821960015448],[106.82049599979064,38.99367740039179],[106.8070906999759,39.00199339987557],[106.79559979959112,39.00214110003179],[106.79305990009436,39.00864270020048],[106.7966455996148,39.00968750017802],[106.79455399956748,39.01177719995786],[106.78857780042523,39.01061630020217],[106.78215349968434,39.01525980029959],[106.76228280011122,39.02176010004865],[106.76796009967893,39.03000080019683],[106.77602789976783,39.03615169984113],[106.77767130019043,39.043114299685215],[106.77438450024454,39.04798769977259],[106.77557970014311,39.05599330005083],[106.78260170020837,39.065854000261936],[106.77662550016674,39.076757199984854],[106.7648225997832,39.07548140014654],[106.76362739988468,39.082208099724085],[106.75929470009038,39.082092199595365],[106.75839829994163,39.084991399833314],[106.7545137997721,39.08301989974865],[106.74883650020439,39.08348379973762],[106.74629659980832,39.085687199904385],[106.7413662996151,39.08417959980875],[106.74002160001686,39.078264899905264],[106.74181450013913,39.07374159959522],[106.73837819959431,39.07118980026911],[106.73210329962762,39.07269769983901],[106.72642590023514,39.07606130008895],[106.71477239972654,39.07153780012942],[106.6980392000491,39.0622579000821],[106.69430419957922,39.0519326002094],[106.67293939963366,39.06771000041624],[106.66920440006305,39.062953899802665],[106.65307180002361,39.07176439960739],[106.64197630006623,39.065289799784466],[106.63182740041424,39.03313389970975],[106.62779350036982,39.03232159966217],[106.62517900031065,39.03487470030723],[106.61569190006122,39.02779530011304],[106.58484369967704,39.056547500067154],[106.57681479976327,39.05072269999266],[106.57523009988927,39.04235390041225],[106.56667290043407,39.027500999671474],[106.56889140021798,39.01699530029293],[106.56572210029475,39.01453289987347],[106.55589720029559,39.01461499988238],[106.55315040007099,39.013137400270864],[106.55082630009372,39.01494330009325],[106.5483964002737,39.013055300261954],[106.54184650021585,39.01699530029293],[106.51425009996223,38.97433190039692],[106.4795884998095,38.98211360006263]]]}},{"type":"Feature","properties":{"shapeName":"Pengyang County","shapeISO":"","shapeID":"62558664B5804573251551","shapeGroup":"CHN","shapeType":"ADM3"},"geometry":{"type":"Polygon","coordinates":[[[106.43910979957764,35.69412989997494],[106.4859238000434,35.73091509985204],[106.54094700010404,35.74449539964303],[106.6181564003976,35.72879410006772],[106.64098359961349,35.70800400018453],[106.68253329977205,35.721858999693154],[106.72338869992859,35.683948499723556],[106.74880940003385,35.69128359965845],[106.75377660030989,35.726734200223234],[106.81298830016999,35.71405029968162],[106.83175659998716,35.7473067999689],[106.86717219983723,35.743297599804464],[106.87359620020453,35.778045700348855],[106.88999939995239,35.763683299744514],[106.90730290020872,35.77129360031944],[106.91287230001672,35.78612140008261],[106.89492800042694,35.80966569981223],[106.9173507996997,35.8021088000811],[106.92334749978733,35.80731200044852],[106.88149260030332,35.85239410000776],[106.87283329991692,35.875842999654765],[106.84976959968736,35.879734000124074],[106.84680940023367,35.88937760039602],[106.93491359968294,35.932231900282034],[106.93315120006787,35.94621660001616],[106.89173129995959,35.94984820003447],[106.89214330007331,35.957855199657786],[106.92098239971801,35.96191409995578],[106.94342040023133,35.988243100039085],[106.93364719955866,36.03459929971797],[106.94766239979998,36.09230419987898],[106.93042759965408,36.108650200046725],[106.9446105998993,36.13032909990807],[106.91055299972123,36.12010959987816],[106.88932040011645,36.144844100175135],[106.87695309960594,36.18172449958604],[106.8560791001704,36.203941300150916],[106.83615110029308,36.208042099863064],[106.82399750028446,36.23069379997895],[106.81316380016932,36.21849059966149],[106.78746800014812,36.225196800092306],[106.7580872001642,36.217575099711155],[106.71086879975536,36.23266980027114],[106.67521669979095,36.26916500026459],[106.64576719969659,36.263114900232495],[106.63410190008267,36.279338800345386],[106.61826320028655,36.26514819992951],[106.60281370009227,36.27667240041103],[106.58937839979336,36.27310179960841],[106.56424709972396,36.29285810002136],[106.55017090026689,36.28444669955559],[106.54480740024138,36.25675580033999],[106.5164412999261,36.27251049985972],[106.51519780013842,36.25870490011113],[106.51184080001298,36.25103739995609],[106.50750729982207,36.24632640034315],[106.50566030008287,36.236633400311234],[106.49809280004274,36.22173290025319],[106.4929962997395,36.214935399748924],[106.48696879967042,36.210632400065265],[106.48274229991728,36.20362839993078],[106.4712372999615,36.198001900367444],[106.47408279988139,36.13679489986481],[106.47157280014466,36.11577590003782],[106.46383680042806,36.09890740005653],[106.46748330041402,36.079517399808196],[106.47586830038182,36.05881890037199],[106.4776613003288,36.049686400107305],[106.48837279966506,36.02312890027855],[106.50068680005586,36.004649899773085],[106.53517929978494,36.00000739972177],[106.52969380042862,35.99523139980931],[106.52883929969397,35.98419189973646],[106.53511030020024,35.96422189972094],[106.53421030006535,35.95941940038506],[106.5258787998668,35.94527790025495],[106.51764679976009,35.94052439958142],[106.49758930020607,35.937686900030485],[106.49137879979185,35.93750389968528],[106.48323830030739,35.94121940015526],[106.45861829989468,35.961082399733016],[106.44339730034517,35.962554900188536],[106.40500629980096,35.96050640015028],[106.39794179957443,35.95917489990177],[106.38545980042949,35.95146190034649],[106.38008129971229,35.9501188995676],[106.34678630034756,35.949397899593464],[106.33631879967294,35.94579289972262],[106.3326263002636,35.943065399848365],[106.3252333001767,35.93554690026929],[106.32122030037664,35.92778440022994],[106.31810779983516,35.92643039984313],[106.31484979977847,35.90720740010147],[106.32602679989697,35.89683890039498],[106.3299338002048,35.88994589998333],[106.33496830034682,35.88579540013768],[106.33772279966752,35.87753290042309],[106.33619680034212,35.86540589966262],[106.33307630033107,35.86359039957733],[106.32377630043595,35.8636399000614],[106.3167802997711,35.86848839971992],[106.30471029984051,35.87382140013756],[106.28835280004176,35.8732224003935],[106.28098280011619,35.86799240022913],[106.27635179969587,35.85221090001306],[106.278266799873,35.84418490041287],[106.29029829982676,35.83450289998888],[106.29872129974825,35.831023899633294],[106.30573280022861,35.82571789956148],[106.31523130028432,35.816963399641224],[106.31828329983449,35.81122190017061],[106.31932080001496,35.80067839958855],[106.31694029995492,35.7853424001317],[106.31793229983583,35.76907740010199],[106.31238449994476,35.76217009957048],[106.32718390001702,35.7349453000856],[106.43910979957764,35.69412989997494]]]}},{"type":"Feature","properties":{"shapeName":"Shapotou District","shapeISO":"","shapeID":"62558664B54182924243781","shapeGroup":"CHN","shapeType":"ADM3"},"geometry":{"type":"Polygon","coordinates":[[[104.61008049961544,37.27704910013591],[104.61162270022749,37.26896499983491],[104.59887109962159,37.24472509968365],[104.61296029967815,37.222871199846054],[104.63800189956805,37.20349339980061],[104.70238239982797,37.20282629979397],[104.74768580005968,37.2328983996415],[104.78500369986091,37.249004400432796],[104.81166079960627,37.22714229967744],[104.85128020032107,37.21729660015802],[104.84884640014133,37.197204599912425],[104.88500209976718,37.15678789984173],[104.89373780025932,37.130485499905944],[104.91217800041443,37.12513730004639],[104.92156980040602,37.09450530027942],[104.9428024000108,37.08456800031303],[104.94763410033352,37.03788610036327],[105.00364799985539,37.035808699711765],[105.01848789999667,37.0123076996407],[105.03972049960146,37.00435960021542],[105.05224420030964,37.024359699640456],[105.13260649959034,36.9926490997762],[105.16050719984747,36.99442290009682],[105.16976929961356,36.98283389986466],[105.19768160022574,36.985802200411285],[105.21734499977197,36.99360020028905],[105.22779539983787,36.995027999942295],[105.2348081998386,36.999969899591235],[105.24044600028276,37.00655859999944],[105.25667169993903,37.03246880019503],[105.26280520039973,37.03758419975105],[105.2577677001193,37.04663130039427],[105.26456149991333,37.04763539975397],[105.29324649982618,37.07494330019318],[105.29324649982618,37.08457899992095],[105.29626599967622,37.091805000400484],[105.30683410031355,37.092808499912394],[105.30859549988247,37.08859349979025],[105.31438280002624,37.08558269998167],[105.32042179972632,37.0899985996557],[105.3214283002759,37.085783399884065],[105.33400940021369,37.087188499749516],[105.33954509972665,37.09742470018983],[105.36571389997658,37.10705760032806],[105.37477240042602,37.108060900190424],[105.38735350036382,37.105652899761594],[105.41327069998289,37.095417700266694],[105.44900120014535,37.104448800172065],[105.45151739980821,37.116087299988976],[105.45579499993937,37.12351090040778],[105.47516989967119,37.14296930039296],[105.48297029983951,37.16322480008449],[105.4940416997647,37.17164629993687],[105.51693940043305,37.22015189999024],[105.53606270043332,37.22676390003403],[105.53732079981512,37.24759779959885],[105.54512110015872,37.2696274998093],[105.56399290025223,37.2980562001336],[105.55770229992129,37.300458099561695],[105.55543769998991,37.30366059975694],[105.55770229992129,37.31226650019886],[105.56172830032085,37.31847019993984],[105.56902529957796,37.32167189973842],[105.5743094002587,37.32647420032413],[105.57581920009608,37.33467739964232],[105.55719909955883,37.34427999982216],[105.54814060000876,37.35548150017115],[105.5388305996525,37.359281599865994],[105.52398479995861,37.37408030026569],[105.51190690038322,37.380078899721525],[105.49655790032688,37.38107859959774],[105.4927836003829,37.38567720014271],[105.4912737996462,37.40506799988833],[105.49353839957752,37.41226330021118],[105.50033230009564,37.41326259988915],[105.50964229955252,37.410864300447145],[105.51316499976497,37.414261899567066],[105.51354250008637,37.42963909966477],[105.51706520029882,37.431936899868106],[105.52348159959621,37.431337499925746],[105.52574620042685,37.433335600157875],[105.52750750017105,37.445922200349344],[105.53807569973384,37.45381269999615],[105.52775919972737,37.46200200029216],[105.52524290023973,37.46909199989591],[105.52624939988993,37.4768801998614],[105.53216259972424,37.48018460043903],[105.53668249969769,37.48698960038979],[105.53395320028005,37.495056899556346],[105.52858050019,37.498926300108735],[105.52112139993272,37.49612309980125],[105.51326979956167,37.49674609975273],[105.50855879994873,37.50110649956537],[105.50070719957768,37.50172939969207],[105.49560360002619,37.49550019967455],[105.48147060028805,37.49768049985522],[105.45477510039063,37.492385399566615],[105.44142729963022,37.49518869969876],[105.44181989956877,37.52259360011459],[105.43318310021994,37.535358300245434],[105.43514600008791,37.54096169982262],[105.44810120001046,37.552167099632015],[105.44574570020399,37.56461559993005],[105.45045669981693,37.56803860040117],[105.4528121996234,37.57488399969691],[105.44731600013336,37.595727700073326],[105.4520269997463,37.612833899864654],[105.44535310026544,37.62931430011491],[105.45061340038819,37.65525299982613],[105.44642910042273,37.66097479964736],[105.43349570006654,37.66609389991362],[105.42817019999478,37.67301920037585],[105.42746209989605,37.68396529955896],[105.35971419975056,37.7082175995626],[105.33702289978703,37.710696700392475],[105.29055599985958,37.70226000019892],[105.21829989992051,37.67639540012766],[105.10706330013124,37.63306810001285],[105.02776339966124,37.564479799603134],[104.98240660038437,37.54383470011135],[104.80226140034341,37.53855509963819],[104.75113680002335,37.51481629993236],[104.68731690025481,37.50522609960484],[104.56619259990862,37.53838349999859],[104.48092649985813,37.51831819972517],[104.4094467001052,37.51558690021534],[104.40470119980057,37.48503489964094],[104.39610290042856,37.46975709981035],[104.37505340009437,37.48183059990231],[104.34162139980782,37.45644760027659],[104.3106307998716,37.453781099618084],[104.2938537996132,37.43011860019328],[104.30269329985595,37.41530859981208],[104.34384589986843,37.414481100322575],[104.43786709968697,37.44536929985338],[104.45063270003914,37.42316030000791],[104.46888269987676,37.4195765996804],[104.4893191998213,37.4208074999662],[104.52304200038805,37.432269999760706],[104.54180150033903,37.420345299695896],[104.56367369958161,37.42523769976009],[104.63771820033475,37.41738889987789],[104.67768059977993,37.40622950039119],[104.66108549999586,37.37433700005255],[104.67130619972141,37.35401540019063],[104.6846923997345,37.351154299731206],[104.69989309978678,37.343772499801105],[104.71660449989781,37.34818530041133],[104.71144679983001,37.32768480021343],[104.70026009962396,37.32922110037356],[104.68506580004669,37.317943799766624],[104.67512990032469,37.31927220005207],[104.66927340004742,37.31692890044843],[104.66336060041147,37.31073000038924],[104.6621363002501,37.29831430016486],[104.65359060042596,37.29470489991127],[104.65099389974876,37.289816400206746],[104.64383319994226,37.28991099989281],[104.62936289957821,37.29893789996419],[104.62365410035653,37.298948600097845],[104.62034390005101,37.29733200037157],[104.61727649961085,37.29447559976916],[104.61849609991515,37.29055390004248],[104.62504030006983,37.282333899589844],[104.62209289976755,37.27739419968265],[104.61008049961544,37.27704910013591]]]}},{"type":"Feature","properties":{"shapeName":"Longde County","shapeISO":"","shapeID":"62558664B60516799714278","shapeGroup":"CHN","shapeType":"ADM3"},"geometry":{"type":"MultiPolygon","coordinates":[[[[106.18600910043972,35.76949670001272],[106.1495919004459,35.76457190007318],[106.11604669979545,35.77097619989178],[106.04698320031451,35.769375199805665],[106.02725069956017,35.77818039990558],[106.03021060043892,35.74775809955668],[106.04106340035571,35.73334349960288],[106.08151489969293,35.730139900436086],[106.08052830024093,35.7125178000565],[106.05882259968331,35.69409049977679],[106.03119719989093,35.71331889994735],[105.97397309977879,35.7125178000565],[105.93746809987294,35.683673200158125],[105.90589619974986,35.67565899966314],[105.88320389974024,35.681269000264194],[105.8703778001954,35.67565899966314],[105.8703778001954,35.64038680031064],[105.85261859996848,35.624348799957204],[105.85261859996848,35.60189019957312],[105.81404879981233,35.57455829982575],[105.83454169983963,35.54176259956438],[105.84414670031003,35.4922828997361],[105.86533359996571,35.5341568000963],[105.8917770001085,35.552200300303696],[105.93357849964809,35.539276100012046],[105.96811680005032,35.540332799818884],[105.99556729969117,35.52513890043997],[106.00954779959136,35.52270889989586],[106.012036899983,35.51236949955279],[106.0084534002043,35.5109895995904],[106.00635060000025,35.507531200004905],[106.01308830008503,35.50215099956904],[106.01671460039853,35.49608920025645],[106.02815150009172,35.49537290013927],[106.05019930005773,35.49969660041785],[106.04998470023378,35.50142600030972],[106.05337499955664,35.50212479961988],[106.06104620042186,35.5008058997725],[106.06334210035772,35.504876000227284],[106.06517680006931,35.50423849960714],[106.06670020035403,35.49400149966954],[106.06961850039352,35.49237669992482],[106.07200029997392,35.4942286000699],[106.07313749989578,35.49821170010995],[106.07401730035821,35.50839580012615],[106.08309889989437,35.512763800109326],[106.08908060018962,35.51089349983522],[106.09528189964004,35.50533890017016],[106.09651570023942,35.500508899566114],[106.08716009975888,35.496263899859116],[106.08557229992175,35.49121489994775],[106.08145240040801,35.49178270041136],[106.07704279958557,35.49025400042183],[106.07230610004655,35.49161240029207],[106.06518209977412,35.48918389981719],[106.06496749995023,35.48420440041281],[106.06842219972481,35.47649869975527],[106.06962919962791,35.4675208999696],[106.06592769980358,35.45513809964365],[106.0693395001179,35.44886300002747],[106.07294440016398,35.448128799804294],[106.07371689981511,35.44666050008209],[106.07706429967777,35.43484269973084],[106.07500430000852,35.43054170013943],[106.08114119990648,35.4207151004216],[106.08096960026688,35.41774240039149],[106.07796550040757,35.41448970003967],[106.08504649959633,35.403331900446915],[106.09757779957584,35.40315700029538],[106.09860780030982,35.400288500214174],[106.09487410025957,35.39490119963074],[106.09530329990741,35.39220740005152],[106.10264180017901,35.388534000443826],[106.09968069960468,35.38482529974783],[106.09938029996096,35.381256399563256],[106.10284569986919,35.37622650035274],[106.10355379996793,35.367320599566085],[106.10853199985195,35.362771100206146],[106.11308100008813,35.363331000125584],[106.11061329996386,35.374371900442895],[106.11366030018274,35.37622650035274],[106.12082719991542,35.37461690004994],[106.12087010027494,35.37923580009215],[106.1265779003499,35.39186629978997],[106.12584830015896,35.398967999573586],[106.1314273002298,35.39879310032137],[106.15627530036488,35.41984950025426],[106.1641288001041,35.422262599839144],[106.16899970007614,35.43707179982374],[106.18296200039606,35.43768230009812],[106.19501200030362,35.41286529959393],[106.23639679987247,35.4080658003964],[106.25846280031806,35.44100540027904],[106.24799810013229,35.47964610028737],[106.23544050037884,35.49384759958713],[106.20613930028856,35.49271150043546],[106.19706990005591,35.50861440013449],[106.20683689990307,35.51997169993405],[106.20474400033538,35.548925500011876],[106.21590630013571,35.56708729973917],[106.216603999575,35.592053000445674],[106.19916279962354,35.61304089991762],[106.19986049996214,35.62721870028287],[106.22288279990136,35.63969319998125],[106.19916279962354,35.65670060025258],[106.20055809957671,35.67993830041229],[106.18730280038397,35.69863690007293],[106.18600910043972,35.76949670001272]]],[[[106.05194810012478,35.45505939997139],[106.04761359988777,35.460163100246916],[106.05147600011736,35.46477709988329],[106.04791400043081,35.468062600308826],[106.04948049982528,35.47597879988177],[106.05577830012851,35.485597800098446],[106.05476980038605,35.4892320000568],[106.05238799990633,35.49036760008471],[106.04178789959195,35.48951150035549],[106.03638059988486,35.48659370033903],[106.03120930026904,35.48828849971454],[106.02573760011023,35.488009000315174],[106.02020150039897,35.48318659988172],[106.01395729968971,35.4812297002905],[106.00511669957609,35.48182379962873],[105.99752070002035,35.47747290025421],[105.99290730023176,35.47834659971585],[105.9866417001544,35.47694859999797],[105.98357319984336,35.47320910021983],[105.97505450036493,35.4705178996814],[105.97267269988527,35.47221300032976],[105.96760870018142,35.47123440034733],[105.95760940005385,35.46506540004822],[105.95056060019158,35.463990599586566],[105.94768519961235,35.46177099993173],[105.93858720003931,35.459918400114134],[105.93551869972828,35.46065249961322],[105.92255829992564,35.451703499716814],[105.91464039973471,35.450986800300655],[105.91064930022509,35.45465750014358],[105.89468479966382,35.45243760011522],[105.88772179962143,35.44599619966493],[105.88699220032981,35.44043709979235],[105.89094040037924,35.416972899979385],[105.89450240006579,35.413055699560914],[105.90011360036243,35.41638709958505],[105.9076666995586,35.416247200148234],[105.91891050041932,35.42180789991471],[105.92255829992564,35.42177299992409],[105.92787979981296,35.42677379977107],[105.94362969965096,35.423591500147666],[105.9451531997604,35.43011339981359],[105.95382210040964,35.431092499819044],[105.95618249972267,35.43399480002006],[105.95961570030437,35.43200160019376],[105.9615468999695,35.42738580011462],[105.96493720019168,35.42721089996314],[105.97249030028718,35.43032319995575],[105.97137449973343,35.431826799867],[105.97553729960674,35.43539339958579],[105.98948479978372,35.438225600331236],[105.99124429998454,35.44738590043903],[105.9895277001433,35.4511265999127],[105.9910297001606,35.4522802996961],[105.99909779972376,35.44728099991829],[105.9990549002635,35.440778000404464],[106.00184440029892,35.44021859960873],[106.00832460020018,35.44462399969785],[106.00532050034087,35.45413310006256],[106.01304529990074,35.460180600154615],[106.01356030026773,35.46413040009793],[106.02128500000282,35.46563340016132],[106.02729319972144,35.47024710032349],[106.03149889995433,35.47028210013889],[106.03797909985565,35.46189340036017],[106.0389232000457,35.454902200276365],[106.04626180014202,35.45378350030836],[106.04969499982445,35.44885429998601],[106.05194810012478,35.45505939997139]]],[[[106.05992879997422,35.43875380004789],[106.06225409964702,35.43311360021255],[106.06282709999073,35.43999140028296],[106.05992879997422,35.43875380004789]]]]}},{"type":"Feature","properties":{"shapeName":"Hongsibao District","shapeISO":"","shapeID":"62558664B11598399640861","shapeGroup":"CHN","shapeType":"ADM3"},"geometry":{"type":"Polygon","coordinates":[[[106.50793999963133,37.49691780011642],[106.50262609991466,37.496151299842666],[106.49924449973395,37.492701700123405],[106.4932865001719,37.4901463997366],[106.47718370006777,37.493468300221934],[106.4618860998637,37.491935100024875],[106.45319069979104,37.49742880029896],[106.45286860040562,37.50062270027746],[106.4308078996649,37.505604799621835],[106.41631540043545,37.514290700155755],[106.40858609976874,37.51314120020629],[106.40230599992202,37.51735609960434],[106.39505979977002,37.51531249997197],[106.38958489982332,37.51888869995361],[106.3805674003653,37.52016590003632],[106.37267699964389,37.524763600359904],[106.3585289002886,37.52046929981839],[106.34701820042966,37.519008500442],[106.33335879986879,37.5222951996638],[106.32461070042353,37.52144310011903],[106.31632299990656,37.52570339999198],[106.30542619975938,37.52339069982099],[106.29130640027023,37.522903799670644],[106.28624169999449,37.51754770016629],[106.28516729973114,37.51304349965784],[106.27964219962786,37.50878250011232],[106.26935930009171,37.507808500162184],[106.25447210010742,37.502694999974324],[106.24695180008558,37.49660689998848],[106.23313900036464,37.490152999861095],[106.22423730031124,37.48783919981929],[106.21625659956248,37.48308960040481],[106.20582020014217,37.482480700024325],[106.20044859992299,37.479435900446504],[106.19077960009855,37.47773070041154],[106.18034319977892,37.46579370031907],[106.16668380011737,37.46591550000039],[106.16223299955334,37.469204499687976],[106.15087579957856,37.47224970036342],[106.14642499991385,37.4776088998309],[106.13798380041214,37.48053199955217],[106.13997900033064,37.50232969985581],[106.14442979999535,37.506956299893375],[106.14059290004235,37.511217400162934],[106.14074639992646,37.51706080001594],[106.13537469988256,37.52241690041967],[106.12539880011457,37.54541920033586],[106.11634370000183,37.55016479956589],[106.11051160013028,37.55624850006825],[106.10728859988905,37.56403489959098],[106.11035810024617,37.57133389983966],[106.11158589966959,37.58568660035638],[106.1209479995506,37.59334829988421],[106.12064099978238,37.597604499747945],[106.11434850008328,37.602346800264684],[106.1020703997292,37.604170700017846],[106.0996147999831,37.60708880040784],[106.08917839966347,37.61316780015392],[106.07567259971074,37.61851700005957],[106.06852279968751,37.624535899911905],[106.06322220004455,37.617880000361765],[106.04121270040588,37.60757750010163],[106.0147638000094,37.60960550009378],[106.01122359988926,37.597838200272804],[106.00015210013936,37.59664200032813],[106.00040379969568,37.58906559969773],[106.0059395001079,37.576902000127234],[106.0424248003643,37.54119719989092],[106.05198650027683,37.53960110021063],[106.0678386997962,37.5336152000815],[106.0711098002771,37.52683070017673],[106.07035500018316,37.519047700091335],[106.05852870033931,37.51585439996063],[106.05500600012687,37.510465500382566],[106.04292809965216,37.51246139997369],[106.03839879996468,37.51106419975309],[106.03487609975224,37.49988599993901],[106.02506280010817,37.4948951996538],[106.02304979990839,37.4915011996207],[106.02682419967715,37.487707799875125],[106.02304979990839,37.48391419958068],[106.02405629955865,37.47892230032397],[106.02028199961467,37.47452920026245],[106.00342319972094,37.46654100006714],[105.99310669971447,37.469137199821944],[105.97977069985797,37.463145699614415],[105.96693790036386,37.46294599975812],[105.9611506002201,37.459750400060955],[105.96794440001412,37.45915119976809],[105.97473819980814,37.45415759989339],[105.98379670025759,37.44057349956739],[105.98052559977668,37.4377764002607],[105.9412724003011,37.43378050016997],[105.93925940010132,37.41479680013225],[105.93347200013278,37.4163955995773],[105.92718149962656,37.4115990996188],[105.91736819998249,37.41839410000779],[105.88616689968273,37.41059979994088],[105.87685690022585,37.404003899560394],[105.88843149961406,37.38421300042967],[105.88465719967007,37.37961430005993],[105.8710695002573,37.37881449968944],[105.85370759982595,37.38101389967176],[105.84615890011321,37.37861460018371],[105.84515239956363,37.37061619987776],[105.85093969970745,37.36321690003996],[105.8705662998949,37.35101640038664],[105.87962469962025,37.35021629964257],[105.88188929955157,37.34741589982394],[105.90680000041976,37.33961420013526],[105.91862630026361,37.33961420013526],[105.93095579957054,37.33301209982858],[105.93145909975772,37.32941079976865],[105.94026589975152,37.32680969960802],[105.94932430037625,37.316404399643375],[105.94026589975152,37.30659799959807],[105.92692989989501,37.29739089967035],[105.79658909990712,37.30919980033059],[105.78979530011304,37.306998300431246],[105.78602100016906,37.29839180014153],[105.77520119997547,37.29538930017611],[105.77117519957585,37.2899843998602],[105.73536549971811,37.28264209995302],[105.74033789987425,37.27827910020039],[105.7389994002022,37.27637709972345],[105.74240220010154,37.27407039982916],[105.7458236996041,37.267997199810964],[105.74463800014365,37.26655400016705],[105.74647460012278,37.26016229985032],[105.75140800027907,37.25596150002326],[105.74992810020171,37.2504179997909],[105.7543588998434,37.24747130006051],[105.7533059996722,37.242794300216815],[105.75637109964657,37.239251900354986],[105.76490980004729,37.23640500019064],[105.76797630026613,37.23351960004953],[105.7637444999088,37.22842960004607],[105.77163880009061,37.22226710004668],[105.76711899994194,37.22248789979682],[105.76770740027638,37.21547600001742],[105.76953830035234,37.21477619976184],[105.77287579957857,37.21611580020408],[105.77912589984044,37.21217489995172],[105.77885289984152,37.20945469987453],[105.77287249996596,37.20800440008304],[105.7713616002577,37.203885800089665],[105.77278410020614,37.20092830040079],[105.7766436001221,37.2013103000304],[105.78045189983538,37.196014800442754],[105.77992999986964,37.194166000260736],[105.7816416003796,37.19187530020497],[105.78787200009282,37.190457199740024],[105.78869360002966,37.18860280037899],[105.78657120000094,37.1848391996694],[105.79369160028716,37.18156640036915],[105.79195239958364,37.17735109987342],[105.79630959960838,37.1744193999354],[105.80512070016022,37.18020550038358],[105.81741750011759,37.18105399994221],[105.82371120041165,37.17804539987537],[105.8330063997256,37.17657960026838],[105.84704610019742,37.17866260009896],[105.86331279994585,37.17511379976207],[105.87144610035733,37.17773680021321],[105.88684130038575,37.174727999597565],[105.91259689992705,37.163617599672534],[105.91959580000622,37.165242500141346],[105.926954599775,37.16339059999626],[105.9347005999528,37.164625200092985],[105.94438310039982,37.16369930038246],[105.95096729970118,37.164470899812216],[105.95503389999453,37.16755720040453],[105.96161810019521,37.168946099882646],[105.97401169958033,37.16246470028574],[105.98330689979366,37.1630820003341],[105.98601799963103,37.169871899768395],[105.9947322998558,37.172803800255224],[106.00209109962464,37.17758700014002],[106.04275769970815,37.177741300420735],[106.05999259967876,37.17234090031235],[106.06328470022879,37.166940000180944],[106.06212280042695,37.15428500025263],[106.06425300027581,37.147956700341524],[106.07257990044212,37.13900360043584],[106.07780850036204,37.126652699962165],[106.09523709991231,37.11816030025773],[106.1688243997263,37.094067700064386],[106.18896410001327,37.09962820018137],[106.22672599960526,37.09854700014398],[106.24628470007889,37.07645660019199],[106.24764030035965,37.08371780013641],[106.25209419998743,37.08279090037979],[106.25848469970919,37.0749115999904],[106.26100219979173,37.07753809970359],[106.24570370026561,37.098083600178086],[106.24647829983371,37.1051883001],[106.2561609001055,37.108122699802834],[106.26700530035441,37.1036438997462],[106.27533230034544,37.10426169981764],[106.28094819959978,37.11013029957371],[106.29004980005828,37.11321889973249],[106.28656409975343,37.117851500046754],[106.29256720031611,37.12171180035938],[106.29915139961747,37.11846920029342],[106.3098022001115,37.11970450006265],[106.31657990024229,37.11846920029342],[106.32238949997549,37.12186619956549],[106.32994179967437,37.12109419993743],[106.34504659962096,37.12850550032863],[106.34369100023952,37.138849200330355],[106.33904340013288,37.1465674995905],[106.3374942000973,37.156600099814796],[106.33013550015329,37.16323629971549],[106.33052280038697,37.16724859984305],[106.32568149980142,37.17434680036462],[106.3218085001622,37.187924100017256],[106.31716090005557,37.19363199991693],[106.31696719957665,37.20165310001062],[106.31406249998446,37.209673500431734],[106.31541800044045,37.21322069997535],[106.30728470002896,37.22540319969795],[106.31096409991335,37.22925799975695],[106.30883390006449,37.23234170040922],[106.28520850037205,37.238662900172756],[106.28249739963536,37.240975399794934],[106.28598309994015,37.24313369986044],[106.2826910002895,37.245137800369264],[106.27107199957317,37.24544609965784],[106.26661800012067,37.24112960025093],[106.26255139982732,37.2468334999661],[106.26487520033027,37.249762299590486],[106.26313229981582,37.255311399901245],[106.26681169970021,37.25823990005142],[106.2646814998514,37.26163070029662],[106.26661800012067,37.26625420037112],[106.26332600029474,37.27195619981882],[106.26700530035441,37.27719549987245],[106.25519260005848,37.28459150009769],[106.24802759969401,37.303386300237605],[106.24899579991632,37.3143222002094],[106.24299260042824,37.324794499666496],[106.24725290030119,37.33126190041645],[106.24570370026561,37.335265299953676],[106.24667200031263,37.338806500119915],[106.25035140019702,37.340346199717374],[106.25557990029222,37.33973029991347],[106.25654820033924,37.3429635002654],[106.24977040038374,37.34527280009968],[106.2501576997181,37.35420139977481],[106.25869950008195,37.35011619970288],[106.26160419967414,37.352117399898134],[106.2583121998482,37.35658149963655],[106.26780109964108,37.36135310006557],[106.29820420036361,37.35812070011025],[106.31001689976017,37.34996229962047],[106.32182960005605,37.33595230015857],[106.33538519996705,37.32994720040301],[106.40200110007078,37.35488820033021],[106.41342650013291,37.36135310006557],[106.41768680000587,37.36181480031286],[106.41962330027513,37.355965800381455],[106.44034389965128,37.356427499729364],[106.45060739991163,37.36412360012412],[106.44111850011876,37.36997200020767],[106.46416299982263,37.38720690017834],[106.46338840025453,37.39213039969826],[106.4593217001364,37.39536129958435],[106.45990260012496,37.40182270005761],[106.43492169997654,37.42504820001449],[106.45486769978459,37.4402715998545],[106.45699789963345,37.447344099550605],[106.445959799805,37.467020399871615],[106.45661060029903,37.472246100377276],[106.47307089980222,37.46686670033802],[106.49592169992655,37.47009440043627],[106.51005819982612,37.46379269977331],[106.52536779968426,37.4609108996184],[106.51835630010322,37.47013839976739],[106.5122528001267,37.485584399800246],[106.51039880006465,37.495178399763404],[106.50793999963133,37.49691780011642]]]}},{"type":"Feature","properties":{"shapeName":"Helan County","shapeISO":"","shapeID":"62558664B46293413850371","shapeGroup":"CHN","shapeType":"ADM3"},"geometry":{"type":"Polygon","coordinates":[[[105.88566840007667,38.702987100074665],[105.89945499984844,38.70012639981354],[105.9178110999024,38.691843999900755],[105.93186499976997,38.690053000045964],[105.93444640028122,38.68691879976285],[105.94677939974957,38.67930649999505],[105.94706619984532,38.675499999825206],[105.95624420040957,38.66878219993862],[105.97517399958048,38.66072009975284],[105.99266960042178,38.656912600436215],[106.01360710008765,38.657808499662565],[106.02594009955601,38.65355300037072],[106.04429619960996,38.6531050003955],[106.05117969958354,38.651089099882086],[106.05662919997764,38.65265700042028],[106.0850237998086,38.65153709985731],[106.11714699963437,38.636304099754454],[106.1208755996293,38.64033670027857],[106.11800739992162,38.644817100229034],[106.11858100011312,38.651313100319385],[106.13406900028417,38.674380399635766],[106.14611519965678,38.67012579966598],[106.14869650034325,38.679530399708256],[106.17967249978608,38.66967800023957],[106.20347800040946,38.66855830022541],[106.20519889990936,38.677291300053525],[106.23330669964452,38.67706740034032],[106.21611710032397,38.64059159962267],[106.23000399968493,38.61994290014479],[106.27746109994985,38.591137900094054],[106.29567600014735,38.552763500135484],[106.29471649996657,38.53175309962592],[106.27571499964756,38.51312849978052],[106.26008359987827,38.506114900282455],[106.25638100018307,38.49936960002708],[106.26378759981793,38.49943610039577],[106.29750449993281,38.5057450001317],[106.30629539991281,38.51884540009519],[106.30966510026423,38.51842829992614],[106.31223100006065,38.51580130018988],[106.31968810022573,38.51782100033893],[106.3351209000096,38.5171941998525],[106.33370800032401,38.5094536001036],[106.33979219995012,38.51119930020758],[106.35662529991771,38.508501399719876],[106.35703089955643,38.5019944000216],[106.35074380028624,38.49532809981201],[106.35621970027898,38.48151730018333],[106.3519606999264,38.4804059998371],[106.3519606999264,38.4772305998124],[106.36007300026881,38.47580170028829],[106.36737410043446,38.477548199889554],[106.38299039968723,38.47643679971861],[106.38319320040591,38.47119710036594],[106.36737410043446,38.45372890006871],[106.38542410004226,38.45198190044442],[106.39110270002965,38.45404659997064],[106.40266279964857,38.45531710010414],[106.40894979999331,38.459128599605265],[106.41726490015509,38.45690530013957],[106.41888740033335,38.454522999636765],[106.41767059961853,38.450234800095984],[106.42172670032704,38.446581600160755],[106.42598569978026,38.44769339963074],[106.42679689995703,38.45754050029393],[106.43044749995221,38.46214589971356],[106.44241320010917,38.45769929988285],[106.44525250010287,38.460875500304155],[106.43632889975896,38.465798300151505],[106.44180469992705,38.47103839970242],[106.44018229957351,38.47564289980005],[106.44565809974159,38.479294599666105],[106.44383279974397,38.48199360002468],[106.44626650009894,38.48723240005529],[106.44079069993091,38.48993110004028],[106.44383279974397,38.50326409975844],[106.43855980029463,38.50707310004361],[106.43551769958225,38.51770550040857],[106.45052549955221,38.515642600425736],[106.46208560007045,38.51707080027728],[106.46228839988981,38.521196399694134],[106.47689060022111,38.52024430003445],[106.48926190001674,38.51770550040857],[106.5002135003528,38.52183109982548],[106.51299039978716,38.52135499963356],[106.518871900318,38.51849890030405],[106.52576739994561,38.51849890030405],[106.54218799977644,38.52291539982588],[106.54226830024191,38.52794510028622],[106.53626299993755,38.54150110039552],[106.53506210013586,38.55116069960667],[106.52150330043702,38.57276709972194],[106.51891810029014,38.58502779999304],[106.52495690034073,38.597030400232825],[106.53579049973183,38.60321240023211],[106.54194069970362,38.60922009992771],[106.55018199969959,38.62947620036641],[106.55965219988917,38.63752649964829],[106.57158929980642,38.64320099962646],[106.58622840022053,38.653478600357175],[106.58851259997658,38.65733200017172],[106.59491620012261,38.68607950026876],[106.5665001001995,38.685767100071644],[106.53968489963847,38.69170270021948],[106.52807829967384,38.69982419972706],[106.49606020001829,38.69982419972706],[106.48285269979232,38.70856949958278],[106.46444229957251,38.711067899863735],[106.4572382002828,38.700761299594376],[106.43722679997688,38.69701299995006],[106.4264207000553,38.70232300020632],[106.43242410009219,38.72106090024039],[106.39560329965263,38.72262209992999],[106.3924014002045,38.75571299995505],[106.37118939957122,38.75602509977858],[106.36758739983867,38.76133069965209],[106.37762340039967,38.77537900034065],[106.35958279960659,38.771628599880046],[106.33945290013128,38.77323079966175],[106.33582740021438,38.77611619980286],[106.33279720023069,38.77646800019812],[106.32116109980495,38.771628599880046],[106.30875399979732,38.77630900006034],[106.30835379968818,38.78566890019965],[106.29994910007099,38.77911709987433],[106.28313950028775,38.78036509986953],[106.27753640018477,38.78816459981647],[106.25712479976977,38.79877059968351],[106.24071549992044,38.79877059968351],[106.22830849973752,38.81280549957421],[106.2086974002649,38.803449200320415],[106.19709080030026,38.804696800117256],[106.19268829962539,38.809998700179904],[106.13545589967009,38.819666000285736],[106.12545019996679,38.826837599875375],[106.12424949981465,38.838996600312896],[106.0954331997824,38.840243500437225],[106.08742860044958,38.8477247995599],[106.07021890038203,38.85458189993477],[106.05420979974252,38.86580119966567],[106.04580510012534,38.86860580021755],[106.03700009967491,38.86860580021755],[106.01338669963656,38.8751492998004],[106.00224370018668,38.87162000036278],[105.99688220025342,38.85820239962112],[105.94993030044304,38.833245100381134],[105.93897679983951,38.82048150012116],[105.93999399962343,38.80295529984727],[105.93248680002586,38.798684200015884],[105.93608140013657,38.7914979999328],[105.92805059995527,38.790156699771956],[105.90249630016416,38.77910610026635],[105.8976482996294,38.767350300076316],[105.90768680030567,38.75795740021391],[105.90195049981577,38.74945790036185],[105.90663449998226,38.720844999996814],[105.88566840007667,38.702987100074665]]]}},{"type":"Feature","properties":{"shapeName":"Haiyuan County","shapeISO":"","shapeID":"62558664B24074764600185","shapeGroup":"CHN","shapeType":"ADM3"},"geometry":{"type":"Polygon","coordinates":[[[105.1991272001602,36.70601650006148],[105.20139030002241,36.68939349971032],[105.22558800038598,36.6612725995509],[105.22993269983431,36.6501669003822],[105.21839560037671,36.62479479964037],[105.23521769983705,36.62224269994073],[105.24089679984752,36.60975690026078],[105.26403830042727,36.59892010018251],[105.27266269992373,36.57437129999556],[105.26612199993042,36.55666940007279],[105.24462129983317,36.54238129965728],[105.28224949991454,36.520385699940164],[105.31816100032995,36.53276819989259],[105.35024260021589,36.50296779962429],[105.3674468998546,36.45009609985516],[105.35983129957486,36.436828999758575],[105.36582160008686,36.43203690018282],[105.38856219998559,36.43860699991319],[105.40071760043696,36.42408540042095],[105.39703420036813,36.40600369971105],[105.40403270024899,36.38228359960851],[105.42040870000159,36.376329399682106],[105.42023989995147,36.36775149963205],[105.40359429963729,36.362039200248944],[105.40808450039941,36.35262330022516],[105.42576509987953,36.339865899891436],[105.427049199561,36.32788920012655],[105.44831849959911,36.32263180031737],[105.48138529959198,36.28109550005735],[105.46296799977341,36.26505959962088],[105.47133349974126,36.246948199699716],[105.46223130033428,36.22465809989143],[105.48771670036547,36.18857959986872],[105.51274130037075,36.20373140018404],[105.53314229957755,36.218250399736235],[105.56526929993828,36.23065940001135],[105.57736180000711,36.23706040021733],[105.59456630019469,36.23790340042166],[105.60520929996926,36.2346079004343],[105.60913830039232,36.229926900406156],[105.61769029996742,36.2180593999214],[105.62255080017934,36.20651640001188],[105.63468929967149,36.18582139983778],[105.6370008001469,36.18475390007251],[105.6407162997175,36.17868439986523],[105.65715729976961,36.167090900324865],[105.66668680035559,36.157779399899425],[105.67707079987758,36.15377789973036],[105.68306730031571,36.152610899873196],[105.6928022995865,36.155475399769955],[105.70290379957078,36.16776639999944],[105.72068780040172,36.17871490037243],[105.7627792998249,36.189807900214475],[105.76756280008323,36.190425899935406],[105.77274329976353,36.188537400080975],[105.77880879978636,36.174964900110126],[105.7767027997944,36.166625899565645],[105.76660129981019,36.15411389993659],[105.76690680040855,36.14815540035147],[105.77944929964553,36.14054490012711],[105.79039780001852,36.13081340011837],[105.79807279962006,36.1299243995914],[105.80928779969224,36.13145440000062],[105.81812279972746,36.135425399662495],[105.85501080020833,36.165363399801095],[105.85855880014856,36.173515399815926],[105.87066630000982,36.19113939956367],[105.87843330025669,36.21091839976441],[105.88730580022258,36.21442390044268],[105.89695730013938,36.21359640005386],[105.89968880019802,36.19852840036543],[105.90371679979052,36.191314899563],[105.91546630022964,36.182288899713],[105.92996979996633,36.17495739976425],[105.96441630027209,36.17515940008627],[105.97283930019358,36.176349400104755],[105.98538979979946,36.17974090002258],[106.00103780015439,36.1891973999401],[105.99614730035768,36.20832839993574],[105.99503330024669,36.22550889991584],[105.98892229992424,36.246436900042966],[105.97003600006144,36.28176989986105],[105.96747720041253,36.28286559966773],[105.96438009986178,36.28794410004025],[105.9580687998353,36.30445490007361],[105.9628373003012,36.31677990007239],[105.99365979985993,36.3407324002801],[106.0003507999495,36.34875489971893],[106.00907080007744,36.355689900268715],[106.02246830007203,36.37150190009265],[106.0298382999976,36.388957900186995],[106.0428313002244,36.40153890030007],[106.04453280044845,36.407562400184645],[106.04572279956761,36.4121933997057],[106.0445708004022,36.43029790002811],[106.04052730009488,36.44922639967865],[106.03159329999085,36.4643284000357],[106.02478029967114,36.47008490019806],[106.02055379991799,36.48142989996995],[106.02086629993983,36.486263399836105],[106.02828979963459,36.49728790011653],[106.03343979970703,36.513984400259915],[106.02581030040511,36.53670889959608],[106.02626779991908,36.55072790037235],[106.03395079988957,36.55625089965935],[106.03816229985034,36.557304399678344],[106.04699679986248,36.55643440002757],[106.05799880000467,36.55218840027453],[106.08270279979445,36.55227289967462],[106.10756679976805,36.560622899827024],[106.12513729974665,36.56139739957041],[106.14003729978162,36.56460940020372],[106.14742280042196,36.56460940020372],[106.1683273003647,36.571033399671705],[106.16497779968574,36.577815400360464],[106.14846780004899,36.587146899909555],[106.14691929968598,36.598460900050554],[106.14243329965711,36.60456440002707],[106.14837630032605,36.61724840039341],[106.14759080007542,36.62253240035005],[106.12766280019815,36.64321139978631],[106.11475380024774,36.648708399672955],[106.11416630013468,36.66151040008492],[106.10241679969562,36.67526640042411],[106.10189029969763,36.69032689976666],[106.07283779992457,36.72018389976722],[106.06314079970821,36.741424399916184],[106.06733679985348,36.758659399711576],[106.05361180004462,36.769431900062216],[106.04277030010934,36.783164900240024],[106.02533730017632,36.79550189989283],[106.02761079979865,36.810511899604535],[106.02422330006533,36.82411590012873],[106.00038129955738,36.841827400314344],[105.98632829991118,36.84055690018084],[105.97989630007424,36.845180400255344],[105.97235130017242,36.842296400358634],[105.96679680033213,36.84464639991148],[105.96691879966295,36.84915940028617],[105.98029330039554,36.86022539978245],[105.97576880038991,36.866321400312415],[105.97701280020061,36.87834139973586],[105.96135730039913,36.88838189960501],[105.95974729989803,36.89818940042056],[105.95329279992285,36.902057399829175],[105.9486238004481,36.902137899944194],[105.94779980022065,36.90666590011125],[105.95250679964914,36.90809240024413],[105.95260629974098,36.91185390013743],[105.93232729986505,36.924225399582554],[105.93068679975607,36.932811899849355],[105.92053980037156,36.93435690005094],[105.92116729963124,36.92790550003883],[105.90307260012048,36.91750649982515],[105.89725449999526,36.91590360037094],[105.89354210038766,36.920249700063664],[105.88757580008314,36.92056770033918],[105.88412859975512,36.91812970032544],[105.90405570031038,36.89631879977287],[105.90518070002935,36.88942080002994],[105.89430549979903,36.881922199749795],[105.89280549987399,36.87382290000687],[105.87930529999966,36.86122230006913],[105.86880509997542,36.857321700236355],[105.86955510038763,36.84711920009107],[105.85755500026312,36.84321789968635],[105.85605489961398,36.83631510026174],[105.83467960008352,36.82971180025942],[105.83205449971547,36.81049889990436],[105.82942950007146,36.80509449961153],[105.82342939964713,36.80329290034712],[105.8200543995909,36.82220730042661],[105.81105420039108,36.82701029978557],[105.79605399969239,36.82701029978557],[105.78292880002414,36.82070640028019],[105.76455350034382,36.8198058002975],[105.75667829996365,36.82520919964492],[105.74167810016428,36.81500239984092],[105.73455300002098,36.819205400309045],[105.73680300035824,36.82640989979711],[105.73192800037697,36.84231750025248],[105.73267799988986,36.86152240023864],[105.74317810008932,36.86542280042198],[105.74130309995815,36.881922199749795],[105.7512074002014,36.8938046002022],[105.74541309973483,36.89686419992296],[105.7303157003094,36.899278900301056],[105.72729619956004,36.90370569975829],[105.71899269975336,36.90632129968827],[105.71622479963486,36.920203000068454],[105.69408199978454,36.920806500020035],[105.68602999988462,36.9268412000614],[105.66917129981567,36.927847000039094],[105.66564859960323,36.93468559956085],[105.66162260010299,36.932875400079695],[105.65583529995916,36.936294600015856],[105.63620869977171,36.95560000013995],[105.63142780035275,36.95499679966264],[105.63293760019013,36.950170899967134],[105.62790510014031,36.948964300262276],[105.62840840032749,36.94112139993274],[105.63167949990907,36.936696900041966],[105.61809179959693,36.93609349991516],[105.61230450035248,36.93911030000038],[105.60374930009021,36.93850689987357],[105.59745869975927,36.939914700403165],[105.59393600044615,36.93549009978835],[105.58663889956563,36.932875400079695],[105.58361950043968,36.928249300065204],[105.57003180012754,36.927847000039094],[105.56952859976514,36.933076600005165],[105.56223149978393,36.93589239981446],[105.54159839994628,36.934484500359474],[105.53480460015226,36.936294600015856],[105.53203679985847,36.931869799751496],[105.5259978001584,36.93528899968766],[105.52172020002729,36.93569119988899],[105.51693940043305,36.93368000013197],[105.51492640023326,36.928249300065204],[105.49580300040822,36.91778900026219],[105.4927836003829,36.919197200090764],[105.49026729999593,36.92603660000913],[105.47114399999566,36.92885270019201],[105.45931770015181,36.92885270019201],[105.44245900008286,36.919599500116874],[105.43390379982054,36.90672370043848],[105.42358719998936,36.90229719955619],[105.41150930041397,36.90068750032793],[105.39666359964548,36.90350449983288],[105.38961810029514,36.90954050029393],[105.39490220007656,36.9137654999779],[105.40043789958946,36.92161119989703],[105.40446389998903,36.931869799751496],[105.41025120013285,36.93468559956085],[105.40043789958946,36.94353470006638],[105.39414730015784,36.944942399871934],[105.38961810029514,36.94936649956435],[105.38508890043249,36.95057300034375],[105.37754019982043,36.94755670028155],[105.3662172001637,36.950170899967134],[105.35439090031986,36.94514349997257],[105.34734549989497,36.944339099569845],[105.34256459957669,36.95399139988325],[105.33702890006373,36.958414999552645],[105.3269639997888,36.96022450026055],[105.30532440030089,36.9734933000758],[105.30104680016973,36.98977460031762],[105.2894721998822,37.01167849976298],[105.27563289983851,37.012482199593876],[105.2748779999198,37.00645430022581],[105.27060039978869,37.00665529960247],[105.26758099976337,37.012482199593876],[105.26858739958885,37.01931329966908],[105.26430990018179,37.025942799620566],[105.26280520039973,37.03758419975105],[105.25667169993903,37.03246880019503],[105.24044600028276,37.00655859999944],[105.2348081998386,36.999969899591235],[105.22779539983787,36.995027999942295],[105.21734499977197,36.99360020028905],[105.19768160022574,36.985802200411285],[105.16976929961356,36.98283389986466],[105.18710330037709,36.88886259982917],[105.19656369975502,36.88348390036174],[105.22416689978263,36.89878459962961],[105.27253720043154,36.87191390010645],[105.27082819986157,36.85255429964127],[105.29205320019508,36.84554289988495],[105.30812840010566,36.80939869989015],[105.33540940002388,36.806490900334836],[105.33897649976569,36.76117400037987],[105.30623270027894,36.739727600448475],[105.28266710010666,36.7461561999487],[105.26904520037573,36.74026229956553],[105.24131080005344,36.73948950044013],[105.2337361998658,36.73175349982421],[105.22509419973761,36.73333659980432],[105.21593749961596,36.727563300306144],[105.1991272001602,36.70601650006148]]]}},{"type":"Feature","properties":{"shapeName":"Dawukou District","shapeISO":"","shapeID":"62558664B63813817021264","shapeGroup":"CHN","shapeType":"ADM3"},"geometry":{"type":"Polygon","coordinates":[[[106.50775390022238,39.27069059969148],[106.43535089962438,39.28597560039367],[106.28266140000369,39.271354699559765],[106.27546690007745,39.261283899732234],[106.28441000042125,39.219429000248226],[106.28409150012271,39.207090600350966],[106.27421820040968,39.20388230042789],[106.27835859996947,39.18857900032066],[106.28695790028695,39.184629200377344],[106.29244520008598,39.15814060030851],[106.283164499642,39.153517000409295],[106.27636249982959,39.138466599553965],[106.25452879966446,39.13622649985314],[106.25075659963744,39.127159699560536],[106.22644440028893,39.13647349955244],[106.21434170010946,39.13177970037293],[106.19905410036648,39.134003099663346],[106.19491369990737,39.13993199986197],[106.17586040043722,39.14422320044042],[106.17230070031712,39.153517000409295],[106.16241499985244,39.156267399720775],[106.14286109995987,39.155953700003295],[106.11613990013632,39.12460859990699],[106.1016858001596,39.12033929961905],[106.1074861000036,39.10667370003131],[106.0918732001881,39.08381269979628],[106.08752780016789,39.070205299834754],[106.12179909994859,39.059096700352484],[106.12289560015188,39.05271069993893],[106.11412360032398,39.04738860020382],[106.12218039990557,39.03225849963013],[106.12866309992216,39.02892880022398],[106.12612180018101,39.026483700062784],[106.13445249998296,39.02473830033233],[106.14156949993253,39.0251639998188],[106.14353899992494,39.02085370033808],[106.14736519974423,39.02125279967703],[106.15042099982935,39.01876160026768],[106.1491001997145,39.01455590003479],[106.15382360007914,39.01332399970289],[106.15515229983885,39.01146770007438],[106.15729970012114,39.012850100152036],[106.16176029969813,39.01181619995771],[106.16852340023479,39.007272899624695],[106.16755029960672,39.004985300431315],[106.17355330034462,39.00390809967911],[106.17694559975968,38.99938320037444],[106.17660670013913,38.994560499567456],[106.1839931999263,38.99596970034145],[106.18370119995046,38.99229789972833],[106.18867610022193,38.99139169966725],[106.1895710003015,38.98859560040671],[106.19209859977065,38.989076199906776],[106.19283020005378,38.986684700238754],[106.19651500036701,38.987655700050595],[106.19839380013383,38.982435499798555],[106.20400849969258,38.9825277999181],[106.20768529963692,38.979802200311326],[106.21202780024282,38.98054730031771],[106.21643649994456,38.97671029964067],[106.21637690007395,38.97206399995366],[106.21856890043449,38.968835299809314],[106.22602820034126,38.96399529964344],[106.22899900010384,38.959742099918],[106.24029229964998,38.957143900071],[106.23941490037743,38.953580599964766],[106.24506569962239,38.953770400083954],[106.24583369996532,38.95219269963343],[106.24306300025734,38.947627400084514],[106.24995749983879,38.946957600313056],[106.24910280035402,38.943282599912095],[106.25273169970825,38.94051230040242],[106.2490275001191,38.938458899958334],[106.27016199987645,38.90806679974304],[106.35478309986024,38.86621080038816],[106.36072999998959,38.855339700167065],[106.4795884998095,38.98211360006263],[106.47321549999538,38.99317379983103],[106.47515770016781,39.00641009994621],[106.46649229967994,39.02022439973632],[106.47276730037066,39.026840399964556],[106.47306610012049,39.05093369983041],[106.44893740024088,39.06775530016699],[106.4330259003251,39.07320700030289],[106.4261533999595,39.08480480040129],[106.42595399957747,39.093370699897946],[106.43634029956525,39.097263999933716],[106.44859129974873,39.116740700223204],[106.45217700016849,39.11836349987567],[106.45785439956097,39.12554979978347],[106.463531700028,39.14687249976612],[106.46651980004879,39.15034849998335],[106.46831260034628,39.16147029971461],[106.46203770037965,39.16842049970637],[106.45098180026991,39.17305360004366],[106.45665909983762,39.195751400306904],[106.46920899959571,39.21520089970181],[106.47906969980687,39.22237729987256],[106.48056370035454,39.23163610002604],[106.48922909994309,39.24112509964368],[106.49132079981513,39.24783599993151],[106.49699810028216,39.25315799984185],[106.50775390022238,39.27069059969148]]]}}]}